{
"type": "FeatureCollection",
"name": "green-line",
"crs": { "type": "name", "properties": { "name": "urn:ogc:def:crs:OGC:1.3:CRS84" } },
"features": [
{ "type": "Feature", "properties": { "OBJECTID": 1 }, "geometry": { "type": "Polygon", "coordinates": [ [ [ 110.22525714367876, 25.294909447001785, 0.0 ], [ 110.225228263236829, 25.29479568849635, 0.0 ], [ 110.225143275854933, 25.294702897566598, 0.0 ], [ 110.225058288601957, 25.294610106589783, 0.0 ], [ 110.224742138159627, 25.294685581374306, 0.0 ], [ 110.224610254132145, 25.294697453354221, 0.0 ], [ 110.224479030121515, 25.294716109215507, 0.0 ], [ 110.224347806073922, 25.294734764959035, 0.0 ], [ 110.224237228067892, 25.294784239082382, 0.0 ], [ 110.224158779545107, 25.29488167311526, 0.0 ], [ 110.224080330895916, 25.294979107102172, 0.0 ], [ 110.224001882120206, 25.295076541043105, 0.0 ], [ 110.223923433218033, 25.295173974938063, 0.0 ], [ 110.223876743465951, 25.295281485041954, 0.0 ], [ 110.22387147206075, 25.295402135930466, 0.0 ], [ 110.223866200641609, 25.295522786816598, 0.0 ], [ 110.223860929208627, 25.295643437700335, 0.0 ], [ 110.22385565776186, 25.295764088581677, 0.0 ], [ 110.223850386301166, 25.295884739460632, 0.0 ], [ 110.223845114826617, 25.296005390337196, 0.0 ], [ 110.223839843338283, 25.296126041211373, 0.0 ], [ 110.223901320742641, 25.296445201942138, 0.0 ], [ 110.224021046907495, 25.296497480614288, 0.0 ], [ 110.22413196775976, 25.296563676757199, 0.0 ], [ 110.22424187826843, 25.296631469930595, 0.0 ], [ 110.224303203507105, 25.296738142903074, 0.0 ], [ 110.224407749752956, 25.296806017311127, 0.0 ], [ 110.224526218844176, 25.296844167153896, 0.0 ], [ 110.224649091371603, 25.296798316230859, 0.0 ], [ 110.224766516689698, 25.296743588206283, 0.0 ], [ 110.22487565071269, 25.296675258995609, 0.0 ], [ 110.224997028250698, 25.296626227878907, 0.0 ], [ 110.225101880074732, 25.296555235711395, 0.0 ], [ 110.225187291030252, 25.296465326610434, 0.0 ], [ 110.225225794180574, 25.296349765338647, 0.0 ], [ 110.225264297255094, 25.296234204053285, 0.0 ], [ 110.225277150228237, 25.296115621096625, 0.0 ], [ 110.225272319506502, 25.295994954939275, 0.0 ], [ 110.22526784716473, 25.29587427846349, 0.0 ], [ 110.225264270493497, 25.295753576202173, 0.0 ], [ 110.225260693825931, 25.295632873938985, 0.0 ], [ 110.225257117162016, 25.29551217167392, 0.0 ], [ 110.225253540501782, 25.295391469406979, 0.0 ], [ 110.225249963845201, 25.295270767138163, 0.0 ], [ 110.225250459591123, 25.295150023069542, 0.0 ], [ 110.225251037742225, 25.295029278153098, 0.0 ], [ 110.22525714367876, 25.294909447001785, 0.0 ] ] ] } },
{ "type": "Feature", "properties": { "OBJECTID": 2 }, "geometry": { "type": "Polygon", "coordinates": [ [ [ 110.235548852508742, 25.293573454218251, 0.0 ], [ 110.235263591079175, 25.293179332523941, 0.0 ], [ 110.234178795744029, 25.293404241866639, 0.0 ], [ 110.233611994097615, 25.293548265537925, 0.0 ], [ 110.233308416107306, 25.293874285172354, 0.0 ], [ 110.23307923170718, 25.294342481454915, 0.0 ], [ 110.232864129743561, 25.294867819289131, 0.0 ], [ 110.232377673731278, 25.295073415105328, 0.0 ], [ 110.231915040611213, 25.295456761219132, 0.0 ], [ 110.231412232611703, 25.295797075753782, 0.0 ], [ 110.231300046998683, 25.296332353599183, 0.0 ], [ 110.230737083891768, 25.296354119828663, 0.0 ], [ 110.230459040398998, 25.295848662697296, 0.0 ], [ 110.229920171573383, 25.295644134543235, 0.0 ], [ 110.229299493552105, 25.295650071375597, 0.0 ], [ 110.228683932825291, 25.295751796966734, 0.0 ], [ 110.228097483792325, 25.295954097757615, 0.0 ], [ 110.227551424390171, 25.296236661736877, 0.0 ], [ 110.227035210409653, 25.296558481014838, 0.0 ], [ 110.226652983511158, 25.297007478011977, 0.0 ], [ 110.226358270413002, 25.297100172341569, 0.0 ], [ 110.226306351893811, 25.297456906660997, 0.0 ], [ 110.226242020020763, 25.29795376290836, 0.0 ], [ 110.226270590800937, 25.29851846162396, 0.0 ], [ 110.226566533501355, 25.299018240113082, 0.0 ], [ 110.227015469065933, 25.299409454448902, 0.0 ], [ 110.227581019303202, 25.299658392909073, 0.0 ], [ 110.227935165836328, 25.300090586290995, 0.0 ], [ 110.228145006442091, 25.300615186261602, 0.0 ], [ 110.228653632628095, 25.300755842833471, 0.0 ], [ 110.228956860720857, 25.300258232084214, 0.0 ], [ 110.229306257542177, 25.299783505067658, 0.0 ], [ 110.22968114293549, 25.299325816577579, 0.0 ], [ 110.230204339654506, 25.299026352942441, 0.0 ], [ 110.230810062099991, 25.29888261898828, 0.0 ], [ 110.231436564877697, 25.298840705862851, 0.0 ], [ 110.23164223940978, 25.29834314361527, 0.0 ], [ 110.231833703480049, 25.297799274624857, 0.0 ], [ 110.23199570858057, 25.297248485975498, 0.0 ], [ 110.232060144349603, 25.296680424179073, 0.0 ], [ 110.232199960875164, 25.296123668922601, 0.0 ], [ 110.232548205623829, 25.295686924162755, 0.0 ], [ 110.233147512429568, 25.29551723463311, 0.0 ], [ 110.233726788384061, 25.295295713208681, 0.0 ], [ 110.234306062285853, 25.295074189453132, 0.0 ], [ 110.234885334135043, 25.294852663366509, 0.0 ], [ 110.235464603931547, 25.294631134948883, 0.0 ], [ 110.235573392944957, 25.294144199009157, 0.0 ], [ 110.235548852508742, 25.293573454218251, 0.0 ] ] ] } },
{ "type": "Feature", "properties": { "OBJECTID": 3 }, "geometry": { "type": "Polygon", "coordinates": [ [ [ 110.215356383166821, 25.297174862304296, 0.0 ], [ 110.215369687123712, 25.296714012674116, 0.0 ], [ 110.215526167486217, 25.296524869861202, 0.0 ], [ 110.215318804756166, 25.296334106508553, 0.0 ], [ 110.214929514712168, 25.296038669173619, 0.0 ], [ 110.214540226564452, 25.295743230844582, 0.0 ], [ 110.21415094031309, 25.295447791521465, 0.0 ], [ 110.213761655957811, 25.295152351204315, 0.0 ], [ 110.213372373498927, 25.294856909893188, 0.0 ], [ 110.212983092936241, 25.29456146758811, 0.0 ], [ 110.212593814269653, 25.294266024289119, 0.0 ], [ 110.212204537499147, 25.293970579996266, 0.0 ], [ 110.211797310427599, 25.293696330480532, 0.0 ], [ 110.211393095255303, 25.293418035519885, 0.0 ], [ 110.210973537631048, 25.293159810518794, 0.0 ], [ 110.210504722237232, 25.292987251601097, 0.0 ], [ 110.2100041958346, 25.292921646669964, 0.0 ], [ 110.20950090611926, 25.292967066791686, 0.0 ], [ 110.209069653885734, 25.293198854492964, 0.0 ], [ 110.208636737860374, 25.293438617694186, 0.0 ], [ 110.208183857533498, 25.293645695969801, 0.0 ], [ 110.207713694170053, 25.293818017532875, 0.0 ], [ 110.207323389042656, 25.294060684717763, 0.0 ], [ 110.207086822990917, 25.294468453937558, 0.0 ], [ 110.206850255498182, 25.294876222799111, 0.0 ], [ 110.206613686014535, 25.295283991038687, 0.0 ], [ 110.206377114880027, 25.295691758819434, 0.0 ], [ 110.207137891629586, 25.296206837967549, 0.0 ], [ 110.207473719253656, 25.296552247588085, 0.0 ], [ 110.207866230130662, 25.296839726153937, 0.0 ], [ 110.208275977915946, 25.297079043044228, 0.0 ], [ 110.208713602302666, 25.297295895240143, 0.0 ], [ 110.208975654848743, 25.297671024267537, 0.0 ], [ 110.209202784830964, 25.298081646811273, 0.0 ], [ 110.209452546284055, 25.298480205901388, 0.0 ], [ 110.209723623816544, 25.298869822008704, 0.0 ], [ 110.209968602158312, 25.299273358552917, 0.0 ], [ 110.210285135187291, 25.299617696209705, 0.0 ], [ 110.210755984579251, 25.299557829126226, 0.0 ], [ 110.211250101024874, 25.299456291515384, 0.0 ], [ 110.21175488243793, 25.299412799773972, 0.0 ], [ 110.212260222929743, 25.299374198157896, 0.0 ], [ 110.2127581215818, 25.299290106377104, 0.0 ], [ 110.213230976348441, 25.299125297019099, 0.0 ], [ 110.213663101826796, 25.298885250968606, 0.0 ], [ 110.214040159988301, 25.298577929686861, 0.0 ], [ 110.214370726652419, 25.298228365004558, 0.0 ], [ 110.214699280725426, 25.297877198231738, 0.0 ], [ 110.21502783289688, 25.297526030664969, 0.0 ], [ 110.215356383166821, 25.297174862304296, 0.0 ] ] ] } },
{ "type": "Feature", "properties": { "OBJECTID": 4 }, "geometry": { "type": "Polygon", "coordinates": [ [ [ 110.218251580032401, 25.297736687119237, 0.0 ], [ 110.217796109890102, 25.29739104370713, 0.0 ], [ 110.217340642343629, 25.297045398933907, 0.0 ], [ 110.216885177392868, 25.296699752799615, 0.0 ], [ 110.216621655856088, 25.296685208918017, 0.0 ], [ 110.217036955520626, 25.297050098173006, 0.0 ], [ 110.217492422161925, 25.2973957439008, 0.0 ], [ 110.21794789139912, 25.297741388267504, 0.0 ], [ 110.218399841135593, 25.298090790177113, 0.0 ], [ 110.21883397656633, 25.298458347978347, 0.0 ], [ 110.219247883609469, 25.298844711107293, 0.0 ], [ 110.219641308108407, 25.299248392800653, 0.0 ], [ 110.220028757744899, 25.299656874519112, 0.0 ], [ 110.220416209968704, 25.300065355258937, 0.0 ], [ 110.220695465995092, 25.300083317686966, 0.0 ], [ 110.220308012996711, 25.299674837471681, 0.0 ], [ 110.219920562585727, 25.299266356277734, 0.0 ], [ 110.219531313169185, 25.298859305122651, 0.0 ], [ 110.219124660695627, 25.298466624794422, 0.0 ], [ 110.218697755072839, 25.29809213153192, 0.0 ], [ 110.218251580032401, 25.297736687119237, 0.0 ] ] ] } },
{ "type": "Feature", "properties": { "OBJECTID": 5 }, "geometry": { "type": "Polygon", "coordinates": [ [ [ 110.215366420215787, 25.295547164706459, 0.0 ], [ 110.215120210551603, 25.295360312115079, 0.0 ], [ 110.214874001645867, 25.295173459126062, 0.0 ], [ 110.214627793498607, 25.294986605739403, 0.0 ], [ 110.214381586109923, 25.294799751955122, 0.0 ], [ 110.214135379479643, 25.294612897773234, 0.0 ], [ 110.21388917360791, 25.294426043193738, 0.0 ], [ 110.213642968494597, 25.294239188216647, 0.0 ], [ 110.213638101029048, 25.294443411997783, 0.0 ], [ 110.213863890032812, 25.294642022198904, 0.0 ], [ 110.214110096266907, 25.294828876851135, 0.0 ], [ 110.214356303259564, 25.295015731105753, 0.0 ], [ 110.21460251101081, 25.295202584962759, 0.0 ], [ 110.21484871952039, 25.295389438422134, 0.0 ], [ 110.21509492878856, 25.295576291483869, 0.0 ], [ 110.215341138815248, 25.295763144147958, 0.0 ], [ 110.215587349600526, 25.295949996414393, 0.0 ], [ 110.215833561144251, 25.296136848283147, 0.0 ], [ 110.215854641235694, 25.295990969331189, 0.0 ], [ 110.215366420215787, 25.295547164706459, 0.0 ] ] ] } },
{ "type": "Feature", "properties": { "OBJECTID": 6 }, "geometry": { "type": "Polygon", "coordinates": [ [ [ 110.213400066203135, 25.294054839247011, 0.0 ], [ 110.213243301026111, 25.293935862775367, 0.0 ], [ 110.213086536156524, 25.293816886142544, 0.0 ], [ 110.212929771594446, 25.293697909348541, 0.0 ], [ 110.212773007339848, 25.293578932393363, 0.0 ], [ 110.212616243392816, 25.293459955277008, 0.0 ], [ 110.212459479753193, 25.293340977999481, 0.0 ], [ 110.212302716421064, 25.293222000560785, 0.0 ], [ 110.212145930106274, 25.29310304833492, 0.0 ], [ 110.21198885464662, 25.292984412171567, 0.0 ], [ 110.211901532557292, 25.293088318890305, 0.0 ], [ 110.212112060675366, 25.293273894549912, 0.0 ], [ 110.212255886485124, 25.29340555906531, 0.0 ], [ 110.212406179339837, 25.293531246156231, 0.0 ], [ 110.212560464647609, 25.293652790370441, 0.0 ], [ 110.212717228834492, 25.293771767489424, 0.0 ], [ 110.212873993328941, 25.293890744447225, 0.0 ], [ 110.213030758130898, 25.29400972124386, 0.0 ], [ 110.213199202124798, 25.294088320750642, 0.0 ], [ 110.213400066203135, 25.294054839247011, 0.0 ] ] ] } },
{ "type": "Feature", "properties": { "OBJECTID": 7 }, "geometry": { "type": "Polygon", "coordinates": [ [ [ 110.189509981188067, 25.28709773383099, 0.0 ], [ 110.188949832566365, 25.287061907969939, 0.0 ], [ 110.188976855336037, 25.287244610454476, 0.0 ], [ 110.189537004843729, 25.287280435750475, 0.0 ], [ 110.190097154744095, 25.287316258927362, 0.0 ], [ 110.190657305036922, 25.287352079985126, 0.0 ], [ 110.191217455722068, 25.287387898923754, 0.0 ], [ 110.191777606799562, 25.287423715743238, 0.0 ], [ 110.192337758269403, 25.287459530443556, 0.0 ], [ 110.192897910131393, 25.287495343024712, 0.0 ], [ 110.193458062385517, 25.287531153486682, 0.0 ], [ 110.194018215051642, 25.287566961572995, 0.0 ], [ 110.19399118464824, 25.287384259765926, 0.0 ], [ 110.193431032846746, 25.28734845139234, 0.0 ], [ 110.192870881437329, 25.287312640899568, 0.0 ], [ 110.192310730420061, 25.287276828287649, 0.0 ], [ 110.191750579795084, 25.287241013556567, 0.0 ], [ 110.191190429562226, 25.287205196706356, 0.0 ], [ 110.190630279719514, 25.287169377766688, 0.0 ], [ 110.190070130259429, 25.287133556834537, 0.0 ], [ 110.189509981188067, 25.28709773383099, 0.0 ] ] ] } },
{ "type": "Feature", "properties": { "OBJECTID": 8 }, "geometry": { "type": "Polygon", "coordinates": [ [ [ 110.188622342838059, 25.287674370252713, 0.0 ], [ 110.188516250447861, 25.287848558337792, 0.0 ], [ 110.189115223574532, 25.287886868434867, 0.0 ], [ 110.189714197150025, 25.287925176108867, 0.0 ], [ 110.190313171174395, 25.287963481359775, 0.0 ], [ 110.190912145681807, 25.288001783743884, 0.0 ], [ 110.191511120616909, 25.288040083976313, 0.0 ], [ 110.192110096073321, 25.288078380846006, 0.0 ], [ 110.192709071880998, 25.288116676548331, 0.0 ], [ 110.193308048137098, 25.288154969827485, 0.0 ], [ 110.193907024841565, 25.288193260683478, 0.0 ], [ 110.194013109923276, 25.288019069029669, 0.0 ], [ 110.193414134004541, 25.287980778910875, 0.0 ], [ 110.192815158538835, 25.287942486309511, 0.0 ], [ 110.192216183521396, 25.287904191285005, 0.0 ], [ 110.191617208952579, 25.287865893837374, 0.0 ], [ 110.191018234832185, 25.287827593966625, 0.0 ], [ 110.1904192611605, 25.287789291672762, 0.0 ], [ 110.189820287937536, 25.287750986955817, 0.0 ], [ 110.189221315163365, 25.287712679815805, 0.0 ], [ 110.188622342838059, 25.287674370252713, 0.0 ] ] ] } },
{ "type": "Feature", "properties": { "OBJECTID": 9 }, "geometry": { "type": "Polygon", "coordinates": [ [ [ 110.194682965583979, 25.288061887840442, 0.0 ], [ 110.194597115279336, 25.288237373603401, 0.0 ], [ 110.195094751096136, 25.288269181643408, 0.0 ], [ 110.195592387222248, 25.288300988010796, 0.0 ], [ 110.196090023667651, 25.288332792576057, 0.0 ], [ 110.196587660427781, 25.288364595397955, 0.0 ], [ 110.197085297497097, 25.288396396547213, 0.0 ], [ 110.197582934722362, 25.288428197967782, 0.0 ], [ 110.198080481609793, 25.288461137079864, 0.0 ], [ 110.198577549961058, 25.288499530407684, 0.0 ], [ 110.19907350037731, 25.288548345904015, 0.0 ], [ 110.199154443858504, 25.28838315798615, 0.0 ], [ 110.198663245878265, 25.288325670774302, 0.0 ], [ 110.198166286900658, 25.28828614259146, 0.0 ], [ 110.197668779839503, 25.288252724348226, 0.0 ], [ 110.197171144394758, 25.288220909092519, 0.0 ], [ 110.196673508008146, 25.288189108265541, 0.0 ], [ 110.196175871930635, 25.288157305765939, 0.0 ], [ 110.19567823616525, 25.288125501556788, 0.0 ], [ 110.195180600719965, 25.288093695534911, 0.0 ], [ 110.194682965583979, 25.288061887840442, 0.0 ] ] ] } },
{ "type": "Feature", "properties": { "OBJECTID": 10 }, "geometry": { "type": "Polygon", "coordinates": [ [ [ 110.181389903323094, 25.287211598787078, 0.0 ], [ 110.181421188127317, 25.287394575541157, 0.0 ], [ 110.182099054623549, 25.287437964252003, 0.0 ], [ 110.182776921695805, 25.287481349859554, 0.0 ], [ 110.183454789344111, 25.287524732363806, 0.0 ], [ 110.184132657568256, 25.287568111764731, 0.0 ], [ 110.184810526368082, 25.287611488062314, 0.0 ], [ 110.185488395743619, 25.287654861256534, 0.0 ], [ 110.186166265694609, 25.287698231347377, 0.0 ], [ 110.186844136221083, 25.287741598334822, 0.0 ], [ 110.187522007322798, 25.28778496221884, 0.0 ], [ 110.187490713299212, 25.287601985790989, 0.0 ], [ 110.186812843221901, 25.287558621870613, 0.0 ], [ 110.186134973719803, 25.287515254846845, 0.0 ], [ 110.18545710479313, 25.287471884719704, 0.0 ], [ 110.184779236442054, 25.287428511489207, 0.0 ], [ 110.184101368666475, 25.287385135155375, 0.0 ], [ 110.183423501466791, 25.287341755718231, 0.0 ], [ 110.182745634842874, 25.287298373177784, 0.0 ], [ 110.182067768794951, 25.287254987534059, 0.0 ], [ 110.181389903323094, 25.287211598787078, 0.0 ] ] ] } },
{ "type": "Feature", "properties": { "OBJECTID": 11 }, "geometry": { "type": "Polygon", "coordinates": [ [ [ 110.188212847952286, 25.287014769772622, 0.0 ], [ 110.187538848133386, 25.286971656584726, 0.0 ], [ 110.18686484888309, 25.286928540328805, 0.0 ], [ 110.186190850201541, 25.286885421004904, 0.0 ], [ 110.185516852088824, 25.286842298613024, 0.0 ], [ 110.184842854545067, 25.286799173153174, 0.0 ], [ 110.18416885757037, 25.286756044625395, 0.0 ], [ 110.183494861164831, 25.286712913029692, 0.0 ], [ 110.18282086532858, 25.286669778366086, 0.0 ], [ 110.182146870061729, 25.286626640634591, 0.0 ], [ 110.181601622086006, 25.286648673309688, 0.0 ], [ 110.181646608041007, 25.286799067443038, 0.0 ], [ 110.182876514116231, 25.286854314117843, 0.0 ], [ 110.183550511000774, 25.286897448515546, 0.0 ], [ 110.184224508454577, 25.286940579845314, 0.0 ], [ 110.184898506477552, 25.286983708107137, 0.0 ], [ 110.185572505069516, 25.287026833300988, 0.0 ], [ 110.186246504230496, 25.287069955426858, 0.0 ], [ 110.186920503960295, 25.287113074484722, 0.0 ], [ 110.188050775438626, 25.287221888252272, 0.0 ], [ 110.188212847952286, 25.287014769772622, 0.0 ] ] ] } },
{ "type": "Feature", "properties": { "OBJECTID": 12 }, "geometry": { "type": "Polygon", "coordinates": [ [ [ 110.195830831228832, 25.287501846596083, 0.0 ], [ 110.19531486292621, 25.287468869152303, 0.0 ], [ 110.194798894956151, 25.287435889910462, 0.0 ], [ 110.194525212693136, 25.287600304290255, 0.0 ], [ 110.195078839376279, 25.287634756985849, 0.0 ], [ 110.195594808302445, 25.287667735124479, 0.0 ], [ 110.19611077755421, 25.287700711554013, 0.0 ], [ 110.196626747133152, 25.287733686252714, 0.0 ], [ 110.197142717044542, 25.287766659153316, 0.0 ], [ 110.197658686913272, 25.287799635065738, 0.0 ], [ 110.198174544053799, 25.287834024187244, 0.0 ], [ 110.198689853733214, 25.287874570965677, 0.0 ], [ 110.199203925486643, 25.287926415230544, 0.0 ], [ 110.199438566155322, 25.287772830562158, 0.0 ], [ 110.198925273055949, 25.287714994598556, 0.0 ], [ 110.19841038142286, 25.287670317181671, 0.0 ], [ 110.197894692599704, 25.287633932690579, 0.0 ], [ 110.197378738194018, 25.287600767325685, 0.0 ], [ 110.196862768873189, 25.287567795547243, 0.0 ], [ 110.19634679988485, 25.287534821970702, 0.0 ], [ 110.195830831228832, 25.287501846596083, 0.0 ] ] ] } },
{ "type": "Feature", "properties": { "OBJECTID": 13 }, "geometry": { "type": "Polygon", "coordinates": [ [ [ 110.204437075879, 25.289225962951633, 0.0 ], [ 110.203995502931207, 25.289032867342797, 0.0 ], [ 110.203550243012302, 25.288846918072007, 0.0 ], [ 110.203099360069118, 25.28867255758874, 0.0 ], [ 110.202642888968612, 25.288510697810729, 0.0 ], [ 110.202180915144453, 25.28836228002729, 0.0 ], [ 110.201714040299379, 25.28822715864457, 0.0 ], [ 110.201242563211068, 25.288105936494599, 0.0 ], [ 110.200767176999094, 25.287998100951128, 0.0 ], [ 110.200288130845252, 25.287904573019002, 0.0 ], [ 110.19988547275905, 25.287867677365277, 0.0 ], [ 110.199848627455907, 25.288011033501789, 0.0 ], [ 110.200753862563005, 25.288180167025772, 0.0 ], [ 110.201229042543446, 25.288288808915745, 0.0 ], [ 110.201700107809799, 25.288411371846536, 0.0 ], [ 110.202166565596428, 25.288547726140955, 0.0 ], [ 110.202627927402233, 25.288697729536775, 0.0 ], [ 110.203083710119913, 25.288861225174056, 0.0 ], [ 110.203533519192035, 25.289037872978316, 0.0 ], [ 110.204195946953689, 25.289316578515013, 0.0 ], [ 110.204437075879, 25.289225962951633, 0.0 ] ] ] } },
{ "type": "Feature", "properties": { "OBJECTID": 14 }, "geometry": { "type": "Polygon", "coordinates": [ [ [ 110.1999204648302, 25.288483400172414, 0.0 ], [ 110.199902541930584, 25.288657279099201, 0.0 ], [ 110.20093125698142, 25.288870797028071, 0.0 ], [ 110.201720175529701, 25.289079049924553, 0.0 ], [ 110.202494800365287, 25.289327733791353, 0.0 ], [ 110.203252714343421, 25.289615866278815, 0.0 ], [ 110.203995936558997, 25.289934224406782, 0.0 ], [ 110.204733469337768, 25.290263405894368, 0.0 ], [ 110.205470740395285, 25.290593076636398, 0.0 ], [ 110.206208015522307, 25.290922743775262, 0.0 ], [ 110.206945294718679, 25.291252407310775, 0.0 ], [ 110.206937226687927, 25.291059197110076, 0.0 ], [ 110.206021825038817, 25.290638308969513, 0.0 ], [ 110.205284552262697, 25.290308640715114, 0.0 ], [ 110.204547283555897, 25.289978968857604, 0.0 ], [ 110.203808733665895, 25.289651690536477, 0.0 ], [ 110.203061039068913, 25.289342169355422, 0.0 ], [ 110.202297017059848, 25.289067702460208, 0.0 ], [ 110.201517271807759, 25.288832612900809, 0.0 ], [ 110.200724255984255, 25.288637641486684, 0.0 ], [ 110.1999204648302, 25.288483400172414, 0.0 ] ] ] } },
{ "type": "Feature", "properties": { "OBJECTID": 15 }, "geometry": { "type": "Polygon", "coordinates": [ [ [ 110.176080843135438, 25.284458868903045, 0.0 ], [ 110.175966682178711, 25.284873158437424, 0.0 ], [ 110.176007373594544, 25.285449242501404, 0.0 ], [ 110.176048065312443, 25.286025326519326, 0.0 ], [ 110.176384434346204, 25.286438674938683, 0.0 ], [ 110.177017810659748, 25.286479237916982, 0.0 ], [ 110.177651187476854, 25.286519798186117, 0.0 ], [ 110.178284564797551, 25.286560355746076, 0.0 ], [ 110.178917942621794, 25.286600910596853, 0.0 ], [ 110.179551320949429, 25.286641462738423, 0.0 ], [ 110.180184699780298, 25.286682012170761, 0.0 ], [ 110.180810755849578, 25.286698260830921, 0.0 ], [ 110.180679214051509, 25.286532695095698, 0.0 ], [ 110.180045835776539, 25.286492147664916, 0.0 ], [ 110.179450355451394, 25.286336620723429, 0.0 ], [ 110.17889683347849, 25.286053800664202, 0.0 ], [ 110.178343314116503, 25.285770978581645, 0.0 ], [ 110.177789797365307, 25.285488154475832, 0.0 ], [ 110.177236283225, 25.285205328346869, 0.0 ], [ 110.176682771695482, 25.284922500194813, 0.0 ], [ 110.176080843135438, 25.284458868903045, 0.0 ] ] ] } },
{ "type": "Feature", "properties": { "OBJECTID": 16 }, "geometry": { "type": "Polygon", "coordinates": [ [ [ 110.179265345857615, 25.281500712631395, 0.0 ], [ 110.178628040805194, 25.281496416573063, 0.0 ], [ 110.177983993580042, 25.281508453524111, 0.0 ], [ 110.177339946313154, 25.281520487660423, 0.0 ], [ 110.176695899004585, 25.281532518981983, 0.0 ], [ 110.176051851654449, 25.281544547488792, 0.0 ], [ 110.175763226136965, 25.281992701047169, 0.0 ], [ 110.175804509859731, 25.282577190075592, 0.0 ], [ 110.175845793893174, 25.283161679056601, 0.0 ], [ 110.175924166762385, 25.284134516228065, 0.0 ], [ 110.176184494687121, 25.284186040902849, 0.0 ], [ 110.176262346458685, 25.283706939507073, 0.0 ], [ 110.176221060278436, 25.283122450632924, 0.0 ], [ 110.176179774409022, 25.282537961711363, 0.0 ], [ 110.176671815684571, 25.281848957846002, 0.0 ], [ 110.17731586466509, 25.281836926703061, 0.0 ], [ 110.177959913603871, 25.281824892745338, 0.0 ], [ 110.178603962500986, 25.281812855972827, 0.0 ], [ 110.179248011356236, 25.281800816385537, 0.0 ], [ 110.179265345857615, 25.281500712631395, 0.0 ] ] ] } },
{ "type": "Feature", "properties": { "OBJECTID": 17 }, "geometry": { "type": "Polygon", "coordinates": [ [ [ 110.174988193400281, 25.279072590698316, 0.0 ], [ 110.174857804201565, 25.27907130554571, 0.0 ], [ 110.174874250678997, 25.279287530611366, 0.0 ], [ 110.174890697382097, 25.279503755659139, 0.0 ], [ 110.174907144131822, 25.279719980700271, 0.0 ], [ 110.174923590928302, 25.279936205734774, 0.0 ], [ 110.174940037771449, 25.280152430762644, 0.0 ], [ 110.174956484661294, 25.280368655783878, 0.0 ], [ 110.17497293159775, 25.280584880798479, 0.0 ], [ 110.174989378580946, 25.280801105806447, 0.0 ], [ 110.175005825610768, 25.281017330807789, 0.0 ], [ 110.1751110613652, 25.280995108803623, 0.0 ], [ 110.1751379749129, 25.280792230921072, 0.0 ], [ 110.175121527681839, 25.280576005921837, 0.0 ], [ 110.175105080497559, 25.280359780915962, 0.0 ], [ 110.175088633359891, 25.280143555903454, 0.0 ], [ 110.175072186268977, 25.279927330884323, 0.0 ], [ 110.17505573922476, 25.279711105858549, 0.0 ], [ 110.17503929222714, 25.279494880826139, 0.0 ], [ 110.175022845276217, 25.279278655787095, 0.0 ], [ 110.174988193400281, 25.279072590698316, 0.0 ] ] ] } },
{ "type": "Feature", "properties": { "OBJECTID": 18 }, "geometry": { "type": "Polygon", "coordinates": [ [ [ 110.175680559204935, 25.278505923067208, 0.0 ], [ 110.175533153018819, 25.27873132533152, 0.0 ], [ 110.175538827585086, 25.278997469477108, 0.0 ], [ 110.175559263565447, 25.279266123478404, 0.0 ], [ 110.175579699617955, 25.279534777469454, 0.0 ], [ 110.175600135742457, 25.279803431450262, 0.0 ], [ 110.175620571939135, 25.28007208542083, 0.0 ], [ 110.175641008207919, 25.280340739381149, 0.0 ], [ 110.175661444548695, 25.280609393331229, 0.0 ], [ 110.175650573269422, 25.281103535858183, 0.0 ], [ 110.175832514003602, 25.281091068862121, 0.0 ], [ 110.175864487288266, 25.280923808789279, 0.0 ], [ 110.175844050546218, 25.280655154861144, 0.0 ], [ 110.175823613876275, 25.280386500922745, 0.0 ], [ 110.175803177278283, 25.280117846974107, 0.0 ], [ 110.175782740752538, 25.279849193015231, 0.0 ], [ 110.175762304298885, 25.279580539046112, 0.0 ], [ 110.175741867917239, 25.279311885066754, 0.0 ], [ 110.175721431607684, 25.279043231077143, 0.0 ], [ 110.175700995370292, 25.2787745770773, 0.0 ], [ 110.175680559204935, 25.278505923067208, 0.0 ] ] ] } },
{ "type": "Feature", "properties": { "OBJECTID": 19 }, "geometry": { "type": "Polygon", "coordinates": [ [ [ 110.17538312107888, 25.28407449693195, 0.0 ], [ 110.175346226709976, 25.283694678618318, 0.0 ], [ 110.175328333555328, 25.283441337998649, 0.0 ], [ 110.175310440459086, 25.283187997370085, 0.0 ], [ 110.175292547421122, 25.282934656732611, 0.0 ], [ 110.175274654441694, 25.282681316086226, 0.0 ], [ 110.175256761520473, 25.282427975430942, 0.0 ], [ 110.175238868657701, 25.282174634766751, 0.0 ], [ 110.175242112845183, 25.281731854943931, 0.0 ], [ 110.175118061276933, 25.281703939248501, 0.0 ], [ 110.175064427113753, 25.281817582541823, 0.0 ], [ 110.175082319551308, 25.282070923230744, 0.0 ], [ 110.175100212047241, 25.282324263910763, 0.0 ], [ 110.175118104601523, 25.282577604581878, 0.0 ], [ 110.175135997214113, 25.282830945244093, 0.0 ], [ 110.175153890042239, 25.283084285888222, 0.0 ], [ 110.175171782973507, 25.283337626520844, 0.0 ], [ 110.175189675963054, 25.283590967144548, 0.0 ], [ 110.175207569011064, 25.283844307759352, 0.0 ], [ 110.175225462117368, 25.28409764836525, 0.0 ], [ 110.17538312107888, 25.28407449693195, 0.0 ] ] ] } },
{ "type": "Feature", "properties": { "OBJECTID": 20 }, "geometry": { "type": "Polygon", "coordinates": [ [ [ 110.166892245381646, 25.286118281408502, 0.0 ], [ 110.16715714678493, 25.286663726356359, 0.0 ], [ 110.167383613577641, 25.287223265299723, 0.0 ], [ 110.167569305040388, 25.287795083552211, 0.0 ], [ 110.167724864801045, 25.28837438990006, 0.0 ], [ 110.167879008820307, 25.288954015263919, 0.0 ], [ 110.168033154225398, 25.289533640458867, 0.0 ], [ 110.168256735430077, 25.290080882109393, 0.0 ], [ 110.168356325871827, 25.28976604215066, 0.0 ], [ 110.168257714859777, 25.289179051987311, 0.0 ], [ 110.168465103173858, 25.288636745435461, 0.0 ], [ 110.168789564935537, 25.288118489793575, 0.0 ], [ 110.169114023893059, 25.287600233331965, 0.0 ], [ 110.169438480046566, 25.287081976050686, 0.0 ], [ 110.169186372665706, 25.286709802531973, 0.0 ], [ 110.168613860963916, 25.286418809156157, 0.0 ], [ 110.168041352041612, 25.286127813616393, 0.0 ], [ 110.167468845898853, 25.285836815912766, 0.0 ], [ 110.166896342535722, 25.285545816045371, 0.0 ], [ 110.166616703809765, 25.285577127539955, 0.0 ], [ 110.166892245381646, 25.286118281408502, 0.0 ] ] ] } },
{ "type": "Feature", "properties": { "OBJECTID": 21 }, "geometry": { "type": "Polygon", "coordinates": [ [ [ 110.16835982100433, 25.291676120084041, 0.0 ], [ 110.168704753295714, 25.291367997580924, 0.0 ], [ 110.168873059174587, 25.29093183982782, 0.0 ], [ 110.168772112149128, 25.290587203708917, 0.0 ], [ 110.168295901439222, 25.290449552720617, 0.0 ], [ 110.168202945184433, 25.290880717469509, 0.0 ], [ 110.168161144428211, 25.291355070581762, 0.0 ], [ 110.168099268268847, 25.291827572322351, 0.0 ], [ 110.167911750081828, 25.292269640562004, 0.0 ], [ 110.167575268303182, 25.292631456041573, 0.0 ], [ 110.167131569986012, 25.29288182879932, 0.0 ], [ 110.16666831498631, 25.293103668950312, 0.0 ], [ 110.166208130010304, 25.293330536505803, 0.0 ], [ 110.166379863387874, 25.293597015085911, 0.0 ], [ 110.166845369944525, 25.293651034401787, 0.0 ], [ 110.167258359971655, 25.293451447468041, 0.0 ], [ 110.167684112953353, 25.293177107408109, 0.0 ], [ 110.168097860032091, 25.292954330393083, 0.0 ], [ 110.168438015636312, 25.292602062380329, 0.0 ], [ 110.168458295451359, 25.292131590920182, 0.0 ], [ 110.16835982100433, 25.291676120084041, 0.0 ] ] ] } },
{ "type": "Feature", "properties": { "OBJECTID": 22 }, "geometry": { "type": "Polygon", "coordinates": [ [ [ 110.163297687995396, 25.297767717120045, 0.0 ], [ 110.165039039903647, 25.297685370842292, 0.0 ], [ 110.164307703743759, 25.296759493951804, 0.0 ], [ 110.164764419667492, 25.296557519967831, 0.0 ], [ 110.165912490195538, 25.295850689617673, 0.0 ], [ 110.167107304174394, 25.296090094542407, 0.0 ], [ 110.167862546664054, 25.296520493301372, 0.0 ], [ 110.168341103654726, 25.295096039386024, 0.0 ], [ 110.167071938027306, 25.294292880672884, 0.0 ], [ 110.165496717946837, 25.293888930419836, 0.0 ], [ 110.164232339458195, 25.29492837867987, 0.0 ], [ 110.162642859499073, 25.294308750963673, 0.0 ], [ 110.162143446675501, 25.295720750502401, 0.0 ], [ 110.162538923955623, 25.296771407386796, 0.0 ], [ 110.163683103162484, 25.295302342896953, 0.0 ], [ 110.164569896083819, 25.295538257165816, 0.0 ], [ 110.163483826695526, 25.296469476380825, 0.0 ], [ 110.163297687995396, 25.297767717120045, 0.0 ] ] ] } },
{ "type": "Feature", "properties": { "OBJECTID": 23 }, "geometry": { "type": "Polygon", "coordinates": [ [ [ 110.17515847160314, 25.284457864527148, 0.0 ], [ 110.174837409009427, 25.284574983739862, 0.0 ], [ 110.17453466593895, 25.284746276790507, 0.0 ], [ 110.174231922029449, 25.284917569194484, 0.0 ], [ 110.173929177281167, 25.285088860951774, 0.0 ], [ 110.173626431693819, 25.285260152062367, 0.0 ], [ 110.173323685267604, 25.285431442526242, 0.0 ], [ 110.173020938002381, 25.285602732343392, 0.0 ], [ 110.172718189898291, 25.285774021513795, 0.0 ], [ 110.172379855859219, 25.285790885075507, 0.0 ], [ 110.172041619195511, 25.285828032908405, 0.0 ], [ 110.171694848806482, 25.285752547495385, 0.0 ], [ 110.171350603087788, 25.285668050313443, 0.0 ], [ 110.171009145597935, 25.285574669656366, 0.0 ], [ 110.170670776352495, 25.285472418528613, 0.0 ], [ 110.170335767281699, 25.285361399331631, 0.0 ], [ 110.170004383658735, 25.285241724693865, 0.0 ], [ 110.169676902508741, 25.285113477996752, 0.0 ], [ 110.169353595695497, 25.284976757211499, 0.0 ], [ 110.16903472294085, 25.284831684501931, 0.0 ], [ 110.168720546971414, 25.284678375543333, 0.0 ], [ 110.168411327016713, 25.284516952743665, 0.0 ], [ 110.168107318515794, 25.284347545772697, 0.0 ], [ 110.167808761067178, 25.284170307035733, 0.0 ], [ 110.167688210933065, 25.283898963663919, 0.0 ], [ 110.167681491575422, 25.283575002444696, 0.0 ], [ 110.167749878682031, 25.283258028823688, 0.0 ], [ 110.167862384706766, 25.282950443221957, 0.0 ], [ 110.167988244020137, 25.282647265660984, 0.0 ], [ 110.168125588429021, 25.28234812255976, 0.0 ], [ 110.167724325540846, 25.28188049768308, 0.0 ], [ 110.167564357663053, 25.28210079832165, 0.0 ], [ 110.167432619252978, 25.282401964298781, 0.0 ], [ 110.167290449274176, 25.282699022164906, 0.0 ], [ 110.167151589223138, 25.282997184906751, 0.0 ], [ 110.167059004916808, 25.283309458378717, 0.0 ], [ 110.167023580498494, 25.283631383187238, 0.0 ], [ 110.166762150064685, 25.283454099863114, 0.0 ], [ 110.166491237660779, 25.283243318740944, 0.0 ], [ 110.166225276453616, 25.283027385373668, 0.0 ], [ 110.165963443626623, 25.282807318813589, 0.0 ], [ 110.165704936879848, 25.282584023913337, 0.0 ], [ 110.165448873510812, 25.282358412936663, 0.0 ], [ 110.16519438255267, 25.282131335523221, 0.0 ], [ 110.164940556018649, 25.28190364418445, 0.0 ], [ 110.164686009442349, 25.281676620171805, 0.0 ], [ 110.164428046277948, 25.28145281372403, 0.0 ], [ 110.164164022376767, 25.281234939586334, 0.0 ], [ 110.163891607648154, 25.281025794633077, 0.0 ], [ 110.163609069902733, 25.280828078379656, 0.0 ], [ 110.163316389161253, 25.280642962042645, 0.0 ], [ 110.163014251852601, 25.280470862975733, 0.0 ], [ 110.16288033916652, 25.280508350772365, 0.0 ], [ 110.163401329077047, 25.280914518597779, 0.0 ], [ 110.163687057441336, 25.281108404244129, 0.0 ], [ 110.163962186467685, 25.281314583853316, 0.0 ], [ 110.164228193139039, 25.281530451100554, 0.0 ], [ 110.164487389799703, 25.281753074233801, 0.0 ], [ 110.164742492205605, 25.281979581037362, 0.0 ], [ 110.164996291962638, 25.282207297191022, 0.0 ], [ 110.165250542799697, 25.282434597183588, 0.0 ], [ 110.165506166739917, 25.282660620144359, 0.0 ], [ 110.16576400515541, 25.28288455338112, 0.0 ], [ 110.166024943285194, 25.283105497340337, 0.0 ], [ 110.166289765728195, 25.28332258546175, 0.0 ], [ 110.166559284894717, 25.283534839126929, 0.0 ], [ 110.16683419209555, 25.283741298468986, 0.0 ], [ 110.167115123297179, 25.283940939514522, 0.0 ], [ 110.167402108762786, 25.284133331416257, 0.0 ], [ 110.167694953141989, 25.284318282416997, 0.0 ], [ 110.167993421836357, 25.284495646030454, 0.0 ], [ 110.168297245606254, 25.284665328189625, 0.0 ], [ 110.168606223723913, 25.284827134963741, 0.0 ], [ 110.16892009295384, 25.284980963728412, 0.0 ], [ 110.16923858843019, 25.285126721645149, 0.0 ], [ 110.169561491790247, 25.285264230387057, 0.0 ], [ 110.169888517496801, 25.285393435958721, 0.0 ], [ 110.170219417769331, 25.285514213618288, 0.0 ], [ 110.170553927060723, 25.285626474467513, 0.0 ], [ 110.170891789834826, 25.285730102869561, 0.0 ], [ 110.171232723203872, 25.285825056087873, 0.0 ], [ 110.17157646805515, 25.285911225110979, 0.0 ], [ 110.171922745080039, 25.285988561081894, 0.0 ], [ 110.17227127819001, 25.286057010568268, 0.0 ], [ 110.172621796268785, 25.286116496134255, 0.0 ], [ 110.172973941656238, 25.286167434971713, 0.0 ], [ 110.173327299497117, 25.286210901566584, 0.0 ], [ 110.173681530664908, 25.286248048259697, 0.0 ], [ 110.174036372267949, 25.286280036110114, 0.0 ], [ 110.174391623695854, 25.286308029141701, 0.0 ], [ 110.174747137201308, 25.286333134263693, 0.0 ], [ 110.17510279072745, 25.286356551099946, 0.0 ], [ 110.175397616034672, 25.286232463015036, 0.0 ], [ 110.175505766730581, 25.285953474849503, 0.0 ], [ 110.175482915534644, 25.285629945928214, 0.0 ], [ 110.175460064433892, 25.285306416992391, 0.0 ], [ 110.17543721342831, 25.284982888042048, 0.0 ], [ 110.175414362518083, 25.284659359077178, 0.0 ], [ 110.17515847160314, 25.284457864527148, 0.0 ] ] ] } },
{ "type": "Feature", "properties": { "OBJECTID": 24 }, "geometry": { "type": "Polygon", "coordinates": [ [ [ 110.142672451985675, 25.190977844408227, 0.0 ], [ 110.142940821653241, 25.190930585804907, 0.0 ], [ 110.142925516374902, 25.190570365014555, 0.0 ], [ 110.142890146082536, 25.190211314561218, 0.0 ], [ 110.142834808652083, 25.189854358198964, 0.0 ], [ 110.142759631847682, 25.189500417318822, 0.0 ], [ 110.14266482514023, 25.18915040080266, 0.0 ], [ 110.142551084844271, 25.188805077185908, 0.0 ], [ 110.14243144017891, 25.188461377406863, 0.0 ], [ 110.142322856897138, 25.188114810628537, 0.0 ], [ 110.142028975938061, 25.187939292974225, 0.0 ], [ 110.141635231256046, 25.18790028540835, 0.0 ], [ 110.141247428873555, 25.1878270280226, 0.0 ], [ 110.140869159460635, 25.187720197221882, 0.0 ], [ 110.140499231030944, 25.187591057410611, 0.0 ], [ 110.140129572306421, 25.187461270315737, 0.0 ], [ 110.139759914390353, 25.187331482315571, 0.0 ], [ 110.139390257282813, 25.187201693410152, 0.0 ], [ 110.139020600983883, 25.187071903599481, 0.0 ], [ 110.138650945101261, 25.186942113808243, 0.0 ], [ 110.138404632245326, 25.187208828275356, 0.0 ], [ 110.138164766690963, 25.187495785786318, 0.0 ], [ 110.137941907353692, 25.187782250711408, 0.0 ], [ 110.137563068712751, 25.187806611962181, 0.0 ], [ 110.137171968156935, 25.187784946370439, 0.0 ], [ 110.136802234797614, 25.187893934294539, 0.0 ], [ 110.13650834416832, 25.188120342133026, 0.0 ], [ 110.136373422040151, 25.188455288880263, 0.0 ], [ 110.136347859927298, 25.188807033163865, 0.0 ], [ 110.136463446355819, 25.189149984661366, 0.0 ], [ 110.136757924823229, 25.189386330806407, 0.0 ], [ 110.137110600165911, 25.189545192409444, 0.0 ], [ 110.137496504708793, 25.189563787042051, 0.0 ], [ 110.137787856193768, 25.189719556913079, 0.0 ], [ 110.138112525027381, 25.18986713320583, 0.0 ], [ 110.138016771054609, 25.190177995541497, 0.0 ], [ 110.138081167502619, 25.190522921057877, 0.0 ], [ 110.138354215173237, 25.19076250125514, 0.0 ], [ 110.138711233769726, 25.190918882783489, 0.0 ], [ 110.139051290498372, 25.190891350066664, 0.0 ], [ 110.13918866469983, 25.190701087007117, 0.0 ], [ 110.139410574926373, 25.19045540527247, 0.0 ], [ 110.139722190768566, 25.190667170121728, 0.0 ], [ 110.140065042689102, 25.190836775860085, 0.0 ], [ 110.140439090622678, 25.1909392092854, 0.0 ], [ 110.140784889121065, 25.191114739889549, 0.0 ], [ 110.14115596067326, 25.191238565840873, 0.0 ], [ 110.141550149498471, 25.191266509910363, 0.0 ], [ 110.141945216095067, 25.191245233678615, 0.0 ], [ 110.142320401730387, 25.191133371363119, 0.0 ], [ 110.142672451985675, 25.190977844408227, 0.0 ] ] ] } },
{ "type": "Feature", "properties": { "OBJECTID": 25 }, "geometry": { "type": "Polygon", "coordinates": [ [ [ 110.1471802479183, 25.194850605171901, 0.0 ], [ 110.147495060975601, 25.194629272585402, 0.0 ], [ 110.1480892253919, 25.194475732255651, 0.0 ], [ 110.148414105130627, 25.193938874938659, 0.0 ], [ 110.148762452446988, 25.19340803243929, 0.0 ], [ 110.149164300881836, 25.19290946898311, 0.0 ], [ 110.149616074598157, 25.192447644484666, 0.0 ], [ 110.149459438787858, 25.192458107326331, 0.0 ], [ 110.14918724135299, 25.192091316636652, 0.0 ], [ 110.149094222306942, 25.191480443928807, 0.0 ], [ 110.148779967942929, 25.190952611251809, 0.0 ], [ 110.148320286238388, 25.190519242873496, 0.0 ], [ 110.147877310156531, 25.190150252389131, 0.0 ], [ 110.147381586463439, 25.189727156266041, 0.0 ], [ 110.147427828457964, 25.18916545150957, 0.0 ], [ 110.147599370443388, 25.188573663218985, 0.0 ], [ 110.14819342269378, 25.1882801428962, 0.0 ], [ 110.148433367712386, 25.187908440756431, 0.0 ], [ 110.14797795965481, 25.187449456362835, 0.0 ], [ 110.14748825874922, 25.187020700938998, 0.0 ], [ 110.146966682300032, 25.186624291108696, 0.0 ], [ 110.146415805203787, 25.186262183566448, 0.0 ], [ 110.145838347243512, 25.18593616511798, 0.0 ], [ 110.145239549494008, 25.185643582718289, 0.0 ], [ 110.144637557145614, 25.185356383266427, 0.0 ], [ 110.144035567676639, 25.18506918142814, 0.0 ], [ 110.14347833011648, 25.185166433101344, 0.0 ], [ 110.143163109349715, 25.185714397466228, 0.0 ], [ 110.142847885705919, 25.18626236104506, 0.0 ], [ 110.142598750990331, 25.186836264657778, 0.0 ], [ 110.142505578022693, 25.187447439022812, 0.0 ], [ 110.142573890468199, 25.188061326548532, 0.0 ], [ 110.142979092173633, 25.188331554866856, 0.0 ], [ 110.143526322367777, 25.188662041579466, 0.0 ], [ 110.143687393126541, 25.189254224403022, 0.0 ], [ 110.143885166689145, 25.189845070637034, 0.0 ], [ 110.144039584299279, 25.190440332181979, 0.0 ], [ 110.143850167488594, 25.191005505524227, 0.0 ], [ 110.143915676081775, 25.191266799717702, 0.0 ], [ 110.144320457008476, 25.191727208447467, 0.0 ], [ 110.144795216793597, 25.191912006011737, 0.0 ], [ 110.145390795206012, 25.192072227585168, 0.0 ], [ 110.145609149075227, 25.192580288566511, 0.0 ], [ 110.145752141245879, 25.193118660299465, 0.0 ], [ 110.146303731375355, 25.193303887378423, 0.0 ], [ 110.146743569341993, 25.193617096428685, 0.0 ], [ 110.146599101282774, 25.194009946120403, 0.0 ], [ 110.146273076464283, 25.193730590743712, 0.0 ], [ 110.14630107827702, 25.194262380828526, 0.0 ], [ 110.146586002241165, 25.194732035722669, 0.0 ], [ 110.1471802479183, 25.194850605171901, 0.0 ] ] ] } },
{ "type": "Feature", "properties": { "OBJECTID": 26 }, "geometry": { "type": "Polygon", "coordinates": [ [ [ 110.164656881129972, 25.204678676851188, 0.0 ], [ 110.164911917591041, 25.204662947281847, 0.0 ], [ 110.165166954000171, 25.204647217270885, 0.0 ], [ 110.165421990357245, 25.204631486818318, 0.0 ], [ 110.165661639141206, 25.204646843766405, 0.0 ], [ 110.165876772063868, 25.204569208309433, 0.0 ], [ 110.16603132353282, 25.204438005069552, 0.0 ], [ 110.16615232459101, 25.204294966047733, 0.0 ], [ 110.166336915630296, 25.204196441788252, 0.0 ], [ 110.166485505246683, 25.204102290676452, 0.0 ], [ 110.16663125639262, 25.203914783708143, 0.0 ], [ 110.166715545217201, 25.20369544067092, 0.0 ], [ 110.166772160463793, 25.203469414804065, 0.0 ], [ 110.166896069013049, 25.203539510233682, 0.0 ], [ 110.166999807744375, 25.203752058689677, 0.0 ], [ 110.16710354684156, 25.203964607070098, 0.0 ], [ 110.167148541922387, 25.204156157207542, 0.0 ], [ 110.167371187017906, 25.204048388456286, 0.0 ], [ 110.167599764584651, 25.203944333674478, 0.0 ], [ 110.167578468948477, 25.20377593176595, 0.0 ], [ 110.167446806880577, 25.203576592592743, 0.0 ], [ 110.167315145204796, 25.203377253324454, 0.0 ], [ 110.167171549617791, 25.203312101333257, 0.0 ], [ 110.166989310918893, 25.203294124888529, 0.0 ], [ 110.166886276704943, 25.203081293114248, 0.0 ], [ 110.16668839199437, 25.203066329980437, 0.0 ], [ 110.166540235328242, 25.203039578712964, 0.0 ], [ 110.166367286252139, 25.202868330431397, 0.0 ], [ 110.166194337658837, 25.202697081955993, 0.0 ], [ 110.165988227547402, 25.202563133012408, 0.0 ], [ 110.165768013534731, 25.202445047950874, 0.0 ], [ 110.165547799953544, 25.2023269625704, 0.0 ], [ 110.165302840781408, 25.202279840537201, 0.0 ], [ 110.165048079651612, 25.202260827361876, 0.0 ], [ 110.164793318614542, 25.202241813749609, 0.0 ], [ 110.164538557670056, 25.202222799700394, 0.0 ], [ 110.164286159554777, 25.202245122208613, 0.0 ], [ 110.164034940471325, 25.202288075156005, 0.0 ], [ 110.163855771324819, 25.202419306081804, 0.0 ], [ 110.163737931805386, 25.202625680547328, 0.0 ], [ 110.163620091626342, 25.202832054782839, 0.0 ], [ 110.163537184227422, 25.20304660478315, 0.0 ], [ 110.163530934390394, 25.203279095979568, 0.0 ], [ 110.16352468451592, 25.203511587167874, 0.0 ], [ 110.163611634489499, 25.203724344685011, 0.0 ], [ 110.16373007570904, 25.203930434399556, 0.0 ], [ 110.16384851731965, 25.204136524023774, 0.0 ], [ 110.164005687488086, 25.204312288717787, 0.0 ], [ 110.164212045478649, 25.204449538599885, 0.0 ], [ 110.164434200618246, 25.204564478580377, 0.0 ], [ 110.164656881129972, 25.204678676851188, 0.0 ] ] ] } },
{ "type": "Feature", "properties": { "OBJECTID": 27 }, "geometry": { "type": "Polygon", "coordinates": [ [ [ 110.159585438761397, 25.208671949225806, 0.0 ], [ 110.161034133664984, 25.208410734597848, 0.0 ], [ 110.162512901386961, 25.208458966609356, 0.0 ], [ 110.163638988862061, 25.207495493746617, 0.0 ], [ 110.164639355315487, 25.206445409813799, 0.0 ], [ 110.164194093319495, 25.205287285442484, 0.0 ], [ 110.163295450218882, 25.204184145584513, 0.0 ], [ 110.16205860161152, 25.203343504888039, 0.0 ], [ 110.161759511304908, 25.20250152534917, 0.0 ], [ 110.163030262566622, 25.201841891563326, 0.0 ], [ 110.164218012801342, 25.201186876409295, 0.0 ], [ 110.164947639499772, 25.200170738289181, 0.0 ], [ 110.163727626347537, 25.199584943584842, 0.0 ], [ 110.162234969521549, 25.199844171269056, 0.0 ], [ 110.160773809431731, 25.200266837105104, 0.0 ], [ 110.159583760142183, 25.200812738290512, 0.0 ], [ 110.158499048621081, 25.200360157870133, 0.0 ], [ 110.15738963142806, 25.200222888951878, 0.0 ], [ 110.156359606673561, 25.199502086956176, 0.0 ], [ 110.155483182002513, 25.198448155588455, 0.0 ], [ 110.155174807884819, 25.197758352262866, 0.0 ], [ 110.154472425083881, 25.197421174169538, 0.0 ], [ 110.154279827166832, 25.196607113246689, 0.0 ], [ 110.153325364770836, 25.195892930907604, 0.0 ], [ 110.15287187646058, 25.19475353465095, 0.0 ], [ 110.153126688054869, 25.194094316675976, 0.0 ], [ 110.151831228193174, 25.193378630675628, 0.0 ], [ 110.150317209123557, 25.193120336734662, 0.0 ], [ 110.149192775467611, 25.193634344142239, 0.0 ], [ 110.148424312332011, 25.194853707015675, 0.0 ], [ 110.148370308490087, 25.195842209748477, 0.0 ], [ 110.148668966577603, 25.196908847571553, 0.0 ], [ 110.148839128764479, 25.198176573942074, 0.0 ], [ 110.149574041994839, 25.199383639945552, 0.0 ], [ 110.150795712859377, 25.199506787407167, 0.0 ], [ 110.152230148322005, 25.199130648721006, 0.0 ], [ 110.153405059231218, 25.198709073001552, 0.0 ], [ 110.152493410142526, 25.199597950882783, 0.0 ], [ 110.152181437560316, 25.200841216205912, 0.0 ], [ 110.152816681819829, 25.202123461075274, 0.0 ], [ 110.153951843152157, 25.202212153400442, 0.0 ], [ 110.155107380525564, 25.201277853453984, 0.0 ], [ 110.156204951107881, 25.201679536135337, 0.0 ], [ 110.155181567053319, 25.202591940435376, 0.0 ], [ 110.155347034258057, 25.203952928972569, 0.0 ], [ 110.155046642128639, 25.205332599508566, 0.0 ], [ 110.154710530716372, 25.206679792904872, 0.0 ], [ 110.155695976523361, 25.207743654555767, 0.0 ], [ 110.156926102244526, 25.208577390531392, 0.0 ], [ 110.158206558487976, 25.209197592132085, 0.0 ], [ 110.159585438761397, 25.208671949225806, 0.0 ] ] ] } },
{ "type": "Feature", "properties": { "OBJECTID": 28 }, "geometry": { "type": "Polygon", "coordinates": [ [ [ 110.17314851614988, 25.215885767115836, 0.0 ], [ 110.174178259771892, 25.215575753917168, 0.0 ], [ 110.175133108201152, 25.215100844433529, 0.0 ], [ 110.176083021115076, 25.214617598897849, 0.0 ], [ 110.177032926596866, 25.214134346947244, 0.0 ], [ 110.176829218810411, 25.214082850593929, 0.0 ], [ 110.175879312877242, 25.214566101077697, 0.0 ], [ 110.17492939956712, 25.215049345236174, 0.0 ], [ 110.17396954222194, 25.21551535798811, 0.0 ], [ 110.172924730544139, 25.215779328837144, 0.0 ], [ 110.171838100736835, 25.215828718202125, 0.0 ], [ 110.170750212459367, 25.215857977849883, 0.0 ], [ 110.170939470770989, 25.215701268757595, 0.0 ], [ 110.17163816866676, 25.215082289000961, 0.0 ], [ 110.172286130415856, 25.21431323986306, 0.0 ], [ 110.172780424045101, 25.213504804015066, 0.0 ], [ 110.172189242190939, 25.212843855629849, 0.0 ], [ 110.171269395365314, 25.212366857417624, 0.0 ], [ 110.170641667716581, 25.211559895553293, 0.0 ], [ 110.170241811718839, 25.210650858741168, 0.0 ], [ 110.170339746432944, 25.209665365367119, 0.0 ], [ 110.170455417821202, 25.208680934251692, 0.0 ], [ 110.170177931907062, 25.208012633674937, 0.0 ], [ 110.169419346846041, 25.207339593625797, 0.0 ], [ 110.168643991455454, 25.206661581339329, 0.0 ], [ 110.16759481225651, 25.20666168016173, 0.0 ], [ 110.16673890137325, 25.207137715509894, 0.0 ], [ 110.165753870200191, 25.207349785381094, 0.0 ], [ 110.164717553301884, 25.207071377464366, 0.0 ], [ 110.163994238025779, 25.207810605062736, 0.0 ], [ 110.163198307507528, 25.208485777633609, 0.0 ], [ 110.163286877522097, 25.209210912500108, 0.0 ], [ 110.163915968661058, 25.210004044665329, 0.0 ], [ 110.163958621972711, 25.210982977977448, 0.0 ], [ 110.163922045928814, 25.211972502045402, 0.0 ], [ 110.164362778090108, 25.21280017963759, 0.0 ], [ 110.165206693325629, 25.21342536777048, 0.0 ], [ 110.166050617542012, 25.214050550913178, 0.0 ], [ 110.165976656325824, 25.214516675543805, 0.0 ], [ 110.166776768867209, 25.214533101200718, 0.0 ], [ 110.167694273819293, 25.215014134047127, 0.0 ], [ 110.168643818739298, 25.215492756253862, 0.0 ], [ 110.16967204104624, 25.215801770406419, 0.0 ], [ 110.169361344050614, 25.215897114266362, 0.0 ], [ 110.16828960877146, 25.216054534092002, 0.0 ], [ 110.167764252533189, 25.216363593978503, 0.0 ], [ 110.168803623348055, 25.216085139914625, 0.0 ], [ 110.169888362338511, 25.216016608037567, 0.0 ], [ 110.170976252033881, 25.215987354612892, 0.0 ], [ 110.17206414145619, 25.215958093217832, 0.0 ], [ 110.17314851614988, 25.215885767115836, 0.0 ] ] ] } },
{ "type": "Feature", "properties": { "OBJECTID": 29 }, "geometry": { "type": "Polygon", "coordinates": [ [ [ 110.179753753316504, 25.219614929869817, 0.0 ], [ 110.180012363693763, 25.219447109710394, 0.0 ], [ 110.18024790569504, 25.219336322132143, 0.0 ], [ 110.180403176728746, 25.219082093452453, 0.0 ], [ 110.180536242810533, 25.218777368529821, 0.0 ], [ 110.180625018843784, 25.218461610534238, 0.0 ], [ 110.180547584942033, 25.218141349555857, 0.0 ], [ 110.18038846983697, 25.217847701532627, 0.0 ], [ 110.180358884736549, 25.21752600289404, 0.0 ], [ 110.180441744272841, 25.217211680037838, 0.0 ], [ 110.180514013543899, 25.216894073098185, 0.0 ], [ 110.180594217379692, 25.216582790733753, 0.0 ], [ 110.180678315036118, 25.216295671504522, 0.0 ], [ 110.18052531384744, 25.215998964679418, 0.0 ], [ 110.180395702992016, 25.215693601535161, 0.0 ], [ 110.180172325800157, 25.215436237934231, 0.0 ], [ 110.179904748526013, 25.215217367197411, 0.0 ], [ 110.179611449677068, 25.215027655721212, 0.0 ], [ 110.179297993291684, 25.214866419608047, 0.0 ], [ 110.179010042589795, 25.214671868560476, 0.0 ], [ 110.178686410436157, 25.21464984305916, 0.0 ], [ 110.178352182567977, 25.214549853227808, 0.0 ], [ 110.178003747526674, 25.214471801411776, 0.0 ], [ 110.177665651610226, 25.214373245026771, 0.0 ], [ 110.177332425821831, 25.21441121073109, 0.0 ], [ 110.177011460992276, 25.214558949691956, 0.0 ], [ 110.176890824081411, 25.214809295373801, 0.0 ], [ 110.176763098925903, 25.215093342899323, 0.0 ], [ 110.176739201265491, 25.215386709752508, 0.0 ], [ 110.176636726762766, 25.215629040902421, 0.0 ], [ 110.176401092706641, 25.21586427153148, 0.0 ], [ 110.176328694909998, 25.216177499131653, 0.0 ], [ 110.176143670485246, 25.21639869372671, 0.0 ], [ 110.175812138319458, 25.216527352645567, 0.0 ], [ 110.175669622075731, 25.216771656485975, 0.0 ], [ 110.175715499164895, 25.217092520826945, 0.0 ], [ 110.17589875783807, 25.217356159085181, 0.0 ], [ 110.176197213857179, 25.217540049033772, 0.0 ], [ 110.17649567082492, 25.21772393834247, 0.0 ], [ 110.176794128699896, 25.2179078270667, 0.0 ], [ 110.177092587482406, 25.218091715206366, 0.0 ], [ 110.177391047172222, 25.218275602761455, 0.0 ], [ 110.177689507769514, 25.218459489731963, 0.0 ], [ 110.177987969274128, 25.218643376117885, 0.0 ], [ 110.178286431686118, 25.218827261919209, 0.0 ], [ 110.178575295735314, 25.219018971234352, 0.0 ], [ 110.178743583066975, 25.219308959597598, 0.0 ], [ 110.178947421584311, 25.21955336603677, 0.0 ], [ 110.179172251357244, 25.219592650560507, 0.0 ], [ 110.179404858698632, 25.219697387014254, 0.0 ], [ 110.179753753316504, 25.219614929869817, 0.0 ] ] ] } },
{ "type": "Feature", "properties": { "OBJECTID": 30 }, "geometry": { "type": "Polygon", "coordinates": [ [ [ 110.177242271546419, 25.219452331241548, 0.0 ], [ 110.177046927313327, 25.219332200164065, 0.0 ], [ 110.176851606032812, 25.219212038479366, 0.0 ], [ 110.176656286221927, 25.219091875089184, 0.0 ], [ 110.176460966799141, 25.218971711448646, 0.0 ], [ 110.176265647764424, 25.218851547557705, 0.0 ], [ 110.176070329117692, 25.218731383416443, 0.0 ], [ 110.175875010856132, 25.21861121902883, 0.0 ], [ 110.175679692954063, 25.218491054429354, 0.0 ], [ 110.175469719087118, 25.218395878427859, 0.0 ], [ 110.175240367061804, 25.218365057675609, 0.0 ], [ 110.175059977087315, 25.218264273594162, 0.0 ], [ 110.174840272837471, 25.218233561063684, 0.0 ], [ 110.17460449027962, 25.218231612762057, 0.0 ], [ 110.17437245630812, 25.218198367976733, 0.0 ], [ 110.17455374504911, 25.218110770953594, 0.0 ], [ 110.17475319360679, 25.218056993663581, 0.0 ], [ 110.174780023118316, 25.217865356431428, 0.0 ], [ 110.175007020789621, 25.21790989369347, 0.0 ], [ 110.174974750288129, 25.217779232154669, 0.0 ], [ 110.174789929468744, 25.217652042591922, 0.0 ], [ 110.174561857411788, 25.217643498781641, 0.0 ], [ 110.174346153070346, 25.217726579680313, 0.0 ], [ 110.174132919295772, 25.217818132760911, 0.0 ], [ 110.173919685209313, 25.217909685524692, 0.0 ], [ 110.173945796353749, 25.218076091969596, 0.0 ], [ 110.174067777018166, 25.218259473034937, 0.0 ], [ 110.174193657387292, 25.218440844865896, 0.0 ], [ 110.174319538124735, 25.218622216594731, 0.0 ], [ 110.174445642068335, 25.21880345999832, 0.0 ], [ 110.174575725301537, 25.218982330557274, 0.0 ], [ 110.174712910554348, 25.219156727416674, 0.0 ], [ 110.174857817184673, 25.219325876769133, 0.0 ], [ 110.17501020386517, 25.219489496300511, 0.0 ], [ 110.175169816454414, 25.219647313125154, 0.0 ], [ 110.175336388543641, 25.219799064250232, 0.0 ], [ 110.175508463295714, 25.219945699803098, 0.0 ], [ 110.175682746615934, 25.220090176700161, 0.0 ], [ 110.175857030348993, 25.220234653399334, 0.0 ], [ 110.176031314494963, 25.220379129900568, 0.0 ], [ 110.176210286771507, 25.220517792804856, 0.0 ], [ 110.176419105516771, 25.220606566342372, 0.0 ], [ 110.176650267871352, 25.220580125530116, 0.0 ], [ 110.17685920198582, 25.220480779439651, 0.0 ], [ 110.177074047714683, 25.220392446034531, 0.0 ], [ 110.177294105501346, 25.220315413796506, 0.0 ], [ 110.177518766821819, 25.220250277503538, 0.0 ], [ 110.177393843908106, 25.220078387385087, 0.0 ], [ 110.177317216462583, 25.219875871477615, 0.0 ], [ 110.177279743945022, 25.219664101365705, 0.0 ], [ 110.177242271546419, 25.219452331241548, 0.0 ] ] ] } },
{ "type": "Feature", "properties": { "OBJECTID": 31 }, "geometry": { "type": "Polygon", "coordinates": [ [ [ 110.177913411883907, 25.213563988100489, 0.0 ], [ 110.178011232743685, 25.212483577005219, 0.0 ], [ 110.178332507341864, 25.212323460140691, 0.0 ], [ 110.178227367083792, 25.212038170593519, 0.0 ], [ 110.177973891796356, 25.211797574118616, 0.0 ], [ 110.1777204174643, 25.211556977261662, 0.0 ], [ 110.177466944069323, 25.21131638003871, 0.0 ], [ 110.177213471670086, 25.211075782398527, 0.0 ], [ 110.176960000266504, 25.210835184341185, 0.0 ], [ 110.17670652985862, 25.210594585866652, 0.0 ], [ 110.176453060446519, 25.210353986974976, 0.0 ], [ 110.176200494982695, 25.210112603349163, 0.0 ], [ 110.175953263769685, 25.209866705368679, 0.0 ], [ 110.175712545659223, 25.209615523454509, 0.0 ], [ 110.175478573926114, 25.209359123548989, 0.0 ], [ 110.175248805935951, 25.209099580329617, 0.0 ], [ 110.175019959345391, 25.208839358092412, 0.0 ], [ 110.174791113759113, 25.2085791354896, 0.0 ], [ 110.174562269140083, 25.208318912548158, 0.0 ], [ 110.174333425488356, 25.208058689268068, 0.0 ], [ 110.174102613742292, 25.207799917575105, 0.0 ], [ 110.173845977380921, 25.207787909693838, 0.0 ], [ 110.173589369291605, 25.208023848131312, 0.0 ], [ 110.173464685266595, 25.208315771330554, 0.0 ], [ 110.173526287236228, 25.208638945159944, 0.0 ], [ 110.1736637904323, 25.20894779596069, 0.0 ], [ 110.173813255157754, 25.209251945811843, 0.0 ], [ 110.173957602622423, 25.209557437241163, 0.0 ], [ 110.174057472516679, 25.209877599777805, 0.0 ], [ 110.174128628365949, 25.210204509053685, 0.0 ], [ 110.174208115148375, 25.210529478052042, 0.0 ], [ 110.174324456063189, 25.210845229239169, 0.0 ], [ 110.174468669490295, 25.21115157487608, 0.0 ], [ 110.174619046593961, 25.211454845624303, 0.0 ], [ 110.174816389173856, 25.211733556448277, 0.0 ], [ 110.174832594106675, 25.212059925600965, 0.0 ], [ 110.17501864062956, 25.212294839013126, 0.0 ], [ 110.175329495420485, 25.212469959235548, 0.0 ], [ 110.175659242745624, 25.212614252176703, 0.0 ], [ 110.17599711643561, 25.212742950719321, 0.0 ], [ 110.176336135523684, 25.212869207037333, 0.0 ], [ 110.176670190142062, 25.213005620789804, 0.0 ], [ 110.176980146239273, 25.213179720099095, 0.0 ], [ 110.17728883483629, 25.213355881470378, 0.0 ], [ 110.177619453263119, 25.213499339123164, 0.0 ], [ 110.177913411883907, 25.213563988100489, 0.0 ] ] ] } },
{ "type": "Feature", "properties": { "OBJECTID": 32 }, "geometry": { "type": "Polygon", "coordinates": [ [ [ 110.147655194767538, 25.219292950311349, 0.0 ], [ 110.147783305268021, 25.219200395045888, 0.0 ], [ 110.147888819182214, 25.219096736083028, 0.0 ], [ 110.14790367568385, 25.218948529703543, 0.0 ], [ 110.147916491306049, 25.218800192201233, 0.0 ], [ 110.1479091060352, 25.218651662281967, 0.0 ], [ 110.147877423420766, 25.218505800556212, 0.0 ], [ 110.147822152328828, 25.218365877886395, 0.0 ], [ 110.147744532325021, 25.218235031972785, 0.0 ], [ 110.147646303145379, 25.218116197657213, 0.0 ], [ 110.147529669472931, 25.218012038385478, 0.0 ], [ 110.147397245859963, 25.217924890292913, 0.0 ], [ 110.147252002179599, 25.217856706677598, 0.0 ], [ 110.147100218329527, 25.21780118600768, 0.0 ], [ 110.146948346336629, 25.217745861771164, 0.0 ], [ 110.146796474485271, 25.217690537381792, 0.0 ], [ 110.146644602775382, 25.217635212839543, 0.0 ], [ 110.14649273120709, 25.217579888144428, 0.0 ], [ 110.146340859780338, 25.217524563296443, 0.0 ], [ 110.146188988495126, 25.2174692382956, 0.0 ], [ 110.146037117350474, 25.217413913143943, 0.0 ], [ 110.145885256564569, 25.217358564723384, 0.0 ], [ 110.145735340699289, 25.217299033948397, 0.0 ], [ 110.145599664299723, 25.217253089117381, 0.0 ], [ 110.145564649474139, 25.217398461659251, 0.0 ], [ 110.145533204395505, 25.217544500791597, 0.0 ], [ 110.145502433725554, 25.217690665862531, 0.0 ], [ 110.145474667677234, 25.217837096555503, 0.0 ], [ 110.145473924800427, 25.217985916252825, 0.0 ], [ 110.145473181839847, 25.218134735946819, 0.0 ], [ 110.145472438334863, 25.218283555635587, 0.0 ], [ 110.145471694822263, 25.218432375321335, 0.0 ], [ 110.145470951308852, 25.218581195004099, 0.0 ], [ 110.145470207851616, 25.218730014684112, 0.0 ], [ 110.145469464395191, 25.218878834361146, 0.0 ], [ 110.145468720975586, 25.219027654035351, 0.0 ], [ 110.145467978695152, 25.219176473711254, 0.0 ], [ 110.145528979755866, 25.219269382454179, 0.0 ], [ 110.145692578152733, 25.219269384623736, 0.0 ], [ 110.145856176555384, 25.219269386446175, 0.0 ], [ 110.146019774963776, 25.219269388087525, 0.0 ], [ 110.146183373377895, 25.21926938954779, 0.0 ], [ 110.14634697179774, 25.219269390826966, 0.0 ], [ 110.146510570223256, 25.219269391925039, 0.0 ], [ 110.146674168654641, 25.21926939284203, 0.0 ], [ 110.146837767091611, 25.219269393577932, 0.0 ], [ 110.147001362525728, 25.219270113509772, 0.0 ], [ 110.147164932824623, 25.219272813046583, 0.0 ], [ 110.147328448370573, 25.219277515072779, 0.0 ], [ 110.147491879588344, 25.219284217848006, 0.0 ], [ 110.147655194767538, 25.219292950311349, 0.0 ] ] ] } },
{ "type": "Feature", "properties": { "OBJECTID": 33 }, "geometry": { "type": "Polygon", "coordinates": [ [ [ 110.157866718111151, 25.220090872689774, 0.0 ], [ 110.157908339639945, 25.220023356065646, 0.0 ], [ 110.157949961122, 25.219955839427996, 0.0 ], [ 110.157991582557216, 25.219888322776828, 0.0 ], [ 110.158033203945749, 25.219820806112139, 0.0 ], [ 110.158074825287542, 25.219753289433935, 0.0 ], [ 110.158116446582497, 25.219685772742224, 0.0 ], [ 110.158148360635238, 25.219614577803288, 0.0 ], [ 110.158183753870446, 25.219544183107267, 0.0 ], [ 110.158219147063903, 25.219473788401068, 0.0 ], [ 110.158234001710724, 25.219398520433167, 0.0 ], [ 110.158240915304646, 25.219321368261397, 0.0 ], [ 110.158214352483483, 25.21924906564988, 0.0 ], [ 110.158181436193004, 25.219177683432406, 0.0 ], [ 110.15813126443102, 25.219119975493019, 0.0 ], [ 110.158058047275134, 25.219080530094299, 0.0 ], [ 110.157984830167166, 25.219041084660326, 0.0 ], [ 110.157902126710752, 25.219025516558229, 0.0 ], [ 110.157818104795183, 25.219013267036832, 0.0 ], [ 110.157734082897832, 25.219001017468084, 0.0 ], [ 110.157650061018828, 25.21898876785199, 0.0 ], [ 110.157569454596228, 25.218996082844857, 0.0 ], [ 110.157493738000383, 25.219031408335763, 0.0 ], [ 110.157418021361792, 25.219066733786576, 0.0 ], [ 110.157342304680256, 25.219102059197311, 0.0 ], [ 110.157266587955974, 25.219137384567951, 0.0 ], [ 110.157190871188746, 25.219172709898508, 0.0 ], [ 110.157115154378687, 25.219208035188974, 0.0 ], [ 110.157039437525853, 25.219243360439354, 0.0 ], [ 110.156963720630102, 25.219278685649645, 0.0 ], [ 110.157032208563209, 25.219311369013653, 0.0 ], [ 110.157065084791981, 25.219359155883151, 0.0 ], [ 110.157030877366893, 25.219430033976536, 0.0 ], [ 110.156996669901119, 25.219500912060315, 0.0 ], [ 110.156962462394674, 25.219571790134477, 0.0 ], [ 110.156928254847543, 25.219642668199025, 0.0 ], [ 110.156894047259726, 25.21971354625396, 0.0 ], [ 110.156916395493113, 25.219760522270683, 0.0 ], [ 110.156998003410209, 25.219782453520679, 0.0 ], [ 110.157070026641833, 25.21982181258532, 0.0 ], [ 110.157138255287109, 25.21986807139109, 0.0 ], [ 110.157206483984339, 25.219914330166411, 0.0 ], [ 110.157255861069657, 25.21997704033485, 0.0 ], [ 110.157312549032596, 25.220032300582286, 0.0 ], [ 110.157391857462613, 25.220032674327246, 0.0 ], [ 110.157473945738275, 25.220012279840262, 0.0 ], [ 110.15755703882698, 25.219998409266108, 0.0 ], [ 110.15764212771316, 25.219997496495598, 0.0 ], [ 110.157724074420656, 25.2200064287054, 0.0 ], [ 110.157795396240928, 25.220048650714279, 0.0 ], [ 110.157866718111151, 25.220090872689774, 0.0 ] ] ] } },
{ "type": "Feature", "properties": { "OBJECTID": 34 }, "geometry": { "type": "Polygon", "coordinates": [ [ [ 110.155586002847542, 25.220461758691645, 0.0 ], [ 110.155895694364688, 25.2198657208863, 0.0 ], [ 110.1560470071975, 25.219321274145564, 0.0 ], [ 110.155842024942771, 25.218781887534536, 0.0 ], [ 110.1562112616121, 25.21862595504075, 0.0 ], [ 110.156666528378111, 25.218382132001178, 0.0 ], [ 110.156976209378399, 25.217786091605699, 0.0 ], [ 110.157285887290143, 25.217190050435811, 0.0 ], [ 110.157595852475851, 25.2165941337555, 0.0 ], [ 110.15733533014442, 25.216074423357572, 0.0 ], [ 110.156732069068951, 25.215709102392815, 0.0 ], [ 110.156127128275656, 25.215346122076493, 0.0 ], [ 110.155750626918206, 25.215865288260279, 0.0 ], [ 110.155204889172737, 25.215823561361791, 0.0 ], [ 110.155329882174826, 25.215311352473041, 0.0 ], [ 110.155193883693912, 25.214875049310891, 0.0 ], [ 110.154530410369546, 25.21461023443047, 0.0 ], [ 110.153846922099532, 25.214391569150344, 0.0 ], [ 110.153147290946023, 25.214220293322896, 0.0 ], [ 110.152437131750588, 25.214089085624433, 0.0 ], [ 110.151731155121595, 25.213940955427375, 0.0 ], [ 110.151040076595351, 25.213743073041883, 0.0 ], [ 110.150358444041188, 25.213519219876115, 0.0 ], [ 110.149666242112232, 25.213327373885058, 0.0 ], [ 110.148944865079599, 25.21332307558092, 0.0 ], [ 110.14824983212894, 25.213506308648491, 0.0 ], [ 110.147570811896756, 25.213735013451341, 0.0 ], [ 110.147172012129275, 25.214279282708642, 0.0 ], [ 110.146784618711109, 25.21483644285826, 0.0 ], [ 110.1463788156411, 25.215382251226494, 0.0 ], [ 110.14592800592483, 25.215889967724365, 0.0 ], [ 110.145772884972558, 25.216533948179016, 0.0 ], [ 110.14558279059311, 25.216254099407958, 0.0 ], [ 110.145127484288921, 25.21658759164082, 0.0 ], [ 110.1455953445071, 25.217028822894129, 0.0 ], [ 110.146255486840815, 25.217298997621253, 0.0 ], [ 110.146928258190172, 25.217544079302527, 0.0 ], [ 110.147583449926842, 25.217821177100348, 0.0 ], [ 110.148022981311385, 25.218334444184119, 0.0 ], [ 110.148099557804912, 25.218982391520719, 0.0 ], [ 110.148528377369786, 25.21937370117767, 0.0 ], [ 110.149242901928417, 25.219483338685958, 0.0 ], [ 110.149954216432576, 25.219609567598457, 0.0 ], [ 110.150665532460494, 25.219735793348558, 0.0 ], [ 110.151376850053154, 25.219862015744361, 0.0 ], [ 110.152088169189554, 25.21998823488396, 0.0 ], [ 110.152799489994081, 25.220114450186362, 0.0 ], [ 110.153510812330367, 25.220240662286383, 0.0 ], [ 110.154222039817043, 25.22036731294752, 0.0 ], [ 110.154926170189313, 25.220522784686207, 0.0 ], [ 110.155586002847542, 25.220461758691645, 0.0 ] ] ] } },
{ "type": "Feature", "properties": { "OBJECTID": 35 }, "geometry": { "type": "Polygon", "coordinates": [ [ [ 110.142885380403698, 25.230056781070282, 0.0 ], [ 110.142822710632174, 25.229380645087165, 0.0 ], [ 110.14279648698087, 25.228702857030438, 0.0 ], [ 110.143364801519212, 25.228532783832872, 0.0 ], [ 110.144110797462673, 25.228531650005017, 0.0 ], [ 110.144856793511735, 25.228530512410387, 0.0 ], [ 110.145515164524539, 25.228609155303133, 0.0 ], [ 110.145514656946304, 25.229287717185819, 0.0 ], [ 110.145514149498311, 25.229966279006899, 0.0 ], [ 110.14621314693315, 25.229973637145111, 0.0 ], [ 110.146957383421096, 25.229927020635536, 0.0 ], [ 110.147700760062477, 25.229870177410472, 0.0 ], [ 110.148443631396859, 25.229808040657502, 0.0 ], [ 110.149186501906996, 25.229745898310728, 0.0 ], [ 110.149929371778526, 25.2296837522087, 0.0 ], [ 110.15018355588073, 25.229208446481643, 0.0 ], [ 110.150344732338169, 25.228553816188864, 0.0 ], [ 110.150835753378843, 25.228048522694358, 0.0 ], [ 110.151193392003847, 25.227459882101382, 0.0 ], [ 110.151454108309579, 25.226824565780849, 0.0 ], [ 110.151443253214964, 25.226150001659587, 0.0 ], [ 110.151389584433119, 25.225473970908446, 0.0 ], [ 110.15162190268191, 25.224860878764666, 0.0 ], [ 110.152348888981265, 25.224983855715035, 0.0 ], [ 110.153079580990052, 25.225120515798867, 0.0 ], [ 110.153811426937168, 25.225251078003097, 0.0 ], [ 110.154004254933881, 25.224957991950276, 0.0 ], [ 110.153292785847597, 25.224791783491984, 0.0 ], [ 110.152562095458393, 25.224655124775417, 0.0 ], [ 110.151831406811155, 25.224518462485754, 0.0 ], [ 110.15110072027683, 25.224381794989228, 0.0 ], [ 110.150368419785437, 25.224252888986499, 0.0 ], [ 110.149627053187757, 25.224179981747969, 0.0 ], [ 110.148881363923536, 25.224165893478613, 0.0 ], [ 110.148135402857932, 25.224162374825827, 0.0 ], [ 110.147389441954118, 25.224158852408582, 0.0 ], [ 110.146643481212152, 25.224155326226882, 0.0 ], [ 110.145897557722037, 25.224154852028128, 0.0 ], [ 110.145165161715965, 25.22427292810201, 0.0 ], [ 110.144470396285996, 25.224519598490819, 0.0 ], [ 110.143763086814744, 25.224731569494292, 0.0 ], [ 110.143021738425546, 25.224791960852141, 0.0 ], [ 110.142439371680922, 25.22502172989466, 0.0 ], [ 110.142374192642222, 25.225697695405433, 0.0 ], [ 110.142308449585258, 25.226373616974616, 0.0 ], [ 110.142243171876927, 25.227049574393199, 0.0 ], [ 110.142220988672889, 25.22772758669133, 0.0 ], [ 110.142228683653855, 25.228406112231347, 0.0 ], [ 110.142238815804561, 25.229084591316035, 0.0 ], [ 110.142327770165707, 25.229757627476889, 0.0 ], [ 110.142885380403698, 25.230056781070282, 0.0 ] ] ] } },
{ "type": "Feature", "properties": { "OBJECTID": 36 }, "geometry": { "type": "Polygon", "coordinates": [ [ [ 110.165304497854535, 25.232870905404901, 0.0 ], [ 110.165741280346268, 25.232877553894681, 0.0 ], [ 110.166177801798455, 25.232892813893034, 0.0 ], [ 110.166613860425642, 25.232916634042631, 0.0 ], [ 110.167049682027354, 25.232943916104581, 0.0 ], [ 110.167485503824395, 25.232971197398179, 0.0 ], [ 110.167921337314283, 25.23299832261597, 0.0 ], [ 110.168357591408892, 25.2330189239958, 0.0 ], [ 110.168794273984659, 25.233029649599242, 0.0 ], [ 110.169231115006099, 25.233030516010743, 0.0 ], [ 110.169667951766414, 25.233027076960287, 0.0 ], [ 110.16995477830838, 25.232808228530025, 0.0 ], [ 110.169823591681862, 25.232429219828919, 0.0 ], [ 110.169691471962935, 25.232050479438776, 0.0 ], [ 110.169559053207408, 25.231671825499067, 0.0 ], [ 110.16942663523993, 25.231293171442349, 0.0 ], [ 110.169294218060429, 25.230914517268626, 0.0 ], [ 110.169161801668835, 25.230535862977913, 0.0 ], [ 110.16902938572818, 25.230157208667698, 0.0 ], [ 110.168842186463507, 25.229825957368991, 0.0 ], [ 110.168543270802374, 25.230053806753222, 0.0 ], [ 110.168243449243988, 25.230342625415403, 0.0 ], [ 110.167917613168939, 25.230607106766087, 0.0 ], [ 110.167568141134851, 25.230845318749473, 0.0 ], [ 110.167197585260297, 25.231055521975161, 0.0 ], [ 110.166808651388124, 25.231236181170118, 0.0 ], [ 110.166404179838807, 25.231385977163374, 0.0 ], [ 110.165987124575338, 25.231503816825708, 0.0 ], [ 110.165560530818837, 25.231588838601105, 0.0 ], [ 110.165127530823582, 25.231640585839315, 0.0 ], [ 110.164692689451329, 25.231678625382777, 0.0 ], [ 110.164257847847651, 25.231716663639293, 0.0 ], [ 110.163823006012521, 25.231754700608853, 0.0 ], [ 110.163388163946081, 25.23179273629145, 0.0 ], [ 110.162953321648331, 25.231830770687093, 0.0 ], [ 110.162518479119186, 25.231868803795756, 0.0 ], [ 110.162083636358858, 25.231906835617433, 0.0 ], [ 110.161648793367263, 25.231944866152133, 0.0 ], [ 110.161245009816781, 25.23203581963924, 0.0 ], [ 110.16112014710464, 25.232386454896474, 0.0 ], [ 110.161155109170977, 25.23278252813131, 0.0 ], [ 110.161394684897829, 25.233067814336213, 0.0 ], [ 110.161818512567265, 25.233073121254488, 0.0 ], [ 110.162253580241213, 25.233037239209825, 0.0 ], [ 110.162688647698971, 25.233001355877224, 0.0 ], [ 110.163123714940824, 25.232965471256691, 0.0 ], [ 110.16355886292861, 25.232930427311853, 0.0 ], [ 110.163994636959302, 25.23290263891824, 0.0 ], [ 110.164430970874889, 25.232883450352578, 0.0 ], [ 110.164867659605093, 25.23287287140985, 0.0 ], [ 110.165304497854535, 25.232870905404901, 0.0 ] ] ] } },
{ "type": "Feature", "properties": { "OBJECTID": 37 }, "geometry": { "type": "Polygon", "coordinates": [ [ [ 110.160708486267424, 25.232234268313899, 0.0 ], [ 110.160495088984703, 25.2320679472653, 0.0 ], [ 110.160223311187167, 25.232069527685994, 0.0 ], [ 110.159943577097934, 25.232093989262445, 0.0 ], [ 110.159663842913062, 25.232118450306288, 0.0 ], [ 110.159384108632551, 25.232142910817526, 0.0 ], [ 110.15910437425643, 25.232167370796141, 0.0 ], [ 110.158824639784683, 25.232191830242154, 0.0 ], [ 110.158544905217326, 25.232216289155545, 0.0 ], [ 110.158265170554998, 25.232240747542338, 0.0 ], [ 110.157985435798111, 25.232265205405881, 0.0 ], [ 110.157705700945655, 25.232289662736793, 0.0 ], [ 110.157425965997547, 25.232314119535079, 0.0 ], [ 110.15714623095387, 25.232338575800757, 0.0 ], [ 110.156866495814697, 25.232363031533801, 0.0 ], [ 110.15658676057997, 25.232387486734208, 0.0 ], [ 110.156307025249646, 25.232411941401999, 0.0 ], [ 110.156027289823768, 25.232436395537153, 0.0 ], [ 110.155747554302422, 25.232460849139681, 0.0 ], [ 110.155467818685565, 25.232485302209565, 0.0 ], [ 110.155188082973112, 25.232509754746829, 0.0 ], [ 110.154908347159818, 25.232534206700407, 0.0 ], [ 110.154720509643781, 25.232711368015927, 0.0 ], [ 110.154699404445338, 25.232956698113192, 0.0 ], [ 110.154712751018835, 25.233212022235886, 0.0 ], [ 110.154734220667137, 25.233463337474273, 0.0 ], [ 110.154962286194859, 25.233612689878559, 0.0 ], [ 110.155234240400873, 25.233615995041429, 0.0 ], [ 110.155514120552837, 25.233592924967777, 0.0 ], [ 110.155794000615586, 25.233569854361107, 0.0 ], [ 110.156073880589133, 25.23354678322141, 0.0 ], [ 110.156353760473436, 25.233523711548685, 0.0 ], [ 110.156633640268581, 25.233500639342932, 0.0 ], [ 110.15691351997441, 25.233477566604165, 0.0 ], [ 110.157193399590966, 25.233454493332378, 0.0 ], [ 110.157473279118278, 25.23343141952757, 0.0 ], [ 110.157753158556332, 25.233408345189737, 0.0 ], [ 110.15803303790517, 25.233385270318895, 0.0 ], [ 110.158312917164636, 25.233362194915038, 0.0 ], [ 110.15859279633483, 25.233339118978169, 0.0 ], [ 110.158872675415722, 25.233316042508292, 0.0 ], [ 110.159152554407299, 25.233292965505399, 0.0 ], [ 110.159432433309576, 25.233269887969499, 0.0 ], [ 110.159712312122508, 25.233246809900599, 0.0 ], [ 110.159992190846211, 25.23322373129869, 0.0 ], [ 110.16027206948047, 25.233200652163777, 0.0 ], [ 110.160544966653617, 25.233163265698838, 0.0 ], [ 110.160751538876113, 25.232989960740255, 0.0 ], [ 110.160753466787227, 25.232743854358905, 0.0 ], [ 110.160730976328196, 25.232489061352972, 0.0 ], [ 110.160708486267424, 25.232234268313899, 0.0 ] ] ] } },
{ "type": "Feature", "properties": { "OBJECTID": 38 }, "geometry": { "type": "Polygon", "coordinates": [ [ [ 110.154194963108353, 25.232809564674831, 0.0 ], [ 110.153954494339999, 25.232617579821767, 0.0 ], [ 110.15363077123763, 25.232645873868247, 0.0 ], [ 110.153307201502002, 25.232675526623364, 0.0 ], [ 110.152985026715584, 25.232715716999969, 0.0 ], [ 110.152664976329604, 25.232768100988114, 0.0 ], [ 110.152347608530889, 25.232832589847039, 0.0 ], [ 110.152033475646974, 25.232909068455065, 0.0 ], [ 110.151723125057444, 25.232997404135737, 0.0 ], [ 110.151417097799992, 25.233097443871848, 0.0 ], [ 110.151115927126938, 25.233209013325016, 0.0 ], [ 110.150820137351118, 25.233331917160175, 0.0 ], [ 110.150530243767562, 25.23346594126426, 0.0 ], [ 110.150246752231325, 25.233610853415691, 0.0 ], [ 110.14997015587663, 25.233766399771344, 0.0 ], [ 110.149700937086237, 25.233932310025793, 0.0 ], [ 110.149439564798868, 25.234108294886571, 0.0 ], [ 110.149186494586289, 25.234294047901791, 0.0 ], [ 110.148942167235958, 25.234489245224381, 0.0 ], [ 110.148707008493076, 25.234693546769677, 0.0 ], [ 110.148480478153033, 25.234905778749972, 0.0 ], [ 110.148255479063096, 25.235119366532867, 0.0 ], [ 110.148030479185763, 25.23533295394644, 0.0 ], [ 110.147805478521022, 25.235546540990697, 0.0 ], [ 110.147779262293028, 25.235822356629196, 0.0 ], [ 110.148012432480058, 25.236028494779799, 0.0 ], [ 110.148237735998663, 25.23624181865004, 0.0 ], [ 110.148513139111017, 25.236318608941119, 0.0 ], [ 110.148770330154122, 25.236160715851273, 0.0 ], [ 110.148995641018317, 25.235947398765411, 0.0 ], [ 110.14922293168577, 25.235735829222936, 0.0 ], [ 110.149454170323679, 25.235527834478134, 0.0 ], [ 110.14969117314017, 25.23532528644057, 0.0 ], [ 110.14993556065734, 25.235130143903618, 0.0 ], [ 110.150188703053416, 25.234944477301383, 0.0 ], [ 110.150451585851982, 25.234770381224845, 0.0 ], [ 110.150724058426078, 25.234608944258813, 0.0 ], [ 110.151005389934824, 25.234460610390233, 0.0 ], [ 110.151294819631488, 25.234325781193228, 0.0 ], [ 110.151591564520359, 25.234204821165811, 0.0 ], [ 110.151894822109327, 25.23409805786093, 0.0 ], [ 110.152203771618133, 25.234005778703249, 0.0 ], [ 110.152517574110277, 25.233928220628254, 0.0 ], [ 110.152835183443145, 25.233864729956625, 0.0 ], [ 110.153155422468302, 25.233813269831934, 0.0 ], [ 110.153477380035241, 25.233771568387656, 0.0 ], [ 110.153800394712803, 25.233737246929969, 0.0 ], [ 110.154090357292375, 25.23364062874197, 0.0 ], [ 110.154225852427217, 25.233400509294423, 0.0 ], [ 110.154210407945072, 25.233105036981517, 0.0 ], [ 110.154194963108353, 25.232809564674831, 0.0 ] ] ] } },
{ "type": "Feature", "properties": { "OBJECTID": 39 }, "geometry": { "type": "Polygon", "coordinates": [ [ [ 110.170759257323695, 25.235753904372647, 0.0 ], [ 110.170885287410599, 25.236048487800343, 0.0 ], [ 110.170991905693541, 25.236370921052046, 0.0 ], [ 110.171098524515344, 25.236693354227153, 0.0 ], [ 110.171206118125525, 25.237006629841495, 0.0 ], [ 110.171255485740062, 25.236697925365771, 0.0 ], [ 110.171148866362145, 25.236375492330431, 0.0 ], [ 110.17104224752309, 25.236053059218509, 0.0 ], [ 110.170935629222868, 25.235730626029994, 0.0 ], [ 110.170829011580238, 25.235408192732432, 0.0 ], [ 110.17072239447657, 25.23508575935821, 0.0 ], [ 110.170615754714788, 25.234763332280938, 0.0 ], [ 110.170508634388923, 25.234441037122636, 0.0 ], [ 110.170400852454748, 25.234118924563269, 0.0 ], [ 110.170292409510168, 25.23379699567846, 0.0 ], [ 110.170032301830133, 25.233573133410712, 0.0 ], [ 110.169664737759945, 25.233568707560586, 0.0 ], [ 110.169294574498608, 25.233571621718532, 0.0 ], [ 110.16892440367144, 25.233572532864486, 0.0 ], [ 110.168554287184989, 25.23356677296216, 0.0 ], [ 110.168184376779195, 25.233554151023434, 0.0 ], [ 110.167814826181143, 25.233534673326719, 0.0 ], [ 110.167445522516573, 25.233511560740816, 0.0 ], [ 110.167076219293463, 25.233488443607857, 0.0 ], [ 110.16671762037403, 25.233494354495349, 0.0 ], [ 110.166556844194147, 25.233757199763605, 0.0 ], [ 110.16659331577938, 25.23409226185176, 0.0 ], [ 110.166629787536593, 25.234427323920986, 0.0 ], [ 110.166668304321021, 25.234762190215722, 0.0 ], [ 110.166715766943355, 25.235096102437144, 0.0 ], [ 110.166772488549626, 25.235428817532473, 0.0 ], [ 110.166838432360436, 25.235760123260523, 0.0 ], [ 110.167075552998469, 25.235860099615355, 0.0 ], [ 110.16743678584902, 25.235786505602292, 0.0 ], [ 110.167798018290469, 25.23571291069408, 0.0 ], [ 110.168151185382143, 25.235761624838826, 0.0 ], [ 110.168431842553929, 25.235976874929495, 0.0 ], [ 110.168582807532417, 25.236281246516072, 0.0 ], [ 110.168620147537894, 25.236615689192327, 0.0 ], [ 110.168739375349887, 25.236933271145787, 0.0 ], [ 110.168992626571637, 25.237168977183309, 0.0 ], [ 110.169296606018406, 25.237342263817983, 0.0 ], [ 110.169620251551791, 25.237343644800763, 0.0 ], [ 110.169984898561481, 25.237285639995079, 0.0 ], [ 110.169970836746515, 25.236987476351974, 0.0 ], [ 110.169904958563933, 25.236656150442702, 0.0 ], [ 110.169839080711867, 25.236324824498425, 0.0 ], [ 110.169784089146106, 25.235992199502881, 0.0 ], [ 110.170027047454795, 25.235853595966176, 0.0 ], [ 110.170393152524909, 25.235803750627024, 0.0 ], [ 110.170759257323695, 25.235753904372647, 0.0 ] ] ] } },
{ "type": "Feature", "properties": { "OBJECTID": 40 }, "geometry": { "type": "Polygon", "coordinates": [ [ [ 110.147575137922175, 25.236019476480575, 0.0 ], [ 110.147308379031671, 25.236018420025903, 0.0 ], [ 110.147117241063555, 25.236199858875743, 0.0 ], [ 110.146926102614415, 25.236381297535107, 0.0 ], [ 110.146734963597027, 25.236562735927922, 0.0 ], [ 110.146543824011445, 25.236744174054188, 0.0 ], [ 110.146352683857515, 25.236925611913893, 0.0 ], [ 110.146161543135321, 25.237107049507021, 0.0 ], [ 110.145970401844849, 25.237288486833584, 0.0 ], [ 110.14577925998617, 25.237469923893563, 0.0 ], [ 110.145588117559114, 25.23765136068695, 0.0 ], [ 110.145396974563837, 25.237832797213755, 0.0 ], [ 110.145205831000112, 25.238014233473955, 0.0 ], [ 110.145014686868222, 25.238195669467562, 0.0 ], [ 110.144823542167956, 25.238377105194541, 0.0 ], [ 110.144632396899354, 25.238558540654918, 0.0 ], [ 110.144441251062531, 25.238739975848667, 0.0 ], [ 110.144250104657274, 25.238921410775792, 0.0 ], [ 110.144058957683683, 25.239102845436278, 0.0 ], [ 110.143867810141771, 25.239284279830123, 0.0 ], [ 110.143676662031567, 25.239465713957326, 0.0 ], [ 110.143485513352942, 25.23964714781787, 0.0 ], [ 110.143448497012102, 25.239879456812545, 0.0 ], [ 110.14358309418003, 25.240080897367228, 0.0 ], [ 110.143782577427928, 25.240254751695211, 0.0 ], [ 110.143982060937319, 25.2404286060559, 0.0 ], [ 110.144255760446882, 25.240400888088164, 0.0 ], [ 110.144463183302037, 25.240249157859317, 0.0 ], [ 110.144654332372781, 25.240067723461451, 0.0 ], [ 110.144845480875304, 25.239886288796939, 0.0 ], [ 110.145036628809379, 25.239704853865799, 0.0 ], [ 110.145227776175091, 25.239523418668028, 0.0 ], [ 110.145418922972468, 25.23934198320363, 0.0 ], [ 110.145610069201496, 25.239160547472622, 0.0 ], [ 110.145801214862161, 25.238979111475, 0.0 ], [ 110.145992359954505, 25.238797675210769, 0.0 ], [ 110.146183504478444, 25.238616238679949, 0.0 ], [ 110.14637464843419, 25.238434801882537, 0.0 ], [ 110.146565791821558, 25.238253364818533, 0.0 ], [ 110.146756934640607, 25.238071927487937, 0.0 ], [ 110.14694807689142, 25.237890489890784, 0.0 ], [ 110.147139218573784, 25.237709052027064, 0.0 ], [ 110.147330359687928, 25.237527613896773, 0.0 ], [ 110.147521500233779, 25.237346175499923, 0.0 ], [ 110.147712640211424, 25.237164736836529, 0.0 ], [ 110.147903779620705, 25.236983297906594, 0.0 ], [ 110.148094918428058, 25.236801858680781, 0.0 ], [ 110.148150487092138, 25.236557968363467, 0.0 ], [ 110.147965527304038, 25.236374962469796, 0.0 ], [ 110.147773983467545, 25.236193878557113, 0.0 ], [ 110.147575137922175, 25.236019476480575, 0.0 ] ] ] } },
{ "type": "Feature", "properties": { "OBJECTID": 41 }, "geometry": { "type": "Polygon", "coordinates": [ [ [ 110.138623833422102, 25.245791347411963, 0.0 ], [ 110.138934608217582, 25.245496406654734, 0.0 ], [ 110.139245381510591, 25.245201465192348, 0.0 ], [ 110.139556153301001, 25.24490652302482, 0.0 ], [ 110.139866923588968, 25.244611580152181, 0.0 ], [ 110.140177692374465, 25.244316636574446, 0.0 ], [ 110.140488459657419, 25.244021692291657, 0.0 ], [ 110.140799225437931, 25.243726747303821, 0.0 ], [ 110.141109989716114, 25.243431801610981, 0.0 ], [ 110.141420752491925, 25.243136855213159, 0.0 ], [ 110.141731513765293, 25.242841908110378, 0.0 ], [ 110.142042273536333, 25.242546960302661, 0.0 ], [ 110.142353031805129, 25.242252011790043, 0.0 ], [ 110.142663788571554, 25.241957062572542, 0.0 ], [ 110.142974543835805, 25.241662112650193, 0.0 ], [ 110.143285297597728, 25.241367162023014, 0.0 ], [ 110.143596049804302, 25.241072210644731, 0.0 ], [ 110.143573669325733, 25.240697754969052, 0.0 ], [ 110.143249373580744, 25.240415123118236, 0.0 ], [ 110.142853234207138, 25.240289394719753, 0.0 ], [ 110.142529145001646, 25.240554897844998, 0.0 ], [ 110.14221839299536, 25.240849848141941, 0.0 ], [ 110.141907639486831, 25.241144797734048, 0.0 ], [ 110.141596884476172, 25.241439746621296, 0.0 ], [ 110.141286127963212, 25.24173469480364, 0.0 ], [ 110.140975369948066, 25.242029642281071, 0.0 ], [ 110.140664610430591, 25.242324589053563, 0.0 ], [ 110.140353849410886, 25.242619535121083, 0.0 ], [ 110.140038851025523, 25.242910676281671, 0.0 ], [ 110.139691752476352, 25.243169393675888, 0.0 ], [ 110.139307517265905, 25.243380268254167, 0.0 ], [ 110.138894041492307, 25.243538931949104, 0.0 ], [ 110.138459847332655, 25.243642118030785, 0.0 ], [ 110.138013881715693, 25.243687696505543, 0.0 ], [ 110.137565335665485, 25.243674731757423, 0.0 ], [ 110.137123452841266, 25.243603488057932, 0.0 ], [ 110.136696723952326, 25.243476899466238, 0.0 ], [ 110.13627967989585, 25.243325216664708, 0.0 ], [ 110.135908910988618, 25.243444736045301, 0.0 ], [ 110.135662230876932, 25.243786118517214, 0.0 ], [ 110.135415549369313, 25.244127500525025, 0.0 ], [ 110.135168866329735, 25.244468881987526, 0.0 ], [ 110.135285899904446, 25.244789301070643, 0.0 ], [ 110.135713200284584, 25.244915169112033, 0.0 ], [ 110.136137318676177, 25.245049646036644, 0.0 ], [ 110.136558044921614, 25.24519266664613, 0.0 ], [ 110.13697517106263, 25.245344160038474, 0.0 ], [ 110.137388491246739, 25.2455040504666, 0.0 ], [ 110.137797801126254, 25.245672259008128, 0.0 ], [ 110.138202897881555, 25.24584870340907, 0.0 ], [ 110.138623833422102, 25.245791347411963, 0.0 ] ] ] } },
{ "type": "Feature", "properties": { "OBJECTID": 42 }, "geometry": { "type": "Polygon", "coordinates": [ [ [ 110.166748043270672, 25.246309744950764, 0.0 ], [ 110.167497765721379, 25.246497995781521, 0.0 ], [ 110.168268764351808, 25.24639495840184, 0.0 ], [ 110.169040719036374, 25.246268914120893, 0.0 ], [ 110.169806778878581, 25.246129016081298, 0.0 ], [ 110.170494625684256, 25.245787231432121, 0.0 ], [ 110.171267179967828, 25.245731345297475, 0.0 ], [ 110.172013505927836, 25.245653189474684, 0.0 ], [ 110.172266097004453, 25.245014360382228, 0.0 ], [ 110.172572376040506, 25.244473304245407, 0.0 ], [ 110.172537229255042, 25.243759512970698, 0.0 ], [ 110.172466533315145, 25.243047992818521, 0.0 ], [ 110.172365743813245, 25.242339380672224, 0.0 ], [ 110.172264195359972, 25.241630856038359, 0.0 ], [ 110.172162647960789, 25.240922331297291, 0.0 ], [ 110.172061101615483, 25.240213806449024, 0.0 ], [ 110.171958986832365, 25.239505350412081, 0.0 ], [ 110.17183434833612, 25.238799938333546, 0.0 ], [ 110.171676106978865, 25.238100122147873, 0.0 ], [ 110.171281176831187, 25.237560162396086, 0.0 ], [ 110.17050426195182, 25.237665981652551, 0.0 ], [ 110.169729521017118, 25.23778420451357, 0.0 ], [ 110.169427210043693, 25.238257058591049, 0.0 ], [ 110.169899506483048, 25.238733268404847, 0.0 ], [ 110.169633520108931, 25.239340784909931, 0.0 ], [ 110.169315577632545, 25.239968033806687, 0.0 ], [ 110.168606953849775, 25.24021779240087, 0.0 ], [ 110.16783540382049, 25.240276362203069, 0.0 ], [ 110.167586346856069, 25.239696922624155, 0.0 ], [ 110.167441521125355, 25.238999428603371, 0.0 ], [ 110.167121582496492, 25.238506164125891, 0.0 ], [ 110.166410555539173, 25.238809714736405, 0.0 ], [ 110.165722348460264, 25.239154038650572, 0.0 ], [ 110.165059784785882, 25.239537724813321, 0.0 ], [ 110.164425582191569, 25.239959199295722, 0.0 ], [ 110.163826725992521, 25.240421144100569, 0.0 ], [ 110.163285205027734, 25.240938427197662, 0.0 ], [ 110.162799617351695, 25.241499770531036, 0.0 ], [ 110.162374274439685, 25.242100190053975, 0.0 ], [ 110.162012954135221, 25.242734355394656, 0.0 ], [ 110.161718864238594, 25.243396635647308, 0.0 ], [ 110.16167227101657, 25.244080679066006, 0.0 ], [ 110.162176238747733, 25.24462880838874, 0.0 ], [ 110.162655542765648, 25.245194810825716, 0.0 ], [ 110.163096838592409, 25.245785829178754, 0.0 ], [ 110.163498550950592, 25.246399755303909, 0.0 ], [ 110.16385924673348, 25.247034398641901, 0.0 ], [ 110.16454854291581, 25.247020100065761, 0.0 ], [ 110.16532009041407, 25.246885418605935, 0.0 ], [ 110.166057326179484, 25.246645179657694, 0.0 ], [ 110.166748043270672, 25.246309744950764, 0.0 ] ] ] } },
{ "type": "Feature", "properties": { "OBJECTID": 43 }, "geometry": { "type": "Polygon", "coordinates": [ [ [ 110.160951669973443, 25.257600693349687, 0.0 ], [ 110.160772905557451, 25.257769861701128, 0.0 ], [ 110.160594059944799, 25.257940732963959, 0.0 ], [ 110.160415213830916, 25.258111603993374, 0.0 ], [ 110.160236367215703, 25.258282474789358, 0.0 ], [ 110.160057520099116, 25.258453345351899, 0.0 ], [ 110.159878672481256, 25.258624215681017, 0.0 ], [ 110.159699824362079, 25.258795085776679, 0.0 ], [ 110.159520975741472, 25.258965955638899, 0.0 ], [ 110.159387463324563, 25.259135904477294, 0.0 ], [ 110.159606316046037, 25.259226441415745, 0.0 ], [ 110.159862043791335, 25.259216293875703, 0.0 ], [ 110.160041765928256, 25.25904618330355, 0.0 ], [ 110.160221487722922, 25.258876072634877, 0.0 ], [ 110.160401209016172, 25.258705961730662, 0.0 ], [ 110.160580929807992, 25.258535850590917, 0.0 ], [ 110.160760650098354, 25.258365739215659, 0.0 ], [ 110.160940369887385, 25.258195627604881, 0.0 ], [ 110.161100349191614, 25.258017592919018, 0.0 ], [ 110.161117261899264, 25.25778225780001, 0.0 ], [ 110.160951669973443, 25.257600693349687, 0.0 ] ] ] } },
{ "type": "Feature", "properties": { "OBJECTID": 44 }, "geometry": { "type": "Polygon", "coordinates": [ [ [ 110.157474686621129, 25.262352836443061, 0.0 ], [ 110.157106837495121, 25.262336030438831, 0.0 ], [ 110.157137997199669, 25.262559439562793, 0.0 ], [ 110.157411285994129, 25.262797910031122, 0.0 ], [ 110.157684575857814, 25.263036380013382, 0.0 ], [ 110.157957866790468, 25.26327484950955, 0.0 ], [ 110.158231158792375, 25.263513318519617, 0.0 ], [ 110.15850445186328, 25.26375178704355, 0.0 ], [ 110.158777746003409, 25.263990255081353, 0.0 ], [ 110.159051041212678, 25.264228722632989, 0.0 ], [ 110.159324337491071, 25.264467189698454, 0.0 ], [ 110.15959309031841, 25.264505453330326, 0.0 ], [ 110.159661028404301, 25.264260581993376, 0.0 ], [ 110.159387731939361, 25.264022115501113, 0.0 ], [ 110.159114436543675, 25.263783648522661, 0.0 ], [ 110.158841142217113, 25.263545181058053, 0.0 ], [ 110.158567848959791, 25.263306713107287, 0.0 ], [ 110.158294556771423, 25.263068244670382, 0.0 ], [ 110.158021265652238, 25.262829775747377, 0.0 ], [ 110.157747975602135, 25.262591306338262, 0.0 ], [ 110.157474686621129, 25.262352836443061, 0.0 ] ] ] } },
{ "type": "Feature", "properties": { "OBJECTID": 45 }, "geometry": { "type": "Polygon", "coordinates": [ [ [ 110.158314400179663, 25.261527983746646, 0.0 ], [ 110.15808779627433, 25.262012140952415, 0.0 ], [ 110.158785279221192, 25.262620752441858, 0.0 ], [ 110.159482769131657, 25.263229360764896, 0.0 ], [ 110.160180266005796, 25.263837965921251, 0.0 ], [ 110.160878096023282, 25.264446258009443, 0.0 ], [ 110.161593967628178, 25.265036766315195, 0.0 ], [ 110.162368443344604, 25.265561738280947, 0.0 ], [ 110.163217079193132, 25.265981038484906, 0.0 ], [ 110.164123922868313, 25.266283239469352, 0.0 ], [ 110.165069557436809, 25.266461878516967, 0.0 ], [ 110.165263574011846, 25.266008146792277, 0.0 ], [ 110.164316460958915, 25.265836567946163, 0.0 ], [ 110.163409614977866, 25.265534633016873, 0.0 ], [ 110.162564595291315, 25.265109521162639, 0.0 ], [ 110.16180149099354, 25.264571338862545, 0.0 ], [ 110.161102658782255, 25.263964024835715, 0.0 ], [ 110.160405583686028, 25.263355019307621, 0.0 ], [ 110.159708515553632, 25.262746010616556, 0.0 ], [ 110.159011454384924, 25.262136998762809, 0.0 ], [ 110.158314400179663, 25.261527983746646, 0.0 ] ] ] } },
{ "type": "Feature", "properties": { "OBJECTID": 46 }, "geometry": { "type": "Polygon", "coordinates": [ [ [ 110.16653761425421, 25.266535022258211, 0.0 ], [ 110.167260391560646, 25.266536134002852, 0.0 ], [ 110.167983170630137, 25.266536609705184, 0.0 ], [ 110.168705949814125, 25.266537081868218, 0.0 ], [ 110.169428729112482, 25.266537550491954, 0.0 ], [ 110.170151508525066, 25.266538015576391, 0.0 ], [ 110.170874288051721, 25.266538477121529, 0.0 ], [ 110.171575014719409, 25.266396679901074, 0.0 ], [ 110.172211873565871, 25.26608783119768, 0.0 ], [ 110.172811628646855, 25.265721112982824, 0.0 ], [ 110.172416098544403, 25.265714940409886, 0.0 ], [ 110.171762694858714, 25.265995645703413, 0.0 ], [ 110.17104731944805, 25.266052113146099, 0.0 ], [ 110.170324542783746, 25.266051641545104, 0.0 ], [ 110.169601766233541, 25.2660511664049, 0.0 ], [ 110.168878989797662, 25.266050687725471, 0.0 ], [ 110.168156213476223, 25.266050205506829, 0.0 ], [ 110.167433437269452, 25.266049719748963, 0.0 ], [ 110.166710661177362, 25.266049230451891, 0.0 ], [ 110.166066730135256, 25.266212929812244, 0.0 ], [ 110.16653761425421, 25.266535022258211, 0.0 ] ] ] } },
{ "type": "Feature", "properties": { "OBJECTID": 47 }, "geometry": { "type": "Polygon", "coordinates": [ [ [ 110.160471476724197, 25.264966438564077, 0.0 ], [ 110.160366636754958, 25.26537209720053, 0.0 ], [ 110.160835072285892, 25.265753346564576, 0.0 ], [ 110.161325250027929, 25.26611118717544, 0.0 ], [ 110.161843386926591, 25.266434723958636, 0.0 ], [ 110.162388822994515, 25.2667187459395, 0.0 ], [ 110.162957938494159, 25.266961330774443, 0.0 ], [ 110.163546934375717, 25.267160858421612, 0.0 ], [ 110.164151878034261, 25.267315998479273, 0.0 ], [ 110.164768731429561, 25.267425713555312, 0.0 ], [ 110.165393230282703, 25.267490725094742, 0.0 ], [ 110.165433366161949, 25.267189226124106, 0.0 ], [ 110.164838787343569, 25.267070202275665, 0.0 ], [ 110.164222058676884, 25.266960008554832, 0.0 ], [ 110.163618049394245, 25.266801956558091, 0.0 ], [ 110.163031242600567, 25.266597218781641, 0.0 ], [ 110.162465993455143, 25.266347314996136, 0.0 ], [ 110.161926496137895, 25.266054101333108, 0.0 ], [ 110.161416513173364, 25.265720038944448, 0.0 ], [ 110.160934324885716, 25.265353309737062, 0.0 ], [ 110.160471476724197, 25.264966438564077, 0.0 ] ] ] } },
{ "type": "Feature", "properties": { "OBJECTID": 48 }, "geometry": { "type": "Polygon", "coordinates": [ [ [ 110.171665167335576, 25.267369239193251, 0.0 ], [ 110.171502508443979, 25.267224537751151, 0.0 ], [ 110.171299106531194, 25.267170593067664, 0.0 ], [ 110.171071551864515, 25.267170448816042, 0.0 ], [ 110.170843997209062, 25.267170304213593, 0.0 ], [ 110.170616442564977, 25.267170159260335, 0.0 ], [ 110.170388887932191, 25.267170013956243, 0.0 ], [ 110.170161333310716, 25.267169868301334, 0.0 ], [ 110.169933778700468, 25.267169722295609, 0.0 ], [ 110.169745624895285, 25.267258055784033, 0.0 ], [ 110.169671907536312, 25.267436643721002, 0.0 ], [ 110.169796052954666, 25.26753068839577, 0.0 ], [ 110.170023608231148, 25.267530834694579, 0.0 ], [ 110.170251163518955, 25.267530980642576, 0.0 ], [ 110.170478718818131, 25.267531126239753, 0.0 ], [ 110.170706274128548, 25.267531271486089, 0.0 ], [ 110.170933829450263, 25.267531416381605, 0.0 ], [ 110.171161384783332, 25.267531560926297, 0.0 ], [ 110.171388940127684, 25.267531705120163, 0.0 ], [ 110.171616495483264, 25.267531848963202, 0.0 ], [ 110.171665167335576, 25.267369239193251, 0.0 ] ] ] } },
{ "type": "Feature", "properties": { "OBJECTID": 49 }, "geometry": { "type": "Polygon", "coordinates": [ [ [ 110.166536932853489, 25.267527937263683, 0.0 ], [ 110.1669083450644, 25.267528801774237, 0.0 ], [ 110.167279758884064, 25.267529047339842, 0.0 ], [ 110.167651172733926, 25.267529292221216, 0.0 ], [ 110.168022586613972, 25.267529536167977, 0.0 ], [ 110.168394000524245, 25.267529779180119, 0.0 ], [ 110.16876541446473, 25.267530021257642, 0.0 ], [ 110.169136828435413, 25.267530262400552, 0.0 ], [ 110.169508242436265, 25.267530502608839, 0.0 ], [ 110.169482180687424, 25.267260388522054, 0.0 ], [ 110.169151425590627, 25.267169217227025, 0.0 ], [ 110.16878001271769, 25.267168976080374, 0.0 ], [ 110.168408599874866, 25.267168733999114, 0.0 ], [ 110.168037187062268, 25.267168490983252, 0.0 ], [ 110.167665774279968, 25.267168247032803, 0.0 ], [ 110.167294361527837, 25.267168002147724, 0.0 ], [ 110.166922948806061, 25.267167756328064, 0.0 ], [ 110.166551537477574, 25.267166953414687, 0.0 ], [ 110.166238451016937, 25.267285125272167, 0.0 ], [ 110.16616555173097, 25.267523690538397, 0.0 ], [ 110.166536932853489, 25.267527937263683, 0.0 ] ] ] } },
{ "type": "Feature", "properties": { "OBJECTID": 50 }, "geometry": { "type": "Polygon", "coordinates": [ [ [ 110.150407680112707, 25.256872826138501, 0.0 ], [ 110.148668452708918, 25.256511550587099, 0.0 ], [ 110.146889470626874, 25.256633393461392, 0.0 ], [ 110.14522936546058, 25.257227493938764, 0.0 ], [ 110.143816040850552, 25.25819805459739, 0.0 ], [ 110.144172007404393, 25.258280057848427, 0.0 ], [ 110.145686580673114, 25.257414465250939, 0.0 ], [ 110.147383718734389, 25.256917235075534, 0.0 ], [ 110.149166679584695, 25.256932480568224, 0.0 ], [ 110.150853237960817, 25.2574586439714, 0.0 ], [ 110.152294995958528, 25.258417907968902, 0.0 ], [ 110.153631974618179, 25.259499974144067, 0.0 ], [ 110.154767220781423, 25.260616049986467, 0.0 ], [ 110.154828182212995, 25.261767200603668, 0.0 ], [ 110.155512864427791, 25.26234283479306, 0.0 ], [ 110.155906491071036, 25.260984413608671, 0.0 ], [ 110.154614398428919, 25.259856885825911, 0.0 ], [ 110.15326819291316, 25.258788460078872, 0.0 ], [ 110.151952064540353, 25.257685009018179, 0.0 ], [ 110.150407680112707, 25.256872826138501, 0.0 ] ] ] } },
{ "type": "Feature", "properties": { "OBJECTID": 51 }, "geometry": { "type": "Polygon", "coordinates": [ [ [ 110.157680187992, 25.261281404735694, 0.0 ], [ 110.158800606618982, 25.260220949540994, 0.0 ], [ 110.158634044067696, 25.259813308624977, 0.0 ], [ 110.15751793518352, 25.260832103422633, 0.0 ], [ 110.156351805493884, 25.259813219498472, 0.0 ], [ 110.155185695317769, 25.258794326701295, 0.0 ], [ 110.154019604375705, 25.25777542529611, 0.0 ], [ 110.152978570556058, 25.25666906930493, 0.0 ], [ 110.152217041621483, 25.255508889837973, 0.0 ], [ 110.152681998372373, 25.254221528275092, 0.0 ], [ 110.154965860189037, 25.253770287593984, 0.0 ], [ 110.155213564429701, 25.253307858794543, 0.0 ], [ 110.15368020750212, 25.253312472673571, 0.0 ], [ 110.152156652873302, 25.253737679086413, 0.0 ], [ 110.151395156832606, 25.254986743667214, 0.0 ], [ 110.151891404233609, 25.256346117927258, 0.0 ], [ 110.153031852562791, 25.257387461582169, 0.0 ], [ 110.154192176525868, 25.258411682175353, 0.0 ], [ 110.1552745367825, 25.259504095954782, 0.0 ], [ 110.156410903468156, 25.260548875071787, 0.0 ], [ 110.157680187992, 25.261281404735694, 0.0 ] ] ] } },
{ "type": "Feature", "properties": { "OBJECTID": 52 }, "geometry": { "type": "Polygon", "coordinates": [ [ [ 110.165150452048337, 25.262422845323226, 0.0 ], [ 110.165130322184439, 25.262093204898111, 0.0 ], [ 110.164930727920805, 25.261945951056852, 0.0 ], [ 110.164601906728748, 25.261579931047407, 0.0 ], [ 110.16458177871651, 25.261250290536523, 0.0 ], [ 110.164374702650633, 25.261081517143065, 0.0 ], [ 110.164017462067363, 25.261024177507963, 0.0 ], [ 110.163665046394485, 25.260944842623161, 0.0 ], [ 110.163332442628487, 25.260812797342638, 0.0 ], [ 110.163153386213111, 25.261004395193748, 0.0 ], [ 110.163030355688733, 25.261315009077979, 0.0 ], [ 110.162907324517107, 25.261625622830717, 0.0 ], [ 110.16285298509851, 25.261934710943049, 0.0 ], [ 110.163084981251984, 25.262163520652276, 0.0 ], [ 110.163416122950011, 25.262298561823886, 0.0 ], [ 110.163760152709429, 25.262403636923057, 0.0 ], [ 110.164113800179308, 25.262477747045025, 0.0 ], [ 110.164473703594012, 25.262520186909953, 0.0 ], [ 110.164836441412334, 25.262530553968848, 0.0 ], [ 110.165150452048337, 25.262422845323226, 0.0 ] ] ] } },
{ "type": "Feature", "properties": { "OBJECTID": 53 }, "geometry": { "type": "Polygon", "coordinates": [ [ [ 110.134644234869967, 25.189426243103561, 0.0 ], [ 110.134458536764384, 25.189743598205848, 0.0 ], [ 110.134274846752248, 25.190066753589221, 0.0 ], [ 110.13409115575061, 25.190389908704738, 0.0 ], [ 110.134006377867522, 25.190740400058971, 0.0 ], [ 110.134144745044551, 25.191076400628674, 0.0 ], [ 110.134416398203911, 25.191343194031678, 0.0 ], [ 110.134691307417143, 25.191607385179658, 0.0 ], [ 110.134966217814778, 25.191871575838881, 0.0 ], [ 110.135241129396661, 25.192135766009343, 0.0 ], [ 110.135485269282412, 25.1922204119046, 0.0 ], [ 110.135658716805608, 25.19189260287164, 0.0 ], [ 110.135454179940155, 25.191618427457893, 0.0 ], [ 110.135179269144288, 25.191354237569403, 0.0 ], [ 110.134904359532712, 25.191090047192144, 0.0 ], [ 110.134629451105411, 25.190825856326146, 0.0 ], [ 110.134640450785056, 25.190504221995262, 0.0 ], [ 110.134824140087517, 25.190181065955493, 0.0 ], [ 110.135007828400532, 25.189857909647898, 0.0 ], [ 110.135000229756642, 25.189591883196488, 0.0 ], [ 110.134644234869967, 25.189426243103561, 0.0 ] ] ] } },
{ "type": "Feature", "properties": { "OBJECTID": 54 }, "geometry": { "type": "Polygon", "coordinates": [ [ [ 110.135991261556612, 25.192134560197797, 0.0 ], [ 110.135768504519461, 25.192309376387957, 0.0 ], [ 110.135577617432162, 25.192670145174191, 0.0 ], [ 110.135386728714238, 25.193030913456763, 0.0 ], [ 110.135195839229866, 25.193391681614123, 0.0 ], [ 110.135004948594343, 25.193752449477849, 0.0 ], [ 110.134814056807741, 25.194113217047931, 0.0 ], [ 110.134631706032081, 25.194475193332735, 0.0 ], [ 110.134831671805657, 25.194800150659724, 0.0 ], [ 110.135174235692958, 25.195051492582472, 0.0 ], [ 110.135558382012718, 25.195192327623591, 0.0 ], [ 110.135906007026122, 25.194977303527331, 0.0 ], [ 110.136217462359269, 25.194694812948846, 0.0 ], [ 110.136487173835647, 25.194378767771678, 0.0 ], [ 110.13671080996447, 25.194034235765173, 0.0 ], [ 110.136902414659815, 25.193673786098923, 0.0 ], [ 110.13709330008983, 25.193313015822252, 0.0 ], [ 110.136772089987474, 25.193058540526557, 0.0 ], [ 110.136428131254135, 25.192808786680118, 0.0 ], [ 110.136222120217937, 25.192472253885271, 0.0 ], [ 110.135991261556612, 25.192134560197797, 0.0 ] ] ] } },
{ "type": "Feature", "properties": { "OBJECTID": 55 }, "geometry": { "type": "Polygon", "coordinates": [ [ [ 110.134551751079073, 25.195174550595858, 0.0 ], [ 110.134239372788826, 25.195255733963538, 0.0 ], [ 110.134087608902092, 25.195583261915058, 0.0 ], [ 110.133935843987089, 25.195910789600845, 0.0 ], [ 110.133784078439135, 25.196238317172504, 0.0 ], [ 110.133632312056037, 25.196565844552499, 0.0 ], [ 110.133480544837653, 25.196893371740803, 0.0 ], [ 110.13332877678414, 25.197220898737434, 0.0 ], [ 110.133177753223407, 25.197548469698454, 0.0 ], [ 110.133361220921103, 25.197831902266721, 0.0 ], [ 110.133709773951452, 25.197992440526097, 0.0 ], [ 110.134045712517931, 25.197919523499632, 0.0 ], [ 110.13418399056215, 25.197587167524301, 0.0 ], [ 110.134346414314265, 25.19726394963925, 0.0 ], [ 110.134514754571398, 25.196943196548354, 0.0 ], [ 110.134683093925702, 25.196622443228652, 0.0 ], [ 110.134851432377019, 25.196301689680148, 0.0 ], [ 110.135021909760695, 25.195981894480049, 0.0 ], [ 110.135096828325416, 25.195656322159987, 0.0 ], [ 110.134855854449569, 25.195397674176647, 0.0 ], [ 110.134551751079073, 25.195174550595858, 0.0 ] ] ] } },
{ "type": "Feature", "properties": { "OBJECTID": 56 }, "geometry": { "type": "Polygon", "coordinates": [ [ [ 110.133210883103544, 25.198167341901179, 0.0 ], [ 110.132804913878644, 25.198495412185579, 0.0 ], [ 110.132694555173401, 25.199073933323305, 0.0 ], [ 110.132668935723657, 25.199660704380481, 0.0 ], [ 110.132672715654493, 25.200248305110019, 0.0 ], [ 110.132673197016871, 25.200835887409728, 0.0 ], [ 110.132613077120922, 25.201420553971751, 0.0 ], [ 110.132472419177446, 25.201993659618537, 0.0 ], [ 110.132253467607839, 25.202546058907441, 0.0 ], [ 110.13208983444207, 25.203089279448374, 0.0 ], [ 110.13259590049114, 25.203398147934905, 0.0 ], [ 110.133020701199712, 25.203008508380503, 0.0 ], [ 110.13332547356714, 25.202490924357342, 0.0 ], [ 110.133552209373562, 25.201941174564826, 0.0 ], [ 110.133696893404547, 25.201368941347969, 0.0 ], [ 110.133756991551763, 25.200784314437026, 0.0 ], [ 110.13375581256237, 25.200196725587062, 0.0 ], [ 110.133752026842501, 25.199609124745994, 0.0 ], [ 110.133781126277412, 25.199022434252129, 0.0 ], [ 110.133758412097208, 25.198459396830728, 0.0 ], [ 110.133210883103544, 25.198167341901179, 0.0 ] ] ] } },
{ "type": "Feature", "properties": { "OBJECTID": 57 }, "geometry": { "type": "Polygon", "coordinates": [ [ [ 110.127369822249065, 25.208418934407472, 0.0 ], [ 110.127803858857831, 25.207679742612164, 0.0 ], [ 110.128115622930736, 25.206908192202345, 0.0 ], [ 110.128422698246766, 25.20612710044221, 0.0 ], [ 110.128877984830638, 25.205394566606937, 0.0 ], [ 110.129245499805663, 25.204811981375837, 0.0 ], [ 110.13015701512451, 25.204980959931685, 0.0 ], [ 110.130669005659598, 25.204500290853161, 0.0 ], [ 110.129960754472677, 25.204191551337765, 0.0 ], [ 110.129164151905584, 25.203755966348179, 0.0 ], [ 110.12828041795288, 25.20365893204065, 0.0 ], [ 110.127738118588297, 25.204296899917214, 0.0 ], [ 110.127949435702973, 25.205114091257261, 0.0 ], [ 110.127548920149721, 25.205819854544359, 0.0 ], [ 110.127342101837272, 25.206641981614762, 0.0 ], [ 110.127047116054882, 25.207402731960705, 0.0 ], [ 110.126559375299735, 25.208120512559844, 0.0 ], [ 110.125778060364382, 25.208233261477229, 0.0 ], [ 110.126143219355953, 25.208912993014863, 0.0 ], [ 110.127064041348618, 25.209033345461606, 0.0 ], [ 110.127369822249065, 25.208418934407472, 0.0 ] ] ] } },
{ "type": "Feature", "properties": { "OBJECTID": 58 }, "geometry": { "type": "Polygon", "coordinates": [ [ [ 110.132075715522575, 25.204946537711098, 0.0 ], [ 110.132506891593621, 25.204430577401805, 0.0 ], [ 110.132543525004536, 25.203830037317154, 0.0 ], [ 110.131861955812255, 25.203479533908865, 0.0 ], [ 110.131346810844235, 25.203984150893778, 0.0 ], [ 110.130941606127166, 25.204609523788026, 0.0 ], [ 110.131245755451801, 25.204909003267414, 0.0 ], [ 110.131668489529119, 25.205284593418867, 0.0 ], [ 110.131886636177953, 25.205970394756744, 0.0 ], [ 110.131802118499735, 25.206689509216432, 0.0 ], [ 110.131727815262082, 25.207410575311172, 0.0 ], [ 110.131570841910033, 25.208122371055154, 0.0 ], [ 110.131412369569446, 25.208833743782353, 0.0 ], [ 110.131218794289083, 25.209538183503295, 0.0 ], [ 110.131556105292631, 25.209129721484576, 0.0 ], [ 110.131717759362019, 25.208419073248756, 0.0 ], [ 110.131890818812735, 25.207710330147904, 0.0 ], [ 110.13201584591755, 25.206993480684609, 0.0 ], [ 110.132031027012403, 25.206347719781505, 0.0 ], [ 110.132071424489453, 25.205631078748564, 0.0 ], [ 110.132075715522575, 25.204946537711098, 0.0 ] ] ] } },
{ "type": "Feature", "properties": { "OBJECTID": 59 }, "geometry": { "type": "Polygon", "coordinates": [ [ [ 110.136420919348126, 25.185021542112295, 0.0 ], [ 110.136746026960438, 25.184586775179422, 0.0 ], [ 110.13707113223839, 25.184152007445658, 0.0 ], [ 110.13726243694002, 25.183786038223651, 0.0 ], [ 110.137132622054708, 25.182904961794048, 0.0 ], [ 110.137646870862923, 25.183068372263268, 0.0 ], [ 110.138031403893848, 25.182867800776187, 0.0 ], [ 110.137973919559272, 25.182409986457003, 0.0 ], [ 110.137532467941085, 25.182070615484712, 0.0 ], [ 110.137091018780779, 25.181731243244702, 0.0 ], [ 110.136658453006987, 25.181558204876342, 0.0 ], [ 110.136411772819471, 25.181926760655578, 0.0 ], [ 110.136628611088355, 25.182813299169833, 0.0 ], [ 110.136304943935073, 25.183172356417348, 0.0 ], [ 110.136098118511427, 25.183574412627394, 0.0 ], [ 110.136029586708261, 25.184096568645028, 0.0 ], [ 110.136164117177955, 25.18456573225032, 0.0 ], [ 110.136420919348126, 25.185021542112295, 0.0 ] ] ] } },
{ "type": "Feature", "properties": { "OBJECTID": 60 }, "geometry": { "type": "Polygon", "coordinates": [ [ [ 110.135458805420882, 25.186256142244343, 0.0 ], [ 110.136009693264768, 25.185571469844749, 0.0 ], [ 110.135806551839039, 25.183318238975151, 0.0 ], [ 110.135240436937508, 25.183911908221358, 0.0 ], [ 110.1350587388756, 25.183865927283975, 0.0 ], [ 110.133135659094179, 25.183549765284312, 0.0 ], [ 110.131582009470989, 25.182590680516437, 0.0 ], [ 110.132551011380542, 25.180619802852661, 0.0 ], [ 110.134849372335353, 25.181037706316108, 0.0 ], [ 110.135047825803127, 25.179029345537273, 0.0 ], [ 110.130533115635828, 25.179691225625394, 0.0 ], [ 110.12824403684391, 25.181332475762261, 0.0 ], [ 110.127172629740784, 25.183127148654087, 0.0 ], [ 110.129102583993273, 25.185114228690942, 0.0 ], [ 110.131176777647497, 25.186973705060133, 0.0 ], [ 110.133535046728269, 25.188231066081876, 0.0 ], [ 110.135458805420882, 25.186256142244343, 0.0 ] ] ] } },
{ "type": "Feature", "properties": { "OBJECTID": 61 }, "geometry": { "type": "Polygon", "coordinates": [ [ [ 110.134701806103507, 25.188239622248403, 0.0 ], [ 110.134542581968518, 25.187712201191577, 0.0 ], [ 110.134343986899424, 25.187937943638747, 0.0 ], [ 110.134159509222741, 25.188173394707242, 0.0 ], [ 110.133989730752234, 25.188417830061219, 0.0 ], [ 110.133948593520799, 25.188678848209307, 0.0 ], [ 110.134156067814004, 25.188874449619288, 0.0 ], [ 110.134433313884571, 25.189015852489185, 0.0 ], [ 110.13471303194811, 25.189153166135185, 0.0 ], [ 110.134995150555042, 25.189286352353246, 0.0 ], [ 110.135269199264741, 25.189387537879547, 0.0 ], [ 110.135410498054597, 25.189128490393024, 0.0 ], [ 110.135551796233358, 25.188869442746693, 0.0 ], [ 110.135539160288943, 25.188654597345501, 0.0 ], [ 110.135260041584772, 25.188516272825606, 0.0 ], [ 110.134980923522988, 25.188377947793242, 0.0 ], [ 110.134701806103507, 25.188239622248403, 0.0 ] ] ] } },
{ "type": "Feature", "properties": { "OBJECTID": 62 }, "geometry": { "type": "Polygon", "coordinates": [ [ [ 110.126831572689255, 25.183184905282125, 0.0 ], [ 110.126431790716438, 25.183385936888964, 0.0 ], [ 110.126579016591975, 25.183745578945835, 0.0 ], [ 110.126939966334504, 25.18411722094784, 0.0 ], [ 110.127300918259238, 25.184488862109511, 0.0 ], [ 110.12766187236619, 25.184860502430801, 0.0 ], [ 110.12799504228704, 25.185231045591937, 0.0 ], [ 110.127600085766247, 25.18557285931308, 0.0 ], [ 110.127205127044334, 25.185914671905092, 0.0 ], [ 110.126600821974776, 25.186399672974755, 0.0 ], [ 110.126742114696967, 25.186613073329763, 0.0 ], [ 110.127216384720697, 25.186465498607571, 0.0 ], [ 110.127611345202425, 25.186123686023258, 0.0 ], [ 110.128006303482962, 25.1857818723098, 0.0 ], [ 110.128401259562409, 25.185440057467225, 0.0 ], [ 110.128636339621039, 25.185043103465109, 0.0 ], [ 110.128275381868391, 25.184671465510785, 0.0 ], [ 110.127914426337711, 25.184299826684192, 0.0 ], [ 110.127553472989149, 25.183928187017177, 0.0 ], [ 110.127192521822778, 25.183556546509788, 0.0 ], [ 110.126831572689255, 25.183184905282125, 0.0 ] ] ] } },
{ "type": "Feature", "properties": { "OBJECTID": 63 }, "geometry": { "type": "Polygon", "coordinates": [ [ [ 110.12196108296331, 25.19113666478539, 0.0 ], [ 110.122258406208488, 25.190781464984759, 0.0 ], [ 110.122599762980002, 25.19046065914333, 0.0 ], [ 110.122955554430391, 25.190152776887533, 0.0 ], [ 110.123311344094532, 25.189844893715087, 0.0 ], [ 110.123017455089524, 25.189538661433343, 0.0 ], [ 110.122661665591821, 25.189846543884457, 0.0 ], [ 110.122305874307742, 25.190154425418918, 0.0 ], [ 110.121950081237344, 25.190462306036686, 0.0 ], [ 110.12159428638067, 25.190770185737726, 0.0 ], [ 110.121238489737536, 25.191078064522017, 0.0 ], [ 110.120751323777341, 25.191112988834679, 0.0 ], [ 110.120342018268488, 25.190926077386891, 0.0 ], [ 110.119940244741343, 25.190965583420819, 0.0 ], [ 110.120310624497833, 25.191258871423525, 0.0 ], [ 110.120688210584191, 25.191544441009825, 0.0 ], [ 110.121073524785828, 25.191821333621181, 0.0 ], [ 110.12149839102986, 25.191913361258333, 0.0 ], [ 110.121712701692175, 25.191521734266566, 0.0 ], [ 110.12196108296331, 25.19113666478539, 0.0 ] ] ] } },
{ "type": "Feature", "properties": { "OBJECTID": 64 }, "geometry": { "type": "Polygon", "coordinates": [ [ [ 110.126291328901971, 25.186830068742001, 0.0 ], [ 110.125990424030732, 25.186965904859349, 0.0 ], [ 110.12568073207818, 25.187233915093312, 0.0 ], [ 110.125371038680214, 25.187501924544968, 0.0 ], [ 110.125061343928962, 25.187769933302256, 0.0 ], [ 110.124751647824255, 25.18803794136516, 0.0 ], [ 110.124441950366247, 25.18830594873365, 0.0 ], [ 110.124132251554741, 25.188573955407708, 0.0 ], [ 110.123822551389864, 25.188841961387304, 0.0 ], [ 110.12335309688352, 25.189253445247207, 0.0 ], [ 110.123615550819721, 25.189573193394644, 0.0 ], [ 110.124214675208449, 25.18906318411744, 0.0 ], [ 110.124524375117858, 25.188795177317456, 0.0 ], [ 110.124834073673739, 25.188527169823015, 0.0 ], [ 110.125143770876193, 25.188259161634161, 0.0 ], [ 110.125453466725233, 25.187991152750904, 0.0 ], [ 110.125763161220945, 25.187723143173272, 0.0 ], [ 110.126072854560476, 25.18745513308998, 0.0 ], [ 110.126375987830457, 25.187184297469294, 0.0 ], [ 110.126291328901971, 25.186830068742001, 0.0 ] ] ] } },
{ "type": "Feature", "properties": { "OBJECTID": 65 }, "geometry": { "type": "Polygon", "coordinates": [ [ [ 110.12140074079241, 25.198576706190011, 0.0 ], [ 110.121087920515166, 25.198444575749537, 0.0 ], [ 110.120775100930189, 25.198312444663234, 0.0 ], [ 110.120462282037352, 25.198180312931122, 0.0 ], [ 110.120149463836739, 25.198048180553201, 0.0 ], [ 110.119836646328409, 25.197916047529489, 0.0 ], [ 110.119523829512246, 25.197783913859997, 0.0 ], [ 110.119211013388366, 25.197651779544739, 0.0 ], [ 110.118898197956653, 25.197519644583718, 0.0 ], [ 110.11891435359253, 25.197719042922113, 0.0 ], [ 110.119026953598791, 25.198015636499072, 0.0 ], [ 110.119139554130072, 25.198312229993295, 0.0 ], [ 110.119454739189393, 25.198432887730636, 0.0 ], [ 110.119775137338564, 25.198549017990373, 0.0 ], [ 110.12009553611469, 25.198665147570576, 0.0 ], [ 110.120415935517784, 25.198781276471216, 0.0 ], [ 110.120736335547747, 25.198897404692293, 0.0 ], [ 110.121056736204721, 25.199013532233799, 0.0 ], [ 110.121379527171982, 25.19912273076325, 0.0 ], [ 110.121408545006773, 25.198890414506593, 0.0 ], [ 110.12140074079241, 25.198576706190011, 0.0 ] ] ] } },
{ "type": "Feature", "properties": { "OBJECTID": 66 }, "geometry": { "type": "Polygon", "coordinates": [ [ [ 110.122373713934294, 25.200034491391541, 0.0 ], [ 110.122574381893344, 25.200036686966119, 0.0 ], [ 110.122534992124514, 25.199921950464521, 0.0 ], [ 110.122422140412667, 25.199770968411769, 0.0 ], [ 110.12230928897587, 25.199619986277348, 0.0 ], [ 110.122196437814225, 25.19946900406126, 0.0 ], [ 110.122083586927673, 25.199318021763506, 0.0 ], [ 110.121970736316271, 25.199167039384097, 0.0 ], [ 110.121857885980035, 25.199016056923021, 0.0 ], [ 110.121745035918849, 25.198865074380283, 0.0 ], [ 110.121643092863351, 25.198745079014902, 0.0 ], [ 110.121647634517146, 25.198927618391096, 0.0 ], [ 110.121652176175616, 25.199110157763062, 0.0 ], [ 110.12165671783886, 25.199292697130797, 0.0 ], [ 110.121661259506766, 25.199475236494315, 0.0 ], [ 110.12166580117929, 25.199657775853595, 0.0 ], [ 110.121670342700668, 25.199840315211869, 0.0 ], [ 110.121801729804758, 25.19997363382096, 0.0 ], [ 110.12197237056607, 25.200037388595707, 0.0 ], [ 110.122173031650703, 25.200034725541464, 0.0 ], [ 110.122373713934294, 25.200034491391541, 0.0 ] ] ] } },
{ "type": "Feature", "properties": { "OBJECTID": 67 }, "geometry": { "type": "Polygon", "coordinates": [ [ [ 110.124836481067049, 25.204008564365203, 0.0 ], [ 110.124868591954268, 25.203577024982934, 0.0 ], [ 110.124900702570258, 25.203145485562992, 0.0 ], [ 110.124846564794353, 25.202765140843457, 0.0 ], [ 110.124627866006733, 25.202659062363754, 0.0 ], [ 110.124665726569773, 25.202372360608173, 0.0 ], [ 110.124191404188224, 25.202343145477421, 0.0 ], [ 110.123796637746239, 25.202396821327131, 0.0 ], [ 110.123764524332941, 25.202828360500739, 0.0 ], [ 110.123732410643996, 25.203259899636404, 0.0 ], [ 110.122978084917477, 25.203250918899716, 0.0 ], [ 110.122513292551943, 25.203275914483942, 0.0 ], [ 110.12211697673105, 25.203436713413005, 0.0 ], [ 110.122406134125612, 25.203502607704294, 0.0 ], [ 110.122880469367715, 25.203531674528591, 0.0 ], [ 110.123168216889795, 25.203709743860504, 0.0 ], [ 110.123413495265552, 25.203920919912406, 0.0 ], [ 110.123887823549566, 25.203950136793956, 0.0 ], [ 110.124362152170491, 25.203979351337413, 0.0 ], [ 110.124836481067049, 25.204008564365203, 0.0 ] ] ] } },
{ "type": "Feature", "properties": { "OBJECTID": 68 }, "geometry": { "type": "Polygon", "coordinates": [ [ [ 110.125655364405915, 25.211861234717269, 0.0 ], [ 110.125486719081977, 25.211829632979853, 0.0 ], [ 110.125318073851147, 25.211798031052254, 0.0 ], [ 110.125149428713485, 25.211766428934453, 0.0 ], [ 110.124980783668846, 25.211734826626458, 0.0 ], [ 110.124812138717388, 25.211703224128282, 0.0 ], [ 110.124643493858883, 25.211671621439908, 0.0 ], [ 110.12447484909363, 25.211640018561351, 0.0 ], [ 110.124306204421416, 25.211608415492599, 0.0 ], [ 110.124137559842282, 25.211576812233659, 0.0 ], [ 110.124054886243101, 25.211607351278669, 0.0 ], [ 110.124175773705943, 25.211718896574396, 0.0 ], [ 110.124342637769914, 25.211753480788975, 0.0 ], [ 110.124511282645088, 25.211785083850245, 0.0 ], [ 110.124679927613286, 25.211816686721328, 0.0 ], [ 110.124848572674665, 25.211848289402219, 0.0 ], [ 110.125017217829139, 25.211879891892924, 0.0 ], [ 110.125185863076652, 25.21191149419343, 0.0 ], [ 110.125354508417331, 25.211943096303752, 0.0 ], [ 110.12551854161633, 25.211956332988336, 0.0 ], [ 110.125655364405915, 25.211861234717269, 0.0 ] ] ] } },
{ "type": "Feature", "properties": { "OBJECTID": 69 }, "geometry": { "type": "Polygon", "coordinates": [ [ [ 110.128745713705115, 25.212440285823682, 0.0 ], [ 110.128493802706558, 25.212393086859169, 0.0 ], [ 110.128241891915735, 25.212345887470271, 0.0 ], [ 110.127989981332561, 25.212298687656975, 0.0 ], [ 110.12773807095698, 25.212251487419302, 0.0 ], [ 110.12748616078909, 25.212204286757252, 0.0 ], [ 110.127234250828934, 25.21215708567081, 0.0 ], [ 110.126982341076385, 25.212109884159993, 0.0 ], [ 110.126730431531598, 25.212062682224808, 0.0 ], [ 110.126478522194418, 25.212015479865254, 0.0 ], [ 110.126309559643687, 25.212005799749562, 0.0 ], [ 110.126503826491486, 25.212158458788124, 0.0 ], [ 110.126755736039541, 25.212205661521889, 0.0 ], [ 110.127007645906033, 25.212252863342329, 0.0 ], [ 110.127259555980146, 25.21230006473839, 0.0 ], [ 110.127511466262021, 25.212347265710068, 0.0 ], [ 110.127763376751503, 25.212394466257372, 0.0 ], [ 110.128015287448719, 25.212441666380293, 0.0 ], [ 110.128267198353612, 25.212488866078818, 0.0 ], [ 110.12851910948433, 25.212536065272388, 0.0 ], [ 110.128745713705115, 25.212440285823682, 0.0 ] ] ] } },
{ "type": "Feature", "properties": { "OBJECTID": 70 }, "geometry": { "type": "Polygon", "coordinates": [ [ [ 110.125585583205847, 25.21253934756059, 0.0 ], [ 110.125441425323629, 25.212512334396344, 0.0 ], [ 110.125297267509424, 25.212485321093116, 0.0 ], [ 110.125153109763176, 25.21245830765092, 0.0 ], [ 110.125008952085025, 25.212431294069741, 0.0 ], [ 110.124864794474846, 25.212404280349602, 0.0 ], [ 110.12472063693275, 25.212377266490488, 0.0 ], [ 110.124576479458696, 25.212350252492406, 0.0 ], [ 110.124493159619362, 25.212369932650901, 0.0 ], [ 110.124555981221675, 25.212484649266901, 0.0 ], [ 110.124700138871091, 25.212511663186671, 0.0 ], [ 110.124844296588549, 25.21253867696748, 0.0 ], [ 110.124988454373934, 25.212565690609303, 0.0 ], [ 110.125132612227446, 25.212592704112165, 0.0 ], [ 110.125276770148986, 25.212619717476041, 0.0 ], [ 110.125420928138468, 25.212646730700953, 0.0 ], [ 110.125565086196048, 25.212673743786898, 0.0 ], [ 110.125709244321655, 25.212700756733849, 0.0 ], [ 110.125810937417953, 25.21270855955057, 0.0 ], [ 110.125700261379677, 25.212620292506504, 0.0 ], [ 110.125585583205847, 25.21253934756059, 0.0 ] ] ] } },
{ "type": "Feature", "properties": { "OBJECTID": 71 }, "geometry": { "type": "Polygon", "coordinates": [ [ [ 110.129747363638785, 25.212627953961288, 0.0 ], [ 110.12958210185694, 25.21259699106049, 0.0 ], [ 110.129416840164467, 25.212566027977029, 0.0 ], [ 110.129251578561338, 25.212535064710924, 0.0 ], [ 110.129086317047594, 25.212504101262166, 0.0 ], [ 110.129143298800471, 25.212601871068028, 0.0 ], [ 110.129276914711554, 25.212678048580294, 0.0 ], [ 110.129442176530702, 25.212709011749187, 0.0 ], [ 110.129607438439123, 25.212739974735413, 0.0 ], [ 110.129772677757714, 25.212771037212853, 0.0 ], [ 110.129937882643176, 25.212802251414274, 0.0 ], [ 110.130103124463858, 25.212833303548699, 0.0 ], [ 110.130268430446662, 25.212864071878293, 0.0 ], [ 110.130433826960328, 25.212894434967595, 0.0 ], [ 110.130595764968348, 25.212920370142971, 0.0 ], [ 110.130573904767473, 25.212781724773095, 0.0 ], [ 110.130408433116557, 25.212751703190659, 0.0 ], [ 110.130243069669419, 25.212721192225157, 0.0 ], [ 110.130077788505204, 25.21269031456783, 0.0 ], [ 110.129912562222856, 25.212659194910096, 0.0 ], [ 110.129747363638785, 25.212627953961288, 0.0 ] ] ] } },
{ "type": "Feature", "properties": { "OBJECTID": 72 }, "geometry": { "type": "Polygon", "coordinates": [ [ [ 110.134964393856549, 25.213260656882369, 0.0 ], [ 110.134939807239562, 25.213125898793717, 0.0 ], [ 110.134487670133666, 25.213134479380741, 0.0 ], [ 110.134035439667073, 25.213134200366092, 0.0 ], [ 110.133583366643165, 25.213123391898705, 0.0 ], [ 110.133131754785495, 25.213101906215002, 0.0 ], [ 110.132680908773224, 25.213069758010764, 0.0 ], [ 110.132231132860625, 25.213026968222067, 0.0 ], [ 110.131782730363483, 25.212973566765822, 0.0 ], [ 110.131335971302349, 25.21290976861917, 0.0 ], [ 110.130890802522202, 25.212837329028641, 0.0 ], [ 110.130914664999025, 25.212979124905129, 0.0 ], [ 110.131359998343271, 25.213050723092437, 0.0 ], [ 110.131806935720235, 25.213113480443369, 0.0 ], [ 110.132255484383919, 25.213165861364171, 0.0 ], [ 110.132705367323794, 25.213207716416822, 0.0 ], [ 110.133156286019741, 25.213239018627569, 0.0 ], [ 110.133607941434121, 25.213259746139759, 0.0 ], [ 110.134060033881099, 25.213269886614956, 0.0 ], [ 110.134512265286745, 25.213269623772202, 0.0 ], [ 110.134964393856549, 25.213260656882369, 0.0 ] ] ] } },
{ "type": "Feature", "properties": { "OBJECTID": 73 }, "geometry": { "type": "Polygon", "coordinates": [ [ [ 110.12667906445057, 25.212744245242195, 0.0 ], [ 110.126569562666745, 25.212861964728067, 0.0 ], [ 110.126959517682522, 25.212935032837919, 0.0 ], [ 110.127349473195906, 25.213008099930818, 0.0 ], [ 110.127739429207054, 25.213081166006766, 0.0 ], [ 110.128129385715837, 25.213154231065744, 0.0 ], [ 110.128519342722186, 25.213227295107732, 0.0 ], [ 110.12890930022624, 25.213300358132738, 0.0 ], [ 110.129299258227874, 25.213373420140751, 0.0 ], [ 110.129689168093662, 25.213446694910616, 0.0 ], [ 110.130079101197751, 25.213519868127722, 0.0 ], [ 110.130169284704806, 25.213439311738856, 0.0 ], [ 110.129798641340713, 25.213329088094305, 0.0 ], [ 110.129408757870394, 25.213255698819815, 0.0 ], [ 110.129018800174734, 25.213182637073956, 0.0 ], [ 110.128628842976639, 25.213109574311094, 0.0 ], [ 110.128238886276094, 25.213036510531246, 0.0 ], [ 110.127848930073256, 25.212963445734417, 0.0 ], [ 110.127458974368054, 25.212890379920633, 0.0 ], [ 110.12706901916043, 25.212817313089886, 0.0 ], [ 110.12667906445057, 25.212744245242195, 0.0 ] ] ] } },
{ "type": "Feature", "properties": { "OBJECTID": 74 }, "geometry": { "type": "Polygon", "coordinates": [ [ [ 110.138826582152646, 25.213772630061012, 0.0 ], [ 110.138549192537951, 25.213650313461713, 0.0 ], [ 110.138236921401969, 25.213661841287145, 0.0 ], [ 110.137924771593163, 25.213675861129332, 0.0 ], [ 110.137612627375276, 25.21368998563743, 0.0 ], [ 110.13730048310633, 25.21370410948445, 0.0 ], [ 110.13698833878631, 25.213718232670391, 0.0 ], [ 110.136676194415259, 25.213732355195255, 0.0 ], [ 110.136364049993119, 25.213746477059033, 0.0 ], [ 110.136051905246276, 25.213760593224666, 0.0 ], [ 110.135787496291869, 25.213884494544665, 0.0 ], [ 110.136025476231922, 25.213897344478209, 0.0 ], [ 110.136337621723399, 25.213883235608872, 0.0 ], [ 110.136649766488475, 25.213869113670018, 0.0 ], [ 110.13696191120259, 25.213854991070072, 0.0 ], [ 110.13727405586566, 25.213840867809054, 0.0 ], [ 110.137586200477614, 25.213826743886948, 0.0 ], [ 110.137898345038565, 25.213812619303756, 0.0 ], [ 110.138210491389884, 25.213798528131132, 0.0 ], [ 110.138522746344051, 25.213786636125011, 0.0 ], [ 110.138826582152646, 25.213772630061012, 0.0 ] ] ] } },
{ "type": "Feature", "properties": { "OBJECTID": 75 }, "geometry": { "type": "Polygon", "coordinates": [ [ [ 110.14675634270634, 25.214036981925489, 0.0 ], [ 110.146699885266898, 25.213908880341332, 0.0 ], [ 110.145896864890872, 25.214005860870575, 0.0 ], [ 110.145087099866771, 25.214025949110184, 0.0 ], [ 110.144278950692055, 25.213973391163545, 0.0 ], [ 110.143472977282855, 25.213896132810689, 0.0 ], [ 110.142667017683067, 25.213818760115132, 0.0 ], [ 110.141860940184685, 25.213742441675432, 0.0 ], [ 110.141053112009757, 25.213683759784676, 0.0 ], [ 110.140243642730837, 25.213648455055381, 0.0 ], [ 110.139433349412144, 25.213636563691029, 0.0 ], [ 110.139490466778796, 25.213772030137584, 0.0 ], [ 110.140300727681989, 25.213785652439398, 0.0 ], [ 110.141110096543855, 25.213822822881358, 0.0 ], [ 110.141917746777963, 25.213883503739609, 0.0 ], [ 110.142723765752109, 25.213960355808933, 0.0 ], [ 110.143529726327657, 25.214037728219065, 0.0 ], [ 110.144335727403444, 25.214114751911129, 0.0 ], [ 110.145144210359405, 25.2141624776614, 0.0 ], [ 110.145953823260427, 25.214137434064611, 0.0 ], [ 110.14675634270634, 25.214036981925489, 0.0 ] ] ] } },
{ "type": "Feature", "properties": { "OBJECTID": 76 }, "geometry": { "type": "Polygon", "coordinates": [ [ [ 110.131071547764279, 25.2137234308567, 0.0 ], [ 110.131701408635109, 25.213783617525813, 0.0 ], [ 110.132343156844556, 25.213855761645245, 0.0 ], [ 110.132987306172211, 25.213907239510117, 0.0 ], [ 110.133633052518192, 25.213937988416465, 0.0 ], [ 110.134279589998357, 25.213947974733447, 0.0 ], [ 110.13492615774166, 25.213938971058553, 0.0 ], [ 110.134717647775645, 25.213808191432086, 0.0 ], [ 110.13407102198623, 25.213811616087465, 0.0 ], [ 110.133424657048991, 25.213794798592193, 0.0 ], [ 110.132779360612858, 25.213757052624807, 0.0 ], [ 110.132135951413204, 25.213698425412407, 0.0 ], [ 110.131495245419885, 25.213618993477123, 0.0 ], [ 110.130857771841036, 25.213520300198489, 0.0 ], [ 110.130585373010376, 25.213958008943305, 0.0 ], [ 110.130586990599994, 25.214546286294929, 0.0 ], [ 110.130588608113953, 25.215134563600671, 0.0 ], [ 110.131020816522621, 25.215434217036531, 0.0 ], [ 110.13107478483623, 25.214899985671131, 0.0 ], [ 110.131073166338027, 25.214311708286846, 0.0 ], [ 110.131071547764279, 25.2137234308567, 0.0 ] ] ] } },
{ "type": "Feature", "properties": { "OBJECTID": 77 }, "geometry": { "type": "Polygon", "coordinates": [ [ [ 110.1599013095271, 25.216815018392104, 0.0 ], [ 110.159599824667225, 25.216632455154159, 0.0 ], [ 110.159298340717982, 25.216449891320007, 0.0 ], [ 110.158996857679341, 25.216267326889664, 0.0 ], [ 110.158695375551332, 25.216084761863144, 0.0 ], [ 110.158575429312478, 25.216108349583411, 0.0 ], [ 110.158827124932799, 25.216327195812756, 0.0 ], [ 110.159128607885592, 25.216509760539303, 0.0 ], [ 110.159430091749016, 25.216692324669669, 0.0 ], [ 110.159731576523058, 25.216874888203819, 0.0 ], [ 110.160032145820836, 25.21705869198254, 0.0 ], [ 110.16032918886377, 25.217247178049512, 0.0 ], [ 110.160622459824268, 25.217440491041852, 0.0 ], [ 110.160911864238457, 25.217638568133676, 0.0 ], [ 110.161197291259526, 25.217841365179918, 0.0 ], [ 110.161362003466579, 25.217787762612222, 0.0 ], [ 110.161077590974898, 25.21758378915063, 0.0 ], [ 110.160789222977655, 25.217384465146647, 0.0 ], [ 110.160496990756002, 25.217189854783374, 0.0 ], [ 110.160200988212253, 25.217000019019597, 0.0 ], [ 110.1599013095271, 25.216815018392104, 0.0 ] ] ] } },
{ "type": "Feature", "properties": { "OBJECTID": 78 }, "geometry": { "type": "Polygon", "coordinates": [ [ [ 110.167079225759537, 25.21673620359045, 0.0 ], [ 110.167028863175815, 25.216602648923221, 0.0 ], [ 110.16682803784829, 25.216738088347995, 0.0 ], [ 110.166636168731628, 25.216883877271002, 0.0 ], [ 110.166453899149047, 25.217039526321894, 0.0 ], [ 110.166281383380053, 25.217204129407342, 0.0 ], [ 110.166115968706904, 25.217374679973148, 0.0 ], [ 110.16595343418669, 25.217547516148969, 0.0 ], [ 110.165791071465748, 25.217720486347687, 0.0 ], [ 110.165628708283521, 25.217893456352289, 0.0 ], [ 110.165466344639952, 25.218066426162789, 0.0 ], [ 110.165497586134506, 25.218154385648873, 0.0 ], [ 110.165689531090365, 25.21803716543852, 0.0 ], [ 110.16585189423941, 25.217864195259477, 0.0 ], [ 110.166014256927184, 25.21769122488632, 0.0 ], [ 110.166176635833992, 25.217518267301699, 0.0 ], [ 110.166340661011148, 25.217346605324011, 0.0 ], [ 110.166510668016926, 25.217179849565742, 0.0 ], [ 110.166690281268586, 25.217021668705875, 0.0 ], [ 110.166879993008209, 25.216873565155623, 0.0 ], [ 110.167079225759537, 25.21673620359045, 0.0 ] ] ] } },
{ "type": "Feature", "properties": { "OBJECTID": 79 }, "geometry": { "type": "Polygon", "coordinates": [ [ [ 110.158442960930273, 25.2167451672466, 0.0 ], [ 110.158244932708413, 25.216787900924881, 0.0 ], [ 110.158530411757468, 25.216960775521564, 0.0 ], [ 110.158815891623121, 25.217133649583687, 0.0 ], [ 110.159101372305173, 25.21730652311123, 0.0 ], [ 110.159386853803838, 25.217479396104181, 0.0 ], [ 110.159670867819216, 25.217654251435516, 0.0 ], [ 110.15995144804748, 25.217833636094674, 0.0 ], [ 110.160228498537464, 25.218017505248955, 0.0 ], [ 110.160501934209066, 25.218205799595193, 0.0 ], [ 110.160771668563896, 25.21839846159963, 0.0 ], [ 110.16090619878787, 25.21839568895253, 0.0 ], [ 110.160694297195874, 25.218170234711327, 0.0 ], [ 110.160422242046764, 25.217980292758206, 0.0 ], [ 110.160146566266405, 25.21779472159826, 0.0 ], [ 110.159867355241147, 25.217613577650098, 0.0 ], [ 110.159584694413255, 25.217436917268454, 0.0 ], [ 110.159299401214469, 25.217263788158029, 0.0 ], [ 110.159013920303181, 25.217090915055465, 0.0 ], [ 110.158728440208506, 25.216918041418317, 0.0 ], [ 110.158442960930273, 25.2167451672466, 0.0 ] ] ] } },
{ "type": "Feature", "properties": { "OBJECTID": 80 }, "geometry": { "type": "Polygon", "coordinates": [ [ [ 110.161455882603661, 25.218740399647881, 0.0 ], [ 110.16119062416368, 25.218712025597235, 0.0 ], [ 110.161419209813232, 25.21889083237517, 0.0 ], [ 110.161644713716043, 25.219072848877538, 0.0 ], [ 110.16186708112042, 25.219258031424779, 0.0 ], [ 110.162086260145088, 25.219446333539427, 0.0 ], [ 110.162302195890632, 25.219637711677645, 0.0 ], [ 110.162514869731112, 25.21983208961365, 0.0 ], [ 110.162726318219157, 25.220027574442476, 0.0 ], [ 110.162937767382928, 25.220223058981031, 0.0 ], [ 110.163147642227301, 25.220419938887844, 0.0 ], [ 110.163293383477992, 25.22051239471466, 0.0 ], [ 110.163189767290405, 25.220264308352277, 0.0 ], [ 110.162979047154607, 25.220068175631976, 0.0 ], [ 110.162767597721853, 25.219872691566525, 0.0 ], [ 110.162556104490434, 25.219677247087219, 0.0 ], [ 110.162342464622981, 25.219483748333683, 0.0 ], [ 110.162125571074569, 25.219293268780493, 0.0 ], [ 110.161905474519713, 25.219105854563587, 0.0 ], [ 110.161682227182922, 25.218921550388409, 0.0 ], [ 110.161455882603661, 25.218740399647881, 0.0 ] ] ] } },
{ "type": "Feature", "properties": { "OBJECTID": 81 }, "geometry": { "type": "Polygon", "coordinates": [ [ [ 110.164188074628626, 25.22024573902349, 0.0 ], [ 110.16452180302106, 25.220800083145942, 0.0 ], [ 110.164983476670031, 25.221317371600602, 0.0 ], [ 110.165424174658938, 25.221849585093146, 0.0 ], [ 110.165843313746819, 25.222396020402833, 0.0 ], [ 110.166240339370589, 25.222955955294495, 0.0 ], [ 110.166614726344378, 25.223528649564333, 0.0 ], [ 110.166965979425299, 25.224113346106005, 0.0 ], [ 110.167294487328277, 25.224708894992744, 0.0 ], [ 110.167616594495456, 25.225307359552193, 0.0 ], [ 110.168023207415615, 25.225815364781869, 0.0 ], [ 110.167756819435922, 25.22525997156378, 0.0 ], [ 110.167434711435789, 25.224661507405401, 0.0 ], [ 110.167106595865576, 25.22406577809404, 0.0 ], [ 110.166756025019325, 25.223480742671782, 0.0 ], [ 110.166382473624864, 25.222907596513519, 0.0 ], [ 110.165986429508507, 25.22234708618786, 0.0 ], [ 110.165568408821557, 25.22179994185662, 0.0 ], [ 110.16512895609182, 25.221266876446236, 0.0 ], [ 110.164668644878631, 25.220748583717445, 0.0 ], [ 110.164188074628626, 25.22024573902349, 0.0 ] ] ] } },
{ "type": "Feature", "properties": { "OBJECTID": 82 }, "geometry": { "type": "Polygon", "coordinates": [ [ [ 110.163896239810384, 25.22096778671315, 0.0 ], [ 110.164021342611335, 25.221311441850453, 0.0 ], [ 110.164473600788511, 25.221824230076766, 0.0 ], [ 110.164904344933248, 25.22235212573791, 0.0 ], [ 110.165313218837568, 25.22289421850996, 0.0 ], [ 110.165699546349288, 25.223449827375205, 0.0 ], [ 110.166063074562913, 25.224018024194866, 0.0 ], [ 110.166403415895516, 25.224597990965375, 0.0 ], [ 110.16672343260818, 25.225187493637222, 0.0 ], [ 110.167041248186621, 25.225777989509471, 0.0 ], [ 110.16735748007244, 25.226369183599278, 0.0 ], [ 110.16731421458266, 25.225977227471788, 0.0 ], [ 110.166996396861322, 25.225386732296815, 0.0 ], [ 110.166678581584961, 25.224796236718465, 0.0 ], [ 110.166349196241285, 25.224211053768009, 0.0 ], [ 110.165996262172655, 25.223637343898066, 0.0 ], [ 110.165620258450659, 25.223075892782667, 0.0 ], [ 110.165221699289816, 25.222527467707927, 0.0 ], [ 110.164801130632071, 25.221992817510845, 0.0 ], [ 110.164359126371806, 25.221472673533086, 0.0 ], [ 110.163896239810384, 25.22096778671315, 0.0 ] ] ] } },
{ "type": "Feature", "properties": { "OBJECTID": 83 }, "geometry": { "type": "Polygon", "coordinates": [ [ [ 110.168195582873182, 25.226079321418574, 0.0 ], [ 110.168169569983704, 25.226349431562866, 0.0 ], [ 110.168299431034157, 25.226613926250511, 0.0 ], [ 110.16842484238623, 25.226880223391689, 0.0 ], [ 110.168545609159295, 25.227148291048433, 0.0 ], [ 110.168661702513347, 25.227418061691097, 0.0 ], [ 110.168773092347735, 25.22768946826011, 0.0 ], [ 110.168879752692234, 25.227962442281495, 0.0 ], [ 110.168981655389985, 25.228236916036668, 0.0 ], [ 110.169079120175454, 25.228512721802694, 0.0 ], [ 110.169250422037749, 25.228724081174562, 0.0 ], [ 110.16923348300206, 25.228507464687322, 0.0 ], [ 110.169136366240309, 25.228231556685543, 0.0 ], [ 110.169035116771198, 25.227956882877667, 0.0 ], [ 110.168929141198902, 25.22768368816465, 0.0 ], [ 110.168818466223925, 25.227412039636171, 0.0 ], [ 110.168703117733202, 25.227142004671347, 0.0 ], [ 110.168583124852219, 25.226873649551212, 0.0 ], [ 110.168458517773672, 25.226607040131309, 0.0 ], [ 110.168329326800148, 25.226342242213782, 0.0 ], [ 110.168195582873182, 25.226079321418574, 0.0 ] ] ] } },
{ "type": "Feature", "properties": { "OBJECTID": 84 }, "geometry": { "type": "Polygon", "coordinates": [ [ [ 110.167733132457798, 25.226788139722636, 0.0 ], [ 110.167590618013463, 25.226829507588942, 0.0 ], [ 110.167722032938997, 25.227106397753229, 0.0 ], [ 110.167848227018965, 25.227385290247316, 0.0 ], [ 110.1679691635875, 25.227666103546831, 0.0 ], [ 110.168084806692079, 25.227948755849368, 0.0 ], [ 110.168195123320714, 25.228233164339692, 0.0 ], [ 110.168300080560527, 25.228519246173878, 0.0 ], [ 110.168400871906428, 25.228806568299934, 0.0 ], [ 110.168501375279234, 25.229093974345762, 0.0 ], [ 110.168601879105992, 25.229381380324202, 0.0 ], [ 110.168696427878487, 25.229347674645204, 0.0 ], [ 110.16864319736878, 25.229052854488039, 0.0 ], [ 110.168542693452594, 25.228765448598239, 0.0 ], [ 110.168441903342639, 25.228478126109692, 0.0 ], [ 110.168336978568519, 25.228192034364142, 0.0 ], [ 110.168226734711482, 25.227907602466281, 0.0 ], [ 110.168111204133126, 25.227624912032635, 0.0 ], [ 110.167990419187234, 25.227344044688024, 0.0 ], [ 110.167864416117297, 25.227065080692714, 0.0 ], [ 110.167733132457798, 25.226788139722636, 0.0 ] ] ] } },
{ "type": "Feature", "properties": { "OBJECTID": 85 }, "geometry": { "type": "Polygon", "coordinates": [ [ [ 110.14736156862439, 25.213273295886989, 0.0 ], [ 110.147510926030989, 25.213019999104205, 0.0 ], [ 110.146348717854167, 25.213276662136082, 0.0 ], [ 110.145155541830974, 25.213350158842008, 0.0 ], [ 110.143962506916381, 25.213262387815782, 0.0 ], [ 110.142771750839202, 25.213148076353814, 0.0 ], [ 110.141580320025582, 25.213040056191751, 0.0 ], [ 110.14038516404419, 25.212975493763008, 0.0 ], [ 110.139188015776824, 25.212960576255647, 0.0 ], [ 110.137991348170701, 25.212995032731286, 0.0 ], [ 110.136339116972763, 25.213037452595778, 0.0 ], [ 110.13594805685419, 25.213205396168906, 0.0 ], [ 110.13713759171857, 25.213169227797462, 0.0 ], [ 110.138333516102222, 25.213115833356547, 0.0 ], [ 110.13953056101245, 25.213095166360517, 0.0 ], [ 110.140727388731221, 25.213124461118923, 0.0 ], [ 110.141921481369337, 25.213203655656777, 0.0 ], [ 110.143112355216047, 25.213316922723173, 0.0 ], [ 110.144303118757705, 25.213431184421481, 0.0 ], [ 110.145498058693448, 25.213483591786904, 0.0 ], [ 110.14736156862439, 25.213273295886989, 0.0 ] ] ] } },
{ "type": "Feature", "properties": { "OBJECTID": 86 }, "geometry": { "type": "Polygon", "coordinates": [ [ [ 110.150235158862088, 25.212761925888824, 0.0 ], [ 110.149918197745023, 25.212682589019259, 0.0 ], [ 110.149593638697809, 25.212635219229018, 0.0 ], [ 110.149265293894658, 25.21262113876875, 0.0 ], [ 110.14893727588246, 25.212640523962083, 0.0 ], [ 110.148613693314928, 25.212693132680606, 0.0 ], [ 110.148297786023349, 25.212776008127154, 0.0 ], [ 110.147990171464912, 25.212876085795759, 0.0 ], [ 110.148266920926034, 25.212928192456378, 0.0 ], [ 110.148581148244631, 25.21284009435692, 0.0 ], [ 110.148903381157055, 25.212781109548107, 0.0 ], [ 110.149231003991588, 25.212757023355518, 0.0 ], [ 110.149559466166735, 25.212768178960239, 0.0 ], [ 110.149884202794254, 25.21281442238859, 0.0 ], [ 110.150201013486452, 25.21289421948487, 0.0 ], [ 110.150511210921152, 25.212993594739945, 0.0 ], [ 110.150988722424131, 25.213168373401828, 0.0 ], [ 110.151140988351557, 25.213070074810194, 0.0 ], [ 110.150854843446567, 25.212962508498222, 0.0 ], [ 110.150545504791765, 25.212860908296591, 0.0 ], [ 110.150235158862088, 25.212761925888824, 0.0 ] ] ] } },
{ "type": "Feature", "properties": { "OBJECTID": 87 }, "geometry": { "type": "Polygon", "coordinates": [ [ [ 110.151374229850575, 25.213132439624104, 0.0 ], [ 110.151351859218821, 25.213281105192795, 0.0 ], [ 110.151905951940847, 25.213422928638753, 0.0 ], [ 110.152235698284073, 25.213497535215577, 0.0 ], [ 110.152568349138789, 25.213560597626621, 0.0 ], [ 110.152901800822178, 25.213620137581231, 0.0 ], [ 110.153234511829297, 25.213682955939273, 0.0 ], [ 110.153564790765714, 25.213755613811227, 0.0 ], [ 110.153892232574037, 25.213838218680888, 0.0 ], [ 110.154503590506266, 25.214022589350122, 0.0 ], [ 110.154549945933283, 25.213932094013366, 0.0 ], [ 110.154333618153501, 25.213823640152881, 0.0 ], [ 110.154010135206676, 25.213729001518484, 0.0 ], [ 110.153683417385054, 25.213644056491987, 0.0 ], [ 110.15335381599624, 25.21356889475117, 0.0 ], [ 110.153021684633472, 25.213503598103902, 0.0 ], [ 110.152688240380641, 25.21344402529526, 0.0 ], [ 110.152355121492405, 25.213382997287709, 0.0 ], [ 110.152024566310573, 25.213311418377579, 0.0 ], [ 110.151697427510967, 25.213227854366863, 0.0 ], [ 110.151374229850575, 25.213132439624104, 0.0 ] ] ] } },
{ "type": "Feature", "properties": { "OBJECTID": 88 }, "geometry": { "type": "Polygon", "coordinates": [ [ [ 110.154806665318546, 25.213981621094373, 0.0 ], [ 110.154763724905749, 25.214111305652445, 0.0 ], [ 110.155371082935488, 25.214351766159538, 0.0 ], [ 110.15570540071792, 25.214502610267033, 0.0 ], [ 110.156033442734582, 25.214664456656095, 0.0 ], [ 110.156354772120523, 25.214837088859362, 0.0 ], [ 110.156668962247409, 25.21502027449721, 0.0 ], [ 110.156979625552069, 25.215208406737233, 0.0 ], [ 110.157290289823607, 25.215396538344297, 0.0 ], [ 110.157808202617943, 25.215748328827715, 0.0 ], [ 110.15793709289774, 25.215662947604301, 0.0 ], [ 110.157716773402939, 25.215492154016435, 0.0 ], [ 110.157406108193967, 25.215304023305755, 0.0 ], [ 110.157095443951917, 25.215115891962096, 0.0 ], [ 110.156784780676816, 25.214927759985468, 0.0 ], [ 110.156471358245454, 25.214743485766817, 0.0 ], [ 110.156150911843454, 25.214569499910844, 0.0 ], [ 110.155823791919431, 25.21440611558987, 0.0 ], [ 110.155490421537451, 25.214253545402808, 0.0 ], [ 110.155151232882559, 25.214111986212021, 0.0 ], [ 110.154806665318546, 25.213981621094373, 0.0 ] ] ] } },
{ "type": "Feature", "properties": { "OBJECTID": 89 }, "geometry": { "type": "Polygon", "coordinates": [ [ [ 110.180780756435482, 25.220316428010904, 0.0 ], [ 110.180469950229167, 25.220228500706018, 0.0 ], [ 110.180115527343986, 25.220254850550567, 0.0 ], [ 110.179761104331789, 25.22028119954124, 0.0 ], [ 110.179406681192532, 25.220307547678036, 0.0 ], [ 110.179052257926244, 25.220333894960959, 0.0 ], [ 110.178697834532926, 25.220360241389997, 0.0 ], [ 110.17837850503787, 25.220439700693877, 0.0 ], [ 110.178329003382743, 25.220735279623145, 0.0 ], [ 110.178404870855019, 25.221051313458243, 0.0 ], [ 110.178480738691519, 25.221367347251732, 0.0 ], [ 110.178681252615903, 25.221361084503812, 0.0 ], [ 110.179033414104182, 25.221316158810758, 0.0 ], [ 110.179385575358808, 25.221271232271775, 0.0 ], [ 110.179737736379636, 25.221226304886848, 0.0 ], [ 110.180089897166695, 25.221181376656006, 0.0 ], [ 110.180442057655938, 25.221136447163943, 0.0 ], [ 110.180794217930952, 25.221091516952367, 0.0 ], [ 110.180952785057642, 25.220919379694816, 0.0 ], [ 110.180902675583184, 25.220599164081801, 0.0 ], [ 110.180780756435482, 25.220316428010904, 0.0 ] ] ] } },
{ "type": "Feature", "properties": { "OBJECTID": 90 }, "geometry": { "type": "Polygon", "coordinates": [ [ [ 110.172401744772017, 25.232889604483479, 0.0 ], [ 110.174244710401467, 25.232082833466173, 0.0 ], [ 110.176256295775232, 25.231004136970316, 0.0 ], [ 110.176300307319153, 25.230726604912753, 0.0 ], [ 110.174567074009857, 25.23173464463715, 0.0 ], [ 110.172777083063124, 25.232646376336245, 0.0 ], [ 110.170763903351329, 25.232498864803855, 0.0 ], [ 110.170110739146082, 25.231016032873921, 0.0 ], [ 110.170959824600772, 25.229861380885019, 0.0 ], [ 110.172174854378071, 25.228488340805917, 0.0 ], [ 110.172992842921232, 25.226997012621229, 0.0 ], [ 110.173944711502443, 25.225552860124804, 0.0 ], [ 110.174339864227193, 25.224000506724799, 0.0 ], [ 110.17355568034327, 25.224066523845075, 0.0 ], [ 110.17176631420547, 25.226274932251492, 0.0 ], [ 110.17166705305975, 25.227955045305784, 0.0 ], [ 110.169363970209943, 25.229119493914823, 0.0 ], [ 110.169918679568639, 25.230913502585089, 0.0 ], [ 110.170540552473412, 25.23269720525488, 0.0 ], [ 110.172401744772017, 25.232889604483479, 0.0 ] ] ] } },
{ "type": "Feature", "properties": { "OBJECTID": 91 }, "geometry": { "type": "Polygon", "coordinates": [ [ [ 110.177182331301239, 25.221552293985582, 0.0 ], [ 110.178243239365273, 25.221478051595124, 0.0 ], [ 110.17811110659899, 25.220927638646454, 0.0 ], [ 110.177845715193868, 25.2204548576244, 0.0 ], [ 110.177253825771189, 25.220617896956043, 0.0 ], [ 110.17669873511079, 25.220866366147977, 0.0 ], [ 110.176195008063118, 25.221193077761232, 0.0 ], [ 110.17575585383382, 25.221589464146177, 0.0 ], [ 110.175373251130679, 25.222032419168428, 0.0 ], [ 110.1749943681681, 25.222478083119913, 0.0 ], [ 110.174615482423917, 25.222923746003598, 0.0 ], [ 110.174487916930943, 25.223432528943619, 0.0 ], [ 110.175037878363511, 25.224267473884044, 0.0 ], [ 110.175443328282583, 25.223841588836358, 0.0 ], [ 110.175854120390042, 25.223419975786822, 0.0 ], [ 110.176240467372182, 25.222984520594185, 0.0 ], [ 110.176484870988858, 25.222466858203664, 0.0 ], [ 110.176771454628721, 25.221973826759754, 0.0 ], [ 110.177182331301239, 25.221552293985582, 0.0 ] ] ] } },
{ "type": "Feature", "properties": { "OBJECTID": 92 }, "geometry": { "type": "Polygon", "coordinates": [ [ [ 110.183484537780714, 25.225904282558083, 0.0 ], [ 110.18318994667537, 25.225973046962231, 0.0 ], [ 110.183026070176325, 25.226330771371874, 0.0 ], [ 110.182848307368758, 25.226682685997019, 0.0 ], [ 110.182612868404277, 25.227005148449546, 0.0 ], [ 110.182322357233204, 25.227288020327951, 0.0 ], [ 110.18198467663359, 25.227523604459414, 0.0 ], [ 110.181613270476802, 25.227713230496224, 0.0 ], [ 110.18123784426345, 25.227896454100005, 0.0 ], [ 110.181388594389901, 25.228281444225956, 0.0 ], [ 110.181764002930905, 25.228098188645664, 0.0 ], [ 110.182139410367171, 25.227914932078875, 0.0 ], [ 110.1825148166985, 25.227731674525607, 0.0 ], [ 110.182890222010045, 25.227548416130027, 0.0 ], [ 110.183265626256571, 25.227365156815587, 0.0 ], [ 110.183641029452019, 25.227181896605995, 0.0 ], [ 110.18393975682892, 25.226935741290021, 0.0 ], [ 110.183887413667449, 25.226587256364052, 0.0 ], [ 110.18368597495855, 25.226245769696135, 0.0 ], [ 110.183484537780714, 25.225904282558083, 0.0 ] ] ] } },
{ "type": "Feature", "properties": { "OBJECTID": 93 }, "geometry": { "type": "Polygon", "coordinates": [ [ [ 110.1807987730988, 25.228281608540982, 0.0 ], [ 110.18073938489735, 25.228179496884611, 0.0 ], [ 110.180049972857219, 25.228476175898933, 0.0 ], [ 110.179678891029283, 25.228657273184453, 0.0 ], [ 110.179307808122175, 25.228838369506001, 0.0 ], [ 110.178936724135752, 25.229019464863544, 0.0 ], [ 110.178565639070186, 25.22920055925707, 0.0 ], [ 110.178196452542849, 25.22938482279886, 0.0 ], [ 110.177831553465481, 25.22957602253209, 0.0 ], [ 110.177241955166906, 25.229908207088485, 0.0 ], [ 110.177387574813807, 25.230185522231491, 0.0 ], [ 110.177744184936159, 25.230070202403457, 0.0 ], [ 110.178111133260415, 25.22988227325785, 0.0 ], [ 110.178481739665528, 25.229700370244903, 0.0 ], [ 110.178852808188608, 25.229519245262804, 0.0 ], [ 110.179223875632289, 25.229338119316754, 0.0 ], [ 110.179594941996555, 25.229156992406772, 0.0 ], [ 110.179966007281436, 25.228975864532874, 0.0 ], [ 110.180337071486903, 25.2287947356951, 0.0 ], [ 110.180996394276747, 25.228542990919394, 0.0 ], [ 110.1807987730988, 25.228281608540982, 0.0 ] ] ] } },
{ "type": "Feature", "properties": { "OBJECTID": 94 }, "geometry": { "type": "Polygon", "coordinates": [ [ [ 110.183136577296779, 25.23111399138098, 0.0 ], [ 110.182803797448784, 25.230539518157595, 0.0 ], [ 110.183159586057855, 25.23016637508346, 0.0 ], [ 110.183798043811208, 25.229875880221542, 0.0 ], [ 110.18392747747626, 25.229325199495619, 0.0 ], [ 110.184191766648823, 25.228850347246812, 0.0 ], [ 110.184841080267447, 25.228580507209291, 0.0 ], [ 110.184816103634589, 25.228099012397607, 0.0 ], [ 110.184447279245944, 25.227572500870661, 0.0 ], [ 110.183791014392213, 25.227723332003468, 0.0 ], [ 110.183162007055842, 25.228030392259587, 0.0 ], [ 110.182532996781987, 25.228337450025165, 0.0 ], [ 110.181903983406158, 25.228644505021247, 0.0 ], [ 110.181274966928356, 25.228951557247747, 0.0 ], [ 110.180645947348694, 25.229258606704544, 0.0 ], [ 110.180016924699117, 25.229565653445984, 0.0 ], [ 110.179387898950964, 25.229872697423158, 0.0 ], [ 110.178758870100907, 25.230179738630302, 0.0 ], [ 110.178132858002655, 25.230491793506623, 0.0 ], [ 110.177579121800932, 25.230882782684606, 0.0 ], [ 110.177588587714851, 25.231515541102617, 0.0 ], [ 110.178170193331226, 25.231184488909634, 0.0 ], [ 110.178826456416772, 25.23097195200959, 0.0 ], [ 110.179420581164891, 25.231292638731041, 0.0 ], [ 110.179805588330993, 25.231831096030525, 0.0 ], [ 110.180061182475171, 25.232429104000051, 0.0 ], [ 110.180619897559609, 25.232341261500611, 0.0 ], [ 110.181249072091319, 25.232034448036458, 0.0 ], [ 110.181878243388809, 25.231727631574522, 0.0 ], [ 110.182507411982073, 25.231420813014118, 0.0 ], [ 110.183136577296779, 25.23111399138098, 0.0 ] ] ] } },
{ "type": "Feature", "properties": { "OBJECTID": 95 }, "geometry": { "type": "Polygon", "coordinates": [ [ [ 110.174826200037671, 25.233405311178288, 0.0 ], [ 110.17539072929867, 25.23346215113596, 0.0 ], [ 110.17592940710378, 25.233625938362117, 0.0 ], [ 110.176465214655337, 25.233797055759691, 0.0 ], [ 110.177029758512987, 25.233853170858339, 0.0 ], [ 110.177397418224771, 25.233593519457454, 0.0 ], [ 110.177345966672576, 25.233078053532179, 0.0 ], [ 110.177294515488754, 25.232562587564342, 0.0 ], [ 110.17724306467305, 25.232047121553933, 0.0 ], [ 110.177191614225762, 25.231531655500966, 0.0 ], [ 110.176870738325434, 25.23120275033434, 0.0 ], [ 110.176390857247071, 25.231477486348595, 0.0 ], [ 110.175911445596014, 25.231756312096817, 0.0 ], [ 110.17543203178586, 25.232035136223768, 0.0 ], [ 110.174952615816551, 25.232313958729399, 0.0 ], [ 110.174473197688215, 25.232592779613643, 0.0 ], [ 110.173992769156285, 25.232870135877814, 0.0 ], [ 110.173490372316365, 25.233112656854669, 0.0 ], [ 110.172962119750977, 25.233304413624175, 0.0 ], [ 110.17241419034562, 25.233443165706234, 0.0 ], [ 110.171852991668757, 25.233527289009871, 0.0 ], [ 110.171285088148736, 25.233555939952907, 0.0 ], [ 110.170920248011399, 25.233811885145037, 0.0 ], [ 110.171115599155868, 25.234290414126832, 0.0 ], [ 110.171637225568631, 25.234362074967965, 0.0 ], [ 110.172202058258151, 25.234301848119983, 0.0 ], [ 110.172741955054221, 25.234141931432664, 0.0 ], [ 110.17322961956296, 25.233876925809813, 0.0 ], [ 110.173721061482553, 25.233617785554252, 0.0 ], [ 110.174261182019265, 25.233457979483529, 0.0 ], [ 110.174826200037671, 25.233405311178288, 0.0 ] ] ] } },
{ "type": "Feature", "properties": { "OBJECTID": 96 }, "geometry": { "type": "Polygon", "coordinates": [ [ [ 110.183861640027999, 25.234498429712858, 0.0 ], [ 110.183630116030784, 25.234208123845534, 0.0 ], [ 110.183227139232017, 25.234368077656946, 0.0 ], [ 110.183012291842331, 25.234049069707147, 0.0 ], [ 110.18281197393226, 25.233693073628555, 0.0 ], [ 110.182925549926864, 25.233428521476679, 0.0 ], [ 110.183083350267921, 25.233179111029006, 0.0 ], [ 110.182875471648728, 25.232826719973311, 0.0 ], [ 110.182667594206208, 25.232474328638489, 0.0 ], [ 110.182459717940489, 25.232121937024566, 0.0 ], [ 110.182129333690114, 25.231912443322368, 0.0 ], [ 110.181741841029321, 25.232101404817698, 0.0 ], [ 110.18135434743229, 25.232290365668909, 0.0 ], [ 110.180966852805511, 25.232479325717257, 0.0 ], [ 110.180579357129162, 25.232668284929129, 0.0 ], [ 110.180425305312724, 25.232971607263426, 0.0 ], [ 110.180465073380134, 25.233369881291654, 0.0 ], [ 110.180504841667599, 25.233768155294442, 0.0 ], [ 110.180544610175104, 25.234166429271781, 0.0 ], [ 110.180584378902893, 25.234564703223679, 0.0 ], [ 110.180624147850651, 25.234962977150126, 0.0 ], [ 110.180663917007308, 25.235361251052066, 0.0 ], [ 110.180762122550078, 25.23567982379106, 0.0 ], [ 110.181181652617184, 25.235560139243816, 0.0 ], [ 110.181601181693267, 25.235440452897674, 0.0 ], [ 110.18202070995018, 25.235320765250094, 0.0 ], [ 110.182440237417751, 25.235201076388599, 0.0 ], [ 110.182859764096207, 25.235081386313247, 0.0 ], [ 110.183278958949899, 25.234960750235334, 0.0 ], [ 110.183693957874667, 25.23482871932373, 0.0 ], [ 110.183861640027999, 25.234498429712858, 0.0 ] ] ] } },
{ "type": "Feature", "properties": { "OBJECTID": 97 }, "geometry": { "type": "Polygon", "coordinates": [ [ [ 110.174834074485688, 25.233585884357183, 0.0 ], [ 110.174481660815388, 25.233606319921769, 0.0 ], [ 110.174136006671816, 25.233672057253443, 0.0 ], [ 110.173804114308638, 25.233781763684615, 0.0 ], [ 110.173575984904062, 25.234007948527815, 0.0 ], [ 110.173607931768771, 25.234328098346506, 0.0 ], [ 110.173639878864762, 25.234648248141415, 0.0 ], [ 110.173671826102762, 25.234968397919925, 0.0 ], [ 110.173703773482686, 25.235288547682039, 0.0 ], [ 110.173735721004533, 25.235608697427754, 0.0 ], [ 110.173767668668319, 25.235928847157062, 0.0 ], [ 110.173799616474042, 25.236248996869978, 0.0 ], [ 110.173831564421704, 25.236569146566488, 0.0 ], [ 110.173961227336136, 25.236830370877684, 0.0 ], [ 110.17431320626298, 25.236801199292533, 0.0 ], [ 110.174665184672136, 25.236772023115485, 0.0 ], [ 110.175017162938687, 25.236742846095417, 0.0 ], [ 110.175369141062518, 25.236713668232333, 0.0 ], [ 110.175721119043644, 25.236684489526244, 0.0 ], [ 110.175938814654828, 25.236515899677162, 0.0 ], [ 110.175906860934035, 25.236195750315499, 0.0 ], [ 110.175874907355222, 25.235875600937405, 0.0 ], [ 110.175842953918561, 25.235555451542911, 0.0 ], [ 110.175811000623881, 25.23523530213199, 0.0 ], [ 110.17577904747121, 25.234915152704669, 0.0 ], [ 110.175747094460633, 25.234595003260935, 0.0 ], [ 110.175715141592008, 25.234274853800784, 0.0 ], [ 110.175683188865392, 25.23395470432423, 0.0 ], [ 110.175530584416322, 25.233681785768614, 0.0 ], [ 110.175186108157661, 25.233611164212892, 0.0 ], [ 110.174834074485688, 25.233585884357183, 0.0 ] ] ] } },
{ "type": "Feature", "properties": { "OBJECTID": 98 }, "geometry": { "type": "Polygon", "coordinates": [ [ [ 110.182097711252979, 25.235991433558453, 0.0 ], [ 110.181763725648452, 25.235867125682564, 0.0 ], [ 110.181405151065633, 25.235969422501036, 0.0 ], [ 110.181046576030766, 25.236071718793763, 0.0 ], [ 110.180688000332822, 25.236174013948194, 0.0 ], [ 110.180329424051706, 25.236276308196672, 0.0 ], [ 110.179970847194127, 25.2363786015583, 0.0 ], [ 110.17976450783155, 25.236582746057376, 0.0 ], [ 110.179763932769092, 25.236924553159543, 0.0 ], [ 110.179763357674474, 25.237266360245972, 0.0 ], [ 110.179762782533842, 25.237608167316655, 0.0 ], [ 110.179762206998717, 25.237949974371105, 0.0 ], [ 110.179761631431361, 25.238291781409806, 0.0 ], [ 110.179761056045947, 25.238633588433093, 0.0 ], [ 110.179760480728334, 25.238975395440768, 0.0 ], [ 110.179831029163182, 25.239241718635785, 0.0 ], [ 110.180200922574144, 25.239181419365654, 0.0 ], [ 110.180568100647534, 25.239108676461409, 0.0 ], [ 110.180932057414481, 25.239023589994591, 0.0 ], [ 110.181292291866271, 25.238926278582042, 0.0 ], [ 110.181648307425604, 25.238816875297537, 0.0 ], [ 110.181999613692014, 25.238695531087512, 0.0 ], [ 110.182345726742369, 25.238562413235638, 0.0 ], [ 110.182593904697768, 25.238334513185468, 0.0 ], [ 110.182516921365917, 25.238006393104882, 0.0 ], [ 110.182439837619327, 25.237671903848373, 0.0 ], [ 110.182371411489726, 25.237335809891739, 0.0 ], [ 110.18230298570947, 25.236999715897706, 0.0 ], [ 110.182234560278559, 25.236663621866263, 0.0 ], [ 110.182166135196994, 25.236327527797428, 0.0 ], [ 110.182097711252979, 25.235991433558453, 0.0 ] ] ] } },
{ "type": "Feature", "properties": { "OBJECTID": 99 }, "geometry": { "type": "Polygon", "coordinates": [ [ [ 110.182214999362117, 25.239915378429867, 0.0 ], [ 110.182101074832346, 25.23950002105838, 0.0 ], [ 110.181987151036992, 25.239084663595321, 0.0 ], [ 110.181640517325306, 25.239068272091533, 0.0 ], [ 110.181192611406871, 25.239199677483786, 0.0 ], [ 110.18073861805351, 25.239312486816427, 0.0 ], [ 110.180279470080436, 25.239406468360425, 0.0 ], [ 110.179816110802889, 25.239481428331711, 0.0 ], [ 110.179349492479602, 25.239537213044361, 0.0 ], [ 110.179389279277615, 25.239955510657797, 0.0 ], [ 110.17943913067775, 25.240381189101608, 0.0 ], [ 110.179311312438671, 25.240776894353932, 0.0 ], [ 110.179096827454927, 25.241157897450918, 0.0 ], [ 110.179031902927463, 25.241569631384774, 0.0 ], [ 110.178682445868318, 25.24174429259504, 0.0 ], [ 110.178646289379131, 25.242111220718776, 0.0 ], [ 110.178688850783189, 25.242537553121508, 0.0 ], [ 110.178908666802585, 25.242879289914022, 0.0 ], [ 110.179366664804903, 25.242871972003559, 0.0 ], [ 110.179835253427512, 25.242831706096254, 0.0 ], [ 110.180300700040661, 25.242768601954481, 0.0 ], [ 110.180760179224819, 25.242676149033159, 0.0 ], [ 110.181211456685688, 25.242554797650172, 0.0 ], [ 110.181652337929819, 25.242405137862001, 0.0 ], [ 110.182080679060221, 25.242227897455276, 0.0 ], [ 110.182281130814218, 25.241851478195734, 0.0 ], [ 110.182321227557978, 25.241432025977399, 0.0 ], [ 110.182540631279039, 25.241055879148107, 0.0 ], [ 110.182624290423263, 25.240637628192712, 0.0 ], [ 110.18252864549973, 25.240230090845802, 0.0 ], [ 110.182214999362117, 25.239915378429867, 0.0 ] ] ] } },
{ "type": "Feature", "properties": { "OBJECTID": 100 }, "geometry": { "type": "Polygon", "coordinates": [ [ [ 110.181029156375502, 25.243220603463516, 0.0 ], [ 110.180776539921084, 25.243044536504581, 0.0 ], [ 110.180464853663764, 25.243107604313575, 0.0 ], [ 110.180150343037951, 25.243157771164032, 0.0 ], [ 110.179833682002624, 25.243195108220242, 0.0 ], [ 110.179515740620019, 25.243222203375623, 0.0 ], [ 110.179197711273602, 25.243248467205664, 0.0 ], [ 110.178889621968111, 25.243293964628666, 0.0 ], [ 110.178709722827648, 25.243518980710469, 0.0 ], [ 110.178682635931793, 25.24380836929646, 0.0 ], [ 110.178655548886994, 25.244097757863042, 0.0 ], [ 110.178628461693165, 25.244387146410205, 0.0 ], [ 110.178601373955956, 25.24467653490742, 0.0 ], [ 110.178574286435506, 25.244965923413535, 0.0 ], [ 110.178547197879709, 25.245255311831457, 0.0 ], [ 110.178639871038726, 25.245498459359954, 0.0 ], [ 110.178923781085345, 25.245527214483328, 0.0 ], [ 110.179232143669012, 25.245451706960583, 0.0 ], [ 110.17954050588672, 25.245376198774029, 0.0 ], [ 110.179848867741342, 25.245300689933298, 0.0 ], [ 110.180109853073262, 25.245195766776963, 0.0 ], [ 110.180076868126733, 25.244906884933929, 0.0 ], [ 110.180043883315633, 25.244618003076255, 0.0 ], [ 110.180010898640106, 25.244329121203954, 0.0 ], [ 110.179977914100064, 25.244040239317012, 0.0 ], [ 110.180165668104266, 25.243914062604258, 0.0 ], [ 110.180483243436015, 25.243883576051566, 0.0 ], [ 110.180800818629805, 25.243853088811917, 0.0 ], [ 110.181086919345589, 25.243799093760828, 0.0 ], [ 110.181058037646309, 25.243509848631778, 0.0 ], [ 110.181029156375502, 25.243220603463516, 0.0 ] ] ] } },
{ "type": "Feature", "properties": { "OBJECTID": 101 }, "geometry": { "type": "Polygon", "coordinates": [ [ [ 110.178200497139898, 25.244702696525671, 0.0 ], [ 110.178241875996775, 25.244260642913726, 0.0 ], [ 110.178283254284764, 25.243818589239339, 0.0 ], [ 110.178167265150108, 25.243429045751874, 0.0 ], [ 110.177720592367663, 25.243370444045979, 0.0 ], [ 110.177234787446523, 25.243410557250819, 0.0 ], [ 110.176748982254608, 25.243450668849476, 0.0 ], [ 110.176263176791977, 25.243490778841952, 0.0 ], [ 110.175777371058615, 25.243530887228228, 0.0 ], [ 110.175291565054692, 25.243570994008287, 0.0 ], [ 110.174805758780167, 25.243611099182147, 0.0 ], [ 110.174319952235109, 25.243651202749778, 0.0 ], [ 110.173834145419534, 25.24369130471117, 0.0 ], [ 110.1733483383276, 25.243731405007622, 0.0 ], [ 110.173151809238604, 25.244109058368167, 0.0 ], [ 110.173171963082865, 25.244552331747869, 0.0 ], [ 110.17365221777149, 25.244544835792848, 0.0 ], [ 110.173787510252708, 25.244875414758177, 0.0 ], [ 110.173807818058577, 25.245318682343395, 0.0 ], [ 110.173828125962814, 25.245761949903216, 0.0 ], [ 110.174222460059113, 25.245835913363376, 0.0 ], [ 110.174709873313432, 25.245817971246812, 0.0 ], [ 110.175197286473605, 25.245800027517934, 0.0 ], [ 110.175684699539687, 25.245782082176763, 0.0 ], [ 110.176172112511537, 25.245764135223297, 0.0 ], [ 110.17665952538907, 25.245746186657549, 0.0 ], [ 110.17714693817237, 25.245728236479504, 0.0 ], [ 110.177634350777026, 25.245710282808883, 0.0 ], [ 110.178069085331046, 25.245568402358312, 0.0 ], [ 110.178159118057636, 25.245144750101794, 0.0 ], [ 110.178200497139898, 25.244702696525671, 0.0 ] ] ] } },
{ "type": "Feature", "properties": { "OBJECTID": 102 }, "geometry": { "type": "Polygon", "coordinates": [ [ [ 110.171347844275346, 25.234626743938634, 0.0 ], [ 110.171265355293599, 25.234847375465026, 0.0 ], [ 110.171344871593092, 25.235087846971258, 0.0 ], [ 110.171424388192307, 25.23532831843487, 0.0 ], [ 110.171503905091299, 25.235568789855893, 0.0 ], [ 110.171583422290027, 25.235809261234301, 0.0 ], [ 110.17166293978832, 25.236049732570113, 0.0 ], [ 110.171742457586504, 25.236290203863316, 0.0 ], [ 110.171821975684338, 25.236530675113901, 0.0 ], [ 110.171901494081993, 25.236771146321885, 0.0 ], [ 110.172082974815666, 25.23695021707681, 0.0 ], [ 110.172063503871513, 25.236790985134142, 0.0 ], [ 110.171983985157709, 25.23655051400095, 0.0 ], [ 110.17190446674374, 25.236310042825135, 0.0 ], [ 110.17182494862935, 25.236069571606713, 0.0 ], [ 110.171745430814852, 25.235829100345683, 0.0 ], [ 110.171665913300018, 25.235588629042049, 0.0 ], [ 110.171586396084891, 25.235348157695796, 0.0 ], [ 110.17150687916957, 25.23510768630695, 0.0 ], [ 110.1714273625538, 25.234867214875496, 0.0 ], [ 110.171347844275346, 25.234626743938634, 0.0 ] ] ] } },
{ "type": "Feature", "properties": { "OBJECTID": 103 }, "geometry": { "type": "Polygon", "coordinates": [ [ [ 110.172293492113511, 25.237541500128366, 0.0 ], [ 110.17219560648995, 25.237744478446761, 0.0 ], [ 110.172255976216107, 25.237976997231161, 0.0 ], [ 110.172312709663103, 25.238210272528303, 0.0 ], [ 110.172365827304773, 25.238444251062887, 0.0 ], [ 110.172415317187415, 25.23867888671559, 0.0 ], [ 110.172461171585852, 25.238914132617438, 0.0 ], [ 110.172503379062675, 25.239149942517518, 0.0 ], [ 110.172541933815111, 25.239386269300844, 0.0 ], [ 110.172576934977769, 25.239623053626122, 0.0 ], [ 110.172725797875145, 25.239811886185304, 0.0 ], [ 110.172731369341108, 25.239653120614431, 0.0 ], [ 110.172696854128418, 25.239416276687901, 0.0 ], [ 110.172659065466448, 25.239179847589618, 0.0 ], [ 110.172617649421355, 25.238943921637983, 0.0 ], [ 110.172572614237339, 25.238708545077021, 0.0 ], [ 110.172523969688967, 25.238473763202265, 0.0 ], [ 110.172471724207682, 25.238239622236556, 0.0 ], [ 110.172415889117261, 25.238006167661894, 0.0 ], [ 110.172356474690432, 25.237773445126393, 0.0 ], [ 110.172293492113511, 25.237541500128366, 0.0 ] ] ] } },
{ "type": "Feature", "properties": { "OBJECTID": 104 }, "geometry": { "type": "Polygon", "coordinates": [ [ [ 110.172905088589843, 25.240865176294161, 0.0 ], [ 110.172858500074213, 25.240540126307302, 0.0 ], [ 110.172811911780443, 25.240215076297872, 0.0 ], [ 110.172677812518586, 25.240287751068891, 0.0 ], [ 110.172718640030652, 25.240611752626378, 0.0 ], [ 110.172765228195146, 25.240936802645408, 0.0 ], [ 110.172811816581657, 25.241261852641856, 0.0 ], [ 110.172858405189857, 25.241586902615744, 0.0 ], [ 110.17290499401993, 25.241911952567058, 0.0 ], [ 110.172951583071963, 25.242237002495802, 0.0 ], [ 110.172998172345785, 25.242562052401979, 0.0 ], [ 110.17304469502858, 25.242887110142433, 0.0 ], [ 110.173126507868901, 25.243195699955198, 0.0 ], [ 110.173227119267324, 25.243140980842377, 0.0 ], [ 110.173184624575541, 25.242815475713758, 0.0 ], [ 110.17313803446018, 25.24249042589415, 0.0 ], [ 110.173091444907286, 25.242165376011599, 0.0 ], [ 110.173044855576265, 25.241840326106477, 0.0 ], [ 110.172998266467118, 25.241515276178784, 0.0 ], [ 110.172951677579761, 25.241190226228515, 0.0 ], [ 110.172905088589843, 25.240865176294161, 0.0 ] ] ] } },
{ "type": "Feature", "properties": { "OBJECTID": 105 }, "geometry": { "type": "Polygon", "coordinates": [ [ [ 110.178624639343752, 25.246280480363581, 0.0 ], [ 110.178609937774922, 25.245965923496673, 0.0 ], [ 110.178296967570461, 25.24642283255913, 0.0 ], [ 110.178105097468631, 25.246959971141919, 0.0 ], [ 110.177911375796583, 25.247496572554446, 0.0 ], [ 110.177747169252839, 25.248040975190769, 0.0 ], [ 110.177648212637621, 25.248598234965989, 0.0 ], [ 110.177615677340185, 25.249161915859489, 0.0 ], [ 110.177645255913518, 25.249725868036858, 0.0 ], [ 110.177690754297686, 25.250289134363477, 0.0 ], [ 110.177741923071324, 25.25085192449831, 0.0 ], [ 110.178098226040689, 25.251229035380359, 0.0 ], [ 110.177957143382301, 25.250682766933586, 0.0 ], [ 110.177890151344485, 25.25012162555824, 0.0 ], [ 110.177840780479229, 25.24955874500494, 0.0 ], [ 110.177830804244223, 25.248994264100002, 0.0 ], [ 110.177883082223872, 25.248431718940342, 0.0 ], [ 110.178042033507737, 25.247889824189038, 0.0 ], [ 110.178237200320865, 25.24735368425215, 0.0 ], [ 110.178430920260524, 25.246817082339824, 0.0 ], [ 110.178624639343752, 25.246280480363581, 0.0 ] ] ] } },
{ "type": "Feature", "properties": { "OBJECTID": 106 }, "geometry": { "type": "Polygon", "coordinates": [ [ [ 110.172678612358794, 25.246485876127608, 0.0 ], [ 110.172538350196547, 25.246626395297074, 0.0 ], [ 110.172572870542254, 25.247147362505984, 0.0 ], [ 110.172610003553444, 25.247668181104832, 0.0 ], [ 110.172648107629783, 25.248188942082869, 0.0 ], [ 110.172686211963438, 25.24870970302295, 0.0 ], [ 110.172724316554351, 25.249230463925105, 0.0 ], [ 110.172762421402524, 25.249751224789325, 0.0 ], [ 110.172800526896751, 25.250271985592065, 0.0 ], [ 110.172838632568826, 25.250792746361679, 0.0 ], [ 110.172876738219074, 25.25131350711024, 0.0 ], [ 110.17301566991901, 25.251173063045918, 0.0 ], [ 110.172977563720494, 25.250652302308325, 0.0 ], [ 110.172939457779307, 25.250131541532795, 0.0 ], [ 110.172901352095494, 25.249610780719319, 0.0 ], [ 110.172863246668911, 25.249090019867893, 0.0 ], [ 110.172825141499686, 25.248569258978534, 0.0 ], [ 110.172787036587664, 25.248048498051244, 0.0 ], [ 110.172748947786232, 25.247527736129168, 0.0 ], [ 110.172712455406995, 25.247006880102301, 0.0 ], [ 110.172678612358794, 25.246485876127608, 0.0 ] ] ] } },
{ "type": "Feature", "properties": { "OBJECTID": 107 }, "geometry": { "type": "Polygon", "coordinates": [ [ [ 110.174247621982147, 25.241150427905353, 0.0 ], [ 110.174015414530402, 25.240939671819785, 0.0 ], [ 110.173818871854237, 25.240703080401545, 0.0 ], [ 110.173579086880594, 25.24050293718161, 0.0 ], [ 110.173297923343256, 25.240354711050902, 0.0 ], [ 110.173002261322182, 25.240452042171984, 0.0 ], [ 110.172997814011225, 25.240723913660045, 0.0 ], [ 110.17318754218087, 25.240966435974752, 0.0 ], [ 110.173467716417733, 25.241094752401089, 0.0 ], [ 110.173781634495299, 25.241137898335943, 0.0 ], [ 110.173949625403111, 25.241389086633749, 0.0 ], [ 110.173993920207991, 25.241676542518743, 0.0 ], [ 110.17390778436507, 25.241962896476135, 0.0 ], [ 110.17374586722265, 25.242218977789769, 0.0 ], [ 110.173547172406515, 25.24245552588976, 0.0 ], [ 110.173471896337901, 25.242724040758532, 0.0 ], [ 110.173659392831155, 25.242947468824006, 0.0 ], [ 110.173980389970538, 25.24291046249969, 0.0 ], [ 110.174233292983146, 25.242726574275409, 0.0 ], [ 110.174493920718092, 25.242545544464615, 0.0 ], [ 110.174729914400316, 25.242345334213578, 0.0 ], [ 110.174888797225691, 25.242084565040955, 0.0 ], [ 110.17490983553121, 25.241796896742805, 0.0 ], [ 110.174734186560514, 25.241548872562507, 0.0 ], [ 110.174502812526129, 25.241337358906911, 0.0 ], [ 110.174247621982147, 25.241150427905353, 0.0 ] ] ] } },
{ "type": "Feature", "properties": { "OBJECTID": 108 }, "geometry": { "type": "Polygon", "coordinates": [ [ [ 110.173561909812008, 25.248442710191728, 0.0 ], [ 110.174044429453446, 25.248844319131646, 0.0 ], [ 110.174344100344342, 25.24950715457021, 0.0 ], [ 110.174930377764724, 25.249977156773081, 0.0 ], [ 110.175667924723157, 25.249813809119189, 0.0 ], [ 110.175969765546313, 25.249176826319299, 0.0 ], [ 110.175941953342303, 25.248455670260856, 0.0 ], [ 110.176182850290132, 25.247806880751494, 0.0 ], [ 110.176028873734708, 25.247347324966828, 0.0 ], [ 110.175353416189139, 25.246963664160585, 0.0 ], [ 110.174593118380784, 25.246857919274618, 0.0 ], [ 110.173845053430497, 25.247077569815648, 0.0 ], [ 110.173488390808259, 25.247437330194241, 0.0 ], [ 110.173438795943838, 25.246714469260148, 0.0 ], [ 110.173280025914437, 25.246564368581932, 0.0 ], [ 110.17332849224556, 25.247287292800333, 0.0 ], [ 110.173381038968401, 25.248009982242372, 0.0 ], [ 110.173433921124555, 25.248732651578266, 0.0 ], [ 110.173486804228006, 25.249455320813748, 0.0 ], [ 110.173539687713884, 25.250177989983005, 0.0 ], [ 110.173559742208198, 25.251351804018288, 0.0 ], [ 110.173773447528319, 25.251333386713075, 0.0 ], [ 110.173720562317399, 25.250610717694684, 0.0 ], [ 110.173667677910402, 25.249888048584559, 0.0 ], [ 110.173614793570366, 25.249165379427279, 0.0 ], [ 110.173561909812008, 25.248442710191728, 0.0 ] ] ] } },
{ "type": "Feature", "properties": { "OBJECTID": 109 }, "geometry": { "type": "Polygon", "coordinates": [ [ [ 110.170152908471721, 25.254085464913867, 0.0 ], [ 110.170038630254751, 25.25380590194796, 0.0 ], [ 110.170266954626001, 25.253609028919911, 0.0 ], [ 110.170486194333833, 25.253339786522073, 0.0 ], [ 110.170599551681875, 25.253018323569371, 0.0 ], [ 110.170601274876191, 25.252682509727126, 0.0 ], [ 110.170345354701738, 25.252617744052049, 0.0 ], [ 110.170099760972775, 25.252867224282941, 0.0 ], [ 110.169787358961017, 25.253055211732555, 0.0 ], [ 110.169748802424124, 25.253215792891716, 0.0 ], [ 110.169544901192737, 25.253256155021951, 0.0 ], [ 110.169240106525706, 25.253250940865389, 0.0 ], [ 110.16888208131931, 25.253340043194267, 0.0 ], [ 110.168734208648488, 25.253625346285055, 0.0 ], [ 110.16854717281349, 25.253917296288964, 0.0 ], [ 110.168347532371243, 25.254161102039422, 0.0 ], [ 110.168296405938818, 25.254486547595615, 0.0 ], [ 110.168484846801817, 25.254750095003534, 0.0 ], [ 110.168718615968629, 25.25500886279578, 0.0 ], [ 110.169065821707292, 25.255137948941133, 0.0 ], [ 110.169412931194145, 25.255263513594148, 0.0 ], [ 110.169783375130706, 25.255216890366079, 0.0 ], [ 110.170091435105491, 25.255040339486829, 0.0 ], [ 110.170247560231743, 25.254733997181106, 0.0 ], [ 110.170155484165889, 25.254417526321944, 0.0 ], [ 110.170152908471721, 25.254085464913867, 0.0 ] ] ] } },
{ "type": "Feature", "properties": { "OBJECTID": 110 }, "geometry": { "type": "Polygon", "coordinates": [ [ [ 110.171265116318366, 25.249581114153536, 0.0 ], [ 110.171397332895822, 25.248968318093276, 0.0 ], [ 110.170925963875689, 25.248675980287036, 0.0 ], [ 110.170563113793946, 25.248655712944363, 0.0 ], [ 110.170256118476857, 25.248173771204492, 0.0 ], [ 110.169951887148599, 25.247595416187998, 0.0 ], [ 110.169492028419228, 25.247344179620875, 0.0 ], [ 110.169272392544045, 25.246781558370465, 0.0 ], [ 110.168661716610501, 25.246800154503621, 0.0 ], [ 110.167967454990233, 25.246936729356317, 0.0 ], [ 110.167792843152228, 25.247437711673072, 0.0 ], [ 110.167765648120508, 25.248078317995439, 0.0 ], [ 110.167613245614774, 25.248440845041902, 0.0 ], [ 110.168197085185298, 25.248691550685272, 0.0 ], [ 110.168754499844994, 25.248976547068334, 0.0 ], [ 110.169087508813433, 25.249545780747681, 0.0 ], [ 110.1692224307305, 25.250177433074739, 0.0 ], [ 110.169261587727036, 25.250822374478723, 0.0 ], [ 110.169296103226316, 25.251467619880422, 0.0 ], [ 110.169743301690318, 25.251693158798158, 0.0 ], [ 110.170452244573724, 25.251652586265458, 0.0 ], [ 110.170644691338737, 25.251197400512709, 0.0 ], [ 110.170566029903924, 25.250566462891285, 0.0 ], [ 110.170913606267149, 25.250050210250262, 0.0 ], [ 110.171265116318366, 25.249581114153536, 0.0 ] ] ] } },
{ "type": "Feature", "properties": { "OBJECTID": 111 }, "geometry": { "type": "Polygon", "coordinates": [ [ [ 110.171896769435705, 25.25667163681252, 0.0 ], [ 110.172091293780156, 25.256308062802596, 0.0 ], [ 110.171885140529085, 25.255930554349426, 0.0 ], [ 110.171554823500202, 25.255630736116416, 0.0 ], [ 110.171112698217897, 25.255526682387742, 0.0 ], [ 110.170666733768996, 25.25553306490513, 0.0 ], [ 110.170476865689594, 25.25590162105609, 0.0 ], [ 110.170671104109189, 25.256285520717885, 0.0 ], [ 110.171001786596321, 25.256519281932881, 0.0 ], [ 110.171436087322661, 25.256658596241738, 0.0 ], [ 110.171896769435705, 25.25667163681252, 0.0 ] ] ] } },
{ "type": "Feature", "properties": { "OBJECTID": 112 }, "geometry": { "type": "Polygon", "coordinates": [ [ [ 110.173842339019785, 25.25228466839711, 0.0 ], [ 110.173829841975518, 25.252116840960088, 0.0 ], [ 110.17372103898208, 25.252204965100518, 0.0 ], [ 110.173698924499121, 25.252362002791511, 0.0 ], [ 110.173711651808333, 25.252529815901941, 0.0 ], [ 110.173724075322141, 25.252697647703759, 0.0 ], [ 110.173735029860936, 25.252865559944329, 0.0 ], [ 110.173744677095712, 25.253033542787591, 0.0 ], [ 110.173754324349915, 25.253201525627109, 0.0 ], [ 110.1737639716236, 25.253369508462896, 0.0 ], [ 110.173773618916798, 25.253537491294932, 0.0 ], [ 110.173783266229563, 25.25370547412324, 0.0 ], [ 110.173792913561755, 25.253873456947794, 0.0 ], [ 110.173849017938394, 25.254025025129394, 0.0 ], [ 110.173956848498449, 25.254132021072728, 0.0 ], [ 110.173947201165944, 25.253964038247318, 0.0 ], [ 110.17393755385288, 25.253796055418171, 0.0 ], [ 110.17392790645907, 25.253628072590047, 0.0 ], [ 110.173918258894588, 25.253460089767206, 0.0 ], [ 110.173908611349574, 25.253292106940624, 0.0 ], [ 110.173898963824158, 25.253124124110311, 0.0 ], [ 110.173889316318167, 25.252956141276243, 0.0 ], [ 110.17387966883166, 25.252788158438452, 0.0 ], [ 110.173867625757026, 25.252620304981352, 0.0 ], [ 110.173855002940812, 25.252452485479441, 0.0 ], [ 110.173842339019785, 25.25228466839711, 0.0 ] ] ] } },
{ "type": "Feature", "properties": { "OBJECTID": 113 }, "geometry": { "type": "Polygon", "coordinates": [ [ [ 110.173539921111285, 25.259343115427093, 0.0 ], [ 110.17338138640423, 25.259165860842476, 0.0 ], [ 110.17339365449601, 25.259382819381123, 0.0 ], [ 110.173410687037119, 25.259610774170866, 0.0 ], [ 110.17342771962889, 25.259838728953291, 0.0 ], [ 110.173444752271308, 25.260066683728386, 0.0 ], [ 110.173461784964303, 25.260294638496152, 0.0 ], [ 110.173478817707974, 25.26052259325661, 0.0 ], [ 110.173495850502363, 25.260750548009746, 0.0 ], [ 110.173512883347428, 25.260978502755556, 0.0 ], [ 110.173529916243155, 25.261206457494048, 0.0 ], [ 110.173546949189472, 25.261434412225206, 0.0 ], [ 110.173563982186522, 25.261662366949054, 0.0 ], [ 110.17358101523422, 25.261890321665575, 0.0 ], [ 110.173685469295165, 25.261839764183431, 0.0 ], [ 110.173710251892103, 25.261622662882118, 0.0 ], [ 110.17369321862563, 25.261394708167114, 0.0 ], [ 110.173676185409818, 25.261166753444794, 0.0 ], [ 110.173659152244667, 25.260938798715149, 0.0 ], [ 110.173642119130193, 25.260710843978178, 0.0 ], [ 110.173625086066465, 25.260482889233888, 0.0 ], [ 110.173608053053314, 25.26025493448228, 0.0 ], [ 110.173591020090825, 25.260026979723346, 0.0 ], [ 110.173573987179083, 25.25979902495709, 0.0 ], [ 110.173556954317917, 25.259571070183515, 0.0 ], [ 110.173539921111285, 25.259343115427093, 0.0 ] ] ] } },
{ "type": "Feature", "properties": { "OBJECTID": 114 }, "geometry": { "type": "Polygon", "coordinates": [ [ [ 110.174491664646666, 25.262094157742531, 0.0 ], [ 110.174472351238947, 25.261835711062755, 0.0 ], [ 110.17445303789637, 25.261577264373557, 0.0 ], [ 110.174433724618936, 25.261318817674947, 0.0 ], [ 110.174414411406673, 25.261060370966927, 0.0 ], [ 110.174395098259623, 25.260801924249488, 0.0 ], [ 110.174375785177645, 25.260543477522635, 0.0 ], [ 110.174356472160753, 25.26028503078637, 0.0 ], [ 110.174337159209131, 25.260026584040691, 0.0 ], [ 110.17431784632258, 25.259768137285597, 0.0 ], [ 110.174298533501187, 25.259509690521092, 0.0 ], [ 110.174279220744921, 25.259251243747165, 0.0 ], [ 110.174259908053799, 25.258992796963842, 0.0 ], [ 110.174152035349209, 25.259059488732326, 0.0 ], [ 110.174134349137702, 25.259309601796737, 0.0 ], [ 110.174153661569363, 25.259568048581485, 0.0 ], [ 110.174172974066167, 25.259826495356815, 0.0 ], [ 110.174192286628099, 25.260084942122734, 0.0 ], [ 110.174211599255173, 25.260343388879239, 0.0 ], [ 110.174230911947461, 25.260601835626332, 0.0 ], [ 110.174250224704807, 25.260860282364014, 0.0 ], [ 110.174269537527309, 25.261118729092274, 0.0 ], [ 110.174288850415024, 25.261377175811123, 0.0 ], [ 110.174308163367812, 25.261635622520558, 0.0 ], [ 110.174327476305237, 25.261894069225555, 0.0 ], [ 110.174491664646666, 25.262094157742531, 0.0 ] ] ] } },
{ "type": "Feature", "properties": { "OBJECTID": 115 }, "geometry": { "type": "Polygon", "coordinates": [ [ [ 110.173786015774013, 25.262704276282609, 0.0 ], [ 110.173628374171727, 25.262569728491897, 0.0 ], [ 110.173643062438174, 25.262802191015808, 0.0 ], [ 110.173657750747083, 25.263034653532426, 0.0 ], [ 110.173672439098453, 25.263267116041757, 0.0 ], [ 110.1736871274923, 25.26349957854379, 0.0 ], [ 110.173701815928609, 25.263732041038544, 0.0 ], [ 110.173716504407295, 25.263964503525997, 0.0 ], [ 110.173731193050244, 25.264196965999528, 0.0 ], [ 110.173745881611438, 25.264429428472535, 0.0 ], [ 110.173760570215094, 25.264661890938243, 0.0 ], [ 110.173775258861227, 25.264894353396663, 0.0 ], [ 110.173789947549835, 25.265126815847793, 0.0 ], [ 110.173804636280977, 25.26535927829163, 0.0 ], [ 110.173925487163402, 25.26525559115024, 0.0 ], [ 110.173932903541811, 25.265028901069453, 0.0 ], [ 110.173918214576148, 25.264796438623467, 0.0 ], [ 110.17390352565296, 25.264563976170177, 0.0 ], [ 110.17388883677225, 25.26433151370961, 0.0 ], [ 110.173874147934015, 25.264099051241743, 0.0 ], [ 110.173859459084738, 25.263866588769382, 0.0 ], [ 110.173844770270122, 25.263634126290139, 0.0 ], [ 110.173830081497883, 25.263401663803609, 0.0 ], [ 110.173815392768191, 25.263169201309786, 0.0 ], [ 110.17380070408089, 25.262936738808666, 0.0 ], [ 110.173786015774013, 25.262704276282609, 0.0 ] ] ] } },
{ "type": "Feature", "properties": { "OBJECTID": 116 }, "geometry": { "type": "Polygon", "coordinates": [ [ [ 110.173094121804809, 25.252256456365519, 0.0 ], [ 110.17296151071946, 25.25247777566026, 0.0 ], [ 110.172998506194176, 25.253020551683157, 0.0 ], [ 110.173029692717165, 25.253563644626933, 0.0 ], [ 110.173060879418486, 25.254106737532823, 0.0 ], [ 110.173092066323477, 25.254649830399622, 0.0 ], [ 110.173123253432252, 25.25519292322733, 0.0 ], [ 110.173154440740177, 25.255736016016158, 0.0 ], [ 110.173185628192101, 25.256279108768737, 0.0 ], [ 110.173216815847709, 25.256822201482219, 0.0 ], [ 110.173248003991006, 25.257365294143117, 0.0 ], [ 110.173283470847011, 25.257908153001253, 0.0 ], [ 110.173324011172809, 25.258450734634284, 0.0 ], [ 110.173411371526342, 25.258431569321054, 0.0 ], [ 110.173456705447222, 25.258229410551408, 0.0 ], [ 110.173416164673085, 25.25768682891955, 0.0 ], [ 110.173384372275734, 25.257143769270741, 0.0 ], [ 110.173353183847709, 25.256600676594545, 0.0 ], [ 110.173321995623454, 25.256057583879247, 0.0 ], [ 110.173290807603053, 25.255514491124853, 0.0 ], [ 110.173259619786435, 25.254971398331364, 0.0 ], [ 110.173228432173502, 25.254428305498788, 0.0 ], [ 110.173197244764296, 25.253885212627107, 0.0 ], [ 110.173166057558902, 25.253342119716347, 0.0 ], [ 110.173134651268967, 25.252799038608998, 0.0 ], [ 110.173094121804809, 25.252256456365519, 0.0 ] ] ] } },
{ "type": "Feature", "properties": { "OBJECTID": 117 }, "geometry": { "type": "Polygon", "coordinates": [ [ [ 110.174156667831696, 25.257611195018228, 0.0 ], [ 110.174137115151467, 25.257270756661818, 0.0 ], [ 110.174117562551487, 25.256930318290046, 0.0 ], [ 110.174098010031557, 25.256589879902901, 0.0 ], [ 110.174078457591747, 25.256249441500394, 0.0 ], [ 110.174058905232044, 25.255909003082522, 0.0 ], [ 110.174039352952363, 25.25556856464928, 0.0 ], [ 110.174019800752887, 25.255228126200684, 0.0 ], [ 110.174000248633504, 25.254887687736705, 0.0 ], [ 110.173980696594143, 25.254547249257374, 0.0 ], [ 110.173855538098408, 25.254570448910876, 0.0 ], [ 110.17385217775994, 25.254905384334286, 0.0 ], [ 110.173871729523, 25.255245822804046, 0.0 ], [ 110.173891281366153, 25.25558626125844, 0.0 ], [ 110.173910833289398, 25.255926699697472, 0.0 ], [ 110.173930385292678, 25.256267138121146, 0.0 ], [ 110.173949937376122, 25.256607576529444, 0.0 ], [ 110.173969489539687, 25.256948014922372, 0.0 ], [ 110.173989041783301, 25.25728845329995, 0.0 ], [ 110.174008758987114, 25.257628882652877, 0.0 ], [ 110.174034173422655, 25.257969000690583, 0.0 ], [ 110.174059587970987, 25.258309118711985, 0.0 ], [ 110.174152021576461, 25.258329809253155, 0.0 ], [ 110.174207497894784, 25.25829143103272, 0.0 ], [ 110.174182082806851, 25.25795131303363, 0.0 ], [ 110.174156667831696, 25.257611195018228, 0.0 ] ] ] } },
{ "type": "Feature", "properties": { "OBJECTID": 118 }, "geometry": { "type": "Polygon", "coordinates": [ [ [ 110.181451701909523, 25.266544825987662, 0.0 ], [ 110.181395943143414, 25.266183738774387, 0.0 ], [ 110.180432350664574, 25.266183191448405, 0.0 ], [ 110.179468758385028, 25.266182637831879, 0.0 ], [ 110.178505166305158, 25.266182077924807, 0.0 ], [ 110.177541574425234, 25.266181511727197, 0.0 ], [ 110.176577982745599, 25.266180939239053, 0.0 ], [ 110.175614391266578, 25.266180360460375, 0.0 ], [ 110.17474557942262, 25.266088557181352, 0.0 ], [ 110.174690298243121, 25.265213788215565, 0.0 ], [ 110.17463501766521, 25.264339019146501, 0.0 ], [ 110.174579737626175, 25.263464249977456, 0.0 ], [ 110.174524458154352, 25.262589480706925, 0.0 ], [ 110.174354151107892, 25.262699887787047, 0.0 ], [ 110.174456985108264, 25.263881825993039, 0.0 ], [ 110.17451226434622, 25.264756595142597, 0.0 ], [ 110.174567544059045, 25.265631364195507, 0.0 ], [ 110.174747826202903, 25.266462081831765, 0.0 ], [ 110.175670132859196, 25.266541449529267, 0.0 ], [ 110.176633727200539, 25.266542027998931, 0.0 ], [ 110.177597321742411, 25.266542600177957, 0.0 ], [ 110.178560916484557, 25.266543166066349, 0.0 ], [ 110.179524511426706, 25.266543725664096, 0.0 ], [ 110.180488106568504, 25.266544278971203, 0.0 ], [ 110.181451701909523, 25.266544825987662, 0.0 ] ] ] } },
{ "type": "Feature", "properties": { "OBJECTID": 119 }, "geometry": { "type": "Polygon", "coordinates": [ [ [ 110.180333890471431, 25.262044340857329, 0.0 ], [ 110.180540619496554, 25.26188089885374, 0.0 ], [ 110.180716585978246, 25.261690567063336, 0.0 ], [ 110.180935410580645, 25.261550012549964, 0.0 ], [ 110.181175596342158, 25.261432294694309, 0.0 ], [ 110.181383771514675, 25.261270378687051, 0.0 ], [ 110.181479144412265, 25.261051005996741, 0.0 ], [ 110.181415538646647, 25.260808772298066, 0.0 ], [ 110.181187773762872, 25.260690040332189, 0.0 ], [ 110.180923054844015, 25.260654867357466, 0.0 ], [ 110.180649490347903, 25.260667803266674, 0.0 ], [ 110.180402080612623, 25.26076575633391, 0.0 ], [ 110.180160846567276, 25.260883784812105, 0.0 ], [ 110.179969793583695, 25.26105258432959, 0.0 ], [ 110.179814116456043, 25.261257543417738, 0.0 ], [ 110.179660658426442, 25.261463387852952, 0.0 ], [ 110.179580545265551, 25.261693773033752, 0.0 ], [ 110.179612747890118, 25.261920964586086, 0.0 ], [ 110.179788601820192, 25.262055063751788, 0.0 ], [ 110.180062529931718, 25.262053036997312, 0.0 ], [ 110.180333890471431, 25.262044340857329, 0.0 ] ] ] } },
{ "type": "Feature", "properties": { "OBJECTID": 120 }, "geometry": { "type": "Polygon", "coordinates": [ [ [ 110.179950451787121, 25.263364210109099, 0.0 ], [ 110.179767258028036, 25.263339641583968, 0.0 ], [ 110.179584030544746, 25.263321692264824, 0.0 ], [ 110.179400593831318, 25.26334471277665, 0.0 ], [ 110.179217157055533, 25.263367733058711, 0.0 ], [ 110.179093502887198, 25.263491326857682, 0.0 ], [ 110.179069773960833, 25.263657823259823, 0.0 ], [ 110.179046911807291, 25.263814613664834, 0.0 ], [ 110.179185319636318, 25.263926478611037, 0.0 ], [ 110.179323727719861, 25.264038343432155, 0.0 ], [ 110.179428266153536, 25.264161249673414, 0.0 ], [ 110.179528782551515, 25.264249970030832, 0.0 ], [ 110.179710713933943, 25.264236832255548, 0.0 ], [ 110.179894659090735, 25.264218157877437, 0.0 ], [ 110.180064801161976, 25.264169998270201, 0.0 ], [ 110.180210347365659, 25.264065893703101, 0.0 ], [ 110.180233042232985, 25.263942741755901, 0.0 ], [ 110.180179031695531, 25.26378587282078, 0.0 ], [ 110.180156535070793, 25.26361873260187, 0.0 ], [ 110.180092629001507, 25.263472094792125, 0.0 ], [ 110.179950451787121, 25.263364210109099, 0.0 ] ] ] } },
{ "type": "Feature", "properties": { "OBJECTID": 121 }, "geometry": { "type": "Polygon", "coordinates": [ [ [ 110.130802513037096, 25.215601453691168, 0.0 ], [ 110.130605280656425, 25.215740836839359, 0.0 ], [ 110.130590902753426, 25.215968909357027, 0.0 ], [ 110.130591546381396, 25.216202999621384, 0.0 ], [ 110.130592189997472, 25.21643708987849, 0.0 ], [ 110.130592833601526, 25.216671180128316, 0.0 ], [ 110.130593477193585, 25.216905270370894, 0.0 ], [ 110.13059412077375, 25.217139360606204, 0.0 ], [ 110.130594764341879, 25.217373450834241, 0.0 ], [ 110.130716061753105, 25.217557753569444, 0.0 ], [ 110.130950063418368, 25.217598877021516, 0.0 ], [ 110.13108187145022, 25.217475416918742, 0.0 ], [ 110.131081227428751, 25.217241326670074, 0.0 ], [ 110.131080583395388, 25.217007236414137, 0.0 ], [ 110.131079939899877, 25.216773146149691, 0.0 ], [ 110.131079297393057, 25.216539055875707, 0.0 ], [ 110.131078654874287, 25.216304965594453, 0.0 ], [ 110.131078012343522, 25.216070875305938, 0.0 ], [ 110.131077369800806, 25.215836785010161, 0.0 ], [ 110.131059228319273, 25.2156175884571, 0.0 ], [ 110.130802513037096, 25.215601453691168, 0.0 ] ] ] } },
{ "type": "Feature", "properties": { "OBJECTID": 122 }, "geometry": { "type": "Polygon", "coordinates": [ [ [ 110.133441260460245, 25.220547749276445, 0.0 ], [ 110.133355538547406, 25.220482247184904, 0.0 ], [ 110.133269816726866, 25.220416745045508, 0.0 ], [ 110.133161427937367, 25.220416297506265, 0.0 ], [ 110.13304984409865, 25.220424547179917, 0.0 ], [ 110.132938227196917, 25.220432418112111, 0.0 ], [ 110.132826578762632, 25.220439909895561, 0.0 ], [ 110.132714900403002, 25.220447023059702, 0.0 ], [ 110.132706817108655, 25.22050958925908, 0.0 ], [ 110.132754074157219, 25.220601910147305, 0.0 ], [ 110.132810060939548, 25.220689984563958, 0.0 ], [ 110.132883536617769, 25.220766638513478, 0.0 ], [ 110.132971008991731, 25.220830018534272, 0.0 ], [ 110.133070229413349, 25.220876910463584, 0.0 ], [ 110.133177236292511, 25.220906305545771, 0.0 ], [ 110.133288399872484, 25.220916783066325, 0.0 ], [ 110.133400339802122, 25.220917058718019, 0.0 ], [ 110.133442103701171, 25.220853264424605, 0.0 ], [ 110.133441822673731, 25.220751426043147, 0.0 ], [ 110.13344154158527, 25.22064958766045, 0.0 ], [ 110.133441260460245, 25.220547749276445, 0.0 ] ] ] } },
{ "type": "Feature", "properties": { "OBJECTID": 123 }, "geometry": { "type": "Polygon", "coordinates": [ [ [ 110.135140809711345, 25.22047427572619, 0.0 ], [ 110.134896569600912, 25.220279417305829, 0.0 ], [ 110.134588670369098, 25.220277006004405, 0.0 ], [ 110.134266355348629, 25.220313962288134, 0.0 ], [ 110.133943619363009, 25.220347742523614, 0.0 ], [ 110.133658938015728, 25.220451878771108, 0.0 ], [ 110.133600514230181, 25.220725209254002, 0.0 ], [ 110.133601330896923, 25.221020728682554, 0.0 ], [ 110.133602147787698, 25.221316248098969, 0.0 ], [ 110.133602964659516, 25.221611767503809, 0.0 ], [ 110.133603781512278, 25.221907286897071, 0.0 ], [ 110.133835739176078, 25.222071075471916, 0.0 ], [ 110.134160610714133, 25.222070946592137, 0.0 ], [ 110.134485482274414, 25.222070816998169, 0.0 ], [ 110.134810353856892, 25.222070686690017, 0.0 ], [ 110.135068621187202, 25.221930645547918, 0.0 ], [ 110.135129509133861, 25.22165631284032, 0.0 ], [ 110.135132334367526, 25.2213608035802, 0.0 ], [ 110.135135159564641, 25.221065294307991, 0.0 ], [ 110.135137984725162, 25.22076978502368, 0.0 ], [ 110.135140809711345, 25.22047427572619, 0.0 ] ] ] } },
{ "type": "Feature", "properties": { "OBJECTID": 124 }, "geometry": { "type": "Polygon", "coordinates": [ [ [ 110.135011321949861, 25.224839830400438, 0.0 ], [ 110.134760272122577, 25.224752752962285, 0.0 ], [ 110.134614359837798, 25.224880486893277, 0.0 ], [ 110.13461411076014, 25.225141534153611, 0.0 ], [ 110.134613861663624, 25.225402581404822, 0.0 ], [ 110.134613612548023, 25.225663628646885, 0.0 ], [ 110.134613363413663, 25.225924675879806, 0.0 ], [ 110.13461311426029, 25.22618572310358, 0.0 ], [ 110.134612865087988, 25.226446770318208, 0.0 ], [ 110.134612615896742, 25.226707817523703, 0.0 ], [ 110.134612366686582, 25.226968864720046, 0.0 ], [ 110.134841185954002, 25.227023066121479, 0.0 ], [ 110.135056064663573, 25.226871843387045, 0.0 ], [ 110.13510461800864, 25.226628214454394, 0.0 ], [ 110.135104866135947, 25.226367167217429, 0.0 ], [ 110.135105114244425, 25.226106119971327, 0.0 ], [ 110.135105362333903, 25.225845072716091, 0.0 ], [ 110.13510561040448, 25.225584025451692, 0.0 ], [ 110.1351058584562, 25.225322978178159, 0.0 ], [ 110.135106106488934, 25.225061930895485, 0.0 ], [ 110.135011321949861, 25.224839830400438, 0.0 ] ] ] } },
{ "type": "Feature", "properties": { "OBJECTID": 125 }, "geometry": { "type": "Polygon", "coordinates": [ [ [ 110.132050309631779, 25.227187209019508, 0.0 ], [ 110.131865618510531, 25.227326524529317, 0.0 ], [ 110.131849299915061, 25.227544815252578, 0.0 ], [ 110.13184770903446, 25.227768871349291, 0.0 ], [ 110.131858738167651, 25.227988162010345, 0.0 ], [ 110.132040562414531, 25.22813155968926, 0.0 ], [ 110.132286884276425, 25.228133008221594, 0.0 ], [ 110.132533206157248, 25.22813445636783, 0.0 ], [ 110.132779528057128, 25.228135904103571, 0.0 ], [ 110.133025849975937, 25.228137351428849, 0.0 ], [ 110.133272171913831, 25.228138798343632, 0.0 ], [ 110.133458314654121, 25.228006502028222, 0.0 ], [ 110.133461242553466, 25.227783776970657, 0.0 ], [ 110.13346062414071, 25.227559716828967, 0.0 ], [ 110.133460005955186, 25.227335656680065, 0.0 ], [ 110.133281909622141, 25.227194447413993, 0.0 ], [ 110.133035589586015, 25.227193000556024, 0.0 ], [ 110.132789269568903, 25.2271915532876, 0.0 ], [ 110.132542949570876, 25.227190105608695, 0.0 ], [ 110.132296629591806, 25.227188657519331, 0.0 ], [ 110.132050309631779, 25.227187209019508, 0.0 ] ] ] } },
{ "type": "Feature", "properties": { "OBJECTID": 126 }, "geometry": { "type": "Polygon", "coordinates": [ [ [ 110.133798618626358, 25.227197480627087, 0.0 ], [ 110.133626082922248, 25.227326413111594, 0.0 ], [ 110.13361932627366, 25.22753392114431, 0.0 ], [ 110.13361990724087, 25.227744191603865, 0.0 ], [ 110.133620488198403, 25.227954462057554, 0.0 ], [ 110.133743271015661, 25.228118654669871, 0.0 ], [ 110.133963904375321, 25.228142859965896, 0.0 ], [ 110.134195066597186, 25.228144216584838, 0.0 ], [ 110.134426228835707, 25.228145572842266, 0.0 ], [ 110.134657391091011, 25.228146928738191, 0.0 ], [ 110.134888553367944, 25.228148283569155, 0.0 ], [ 110.135049941484908, 25.228001671767704, 0.0 ], [ 110.135103493999495, 25.227810638670324, 0.0 ], [ 110.135103694079064, 25.227600367559621, 0.0 ], [ 110.135094483390517, 25.227393443114412, 0.0 ], [ 110.13493754472816, 25.227239055867912, 0.0 ], [ 110.134723260424636, 25.227202905776384, 0.0 ], [ 110.134492099949995, 25.227201550031307, 0.0 ], [ 110.134260939492009, 25.227200193924723, 0.0 ], [ 110.13402977905082, 25.227198837456648, 0.0 ], [ 110.133798618626358, 25.227197480627087, 0.0 ] ] ] } },
{ "type": "Feature", "properties": { "OBJECTID": 127 }, "geometry": { "type": "Polygon", "coordinates": [ [ [ 110.135849695591162, 25.227209505946021, 0.0 ], [ 110.135659040510816, 25.227350509989641, 0.0 ], [ 110.135599894565232, 25.227563818485848, 0.0 ], [ 110.135599672464267, 25.22779837447203, 0.0 ], [ 110.135657765301573, 25.228012191425236, 0.0 ], [ 110.13584762705058, 25.228153903289769, 0.0 ], [ 110.1361054870532, 25.228155413087183, 0.0 ], [ 110.136363347076511, 25.228156922434774, 0.0 ], [ 110.136621207120655, 25.228158431332517, 0.0 ], [ 110.136879067185546, 25.228159939780426, 0.0 ], [ 110.1371369272712, 25.228161447778493, 0.0 ], [ 110.137338407211928, 25.22803737109659, 0.0 ], [ 110.137350591492748, 25.227807361919382, 0.0 ], [ 110.137350781889353, 25.227572805821524, 0.0 ], [ 110.137339599305122, 25.227342508609311, 0.0 ], [ 110.137138985854719, 25.227217050160913, 0.0 ], [ 110.136881127760475, 25.227215542217571, 0.0 ], [ 110.136623269687007, 25.22721403382441, 0.0 ], [ 110.136365411634273, 25.227212524981436, 0.0 ], [ 110.136107553602386, 25.227211015688631, 0.0 ], [ 110.135849695591162, 25.227209505946021, 0.0 ] ] ] } },
{ "type": "Feature", "properties": { "OBJECTID": 128 }, "geometry": { "type": "Polygon", "coordinates": [ [ [ 110.13772916899957, 25.227220499800016, 0.0 ], [ 110.13754941041843, 25.227372545994612, 0.0 ], [ 110.137549219251198, 25.227608729166281, 0.0 ], [ 110.137549028194286, 25.227844912330561, 0.0 ], [ 110.13758905581517, 25.2280660347914, 0.0 ], [ 110.137803541299618, 25.228165344084235, 0.0 ], [ 110.138063190171536, 25.22816686084844, 0.0 ], [ 110.138322839064529, 25.228168377156557, 0.0 ], [ 110.138582487978539, 25.228169893008559, 0.0 ], [ 110.138842136913468, 25.228171408404457, 0.0 ], [ 110.139101785869812, 25.228172923294302, 0.0 ], [ 110.139275228622623, 25.228020899619093, 0.0 ], [ 110.139275418040214, 25.227784716371239, 0.0 ], [ 110.139275606720702, 25.227548533115421, 0.0 ], [ 110.139238549013839, 25.227324897101511, 0.0 ], [ 110.139027403512472, 25.227228079449443, 0.0 ], [ 110.138767756567887, 25.227226564431728, 0.0 ], [ 110.138508109644292, 25.227225048957916, 0.0 ], [ 110.138248462741686, 25.227223533028042, 0.0 ], [ 110.137988815860169, 25.22722201664207, 0.0 ], [ 110.13772916899957, 25.227220499800016, 0.0 ] ] ] } },
{ "type": "Feature", "properties": { "OBJECTID": 129 }, "geometry": { "type": "Polygon", "coordinates": [ [ [ 110.134809537154737, 25.228328351806791, 0.0 ], [ 110.13462431466094, 25.22832726555492, 0.0 ], [ 110.134610920467864, 25.228483622906232, 0.0 ], [ 110.134610759573761, 25.228652105737094, 0.0 ], [ 110.134610598671784, 25.22882058856414, 0.0 ], [ 110.13461043776185, 25.228989071387367, 0.0 ], [ 110.134610276844029, 25.229157554206797, 0.0 ], [ 110.134610115918392, 25.229326037022414, 0.0 ], [ 110.134609954984882, 25.22949451983423, 0.0 ], [ 110.134609794043399, 25.229663002642233, 0.0 ], [ 110.134766544179342, 25.229688619561397, 0.0 ], [ 110.134921539335323, 25.229622612058272, 0.0 ], [ 110.135051776951926, 25.229502808680909, 0.0 ], [ 110.13510202672164, 25.229353323322908, 0.0 ], [ 110.135102187073045, 25.229184840489474, 0.0 ], [ 110.135102347416648, 25.229016357652238, 0.0 ], [ 110.13510250775235, 25.228847874811194, 0.0 ], [ 110.135102668080123, 25.228679391966338, 0.0 ], [ 110.135090338373473, 25.228515350842336, 0.0 ], [ 110.13496458755256, 25.228391645943955, 0.0 ], [ 110.134809537154737, 25.228328351806791, 0.0 ] ] ] } },
{ "type": "Feature", "properties": { "OBJECTID": 130 }, "geometry": { "type": "Polygon", "coordinates": [ [ [ 110.135044059927182, 25.230251460001057, 0.0 ], [ 110.134848890351307, 25.230139799105601, 0.0 ], [ 110.134642500110246, 25.230169782055633, 0.0 ], [ 110.134665420104355, 25.230389104568946, 0.0 ], [ 110.134637888268102, 25.230585017758955, 0.0 ], [ 110.134427692430563, 25.230693977404069, 0.0 ], [ 110.134201211996157, 25.230772076349346, 0.0 ], [ 110.133973386628156, 25.23084683472651, 0.0 ], [ 110.133745012672819, 25.230920230677039, 0.0 ], [ 110.133668694242672, 25.231083396520599, 0.0 ], [ 110.133693138945503, 25.231302577765739, 0.0 ], [ 110.13388966123145, 25.23125528042657, 0.0 ], [ 110.134112786820822, 25.231169599447217, 0.0 ], [ 110.134337153794476, 25.231086605169903, 0.0 ], [ 110.134561520472573, 25.231003610542864, 0.0 ], [ 110.134788949392259, 25.230931703037992, 0.0 ], [ 110.1350297991292, 25.230908383887527, 0.0 ], [ 110.135235709902091, 25.230860881297776, 0.0 ], [ 110.135199418292785, 25.230643062522361, 0.0 ], [ 110.135168838878059, 25.230424519508151, 0.0 ], [ 110.135044059927182, 25.230251460001057, 0.0 ] ] ] } },
{ "type": "Feature", "properties": { "OBJECTID": 131 }, "geometry": { "type": "Polygon", "coordinates": [ [ [ 110.133958159859063, 25.233133243821932, 0.0 ], [ 110.133586823246375, 25.233058780091163, 0.0 ], [ 110.133185016025067, 25.233089774612868, 0.0 ], [ 110.132782602670545, 25.233113384122934, 0.0 ], [ 110.132416833680267, 25.233193549522394, 0.0 ], [ 110.132375445568712, 25.233520071121291, 0.0 ], [ 110.132500678450754, 25.233868707937006, 0.0 ], [ 110.132638453891516, 25.234213408661958, 0.0 ], [ 110.132788622173905, 25.234553800364612, 0.0 ], [ 110.132951021937743, 25.234889514127499, 0.0 ], [ 110.133125476952557, 25.235220186674749, 0.0 ], [ 110.133342868891162, 25.2355094511361, 0.0 ], [ 110.133705867362266, 25.235429479131191, 0.0 ], [ 110.134051526451032, 25.235240560034377, 0.0 ], [ 110.134397184487767, 25.235051640095676, 0.0 ], [ 110.134688736587634, 25.234825282027217, 0.0 ], [ 110.134557314582167, 25.234493913888631, 0.0 ], [ 110.134386314010442, 25.234161758242479, 0.0 ], [ 110.134229303313646, 25.233823936386266, 0.0 ], [ 110.134086508306794, 25.233480935753274, 0.0 ], [ 110.133958159859063, 25.233133243821932, 0.0 ] ] ] } },
{ "type": "Feature", "properties": { "OBJECTID": 132 }, "geometry": { "type": "Polygon", "coordinates": [ [ [ 110.134888808859074, 25.235058991003328, 0.0 ], [ 110.134568913225962, 25.235105209704923, 0.0 ], [ 110.134267880435104, 25.235269740272837, 0.0 ], [ 110.133966846846249, 25.235434270202195, 0.0 ], [ 110.133665812459355, 25.235598799492994, 0.0 ], [ 110.133502016877827, 25.235852836224606, 0.0 ], [ 110.133683371504645, 25.236126375437397, 0.0 ], [ 110.133873296850211, 25.236395060400397, 0.0 ], [ 110.13407160998365, 25.23665868470059, 0.0 ], [ 110.134278145954852, 25.236917033186231, 0.0 ], [ 110.134492737054686, 25.237169892492201, 0.0 ], [ 110.134760521604605, 25.237318206231688, 0.0 ], [ 110.13502168445531, 25.237145348711984, 0.0 ], [ 110.135237660888905, 25.236893462394502, 0.0 ], [ 110.135460055057294, 25.236646239434542, 0.0 ], [ 110.135688747984204, 25.236403817213791, 0.0 ], [ 110.135669090215117, 25.236120390238991, 0.0 ], [ 110.135459639085425, 25.235863995971773, 0.0 ], [ 110.135259625306446, 25.2356014418068, 0.0 ], [ 110.135069267163317, 25.235333015260451, 0.0 ], [ 110.134888808859074, 25.235058991003328, 0.0 ] ] ] } },
{ "type": "Feature", "properties": { "OBJECTID": 133 }, "geometry": { "type": "Polygon", "coordinates": [ [ [ 110.136100328240971, 25.236597999465818, 0.0 ], [ 110.13581680723415, 25.236613507768464, 0.0 ], [ 110.135608036926513, 25.236837170320715, 0.0 ], [ 110.135404688713635, 25.237064928157807, 0.0 ], [ 110.135206860353705, 25.237296672995626, 0.0 ], [ 110.135014652120645, 25.237532297973079, 0.0 ], [ 110.135084332160758, 25.237797455612355, 0.0 ], [ 110.135306334869014, 25.238010313798842, 0.0 ], [ 110.135534419599566, 25.238217784787437, 0.0 ], [ 110.135768429504054, 25.238419723835342, 0.0 ], [ 110.136008202395772, 25.238615991068823, 0.0 ], [ 110.136301814330025, 25.238638396519978, 0.0 ], [ 110.136495255857014, 25.238409243049546, 0.0 ], [ 110.136681112109073, 25.238169431300769, 0.0 ], [ 110.136866967624073, 25.237929619291165, 0.0 ], [ 110.137052822402111, 25.237689807020747, 0.0 ], [ 110.137007527728002, 25.23743155659853, 0.0 ], [ 110.13677038861951, 25.237232666165454, 0.0 ], [ 110.136540001883205, 25.237027315655538, 0.0 ], [ 110.136316580073782, 25.236815694675045, 0.0 ], [ 110.136100328240971, 25.236597999465818, 0.0 ] ] ] } },
{ "type": "Feature", "properties": { "OBJECTID": 134 }, "geometry": { "type": "Polygon", "coordinates": [ [ [ 110.131128436021143, 25.21799840320918, 0.0 ], [ 110.130989077543859, 25.217777023815831, 0.0 ], [ 110.130688418145411, 25.217905138962674, 0.0 ], [ 110.130675207946609, 25.21821117850541, 0.0 ], [ 110.130753738583067, 25.218530192270343, 0.0 ], [ 110.130858220179533, 25.21884298557892, 0.0 ], [ 110.13098667911656, 25.219148334865636, 0.0 ], [ 110.131120688664893, 25.219451752110402, 0.0 ], [ 110.131254698857759, 25.219755169239061, 0.0 ], [ 110.131476216091016, 25.219989623292918, 0.0 ], [ 110.131818842039678, 25.220038682899453, 0.0 ], [ 110.132177939466885, 25.22002401671385, 0.0 ], [ 110.132536813926308, 25.220005373915718, 0.0 ], [ 110.132288311103764, 25.219868297537023, 0.0 ], [ 110.131982292468265, 25.21969676550334, 0.0 ], [ 110.131463326078631, 25.219265186714075, 0.0 ], [ 110.13140314308724, 25.21894444002924, 0.0 ], [ 110.131335055288332, 25.218623850782102, 0.0 ], [ 110.131216541783942, 25.218315206244071, 0.0 ], [ 110.131128436021143, 25.21799840320918, 0.0 ] ] ] } },
{ "type": "Feature", "properties": { "OBJECTID": 135 }, "geometry": { "type": "Polygon", "coordinates": [ [ [ 110.135023369374949, 25.222354428284305, 0.0 ], [ 110.134790214330238, 25.222251222599724, 0.0 ], [ 110.134626381397752, 25.222360446891098, 0.0 ], [ 110.134623920955235, 25.222617681694544, 0.0 ], [ 110.134621460485107, 25.222874916488824, 0.0 ], [ 110.134618999987268, 25.223132151273948, 0.0 ], [ 110.134616828958855, 25.223389388103008, 0.0 ], [ 110.134615634696019, 25.223646630175995, 0.0 ], [ 110.134615291317417, 25.223903874450027, 0.0 ], [ 110.134615045937011, 25.224161118839575, 0.0 ], [ 110.134614800538159, 25.224418363220234, 0.0 ], [ 110.135059686855215, 25.224357755523389, 0.0 ], [ 110.135107200746617, 25.224119991903972, 0.0 ], [ 110.135108580418077, 25.223862750586303, 0.0 ], [ 110.135110874014643, 25.22360551458139, 0.0 ], [ 110.135113333447876, 25.223348279776616, 0.0 ], [ 110.135115792853426, 25.223091044962676, 0.0 ], [ 110.13511825223128, 25.222833810139573, 0.0 ], [ 110.135120711581465, 25.222576575307308, 0.0 ], [ 110.135023369374949, 25.222354428284305, 0.0 ] ] ] } },
{ "type": "Feature", "properties": { "OBJECTID": 136 }, "geometry": { "type": "Polygon", "coordinates": [ [ [ 110.129587968917747, 25.227172705584678, 0.0 ], [ 110.129368398744546, 25.22734414077685, 0.0 ], [ 110.129342386697061, 25.227608132620855, 0.0 ], [ 110.129347823715122, 25.227883010209133, 0.0 ], [ 110.129817826095973, 25.2281184695699, 0.0 ], [ 110.130120062441634, 25.228120251499192, 0.0 ], [ 110.130422298816001, 25.228122032810507, 0.0 ], [ 110.130724535219088, 25.228123813503828, 0.0 ], [ 110.131026771650895, 25.228125593579151, 0.0 ], [ 110.13132900811145, 25.228127373036497, 0.0 ], [ 110.131548636747254, 25.227961249731059, 0.0 ], [ 110.131550589442099, 25.227686333264906, 0.0 ], [ 110.131552542108295, 25.227411416788378, 0.0 ], [ 110.131395378715183, 25.227196584041543, 0.0 ], [ 110.131099139153179, 25.227181610997992, 0.0 ], [ 110.130796905048683, 25.227179831151251, 0.0 ], [ 110.130494670972809, 25.22717805068655, 0.0 ], [ 110.130192436925725, 25.227176269603888, 0.0 ], [ 110.129890202907376, 25.227174487903266, 0.0 ], [ 110.129587968917747, 25.227172705584678, 0.0 ] ] ] } },
{ "type": "Feature", "properties": { "OBJECTID": 137 }, "geometry": { "type": "Polygon", "coordinates": [ [ [ 110.133512819779156, 25.23111898814453, 0.0 ], [ 110.13317522368024, 25.231049827465164, 0.0 ], [ 110.13273708256915, 25.231091471698672, 0.0 ], [ 110.13244191245424, 25.230910993035366, 0.0 ], [ 110.132092856577771, 25.230175176644938, 0.0 ], [ 110.13183185669503, 25.230400667048016, 0.0 ], [ 110.131846402625541, 25.230801123292874, 0.0 ], [ 110.131876760984468, 25.231200845365471, 0.0 ], [ 110.131922892440443, 25.231599316891185, 0.0 ], [ 110.131984738682235, 25.231996022940073, 0.0 ], [ 110.132062218232917, 25.232390451220166, 0.0 ], [ 110.132157250705276, 25.232780892865499, 0.0 ], [ 110.132555814629626, 25.232888520442206, 0.0 ], [ 110.132995680109147, 25.232866619120223, 0.0 ], [ 110.133330395598065, 25.232779171491487, 0.0 ], [ 110.133154736742739, 25.23241170770638, 0.0 ], [ 110.132979252264974, 25.232044175679341, 0.0 ], [ 110.133078104232837, 25.231724766920451, 0.0 ], [ 110.133410897748007, 25.231462643728811, 0.0 ], [ 110.133512819779156, 25.23111898814453, 0.0 ] ] ] } },
{ "type": "Feature", "properties": { "OBJECTID": 138 }, "geometry": { "type": "Polygon", "coordinates": [ [ [ 110.131533283110997, 25.230329051965754, 0.0 ], [ 110.131310972718154, 25.230146878399694, 0.0 ], [ 110.131012238007173, 25.230146217818575, 0.0 ], [ 110.130713015967785, 25.2301467143396, 0.0 ], [ 110.130705521582613, 25.230316487718074, 0.0 ], [ 110.130831151701713, 25.230563507229984, 0.0 ], [ 110.130956782315948, 25.230810526640429, 0.0 ], [ 110.131082413425361, 25.231057545949401, 0.0 ], [ 110.131208045029922, 25.231304565156911, 0.0 ], [ 110.131333579412839, 25.231551625348487, 0.0 ], [ 110.13145905224431, 25.231798711526238, 0.0 ], [ 110.131584525570361, 25.232045797602765, 0.0 ], [ 110.131676439549324, 25.231955473747863, 0.0 ], [ 110.131634826572537, 25.231685954671264, 0.0 ], [ 110.131600288300902, 25.231415609955359, 0.0 ], [ 110.131572843518398, 25.231144593300289, 0.0 ], [ 110.131552508323679, 25.230873058636192, 0.0 ], [ 110.1315392938168, 25.230601160255922, 0.0 ], [ 110.131533283110997, 25.230329051965754, 0.0 ] ] ] } },
{ "type": "Feature", "properties": { "OBJECTID": 139 }, "geometry": { "type": "Polygon", "coordinates": [ [ [ 110.144928641707665, 25.233049694111276, 0.0 ], [ 110.144534209526086, 25.232926445016016, 0.0 ], [ 110.144314477521036, 25.23255700950828, 0.0 ], [ 110.144094747399464, 25.232187573404847, 0.0 ], [ 110.143859021491082, 25.231826502162068, 0.0 ], [ 110.14361858770296, 25.231467893112473, 0.0 ], [ 110.143376882895254, 25.231110013564248, 0.0 ], [ 110.143160958148812, 25.230740239100395, 0.0 ], [ 110.142875669535826, 25.230508052339037, 0.0 ], [ 110.142724719478835, 25.230824974124062, 0.0 ], [ 110.142940921528933, 25.231196089287135, 0.0 ], [ 110.143160646514787, 25.231565526971409, 0.0 ], [ 110.143380372803847, 25.231934964345495, 0.0 ], [ 110.143600100396071, 25.232304401409404, 0.0 ], [ 110.143819829291516, 25.232673838163109, 0.0 ], [ 110.144039559490182, 25.23304327460658, 0.0 ], [ 110.144261340465292, 25.233411681851756, 0.0 ], [ 110.144521297741463, 25.233758265396663, 0.0 ], [ 110.14493349487465, 25.233644934865278, 0.0 ], [ 110.145213673088563, 25.233378353873945, 0.0 ], [ 110.144928641707665, 25.233049694111276, 0.0 ] ] ] } },
{ "type": "Feature", "properties": { "OBJECTID": 140 }, "geometry": { "type": "Polygon", "coordinates": [ [ [ 110.145198957843093, 25.233752474160319, 0.0 ], [ 110.144955814680443, 25.233952248626704, 0.0 ], [ 110.145052299273303, 25.234219855491624, 0.0 ], [ 110.14534479950224, 25.234393776190753, 0.0 ], [ 110.145645103797023, 25.234556540387697, 0.0 ], [ 110.145945529227291, 25.234719120923145, 0.0 ], [ 110.146245955469325, 25.23488170086501, 0.0 ], [ 110.146546382523155, 25.235044280213287, 0.0 ], [ 110.146846810388809, 25.23520685896797, 0.0 ], [ 110.147144487247758, 25.235373502891427, 0.0 ], [ 110.14746441693427, 25.235442305205435, 0.0 ], [ 110.147719224247879, 25.235237013225927, 0.0 ], [ 110.147603552403169, 25.235039362118872, 0.0 ], [ 110.147305391334413, 25.234873417192738, 0.0 ], [ 110.147004963664955, 25.234710839323011, 0.0 ], [ 110.146683272128868, 25.234588456600537, 0.0 ], [ 110.146380892119836, 25.234429570816115, 0.0 ], [ 110.146080466710785, 25.234266991272126, 0.0 ], [ 110.14578004211333, 25.234104411134592, 0.0 ], [ 110.145480962478032, 25.233939875546806, 0.0 ], [ 110.145198957843093, 25.233752474160319, 0.0 ] ] ] } },
{ "type": "Feature", "properties": { "OBJECTID": 141 }, "geometry": { "type": "Polygon", "coordinates": [ [ [ 110.137802309285675, 25.235643858183334, 0.0 ], [ 110.137665488083428, 25.235813841530288, 0.0 ], [ 110.137523563986875, 25.235982903145892, 0.0 ], [ 110.137398921611961, 25.236162470978254, 0.0 ], [ 110.137316008210078, 25.236360991104242, 0.0 ], [ 110.137265304777387, 25.236568584345417, 0.0 ], [ 110.137189503477529, 25.236769624014645, 0.0 ], [ 110.137082818653695, 25.236958712999211, 0.0 ], [ 110.136947451518097, 25.237131950746875, 0.0 ], [ 110.137059310069688, 25.237279612349766, 0.0 ], [ 110.137263262740731, 25.237326023052105, 0.0 ], [ 110.137431964462323, 25.237200589132808, 0.0 ], [ 110.13756670723528, 25.237026724853621, 0.0 ], [ 110.137701449620764, 25.236852860437352, 0.0 ], [ 110.137836191618874, 25.236678995884002, 0.0 ], [ 110.137970942675111, 25.236505137254458, 0.0 ], [ 110.138107396582114, 25.23633238362039, 0.0 ], [ 110.138183979724388, 25.236144599916649, 0.0 ], [ 110.138127495170565, 25.235949602766294, 0.0 ], [ 110.137962970291184, 25.235798430261436, 0.0 ], [ 110.137802309285675, 25.235643858183334, 0.0 ] ] ] } },
{ "type": "Feature", "properties": { "OBJECTID": 142 }, "geometry": { "type": "Polygon", "coordinates": [ [ [ 110.13187223114393, 25.238263081122298, 0.0 ], [ 110.131358253727583, 25.237938383052121, 0.0 ], [ 110.130844279072363, 25.237613683252125, 0.0 ], [ 110.130330307178312, 25.237288981722383, 0.0 ], [ 110.129816338045501, 25.236964278462988, 0.0 ], [ 110.129528630360042, 25.237024608066058, 0.0 ], [ 110.12990524191855, 25.237416085703178, 0.0 ], [ 110.130419213136335, 25.237740788720561, 0.0 ], [ 110.130933187115275, 25.238065490008239, 0.0 ], [ 110.131447163855427, 25.238390189566115, 0.0 ], [ 110.131598203875754, 25.238913467090562, 0.0 ], [ 110.131672759715912, 25.239478592605071, 0.0 ], [ 110.131747316162958, 25.24004371805756, 0.0 ], [ 110.131821873216879, 25.240608843448019, 0.0 ], [ 110.131896430877703, 25.241173968776451, 0.0 ], [ 110.132144733504589, 25.241067254248318, 0.0 ], [ 110.132170461308775, 25.240523582623165, 0.0 ], [ 110.132095902857273, 25.239958457340997, 0.0 ], [ 110.132021345012546, 25.239393331996794, 0.0 ], [ 110.131946787774851, 25.238828206590561, 0.0 ], [ 110.13187223114393, 25.238263081122298, 0.0 ] ] ] } },
{ "type": "Feature", "properties": { "OBJECTID": 143 }, "geometry": { "type": "Polygon", "coordinates": [ [ [ 110.141886849555888, 25.230493367944376, 0.0 ], [ 110.141513539582604, 25.231514022951039, 0.0 ], [ 110.141022485025445, 25.231941329114008, 0.0 ], [ 110.140559183903036, 25.232420267994787, 0.0 ], [ 110.140131541669717, 25.233000694847494, 0.0 ], [ 110.1399142085927, 25.233671802824091, 0.0 ], [ 110.139429061880975, 25.234212081270652, 0.0 ], [ 110.138748705374113, 25.234559789546918, 0.0 ], [ 110.138213662646933, 25.235067306689448, 0.0 ], [ 110.138452790362507, 25.235606037461977, 0.0 ], [ 110.1390658192758, 25.235257634202295, 0.0 ], [ 110.139597626333057, 25.234737908771596, 0.0 ], [ 110.140098375959425, 25.234193465155123, 0.0 ], [ 110.140561272080632, 25.233621772596802, 0.0 ], [ 110.14092782083398, 25.23299670143863, 0.0 ], [ 110.141392598900822, 25.232437886890992, 0.0 ], [ 110.141986135431623, 25.231976719803509, 0.0 ], [ 110.142595464942076, 25.231535074499359, 0.0 ], [ 110.1424340651254, 25.230900225869412, 0.0 ], [ 110.141886849555888, 25.230493367944376, 0.0 ] ] ] } },
{ "type": "Feature", "properties": { "OBJECTID": 144 }, "geometry": { "type": "Polygon", "coordinates": [ [ [ 110.13731113402153, 25.2410932538933, 0.0 ], [ 110.136891389259958, 25.240219227260493, 0.0 ], [ 110.136472140125576, 25.239345005841809, 0.0 ], [ 110.135688607078933, 25.238719990432898, 0.0 ], [ 110.134939331589109, 25.238053124245532, 0.0 ], [ 110.133402470313129, 25.239737567008866, 0.0 ], [ 110.132826530286764, 25.240534605028142, 0.0 ], [ 110.132250582566982, 25.24133164046664, 0.0 ], [ 110.132569339517133, 25.24134499514826, 0.0 ], [ 110.133164445088099, 25.240560009726266, 0.0 ], [ 110.133759941926343, 25.239776018515371, 0.0 ], [ 110.13465118345654, 25.239973593525164, 0.0 ], [ 110.135390633745317, 25.239550794852512, 0.0 ], [ 110.135831938651179, 25.240415985062718, 0.0 ], [ 110.136273198672541, 25.24128120105409, 0.0 ], [ 110.136735211799476, 25.241890307196783, 0.0 ], [ 110.13731113402153, 25.2410932538933, 0.0 ] ] ] } },
{ "type": "Feature", "properties": { "OBJECTID": 145 }, "geometry": { "type": "Polygon", "coordinates": [ [ [ 110.118004802271798, 25.224676328218575, 0.0 ], [ 110.11781101236582, 25.224780425913263, 0.0 ], [ 110.117829691993023, 25.225021605592101, 0.0 ], [ 110.117861058550645, 25.225261701542053, 0.0 ], [ 110.117904664966971, 25.225500211343935, 0.0 ], [ 110.117959152849792, 25.225736871273948, 0.0 ], [ 110.118021209401618, 25.225971992035149, 0.0 ], [ 110.118087509232623, 25.226206156813824, 0.0 ], [ 110.11815501868783, 25.226440036605453, 0.0 ], [ 110.118222548707251, 25.22667391152093, 0.0 ], [ 110.11839422095025, 25.226845941036132, 0.0 ], [ 110.118465884227518, 25.226806000712717, 0.0 ], [ 110.118398353817824, 25.226572125863733, 0.0 ], [ 110.118330823652954, 25.226338250983552, 0.0 ], [ 110.118263394244153, 25.226104352128797, 0.0 ], [ 110.118197836950714, 25.225870015211484, 0.0 ], [ 110.118137423267555, 25.225634542629258, 0.0 ], [ 110.11808573408149, 25.225397367693706, 0.0 ], [ 110.118046008620013, 25.225158299545825, 0.0 ], [ 110.118019010515724, 25.224917766272924, 0.0 ], [ 110.118004802271798, 25.224676328218575, 0.0 ] ] ] } },
{ "type": "Feature", "properties": { "OBJECTID": 146 }, "geometry": { "type": "Polygon", "coordinates": [ [ [ 110.119137024522601, 25.229130281967258, 0.0 ], [ 110.119061409880757, 25.228868419026995, 0.0 ], [ 110.118985795545797, 25.228606556047623, 0.0 ], [ 110.118910181517734, 25.228344693029126, 0.0 ], [ 110.118834567796569, 25.228082829971509, 0.0 ], [ 110.118758954382301, 25.227820966874781, 0.0 ], [ 110.118683341274888, 25.227559103738933, 0.0 ], [ 110.118546121394303, 25.227577878847988, 0.0 ], [ 110.118555715968569, 25.227827750779156, 0.0 ], [ 110.118631328972938, 25.228089613962016, 0.0 ], [ 110.118706942284263, 25.228351477105765, 0.0 ], [ 110.118782555902413, 25.228613340210391, 0.0 ], [ 110.118858169827448, 25.228875203275905, 0.0 ], [ 110.118933784059308, 25.229137066302297, 0.0 ], [ 110.119009398598152, 25.22939892928958, 0.0 ], [ 110.119085013443907, 25.229660792237716, 0.0 ], [ 110.119202402282028, 25.229893796231366, 0.0 ], [ 110.119363870156221, 25.22991587058516, 0.0 ], [ 110.119288254638107, 25.229654007751655, 0.0 ], [ 110.119212639426863, 25.229392144879014, 0.0 ], [ 110.119137024522601, 25.229130281967258, 0.0 ] ] ] } },
{ "type": "Feature", "properties": { "OBJECTID": 147 }, "geometry": { "type": "Polygon", "coordinates": [ [ [ 110.121207316506656, 25.230401407292735, 0.0 ], [ 110.119625510791067, 25.230451737194734, 0.0 ], [ 110.119720366180886, 25.231861051786694, 0.0 ], [ 110.120146223294185, 25.233335771332971, 0.0 ], [ 110.120594577747113, 25.23480485226019, 0.0 ], [ 110.121190801309453, 25.236228345747179, 0.0 ], [ 110.122039656980405, 25.237540952825682, 0.0 ], [ 110.123124612272079, 25.238700802456581, 0.0 ], [ 110.124404236577334, 25.239683888398329, 0.0 ], [ 110.125766226335571, 25.240572831961654, 0.0 ], [ 110.127111088758426, 25.241481900827697, 0.0 ], [ 110.127909777965996, 25.241201942742912, 0.0 ], [ 110.127004288388179, 25.240306905932613, 0.0 ], [ 110.125579327015274, 25.239505685397805, 0.0 ], [ 110.124220948794544, 25.238612137487753, 0.0 ], [ 110.122934939447262, 25.237638519630956, 0.0 ], [ 110.121968075626526, 25.236398798272642, 0.0 ], [ 110.121407151522746, 25.234967028925837, 0.0 ], [ 110.121267416449868, 25.233450401264673, 0.0 ], [ 110.121237366431785, 25.231925904426756, 0.0 ], [ 110.121207316506656, 25.230401407292735, 0.0 ] ] ] } },
{ "type": "Feature", "properties": { "OBJECTID": 148 }, "geometry": { "type": "Polygon", "coordinates": [ [ [ 110.122640394707417, 25.213815326541845, 0.0 ], [ 110.121427026170068, 25.213596628300401, 0.0 ], [ 110.121302477372083, 25.214335783989611, 0.0 ], [ 110.121301734583895, 25.215124203724198, 0.0 ], [ 110.121300991620586, 25.215912623375434, 0.0 ], [ 110.12129122732803, 25.216700945121499, 0.0 ], [ 110.121208718231287, 25.217485242858839, 0.0 ], [ 110.121009261702412, 25.218251841244168, 0.0 ], [ 110.120694357752114, 25.218985690097618, 0.0 ], [ 110.120271423466178, 25.21967321103924, 0.0 ], [ 110.120572595727708, 25.219720490910333, 0.0 ], [ 110.120953190655669, 25.218904078829389, 0.0 ], [ 110.12124555527123, 25.218162511292356, 0.0 ], [ 110.121425184297166, 25.217391826639147, 0.0 ], [ 110.121493156160895, 25.216606279752842, 0.0 ], [ 110.121895316628468, 25.215931423516338, 0.0 ], [ 110.122389549110693, 25.215283764383567, 0.0 ], [ 110.122730537852647, 25.214599460429216, 0.0 ], [ 110.122640394707417, 25.213815326541845, 0.0 ] ] ] } },
{ "type": "Feature", "properties": { "OBJECTID": 149 }, "geometry": { "type": "Polygon", "coordinates": [ [ [ 110.119291190572753, 25.221267779749702, 0.0 ], [ 110.119579023925269, 25.220896921607423, 0.0 ], [ 110.119866855513649, 25.220526062839056, 0.0 ], [ 110.11965653566736, 25.220406808656012, 0.0 ], [ 110.119267983405067, 25.220984676837006, 0.0 ], [ 110.118980549383352, 25.221355790576141, 0.0 ], [ 110.118702674073248, 25.221732835933103, 0.0 ], [ 110.118452772860437, 25.222125636258639, 0.0 ], [ 110.118241266999149, 25.22253666311622, 0.0 ], [ 110.118070042544346, 25.222962926117521, 0.0 ], [ 110.117940405705014, 25.223401165143798, 0.0 ], [ 110.117853350933942, 25.223848030360077, 0.0 ], [ 110.117809944392704, 25.224300120955206, 0.0 ], [ 110.118016116696879, 25.2241764262441, 0.0 ], [ 110.118073769474577, 25.223725649844724, 0.0 ], [ 110.118176031498251, 25.223281469143462, 0.0 ], [ 110.118322063090005, 25.222847528988495, 0.0 ], [ 110.118510665082141, 25.222427390447127, 0.0 ], [ 110.118740289548512, 25.222024501276891, 0.0 ], [ 110.119006317967632, 25.221640513512188, 0.0 ], [ 110.119291190572753, 25.221267779749702, 0.0 ] ] ] } },
{ "type": "Feature", "properties": { "OBJECTID": 150 }, "geometry": { "type": "Polygon", "coordinates": [ [ [ 110.138245843157264, 25.243039533883099, 0.0 ], [ 110.138116743107702, 25.242770722014573, 0.0 ], [ 110.137987643610927, 25.242501910038499, 0.0 ], [ 110.137858544666983, 25.242233097954941, 0.0 ], [ 110.137729446276083, 25.241964285763807, 0.0 ], [ 110.137600348437758, 25.241695473465203, 0.0 ], [ 110.137250918296175, 25.241588706783364, 0.0 ], [ 110.137073170958928, 25.241833475388287, 0.0 ], [ 110.136896041651156, 25.242078614587204, 0.0 ], [ 110.136718911521655, 25.242323753485852, 0.0 ], [ 110.136541780480385, 25.242568892030455, 0.0 ], [ 110.136369466329072, 25.242814695435619, 0.0 ], [ 110.136471280133009, 25.243086782710979, 0.0 ], [ 110.13676424686291, 25.243209256290843, 0.0 ], [ 110.13706861866639, 25.243306056375708, 0.0 ], [ 110.137382115362513, 25.243374677274165, 0.0 ], [ 110.137702154459362, 25.243410663711852, 0.0 ], [ 110.1380245143704, 25.243412678557259, 0.0 ], [ 110.138326898023394, 25.243323456124632, 0.0 ], [ 110.138245843157264, 25.243039533883099, 0.0 ] ] ] } },
{ "type": "Feature", "properties": { "OBJECTID": 151 }, "geometry": { "type": "Polygon", "coordinates": [ [ [ 110.134257386569573, 25.242612136984636, 0.0 ], [ 110.13404221582104, 25.242549794250635, 0.0 ], [ 110.133827045301217, 25.242487451208468, 0.0 ], [ 110.133611875009933, 25.242425107858121, 0.0 ], [ 110.133396704947344, 25.242362764199616, 0.0 ], [ 110.133181535113323, 25.242300420232954, 0.0 ], [ 110.132966365508025, 25.242238075958134, 0.0 ], [ 110.132751196131281, 25.242175731375159, 0.0 ], [ 110.132536026983175, 25.242113386484032, 0.0 ], [ 110.132320858063778, 25.24205104128475, 0.0 ], [ 110.132105689372963, 25.241988695777327, 0.0 ], [ 110.131890520910858, 25.241926349961751, 0.0 ], [ 110.131675352677334, 25.241864003838042, 0.0 ], [ 110.131460184672477, 25.241801657406192, 0.0 ], [ 110.13124501689633, 25.241739310666198, 0.0 ], [ 110.131029849348849, 25.241676963618076, 0.0 ], [ 110.13081468202995, 25.241614616261828, 0.0 ], [ 110.130599514939718, 25.241552268597445, 0.0 ], [ 110.130384348078209, 25.241489920624943, 0.0 ], [ 110.130169181445311, 25.241427572344307, 0.0 ], [ 110.129954015041079, 25.241365223755555, 0.0 ], [ 110.1297388488656, 25.241302874858686, 0.0 ], [ 110.129631777589438, 25.241431158943811, 0.0 ], [ 110.129562872076974, 25.241626751519131, 0.0 ], [ 110.129493966334906, 25.241822344051297, 0.0 ], [ 110.129425060363005, 25.242017936540321, 0.0 ], [ 110.129356154161599, 25.242213528986195, 0.0 ], [ 110.129287247730403, 25.242409121388931, 0.0 ], [ 110.129218341069532, 25.242604713748513, 0.0 ], [ 110.129149434178984, 25.242800306064943, 0.0 ], [ 110.129080527058719, 25.242995898338236, 0.0 ], [ 110.129011619708763, 25.243191490568364, 0.0 ], [ 110.128942712129117, 25.243387082755341, 0.0 ], [ 110.128873804319767, 25.243582674899177, 0.0 ], [ 110.128804896280784, 25.243778266999847, 0.0 ], [ 110.128751142301638, 25.243963522015843, 0.0 ], [ 110.128976921734932, 25.243959334238141, 0.0 ], [ 110.129202738534204, 25.243957441804604, 0.0 ], [ 110.129423813068726, 25.243922537952027, 0.0 ], [ 110.129642771408854, 25.243872266286253, 0.0 ], [ 110.129861729578622, 25.24382199429072, 0.0 ], [ 110.129155899940756, 25.243635164450748, 0.0 ], [ 110.129177552982355, 25.243430723445698, 0.0 ], [ 110.129199205940552, 25.243226282429958, 0.0 ], [ 110.129220859277211, 25.243021841443966, 0.0 ], [ 110.129401956237288, 25.242984337084479, 0.0 ], [ 110.129627560545018, 25.24299343135122, 0.0 ], [ 110.129853164897398, 25.243002525274239, 0.0 ], [ 110.130028633498185, 25.242954966227579, 0.0 ], [ 110.130148263556421, 25.242844666746393, 0.0 ], [ 110.130167410612856, 25.24264001894759, 0.0 ], [ 110.130186557422675, 25.242435371125723, 0.0 ], [ 110.130257396521316, 25.242288528474905, 0.0 ], [ 110.130481589380935, 25.242313173990716, 0.0 ], [ 110.130705782341778, 25.242337819168526, 0.0 ], [ 110.130929975403873, 25.242362464008366, 0.0 ], [ 110.131154168567207, 25.242387108510215, 0.0 ], [ 110.13137836183175, 25.242411752674069, 0.0 ], [ 110.131578394068498, 25.242484233017329, 0.0 ], [ 110.131784479653476, 25.242568211181496, 0.0 ], [ 110.131988030482191, 25.242656971408397, 0.0 ], [ 110.13218862286179, 25.2427513130372, 0.0 ], [ 110.132163176547394, 25.242943016137239, 0.0 ], [ 110.132161655785225, 25.243147961288358, 0.0 ], [ 110.132164879740102, 25.243353327811327, 0.0 ], [ 110.13213424415008, 25.243555116715076, 0.0 ], [ 110.132079338914025, 25.243754341268321, 0.0 ], [ 110.132024433489249, 25.243953565791081, 0.0 ], [ 110.132141013575747, 25.244061602135584, 0.0 ], [ 110.132358836499492, 25.244115802037186, 0.0 ], [ 110.132576659625968, 25.244170001622276, 0.0 ], [ 110.132794482955418, 25.244224200890837, 0.0 ], [ 110.133013289383868, 25.244274510223217, 0.0 ], [ 110.133234980525572, 25.244313638813729, 0.0 ], [ 110.133456176967897, 25.244355018820723, 0.0 ], [ 110.133676851034835, 25.244398645246534, 0.0 ], [ 110.133896975085847, 25.244444512889419, 0.0 ], [ 110.134116521884891, 25.244492614983681, 0.0 ], [ 110.134335463255994, 25.244542948224449, 0.0 ], [ 110.134553772609365, 25.244595503479903, 0.0 ], [ 110.134761728706906, 25.244528355705011, 0.0 ], [ 110.134923609482755, 25.244397410027339, 0.0 ], [ 110.135047637102787, 25.244225771066851, 0.0 ], [ 110.135171664150548, 25.244054131857911, 0.0 ], [ 110.135295690842909, 25.243882492530183, 0.0 ], [ 110.135419717182458, 25.24371085308514, 0.0 ], [ 110.135543743169052, 25.24353921352278, 0.0 ], [ 110.135667768802733, 25.243367573843091, 0.0 ], [ 110.135668728528131, 25.243176685279188, 0.0 ], [ 110.135523918990785, 25.243049012641549, 0.0 ], [ 110.135314377714082, 25.24297243185185, 0.0 ], [ 110.135104836708166, 25.242895850771038, 0.0 ], [ 110.134895260652229, 25.242819349681156, 0.0 ], [ 110.134684409095058, 25.242745817694164, 0.0 ], [ 110.134471746453329, 25.242676734855721, 0.0 ], [ 110.134257386569573, 25.242612136984636, 0.0 ] ] ] } },
{ "type": "Feature", "properties": { "OBJECTID": 152 }, "geometry": { "type": "Polygon", "coordinates": [ [ [ 110.125292983779147, 25.208345907665716, 0.0 ], [ 110.124930225225398, 25.208298490706603, 0.0 ], [ 110.124567466981233, 25.20825107286462, 0.0 ], [ 110.124204709046424, 25.208203654139815, 0.0 ], [ 110.123841951421014, 25.208156234532144, 0.0 ], [ 110.123479194105158, 25.208108814041662, 0.0 ], [ 110.123116437098702, 25.20806139266832, 0.0 ], [ 110.122894408473499, 25.208179725988902, 0.0 ], [ 110.123083042921948, 25.208455090700685, 0.0 ], [ 110.123422887848633, 25.208557407002239, 0.0 ], [ 110.1237856464668, 25.208604827636066, 0.0 ], [ 110.124148405394678, 25.208652247385398, 0.0 ], [ 110.124511164632025, 25.208699666251867, 0.0 ], [ 110.124873924157541, 25.208747084370536, 0.0 ], [ 110.125201565505975, 25.208654251825394, 0.0 ], [ 110.125292983779147, 25.208345907665716, 0.0 ] ] ] } },
{ "type": "Feature", "properties": { "OBJECTID": 153 }, "geometry": { "type": "Polygon", "coordinates": [ [ [ 110.141318294964464, 25.202055270043559, 0.0 ], [ 110.141683665340537, 25.201850107567715, 0.0 ], [ 110.141595071564097, 25.20143926082136, 0.0 ], [ 110.141494059838223, 25.201016640530096, 0.0 ], [ 110.141272793599455, 25.200637895259248, 0.0 ], [ 110.141229901602955, 25.200178340379566, 0.0 ], [ 110.140840176211583, 25.199952787038864, 0.0 ], [ 110.140347489999016, 25.200017629132489, 0.0 ], [ 110.139929309506201, 25.200279295700227, 0.0 ], [ 110.139526233690702, 25.200549608065455, 0.0 ], [ 110.139464660608581, 25.201001639413864, 0.0 ], [ 110.139569744404142, 25.2014121394695, 0.0 ], [ 110.140046805018855, 25.201564280464236, 0.0 ], [ 110.140885846187388, 25.20188325594717, 0.0 ], [ 110.141318294964464, 25.202055270043559, 0.0 ] ] ] } },
{ "type": "Feature", "properties": { "OBJECTID": 154 }, "geometry": { "type": "Polygon", "coordinates": [ [ [ 110.142392718105427, 25.204625508399047, 0.0 ], [ 110.142879001539512, 25.204266532352758, 0.0 ], [ 110.143428363785077, 25.204000724570967, 0.0 ], [ 110.143994780012136, 25.203757692605944, 0.0 ], [ 110.144415049666975, 25.203359560013538, 0.0 ], [ 110.144551994437847, 25.20280631191865, 0.0 ], [ 110.144305024321838, 25.202328550417093, 0.0 ], [ 110.143109168958219, 25.202104299163476, 0.0 ], [ 110.142575054948921, 25.202318151197424, 0.0 ], [ 110.142069181573163, 25.202549986127387, 0.0 ], [ 110.141617660308256, 25.20291773256055, 0.0 ], [ 110.141583200437807, 25.203476581850726, 0.0 ], [ 110.14163898935837, 25.204024056277049, 0.0 ], [ 110.141805207538056, 25.20451758710648, 0.0 ], [ 110.142392718105427, 25.204625508399047, 0.0 ] ] ] } },
{ "type": "Feature", "properties": { "OBJECTID": 155 }, "geometry": { "type": "Polygon", "coordinates": [ [ [ 110.145168675604438, 25.202116590646263, 0.0 ], [ 110.145581352776048, 25.2020234263078, 0.0 ], [ 110.145882057251029, 25.201765918204696, 0.0 ], [ 110.146061849735233, 25.201426132720183, 0.0 ], [ 110.145777090213798, 25.201159377397286, 0.0 ], [ 110.145591580122712, 25.200827650867108, 0.0 ], [ 110.145300208901233, 25.200552518366223, 0.0 ], [ 110.144903509320116, 25.200422673277728, 0.0 ], [ 110.144480367076739, 25.200426374094562, 0.0 ], [ 110.144165565692944, 25.200579258474935, 0.0 ], [ 110.143901886022704, 25.200880435849829, 0.0 ], [ 110.143955029144891, 25.201238984821817, 0.0 ], [ 110.144097939578245, 25.201583722051797, 0.0 ], [ 110.144821758435185, 25.201946223288822, 0.0 ], [ 110.145168675604438, 25.202116590646263, 0.0 ] ] ] } },
{ "type": "Feature", "properties": { "OBJECTID": 156 }, "geometry": { "type": "Polygon", "coordinates": [ [ [ 110.144007040280343, 25.204675723515404, 0.0 ], [ 110.143235468291124, 25.20451902850208, 0.0 ], [ 110.142605024810607, 25.20487928906828, 0.0 ], [ 110.142705222991268, 25.205571935891101, 0.0 ], [ 110.142997117446114, 25.206252244246979, 0.0 ], [ 110.142730880582477, 25.206883777939378, 0.0 ], [ 110.142415554682287, 25.207552299568679, 0.0 ], [ 110.142951647845862, 25.207902410477168, 0.0 ], [ 110.143700300882955, 25.20764213716954, 0.0 ], [ 110.144293875159988, 25.207159165891667, 0.0 ], [ 110.144921727578492, 25.206697651104708, 0.0 ], [ 110.14564865313946, 25.206384199197132, 0.0 ], [ 110.146004567382434, 25.205820227297853, 0.0 ], [ 110.145439906834881, 25.205341939937551, 0.0 ], [ 110.144007040280343, 25.204675723515404, 0.0 ] ] ] } },
{ "type": "Feature", "properties": { "OBJECTID": 157 }, "geometry": { "type": "Polygon", "coordinates": [ [ [ 110.139593156043574, 25.200205249336936, 0.0 ], [ 110.139764934916116, 25.199978656665923, 0.0 ], [ 110.139674363365685, 25.19969689154075, 0.0 ], [ 110.139451384336311, 25.199484208551429, 0.0 ], [ 110.139126103437334, 25.1994897041188, 0.0 ], [ 110.138801097131164, 25.199536873068453, 0.0 ], [ 110.138475968567406, 25.199520648256581, 0.0 ], [ 110.13828497262476, 25.19973756726462, 0.0 ], [ 110.138092703087565, 25.199978883307658, 0.0 ], [ 110.138022568173071, 25.200264572436485, 0.0 ], [ 110.138139480564661, 25.200543274183211, 0.0 ], [ 110.138420275080406, 25.200643304365933, 0.0 ], [ 110.138728166871303, 25.200543853293421, 0.0 ], [ 110.13927225842113, 25.200272525111817, 0.0 ], [ 110.139593156043574, 25.200205249336936, 0.0 ] ] ] } },
{ "type": "Feature", "properties": { "OBJECTID": 158 }, "geometry": { "type": "Polygon", "coordinates": [ [ [ 110.168065629490897, 25.200529769799981, 0.0 ], [ 110.167886048730139, 25.200394173260822, 0.0 ], [ 110.167686929885107, 25.200313950396133, 0.0 ], [ 110.167454156076744, 25.200329108784143, 0.0 ], [ 110.167221382221953, 25.200344266804258, 0.0 ], [ 110.167027869922705, 25.200458503716778, 0.0 ], [ 110.166800353669245, 25.200485002663424, 0.0 ], [ 110.166783964158157, 25.200676146369858, 0.0 ], [ 110.166923971131766, 25.200829166150747, 0.0 ], [ 110.167103555269378, 25.200964759612916, 0.0 ], [ 110.167287030760079, 25.201090837119335, 0.0 ], [ 110.167515437242528, 25.20105466790638, 0.0 ], [ 110.167742082512319, 25.201004062531947, 0.0 ], [ 110.167942340010526, 25.200915979561621, 0.0 ], [ 110.168060275032431, 25.200736808855286, 0.0 ], [ 110.168065629490897, 25.200529769799981, 0.0 ] ] ] } },
{ "type": "Feature", "properties": { "OBJECTID": 159 }, "geometry": { "type": "Polygon", "coordinates": [ [ [ 110.184760881943362, 25.226632813869163, 0.0 ], [ 110.186108712165762, 25.225824677174856, 0.0 ], [ 110.184615112926991, 25.22526908440706, 0.0 ], [ 110.183790757893803, 25.223063674641036, 0.0 ], [ 110.182979520591033, 25.220903039474482, 0.0 ], [ 110.183201635107608, 25.218967443267623, 0.0 ], [ 110.184170326344173, 25.216822567210379, 0.0 ], [ 110.183580028415861, 25.214636859420555, 0.0 ], [ 110.182411061697579, 25.212564282488707, 0.0 ], [ 110.181844858816831, 25.21265258729326, 0.0 ], [ 110.183068094612324, 25.214579439583513, 0.0 ], [ 110.183493110265829, 25.21675931474968, 0.0 ], [ 110.181603622984696, 25.218217281793375, 0.0 ], [ 110.181392925183872, 25.220526430209489, 0.0 ], [ 110.182176414780756, 25.222728677005261, 0.0 ], [ 110.183385651648635, 25.224782084300877, 0.0 ], [ 110.184760881943362, 25.226632813869163, 0.0 ] ] ] } },
{ "type": "Feature", "properties": { "OBJECTID": 160 }, "geometry": { "type": "Polygon", "coordinates": [ [ [ 110.195741964806032, 25.254773222014791, 0.0 ], [ 110.196345611691896, 25.254875360243371, 0.0 ], [ 110.196925648727458, 25.254853513366726, 0.0 ], [ 110.197428541959823, 25.254542617598148, 0.0 ], [ 110.197573814463581, 25.253999113251041, 0.0 ], [ 110.197693366300214, 25.253449964455534, 0.0 ], [ 110.19765768010312, 25.252893213874113, 0.0 ], [ 110.197212619729854, 25.252613832569406, 0.0 ], [ 110.196749188362261, 25.25246407675856, 0.0 ], [ 110.196168392309772, 25.252349897013953, 0.0 ], [ 110.195553563643273, 25.252377237794732, 0.0 ], [ 110.195102302867184, 25.252639687110491, 0.0 ], [ 110.194486955149017, 25.25263352768318, 0.0 ], [ 110.193871898766687, 25.252656267946136, 0.0 ], [ 110.193408573082266, 25.252833599650412, 0.0 ], [ 110.192833525615441, 25.25265928633031, 0.0 ], [ 110.192286311873289, 25.252612682737038, 0.0 ], [ 110.192056124391939, 25.253035454463035, 0.0 ], [ 110.192227023147112, 25.253493390016398, 0.0 ], [ 110.192625461586616, 25.253920110193096, 0.0 ], [ 110.193069685574102, 25.254304857532489, 0.0 ], [ 110.193542105209346, 25.254663757509491, 0.0 ], [ 110.194007215494509, 25.254973014862497, 0.0 ], [ 110.194563722342124, 25.255060399004194, 0.0 ], [ 110.19515530990499, 25.254920059032621, 0.0 ], [ 110.195741964806032, 25.254773222014791, 0.0 ] ] ] } },
{ "type": "Feature", "properties": { "OBJECTID": 161 }, "geometry": { "type": "Polygon", "coordinates": [ [ [ 110.193335363118891, 25.257948636299247, 0.0 ], [ 110.194396607911102, 25.257966065693669, 0.0 ], [ 110.195253767651153, 25.257415222571538, 0.0 ], [ 110.195203183512845, 25.256530985511361, 0.0 ], [ 110.19426429828988, 25.256105949172689, 0.0 ], [ 110.193195026667141, 25.256075797896067, 0.0 ], [ 110.192675068466187, 25.256222348213218, 0.0 ], [ 110.191841590558525, 25.255921262909709, 0.0 ], [ 110.191295533402979, 25.256235671646294, 0.0 ], [ 110.190771527061329, 25.25576071498142, 0.0 ], [ 110.188729887299857, 25.253767833641607, 0.0 ], [ 110.187951467600783, 25.253100423887265, 0.0 ], [ 110.187970399370286, 25.253242506782726, 0.0 ], [ 110.188772574810983, 25.253898733837218, 0.0 ], [ 110.189456571548774, 25.254651410334947, 0.0 ], [ 110.189817949559625, 25.255570711546124, 0.0 ], [ 110.18985883878311, 25.25654966857179, 0.0 ], [ 110.189852328704106, 25.257530883856091, 0.0 ], [ 110.190479617098319, 25.258204418658593, 0.0 ], [ 110.191420194866879, 25.258685263084487, 0.0 ], [ 110.192366829632817, 25.258352124830402, 0.0 ], [ 110.193335363118891, 25.257948636299247, 0.0 ] ] ] } },
{ "type": "Feature", "properties": { "OBJECTID": 162 }, "geometry": { "type": "Polygon", "coordinates": [ [ [ 110.188709448968652, 25.266381482452193, 0.0 ], [ 110.188962275632633, 25.265874061857645, 0.0 ], [ 110.186130483706606, 25.265922104320683, 0.0 ], [ 110.185066369224884, 25.264854699376336, 0.0 ], [ 110.183771126504979, 25.262924021942673, 0.0 ], [ 110.184599634140113, 25.26174899847021, 0.0 ], [ 110.186673174743589, 25.261657756709582, 0.0 ], [ 110.18888703823005, 25.26066238763126, 0.0 ], [ 110.189607489696698, 25.258527421076483, 0.0 ], [ 110.189622499517483, 25.256265811848873, 0.0 ], [ 110.188787566055922, 25.254207348027595, 0.0 ], [ 110.186941403792446, 25.25269209872436, 0.0 ], [ 110.185060047774712, 25.253437748784766, 0.0 ], [ 110.183003954646395, 25.254580947890723, 0.0 ], [ 110.181426951624417, 25.256222618546396, 0.0 ], [ 110.182312187540859, 25.257802705074287, 0.0 ], [ 110.184560856854006, 25.25702853115968, 0.0 ], [ 110.185055921180449, 25.258385374629508, 0.0 ], [ 110.184300191295208, 25.260484643865372, 0.0 ], [ 110.183072158654241, 25.262037564183753, 0.0 ], [ 110.184119584156946, 25.266365779374873, 0.0 ], [ 110.186237640630353, 25.266547448732048, 0.0 ], [ 110.188709448968652, 25.266381482452193, 0.0 ] ] ] } },
{ "type": "Feature", "properties": { "OBJECTID": 163 }, "geometry": { "type": "Polygon", "coordinates": [ [ [ 110.179800365117885, 25.25321004237578, 0.0 ], [ 110.179538407161203, 25.252393485667959, 0.0 ], [ 110.179190305395196, 25.251690926754442, 0.0 ], [ 110.178280837095656, 25.251796954924856, 0.0 ], [ 110.178491256334098, 25.252509682284629, 0.0 ], [ 110.179089379966882, 25.253163573748125, 0.0 ], [ 110.179667417372002, 25.253831213030754, 0.0 ], [ 110.180054920274202, 25.254604002968215, 0.0 ], [ 110.180402626386282, 25.25539361312584, 0.0 ], [ 110.180696429185971, 25.256200936657237, 0.0 ], [ 110.180955182024803, 25.257018340021467, 0.0 ], [ 110.181213934911597, 25.257835743784732, 0.0 ], [ 110.181472691111239, 25.258653147091707, 0.0 ], [ 110.181731450623857, 25.259470549942343, 0.0 ], [ 110.181990213449666, 25.260287952336569, 0.0 ], [ 110.182247596185334, 25.261105708781749, 0.0 ], [ 110.182398465660938, 25.260914717437679, 0.0 ], [ 110.181906306745404, 25.259671245454978, 0.0 ], [ 110.181648594523338, 25.258853568920124, 0.0 ], [ 110.181390885446831, 25.258035891972444, 0.0 ], [ 110.181131716010952, 25.257218597961565, 0.0 ], [ 110.180871635963044, 25.256401542887623, 0.0 ], [ 110.180613124702731, 25.255584077388022, 0.0 ], [ 110.180354237608057, 25.254766718526412, 0.0 ], [ 110.180058492716341, 25.25395989857499, 0.0 ], [ 110.179800365117885, 25.25321004237578, 0.0 ] ] ] } },
{ "type": "Feature", "properties": { "OBJECTID": 164 }, "geometry": { "type": "Polygon", "coordinates": [ [ [ 110.199461884495932, 25.229392943091014, 0.0 ], [ 110.19939751950723, 25.2292594013377, 0.0 ], [ 110.199333154655662, 25.229125859557413, 0.0 ], [ 110.1992687899413, 25.228992317750148, 0.0 ], [ 110.199204425363973, 25.22885877591591, 0.0 ], [ 110.199139333468111, 25.228726928859132, 0.0 ], [ 110.198992519847181, 25.228785474551817, 0.0 ], [ 110.198846152528475, 25.228844899030815, 0.0 ], [ 110.198701978230929, 25.228908641196792, 0.0 ], [ 110.198562145119624, 25.228979740483954, 0.0 ], [ 110.198439415429149, 25.229067153081168, 0.0 ], [ 110.198364300517014, 25.229195966210465, 0.0 ], [ 110.198289185443741, 25.229324779295467, 0.0 ], [ 110.198214070209218, 25.22945359233616, 0.0 ], [ 110.198245658689146, 25.22958362068708, 0.0 ], [ 110.198317204620778, 25.229714104116493, 0.0 ], [ 110.198388750702108, 25.229844587512716, 0.0 ], [ 110.198460296932993, 25.229975070875764, 0.0 ], [ 110.198597360354896, 25.229935361043051, 0.0 ], [ 110.198742767302846, 25.22987397682218, 0.0 ], [ 110.198888174108077, 25.229812592454127, 0.0 ], [ 110.199033580770617, 25.229751207938886, 0.0 ], [ 110.199178945095468, 25.229689740824131, 0.0 ], [ 110.199323816346393, 25.229627319120009, 0.0 ], [ 110.199425920537436, 25.229528448169908, 0.0 ], [ 110.199461884495932, 25.229392943091014, 0.0 ] ] ] } },
{ "type": "Feature", "properties": { "OBJECTID": 165 }, "geometry": { "type": "Polygon", "coordinates": [ [ [ 110.184365908241517, 25.2300257954738, 0.0 ], [ 110.184276460731752, 25.229996424739255, 0.0 ], [ 110.184188896536227, 25.22999751542903, 0.0 ], [ 110.184103633231047, 25.230035822880634, 0.0 ], [ 110.184018369873556, 25.230074130281491, 0.0 ], [ 110.183928816240297, 25.23009975324527, 0.0 ], [ 110.183843249505728, 25.230130554983024, 0.0 ], [ 110.183768933209677, 25.230184352696536, 0.0 ], [ 110.183709140945851, 25.230246988226753, 0.0 ], [ 110.183736440920654, 25.230329847146375, 0.0 ], [ 110.183790740438823, 25.230400159292934, 0.0 ], [ 110.183850360290549, 25.230467538460665, 0.0 ], [ 110.183910563872104, 25.230534497436569, 0.0 ], [ 110.183990569101525, 25.230567352036225, 0.0 ], [ 110.184085373140974, 25.23057361850757, 0.0 ], [ 110.184180468763756, 25.230574197390823, 0.0 ], [ 110.184271634412497, 25.230560330189562, 0.0 ], [ 110.184355209945664, 25.230519254155269, 0.0 ], [ 110.184427781637666, 25.23046420380517, 0.0 ], [ 110.184482538441131, 25.230394590409475, 0.0 ], [ 110.184529313419077, 25.230319277369269, 0.0 ], [ 110.184560062773485, 25.230238446575871, 0.0 ], [ 110.184579840375036, 25.230153838075299, 0.0 ], [ 110.184514270865407, 25.230114731081247, 0.0 ], [ 110.184423448649639, 25.230089087051272, 0.0 ], [ 110.184365908241517, 25.2300257954738, 0.0 ] ] ] } },
{ "type": "Feature", "properties": { "OBJECTID": 166 }, "geometry": { "type": "Polygon", "coordinates": [ [ [ 110.209270191927985, 25.232403200182688, 0.0 ], [ 110.209569323508418, 25.232392648904746, 0.0 ], [ 110.209862636896048, 25.232358770627219, 0.0 ], [ 110.210020602346503, 25.2322492614997, 0.0 ], [ 110.210196611237393, 25.232058134813453, 0.0 ], [ 110.210391106319065, 25.231863489969363, 0.0 ], [ 110.210503468474244, 25.231621332975042, 0.0 ], [ 110.210641388703451, 25.231401850512142, 0.0 ], [ 110.210695975891952, 25.231196731109215, 0.0 ], [ 110.210602379295324, 25.230966269233505, 0.0 ], [ 110.210316025425456, 25.230924061340556, 0.0 ], [ 110.210033337772018, 25.230874797870129, 0.0 ], [ 110.209872358600734, 25.230779527842525, 0.0 ], [ 110.209622592027628, 25.230928857267532, 0.0 ], [ 110.209403349246088, 25.231113292374147, 0.0 ], [ 110.20923156766078, 25.231334824144966, 0.0 ], [ 110.208997521008186, 25.231395773971609, 0.0 ], [ 110.208793453596272, 25.231211822086827, 0.0 ], [ 110.208572935369446, 25.231299167813933, 0.0 ], [ 110.208508916764842, 25.231488500027698, 0.0 ], [ 110.208745213016471, 25.23162240383315, 0.0 ], [ 110.208957648560357, 25.231736704430858, 0.0 ], [ 110.208993986294317, 25.231991367194041, 0.0 ], [ 110.20890569749271, 25.232190997515673, 0.0 ], [ 110.209016399797449, 25.23231102596273, 0.0 ], [ 110.209270191927985, 25.232403200182688, 0.0 ] ] ] } },
{ "type": "Feature", "properties": { "OBJECTID": 167 }, "geometry": { "type": "Polygon", "coordinates": [ [ [ 110.196002024599252, 25.238590315404753, 0.0 ], [ 110.195918487748671, 25.238488526235962, 0.0 ], [ 110.195818794622511, 25.238531126272349, 0.0 ], [ 110.19571442464796, 25.238615522047869, 0.0 ], [ 110.195610054529624, 25.238699917745141, 0.0 ], [ 110.195505684267573, 25.238784313364164, 0.0 ], [ 110.195401313861822, 25.238868708904942, 0.0 ], [ 110.195296943312385, 25.238953104367461, 0.0 ], [ 110.19519257261922, 25.239037499751731, 0.0 ], [ 110.195088201782411, 25.239121895057746, 0.0 ], [ 110.195010795449733, 25.23920773077398, 0.0 ], [ 110.195103586177211, 25.239302658583956, 0.0 ], [ 110.195196377048475, 25.23939758633799, 0.0 ], [ 110.195289168063383, 25.239492514036083, 0.0 ], [ 110.195381959222075, 25.239587441678221, 0.0 ], [ 110.195484858965273, 25.239525831144856, 0.0 ], [ 110.19558922991925, 25.239441435594959, 0.0 ], [ 110.195693600729513, 25.239357039966801, 0.0 ], [ 110.195797971396061, 25.239272644260396, 0.0 ], [ 110.195902341918895, 25.239188248475742, 0.0 ], [ 110.196006712297958, 25.239103852612832, 0.0 ], [ 110.196111082533434, 25.239019456671681, 0.0 ], [ 110.196168825114697, 25.238913861321549, 0.0 ], [ 110.196177212388719, 25.238788171002611, 0.0 ], [ 110.196089618534202, 25.238689243147515, 0.0 ], [ 110.196002024599252, 25.238590315404753, 0.0 ] ] ] } },
{ "type": "Feature", "properties": { "OBJECTID": 168 }, "geometry": { "type": "Polygon", "coordinates": [ [ [ 110.213161457094699, 25.242170845542621, 0.0 ], [ 110.213323899614096, 25.242012196555134, 0.0 ], [ 110.213468401903384, 25.241884864631405, 0.0 ], [ 110.21354048655121, 25.241682965284078, 0.0 ], [ 110.213568216632666, 25.241467649140063, 0.0 ], [ 110.213538841769164, 25.241256912639368, 0.0 ], [ 110.213470112194798, 25.241049332266709, 0.0 ], [ 110.213401382844623, 25.240841751861922, 0.0 ], [ 110.213260298663783, 25.240684630436427, 0.0 ], [ 110.213070455139089, 25.240648868308739, 0.0 ], [ 110.212912800419005, 25.240811462194849, 0.0 ], [ 110.212756754974947, 25.240975275638505, 0.0 ], [ 110.212609388280754, 25.241145665505783, 0.0 ], [ 110.212462021172897, 25.241316055212234, 0.0 ], [ 110.212314653651362, 25.241486444757847, 0.0 ], [ 110.212167285716163, 25.241656834142624, 0.0 ], [ 110.212040824898509, 25.24181990498737, 0.0 ], [ 110.212022369989754, 25.242019585440964, 0.0 ], [ 110.212091803016605, 25.242225403329901, 0.0 ], [ 110.212113359913573, 25.242439093185876, 0.0 ], [ 110.212208524224394, 25.242615339046349, 0.0 ], [ 110.212363663364386, 25.242603848107183, 0.0 ], [ 110.212587402043809, 25.242539938950603, 0.0 ], [ 110.212800235191025, 25.24244588572714, 0.0 ], [ 110.212989294715612, 25.242318328288953, 0.0 ], [ 110.213161457094699, 25.242170845542621, 0.0 ] ] ] } },
{ "type": "Feature", "properties": { "OBJECTID": 169 }, "geometry": { "type": "Polygon", "coordinates": [ [ [ 110.208035889383552, 25.243130204207873, 0.0 ], [ 110.207936189384796, 25.243113825413019, 0.0 ], [ 110.207836489414774, 25.243097446551474, 0.0 ], [ 110.207736789473387, 25.24308106762324, 0.0 ], [ 110.207637089560563, 25.243064688628333, 0.0 ], [ 110.20753738967646, 25.243048309566724, 0.0 ], [ 110.207479566973134, 25.243090475362731, 0.0 ], [ 110.20745563545124, 25.243180011685759, 0.0 ], [ 110.207431703892382, 25.243269548002978, 0.0 ], [ 110.207408216210098, 25.243359179755615, 0.0 ], [ 110.207385415944785, 25.243448959419268, 0.0 ], [ 110.207365734249038, 25.243539327829861, 0.0 ], [ 110.207347089039402, 25.243629897858966, 0.0 ], [ 110.20744080582466, 25.243649975273822, 0.0 ], [ 110.207540518787752, 25.243666290815959, 0.0 ], [ 110.207640231779408, 25.243682606291394, 0.0 ], [ 110.207739944799528, 25.243698921700119, 0.0 ], [ 110.207832911595659, 25.243688480141504, 0.0 ], [ 110.207914846499492, 25.243634282160773, 0.0 ], [ 110.207996781331161, 25.243580084132439, 0.0 ], [ 110.208049551081075, 25.243508699559388, 0.0 ], [ 110.208070458223673, 25.243418538984219, 0.0 ], [ 110.208091365333544, 25.243328378404257, 0.0 ], [ 110.208112272410716, 25.243238217819496, 0.0 ], [ 110.208133179455132, 25.243148057229934, 0.0 ], [ 110.208035889383552, 25.243130204207873, 0.0 ] ] ] } },
{ "type": "Feature", "properties": { "OBJECTID": 170 }, "geometry": { "type": "Polygon", "coordinates": [ [ [ 110.208875849974987, 25.244070510664756, 0.0 ], [ 110.208864852712608, 25.244007833072821, 0.0 ], [ 110.208853855460575, 25.243945155479814, 0.0 ], [ 110.208842858218901, 25.243882477885737, 0.0 ], [ 110.208831860987615, 25.243819800290577, 0.0 ], [ 110.208820863766604, 25.243757122694351, 0.0 ], [ 110.208809866556052, 25.243694445097056, 0.0 ], [ 110.20879886935586, 25.243631767498691, 0.0 ], [ 110.208787872166027, 25.24356908989925, 0.0 ], [ 110.208749051859371, 25.243541946312309, 0.0 ], [ 110.208680329676596, 25.243552991559437, 0.0 ], [ 110.208611830161985, 25.243551740840388, 0.0 ], [ 110.208548240846781, 25.243545196632908, 0.0 ], [ 110.208533839822522, 25.243607301148963, 0.0 ], [ 110.208519438782758, 25.243669405662747, 0.0 ], [ 110.208505037727463, 25.243731510174253, 0.0 ], [ 110.208490636656634, 25.243793614683479, 0.0 ], [ 110.208476235587867, 25.243855719193814, 0.0 ], [ 110.208489067303915, 25.243912717874416, 0.0 ], [ 110.208529300716648, 25.243964578830298, 0.0 ], [ 110.208569534163146, 25.244016439775685, 0.0 ], [ 110.208609767643551, 25.244068300710573, 0.0 ], [ 110.20867907654646, 25.244072396636035, 0.0 ], [ 110.208748758690788, 25.24407587967919, 0.0 ], [ 110.208818440840048, 25.244079362689565, 0.0 ], [ 110.208875849974987, 25.244070510664756, 0.0 ] ] ] } },
{ "type": "Feature", "properties": { "OBJECTID": 171 }, "geometry": { "type": "Polygon", "coordinates": [ [ [ 110.196644250188172, 25.243094656940141, 0.0 ], [ 110.196505686305514, 25.243246225281741, 0.0 ], [ 110.196367178640244, 25.243403251453394, 0.0 ], [ 110.196228670616804, 25.243560277483102, 0.0 ], [ 110.196235392824107, 25.243713097158494, 0.0 ], [ 110.196384605905109, 25.243861789831239, 0.0 ], [ 110.196533819348431, 25.244010482359215, 0.0 ], [ 110.196683033154073, 25.244159174742407, 0.0 ], [ 110.196832247321979, 25.244307866980826, 0.0 ], [ 110.196981461852346, 25.244456559074457, 0.0 ], [ 110.197130676744976, 25.244605251023302, 0.0 ], [ 110.197279891999955, 25.244753942827355, 0.0 ], [ 110.197429107617253, 25.244902634486614, 0.0 ], [ 110.197582876892213, 25.244978516295159, 0.0 ], [ 110.197749667943938, 25.244846171050142, 0.0 ], [ 110.197878016455391, 25.244696190689329, 0.0 ], [ 110.197895904280884, 25.244495538230918, 0.0 ], [ 110.197773627445684, 25.244335067610759, 0.0 ], [ 110.197632459264014, 25.244180012787648, 0.0 ], [ 110.197491291438851, 25.244024957835183, 0.0 ], [ 110.197350123970253, 25.243869902753374, 0.0 ], [ 110.197208956858105, 25.243714847542211, 0.0 ], [ 110.197067790102423, 25.243559792201712, 0.0 ], [ 110.196926623703263, 25.243404736731868, 0.0 ], [ 110.196785457660567, 25.243249681132692, 0.0 ], [ 110.196644250188172, 25.243094656940141, 0.0 ] ] ] } },
{ "type": "Feature", "properties": { "OBJECTID": 172 }, "geometry": { "type": "Polygon", "coordinates": [ [ [ 110.20558532304365, 25.245730327408911, 0.0 ], [ 110.205832336099036, 25.24561308468251, 0.0 ], [ 110.206113670238352, 25.245619520035294, 0.0 ], [ 110.206381314984156, 25.245546239613027, 0.0 ], [ 110.206622171512819, 25.245414832964606, 0.0 ], [ 110.206819003016264, 25.245238412421443, 0.0 ], [ 110.206972037478224, 25.24502370629282, 0.0 ], [ 110.207129928152028, 25.244812204510229, 0.0 ], [ 110.207220581577317, 25.244570041333816, 0.0 ], [ 110.207296746116896, 25.244325430655113, 0.0 ], [ 110.207187070045705, 25.244120082842286, 0.0 ], [ 110.206913659521959, 25.244063650047867, 0.0 ], [ 110.206649784475346, 25.244092483150521, 0.0 ], [ 110.206429570039674, 25.244251844956029, 0.0 ], [ 110.206204238156914, 25.244404443625715, 0.0 ], [ 110.205961902147465, 25.24453456887332, 0.0 ], [ 110.205730475524547, 25.244679570837057, 0.0 ], [ 110.205504563443796, 25.244832150956785, 0.0 ], [ 110.205270968404591, 25.244974888296607, 0.0 ], [ 110.205043557435815, 25.245125472663982, 0.0 ], [ 110.204870761891939, 25.245317438741164, 0.0 ], [ 110.204801388528168, 25.24555989145929, 0.0 ], [ 110.20487776713496, 25.245786805065606, 0.0 ], [ 110.205099364338935, 25.24593153301096, 0.0 ], [ 110.20536966130328, 25.245888133817068, 0.0 ], [ 110.20558532304365, 25.245730327408911, 0.0 ] ] ] } },
{ "type": "Feature", "properties": { "OBJECTID": 173 }, "geometry": { "type": "Polygon", "coordinates": [ [ [ 110.19027091902781, 25.24788606144628, 0.0 ], [ 110.190429944569573, 25.247707306973957, 0.0 ], [ 110.190588969643173, 25.247528552314574, 0.0 ], [ 110.190747994248568, 25.247349797468132, 0.0 ], [ 110.190907018385886, 25.24717104243464, 0.0 ], [ 110.1910774418199, 25.247098584327503, 0.0 ], [ 110.191263824737902, 25.24694322336693, 0.0 ], [ 110.191450207182839, 25.246787862156168, 0.0 ], [ 110.191285548433768, 25.246650152579946, 0.0 ], [ 110.19108141295861, 25.246514496493809, 0.0 ], [ 110.190867836141507, 25.246391513868851, 0.0 ], [ 110.19065362509609, 25.246269382849068, 0.0 ], [ 110.190439414484743, 25.246147251527194, 0.0 ], [ 110.190225204307367, 25.246025119903237, 0.0 ], [ 110.190021412567702, 25.245944423084538, 0.0 ], [ 110.189886854674796, 25.246139087275949, 0.0 ], [ 110.189752296347336, 25.246333751329054, 0.0 ], [ 110.18961773758538, 25.246528415243844, 0.0 ], [ 110.18948317838894, 25.24672307902032, 0.0 ], [ 110.18934861875799, 25.246917742658464, 0.0 ], [ 110.189344867479733, 25.247134417935978, 0.0 ], [ 110.189480861619828, 25.247311915444147, 0.0 ], [ 110.189678375271257, 25.247455452327806, 0.0 ], [ 110.189875889389683, 25.247598988956053, 0.0 ], [ 110.190073403975177, 25.247742525328878, 0.0 ], [ 110.19027091902781, 25.24788606144628, 0.0 ] ] ] } },
{ "type": "Feature", "properties": { "OBJECTID": 174 }, "geometry": { "type": "Polygon", "coordinates": [ [ [ 110.209028325920912, 25.248847707314887, 0.0 ], [ 110.208757302335627, 25.248733844204189, 0.0 ], [ 110.208539211256067, 25.248554189185786, 0.0 ], [ 110.208549276111114, 25.248365043896104, 0.0 ], [ 110.208885375964343, 25.248411885824453, 0.0 ], [ 110.209110377135715, 25.248191903574558, 0.0 ], [ 110.209287690463384, 25.247933977440368, 0.0 ], [ 110.209394094226369, 25.247640273002958, 0.0 ], [ 110.209442990849752, 25.247335976917928, 0.0 ], [ 110.209250191163562, 25.247116746094299, 0.0 ], [ 110.208924095824912, 25.247137556306111, 0.0 ], [ 110.208642102865454, 25.247304214179103, 0.0 ], [ 110.208327570711731, 25.247353851079197, 0.0 ], [ 110.208011174212047, 25.247263699257225, 0.0 ], [ 110.207715294745526, 25.247118424005844, 0.0 ], [ 110.207500077984747, 25.247329292622794, 0.0 ], [ 110.207244933301482, 25.247495891836699, 0.0 ], [ 110.206978330687789, 25.247603121944067, 0.0 ], [ 110.207154739011287, 25.247768809006082, 0.0 ], [ 110.207430033155518, 25.247948987524691, 0.0 ], [ 110.207690506466619, 25.248147145100965, 0.0 ], [ 110.207963525000736, 25.248328693903126, 0.0 ], [ 110.208233950496393, 25.24851606113668, 0.0 ], [ 110.208508811411335, 25.248698032926676, 0.0 ], [ 110.208786568621974, 25.248876178770761, 0.0 ], [ 110.209028325920912, 25.248847707314887, 0.0 ] ] ] } },
{ "type": "Feature", "properties": { "OBJECTID": 175 }, "geometry": { "type": "Polygon", "coordinates": [ [ [ 110.203920342885283, 25.248342121279407, 0.0 ], [ 110.20376188935127, 25.248225904185627, 0.0 ], [ 110.203603436120517, 25.248109686927378, 0.0 ], [ 110.203444983193123, 25.247993469504639, 0.0 ], [ 110.203286530568931, 25.247877251917426, 0.0 ], [ 110.203128078248028, 25.247761034165752, 0.0 ], [ 110.202969626230455, 25.247644816249608, 0.0 ], [ 110.202815026591864, 25.247648984403416, 0.0 ], [ 110.202664273985462, 25.247773385814256, 0.0 ], [ 110.202671210546541, 25.247911305409627, 0.0 ], [ 110.20270920541931, 25.248047350470316, 0.0 ], [ 110.2025611860889, 25.248174438119594, 0.0 ], [ 110.202413230686574, 25.248301587261533, 0.0 ], [ 110.202265731041933, 25.248429173959437, 0.0 ], [ 110.20213361825688, 25.24855759282103, 0.0 ], [ 110.202263449350738, 25.248700180585423, 0.0 ], [ 110.202393280746264, 25.248842768240344, 0.0 ], [ 110.202526230600242, 25.248980052371955, 0.0 ], [ 110.202728715831242, 25.24899907281052, 0.0 ], [ 110.20292024249818, 25.248979742223192, 0.0 ], [ 110.203086926614091, 25.248873472557701, 0.0 ], [ 110.203253610442772, 25.24876720269549, 0.0 ], [ 110.203420293984237, 25.248660932636557, 0.0 ], [ 110.20358697723853, 25.24855466238089, 0.0 ], [ 110.203753660205521, 25.248448391928509, 0.0 ], [ 110.203920342885283, 25.248342121279407, 0.0 ] ] ] } },
{ "type": "Feature", "properties": { "OBJECTID": 176 }, "geometry": { "type": "Polygon", "coordinates": [ [ [ 110.210144876208673, 25.24860467986591, 0.0 ], [ 110.210067017122839, 25.248568756246584, 0.0 ], [ 110.209981814024616, 25.248565344488753, 0.0 ], [ 110.209894688419709, 25.248570443551301, 0.0 ], [ 110.209807562809019, 25.248575542562268, 0.0 ], [ 110.209720437192573, 25.248580641521663, 0.0 ], [ 110.209633311570329, 25.248585740429466, 0.0 ], [ 110.209546185942315, 25.248590839285693, 0.0 ], [ 110.209487290085619, 25.248638311997464, 0.0 ], [ 110.209441985188036, 25.248706185269931, 0.0 ], [ 110.209396680239422, 25.248774058526664, 0.0 ], [ 110.209395283670389, 25.248851387773851, 0.0 ], [ 110.209462252542139, 25.248898656917277, 0.0 ], [ 110.209534642740124, 25.248943043361258, 0.0 ], [ 110.209607032991286, 25.248987429770757, 0.0 ], [ 110.209679423295626, 25.249031816145784, 0.0 ], [ 110.20975199772559, 25.249067927775751, 0.0 ], [ 110.209826302802924, 25.249026240471249, 0.0 ], [ 110.209900607830221, 25.248984553127894, 0.0 ], [ 110.209974912807468, 25.248942865745708, 0.0 ], [ 110.210049217734678, 25.248901178324662, 0.0 ], [ 110.210123522611838, 25.248859490864767, 0.0 ], [ 110.210197827438947, 25.24881780336603, 0.0 ], [ 110.210203587047985, 25.248754235080824, 0.0 ], [ 110.210174231610907, 25.248679457476221, 0.0 ], [ 110.210144876208673, 25.24860467986591, 0.0 ] ] ] } },
{ "type": "Feature", "properties": { "OBJECTID": 177 }, "geometry": { "type": "Polygon", "coordinates": [ [ [ 110.2065829375276, 25.249897377541675, 0.0 ], [ 110.206865768101096, 25.249618285733071, 0.0 ], [ 110.207067360643407, 25.24930684971217, 0.0 ], [ 110.207016061140678, 25.24897433387784, 0.0 ], [ 110.206962360875224, 25.248544490308142, 0.0 ], [ 110.206644623019983, 25.248235931148699, 0.0 ], [ 110.206288603038615, 25.248411888624638, 0.0 ], [ 110.205923806313848, 25.248709230052331, 0.0 ], [ 110.205559007818024, 25.249006570523846, 0.0 ], [ 110.205185794405494, 25.249294915412026, 0.0 ], [ 110.204862686725804, 25.249161118913872, 0.0 ], [ 110.204581482988416, 25.248796322027186, 0.0 ], [ 110.204251893842965, 25.248681915594592, 0.0 ], [ 110.203850774720365, 25.248937654439171, 0.0 ], [ 110.203449653934342, 25.249193392144498, 0.0 ], [ 110.203242110202964, 25.249548310046986, 0.0 ], [ 110.203554077025387, 25.249857910887716, 0.0 ], [ 110.203934838371978, 25.250138135917631, 0.0 ], [ 110.204340979596836, 25.250386887967252, 0.0 ], [ 110.204773052866443, 25.250596411791474, 0.0 ], [ 110.205226492889366, 25.250764495204031, 0.0 ], [ 110.205696509980953, 25.250889361115828, 0.0 ], [ 110.206178138315281, 25.250969690997319, 0.0 ], [ 110.206435298519835, 25.250765126933878, 0.0 ], [ 110.206460795118218, 25.250323540666386, 0.0 ], [ 110.2065829375276, 25.249897377541675, 0.0 ] ] ] } },
{ "type": "Feature", "properties": { "OBJECTID": 178 }, "geometry": { "type": "Polygon", "coordinates": [ [ [ 110.207129686044965, 25.252599230017815, 0.0 ], [ 110.207371908636389, 25.252587976572883, 0.0 ], [ 110.207624049504844, 25.252546409380322, 0.0 ], [ 110.207885501984549, 25.252558483519099, 0.0 ], [ 110.207964009172514, 25.252386008286159, 0.0 ], [ 110.207977812991615, 25.252148262394403, 0.0 ], [ 110.207991616743499, 25.251910516492469, 0.0 ], [ 110.208005419736651, 25.251672770547241, 0.0 ], [ 110.207890489998732, 25.251532731038658, 0.0 ], [ 110.207630814876012, 25.251502550293839, 0.0 ], [ 110.207371139894903, 25.251472369095374, 0.0 ], [ 110.207111465055306, 25.251442187443239, 0.0 ], [ 110.206851790357163, 25.251412005337432, 0.0 ], [ 110.206592115800618, 25.251381822777972, 0.0 ], [ 110.206332441385626, 25.251351639764845, 0.0 ], [ 110.206097433237986, 25.25135863872012, 0.0 ], [ 110.206005133532457, 25.25158142722595, 0.0 ], [ 110.20591283358705, 25.251804215695955, 0.0 ], [ 110.206013052041072, 25.251933657340579, 0.0 ], [ 110.206249195149752, 25.252020727580856, 0.0 ], [ 110.206474691250605, 25.252127143763293, 0.0 ], [ 110.206443591980531, 25.252307054580477, 0.0 ], [ 110.206360038848317, 25.252512620117546, 0.0 ], [ 110.206606639201084, 25.252577771793881, 0.0 ], [ 110.206868162593238, 25.252588501136891, 0.0 ], [ 110.207129686044965, 25.252599230017815, 0.0 ] ] ] } },
{ "type": "Feature", "properties": { "OBJECTID": 179 }, "geometry": { "type": "Polygon", "coordinates": [ [ [ 110.190420274981079, 25.251023898626997, 0.0 ], [ 110.190191138333418, 25.251012465618881, 0.0 ], [ 110.189958037395542, 25.251027049585424, 0.0 ], [ 110.189728709201773, 25.251047298050544, 0.0 ], [ 110.189606520580369, 25.251228417388869, 0.0 ], [ 110.189484331501149, 25.25140953656231, 0.0 ], [ 110.189361768665677, 25.251590218502152, 0.0 ], [ 110.189174711087475, 25.251707503244873, 0.0 ], [ 110.189088841278092, 25.25190201917928, 0.0 ], [ 110.188910098349069, 25.252036544199161, 0.0 ], [ 110.18877182369711, 25.252203071792856, 0.0 ], [ 110.188695461321728, 25.252388182243283, 0.0 ], [ 110.188768675366006, 25.25257344625885, 0.0 ], [ 110.188970015020359, 25.252663035075823, 0.0 ], [ 110.189194868476164, 25.252605263138125, 0.0 ], [ 110.189419721691806, 25.252547490733644, 0.0 ], [ 110.189608512805904, 25.252426586597593, 0.0 ], [ 110.189734529159367, 25.252249823702865, 0.0 ], [ 110.189893933044516, 25.252100819079825, 0.0 ], [ 110.190092554593093, 25.251990583151574, 0.0 ], [ 110.19027785073385, 25.25186116644878, 0.0 ], [ 110.190450442380993, 25.251718805903852, 0.0 ], [ 110.190605530933695, 25.25156058446154, 0.0 ], [ 110.190654851546981, 25.251360532968974, 0.0 ], [ 110.190599183543654, 25.251157051269491, 0.0 ], [ 110.190420274981079, 25.251023898626997, 0.0 ] ] ] } },
{ "type": "Feature", "properties": { "OBJECTID": 180 }, "geometry": { "type": "Polygon", "coordinates": [ [ [ 110.198219533922881, 25.254251324058078, 0.0 ], [ 110.198148094724246, 25.254248204133081, 0.0 ], [ 110.198076655530343, 25.254245084173615, 0.0 ], [ 110.198036426251846, 25.254295629014674, 0.0 ], [ 110.198002082170433, 25.254352385526037, 0.0 ], [ 110.197978743739455, 25.254413867568484, 0.0 ], [ 110.197986371016668, 25.25447458101003, 0.0 ], [ 110.198013362441998, 25.254534813812402, 0.0 ], [ 110.198062203795075, 25.254582005721911, 0.0 ], [ 110.198123957860702, 25.254610608550994, 0.0 ], [ 110.198189101623797, 25.254636712063338, 0.0 ], [ 110.198252406511941, 25.254666981142602, 0.0 ], [ 110.198319982813615, 25.254684974884764, 0.0 ], [ 110.198390911377871, 25.254693334738445, 0.0 ], [ 110.198459595984559, 25.254681818762673, 0.0 ], [ 110.198502888528381, 25.254630045507572, 0.0 ], [ 110.198546181035212, 25.254578272238518, 0.0 ], [ 110.198578386579968, 25.254521118317868, 0.0 ], [ 110.198601581155643, 25.254459591255937, 0.0 ], [ 110.198596095307906, 25.254399488593691, 0.0 ], [ 110.198555623591517, 25.254347500010809, 0.0 ], [ 110.198496275038508, 25.254313282592939, 0.0 ], [ 110.198428818448932, 25.254291667289337, 0.0 ], [ 110.198360665359246, 25.25427252009035, 0.0 ], [ 110.19829009963442, 25.254261922090937, 0.0 ], [ 110.198219533922881, 25.254251324058078, 0.0 ] ] ] } },
{ "type": "Feature", "properties": { "OBJECTID": 181 }, "geometry": { "type": "Polygon", "coordinates": [ [ [ 110.200681360180184, 25.254371392172839, 0.0 ], [ 110.200565782883118, 25.254369499962685, 0.0 ], [ 110.200451008496685, 25.254371570682597, 0.0 ], [ 110.200343762000529, 25.254410798064441, 0.0 ], [ 110.200265525581472, 25.254480317358265, 0.0 ], [ 110.200262519794322, 25.254580346497821, 0.0 ], [ 110.200296633451885, 25.254680788602514, 0.0 ], [ 110.200330747163434, 25.254781230699351, 0.0 ], [ 110.200359096674163, 25.25487958959825, 0.0 ], [ 110.200346582201689, 25.254983869531657, 0.0 ], [ 110.200425216233327, 25.255056758467468, 0.0 ], [ 110.200531750330953, 25.25509756099418, 0.0 ], [ 110.200633592270862, 25.255146741277855, 0.0 ], [ 110.200737631302175, 25.255186545890325, 0.0 ], [ 110.200851547742104, 25.255182552561589, 0.0 ], [ 110.200959293444512, 25.255146686533386, 0.0 ], [ 110.201056115472895, 25.255089256456795, 0.0 ], [ 110.201127460600688, 25.255010303805843, 0.0 ], [ 110.201140679899822, 25.254907597755512, 0.0 ], [ 110.20114446114782, 25.254802530001928, 0.0 ], [ 110.201099354383004, 25.254710050339838, 0.0 ], [ 110.201035565475919, 25.254622381109233, 0.0 ], [ 110.20096292049179, 25.25454228038053, 0.0 ], [ 110.2008733836159, 25.254476147308218, 0.0 ], [ 110.200791801581985, 25.25440243407694, 0.0 ], [ 110.200681360180184, 25.254371392172839, 0.0 ] ] ] } },
{ "type": "Feature", "properties": { "OBJECTID": 182 }, "geometry": { "type": "Polygon", "coordinates": [ [ [ 110.203346874688322, 25.258008648847827, 0.0 ], [ 110.203222986391012, 25.257992973746894, 0.0 ], [ 110.203120797683269, 25.258055048438671, 0.0 ], [ 110.203022398202634, 25.258122778011739, 0.0 ], [ 110.202901618473206, 25.258141761593457, 0.0 ], [ 110.20280541799454, 25.258211182960551, 0.0 ], [ 110.202759470613344, 25.258315882391098, 0.0 ], [ 110.202742110705145, 25.258430621820835, 0.0 ], [ 110.202748337773031, 25.258545913923772, 0.0 ], [ 110.202778131520674, 25.25865859250613, 0.0 ], [ 110.202833417450222, 25.258746436341596, 0.0 ], [ 110.202960267881409, 25.258757967112359, 0.0 ], [ 110.203087118331709, 25.258769497846778, 0.0 ], [ 110.203213968803084, 25.258781028528354, 0.0 ], [ 110.203340819305311, 25.258792559067558, 0.0 ], [ 110.20346158203057, 25.258785342349302, 0.0 ], [ 110.203555022139682, 25.25870675041655, 0.0 ], [ 110.203650029732273, 25.2586315655848, 0.0 ], [ 110.203743363593702, 25.258552643198851, 0.0 ], [ 110.20382162752162, 25.25846181329052, 0.0 ], [ 110.203818410343416, 25.258347639015899, 0.0 ], [ 110.203780062316866, 25.258237370620847, 0.0 ], [ 110.203672446356506, 25.258176835383757, 0.0 ], [ 110.203582515504181, 25.258095267931825, 0.0 ], [ 110.203467223249206, 25.258045837588163, 0.0 ], [ 110.203346874688322, 25.258008648847827, 0.0 ] ] ] } },
{ "type": "Feature", "properties": { "OBJECTID": 183 }, "geometry": { "type": "Polygon", "coordinates": [ [ [ 110.191323064696462, 25.231778376601145, 0.0 ], [ 110.191148638810517, 25.231815444918549, 0.0 ], [ 110.190955199132787, 25.231909866223674, 0.0 ], [ 110.190761759161617, 25.232004287266943, 0.0 ], [ 110.190568318897007, 25.23209870804833, 0.0 ], [ 110.190374878339014, 25.232193128567854, 0.0 ], [ 110.19018143748751, 25.232287548825489, 0.0 ], [ 110.189987996342552, 25.232381968821247, 0.0 ], [ 110.189794554904225, 25.232476388555114, 0.0 ], [ 110.189815865542897, 25.232607736579276, 0.0 ], [ 110.189958061431142, 25.232759871686198, 0.0 ], [ 110.190100257671773, 25.232912006661948, 0.0 ], [ 110.190242454264734, 25.233064141506521, 0.0 ], [ 110.190384651210252, 25.233216276219906, 0.0 ], [ 110.190526848508028, 25.233368410802107, 0.0 ], [ 110.190669046158291, 25.233520545253125, 0.0 ], [ 110.190916540959677, 25.233327434901152, 0.0 ], [ 110.191003056896093, 25.23314463887229, 0.0 ], [ 110.191057945337676, 25.232951320617321, 0.0 ], [ 110.191116075001304, 25.232758869361543, 0.0 ], [ 110.191158830504278, 25.232563009917264, 0.0 ], [ 110.191200912172548, 25.232367031789014, 0.0 ], [ 110.191241629908262, 25.232170813427778, 0.0 ], [ 110.191282347341129, 25.231974595018933, 0.0 ], [ 110.191323064696462, 25.231778376601145, 0.0 ] ] ] } },
{ "type": "Feature", "properties": { "OBJECTID": 184 }, "geometry": { "type": "Polygon", "coordinates": [ [ [ 110.20494002789745, 25.23553803681353, 0.0 ], [ 110.204899939748316, 25.235150996415097, 0.0 ], [ 110.204953367214628, 25.234766274566386, 0.0 ], [ 110.205117410252441, 25.234408349794911, 0.0 ], [ 110.205377023943313, 25.2341003021827, 0.0 ], [ 110.205655639111512, 25.233805568393421, 0.0 ], [ 110.205711901606492, 25.23343203677457, 0.0 ], [ 110.205436825896996, 25.233150004973922, 0.0 ], [ 110.205015040318301, 25.233113276208066, 0.0 ], [ 110.204172221304674, 25.233021738576561, 0.0 ], [ 110.203789266615004, 25.232849399306211, 0.0 ], [ 110.203411991468968, 25.232666292435475, 0.0 ], [ 110.203001739591798, 25.23264744095863, 0.0 ], [ 110.202925810741931, 25.232889673002131, 0.0 ], [ 110.203123066787313, 25.233234774807229, 0.0 ], [ 110.203459306024527, 25.233438786553677, 0.0 ], [ 110.203795659995464, 25.233619413991633, 0.0 ], [ 110.203886062993533, 25.233988399959141, 0.0 ], [ 110.203738754119982, 25.234335688394122, 0.0 ], [ 110.203573548256898, 25.234668201369018, 0.0 ], [ 110.203678142194732, 25.235045342713423, 0.0 ], [ 110.203781949817383, 25.235422660235759, 0.0 ], [ 110.204137185711048, 25.235539317137061, 0.0 ], [ 110.204559660220042, 25.235599556733366, 0.0 ], [ 110.20494002789745, 25.23553803681353, 0.0 ] ] ] } },
{ "type": "Feature", "properties": { "OBJECTID": 185 }, "geometry": { "type": "Polygon", "coordinates": [ [ [ 110.204609018782222, 25.230671286989256, 0.0 ], [ 110.204432768464798, 25.230385202220855, 0.0 ], [ 110.203856651433554, 25.23039012991832, 0.0 ], [ 110.203546966192178, 25.230222665634475, 0.0 ], [ 110.203231929435049, 25.230063192185415, 0.0 ], [ 110.202916893513418, 25.229903718081296, 0.0 ], [ 110.202600506437079, 25.229863769536365, 0.0 ], [ 110.202287019179593, 25.230025742248035, 0.0 ], [ 110.201973889857399, 25.230188293800655, 0.0 ], [ 110.201755323346092, 25.230431721826221, 0.0 ], [ 110.201826142619765, 25.230752856064424, 0.0 ], [ 110.201941196075481, 25.231063423775552, 0.0 ], [ 110.202098006990596, 25.231358482535232, 0.0 ], [ 110.202294119024643, 25.231633408585381, 0.0 ], [ 110.202526459610525, 25.231883893589124, 0.0 ], [ 110.202791388059964, 25.232106012287637, 0.0 ], [ 110.203117617841997, 25.232220974512675, 0.0 ], [ 110.203462501330563, 25.23213619525178, 0.0 ], [ 110.203806258464908, 25.23203729819571, 0.0 ], [ 110.204150015064215, 25.231938400324946, 0.0 ], [ 110.204493771128469, 25.231839501639488, 0.0 ], [ 110.204691502239044, 25.231633732479665, 0.0 ], [ 110.20472254546381, 25.231307009066985, 0.0 ], [ 110.20472282636625, 25.230981348846825, 0.0 ], [ 110.204609018782222, 25.230671286989256, 0.0 ] ] ] } },
{ "type": "Feature", "properties": { "OBJECTID": 186 }, "geometry": { "type": "Polygon", "coordinates": [ [ [ 110.147157906302127, 25.265659892452241, 0.0 ], [ 110.147627180005102, 25.265200585490817, 0.0 ], [ 110.14809645016858, 25.264741276917125, 0.0 ], [ 110.148376220308009, 25.264225415257993, 0.0 ], [ 110.147889171767531, 25.263806643879089, 0.0 ], [ 110.147353146623303, 25.263412348841015, 0.0 ], [ 110.146821737548564, 25.26301299801947, 0.0 ], [ 110.146318190871099, 25.262584939187448, 0.0 ], [ 110.145847677756336, 25.262126856131253, 0.0 ], [ 110.145412356482197, 25.261640852881492, 0.0 ], [ 110.145014225892439, 25.26112915978981, 0.0 ], [ 110.144654963969501, 25.260594203209713, 0.0 ], [ 110.144504059424818, 25.260627017446019, 0.0 ], [ 110.14486125081666, 25.26116313368324, 0.0 ], [ 110.145256556464048, 25.261676620185174, 0.0 ], [ 110.145688033384658, 25.262165421974359, 0.0 ], [ 110.146154988424499, 25.262626489115071, 0.0 ], [ 110.146043475926689, 25.262754403037462, 0.0 ], [ 110.145631528694935, 25.263211415761855, 0.0 ], [ 110.145648601323273, 25.263824073495616, 0.0 ], [ 110.14578103163295, 25.264191896734101, 0.0 ], [ 110.146386257174328, 25.264343201609957, 0.0 ], [ 110.146886966925038, 25.264654461687538, 0.0 ], [ 110.147181795287395, 25.265068526998181, 0.0 ], [ 110.147108239431063, 25.265374921674063, 0.0 ], [ 110.147157906302127, 25.265659892452241, 0.0 ] ] ] } },
{ "type": "Feature", "properties": { "OBJECTID": 187 }, "geometry": { "type": "Polygon", "coordinates": [ [ [ 110.147016084350795, 25.266293856398317, 0.0 ], [ 110.1468789386103, 25.266330776482373, 0.0 ], [ 110.1467534399508, 25.266453855926009, 0.0 ], [ 110.146771880681626, 25.266620936686945, 0.0 ], [ 110.146827277585956, 25.266769987863753, 0.0 ], [ 110.146970924823592, 25.266875511531619, 0.0 ], [ 110.147115656021313, 25.266979803479028, 0.0 ], [ 110.147261459018978, 25.267082853782618, 0.0 ], [ 110.147408320836362, 25.267184653450823, 0.0 ], [ 110.147556227688668, 25.267285194479854, 0.0 ], [ 110.147705170013765, 25.267384463645232, 0.0 ], [ 110.14788068504788, 25.267392266572912, 0.0 ], [ 110.1480463094599, 25.26734006132725, 0.0 ], [ 110.148174178772322, 25.267218909455945, 0.0 ], [ 110.148302047830569, 25.267097757465276, 0.0 ], [ 110.148429916634626, 25.266976605355246, 0.0 ], [ 110.148476307914677, 25.266855802299723, 0.0 ], [ 110.14833837281418, 25.266744153719923, 0.0 ], [ 110.148200437966906, 25.266632505016123, 0.0 ], [ 110.148062019225222, 25.266521596963351, 0.0 ], [ 110.147885678377421, 25.266476049150771, 0.0 ], [ 110.147701378427641, 25.266465477762573, 0.0 ], [ 110.147517078517083, 25.266454906145054, 0.0 ], [ 110.147332778645676, 25.266444334298214, 0.0 ], [ 110.147156876751268, 25.266401606553782, 0.0 ], [ 110.147016084350795, 25.266293856398317, 0.0 ] ] ] } },
{ "type": "Feature", "properties": { "OBJECTID": 188 }, "geometry": { "type": "Polygon", "coordinates": [ [ [ 110.149646651018784, 25.267523361352129, 0.0 ], [ 110.149526146841112, 25.267368719189513, 0.0 ], [ 110.149359239115185, 25.267283578145996, 0.0 ], [ 110.149151671924869, 25.267295942332211, 0.0 ], [ 110.148953262287407, 25.267353433946706, 0.0 ], [ 110.148804036072121, 25.267329542470115, 0.0 ], [ 110.148713411744936, 25.267159973258661, 0.0 ], [ 110.148583691103966, 25.267143765326836, 0.0 ], [ 110.148439368203057, 25.267280507846753, 0.0 ], [ 110.14829504497834, 25.267417250214624, 0.0 ], [ 110.148255126656778, 25.267587952790908, 0.0 ], [ 110.148297001637133, 25.267763540372556, 0.0 ], [ 110.148467998992331, 25.267871910786067, 0.0 ], [ 110.148638996634588, 25.267980281033722, 0.0 ], [ 110.148809994583758, 25.268088651089595, 0.0 ], [ 110.148980992839839, 25.268197020953675, 0.0 ], [ 110.149151991402846, 25.268305390625962, 0.0 ], [ 110.149322990272765, 25.268413760106455, 0.0 ], [ 110.149514828045497, 25.26845167311437, 0.0 ], [ 110.149705396782011, 25.268401854881752, 0.0 ], [ 110.149854283146155, 25.268269218137291, 0.0 ], [ 110.150003169186988, 25.268136581231868, 0.0 ], [ 110.149958410428582, 25.268002141056588, 0.0 ], [ 110.14986579025404, 25.267838216008681, 0.0 ], [ 110.149778674236529, 25.26767001311606, 0.0 ], [ 110.149646651018784, 25.267523361352129, 0.0 ] ] ] } },
{ "type": "Feature", "properties": { "OBJECTID": 189 }, "geometry": { "type": "Polygon", "coordinates": [ [ [ 110.154888013998374, 25.270244443366369, 0.0 ], [ 110.154087004030018, 25.269953560838847, 0.0 ], [ 110.153806100629254, 25.269229315965621, 0.0 ], [ 110.153297983796648, 25.268575733351067, 0.0 ], [ 110.152695752555275, 25.267957367750107, 0.0 ], [ 110.152885602155621, 25.267657442837955, 0.0 ], [ 110.153643525924394, 25.268214897575891, 0.0 ], [ 110.154401456659954, 25.268772348559093, 0.0 ], [ 110.155159394362357, 25.269329795787247, 0.0 ], [ 110.155184948967729, 25.269172906501229, 0.0 ], [ 110.154427012037431, 25.268615459481232, 0.0 ], [ 110.153669082073876, 25.268058008706223, 0.0 ], [ 110.152911159077036, 25.26750055417649, 0.0 ], [ 110.152140103720328, 25.266978939026313, 0.0 ], [ 110.151363748504721, 25.267429933132085, 0.0 ], [ 110.151713291566693, 25.268110269856518, 0.0 ], [ 110.151674299352806, 25.268932527843418, 0.0 ], [ 110.151216315052224, 25.269173528080007, 0.0 ], [ 110.150416552114592, 25.268666698181526, 0.0 ], [ 110.150230096068299, 25.268988625998549, 0.0 ], [ 110.151029860406553, 25.269495456739019, 0.0 ], [ 110.151829631507866, 25.270002283219174, 0.0 ], [ 110.152629409452118, 25.27050910533422, 0.0 ], [ 110.153429193706103, 25.271015923779974, 0.0 ], [ 110.154224528776538, 25.270893876002919, 0.0 ], [ 110.154888013998374, 25.270244443366369, 0.0 ] ] ] } },
{ "type": "Feature", "properties": { "OBJECTID": 190 }, "geometry": { "type": "Polygon", "coordinates": [ [ [ 110.152449114342176, 25.270834938207951, 0.0 ], [ 110.152163731296525, 25.270654091148529, 0.0 ], [ 110.151926191311986, 25.270867757899474, 0.0 ], [ 110.15188337956512, 25.271181648934, 0.0 ], [ 110.151865307803192, 25.271496887854155, 0.0 ], [ 110.151866592327593, 25.27181318136568, 0.0 ], [ 110.151749104216833, 25.272101002238109, 0.0 ], [ 110.151513577127034, 25.272315566258342, 0.0 ], [ 110.151207440299643, 25.272465171166591, 0.0 ], [ 110.150935330890718, 25.272661509086966, 0.0 ], [ 110.150742667043332, 25.27286874358995, 0.0 ], [ 110.150977831576867, 25.273101811567336, 0.0 ], [ 110.151212996672854, 25.273334879464453, 0.0 ], [ 110.151498567908163, 25.273464140145741, 0.0 ], [ 110.151767167671949, 25.273299106326576, 0.0 ], [ 110.1520039264567, 25.27306737621867, 0.0 ], [ 110.152240684340185, 25.272835645700404, 0.0 ], [ 110.152477441322361, 25.2726039147718, 0.0 ], [ 110.152714197403412, 25.272372183432864, 0.0 ], [ 110.152950952583097, 25.272140451683601, 0.0 ], [ 110.15318770686163, 25.271908719524035, 0.0 ], [ 110.153393498507384, 25.271668094823575, 0.0 ], [ 110.153305267740407, 25.271377477312075, 0.0 ], [ 110.1530198824195, 25.2711966314784, 0.0 ], [ 110.152734497953375, 25.271015785110354, 0.0 ], [ 110.152449114342176, 25.270834938207951, 0.0 ] ] ] } },
{ "type": "Feature", "properties": { "OBJECTID": 191 }, "geometry": { "type": "Polygon", "coordinates": [ [ [ 110.159590298136806, 25.27332681039891, 0.0 ], [ 110.15925424478705, 25.272940244670131, 0.0 ], [ 110.158861083026906, 25.272598629971984, 0.0 ], [ 110.15837480581169, 25.272378573953059, 0.0 ], [ 110.1578559014239, 25.27222759460399, 0.0 ], [ 110.157464212435272, 25.271889105650665, 0.0 ], [ 110.157064178282255, 25.27155482528244, 0.0 ], [ 110.156596016930806, 25.271302539284246, 0.0 ], [ 110.156140013886073, 25.271031091444144, 0.0 ], [ 110.155699138095756, 25.270740085422251, 0.0 ], [ 110.155232102801776, 25.270484729625945, 0.0 ], [ 110.154838695137514, 25.270690585629396, 0.0 ], [ 110.154467744387034, 25.271053680235664, 0.0 ], [ 110.154472225106048, 25.271347429536526, 0.0 ], [ 110.155004387134397, 25.271454028849874, 0.0 ], [ 110.155514750171506, 25.271622596587598, 0.0 ], [ 110.156002052124279, 25.271844411724796, 0.0 ], [ 110.156486871790335, 25.27207044379028, 0.0 ], [ 110.156896488354846, 25.272394036733072, 0.0 ], [ 110.15727821728089, 25.272747501535342, 0.0 ], [ 110.15776485552442, 25.272954280785722, 0.0 ], [ 110.158277485320284, 25.273121650964598, 0.0 ], [ 110.158683561769195, 25.273445704782205, 0.0 ], [ 110.159035856620733, 25.273822809525182, 0.0 ], [ 110.159369315947245, 25.27377983981437, 0.0 ], [ 110.159590298136806, 25.27332681039891, 0.0 ] ] ] } },
{ "type": "Feature", "properties": { "OBJECTID": 192 }, "geometry": { "type": "Polygon", "coordinates": [ [ [ 110.154077186234176, 25.275467122654835, 0.0 ], [ 110.154501107403902, 25.275421409728143, 0.0 ], [ 110.154735122010379, 25.27519101754552, 0.0 ], [ 110.154999628439541, 25.275054303605732, 0.0 ], [ 110.155165568735711, 25.274680317451228, 0.0 ], [ 110.155498285142272, 25.274498259982302, 0.0 ], [ 110.155541172260769, 25.274150270702325, 0.0 ], [ 110.155272268941474, 25.274042040218625, 0.0 ], [ 110.154972509130118, 25.273891975534021, 0.0 ], [ 110.154662850483291, 25.274155851858822, 0.0 ], [ 110.15445213656588, 25.274309620043162, 0.0 ], [ 110.15418036146923, 25.274143230264215, 0.0 ], [ 110.154035981848509, 25.274416756726289, 0.0 ], [ 110.153907005129469, 25.274173641638829, 0.0 ], [ 110.154134449122097, 25.273883627656772, 0.0 ], [ 110.153758796480716, 25.273666463939147, 0.0 ], [ 110.153432053955697, 25.273426315377208, 0.0 ], [ 110.153023717730989, 25.273262349853876, 0.0 ], [ 110.152579416289171, 25.273270161918862, 0.0 ], [ 110.152637683666981, 25.273629490692528, 0.0 ], [ 110.152901126243066, 25.273954424326512, 0.0 ], [ 110.153168609732873, 25.274283682382702, 0.0 ], [ 110.153284211484205, 25.274672942819869, 0.0 ], [ 110.153325966300542, 25.27507373916151, 0.0 ], [ 110.15365223522096, 25.275322847188363, 0.0 ], [ 110.154077186234176, 25.275467122654835, 0.0 ] ] ] } },
{ "type": "Feature", "properties": { "OBJECTID": 193 }, "geometry": { "type": "Polygon", "coordinates": [ [ [ 110.164383524974014, 25.276173657568858, 0.0 ], [ 110.16459312128913, 25.275759680557041, 0.0 ], [ 110.164388237547584, 25.275573951143095, 0.0 ], [ 110.163891315858805, 25.275515113720566, 0.0 ], [ 110.163405715512113, 25.275404274682653, 0.0 ], [ 110.162935952317142, 25.275246714416813, 0.0 ], [ 110.162500897495903, 25.275021986229536, 0.0 ], [ 110.162089434770579, 25.274761786248948, 0.0 ], [ 110.161667967994433, 25.274515134172137, 0.0 ], [ 110.161252971010853, 25.274259669811087, 0.0 ], [ 110.160835549124641, 25.274007651524609, 0.0 ], [ 110.160363897143213, 25.273879845021543, 0.0 ], [ 110.160045049552849, 25.273637794327925, 0.0 ], [ 110.159760512009157, 25.273645754768637, 0.0 ], [ 110.159557300455802, 25.274062353433074, 0.0 ], [ 110.159912902413126, 25.274302572656321, 0.0 ], [ 110.160370429972915, 25.274476586382065, 0.0 ], [ 110.160794585500398, 25.274704929866676, 0.0 ], [ 110.161210395406016, 25.274958805027055, 0.0 ], [ 110.161621443614251, 25.275219493229056, 0.0 ], [ 110.162034696413954, 25.275476897352732, 0.0 ], [ 110.162460930448418, 25.275715814469734, 0.0 ], [ 110.162927822469314, 25.2758797344157, 0.0 ], [ 110.16339663938497, 25.276039524300565, 0.0 ], [ 110.163883451137366, 25.276143022203907, 0.0 ], [ 110.164383524974014, 25.276173657568858, 0.0 ] ] ] } },
{ "type": "Feature", "properties": { "OBJECTID": 194 }, "geometry": { "type": "Polygon", "coordinates": [ [ [ 110.171666345667106, 25.276335690225178, 0.0 ], [ 110.171594031098834, 25.275723792865595, 0.0 ], [ 110.170930680162684, 25.275630779950308, 0.0 ], [ 110.170227342889362, 25.275625957984776, 0.0 ], [ 110.169524005774406, 25.275621132668199, 0.0 ], [ 110.168820668818057, 25.275616304000575, 0.0 ], [ 110.168117332020401, 25.275611471981904, 0.0 ], [ 110.167413995381466, 25.275606636612199, 0.0 ], [ 110.16671066406073, 25.275601417455935, 0.0 ], [ 110.166012255587916, 25.275532664155524, 0.0 ], [ 110.165345203833198, 25.275486724765802, 0.0 ], [ 110.165004714828626, 25.276026009720557, 0.0 ], [ 110.165530811637154, 25.276145605997293, 0.0 ], [ 110.166230102002316, 25.276205138092681, 0.0 ], [ 110.166932093742773, 25.276237251712175, 0.0 ], [ 110.167635433944127, 25.276242087408761, 0.0 ], [ 110.16833877430436, 25.276246919754204, 0.0 ], [ 110.169040959685347, 25.276272905787234, 0.0 ], [ 110.169720358279278, 25.276432597578278, 0.0 ], [ 110.17038007241743, 25.276654377765329, 0.0 ], [ 110.17072510618533, 25.277190016933346, 0.0 ], [ 110.170969820318092, 25.277789588354157, 0.0 ], [ 110.171240132989809, 25.278181677236745, 0.0 ], [ 110.171533722476411, 25.277602338087743, 0.0 ], [ 110.171661507048981, 25.276975128589552, 0.0 ], [ 110.171666345667106, 25.276335690225178, 0.0 ] ] ] } },
{ "type": "Feature", "properties": { "OBJECTID": 195 }, "geometry": { "type": "Polygon", "coordinates": [ [ [ 110.168696469245305, 25.280636135109248, 0.0 ], [ 110.168536417030566, 25.280633178261592, 0.0 ], [ 110.168373231328943, 25.280647963274326, 0.0 ], [ 110.168272263470655, 25.280767098299794, 0.0 ], [ 110.168178151688792, 25.280890792919585, 0.0 ], [ 110.168090920217338, 25.281018588852806, 0.0 ], [ 110.168010787887113, 25.281150171496503, 0.0 ], [ 110.16793788306542, 25.281285185392864, 0.0 ], [ 110.16786776394791, 25.281421429204023, 0.0 ], [ 110.167889041742697, 25.281568233209953, 0.0 ], [ 110.167949275642101, 25.281701415080562, 0.0 ], [ 110.168068804725934, 25.281805416522825, 0.0 ], [ 110.168188334274234, 25.281909417624721, 0.0 ], [ 110.168305665218043, 25.282003777255216, 0.0 ], [ 110.168369974705243, 25.281865184861498, 0.0 ], [ 110.16844478082696, 25.281731035638355, 0.0 ], [ 110.168520848008527, 25.281597455664777, 0.0 ], [ 110.16859691515775, 25.28146387571017, 0.0 ], [ 110.168678159845314, 25.281332931751596, 0.0 ], [ 110.16877368237212, 25.281210382008823, 0.0 ], [ 110.16888406065047, 25.281098615727107, 0.0 ], [ 110.169001210540131, 25.280992530368248, 0.0 ], [ 110.16910258483513, 25.280895255289412, 0.0 ], [ 110.16896419128625, 25.280812841505675, 0.0 ], [ 110.168828773215353, 25.280726438374924, 0.0 ], [ 110.168696469245305, 25.280636135109248, 0.0 ] ] ] } },
{ "type": "Feature", "properties": { "OBJECTID": 196 }, "geometry": { "type": "Polygon", "coordinates": [ [ [ 110.159946530035441, 25.275549369910244, 0.0 ], [ 110.159818153541167, 25.275480179202393, 0.0 ], [ 110.1596897771947, 25.275410988385957, 0.0 ], [ 110.159568526311944, 25.275391808269831, 0.0 ], [ 110.159479186020491, 25.275498090599513, 0.0 ], [ 110.1594174414235, 25.275621624028624, 0.0 ], [ 110.159364567602708, 25.275747380555263, 0.0 ], [ 110.159347981116341, 25.275882231924481, 0.0 ], [ 110.159331028359972, 25.276017045634976, 0.0 ], [ 110.159351755917243, 25.276150621343213, 0.0 ], [ 110.159401807466665, 25.276275933317461, 0.0 ], [ 110.159497243274743, 25.276378564723036, 0.0 ], [ 110.159639003924724, 25.276404894406102, 0.0 ], [ 110.159785339727293, 25.276382424052709, 0.0 ], [ 110.159919169947969, 25.276324050792542, 0.0 ], [ 110.160061544054443, 25.276283992850495, 0.0 ], [ 110.160192824212217, 25.2762224976731, 0.0 ], [ 110.160301985529685, 25.276130097159736, 0.0 ], [ 110.160418616821062, 25.276045441842495, 0.0 ], [ 110.160533370966661, 25.275958712608272, 0.0 ], [ 110.160601953877844, 25.2758386402128, 0.0 ], [ 110.160490634567111, 25.27576631198723, 0.0 ], [ 110.160360486527082, 25.275699913384067, 0.0 ], [ 110.160228763540175, 25.275636768291317, 0.0 ], [ 110.160087009021495, 25.275594345167992, 0.0 ], [ 110.159946530035441, 25.275549369910244, 0.0 ] ] ] } },
{ "type": "Feature", "properties": { "OBJECTID": 197 }, "geometry": { "type": "Polygon", "coordinates": [ [ [ 110.161187033331998, 25.27690798210693, 0.0 ], [ 110.161270964938169, 25.276836115894341, 0.0 ], [ 110.161327492633092, 25.276726191321284, 0.0 ], [ 110.161384020223807, 25.276616266722325, 0.0 ], [ 110.161440547710257, 25.276506342097491, 0.0 ], [ 110.161451959892588, 25.276393566983135, 0.0 ], [ 110.161410487237163, 25.276333582308201, 0.0 ], [ 110.161100501981323, 25.276361634943477, 0.0 ], [ 110.160969814413988, 25.276375817517181, 0.0 ], [ 110.160843615900177, 25.276413688300373, 0.0 ], [ 110.160725274867531, 25.276468533399843, 0.0 ], [ 110.160625791751343, 25.276548488960092, 0.0 ], [ 110.160518700452371, 25.276619937201996, 0.0 ], [ 110.160450697019726, 25.276721405112735, 0.0 ], [ 110.160421217774243, 25.276839186925734, 0.0 ], [ 110.160456359373242, 25.276949835614722, 0.0 ], [ 110.160568374372431, 25.27701452636563, 0.0 ], [ 110.160692605657488, 25.27705773623325, 0.0 ], [ 110.160823660144857, 25.277052415238629, 0.0 ], [ 110.160951148555625, 25.277021205495743, 0.0 ], [ 110.161071252339809, 25.276968292153711, 0.0 ], [ 110.161187033331998, 25.27690798210693, 0.0 ] ] ] } },
{ "type": "Feature", "properties": { "OBJECTID": 198 }, "geometry": { "type": "Polygon", "coordinates": [ [ [ 110.155617376630715, 25.277906360582271, 0.0 ], [ 110.1555990104454, 25.277435789795028, 0.0 ], [ 110.156146477428251, 25.27682738206278, 0.0 ], [ 110.155059405255088, 25.276273333317388, 0.0 ], [ 110.15386860166754, 25.276391528205686, 0.0 ], [ 110.153121830128953, 25.276399741604823, 0.0 ], [ 110.152047091744819, 25.2756993436908, 0.0 ], [ 110.150995348296945, 25.274970665631667, 0.0 ], [ 110.150889640655009, 25.274157982644915, 0.0 ], [ 110.150615572574466, 25.273697649425582, 0.0 ], [ 110.149848166840229, 25.273983745105664, 0.0 ], [ 110.148857773949786, 25.273344931629484, 0.0 ], [ 110.147883144481625, 25.272532449871029, 0.0 ], [ 110.148455429808735, 25.271702119797997, 0.0 ], [ 110.147272809991989, 25.271213002227753, 0.0 ], [ 110.147061935912291, 25.272063291533449, 0.0 ], [ 110.14801756663104, 25.272894219349602, 0.0 ], [ 110.148999407789816, 25.273699493799302, 0.0 ], [ 110.150006627737213, 25.27447843113087, 0.0 ], [ 110.151038372416011, 25.275230370694793, 0.0 ], [ 110.152093766564661, 25.27595467520754, 0.0 ], [ 110.153171915598236, 25.276650729946105, 0.0 ], [ 110.154265044392787, 25.277327275583247, 0.0 ], [ 110.155359504285229, 25.278002045418237, 0.0 ], [ 110.155617376630715, 25.277906360582271, 0.0 ] ] ] } },
{ "type": "Feature", "properties": { "OBJECTID": 199 }, "geometry": { "type": "Polygon", "coordinates": [ [ [ 110.160727872672638, 25.279528985790318, 0.0 ], [ 110.161194594399845, 25.279161173297137, 0.0 ], [ 110.161459657130038, 25.278492687740062, 0.0 ], [ 110.161891626767655, 25.277844576787523, 0.0 ], [ 110.161119438924672, 25.277532875556371, 0.0 ], [ 110.160323755994185, 25.277262006983914, 0.0 ], [ 110.159513156197093, 25.277030579034257, 0.0 ], [ 110.159450361452997, 25.277591241626922, 0.0 ], [ 110.159707231610909, 25.278047766424773, 0.0 ], [ 110.159335778085079, 25.278332360679507, 0.0 ], [ 110.159648647409668, 25.279049874199927, 0.0 ], [ 110.159811414283254, 25.279463275824106, 0.0 ], [ 110.158983929713457, 25.279287659039895, 0.0 ], [ 110.158164291040421, 25.279084237811706, 0.0 ], [ 110.157364411319278, 25.278824391052389, 0.0 ], [ 110.157198447167346, 25.278956399306033, 0.0 ], [ 110.1579947397761, 25.279225150867674, 0.0 ], [ 110.158812448573471, 25.279434831364458, 0.0 ], [ 110.15963930602814, 25.279612844512446, 0.0 ], [ 110.160467750121953, 25.279784735658566, 0.0 ], [ 110.161289626605111, 25.279980464332851, 0.0 ], [ 110.162088301668049, 25.28022176893376, 0.0 ], [ 110.162170500480315, 25.280016656588362, 0.0 ], [ 110.160951797265128, 25.279707070123088, 0.0 ], [ 110.160727872672638, 25.279528985790318, 0.0 ] ] ] } },
{ "type": "Feature", "properties": { "OBJECTID": 200 }, "geometry": { "type": "Polygon", "coordinates": [ [ [ 110.134688694596704, 25.250504212881633, 0.0 ], [ 110.134849342227412, 25.250351765744387, 0.0 ], [ 110.135009989456577, 25.250199318418623, 0.0 ], [ 110.135170636284172, 25.250046870904377, 0.0 ], [ 110.135331282710325, 25.249894423201638, 0.0 ], [ 110.135322650343554, 25.249817158149934, 0.0 ], [ 110.135122794777388, 25.249896588923104, 0.0 ], [ 110.134962148083062, 25.250049036381263, 0.0 ], [ 110.134801500987109, 25.250201483650919, 0.0 ], [ 110.134640853489685, 25.250353930732075, 0.0 ], [ 110.134480205590705, 25.250506377624731, 0.0 ], [ 110.134319557290098, 25.250658824328877, 0.0 ], [ 110.134158908587992, 25.250811270844505, 0.0 ], [ 110.133998259484343, 25.250963717171619, 0.0 ], [ 110.133837609979125, 25.251116163310215, 0.0 ], [ 110.133676960072265, 25.251268609260293, 0.0 ], [ 110.133516309762584, 25.251421055020639, 0.0 ], [ 110.133460738284683, 25.251622724245944, 0.0 ], [ 110.133564149905624, 25.251571337535918, 0.0 ], [ 110.133724800351928, 25.251418891722302, 0.0 ], [ 110.133885450396662, 25.251266445720155, 0.0 ], [ 110.13404610003974, 25.251113999529483, 0.0 ], [ 110.134206749281319, 25.25096155315029, 0.0 ], [ 110.134367398121341, 25.250809106582583, 0.0 ], [ 110.134528046559794, 25.250656659826358, 0.0 ], [ 110.134688694596704, 25.250504212881633, 0.0 ] ] ] } },
{ "type": "Feature", "properties": { "OBJECTID": 201 }, "geometry": { "type": "Polygon", "coordinates": [ [ [ 110.138215712470284, 25.252272254744081, 0.0 ], [ 110.138060353323013, 25.252241212858841, 0.0 ], [ 110.138032266734029, 25.252296146574462, 0.0 ], [ 110.138152003596957, 25.252406199973677, 0.0 ], [ 110.138271740675691, 25.252516253279857, 0.0 ], [ 110.138391477970046, 25.252626306493021, 0.0 ], [ 110.138511215480293, 25.252736359613149, 0.0 ], [ 110.138630953206146, 25.252846412640245, 0.0 ], [ 110.138750691147891, 25.252956465574307, 0.0 ], [ 110.138870429305314, 25.253066518415331, 0.0 ], [ 110.138990167678514, 25.253176571163323, 0.0 ], [ 110.139109906267464, 25.253286623818276, 0.0 ], [ 110.139229645072177, 25.253396676380188, 0.0 ], [ 110.13934938409264, 25.253506728849061, 0.0 ], [ 110.1394299727949, 25.253515824679258, 0.0 ], [ 110.139413091886922, 25.253372783458229, 0.0 ], [ 110.13929335303574, 25.253262730950304, 0.0 ], [ 110.139173614332066, 25.253152678410647, 0.0 ], [ 110.139053875844212, 25.253042625777951, 0.0 ], [ 110.138934137572136, 25.25293257305221, 0.0 ], [ 110.138814399515738, 25.25282252023344, 0.0 ], [ 110.138694661675146, 25.252712467321636, 0.0 ], [ 110.138574924050332, 25.252602414316797, 0.0 ], [ 110.138455186641181, 25.25249236121892, 0.0 ], [ 110.138335449447865, 25.252382308028018, 0.0 ], [ 110.138215712470284, 25.252272254744081, 0.0 ] ] ] } },
{ "type": "Feature", "properties": { "OBJECTID": 202 }, "geometry": { "type": "Polygon", "coordinates": [ [ [ 110.139949031693561, 25.253865364227398, 0.0 ], [ 110.139806495828509, 25.253863104428714, 0.0 ], [ 110.139786525406748, 25.253908504808251, 0.0 ], [ 110.139886793821944, 25.254000660663884, 0.0 ], [ 110.139987062388457, 25.254092816454261, 0.0 ], [ 110.140087302885959, 25.254184997524067, 0.0 ], [ 110.140186517110109, 25.254278090727496, 0.0 ], [ 110.140284189053688, 25.254372523171941, 0.0 ], [ 110.140380296694786, 25.254468273859299, 0.0 ], [ 110.14047481854557, 25.254565321346252, 0.0 ], [ 110.14056773325359, 25.25466364406272, 0.0 ], [ 110.140659020376319, 25.254763219722637, 0.0 ], [ 110.140748659207418, 25.254864026251077, 0.0 ], [ 110.140836629871757, 25.254966040944502, 0.0 ], [ 110.140895991260962, 25.254946281867134, 0.0 ], [ 110.140905046798153, 25.254825820416123, 0.0 ], [ 110.140816288975344, 25.254724372592641, 0.0 ], [ 110.140725772293706, 25.254624216921062, 0.0 ], [ 110.140633643111968, 25.2545252847437, 0.0 ], [ 110.140539921913202, 25.254427597146368, 0.0 ], [ 110.140444628208584, 25.254331175978614, 0.0 ], [ 110.140347783689649, 25.254236041339535, 0.0 ], [ 110.140249408373819, 25.254142214708278, 0.0 ], [ 110.140149568604343, 25.254049675887305, 0.0 ], [ 110.14004929980527, 25.253957520331145, 0.0 ], [ 110.139949031693561, 25.253865364227398, 0.0 ] ] ] } },
{ "type": "Feature", "properties": { "OBJECTID": 203 }, "geometry": { "type": "Polygon", "coordinates": [ [ [ 110.133759616312688, 25.257308607084315, 0.0 ], [ 110.133489490362265, 25.257006708315124, 0.0 ], [ 110.133219365739606, 25.2567048090749, 0.0 ], [ 110.132949242444738, 25.256402909363661, 0.0 ], [ 110.132679120477619, 25.256101009181425, 0.0 ], [ 110.132408999838219, 25.255799108528212, 0.0 ], [ 110.132138723972602, 25.255498302339678, 0.0 ], [ 110.131868605121795, 25.255196401384229, 0.0 ], [ 110.131598487598623, 25.254894499957864, 0.0 ], [ 110.1313283714031, 25.254592598060601, 0.0 ], [ 110.131058256535084, 25.254290695692458, 0.0 ], [ 110.131104601692314, 25.253906725249429, 0.0 ], [ 110.131122191734846, 25.253692835121942, 0.0 ], [ 110.130826055745132, 25.253973830784791, 0.0 ], [ 110.130842930569798, 25.254334787807128, 0.0 ], [ 110.131113044085964, 25.254636691222327, 0.0 ], [ 110.131383158929822, 25.25493859416666, 0.0 ], [ 110.131653275101357, 25.255240496640113, 0.0 ], [ 110.131923392600399, 25.255542398642657, 0.0 ], [ 110.132193511427246, 25.255844300174278, 0.0 ], [ 110.132463631581658, 25.256146201234952, 0.0 ], [ 110.132733753063874, 25.256448101824663, 0.0 ], [ 110.133003875873825, 25.256750001943384, 0.0 ], [ 110.133274000011568, 25.257051901591105, 0.0 ], [ 110.133544125477101, 25.257353800767788, 0.0 ], [ 110.133759616312688, 25.257308607084315, 0.0 ] ] ] } },
{ "type": "Feature", "properties": { "OBJECTID": 204 }, "geometry": { "type": "Polygon", "coordinates": [ [ [ 110.134232016498899, 25.257587571769118, 0.0 ], [ 110.13411849297556, 25.257659340353175, 0.0 ], [ 110.134081309550822, 25.257780588540847, 0.0 ], [ 110.134058565447603, 25.257909764791886, 0.0 ], [ 110.1341354202346, 25.258014639747447, 0.0 ], [ 110.134226215681892, 25.25811611330677, 0.0 ], [ 110.13431701127918, 25.258217586812897, 0.0 ], [ 110.134407807026506, 25.258319060265769, 0.0 ], [ 110.134498602923841, 25.25842053366544, 0.0 ], [ 110.134589398971201, 25.25852200701188, 0.0 ], [ 110.134680195168585, 25.25862348030509, 0.0 ], [ 110.134770991515992, 25.25872495354507, 0.0 ], [ 110.134892170921844, 25.258774919271481, 0.0 ], [ 110.135035354170014, 25.258787582619725, 0.0 ], [ 110.135159801042946, 25.258742290316466, 0.0 ], [ 110.135079421463402, 25.258641858876537, 0.0 ], [ 110.134988624432893, 25.258540386175365, 0.0 ], [ 110.134897827552408, 25.258438913420967, 0.0 ], [ 110.134807030821861, 25.258337440613332, 0.0 ], [ 110.134716234241424, 25.258235967752487, 0.0 ], [ 110.134626431850208, 25.258133771021665, 0.0 ], [ 110.134540086757355, 25.258029141129825, 0.0 ], [ 110.134457393087231, 25.257922099829557, 0.0 ], [ 110.134378432434673, 25.257812752328107, 0.0 ], [ 110.134303282229894, 25.257701206400498, 0.0 ], [ 110.134232016498899, 25.257587571769118, 0.0 ] ] ] } },
{ "type": "Feature", "properties": { "OBJECTID": 205 }, "geometry": { "type": "Polygon", "coordinates": [ [ [ 110.136177539090241, 25.259869075826934, 0.0 ], [ 110.135976184914298, 25.259644052115796, 0.0 ], [ 110.135774831476198, 25.259419028142855, 0.0 ], [ 110.13557347877591, 25.259194003908117, 0.0 ], [ 110.135372126813365, 25.258968979411588, 0.0 ], [ 110.135217815551641, 25.259051179279304, 0.0 ], [ 110.135293682905768, 25.259309104204778, 0.0 ], [ 110.13549503468694, 25.259534129233963, 0.0 ], [ 110.135696387205925, 25.259759154001344, 0.0 ], [ 110.135897740462809, 25.259984178506947, 0.0 ], [ 110.136099094457478, 25.260209202750726, 0.0 ], [ 110.136300448712973, 25.260434227085707, 0.0 ], [ 110.136501804069212, 25.260659250890324, 0.0 ], [ 110.13670316019693, 25.260884274408298, 0.0 ], [ 110.136904517062433, 25.261109297664426, 0.0 ], [ 110.137105874665835, 25.261334320658705, 0.0 ], [ 110.137307233007149, 25.261559343391131, 0.0 ], [ 110.137585432110939, 25.261640791079511, 0.0 ], [ 110.137524336730124, 25.261477844554989, 0.0 ], [ 110.137322977378361, 25.261252822649716, 0.0 ], [ 110.137121618764411, 25.26102780048258, 0.0 ], [ 110.13692026088853, 25.260802778053602, 0.0 ], [ 110.13671890375042, 25.260577755362768, 0.0 ], [ 110.13651754735011, 25.260352732410105, 0.0 ], [ 110.136316869881341, 25.260127389873666, 0.0 ], [ 110.136177539090241, 25.259869075826934, 0.0 ] ] ] } },
{ "type": "Feature", "properties": { "OBJECTID": 206 }, "geometry": { "type": "Polygon", "coordinates": [ [ [ 110.138131696544946, 25.262194671057763, 0.0 ], [ 110.137967558871139, 25.262350564011381, 0.0 ], [ 110.139146729826891, 25.263614975588915, 0.0 ], [ 110.139823253391242, 25.264370965596068, 0.0 ], [ 110.140499785286025, 25.265126952646312, 0.0 ], [ 110.141176325511793, 25.26588293673932, 0.0 ], [ 110.141852874068874, 25.266638917874783, 0.0 ], [ 110.142529430957637, 25.267394896052373, 0.0 ], [ 110.143205996178509, 25.268150871271775, 0.0 ], [ 110.143883282959493, 25.268906313460541, 0.0 ], [ 110.144574842423523, 25.269650962875776, 0.0 ], [ 110.145285545146905, 25.270380560682714, 0.0 ], [ 110.146014993953784, 25.271094701315231, 0.0 ], [ 110.146658594325928, 25.270847933097667, 0.0 ], [ 110.145731007507791, 25.270362527377795, 0.0 ], [ 110.144902485270478, 25.269746104506652, 0.0 ], [ 110.144196043238125, 25.269014003795512, 0.0 ], [ 110.143519467170407, 25.268258032881928, 0.0 ], [ 110.142842899435266, 25.267502059009729, 0.0 ], [ 110.14216634003229, 25.266746082179225, 0.0 ], [ 110.14148978896111, 25.265990102390742, 0.0 ], [ 110.140837785962489, 25.265218630086022, 0.0 ], [ 110.140161251112588, 25.26446264476419, 0.0 ], [ 110.139484724593345, 25.263706656485326, 0.0 ], [ 110.138808206404278, 25.262950665249743, 0.0 ], [ 110.138131696544946, 25.262194671057763, 0.0 ] ] ] } },
{ "type": "Feature", "properties": { "OBJECTID": 207 }, "geometry": { "type": "Polygon", "coordinates": [ [ [ 110.145244285702006, 25.260349399710925, 0.0 ], [ 110.145100689825668, 25.260121302600119, 0.0 ], [ 110.144962587242219, 25.259919609414794, 0.0 ], [ 110.144961427492603, 25.260172608617459, 0.0 ], [ 110.145105022740594, 25.260400706076144, 0.0 ], [ 110.145251841391158, 25.260627089391498, 0.0 ], [ 110.145406010428076, 25.26084939512252, 0.0 ], [ 110.145567411256849, 25.261067415153864, 0.0 ], [ 110.145735899430164, 25.261280955358604, 0.0 ], [ 110.145911325007035, 25.261489825092568, 0.0 ], [ 110.146093531623137, 25.261693837998443, 0.0 ], [ 110.146282356866465, 25.261892812042817, 0.0 ], [ 110.146477631957353, 25.262086570064625, 0.0 ], [ 110.146679183474959, 25.262274938614791, 0.0 ], [ 110.14688984806476, 25.262450875390812, 0.0 ], [ 110.147035854785088, 25.262399025052151, 0.0 ], [ 110.146826900223516, 25.262217449610379, 0.0 ], [ 110.146624098641695, 25.262030194323053, 0.0 ], [ 110.146427635476257, 25.261837432499998, 0.0 ], [ 110.146237691817646, 25.261639341150516, 0.0 ], [ 110.146054442390835, 25.261436102520594, 0.0 ], [ 110.145878056088677, 25.261227903362798, 0.0 ], [ 110.145708694662247, 25.261014935584097, 0.0 ], [ 110.145546514363346, 25.260797394809906, 0.0 ], [ 110.145391663275731, 25.260575481820801, 0.0 ], [ 110.145244285702006, 25.260349399710925, 0.0 ] ] ] } },
{ "type": "Feature", "properties": { "OBJECTID": 208 }, "geometry": { "type": "Polygon", "coordinates": [ [ [ 110.147369610432477, 25.262667451690451, 0.0 ], [ 110.147368488156843, 25.262813622448622, 0.0 ], [ 110.147475048480715, 25.262921525146488, 0.0 ], [ 110.147606478017323, 25.263018204091281, 0.0 ], [ 110.147737907763386, 25.263114882923222, 0.0 ], [ 110.147869337718944, 25.263211561642308, 0.0 ], [ 110.148000767884042, 25.263308240248556, 0.0 ], [ 110.148132198258608, 25.263404918741941, 0.0 ], [ 110.148263628842599, 25.263501597122481, 0.0 ], [ 110.148395059636073, 25.263598275390148, 0.0 ], [ 110.148526490639085, 25.263694953544977, 0.0 ], [ 110.148657921851509, 25.26379163158693, 0.0 ], [ 110.148806868777783, 25.263841726816715, 0.0 ], [ 110.148945491996429, 25.263829014226808, 0.0 ], [ 110.148814060467927, 25.263732336480416, 0.0 ], [ 110.148682629148823, 25.263635658621169, 0.0 ], [ 110.1485511980392, 25.263538980649063, 0.0 ], [ 110.148419767139131, 25.263442302564101, 0.0 ], [ 110.148288336448545, 25.263345624366274, 0.0 ], [ 110.148156905967355, 25.263248946055601, 0.0 ], [ 110.148025475695647, 25.263152267632069, 0.0 ], [ 110.147894045633564, 25.263055589095686, 0.0 ], [ 110.147762615780806, 25.26295891044645, 0.0 ], [ 110.147631186137531, 25.26286223168437, 0.0 ], [ 110.147499781630231, 25.262765524843168, 0.0 ], [ 110.147369610432477, 25.262667451690451, 0.0 ] ] ] } },
{ "type": "Feature", "properties": { "OBJECTID": 209 }, "geometry": { "type": "Polygon", "coordinates": [ [ [ 110.150496756629025, 25.264970066384215, 0.0 ], [ 110.150396002255874, 25.264895956360601, 0.0 ], [ 110.150295248005733, 25.264821846270646, 0.0 ], [ 110.150194493878715, 25.264747736114359, 0.0 ], [ 110.150093739874876, 25.264673625891742, 0.0 ], [ 110.149992985994061, 25.264599515602782, 0.0 ], [ 110.149892232236354, 25.264525405247511, 0.0 ], [ 110.149791478601827, 25.264451294825896, 0.0 ], [ 110.149690725090309, 25.264377184337967, 0.0 ], [ 110.149589971701985, 25.264303073783701, 0.0 ], [ 110.149489218436685, 25.264228963163106, 0.0 ], [ 110.149388465294564, 25.264154852476189, 0.0 ], [ 110.149287712275395, 25.264080741722946, 0.0 ], [ 110.149298251343126, 25.264190769927787, 0.0 ], [ 110.149340825538829, 25.264293956789782, 0.0 ], [ 110.149441578773903, 25.264368067497983, 0.0 ], [ 110.149542332132242, 25.264442178139845, 0.0 ], [ 110.14964308561359, 25.264516288715377, 0.0 ], [ 110.14974383921799, 25.264590399224584, 0.0 ], [ 110.149844592945612, 25.264664509667469, 0.0 ], [ 110.14994534679623, 25.264738620044014, 0.0 ], [ 110.150046100770069, 25.264812730354237, 0.0 ], [ 110.150146854866946, 25.26488684059813, 0.0 ], [ 110.150247609097747, 25.264960950763523, 0.0 ], [ 110.150367543800598, 25.264979054721202, 0.0 ], [ 110.150496756629025, 25.264970066384215, 0.0 ] ] ] } },
{ "type": "Feature", "properties": { "OBJECTID": 210 }, "geometry": { "type": "Polygon", "coordinates": [ [ [ 110.148964918040434, 25.264597939234946, 0.0 ], [ 110.148841042665779, 25.264587531373319, 0.0 ], [ 110.148717482602095, 25.264591623222191, 0.0 ], [ 110.148817584925041, 25.264665255607923, 0.0 ], [ 110.148917687369689, 25.264738887928193, 0.0 ], [ 110.149017789935755, 25.264812520182986, 0.0 ], [ 110.149117892623266, 25.264886152372313, 0.0 ], [ 110.14921799543238, 25.264959784496167, 0.0 ], [ 110.149318098363025, 25.265033416554537, 0.0 ], [ 110.149418201415187, 25.265107048547442, 0.0 ], [ 110.149518304588852, 25.265180680474863, 0.0 ], [ 110.149618407884063, 25.265254312336818, 0.0 ], [ 110.149718511300733, 25.265327944133293, 0.0 ], [ 110.149818614839049, 25.265401575864299, 0.0 ], [ 110.149918718498753, 25.265475207529814, 0.0 ], [ 110.149912492869063, 25.265359017989461, 0.0 ], [ 110.149865844462639, 25.265260627207937, 0.0 ], [ 110.149765741040767, 25.265186995472842, 0.0 ], [ 110.149665637740412, 25.265113363672263, 0.0 ], [ 110.149565534561589, 25.265039731806208, 0.0 ], [ 110.149465431504211, 25.264966099874684, 0.0 ], [ 110.149365328568422, 25.264892467877679, 0.0 ], [ 110.149265225754164, 25.264818835815205, 0.0 ], [ 110.149165123061351, 25.264745203687259, 0.0 ], [ 110.149065020490127, 25.264671571493839, 0.0 ], [ 110.148964918040434, 25.264597939234946, 0.0 ] ] ] } },
{ "type": "Feature", "properties": { "OBJECTID": 211 }, "geometry": { "type": "Polygon", "coordinates": [ [ [ 110.220613323199743, 25.26042495759895, 0.0 ], [ 110.220885391596809, 25.260433950726082, 0.0 ], [ 110.221156296067448, 25.260458517060208, 0.0 ], [ 110.221424962709008, 25.260498544920591, 0.0 ], [ 110.221690757450389, 25.260552215220962, 0.0 ], [ 110.22194942808467, 25.260580914324937, 0.0 ], [ 110.222109152523558, 25.260465466366167, 0.0 ], [ 110.221846076671753, 25.260401593288584, 0.0 ], [ 110.221581338710919, 25.260343727730714, 0.0 ], [ 110.221313952001935, 25.26029710629086, 0.0 ], [ 110.221044006796632, 25.260264949376769, 0.0 ], [ 110.220772421412306, 25.260247640452349, 0.0 ], [ 110.220500182631241, 25.26024524189959, 0.0 ], [ 110.220228279629623, 25.260257765433625, 0.0 ], [ 110.219957700165907, 25.260285162198272, 0.0 ], [ 110.219689427471124, 25.260327334554777, 0.0 ], [ 110.219424435990646, 25.260384128032907, 0.0 ], [ 110.219163689013541, 25.260455338069342, 0.0 ], [ 110.218907906990026, 25.260540167522695, 0.0 ], [ 110.219017224607867, 25.260630947319065, 0.0 ], [ 110.219273295126257, 25.26061267103762, 0.0 ], [ 110.21953501902216, 25.260544500763334, 0.0 ], [ 110.219800946567531, 25.260491463688005, 0.0 ], [ 110.220070020870693, 25.26045377112472, 0.0 ], [ 110.220341172355802, 25.260431572918055, 0.0 ], [ 110.220613323199743, 25.26042495759895, 0.0 ] ] ] } },
{ "type": "Feature", "properties": { "OBJECTID": 212 }, "geometry": { "type": "Polygon", "coordinates": [ [ [ 110.218260632060563, 25.260988933968115, 0.0 ], [ 110.218301479951208, 25.260776192351219, 0.0 ], [ 110.217998471096678, 25.260892773984573, 0.0 ], [ 110.217690241338403, 25.260997339400387, 0.0 ], [ 110.217375673127307, 25.261084898652943, 0.0 ], [ 110.2170558334345, 25.261154907412621, 0.0 ], [ 110.216731918996032, 25.261207188719165, 0.0 ], [ 110.216405610228023, 25.26124545426384, 0.0 ], [ 110.216078569397098, 25.261278266772557, 0.0 ], [ 110.215751483414152, 25.261310709639453, 0.0 ], [ 110.215424397278127, 25.261343151777318, 0.0 ], [ 110.215097310989023, 25.261375593186127, 0.0 ], [ 110.214770224546768, 25.261408033865912, 0.0 ], [ 110.2144583125867, 25.261444894330754, 0.0 ], [ 110.21472127283522, 25.261594488928761, 0.0 ], [ 110.215048359788156, 25.261562048369676, 0.0 ], [ 110.215375446588084, 25.261529607081545, 0.0 ], [ 110.21570253323496, 25.261497165064359, 0.0 ], [ 110.216029619728744, 25.261464722318131, 0.0 ], [ 110.216356692869795, 25.261432169741589, 0.0 ], [ 110.216683278832392, 25.261395865476654, 0.0 ], [ 110.21700798045687, 25.261347738882382, 0.0 ], [ 110.217329097909428, 25.261282729879991, 0.0 ], [ 110.217645470447891, 25.261200709094418, 0.0 ], [ 110.217956011793589, 25.261101965232559, 0.0 ], [ 110.218260632060563, 25.260988933968115, 0.0 ] ] ] } },
{ "type": "Feature", "properties": { "OBJECTID": 213 }, "geometry": { "type": "Polygon", "coordinates": [ [ [ 110.200389222638819, 25.262030382938629, 0.0 ], [ 110.200387961528676, 25.261849853051721, 0.0 ], [ 110.199908797667362, 25.261849440450415, 0.0 ], [ 110.199429633855303, 25.261849026293838, 0.0 ], [ 110.198950470092527, 25.261848610581989, 0.0 ], [ 110.19847130637919, 25.261848193314879, 0.0 ], [ 110.197992142715165, 25.261847774492509, 0.0 ], [ 110.197512979100551, 25.26184735411486, 0.0 ], [ 110.19703381553542, 25.261846932181953, 0.0 ], [ 110.196554652019486, 25.261846509164879, 0.0 ], [ 110.19607549880422, 25.261848543834684, 0.0 ], [ 110.195596644782896, 25.261863276103419, 0.0 ], [ 110.195119428251061, 25.26190162270165, 0.0 ], [ 110.194675354891913, 25.261984393964699, 0.0 ], [ 110.195120801003782, 25.262083415209435, 0.0 ], [ 110.195597909365887, 25.262044038334711, 0.0 ], [ 110.196076753620076, 25.262029075896169, 0.0 ], [ 110.196555907459057, 25.262027039451407, 0.0 ], [ 110.1970350716838, 25.262027462428186, 0.0 ], [ 110.197514235957783, 25.262027884328411, 0.0 ], [ 110.197993400281149, 25.262028304673347, 0.0 ], [ 110.19847256465394, 25.262028723463015, 0.0 ], [ 110.198951729076114, 25.262029140697393, 0.0 ], [ 110.199430893547699, 25.2620295563765, 0.0 ], [ 110.199910058068539, 25.262029970500318, 0.0 ], [ 110.200389222638819, 25.262030382938629, 0.0 ] ] ] } },
{ "type": "Feature", "properties": { "OBJECTID": 214 }, "geometry": { "type": "Polygon", "coordinates": [ [ [ 110.200729896317014, 25.262843055410887, 0.0 ], [ 110.199992485911935, 25.262661892757936, 0.0 ], [ 110.199178509762675, 25.26266118857842, 0.0 ], [ 110.198364533755765, 25.262660479910728, 0.0 ], [ 110.197550557891375, 25.262659766754851, 0.0 ], [ 110.196736582169791, 25.262659049110805, 0.0 ], [ 110.195922653585811, 25.262663986713189, 0.0 ], [ 110.195111696366752, 25.262722325889701, 0.0 ], [ 110.194323888980861, 25.262902839877739, 0.0 ], [ 110.193599307566132, 25.263236656233406, 0.0 ], [ 110.192970012016815, 25.263704301636409, 0.0 ], [ 110.192420104623864, 25.264249655072295, 0.0 ], [ 110.191900744118442, 25.264819590493367, 0.0 ], [ 110.191893896268766, 25.265110912191645, 0.0 ], [ 110.19241186909953, 25.264539926329697, 0.0 ], [ 110.192947233558115, 25.263982556792616, 0.0 ], [ 110.193550906410422, 25.26348742498454, 0.0 ], [ 110.194256242790587, 25.263121478169758, 0.0 ], [ 110.195036343516691, 25.262916075666102, 0.0 ], [ 110.195846120308175, 25.262846783807444, 0.0 ], [ 110.196660010331627, 25.262839509619781, 0.0 ], [ 110.197473987243541, 25.262840227754431, 0.0 ], [ 110.198287964298288, 25.262840941400864, 0.0 ], [ 110.199101941495599, 25.262841650559093, 0.0 ], [ 110.199915918835188, 25.262842355229097, 0.0 ], [ 110.200729896317014, 25.262843055410887, 0.0 ] ] ] } },
{ "type": "Feature", "properties": { "OBJECTID": 215 }, "geometry": { "type": "Polygon", "coordinates": [ [ [ 110.19420352449346, 25.261730941414847, 0.0 ], [ 110.193810759730368, 25.261889475931362, 0.0 ], [ 110.193400078899899, 25.262168473804724, 0.0 ], [ 110.192992838524233, 25.26245160695532, 0.0 ], [ 110.192618577509023, 25.262769351165467, 0.0 ], [ 110.192271823461439, 25.26311268682635, 0.0 ], [ 110.191941773002213, 25.263469379201354, 0.0 ], [ 110.191611879811731, 25.263826192695749, 0.0 ], [ 110.191274682542371, 25.264177295688636, 0.0 ], [ 110.190936147013161, 25.264527352939442, 0.0 ], [ 110.190598439502097, 25.264878055534549, 0.0 ], [ 110.190217548143039, 25.265188048013396, 0.0 ], [ 110.189954175709985, 25.265497290225362, 0.0 ], [ 110.190312262909828, 25.265511843493499, 0.0 ], [ 110.190665709827513, 25.265174328708543, 0.0 ], [ 110.190999093248266, 25.264820236181354, 0.0 ], [ 110.191325501607764, 25.264460780859903, 0.0 ], [ 110.191651644505797, 25.264101126627398, 0.0 ], [ 110.191981222937599, 25.263744084720429, 0.0 ], [ 110.192325240308747, 25.263398549844727, 0.0 ], [ 110.192693994088401, 25.263074908243116, 0.0 ], [ 110.193094910800639, 25.262784771306059, 0.0 ], [ 110.193529980323248, 25.262538743681489, 0.0 ], [ 110.193994029617301, 25.262341302952045, 0.0 ], [ 110.194394313000942, 25.262113412221304, 0.0 ], [ 110.19420352449346, 25.261730941414847, 0.0 ] ] ] } },
{ "type": "Feature", "properties": { "OBJECTID": 216 }, "geometry": { "type": "Polygon", "coordinates": [ [ [ 110.191587677696475, 25.265446533328198, 0.0 ], [ 110.19143106152363, 25.265451756454929, 0.0 ], [ 110.191287496160015, 25.265488160530118, 0.0 ], [ 110.191182037396985, 25.265597179479606, 0.0 ], [ 110.191074748990559, 25.265704711467073, 0.0 ], [ 110.190965320009724, 25.265810444037101, 0.0 ], [ 110.190853462499362, 25.265914053041147, 0.0 ], [ 110.190738917073361, 25.26601520351484, 0.0 ], [ 110.190621453388232, 25.266113546508258, 0.0 ], [ 110.190500873271574, 25.266208718361707, 0.0 ], [ 110.190377015364206, 25.266300342111013, 0.0 ], [ 110.19024975616361, 25.266388025509713, 0.0 ], [ 110.190119054491788, 25.266471416032037, 0.0 ], [ 110.19020671664731, 25.266569294233562, 0.0 ], [ 110.190331747805786, 25.266556866310804, 0.0 ], [ 110.19045997665863, 25.2664703579871, 0.0 ], [ 110.190584919855254, 25.266379960289115, 0.0 ], [ 110.190706668359212, 25.266286026094765, 0.0 ], [ 110.190825350122381, 25.266188899730636, 0.0 ], [ 110.190941127790424, 25.266088915998921, 0.0 ], [ 110.191054194280511, 25.265986397894679, 0.0 ], [ 110.191164775434359, 25.265881661348406, 0.0 ], [ 110.191273123127118, 25.265775011369666, 0.0 ], [ 110.191379516984753, 25.265666746465083, 0.0 ], [ 110.191484259563936, 25.265557157718398, 0.0 ], [ 110.191587677696475, 25.265446533328198, 0.0 ] ] ] } },
{ "type": "Feature", "properties": { "OBJECTID": 217 }, "geometry": { "type": "Polygon", "coordinates": [ [ [ 110.206953774195767, 25.262035878928312, 0.0 ], [ 110.206873038925508, 25.261855283540012, 0.0 ], [ 110.206386674046627, 25.261854885951685, 0.0 ], [ 110.205900309217625, 25.261854487075468, 0.0 ], [ 110.205413944438845, 25.261854086596877, 0.0 ], [ 110.204927579710358, 25.261853684515913, 0.0 ], [ 110.204441215032219, 25.2618532808306, 0.0 ], [ 110.203954850404571, 25.2618528753978, 0.0 ], [ 110.203468485827415, 25.261852468362637, 0.0 ], [ 110.202982121300636, 25.261852059725111, 0.0 ], [ 110.202495756824362, 25.261851649485219, 0.0 ], [ 110.202009392398594, 25.261851237642965, 0.0 ], [ 110.201523028023431, 25.261850824198348, 0.0 ], [ 110.201603755289895, 25.262031422077595, 0.0 ], [ 110.202090120392725, 25.262031835287253, 0.0 ], [ 110.202576485546132, 25.262032246894542, 0.0 ], [ 110.203062850750058, 25.262032656899454, 0.0 ], [ 110.20354921600439, 25.262033065301985, 0.0 ], [ 110.20403558130927, 25.262033472102139, 0.0 ], [ 110.204521946664542, 25.262033877299924, 0.0 ], [ 110.205008312070163, 25.262034280895325, 0.0 ], [ 110.205494677526119, 25.262034682888356, 0.0 ], [ 110.205981043032352, 25.262035083279002, 0.0 ], [ 110.206467408588765, 25.262035482067272, 0.0 ], [ 110.206953774195767, 25.262035878928312, 0.0 ] ] ] } },
{ "type": "Feature", "properties": { "OBJECTID": 218 }, "geometry": { "type": "Polygon", "coordinates": [ [ [ 110.208664838507289, 25.262849626491388, 0.0 ], [ 110.210129639229336, 25.262817079143755, 0.0 ], [ 110.211590999749532, 25.262720214196566, 0.0 ], [ 110.213047959731242, 25.262577633545636, 0.0 ], [ 110.214504700402628, 25.262433167114676, 0.0 ], [ 110.215961438025843, 25.26228868611749, 0.0 ], [ 110.217411100642835, 25.262100473012044, 0.0 ], [ 110.218793141318642, 25.261664340766828, 0.0 ], [ 110.218573224486875, 25.261554549850825, 0.0 ], [ 110.217180768250472, 25.261960830030652, 0.0 ], [ 110.215727782058707, 25.262130260827949, 0.0 ], [ 110.214271046129738, 25.262274739626179, 0.0 ], [ 110.212814307165445, 25.262419203963209, 0.0 ], [ 110.211357018897971, 25.262558816331985, 0.0 ], [ 110.209894921634245, 25.262645949806604, 0.0 ], [ 110.208429892141012, 25.262668926410353, 0.0 ], [ 110.206964514579042, 25.262667739329739, 0.0 ], [ 110.205499137472415, 25.262666537703041, 0.0 ], [ 110.204033760822156, 25.262665321530246, 0.0 ], [ 110.201536008441906, 25.26266753733854, 0.0 ], [ 110.201337944049385, 25.262843575439547, 0.0 ], [ 110.202803322024366, 25.262844818199166, 0.0 ], [ 110.204268700458044, 25.262846046359019, 0.0 ], [ 110.205734079348815, 25.26284726008554, 0.0 ], [ 110.20719945869547, 25.262848459660596, 0.0 ], [ 110.208664838507289, 25.262849626491388, 0.0 ] ] ] } },
{ "type": "Feature", "properties": { "OBJECTID": 219 }, "geometry": { "type": "Polygon", "coordinates": [ [ [ 110.214210937425023, 25.261466043045001, 0.0 ], [ 110.213662322111603, 25.261517910421919, 0.0 ], [ 110.213110943852072, 25.261572590291198, 0.0 ], [ 110.212559565157747, 25.261627268088738, 0.0 ], [ 110.212008186028726, 25.261681943814509, 0.0 ], [ 110.211456561915185, 25.261734494846962, 0.0 ], [ 110.210903993569872, 25.261778043616889, 0.0 ], [ 110.210350615850814, 25.261812049543561, 0.0 ], [ 110.20979662806073, 25.26183650007728, 0.0 ], [ 110.209242229757535, 25.261851386357272, 0.0 ], [ 110.208687620647481, 25.261856702817578, 0.0 ], [ 110.208132972658106, 25.261856305792531, 0.0 ], [ 110.207578324746663, 25.261855857113247, 0.0 ], [ 110.207671990352097, 25.262036462553151, 0.0 ], [ 110.208226639094761, 25.262036910916702, 0.0 ], [ 110.20878128758828, 25.262037007853987, 0.0 ], [ 110.209335876760321, 25.26203012178399, 0.0 ], [ 110.209890224675945, 25.262013731040291, 0.0 ], [ 110.210444134336001, 25.261987841756721, 0.0 ], [ 110.210997408869247, 25.261952462812388, 0.0 ], [ 110.21154985172322, 25.261907607585663, 0.0 ], [ 110.212101390884428, 25.26185430120395, 0.0 ], [ 110.212652770773687, 25.261799625241391, 0.0 ], [ 110.213204150221884, 25.2617449471539, 0.0 ], [ 110.214102999950583, 25.261683090006645, 0.0 ], [ 110.214210937425023, 25.261466043045001, 0.0 ] ] ] } },
{ "type": "Feature", "properties": { "OBJECTID": 220 }, "geometry": { "type": "Polygon", "coordinates": [ [ [ 110.156046545139503, 25.269051977122285, 0.0 ], [ 110.155813020614872, 25.268880227659672, 0.0 ], [ 110.155579496751486, 25.26870847784058, 0.0 ], [ 110.155345973549601, 25.268536727665005, 0.0 ], [ 110.155112451008904, 25.268364977132943, 0.0 ], [ 110.154878929129595, 25.268193226244428, 0.0 ], [ 110.154645407911545, 25.268021474999447, 0.0 ], [ 110.154411887354883, 25.267849723398012, 0.0 ], [ 110.154178367459465, 25.26767797144014, 0.0 ], [ 110.153944848225436, 25.267506219125831, 0.0 ], [ 110.153711329652708, 25.267334466455107, 0.0 ], [ 110.153477811741283, 25.267162713427954, 0.0 ], [ 110.153244294491074, 25.26699096004441, 0.0 ], [ 110.153010777902239, 25.266819206304447, 0.0 ], [ 110.152777261974691, 25.266647452208112, 0.0 ], [ 110.152593961759379, 25.266564831450356, 0.0 ], [ 110.152725971323846, 25.266783870002506, 0.0 ], [ 110.152959487419466, 25.266955624195507, 0.0 ], [ 110.153193004176373, 25.267127378032111, 0.0 ], [ 110.153426521594582, 25.267299131512328, 0.0 ], [ 110.153660039674079, 25.267470884636129, 0.0 ], [ 110.153893558414907, 25.267642637403515, 0.0 ], [ 110.154127077817108, 25.267814389814482, 0.0 ], [ 110.154360597880455, 25.267986141869006, 0.0 ], [ 110.154594118605232, 25.268157893567093, 0.0 ], [ 110.154827639991311, 25.268329644908729, 0.0 ], [ 110.15506116203872, 25.2685013958939, 0.0 ], [ 110.15529468474746, 25.268673146522616, 0.0 ], [ 110.155528208117616, 25.268844896794842, 0.0 ], [ 110.155761732149045, 25.26901664671059, 0.0 ], [ 110.156046545139503, 25.269051977122285, 0.0 ] ] ] } },
{ "type": "Feature", "properties": { "OBJECTID": 221 }, "geometry": { "type": "Polygon", "coordinates": [ [ [ 110.156381052333984, 25.269295296595406, 0.0 ], [ 110.156386823704793, 25.26936220437414, 0.0 ], [ 110.15639713196407, 25.269436381118396, 0.0 ], [ 110.156428210340081, 25.269499732481393, 0.0 ], [ 110.156493591039961, 25.269545072345345, 0.0 ], [ 110.156559204416567, 25.26959013347247, 0.0 ], [ 110.156625047746132, 25.269634916441387, 0.0 ], [ 110.156691120481426, 25.269679419203438, 0.0 ], [ 110.156757421305088, 25.269723640632115, 0.0 ], [ 110.15682394783417, 25.269767580929575, 0.0 ], [ 110.156890699475625, 25.269811238072332, 0.0 ], [ 110.156957674591766, 25.26985461133399, 0.0 ], [ 110.15702487133828, 25.269897700267641, 0.0 ], [ 110.157092297795259, 25.269940491460368, 0.0 ], [ 110.157173790993255, 25.269938392004036, 0.0 ], [ 110.157255895021905, 25.269934334088514, 0.0 ], [ 110.157310434731798, 25.269912622355083, 0.0 ], [ 110.157242585578672, 25.269870387160598, 0.0 ], [ 110.157174955763622, 25.269827862130011, 0.0 ], [ 110.157107546952787, 25.269785047987277, 0.0 ], [ 110.157040360718767, 25.269741945581828, 0.0 ], [ 110.156973397754626, 25.269698556885839, 0.0 ], [ 110.156906660676484, 25.26965488141439, 0.0 ], [ 110.156840150424017, 25.269610920824679, 0.0 ], [ 110.156773868329708, 25.269566676263455, 0.0 ], [ 110.156707816065492, 25.269522148457376, 0.0 ], [ 110.156641994919624, 25.269477338605494, 0.0 ], [ 110.156576406837459, 25.26943224711453, 0.0 ], [ 110.156511052666247, 25.269386875711874, 0.0 ], [ 110.156445934261356, 25.269341224916921, 0.0 ], [ 110.156381052333984, 25.269295296595406, 0.0 ] ] ] } },
{ "type": "Feature", "properties": { "OBJECTID": 222 }, "geometry": { "type": "Polygon", "coordinates": [ [ [ 110.157487343584265, 25.270020759822227, 0.0 ], [ 110.157531866278774, 25.27020935160342, 0.0 ], [ 110.15772248923146, 25.270320657916635, 0.0 ], [ 110.15791468717417, 25.270429702482275, 0.0 ], [ 110.158108411499128, 25.270536490749759, 0.0 ], [ 110.158303629730952, 25.270641005743894, 0.0 ], [ 110.158500310416713, 25.270743228905047, 0.0 ], [ 110.158698420304816, 25.270843144474377, 0.0 ], [ 110.158897926761469, 25.270940735760746, 0.0 ], [ 110.159098797076425, 25.27103598616085, 0.0 ], [ 110.159300997987685, 25.271128879984829, 0.0 ], [ 110.15950449584939, 25.271219402260645, 0.0 ], [ 110.159709257174413, 25.271307537729857, 0.0 ], [ 110.159915248271801, 25.271393271472093, 0.0 ], [ 110.160122434499527, 25.271476590482756, 0.0 ], [ 110.160333044612258, 25.271465989481388, 0.0 ], [ 110.16027448908757, 25.27138875975875, 0.0 ], [ 110.160066781826885, 25.271306520663423, 0.0 ], [ 110.159860264941514, 25.271221839545973, 0.0 ], [ 110.159654973037277, 25.27113473087001, 0.0 ], [ 110.159450941328615, 25.271045207965241, 0.0 ], [ 110.159248203328644, 25.270953287411995, 0.0 ], [ 110.159046793395561, 25.270858984147704, 0.0 ], [ 110.158846745702192, 25.270762313517452, 0.0 ], [ 110.158648093552458, 25.270663292371754, 0.0 ], [ 110.158450870288192, 25.270561937449962, 0.0 ], [ 110.158255109944122, 25.270458264438368, 0.0 ], [ 110.158060844303421, 25.270352292566816, 0.0 ], [ 110.157868106338569, 25.27024403915885, 0.0 ], [ 110.157676928682136, 25.270133522090926, 0.0 ], [ 110.157487343584265, 25.270020759822227, 0.0 ] ] ] } },
{ "type": "Feature", "properties": { "OBJECTID": 223 }, "geometry": { "type": "Polygon", "coordinates": [ [ [ 110.156051398252501, 25.269805478691055, 0.0 ], [ 110.155865255683935, 25.26984669839015, 0.0 ], [ 110.15613251177848, 25.270033905207999, 0.0 ], [ 110.156403525710061, 25.27021659119908, 0.0 ], [ 110.156678204412543, 25.270394694760295, 0.0 ], [ 110.156956454327528, 25.270568154987451, 0.0 ], [ 110.157238180832479, 25.270736912267076, 0.0 ], [ 110.157523287471889, 25.270900909482997, 0.0 ], [ 110.157811677248418, 25.271060090285346, 0.0 ], [ 110.158103251374214, 25.27121440097018, 0.0 ], [ 110.15839791103194, 25.271363787843338, 0.0 ], [ 110.158695554993955, 25.271508201059792, 0.0 ], [ 110.158996081930496, 25.27164759102083, 0.0 ], [ 110.159299389880559, 25.271781909081319, 0.0 ], [ 110.159605374442833, 25.271911111093726, 0.0 ], [ 110.159913931500796, 25.272035152522953, 0.0 ], [ 110.160066091741015, 25.27201411104534, 0.0 ], [ 110.159808361661405, 25.27184413304272, 0.0 ], [ 110.15950118705581, 25.271717287642065, 0.0 ], [ 110.159196664150869, 25.271585262419322, 0.0 ], [ 110.158894898590091, 25.271448103180692, 0.0 ], [ 110.158595994888998, 25.271305857792871, 0.0 ], [ 110.158300056684382, 25.271158575663488, 0.0 ], [ 110.158007186881207, 25.271006307462567, 0.0 ], [ 110.157717486579244, 25.270849106768825, 0.0 ], [ 110.157431056745509, 25.270687027359898, 0.0 ], [ 110.157147996828058, 25.27052012535437, 0.0 ], [ 110.156868404690286, 25.270348459103218, 0.0 ], [ 110.156592377074261, 25.270172088445239, 0.0 ], [ 110.156320009885789, 25.269991074308695, 0.0 ], [ 110.156051398252501, 25.269805478691055, 0.0 ] ] ] } },
{ "type": "Feature", "properties": { "OBJECTID": 224 }, "geometry": { "type": "Polygon", "coordinates": [ [ [ 110.160808606135404, 25.271587078182797, 0.0 ], [ 110.160879372988632, 25.271720984144846, 0.0 ], [ 110.161013867214564, 25.271802878103664, 0.0 ], [ 110.161175426775003, 25.271856592661813, 0.0 ], [ 110.161337555967251, 25.271908869128207, 0.0 ], [ 110.161500238653574, 25.271959704229101, 0.0 ], [ 110.161663459184496, 25.272009093556118, 0.0 ], [ 110.161827202700238, 25.272057030477786, 0.0 ], [ 110.161991453177833, 25.272103511542454, 0.0 ], [ 110.162156194845437, 25.272148532674976, 0.0 ], [ 110.162321412436057, 25.272192088234096, 0.0 ], [ 110.162487089682998, 25.27223417567556, 0.0 ], [ 110.162653211169896, 25.272274789766954, 0.0 ], [ 110.162819760810677, 25.272313927461468, 0.0 ], [ 110.162986728802537, 25.272351562223101, 0.0 ], [ 110.163136387206151, 25.272296142336867, 0.0 ], [ 110.163105929725347, 25.272238377664912, 0.0 ], [ 110.162938766500659, 25.272201466439309, 0.0 ], [ 110.162772011291224, 25.272163059842999, 0.0 ], [ 110.162605680074151, 25.272123162313779, 0.0 ], [ 110.16243978905247, 25.272081777452492, 0.0 ], [ 110.162274354412091, 25.272038908959527, 0.0 ], [ 110.16210939198578, 25.271994561663423, 0.0 ], [ 110.161944917878529, 25.271948739512801, 0.0 ], [ 110.161780948316334, 25.271901446174478, 0.0 ], [ 110.16161749859134, 25.271852687969496, 0.0 ], [ 110.161454584952054, 25.271802468482594, 0.0 ], [ 110.161292223240679, 25.271750792491051, 0.0 ], [ 110.161130429003663, 25.271697665519035, 0.0 ], [ 110.160969218151735, 25.271643092167164, 0.0 ], [ 110.160808606135404, 25.271587078182797, 0.0 ] ] ] } },
{ "type": "Feature", "properties": { "OBJECTID": 225 }, "geometry": { "type": "Polygon", "coordinates": [ [ [ 110.163547187521488, 25.272328254534639, 0.0 ], [ 110.163617067587055, 25.272432236760835, 0.0 ], [ 110.163725478709338, 25.272499533166442, 0.0 ], [ 110.163865325052754, 25.272524156120777, 0.0 ], [ 110.164005385636031, 25.272547750990075, 0.0 ], [ 110.16414565164348, 25.272570314552567, 0.0 ], [ 110.164286113586272, 25.272591846969867, 0.0 ], [ 110.164426762541837, 25.272612345425635, 0.0 ], [ 110.164567589087085, 25.272631809879467, 0.0 ], [ 110.164708584157594, 25.272650238240153, 0.0 ], [ 110.164849738507854, 25.27266762946077, 0.0 ], [ 110.164991042953815, 25.272683982080466, 0.0 ], [ 110.165132488094741, 25.272699296244667, 0.0 ], [ 110.165274064859275, 25.27271356965484, 0.0 ], [ 110.165415769314578, 25.27272675258266, 0.0 ], [ 110.16552785192026, 25.272646917598571, 0.0 ], [ 110.165517843627256, 25.272599700572556, 0.0 ], [ 110.165376073744142, 25.27258711253376, 0.0 ], [ 110.165234421515748, 25.272573473477586, 0.0 ], [ 110.165092896326996, 25.272558784664586, 0.0 ], [ 110.164951507561412, 25.272543047239978, 0.0 ], [ 110.16481026468405, 25.272526261797562, 0.0 ], [ 110.164669176979473, 25.272508430188477, 0.0 ], [ 110.164528253952781, 25.272489552791658, 0.0 ], [ 110.164387504786703, 25.272469631990056, 0.0 ], [ 110.164246939160932, 25.272448667240798, 0.0 ], [ 110.164106566182809, 25.272426661315226, 0.0 ], [ 110.163966395166113, 25.272403615773619, 0.0 ], [ 110.163826435552522, 25.272379531512442, 0.0 ], [ 110.163686696633391, 25.272354410253335, 0.0 ], [ 110.163547187521488, 25.272328254534639, 0.0 ] ] ] } },
{ "type": "Feature", "properties": { "OBJECTID": 226 }, "geometry": { "type": "Polygon", "coordinates": [ [ [ 110.174262463382178, 25.269281339996795, 0.0 ], [ 110.174114091867111, 25.26929298454829, 0.0 ], [ 110.174142810563183, 25.26967060161488, 0.0 ], [ 110.174171529401434, 25.270048218661255, 0.0 ], [ 110.174200248381993, 25.270425835687412, 0.0 ], [ 110.174228967504803, 25.270803452693361, 0.0 ], [ 110.174257686812425, 25.271181069676395, 0.0 ], [ 110.174286406336876, 25.271558686634535, 0.0 ], [ 110.174315126003535, 25.271936303572446, 0.0 ], [ 110.174339952774091, 25.272312685293862, 0.0 ], [ 110.174059098032188, 25.272592079243331, 0.0 ], [ 110.17367338503459, 25.272655801929812, 0.0 ], [ 110.173257097486825, 25.272656637762999, 0.0 ], [ 110.172840809969244, 25.27265747242172, 0.0 ], [ 110.172424522481862, 25.272658305905992, 0.0 ], [ 110.172035817593226, 25.272668803282031, 0.0 ], [ 110.172398795818964, 25.272793753805743, 0.0 ], [ 110.172815083766224, 25.272792920309918, 0.0 ], [ 110.173231371743697, 25.27279208563963, 0.0 ], [ 110.173647659751438, 25.272791249794867, 0.0 ], [ 110.174063947789193, 25.272790412775638, 0.0 ], [ 110.174409756956607, 25.272644616199969, 0.0 ], [ 110.174492221442847, 25.272302275776347, 0.0 ], [ 110.174463501279504, 25.271924658868873, 0.0 ], [ 110.174434781258441, 25.271547041941183, 0.0 ], [ 110.174406061379727, 25.271169424993271, 0.0 ], [ 110.174377341643208, 25.270791808025141, 0.0 ], [ 110.174348622049038, 25.270414191036778, 0.0 ], [ 110.174319902597034, 25.270036574028207, 0.0 ], [ 110.17429118328738, 25.269658956999407, 0.0 ], [ 110.174262463382178, 25.269281339996795, 0.0 ] ] ] } },
{ "type": "Feature", "properties": { "OBJECTID": 227 }, "geometry": { "type": "Polygon", "coordinates": [ [ [ 110.171442947018775, 25.272795662681467, 0.0 ], [ 110.171540896350024, 25.272714344000882, 0.0 ], [ 110.171562523964383, 25.272660028648978, 0.0 ], [ 110.171429888293105, 25.272660293188775, 0.0 ], [ 110.171297252624882, 25.272660557609338, 0.0 ], [ 110.171164616959743, 25.272660821910691, 0.0 ], [ 110.171031981297688, 25.272661086092807, 0.0 ], [ 110.17089934563873, 25.272661350155698, 0.0 ], [ 110.170766709982829, 25.272661614099359, 0.0 ], [ 110.170634074329996, 25.272661877923799, 0.0 ], [ 110.170501438680276, 25.272662141629006, 0.0 ], [ 110.170368803033611, 25.272662405214994, 0.0 ], [ 110.17023616739003, 25.272662668681757, 0.0 ], [ 110.170103531749547, 25.272662932029288, 0.0 ], [ 110.169970896112147, 25.272663195257593, 0.0 ], [ 110.169838260477817, 25.272663458366669, 0.0 ], [ 110.169705624846586, 25.27266372135653, 0.0 ], [ 110.16974960640627, 25.272724626748044, 0.0 ], [ 110.169851317433753, 25.272798828097873, 0.0 ], [ 110.169983953215976, 25.272798565148747, 0.0 ], [ 110.170116589000969, 25.272798301933829, 0.0 ], [ 110.170249224788975, 25.272798038599674, 0.0 ], [ 110.170381860580122, 25.272797775146298, 0.0 ], [ 110.170514496374352, 25.272797511573696, 0.0 ], [ 110.170647132171666, 25.272797247881869, 0.0 ], [ 110.170779767971993, 25.272796984070816, 0.0 ], [ 110.170912403775475, 25.272796720140533, 0.0 ], [ 110.171045039582026, 25.272796456091019, 0.0 ], [ 110.171177675391661, 25.272796191922286, 0.0 ], [ 110.171310311204309, 25.27279592763432, 0.0 ], [ 110.171442947018775, 25.272795662681467, 0.0 ] ] ] } },
{ "type": "Feature", "properties": { "OBJECTID": 228 }, "geometry": { "type": "Polygon", "coordinates": [ [ [ 110.169375295862281, 25.272799771708218, 0.0 ], [ 110.169540145120195, 25.272666860271162, 0.0 ], [ 110.169327990602952, 25.272664469018107, 0.0 ], [ 110.169107668588666, 25.272664905065469, 0.0 ], [ 110.168887346582977, 25.272665340783856, 0.0 ], [ 110.168667024585815, 25.272665776173273, 0.0 ], [ 110.168446702597194, 25.272666211233702, 0.0 ], [ 110.168226380617099, 25.272666645965149, 0.0 ], [ 110.168006058645489, 25.272667080367629, 0.0 ], [ 110.167785736682504, 25.272667514441128, 0.0 ], [ 110.16756541472806, 25.272667948185649, 0.0 ], [ 110.167345092782099, 25.272668381601179, 0.0 ], [ 110.167124770743683, 25.272668727920713, 0.0 ], [ 110.166904455886979, 25.272667234454939, 0.0 ], [ 110.166684179275336, 25.27266321506735, 0.0 ], [ 110.16646397600131, 25.272656668752184, 0.0 ], [ 110.166341830982404, 25.272691888649732, 0.0 ], [ 110.1665112422492, 25.272793772554849, 0.0 ], [ 110.166731466212894, 25.272799724343397, 0.0 ], [ 110.166951754825263, 25.272803171695102, 0.0 ], [ 110.167172073633395, 25.27280411468897, 0.0 ], [ 110.16739239582374, 25.272803684603371, 0.0 ], [ 110.167612718015988, 25.272803251144111, 0.0 ], [ 110.167833040216948, 25.272802817355871, 0.0 ], [ 110.168053362426278, 25.272802383238655, 0.0 ], [ 110.168273684644248, 25.272801948792459, 0.0 ], [ 110.168494006870759, 25.272801514017278, 0.0 ], [ 110.16871432910574, 25.272801078913119, 0.0 ], [ 110.168934651349332, 25.272800643479986, 0.0 ], [ 110.169154973601451, 25.272800207717861, 0.0 ], [ 110.169375295862281, 25.272799771708218, 0.0 ] ] ] } },
{ "type": "Feature", "properties": { "OBJECTID": 229 }, "geometry": { "type": "Polygon", "coordinates": [ [ [ 110.160728000430282, 25.272187410257988, 0.0 ], [ 110.160575806641944, 25.272280757094894, 0.0 ], [ 110.160894218487556, 25.272389269020945, 0.0 ], [ 110.161214797355584, 25.272492371668456, 0.0 ], [ 110.161537431713242, 25.272590030350869, 0.0 ], [ 110.161862010210655, 25.272682209844884, 0.0 ], [ 110.162188419816488, 25.27276887969655, 0.0 ], [ 110.162516547747714, 25.272850008732618, 0.0 ], [ 110.162846280055533, 25.272925569484737, 0.0 ], [ 110.163177502317495, 25.272995536306009, 0.0 ], [ 110.163510100056641, 25.273059883623347, 0.0 ], [ 110.163843957863719, 25.273118589504424, 0.0 ], [ 110.164178959951542, 25.273171633824212, 0.0 ], [ 110.164514990140219, 25.273218998509225, 0.0 ], [ 110.164851932059634, 25.273260666440802, 0.0 ], [ 110.165189668786169, 25.273296623999641, 0.0 ], [ 110.165320953368521, 25.2732184961949, 0.0 ], [ 110.165011182915165, 25.273140798944198, 0.0 ], [ 110.1646738972305, 25.273101500451414, 0.0 ], [ 110.1643374823567, 25.273056452386168, 0.0 ], [ 110.164002056846741, 25.273005670589754, 0.0 ], [ 110.163667739091665, 25.272949172051284, 0.0 ], [ 110.163334646653766, 25.272886977977258, 0.0 ], [ 110.163002897076751, 25.272819109530154, 0.0 ], [ 110.162672607380813, 25.272745590290189, 0.0 ], [ 110.162343893742872, 25.272666447022264, 0.0 ], [ 110.162016871968035, 25.272581707654258, 0.0 ], [ 110.161691657650053, 25.272491400982702, 0.0 ], [ 110.161368365225144, 25.272395559416854, 0.0 ], [ 110.161047108362524, 25.272294217431156, 0.0 ], [ 110.160728000430282, 25.272187410257988, 0.0 ] ] ] } },
{ "type": "Feature", "properties": { "OBJECTID": 230 }, "geometry": { "type": "Polygon", "coordinates": [ [ [ 110.171605547249584, 25.273382053293602, 0.0 ], [ 110.171292146942861, 25.273247283583906, 0.0 ], [ 110.170921313964186, 25.273248022108813, 0.0 ], [ 110.170550481009684, 25.273248759701715, 0.0 ], [ 110.17017964807917, 25.273249496362624, 0.0 ], [ 110.169808815172843, 25.273250232091534, 0.0 ], [ 110.169437982290646, 25.27325096688844, 0.0 ], [ 110.169067149432507, 25.273251700753352, 0.0 ], [ 110.168696316598627, 25.273252433686267, 0.0 ], [ 110.168325483788919, 25.273253165687183, 0.0 ], [ 110.167954651003328, 25.273253896756085, 0.0 ], [ 110.167583818242036, 25.273254626892996, 0.0 ], [ 110.167212985504975, 25.273255356097913, 0.0 ], [ 110.16684216610642, 25.273253153486372, 0.0 ], [ 110.166471473678982, 25.273244068868411, 0.0 ], [ 110.166137318697807, 25.27333458246332, 0.0 ], [ 110.166414079745124, 25.273377199932561, 0.0 ], [ 110.166784738724573, 25.273387327016071, 0.0 ], [ 110.167155548702425, 25.27339061283314, 0.0 ], [ 110.167526381064107, 25.27339013602333, 0.0 ], [ 110.167897214233037, 25.273389405946752, 0.0 ], [ 110.168268047425954, 25.273388674875456, 0.0 ], [ 110.168638880643158, 25.273387942872162, 0.0 ], [ 110.16900971388452, 25.273387209936864, 0.0 ], [ 110.169380547149984, 25.273386476069561, 0.0 ], [ 110.169751380439678, 25.273385741270243, 0.0 ], [ 110.170122213753487, 25.273385005538927, 0.0 ], [ 110.170493047091412, 25.273384268875606, 0.0 ], [ 110.170863880453425, 25.273383531280274, 0.0 ], [ 110.171234713839524, 25.27338279275294, 0.0 ], [ 110.171605547249584, 25.273382053293602, 0.0 ] ] ] } },
{ "type": "Feature", "properties": { "OBJECTID": 231 }, "geometry": { "type": "Polygon", "coordinates": [ [ [ 110.174579954582242, 25.27345579733166, 0.0 ], [ 110.174355893395372, 25.27326202429138, 0.0 ], [ 110.174055825737511, 25.273241749470888, 0.0 ], [ 110.173746603413832, 25.273242371225781, 0.0 ], [ 110.173437381106808, 25.273242992332641, 0.0 ], [ 110.173128158816425, 25.273243612791454, 0.0 ], [ 110.172818936542697, 25.273244232602231, 0.0 ], [ 110.172509714285582, 25.273244851764971, 0.0 ], [ 110.17220049204488, 25.273245470119594, 0.0 ], [ 110.17209726445104, 25.273381071769091, 0.0 ], [ 110.172406487028894, 25.273380453444286, 0.0 ], [ 110.172715709623503, 25.273379834471442, 0.0 ], [ 110.173024932234796, 25.273379214850543, 0.0 ], [ 110.173334154862729, 25.273378594581612, 0.0 ], [ 110.173643377507574, 25.273377973782466, 0.0 ], [ 110.17395260016913, 25.273377352368737, 0.0 ], [ 110.17420537923114, 25.273505571303996, 0.0 ], [ 110.174429440542994, 25.273699344633378, 0.0 ], [ 110.174469926202605, 25.273971647774495, 0.0 ], [ 110.174491259900151, 25.274252143745823, 0.0 ], [ 110.174512593676127, 25.274532639705971, 0.0 ], [ 110.174533927530604, 25.274813135654966, 0.0 ], [ 110.174555261463624, 25.27509363159281, 0.0 ], [ 110.174576919685833, 25.27537324020841, 0.0 ], [ 110.174707959286167, 25.275138773028665, 0.0 ], [ 110.174686624999396, 25.274858277105377, 0.0 ], [ 110.174665290791154, 25.274577781170919, 0.0 ], [ 110.17464395666137, 25.274297285225316, 0.0 ], [ 110.174622622610244, 25.27401678926854, 0.0 ], [ 110.17460128863749, 25.273736293300619, 0.0 ], [ 110.174579954582242, 25.27345579733166, 0.0 ] ] ] } },
{ "type": "Feature", "properties": { "OBJECTID": 232 }, "geometry": { "type": "Polygon", "coordinates": [ [ [ 110.171460623311077, 25.280044148710456, 0.0 ], [ 110.17220737478543, 25.279986961480297, 0.0 ], [ 110.172798911089856, 25.2798262924914, 0.0 ], [ 110.173444931346154, 25.279379046015759, 0.0 ], [ 110.174162702139824, 25.27901930729977, 0.0 ], [ 110.174860465581077, 25.278642523083949, 0.0 ], [ 110.174919406234721, 25.277918740492353, 0.0 ], [ 110.174862860645405, 25.277175321760211, 0.0 ], [ 110.174811016559872, 25.275736885312632, 0.0 ], [ 110.174616890794582, 25.275776620943905, 0.0 ], [ 110.174682723139057, 25.277052449995441, 0.0 ], [ 110.174576939044513, 25.277685937125796, 0.0 ], [ 110.173858055778339, 25.277373656469099, 0.0 ], [ 110.173107730280947, 25.277582689306954, 0.0 ], [ 110.172514484282402, 25.278064131309183, 0.0 ], [ 110.171779500260868, 25.277835850067916, 0.0 ], [ 110.171394778998845, 25.278459697978061, 0.0 ], [ 110.170841252578384, 25.27900637139761, 0.0 ], [ 110.17016448148425, 25.279425546808021, 0.0 ], [ 110.169472648402348, 25.279825095091148, 0.0 ], [ 110.169024513203865, 25.280346723157219, 0.0 ], [ 110.169661080070142, 25.280771144323936, 0.0 ], [ 110.170107956037825, 25.280659639559921, 0.0 ], [ 110.170685896685001, 25.280287108395068, 0.0 ], [ 110.171460623311077, 25.280044148710456, 0.0 ] ] ] } },
{ "type": "Feature", "properties": { "OBJECTID": 233 }, "geometry": { "type": "Polygon", "coordinates": [ [ [ 110.182308756954484, 25.275954011615461, 0.0 ], [ 110.182402562261714, 25.276575835320692, 0.0 ], [ 110.183187873230679, 25.276654124131635, 0.0 ], [ 110.183889951253391, 25.276584553297401, 0.0 ], [ 110.184147523253159, 25.275903413438161, 0.0 ], [ 110.184405092275398, 25.275222272995403, 0.0 ], [ 110.184662658320363, 25.274541131969155, 0.0 ], [ 110.184920221388253, 25.273859990359469, 0.0 ], [ 110.184860524126449, 25.273229773330829, 0.0 ], [ 110.18406853010562, 25.273221267322135, 0.0 ], [ 110.183276379484496, 25.273222912429567, 0.0 ], [ 110.182484228970466, 25.273224553284216, 0.0 ], [ 110.181692078563643, 25.273226189886088, 0.0 ], [ 110.180899928264438, 25.273227822345344, 0.0 ], [ 110.180107778073349, 25.273229450757015, 0.0 ], [ 110.180192870760422, 25.273364671478973, 0.0 ], [ 110.180985021843114, 25.273363042973621, 0.0 ], [ 110.18177593669148, 25.273362612619504, 0.0 ], [ 110.182568087997112, 25.27336097577939, 0.0 ], [ 110.18324992909686, 25.27346570083737, 0.0 ], [ 110.183058206892582, 25.274164559229106, 0.0 ], [ 110.182866448204535, 25.27486341432024, 0.0 ], [ 110.182356976295978, 25.275398724815926, 0.0 ], [ 110.181739466422883, 25.275845047450026, 0.0 ], [ 110.181027178997269, 25.276156043642825, 0.0 ], [ 110.180286504259058, 25.276401851144566, 0.0 ], [ 110.179742456871352, 25.276719138335991, 0.0 ], [ 110.180429505872311, 25.276834970635427, 0.0 ], [ 110.181211732365725, 25.276721176056999, 0.0 ], [ 110.181614178067022, 25.27629331718569, 0.0 ], [ 110.182308756954484, 25.275954011615461, 0.0 ] ] ] } },
{ "type": "Feature", "properties": { "OBJECTID": 234 }, "geometry": { "type": "Polygon", "coordinates": [ [ [ 110.191135622604207, 25.278453240504685, 0.0 ], [ 110.191304359739149, 25.277958927192003, 0.0 ], [ 110.191473095452423, 25.277464613619781, 0.0 ], [ 110.191641829743986, 25.276970299788054, 0.0 ], [ 110.191810562614123, 25.276475985696813, 0.0 ], [ 110.191979294062563, 25.275981671346081, 0.0 ], [ 110.191962044474394, 25.275492804205399, 0.0 ], [ 110.191516652259068, 25.275194925404104, 0.0 ], [ 110.191012130879614, 25.274955411372279, 0.0 ], [ 110.190493000753364, 25.274743272733286, 0.0 ], [ 110.189964221161219, 25.274551662385498, 0.0 ], [ 110.189546547428222, 25.274546881555089, 0.0 ], [ 110.190075781718789, 25.274737463798903, 0.0 ], [ 110.190602816459958, 25.274932931018803, 0.0 ], [ 110.191117300703709, 25.27515422525931, 0.0 ], [ 110.191616340952422, 25.275403048137548, 0.0 ], [ 110.191410498475022, 25.275828765761023, 0.0 ], [ 110.191120422133409, 25.276274096500622, 0.0 ], [ 110.190830343642276, 25.276719426591011, 0.0 ], [ 110.190540263001608, 25.277164756032171, 0.0 ], [ 110.190250180211351, 25.277610084824062, 0.0 ], [ 110.189960095271502, 25.278055412966658, 0.0 ], [ 110.189434135739162, 25.277965625914231, 0.0 ], [ 110.188886084014186, 25.277825714580011, 0.0 ], [ 110.188338033602719, 25.277685801238686, 0.0 ], [ 110.188443050732616, 25.277993876010914, 0.0 ], [ 110.188991102671125, 25.278133788924599, 0.0 ], [ 110.189539155923157, 25.278273699831139, 0.0 ], [ 110.190087210488542, 25.278413608730496, 0.0 ], [ 110.190635266367352, 25.278553515622622, 0.0 ], [ 110.191135622604207, 25.278453240504685, 0.0 ] ] ] } },
{ "type": "Feature", "properties": { "OBJECTID": 235 }, "geometry": { "type": "Polygon", "coordinates": [ [ [ 110.177302459614154, 25.277445894812097, 0.0 ], [ 110.178152911904675, 25.277168366531328, 0.0 ], [ 110.17904791332208, 25.277035946287693, 0.0 ], [ 110.179443078257947, 25.276455957748205, 0.0 ], [ 110.178668760813864, 25.2763103448161, 0.0 ], [ 110.177766422012027, 25.276348995024588, 0.0 ], [ 110.176962786305211, 25.27671715132297, 0.0 ], [ 110.176178291263682, 25.277130684467661, 0.0 ], [ 110.175582788587647, 25.277220621639177, 0.0 ], [ 110.175520220730064, 25.276398089471925, 0.0 ], [ 110.175457653885331, 25.275575557187473, 0.0 ], [ 110.175395087716055, 25.274753024807023, 0.0 ], [ 110.17533252222222, 25.273930492330585, 0.0 ], [ 110.175585667309036, 25.273375259366617, 0.0 ], [ 110.176492439192373, 25.273373423433974, 0.0 ], [ 110.177397644180644, 25.273371584480181, 0.0 ], [ 110.178304416347302, 25.2733697371504, 0.0 ], [ 110.179211188655714, 25.273367884248035, 0.0 ], [ 110.179080954394294, 25.273234650815887, 0.0 ], [ 110.177767179085123, 25.273234236022883, 0.0 ], [ 110.176860408017873, 25.273236080135259, 0.0 ], [ 110.175546694292294, 25.273226619809972, 0.0 ], [ 110.175150867234777, 25.27345365404269, 0.0 ], [ 110.175178866654818, 25.274265220458489, 0.0 ], [ 110.175241431405269, 25.275087752929313, 0.0 ], [ 110.175303996831161, 25.275910285304157, 0.0 ], [ 110.175366562932538, 25.276732817583017, 0.0 ], [ 110.175429129709457, 25.277555349765883, 0.0 ], [ 110.175714061713776, 25.278241763723472, 0.0 ], [ 110.176508201807763, 25.277843729178482, 0.0 ], [ 110.177302459614154, 25.277445894812097, 0.0 ] ] ] } },
{ "type": "Feature", "properties": { "OBJECTID": 236 }, "geometry": { "type": "Polygon", "coordinates": [ [ [ 110.17684469941139, 25.272784792672216, 0.0 ], [ 110.176816085302264, 25.272649454315548, 0.0 ], [ 110.176435244732218, 25.272650227243034, 0.0 ], [ 110.176054404187184, 25.272650999187565, 0.0 ], [ 110.175673563667345, 25.272651770149125, 0.0 ], [ 110.175369981173247, 25.272476181099186, 0.0 ], [ 110.175200292381859, 25.272192068803452, 0.0 ], [ 110.175174015537635, 25.271846606335107, 0.0 ], [ 110.175147738895703, 25.271501143844603, 0.0 ], [ 110.175121462489045, 25.271155681329855, 0.0 ], [ 110.175095186201503, 25.270810218798186, 0.0 ], [ 110.175068910033076, 25.270464756249588, 0.0 ], [ 110.175042633983736, 25.270119293684065, 0.0 ], [ 110.175016358053412, 25.269773831101617, 0.0 ], [ 110.17499008224236, 25.269428368502243, 0.0 ], [ 110.174940064751183, 25.269149836763113, 0.0 ], [ 110.174812635234844, 25.269450218995178, 0.0 ], [ 110.17483891053007, 25.269795681613559, 0.0 ], [ 110.174865185944327, 25.270141144215014, 0.0 ], [ 110.174891461477671, 25.270486606799544, 0.0 ], [ 110.174917737130087, 25.270832069367142, 0.0 ], [ 110.174944012901634, 25.271177531917822, 0.0 ], [ 110.174970288792323, 25.271522994451569, 0.0 ], [ 110.174996564802058, 25.271868456968384, 0.0 ], [ 110.175022840930893, 25.272213919468275, 0.0 ], [ 110.175049117277496, 25.27255938194504, 0.0 ], [ 110.175321335581827, 25.272787878032059, 0.0 ], [ 110.175702176500508, 25.272787107734036, 0.0 ], [ 110.176083017445265, 25.272786336873452, 0.0 ], [ 110.176463858415204, 25.272785565029892, 0.0 ], [ 110.17684469941139, 25.272784792672216, 0.0 ] ] ] } },
{ "type": "Feature", "properties": { "OBJECTID": 237 }, "geometry": { "type": "Polygon", "coordinates": [ [ [ 110.185930813638123, 25.272734774446636, 0.0 ], [ 110.186068808072946, 25.272891391417247, 0.0 ], [ 110.186306850476569, 25.272929537008906, 0.0 ], [ 110.186543825374642, 25.272972832270071, 0.0 ], [ 110.18677960255836, 25.273021233200641, 0.0 ], [ 110.187014049076069, 25.273074712241065, 0.0 ], [ 110.187247032817041, 25.273133238766999, 0.0 ], [ 110.187478422085704, 25.273196780628371, 0.0 ], [ 110.187708086230259, 25.273265302218924, 0.0 ], [ 110.187935896002401, 25.273338763964365, 0.0 ], [ 110.188161722460862, 25.273417125460185, 0.0 ], [ 110.188386457032408, 25.273498055002257, 0.0 ], [ 110.188611190758465, 25.273578986856162, 0.0 ], [ 110.188835924791348, 25.273659918374324, 0.0 ], [ 110.189060659131115, 25.273740849556756, 0.0 ], [ 110.189284590663576, 25.273711794090367, 0.0 ], [ 110.189157987243263, 25.273630271036087, 0.0 ], [ 110.188933253008187, 25.273549340068026, 0.0 ], [ 110.188708519080009, 25.273468408764224, 0.0 ], [ 110.188483785458544, 25.273387477124697, 0.0 ], [ 110.188259052143891, 25.273306545149431, 0.0 ], [ 110.1880335980143, 25.27322730060067, 0.0 ], [ 110.187806190899408, 25.273152814667633, 0.0 ], [ 110.187576928840855, 25.273083188885309, 0.0 ], [ 110.187345937238575, 25.273018462001474, 0.0 ], [ 110.187113342737902, 25.272958669306544, 0.0 ], [ 110.18687927264088, 25.272903844111667, 0.0 ], [ 110.186643855232589, 25.272854016550294, 0.0 ], [ 110.186407219857102, 25.272809212549191, 0.0 ], [ 110.186169495850024, 25.272769458107785, 0.0 ], [ 110.185930813638123, 25.272734774446636, 0.0 ] ] ] } },
{ "type": "Feature", "properties": { "OBJECTID": 238 }, "geometry": { "type": "Polygon", "coordinates": [ [ [ 110.185803898235562, 25.273310858240588, 0.0 ], [ 110.185583190998685, 25.273408808947892, 0.0 ], [ 110.185793956497491, 25.273446359078672, 0.0 ], [ 110.186042802143689, 25.273482361140598, 0.0 ], [ 110.186290514161925, 25.27352433232226, 0.0 ], [ 110.186536919307514, 25.273572243683954, 0.0 ], [ 110.18678184557703, 25.273626060778682, 0.0 ], [ 110.187025121887359, 25.273685745780412, 0.0 ], [ 110.187266577960429, 25.27375125786125, 0.0 ], [ 110.187506044928725, 25.273822551432549, 0.0 ], [ 110.187743355486404, 25.273899576394271, 0.0 ], [ 110.187978395640897, 25.273982160396578, 0.0 ], [ 110.188212674083488, 25.274066529936931, 0.0 ], [ 110.188446952859522, 25.274150899112424, 0.0 ], [ 110.188681231968985, 25.274235267923064, 0.0 ], [ 110.188915511411892, 25.274319636368826, 0.0 ], [ 110.189079028817986, 25.274346166789318, 0.0 ], [ 110.188927333447779, 25.274178265033466, 0.0 ], [ 110.188693054193095, 25.274093896775852, 0.0 ], [ 110.188458775271783, 25.274009528153361, 0.0 ], [ 110.188224496683958, 25.273925159166016, 0.0 ], [ 110.187990218429505, 25.273840789813807, 0.0 ], [ 110.187754808246169, 25.273759085406553, 0.0 ], [ 110.187517139802083, 25.273682978320078, 0.0 ], [ 110.187277372978173, 25.273612523015551, 0.0 ], [ 110.187035670675741, 25.273547766132829, 0.0 ], [ 110.186792196570664, 25.273488751860445, 0.0 ], [ 110.186547115883855, 25.273435519280021, 0.0 ], [ 110.186300594355174, 25.273388105670264, 0.0 ], [ 110.186052799223631, 25.273346542338725, 0.0 ], [ 110.185803898235562, 25.273310858240588, 0.0 ] ] ] } },
{ "type": "Feature", "properties": { "OBJECTID": 239 }, "geometry": { "type": "Polygon", "coordinates": [ [ [ 110.190588126025034, 25.274145279971442, 0.0 ], [ 110.190416554282308, 25.274083495988055, 0.0 ], [ 110.190244982718383, 25.27402171180897, 0.0 ], [ 110.190073411333344, 25.273959927434198, 0.0 ], [ 110.189901840127035, 25.273898142863736, 0.0 ], [ 110.189730269099471, 25.273836358097572, 0.0 ], [ 110.189803959778658, 25.273975036835957, 0.0 ], [ 110.189951117278611, 25.274061516288583, 0.0 ], [ 110.190122688816984, 25.274123300627224, 0.0 ], [ 110.19029426053423, 25.274185084770167, 0.0 ], [ 110.190465832430291, 25.274246868717409, 0.0 ], [ 110.190637175272258, 25.274309173173901, 0.0 ], [ 110.190807346628688, 25.274374074944774, 0.0 ], [ 110.19097619578335, 25.274441771763698, 0.0 ], [ 110.191143667353998, 25.274512241105477, 0.0 ], [ 110.191309706024697, 25.274585460283969, 0.0 ], [ 110.191474257606814, 25.274661404483325, 0.0 ], [ 110.191637267236359, 25.274740050068996, 0.0 ], [ 110.19179868150762, 25.274821370760371, 0.0 ], [ 110.191958448018624, 25.274905338733326, 0.0 ], [ 110.19212702229558, 25.274889361058126, 0.0 ], [ 110.192076545071131, 25.274811622196438, 0.0 ], [ 110.191917235499204, 25.274726939593744, 0.0 ], [ 110.191756285308855, 25.274644862008671, 0.0 ], [ 110.191593747526369, 25.274565413223112, 0.0 ], [ 110.191429674253556, 25.274488618311448, 0.0 ], [ 110.1912641182779, 25.27441450107932, 0.0 ], [ 110.191097131619401, 25.274343086792136, 0.0 ], [ 110.19092876803461, 25.274274397515281, 0.0 ], [ 110.190759081496935, 25.274208454768516, 0.0 ], [ 110.190588126025034, 25.274145279971442, 0.0 ] ] ] } },
{ "type": "Feature", "properties": { "OBJECTID": 240 }, "geometry": { "type": "Polygon", "coordinates": [ [ [ 110.182241191354763, 25.27277373545153, 0.0 ], [ 110.18236492953821, 25.27265753219897, 0.0 ], [ 110.182237638763013, 25.272638346150249, 0.0 ], [ 110.182059752902845, 25.272638713824914, 0.0 ], [ 110.181881867048091, 25.272639081285131, 0.0 ], [ 110.181703981198766, 25.272639448517261, 0.0 ], [ 110.181526095354769, 25.272639815523096, 0.0 ], [ 110.181348209516287, 25.272640182314476, 0.0 ], [ 110.181170323683062, 25.27264054889141, 0.0 ], [ 110.180992437855409, 25.272640915253881, 0.0 ], [ 110.180814552033098, 25.272641281401896, 0.0 ], [ 110.18063666621623, 25.272641647335465, 0.0 ], [ 110.180458780404791, 25.272642013054583, 0.0 ], [ 110.180280894598837, 25.272642378559233, 0.0 ], [ 110.180103008798241, 25.272642743849445, 0.0 ], [ 110.179925123003088, 25.272643108925195, 0.0 ], [ 110.179932095460686, 25.272770386488126, 0.0 ], [ 110.180106559017531, 25.272778132292579, 0.0 ], [ 110.180284445015644, 25.272777767015455, 0.0 ], [ 110.180462331019257, 25.272777401523861, 0.0 ], [ 110.180640217028213, 25.272777035817828, 0.0 ], [ 110.180818103042682, 25.272776669897329, 0.0 ], [ 110.180995989062509, 25.272776303762381, 0.0 ], [ 110.181173875087751, 25.27277593741297, 0.0 ], [ 110.181351761118478, 25.272775570849113, 0.0 ], [ 110.181529647154562, 25.2727752040708, 0.0 ], [ 110.181707533196104, 25.272774837092932, 0.0 ], [ 110.181885419243201, 25.272774469936667, 0.0 ], [ 110.182063305295713, 25.272774102565958, 0.0 ], [ 110.182241191354763, 25.27277373545153, 0.0 ] ] ] } },
{ "type": "Feature", "properties": { "OBJECTID": 241 }, "geometry": { "type": "Polygon", "coordinates": [ [ [ 110.179197398714152, 25.272779996359994, 0.0 ], [ 110.179299833961181, 25.272694458035389, 0.0 ], [ 110.179302467441772, 25.272644384760966, 0.0 ], [ 110.179163389368014, 25.272644669437526, 0.0 ], [ 110.179024311297653, 25.272644953983001, 0.0 ], [ 110.178885233230545, 25.272645238397377, 0.0 ], [ 110.178746155166763, 25.272645522680669, 0.0 ], [ 110.178607077106378, 25.27264580683287, 0.0 ], [ 110.178467999049332, 25.272646090853982, 0.0 ], [ 110.178328920995554, 25.272646374744003, 0.0 ], [ 110.178189842945116, 25.272646658502932, 0.0 ], [ 110.178050764897989, 25.27264694213078, 0.0 ], [ 110.177911686854287, 25.272647225627534, 0.0 ], [ 110.177772608813839, 25.272647508993195, 0.0 ], [ 110.177633530776816, 25.272647792227765, 0.0 ], [ 110.177494452743034, 25.272648075331254, 0.0 ], [ 110.177355374712619, 25.272648358303648, 0.0 ], [ 110.177528460227549, 25.272783402750026, 0.0 ], [ 110.177667538416429, 25.272783119581277, 0.0 ], [ 110.177806616608535, 25.272782836277564, 0.0 ], [ 110.177945694803967, 25.272782552842756, 0.0 ], [ 110.178084773002823, 25.272782269276863, 0.0 ], [ 110.178223851205018, 25.272781985579869, 0.0 ], [ 110.178362929410454, 25.2727817017518, 0.0 ], [ 110.178502007619244, 25.272781417792629, 0.0 ], [ 110.17864108583143, 25.27278113370237, 0.0 ], [ 110.178780164046884, 25.272780849481023, 0.0 ], [ 110.178919242265735, 25.272780565128581, 0.0 ], [ 110.179058320487911, 25.272780280645048, 0.0 ], [ 110.179197398714152, 25.272779996359994, 0.0 ] ] ] } },
{ "type": "Feature", "properties": { "OBJECTID": 242 }, "geometry": { "type": "Polygon", "coordinates": [ [ [ 110.185083956503888, 25.272788936893363, 0.0 ], [ 110.185409938405016, 25.272564879601216, 0.0 ], [ 110.185545695939737, 25.272205848652696, 0.0 ], [ 110.185681452647529, 25.271846817542116, 0.0 ], [ 110.185817208528263, 25.271487786269471, 0.0 ], [ 110.185952963582096, 25.271128754834788, 0.0 ], [ 110.186088717808985, 25.270769723238072, 0.0 ], [ 110.186224471208973, 25.270410691479299, 0.0 ], [ 110.186360223781975, 25.270051659558511, 0.0 ], [ 110.186398797650668, 25.26969972753443, 0.0 ], [ 110.186095356854423, 25.269496984834873, 0.0 ], [ 110.185689269591919, 25.269429710163102, 0.0 ], [ 110.185465251898819, 25.26973651694335, 0.0 ], [ 110.185243070871152, 25.270056561700788, 0.0 ], [ 110.185191599024236, 25.270430817338095, 0.0 ], [ 110.185139719107681, 25.270806798971947, 0.0 ], [ 110.185055957293656, 25.271178737867753, 0.0 ], [ 110.184971019712066, 25.271550458211319, 0.0 ], [ 110.18482474696269, 25.271904070153244, 0.0 ], [ 110.184642720071992, 25.272245751806537, 0.0 ], [ 110.184458244327359, 25.272586304161106, 0.0 ], [ 110.183654559196839, 25.272635410000625, 0.0 ], [ 110.183237018154301, 25.272636276688505, 0.0 ], [ 110.182819477141578, 25.272637142194839, 0.0 ], [ 110.182996719576806, 25.272772170920476, 0.0 ], [ 110.183414261066034, 25.272771305073196, 0.0 ], [ 110.183831802584905, 25.272770438044365, 0.0 ], [ 110.184249344133491, 25.272769569833979, 0.0 ], [ 110.184666862436714, 25.272771941009292, 0.0 ], [ 110.185083956503888, 25.272788936893363, 0.0 ] ] ] } },
{ "type": "Feature", "properties": { "OBJECTID": 243 }, "geometry": { "type": "Polygon", "coordinates": [ [ [ 110.172055112129257, 25.267546779412861, 0.0 ], [ 110.171963000954477, 25.267624111625594, 0.0 ], [ 110.171963025181171, 25.267804329976734, 0.0 ], [ 110.171963049399722, 25.267984548323518, 0.0 ], [ 110.171963073610272, 25.268164766665951, 0.0 ], [ 110.171963097812665, 25.268344985004028, 0.0 ], [ 110.171963122007043, 25.268525203337759, 0.0 ], [ 110.171989764631888, 25.268695355635025, 0.0 ], [ 110.172130290086216, 25.268822442168613, 0.0 ], [ 110.172325407463774, 25.268828312345502, 0.0 ], [ 110.172523599472456, 25.268827354886508, 0.0 ], [ 110.172721791486168, 25.268826397161298, 0.0 ], [ 110.172919983504912, 25.268825439169863, 0.0 ], [ 110.173118175528757, 25.268824480912198, 0.0 ], [ 110.173316367557561, 25.268823522388306, 0.0 ], [ 110.173514559591382, 25.268822563598196, 0.0 ], [ 110.173712751630205, 25.268821604541849, 0.0 ], [ 110.173950588811095, 25.268829893648238, 0.0 ], [ 110.173901865736426, 25.268689014854392, 0.0 ], [ 110.173567178606177, 25.268660543043779, 0.0 ], [ 110.173377152948618, 25.268610133168306, 0.0 ], [ 110.173198349040902, 25.268532767329297, 0.0 ], [ 110.173032950493379, 25.268433730058057, 0.0 ], [ 110.172880778566253, 25.26831851492274, 0.0 ], [ 110.172743097308825, 25.268189028323128, 0.0 ], [ 110.172617022832625, 25.268049993127441, 0.0 ], [ 110.172492749938598, 25.267909608087805, 0.0 ], [ 110.172360459006498, 25.267775508424425, 0.0 ], [ 110.172214417202937, 25.267653836695455, 0.0 ], [ 110.172055112129257, 25.267546779412861, 0.0 ] ] ] } },
{ "type": "Feature", "properties": { "OBJECTID": 244 }, "geometry": { "type": "Polygon", "coordinates": [ [ [ 110.186567889329638, 25.268811612778379, 0.0 ], [ 110.187423704158874, 25.268296636192737, 0.0 ], [ 110.188264397890606, 25.267612965315308, 0.0 ], [ 110.188044437319633, 25.26713651291562, 0.0 ], [ 110.186857727040831, 25.267179566618648, 0.0 ], [ 110.185669496844582, 25.267178994744103, 0.0 ], [ 110.184481266957633, 25.267178353114076, 0.0 ], [ 110.183293037371683, 25.267177701918381, 0.0 ], [ 110.182104808087431, 25.267177041157048, 0.0 ], [ 110.180916579105244, 25.267176370830065, 0.0 ], [ 110.179728350426075, 25.267175690937439, 0.0 ], [ 110.178540122050322, 25.267175001479178, 0.0 ], [ 110.177351893978553, 25.267174302455288, 0.0 ], [ 110.176163666211451, 25.267173593865778, 0.0 ], [ 110.174975438749598, 25.267172875710639, 0.0 ], [ 110.174596319886135, 25.268817628985158, 0.0 ], [ 110.175650724984877, 25.268792158241922, 0.0 ], [ 110.176046527679532, 25.267354051030694, 0.0 ], [ 110.177234757174375, 25.267354760428265, 0.0 ], [ 110.178422986973843, 25.267355460260134, 0.0 ], [ 110.17961121707755, 25.26735615052629, 0.0 ], [ 110.180799447484702, 25.267356831226753, 0.0 ], [ 110.181987678194616, 25.267357502523804, 0.0 ], [ 110.183175909206867, 25.267358164284779, 0.0 ], [ 110.184364140520785, 25.267358816480026, 0.0 ], [ 110.18555237213566, 25.267359459193393, 0.0 ], [ 110.186623901735345, 25.267452452105033, 0.0 ], [ 110.186162034269344, 25.268426870678724, 0.0 ], [ 110.186567889329638, 25.268811612778379, 0.0 ] ] ] } },
{ "type": "Feature", "properties": { "OBJECTID": 245 }, "geometry": { "type": "Polygon", "coordinates": [ [ [ 110.180339562613383, 25.281469260840016, 0.0 ], [ 110.179995392306239, 25.281470952258349, 0.0 ], [ 110.179771816720333, 25.281694763040147, 0.0 ], [ 110.179773663113778, 25.282007691196647, 0.0 ], [ 110.179775509490767, 25.282320619340236, 0.0 ], [ 110.179777355852963, 25.282633547470905, 0.0 ], [ 110.179779202200223, 25.282946475588648, 0.0 ], [ 110.179781048532632, 25.283259403693481, 0.0 ], [ 110.179782894850248, 25.283572331785386, 0.0 ], [ 110.179784741152943, 25.283885259864373, 0.0 ], [ 110.179786587440859, 25.284198187930439, 0.0 ], [ 110.17998742061485, 25.284420071531287, 0.0 ], [ 110.180330762276924, 25.284442052162468, 0.0 ], [ 110.180674104086833, 25.284464031997597, 0.0 ], [ 110.181017446044578, 25.284486011036662, 0.0 ], [ 110.181360788150087, 25.284507989279671, 0.0 ], [ 110.181638264984286, 25.284344905149368, 0.0 ], [ 110.181702442870289, 25.2840377604251, 0.0 ], [ 110.18176578015705, 25.283730171727438, 0.0 ], [ 110.181829117101742, 25.283422582981903, 0.0 ], [ 110.181892453704236, 25.283114994188502, 0.0 ], [ 110.181955789964675, 25.282807405347242, 0.0 ], [ 110.182019125882903, 25.282499816458117, 0.0 ], [ 110.182082461459103, 25.282192227521129, 0.0 ], [ 110.182145796693135, 25.281884638536269, 0.0 ], [ 110.182027611517881, 25.281614701207452, 0.0 ], [ 110.181713845687767, 25.281535807266653, 0.0 ], [ 110.181371012024798, 25.281508198928549, 0.0 ], [ 110.181027561361702, 25.281487897744984, 0.0 ], [ 110.180683681984604, 25.28147491654634, 0.0 ], [ 110.180339562613383, 25.281469260840016, 0.0 ] ] ] } },
{ "type": "Feature", "properties": { "OBJECTID": 246 }, "geometry": { "type": "Polygon", "coordinates": [ [ [ 110.187966561602863, 25.277590965362631, 0.0 ], [ 110.187709318913278, 25.27752529166591, 0.0 ], [ 110.187452076513082, 25.277459617527004, 0.0 ], [ 110.187194834402291, 25.277393942945913, 0.0 ], [ 110.186937592580819, 25.277328267922652, 0.0 ], [ 110.18668035104885, 25.277262592457216, 0.0 ], [ 110.186423109806213, 25.27719691654962, 0.0 ], [ 110.186165868853081, 25.277131240199861, 0.0 ], [ 110.185908628189367, 25.277065563407938, 0.0 ], [ 110.185651387815071, 25.276999886173858, 0.0 ], [ 110.185394147730207, 25.276934208497632, 0.0 ], [ 110.18513690793479, 25.276868530379254, 0.0 ], [ 110.184879668428735, 25.276802851818736, 0.0 ], [ 110.184622429212212, 25.276737172816077, 0.0 ], [ 110.184365190285135, 25.276671493371289, 0.0 ], [ 110.184213103946405, 25.276942236647198, 0.0 ], [ 110.184728210581881, 25.277045447479555, 0.0 ], [ 110.184985450501316, 25.277111126327782, 0.0 ], [ 110.185242690710339, 25.277176804733873, 0.0 ], [ 110.185499931208682, 25.277242482697812, 0.0 ], [ 110.185757171996457, 25.27730816021959, 0.0 ], [ 110.186014413073735, 25.277373837299223, 0.0 ], [ 110.186271654440446, 25.277439513936681, 0.0 ], [ 110.186528896096519, 25.277505190131972, 0.0 ], [ 110.186786138042066, 25.277570865885099, 0.0 ], [ 110.187043380276961, 25.277636541196046, 0.0 ], [ 110.187300622801359, 25.277702216064817, 0.0 ], [ 110.187557865615162, 25.277767890491415, 0.0 ], [ 110.187807456356893, 25.277763217407376, 0.0 ], [ 110.187966561602863, 25.277590965362631, 0.0 ] ] ] } },
{ "type": "Feature", "properties": { "OBJECTID": 247 }, "geometry": { "type": "Polygon", "coordinates": [ [ [ 110.204714162207395, 25.289349453841847, 0.0 ], [ 110.204791404562272, 25.289529867164212, 0.0 ], [ 110.204941191466375, 25.289652151146473, 0.0 ], [ 110.205134039186063, 25.289738383653201, 0.0 ], [ 110.205326887184228, 25.289824615913407, 0.0 ], [ 110.205519735460754, 25.289910847927111, 0.0 ], [ 110.2057125840157, 25.289997079694285, 0.0 ], [ 110.205905432849121, 25.290083311214932, 0.0 ], [ 110.206098281960891, 25.29016954248906, 0.0 ], [ 110.206291131351094, 25.290255773516655, 0.0 ], [ 110.206483981019773, 25.29034200429772, 0.0 ], [ 110.206676830966799, 25.290428234832255, 0.0 ], [ 110.206869681192231, 25.290514465120246, 0.0 ], [ 110.207062531696167, 25.290600695161697, 0.0 ], [ 110.207255502981482, 25.2906856805707, 0.0 ], [ 110.207461936983449, 25.290631340207661, 0.0 ], [ 110.20741404788491, 25.290556688173002, 0.0 ], [ 110.207221197191259, 25.290470458579605, 0.0 ], [ 110.207028346776099, 25.290384228739658, 0.0 ], [ 110.206835496639187, 25.290297998653173, 0.0 ], [ 110.20664264678085, 25.290211768320159, 0.0 ], [ 110.206449797200847, 25.2901255377406, 0.0 ], [ 110.206256947899249, 25.290039306914512, 0.0 ], [ 110.206064098876084, 25.289953075841893, 0.0 ], [ 110.20587125013131, 25.289866844522752, 0.0 ], [ 110.20567840166504, 25.289780612957085, 0.0 ], [ 110.205485553477018, 25.289694381144901, 0.0 ], [ 110.205292705567501, 25.289608149086195, 0.0 ], [ 110.205099857936403, 25.289521916780981, 0.0 ], [ 110.204907010583796, 25.289435684229247, 0.0 ], [ 110.204714162207395, 25.289349453841847, 0.0 ] ] ] } },
{ "type": "Feature", "properties": { "OBJECTID": 248 }, "geometry": { "type": "Polygon", "coordinates": [ [ [ 110.165299381024667, 25.233547870139422, 0.0 ], [ 110.165476118686612, 25.23354954331899, 0.0 ], [ 110.16565283225161, 25.233552681568817, 0.0 ], [ 110.165829507080602, 25.233557283301074, 0.0 ], [ 110.166006128528821, 25.233563348222013, 0.0 ], [ 110.166182681922606, 25.233570876361931, 0.0 ], [ 110.166262550767257, 25.233536184406631, 0.0 ], [ 110.166119895800932, 25.233441269317716, 0.0 ], [ 110.16594666125556, 25.233425643080526, 0.0 ], [ 110.165770018780066, 25.233420112973938, 0.0 ], [ 110.165593328577245, 25.233416035381499, 0.0 ], [ 110.165416605071542, 25.233413411300081, 0.0 ], [ 110.165239862722231, 25.233412239906134, 0.0 ], [ 110.165063115959413, 25.233412521514989, 0.0 ], [ 110.164886379218913, 25.233414256248093, 0.0 ], [ 110.164709666945598, 25.23341744423476, 0.0 ], [ 110.164532993562233, 25.2334220846477, 0.0 ], [ 110.164356373549936, 25.233428178342709, 0.0 ], [ 110.164179821290531, 25.233435723505188, 0.0 ], [ 110.164003351207498, 25.233444719696742, 0.0 ], [ 110.163844345357688, 25.233493714514442, 0.0 ], [ 110.163710367908635, 25.233598570643753, 0.0 ], [ 110.163886372135821, 25.233587184131363, 0.0 ], [ 110.164062774698635, 25.233577149240755, 0.0 ], [ 110.164239270434493, 25.233568576332601, 0.0 ], [ 110.16441584468177, 25.233561465739417, 0.0 ], [ 110.164592482826848, 25.233555818771706, 0.0 ], [ 110.164769170185934, 25.233551635233152, 0.0 ], [ 110.164945892114233, 25.233548915730037, 0.0 ], [ 110.165122633949409, 25.233547660712436, 0.0 ], [ 110.165299381024667, 25.233547870139422, 0.0 ] ] ] } },
{ "type": "Feature", "properties": { "OBJECTID": 249 }, "geometry": { "type": "Polygon", "coordinates": [ [ [ 110.163479534931426, 25.233615931407421, 0.0 ], [ 110.163353289303402, 25.233547302063453, 0.0 ], [ 110.163221392449174, 25.233501221345289, 0.0 ], [ 110.163074918434518, 25.233513302759174, 0.0 ], [ 110.162928444395448, 25.233525384027082, 0.0 ], [ 110.162781970331807, 25.233537465148999, 0.0 ], [ 110.162635496243695, 25.233549546124927, 0.0 ], [ 110.162489022131155, 25.233561626954874, 0.0 ], [ 110.162342547994044, 25.23357370763884, 0.0 ], [ 110.162196073832447, 25.233585788176814, 0.0 ], [ 110.162049599646451, 25.2335978685688, 0.0 ], [ 110.161903125435884, 25.233609948814813, 0.0 ], [ 110.161756651200832, 25.233622028914823, 0.0 ], [ 110.16161017694138, 25.233634108868866, 0.0 ], [ 110.161474914333112, 25.233668546957663, 0.0 ], [ 110.161368858047396, 25.233761229719015, 0.0 ], [ 110.161428889810622, 25.23378501080462, 0.0 ], [ 110.161575364263854, 25.233772931037169, 0.0 ], [ 110.161721838692699, 25.233760851123726, 0.0 ], [ 110.161868313097031, 25.233748771064302, 0.0 ], [ 110.162014787476835, 25.233736690858887, 0.0 ], [ 110.16216126183221, 25.233724610507483, 0.0 ], [ 110.1623077361631, 25.233712530010092, 0.0 ], [ 110.162454210469434, 25.233700449366722, 0.0 ], [ 110.162600684751425, 25.233688368577358, 0.0 ], [ 110.162747159008774, 25.233676287642016, 0.0 ], [ 110.162893633241708, 25.233664206560679, 0.0 ], [ 110.163040107450158, 25.233652125333361, 0.0 ], [ 110.163186581634093, 25.233640043960051, 0.0 ], [ 110.163333055793487, 25.233627962440767, 0.0 ], [ 110.163479534931426, 25.233615931407421, 0.0 ] ] ] } },
{ "type": "Feature", "properties": { "OBJECTID": 250 }, "geometry": { "type": "Polygon", "coordinates": [ [ [ 110.160784375011787, 25.233838162162673, 0.0 ], [ 110.160615482697835, 25.233742372394275, 0.0 ], [ 110.160424272173927, 25.233731906426026, 0.0 ], [ 110.160226048480425, 25.233748252372166, 0.0 ], [ 110.160027824741988, 25.233764598050946, 0.0 ], [ 110.159829600958787, 25.233780943462349, 0.0 ], [ 110.159631377130708, 25.233797288606397, 0.0 ], [ 110.159433153257893, 25.233813633483052, 0.0 ], [ 110.159234929340272, 25.233829978092366, 0.0 ], [ 110.159036705377858, 25.233846322434296, 0.0 ], [ 110.158838481370623, 25.233862666508863, 0.0 ], [ 110.158640257318524, 25.233879010316048, 0.0 ], [ 110.158442033221704, 25.233895353855875, 0.0 ], [ 110.158243809080091, 25.233911697128327, 0.0 ], [ 110.158045584879432, 25.233928039991085, 0.0 ], [ 110.157898801173999, 25.234046881498166, 0.0 ], [ 110.158009237291211, 25.234066988017286, 0.0 ], [ 110.158207461705302, 25.234050645051294, 0.0 ], [ 110.158405686074602, 25.234034301817942, 0.0 ], [ 110.158603910399165, 25.23401795831721, 0.0 ], [ 110.158802134678865, 25.234001614549104, 0.0 ], [ 110.159000358913786, 25.233985270513628, 0.0 ], [ 110.159198583103972, 25.233968926210785, 0.0 ], [ 110.159396807249195, 25.233952581640555, 0.0 ], [ 110.159595031349767, 25.233936236802968, 0.0 ], [ 110.159793255405532, 25.233919891698012, 0.0 ], [ 110.159991479416405, 25.233903546325678, 0.0 ], [ 110.160189703382457, 25.233887200685984, 0.0 ], [ 110.160387927303773, 25.233870854778914, 0.0 ], [ 110.160586151180112, 25.233854508604477, 0.0 ], [ 110.160784375011787, 25.233838162162673, 0.0 ] ] ] } },
{ "type": "Feature", "properties": { "OBJECTID": 251 }, "geometry": { "type": "Polygon", "coordinates": [ [ [ 110.157629062999078, 25.234093008335392, 0.0 ], [ 110.157464897572524, 25.234013215384902, 0.0 ], [ 110.157287999514239, 25.233990497909279, 0.0 ], [ 110.157102624406249, 25.234005780336673, 0.0 ], [ 110.156917249259124, 25.234021062530235, 0.0 ], [ 110.156731874072904, 25.234036344489954, 0.0 ], [ 110.156546498847476, 25.234051626215848, 0.0 ], [ 110.156361123582869, 25.234066907707891, 0.0 ], [ 110.15617574827921, 25.234082188966109, 0.0 ], [ 110.155990372936401, 25.234097469990481, 0.0 ], [ 110.15580499755437, 25.234112750781026, 0.0 ], [ 110.155619622133187, 25.234128031337722, 0.0 ], [ 110.155434246672954, 25.234143311660588, 0.0 ], [ 110.155248871173498, 25.234158591749608, 0.0 ], [ 110.155063495666781, 25.234173871924664, 0.0 ], [ 110.154933232420149, 25.234292595311761, 0.0 ], [ 110.155040571542813, 25.234311711575423, 0.0 ], [ 110.155225947294369, 25.234296431768605, 0.0 ], [ 110.155411323006689, 25.234281151727942, 0.0 ], [ 110.155596698679958, 25.234265871453438, 0.0 ], [ 110.155782074314018, 25.234250590945098, 0.0 ], [ 110.155967449908943, 25.234235310202916, 0.0 ], [ 110.156152825464787, 25.234220029226886, 0.0 ], [ 110.15633820098148, 25.234204748017024, 0.0 ], [ 110.156523576458952, 25.234189466573326, 0.0 ], [ 110.156708951897272, 25.234174184895785, 0.0 ], [ 110.156894327296513, 25.234158902984401, 0.0 ], [ 110.157079702656603, 25.234143620839184, 0.0 ], [ 110.15726507797747, 25.234128338460138, 0.0 ], [ 110.157450453259173, 25.234113055847249, 0.0 ], [ 110.157629062999078, 25.234093008335392, 0.0 ] ] ] } },
{ "type": "Feature", "properties": { "OBJECTID": 252 }, "geometry": { "type": "Polygon", "coordinates": [ [ [ 110.154260291435023, 25.234376177646933, 0.0 ], [ 110.153993138762104, 25.234263555192758, 0.0 ], [ 110.153689718951981, 25.234293496077822, 0.0 ], [ 110.15338706122931, 25.23432922203979, 0.0 ], [ 110.153085698471671, 25.234373042560655, 0.0 ], [ 110.152786401321848, 25.234427286689815, 0.0 ], [ 110.152490249737099, 25.234494269176462, 0.0 ], [ 110.152198443434457, 25.234575501419226, 0.0 ], [ 110.151911878035108, 25.234670929190802, 0.0 ], [ 110.151631387203565, 25.234780273959402, 0.0 ], [ 110.151357787580267, 25.23490321820994, 0.0 ], [ 110.151091875354339, 25.235039403898451, 0.0 ], [ 110.150834423779955, 25.235188433797727, 0.0 ], [ 110.150586182099445, 25.235349874360011, 0.0 ], [ 110.150347438412311, 25.2355227717009, 0.0 ], [ 110.150201233540386, 25.23574996774672, 0.0 ], [ 110.150335958159687, 25.235709533526371, 0.0 ], [ 110.150570636127668, 25.235532085310791, 0.0 ], [ 110.150814701139183, 25.235365459498365, 0.0 ], [ 110.151068482213816, 25.235211312088435, 0.0 ], [ 110.151331259516809, 25.235070185066604, 0.0 ], [ 110.151602227073624, 25.234942512748027, 0.0 ], [ 110.151880552700817, 25.234828686525205, 0.0 ], [ 110.152165382004497, 25.234729055811702, 0.0 ], [ 110.152455840516325, 25.23464392610866, 0.0 ], [ 110.1527510207072, 25.234573498446352, 0.0 ], [ 110.153049724890678, 25.234516627790512, 0.0 ], [ 110.153350741459349, 25.234470890972396, 0.0 ], [ 110.15365320434455, 25.234433831514306, 0.0 ], [ 110.153956521111411, 25.234403042129301, 0.0 ], [ 110.154260291435023, 25.234376177646933, 0.0 ] ] ] } },
{ "type": "Feature", "properties": { "OBJECTID": 253 }, "geometry": { "type": "Polygon", "coordinates": [ [ [ 110.150481367326549, 25.244169614603202, 0.0 ], [ 110.150220699965828, 25.244020778947412, 0.0 ], [ 110.150091766109611, 25.244134014587367, 0.0 ], [ 110.1499705473788, 25.24424723651515, 0.0 ], [ 110.150099966186659, 25.244360013839866, 0.0 ], [ 110.150229385233686, 25.244472791055685, 0.0 ], [ 110.150358804652768, 25.244585568036548, 0.0 ], [ 110.150488224383508, 25.244698344839769, 0.0 ], [ 110.150617644353574, 25.244811121534077, 0.0 ], [ 110.150747064562808, 25.244923898119488, 0.0 ], [ 110.150876485011381, 25.245036674596005, 0.0 ], [ 110.151005905588292, 25.245149451068812, 0.0 ], [ 110.151135326381151, 25.245262227454877, 0.0 ], [ 110.151264747413265, 25.245375003732029, 0.0 ], [ 110.151394168684575, 25.245487779900266, 0.0 ], [ 110.151523590195197, 25.245600555959594, 0.0 ], [ 110.151653011945086, 25.245713331910022, 0.0 ], [ 110.151783018579607, 25.245645041025689, 0.0 ], [ 110.15179229727805, 25.245495707160856, 0.0 ], [ 110.151655462036501, 25.245390418657703, 0.0 ], [ 110.151518712241156, 25.245285038877181, 0.0 ], [ 110.151384808503579, 25.2451766907324, 0.0 ], [ 110.151255206868086, 25.245064098664326, 0.0 ], [ 110.151130069840377, 25.24494740388424, 0.0 ], [ 110.151009553786125, 25.244826753180359, 0.0 ], [ 110.150893809791825, 25.244702297790138, 0.0 ], [ 110.150782983804362, 25.244574193136074, 0.0 ], [ 110.150677214095609, 25.244442600365616, 0.0 ], [ 110.150576632861217, 25.244307684699994, 0.0 ], [ 110.150481367326549, 25.244169614603202, 0.0 ] ] ] } },
{ "type": "Feature", "properties": { "OBJECTID": 254 }, "geometry": { "type": "Polygon", "coordinates": [ [ [ 110.146495272722476, 25.239298805493476, 0.0 ], [ 110.146375078791394, 25.239230208171787, 0.0 ], [ 110.146195311333656, 25.239387831741706, 0.0 ], [ 110.146074188844665, 25.239502801946173, 0.0 ], [ 110.145953066127461, 25.239617772043584, 0.0 ], [ 110.145831943182031, 25.239732742033947, 0.0 ], [ 110.145710820008389, 25.23984771191726, 0.0 ], [ 110.14558969660655, 25.239962681693513, 0.0 ], [ 110.145468572976398, 25.240077651362714, 0.0 ], [ 110.145347449118177, 25.240192620924848, 0.0 ], [ 110.145226325031587, 25.240307590379928, 0.0 ], [ 110.145105200716927, 25.240422559727946, 0.0 ], [ 110.144984076173913, 25.240537528968904, 0.0 ], [ 110.144862951402729, 25.24065249810279, 0.0 ], [ 110.144741826052964, 25.240767466824256, 0.0 ], [ 110.144726481559672, 25.240925353649491, 0.0 ], [ 110.144799541775157, 25.240908381821477, 0.0 ], [ 110.144920666898926, 25.240793412780711, 0.0 ], [ 110.145041791794426, 25.240678443632881, 0.0 ], [ 110.145162916461672, 25.240563474377982, 0.0 ], [ 110.145284040900776, 25.240448505016015, 0.0 ], [ 110.145405165111654, 25.240333535547002, 0.0 ], [ 110.14552628909432, 25.24021856597092, 0.0 ], [ 110.14564741284839, 25.240103596287533, 0.0 ], [ 110.145768536372174, 25.239988626495254, 0.0 ], [ 110.14588965966783, 25.239873656595918, 0.0 ], [ 110.146010782735189, 25.239758686589536, 0.0 ], [ 110.146131905574322, 25.239643716476092, 0.0 ], [ 110.146253028185257, 25.239528746255601, 0.0 ], [ 110.146374150567979, 25.23941377592806, 0.0 ], [ 110.146495272722476, 25.239298805493476, 0.0 ] ] ] } },
{ "type": "Feature", "properties": { "OBJECTID": 255 }, "geometry": { "type": "Polygon", "coordinates": [ [ [ 110.148826770472482, 25.237085660024071, 0.0 ], [ 110.148617830551203, 25.237125755232249, 0.0 ], [ 110.148451936476178, 25.237245771457225, 0.0 ], [ 110.148301020628679, 25.237389029075079, 0.0 ], [ 110.148150104426904, 25.237532286526779, 0.0 ], [ 110.147999187870937, 25.237675543812319, 0.0 ], [ 110.147848270960679, 25.237818800931681, 0.0 ], [ 110.147697353696145, 25.237962057884882, 0.0 ], [ 110.147546436077334, 25.238105314671916, 0.0 ], [ 110.147395518104148, 25.238248571292768, 0.0 ], [ 110.147244599776755, 25.238391827747446, 0.0 ], [ 110.147093681095001, 25.238535084035949, 0.0 ], [ 110.146942762059012, 25.238678340158259, 0.0 ], [ 110.146791842668662, 25.238821596114391, 0.0 ], [ 110.146640922924092, 25.238964851904338, 0.0 ], [ 110.146713925061789, 25.239091257067194, 0.0 ], [ 110.146864844894012, 25.2389480012157, 0.0 ], [ 110.147015764371943, 25.238804745198006, 0.0 ], [ 110.147166683495556, 25.238661489014131, 0.0 ], [ 110.147317602264962, 25.238518232664074, 0.0 ], [ 110.147468520679993, 25.238374976147824, 0.0 ], [ 110.147619438740719, 25.238231719465411, 0.0 ], [ 110.147770356447154, 25.238088462616822, 0.0 ], [ 110.147921273799327, 25.237945205602063, 0.0 ], [ 110.148072190797265, 25.237801948421133, 0.0 ], [ 110.148223107440799, 25.237658691074039, 0.0 ], [ 110.148374023730184, 25.237515433560787, 0.0 ], [ 110.148524939665222, 25.237372175881362, 0.0 ], [ 110.148675855245912, 25.237228918035793, 0.0 ], [ 110.148826770472482, 25.237085660024071, 0.0 ] ] ] } },
{ "type": "Feature", "properties": { "OBJECTID": 256 }, "geometry": { "type": "Polygon", "coordinates": [ [ [ 110.142346693932538, 25.243236496230217, 0.0 ], [ 110.142477824849493, 25.243112037032784, 0.0 ], [ 110.142608955498943, 25.242987577709851, 0.0 ], [ 110.142740085880888, 25.242863118261404, 0.0 ], [ 110.142871215995342, 25.24273865868744, 0.0 ], [ 110.143002345842291, 25.242614198987969, 0.0 ], [ 110.143133475421664, 25.242489739162998, 0.0 ], [ 110.143264604733602, 25.242365279212525, 0.0 ], [ 110.143395733778064, 25.242240819136555, 0.0 ], [ 110.143526862555092, 25.242116358935078, 0.0 ], [ 110.143657991064586, 25.241991898608113, 0.0 ], [ 110.143789119306561, 25.241867438155648, 0.0 ], [ 110.143920247280974, 25.241742977577687, 0.0 ], [ 110.144051374987995, 25.241618516874237, 0.0 ], [ 110.144182502427512, 25.241494056045291, 0.0 ], [ 110.14422785234072, 25.24140846819849, 0.0 ], [ 110.144041524086973, 25.241432170335589, 0.0 ], [ 110.143910396696597, 25.241556631143276, 0.0 ], [ 110.143779268906968, 25.241681091710653, 0.0 ], [ 110.143648140849933, 25.241805552152552, 0.0 ], [ 110.143517012525322, 25.241930012468945, 0.0 ], [ 110.143385883933234, 25.242054472659845, 0.0 ], [ 110.143254755073727, 25.242178932725249, 0.0 ], [ 110.143123625946657, 25.242303392665146, 0.0 ], [ 110.142992496552083, 25.242427852479551, 0.0 ], [ 110.142861366890017, 25.242552312168446, 0.0 ], [ 110.14273023696046, 25.242676771731837, 0.0 ], [ 110.14259910676347, 25.242801231169718, 0.0 ], [ 110.142467976298917, 25.242925690482092, 0.0 ], [ 110.142262391609989, 25.243164348702987, 0.0 ], [ 110.142346693932538, 25.243236496230217, 0.0 ] ] ] } },
{ "type": "Feature", "properties": { "OBJECTID": 257 }, "geometry": { "type": "Polygon", "coordinates": [ [ [ 110.140153326469317, 25.245318212972958, 0.0 ], [ 110.14029155898416, 25.245187020183295, 0.0 ], [ 110.140429791201655, 25.245055827254131, 0.0 ], [ 110.140568023121929, 25.24492463418547, 0.0 ], [ 110.140706254745027, 25.244793440977315, 0.0 ], [ 110.140844486070691, 25.244662247629655, 0.0 ], [ 110.140982717099163, 25.244531054142502, 0.0 ], [ 110.141120947830359, 25.244399860515866, 0.0 ], [ 110.141259178264221, 25.24426866674974, 0.0 ], [ 110.141397408400977, 25.244137472844123, 0.0 ], [ 110.141535638240313, 25.244006278799031, 0.0 ], [ 110.141673867782472, 25.243875084614448, 0.0 ], [ 110.141812097027369, 25.243743890290396, 0.0 ], [ 110.141950325975003, 25.243612695826858, 0.0 ], [ 110.142088554625403, 25.243481501223847, 0.0 ], [ 110.141942202489233, 25.243425366014929, 0.0 ], [ 110.141803726601069, 25.243556141434535, 0.0 ], [ 110.141665497606112, 25.24368733579411, 0.0 ], [ 110.141527268313894, 25.243818530014206, 0.0 ], [ 110.141389038724427, 25.243949724094829, 0.0 ], [ 110.141250808837682, 25.244080918035959, 0.0 ], [ 110.141112578653775, 25.244212111837612, 0.0 ], [ 110.140974348172449, 25.244343305499779, 0.0 ], [ 110.140836117394002, 25.244474499022449, 0.0 ], [ 110.140697886318137, 25.244605692405628, 0.0 ], [ 110.140559654945164, 25.244736885649321, 0.0 ], [ 110.14042142327483, 25.244868078753516, 0.0 ], [ 110.140283191307233, 25.244999271718207, 0.0 ], [ 110.140160968198998, 25.245136640390605, 0.0 ], [ 110.140153326469317, 25.245318212972958, 0.0 ] ] ] } },
{ "type": "Feature", "properties": { "OBJECTID": 258 }, "geometry": { "type": "Polygon", "coordinates": [ [ [ 110.150099693241728, 25.236044059347655, 0.0 ], [ 110.14963324402413, 25.236128650094148, 0.0 ], [ 110.149248083480785, 25.23649001957109, 0.0 ], [ 110.149078757219897, 25.236922079188894, 0.0 ], [ 110.149488376916551, 25.237260063706938, 0.0 ], [ 110.149854969000344, 25.237636754445475, 0.0 ], [ 110.150174662186089, 25.238047269441676, 0.0 ], [ 110.150443713080307, 25.238486800745875, 0.0 ], [ 110.150658969949632, 25.238950201427336, 0.0 ], [ 110.150817910683742, 25.239432044836249, 0.0 ], [ 110.150918674116994, 25.239926687834746, 0.0 ], [ 110.150981038889427, 25.240426743558196, 0.0 ], [ 110.151078480835267, 25.240922063917029, 0.0 ], [ 110.151216919708048, 25.241409242435825, 0.0 ], [ 110.151395558267211, 25.241885476850829, 0.0 ], [ 110.151650396184863, 25.242303957696468, 0.0 ], [ 110.152083685409735, 25.242058329727548, 0.0 ], [ 110.152481759775242, 25.241708704148177, 0.0 ], [ 110.152876738001439, 25.241356230773324, 0.0 ], [ 110.152924369347559, 25.240903681050433, 0.0 ], [ 110.152726470594217, 25.240433675880205, 0.0 ], [ 110.152531606135838, 25.239962605836588, 0.0 ], [ 110.152336743131002, 25.239491535545177, 0.0 ], [ 110.152136070864486, 25.239022518988754, 0.0 ], [ 110.15191258799608, 25.238562132332522, 0.0 ], [ 110.151665642746522, 25.238111771407826, 0.0 ], [ 110.151395777490407, 25.237672424666975, 0.0 ], [ 110.151103585100756, 25.237245056229426, 0.0 ], [ 110.15078970608063, 25.236830604731281, 0.0 ], [ 110.150454830069805, 25.236429979585107, 0.0 ], [ 110.150099693241728, 25.236044059347655, 0.0 ] ] ] } },
{ "type": "Feature", "properties": { "OBJECTID": 259 }, "geometry": { "type": "Polygon", "coordinates": [ [ [ 110.153234889232877, 25.241530765395051, 0.0 ], [ 110.152725415490991, 25.241820953571949, 0.0 ], [ 110.152255694866398, 25.24223350603895, 0.0 ], [ 110.151856893903073, 25.242679936674282, 0.0 ], [ 110.152142378848254, 25.243195952132545, 0.0 ], [ 110.152529288476757, 25.243674122177083, 0.0 ], [ 110.152961653195717, 25.244118918355362, 0.0 ], [ 110.15343073412663, 25.244531998575898, 0.0 ], [ 110.153924051289536, 25.244920528558001, 0.0 ], [ 110.154469725558883, 25.245245914164826, 0.0 ], [ 110.15505866773502, 25.245501431524573, 0.0 ], [ 110.15566319406183, 25.245725993168634, 0.0 ], [ 110.156267722675679, 25.245950552388823, 0.0 ], [ 110.156866268970887, 25.246187560787554, 0.0 ], [ 110.157432975559701, 25.246481961614482, 0.0 ], [ 110.157958235393977, 25.246834251233061, 0.0 ], [ 110.158434832740454, 25.247239745377886, 0.0 ], [ 110.158929122450445, 25.247007465314841, 0.0 ], [ 110.158660610803523, 25.246506057473422, 0.0 ], [ 110.158263680977853, 25.246034476182327, 0.0 ], [ 110.157831840746766, 25.245589398401638, 0.0 ], [ 110.157348224296982, 25.245190791745596, 0.0 ], [ 110.156818840404753, 25.244843607032607, 0.0 ], [ 110.15625810058232, 25.244539326488944, 0.0 ], [ 110.155696362800711, 25.244236535608525, 0.0 ], [ 110.155163577428539, 25.243893705947912, 0.0 ], [ 110.154676890114573, 25.243498226323435, 0.0 ], [ 110.154242555374083, 25.243055182981887, 0.0 ], [ 110.153866157788073, 25.242570270359625, 0.0 ], [ 110.153542498316796, 25.242054550006586, 0.0 ], [ 110.153234889232877, 25.241530765395051, 0.0 ] ] ] } },
{ "type": "Feature", "properties": { "OBJECTID": 260 }, "geometry": { "type": "Polygon", "coordinates": [ [ [ 110.156662193622154, 25.246398355775924, 0.0 ], [ 110.156604294455889, 25.246527968437867, 0.0 ], [ 110.156535191093795, 25.246658044389942, 0.0 ], [ 110.156451972831491, 25.246781091647751, 0.0 ], [ 110.156375210085287, 25.246907511729148, 0.0 ], [ 110.156310610410401, 25.247039521566133, 0.0 ], [ 110.156255517643771, 25.247175003929215, 0.0 ], [ 110.156212904410282, 25.247314074450312, 0.0 ], [ 110.156181129125102, 25.247455602491868, 0.0 ], [ 110.156159858165992, 25.247598704953134, 0.0 ], [ 110.156146939893645, 25.247742737686956, 0.0 ], [ 110.156140770036885, 25.247887035642329, 0.0 ], [ 110.15614606418697, 25.248031451217489, 0.0 ], [ 110.156158938258073, 25.248175456860888, 0.0 ], [ 110.156250748062192, 25.248231252138716, 0.0 ], [ 110.156406322103109, 25.248201802923361, 0.0 ], [ 110.15654914844626, 25.248161223263605, 0.0 ], [ 110.156535543702603, 25.248017253809415, 0.0 ], [ 110.156531864044268, 25.247872796399744, 0.0 ], [ 110.156538265425212, 25.247728414731508, 0.0 ], [ 110.156554894163676, 25.247584709619307, 0.0 ], [ 110.156581492263996, 25.247442252798809, 0.0 ], [ 110.156617953805267, 25.247301611875656, 0.0 ], [ 110.156664246543059, 25.247163382439247, 0.0 ], [ 110.156720151780746, 25.24702812613786, 0.0 ], [ 110.156796412080197, 25.246901473764449, 0.0 ], [ 110.156870651517096, 25.246773698354595, 0.0 ], [ 110.156940160111475, 25.246643740261955, 0.0 ], [ 110.156944689747817, 25.246530700118619, 0.0 ], [ 110.156804530614437, 25.246462605316861, 0.0 ], [ 110.156662193622154, 25.246398355775924, 0.0 ] ] ] } },
{ "type": "Feature", "properties": { "OBJECTID": 261 }, "geometry": { "type": "Polygon", "coordinates": [ [ [ 110.140011611282375, 25.245583641641165, 0.0 ], [ 110.139644563539392, 25.245605373668063, 0.0 ], [ 110.139353066206056, 25.245882021780172, 0.0 ], [ 110.139234212992179, 25.246217415297249, 0.0 ], [ 110.139481013720328, 25.246474240575811, 0.0 ], [ 110.139842355843399, 25.24667125515975, 0.0 ], [ 110.140199102230682, 25.246875080487662, 0.0 ], [ 110.140551097344101, 25.247085628399166, 0.0 ], [ 110.140898188503058, 25.247302806697977, 0.0 ], [ 110.141240224369298, 25.247526521387393, 0.0 ], [ 110.141577056101525, 25.247756675191624, 0.0 ], [ 110.141908537466506, 25.247993167632572, 0.0 ], [ 110.142234523921459, 25.248235896226028, 0.0 ], [ 110.142554873817446, 25.248484755183114, 0.0 ], [ 110.142869447878326, 25.248739636161119, 0.0 ], [ 110.1431781089494, 25.249000428580544, 0.0 ], [ 110.143505697743208, 25.249210298297307, 0.0 ], [ 110.143828008197943, 25.249091037232564, 0.0 ], [ 110.143656887437842, 25.248769678271202, 0.0 ], [ 110.143353107153189, 25.248504178516768, 0.0 ], [ 110.143049328190656, 25.248238678162615, 0.0 ], [ 110.142745550550359, 25.24797317720876, 0.0 ], [ 110.142441774232225, 25.247707675655228, 0.0 ], [ 110.14213799923624, 25.247442173502034, 0.0 ], [ 110.141834225562349, 25.247176670749212, 0.0 ], [ 110.141530453210493, 25.246911167396764, 0.0 ], [ 110.1412266821808, 25.246645663444735, 0.0 ], [ 110.140922912473158, 25.246380158893128, 0.0 ], [ 110.14061914408758, 25.246114653741991, 0.0 ], [ 110.140315377023938, 25.245849147991322, 0.0 ], [ 110.140011611282375, 25.245583641641165, 0.0 ] ] ] } },
{ "type": "Feature", "properties": { "OBJECTID": 262 }, "geometry": { "type": "Polygon", "coordinates": [ [ [ 110.155413390558252, 25.249411896115173, 0.0 ], [ 110.15586933022081, 25.24947027382111, 0.0 ], [ 110.156330504544954, 25.24957141260322, 0.0 ], [ 110.156802405525141, 25.249545692226075, 0.0 ], [ 110.157173039159019, 25.249803454660388, 0.0 ], [ 110.157597319685053, 25.24996316427621, 0.0 ], [ 110.157994377023755, 25.249997311662522, 0.0 ], [ 110.158429514402329, 25.249813444565294, 0.0 ], [ 110.158864650501982, 25.249629576147559, 0.0 ], [ 110.159290498117358, 25.249437184599113, 0.0 ], [ 110.159334711574061, 25.249035736952919, 0.0 ], [ 110.159104307228091, 25.24874491947017, 0.0 ], [ 110.158680887536974, 25.248950164046313, 0.0 ], [ 110.15824079017564, 25.249068273495183, 0.0 ], [ 110.157766018829321, 25.249005209847205, 0.0 ], [ 110.157291248019774, 25.2489421446849, 0.0 ], [ 110.156918274285005, 25.248686482420258, 0.0 ], [ 110.156493148235, 25.248646537777589, 0.0 ], [ 110.15602113838699, 25.248724376050159, 0.0 ], [ 110.155545115754762, 25.24877877559388, 0.0 ], [ 110.15507346484668, 25.248858335686332, 0.0 ], [ 110.154609679433989, 25.248969760906913, 0.0 ], [ 110.154156358697719, 25.249112427442945, 0.0 ], [ 110.153935475589577, 25.24945654795421, 0.0 ], [ 110.154161840771934, 25.249819264672812, 0.0 ], [ 110.154420996723786, 25.250186426645314, 0.0 ], [ 110.154656066258852, 25.250566760606166, 0.0 ], [ 110.154873877644562, 25.250509376349491, 0.0 ], [ 110.154932481694473, 25.250076793434729, 0.0 ], [ 110.155046827172711, 25.249663418615874, 0.0 ], [ 110.155413390558252, 25.249411896115173, 0.0 ] ] ] } },
{ "type": "Feature", "properties": { "OBJECTID": 263 }, "geometry": { "type": "Polygon", "coordinates": [ [ [ 110.151258949765662, 25.252060439446854, 0.0 ], [ 110.151554273260771, 25.25205636352041, 0.0 ], [ 110.151849123390633, 25.252040626036369, 0.0 ], [ 110.152142441144818, 25.252009308505777, 0.0 ], [ 110.15243543015356, 25.251975194063476, 0.0 ], [ 110.152728419016455, 25.251941079035412, 0.0 ], [ 110.153021407747048, 25.251906963516923, 0.0 ], [ 110.153314391379823, 25.251872812687665, 0.0 ], [ 110.153605084411851, 25.25182564751643, 0.0 ], [ 110.153890029902129, 25.251755214321427, 0.0 ], [ 110.154166979723627, 25.251662066497296, 0.0 ], [ 110.154416036010119, 25.251532871100078, 0.0 ], [ 110.154483416014671, 25.251288117650944, 0.0 ], [ 110.154362411425964, 25.251043079214728, 0.0 ], [ 110.154231451221889, 25.250802316033091, 0.0 ], [ 110.154090425081094, 25.250566302283673, 0.0 ], [ 110.153939540172445, 25.250335386287595, 0.0 ], [ 110.153779019203299, 25.250109908389092, 0.0 ], [ 110.15361029491099, 25.250086523177956, 0.0 ], [ 110.153385426251205, 25.250258500697086, 0.0 ], [ 110.153108679090622, 25.25034824023729, 0.0 ], [ 110.152814133035534, 25.250360865857708, 0.0 ], [ 110.152530352368061, 25.250431055083492, 0.0 ], [ 110.152285855099322, 25.250579684474655, 0.0 ], [ 110.152106043548585, 25.250791324076218, 0.0 ], [ 110.152009587549443, 25.251043984812409, 0.0 ], [ 110.151971400878352, 25.25130983260906, 0.0 ], [ 110.151866148425299, 25.251560069340805, 0.0 ], [ 110.151695729044405, 25.251778611228328, 0.0 ], [ 110.151470864479307, 25.251951704532903, 0.0 ], [ 110.151258949765662, 25.252060439446854, 0.0 ] ] ] } },
{ "type": "Feature", "properties": { "OBJECTID": 264 }, "geometry": { "type": "Polygon", "coordinates": [ [ [ 110.15214896537907, 25.25266739749642, 0.0 ], [ 110.152956747031538, 25.25263339668054, 0.0 ], [ 110.153763614810856, 25.252581850481455, 0.0 ], [ 110.154570482046381, 25.252530299855216, 0.0 ], [ 110.154823733959873, 25.252017545896681, 0.0 ], [ 110.154150770763209, 25.251959366605252, 0.0 ], [ 110.153368262310494, 25.252139445746433, 0.0 ], [ 110.15256597717071, 25.252232995127681, 0.0 ], [ 110.151762704760529, 25.25231783461544, 0.0 ], [ 110.150954313019781, 25.252323546260094, 0.0 ], [ 110.150150453024096, 25.252245605294327, 0.0 ], [ 110.149360109931706, 25.252090177405197, 0.0 ], [ 110.148573790969962, 25.251917762400304, 0.0 ], [ 110.147791276656292, 25.251732441733871, 0.0 ], [ 110.147044417490747, 25.251452029029725, 0.0 ], [ 110.146355482270678, 25.251068084819643, 0.0 ], [ 110.145740849974928, 25.250590984989461, 0.0 ], [ 110.145157647730514, 25.250081295852571, 0.0 ], [ 110.144574450359556, 25.249571604504897, 0.0 ], [ 110.144124952993309, 25.249721335135153, 0.0 ], [ 110.144708506411888, 25.250230689881768, 0.0 ], [ 110.145297268765333, 25.25073500582916, 0.0 ], [ 110.145931788637995, 25.251190200377518, 0.0 ], [ 110.146638042792787, 25.251546971390525, 0.0 ], [ 110.147399220991147, 25.251793607513363, 0.0 ], [ 110.148185271807577, 25.251966655735625, 0.0 ], [ 110.148974481235939, 25.252127779242088, 0.0 ], [ 110.149763692872924, 25.252288898581035, 0.0 ], [ 110.150552906718403, 25.252450013752398, 0.0 ], [ 110.15134427843789, 25.252601722094077, 0.0 ], [ 110.15214896537907, 25.25266739749642, 0.0 ] ] ] } },
{ "type": "Feature", "properties": { "OBJECTID": 265 }, "geometry": { "type": "Polygon", "coordinates": [ [ [ 110.205112130760526, 25.225873896199509, 0.0 ], [ 110.205401303601789, 25.225849694189939, 0.0 ], [ 110.205624822697985, 25.225693682603524, 0.0 ], [ 110.205492833673887, 25.225739426393368, 0.0 ], [ 110.205205745141313, 25.225779223318384, 0.0 ], [ 110.204918656437883, 25.225819019680866, 0.0 ], [ 110.204631567563538, 25.225858815480851, 0.0 ], [ 110.204372804566887, 25.225786982160777, 0.0 ], [ 110.204087624084195, 25.225836809154636, 0.0 ], [ 110.203804089051985, 25.225893879963493, 0.0 ], [ 110.203522421931908, 25.225958150306287, 0.0 ], [ 110.203242843234179, 25.226029568547162, 0.0 ], [ 110.202965572317467, 25.226108079273267, 0.0 ], [ 110.202690183371217, 25.226191917010194, 0.0 ], [ 110.20241491163749, 25.226276075428917, 0.0 ], [ 110.202139639538288, 25.226360233324623, 0.0 ], [ 110.20186436707354, 25.226444390697324, 0.0 ], [ 110.201589094243261, 25.226528547547023, 0.0 ], [ 110.201749835209569, 25.226660688697351, 0.0 ], [ 110.202023836811165, 25.226586090611587, 0.0 ], [ 110.202299109585638, 25.226501933188842, 0.0 ], [ 110.202574381994594, 25.226417775243092, 0.0 ], [ 110.202849654037962, 25.226333616774333, 0.0 ], [ 110.203125476560714, 25.226250979757157, 0.0 ], [ 110.203403631717109, 25.22617510129767, 0.0 ], [ 110.203684054478074, 25.226106475912623, 0.0 ], [ 110.203966516338326, 25.226045159532681, 0.0 ], [ 110.204250787166359, 25.225991202294111, 0.0 ], [ 110.204536635374666, 25.225944648582619, 0.0 ], [ 110.204823827985336, 25.225905536362728, 0.0 ], [ 110.205112130760526, 25.225873896199509, 0.0 ] ] ] } },
{ "type": "Feature", "properties": { "OBJECTID": 266 }, "geometry": { "type": "Polygon", "coordinates": [ [ [ 110.20485937359976, 25.226538928708536, 0.0 ], [ 110.204689678881522, 25.226392333035442, 0.0 ], [ 110.204463560738589, 25.226414108721137, 0.0 ], [ 110.204233797668707, 25.226454538773911, 0.0 ], [ 110.204005176700747, 25.226500011646493, 0.0 ], [ 110.203777831498584, 25.226550500457357, 0.0 ], [ 110.203551895079997, 25.226605975803789, 0.0 ], [ 110.203327499525614, 25.226666404993669, 0.0 ], [ 110.203104776445784, 25.22673175363213, 0.0 ], [ 110.202882942315981, 25.22679957461871, 0.0 ], [ 110.20266110806331, 25.226867395575912, 0.0 ], [ 110.202439273573319, 25.226935216193461, 0.0 ], [ 110.202217438845864, 25.227003036471345, 0.0 ], [ 110.201995603881116, 25.227070856409561, 0.0 ], [ 110.201773768720173, 25.227138676119814, 0.0 ], [ 110.201633894953417, 25.227309036826881, 0.0 ], [ 110.201712122319805, 25.227347974980486, 0.0 ], [ 110.201933957979222, 25.227280155601896, 0.0 ], [ 110.202155793401289, 25.227212335883639, 0.0 ], [ 110.202377628586021, 25.227144515825703, 0.0 ], [ 110.202599463533318, 25.22707669542811, 0.0 ], [ 110.202821298243222, 25.22700887469086, 0.0 ], [ 110.203043132715806, 25.226941053613945, 0.0 ], [ 110.203265145110137, 25.226873720230905, 0.0 ], [ 110.203488648704337, 25.226810614874584, 0.0 ], [ 110.20371379686344, 25.226752548018016, 0.0 ], [ 110.203940452486862, 25.226699555566491, 0.0 ], [ 110.204168477390382, 25.226651669881132, 0.0 ], [ 110.204397732532499, 25.22660892013667, 0.0 ], [ 110.20462807793588, 25.226571331336689, 0.0 ], [ 110.20485937359976, 25.226538928708536, 0.0 ] ] ] } },
{ "type": "Feature", "properties": { "OBJECTID": 267 }, "geometry": { "type": "Polygon", "coordinates": [ [ [ 110.201348094980915, 25.226620277917721, 0.0 ], [ 110.201182470561889, 25.226652859856991, 0.0 ], [ 110.200999218847826, 25.22670888290822, 0.0 ], [ 110.200815966971732, 25.226764905727659, 0.0 ], [ 110.200632714933747, 25.226820928315306, 0.0 ], [ 110.200449462733701, 25.226876950671159, 0.0 ], [ 110.200266210371694, 25.226932972795218, 0.0 ], [ 110.200082957847798, 25.226988994687478, 0.0 ], [ 110.199899705161855, 25.22704501634794, 0.0 ], [ 110.199716452313965, 25.227101037776599, 0.0 ], [ 110.19953319930417, 25.22715705897345, 0.0 ], [ 110.199349946132344, 25.227213079938515, 0.0 ], [ 110.19916669279857, 25.227269100671766, 0.0 ], [ 110.198983439302907, 25.227325121173219, 0.0 ], [ 110.198800185645212, 25.227381141442848, 0.0 ], [ 110.198703447632056, 25.227451516163999, 0.0 ], [ 110.198891092866447, 25.227493832104138, 0.0 ], [ 110.199076548142259, 25.227487108290475, 0.0 ], [ 110.199259801885674, 25.227431087793395, 0.0 ], [ 110.199443055467214, 25.227375067064507, 0.0 ], [ 110.199626308886778, 25.227319046103805, 0.0 ], [ 110.199809562144381, 25.227263024911309, 0.0 ], [ 110.199992815240023, 25.227207003487003, 0.0 ], [ 110.200176068173718, 25.227150981830899, 0.0 ], [ 110.200359320945438, 25.227094959942992, 0.0 ], [ 110.200542573555168, 25.227038937823298, 0.0 ], [ 110.200725826002952, 25.226982915471797, 0.0 ], [ 110.20090907828876, 25.2269268928885, 0.0 ], [ 110.201092330412536, 25.226870870073412, 0.0 ], [ 110.201232995544174, 25.226761566509392, 0.0 ], [ 110.201348094980915, 25.226620277917721, 0.0 ] ] ] } },
{ "type": "Feature", "properties": { "OBJECTID": 268 }, "geometry": { "type": "Polygon", "coordinates": [ [ [ 110.201388984320616, 25.227446764227189, 0.0 ], [ 110.20125405996346, 25.22736895071688, 0.0 ], [ 110.201112525373716, 25.227340829081257, 0.0 ], [ 110.20096109134802, 25.227387124509644, 0.0 ], [ 110.200809657211863, 25.227433419779736, 0.0 ], [ 110.200658222965018, 25.227479714891537, 0.0 ], [ 110.20050678860764, 25.22752600984505, 0.0 ], [ 110.200355354139575, 25.227572304640269, 0.0 ], [ 110.20020391956092, 25.227618599277193, 0.0 ], [ 110.200052484871705, 25.227664893755819, 0.0 ], [ 110.19990105007183, 25.227711188076153, 0.0 ], [ 110.199749615161352, 25.227757482238193, 0.0 ], [ 110.199598180140342, 25.227803776241934, 0.0 ], [ 110.199446745008643, 25.227850070087367, 0.0 ], [ 110.199306745861321, 25.227907894872796, 0.0 ], [ 110.199240574627908, 25.228040161557157, 0.0 ], [ 110.199268897411329, 25.228094889822245, 0.0 ], [ 110.199420332909526, 25.22804859616582, 0.0 ], [ 110.199571768297091, 25.228002302351097, 0.0 ], [ 110.199723203574067, 25.227956008378058, 0.0 ], [ 110.199874638740425, 25.227909714246731, 0.0 ], [ 110.200026073796181, 25.227863419957103, 0.0 ], [ 110.200177508741334, 25.227817125509176, 0.0 ], [ 110.200328943575883, 25.227770830902958, 0.0 ], [ 110.200480378299829, 25.227724536138442, 0.0 ], [ 110.200631812913159, 25.227678241215632, 0.0 ], [ 110.20078324741587, 25.227631946134519, 0.0 ], [ 110.200934681807965, 25.227585650895129, 0.0 ], [ 110.201086116089471, 25.227539355497431, 0.0 ], [ 110.201237550260345, 25.227493059941462, 0.0 ], [ 110.201388984320616, 25.227446764227189, 0.0 ] ] ] } },
{ "type": "Feature", "properties": { "OBJECTID": 269 }, "geometry": { "type": "Polygon", "coordinates": [ [ [ 110.198861731334816, 25.228187160378262, 0.0 ], [ 110.198671274610689, 25.228129822896676, 0.0 ], [ 110.198481001884616, 25.228145293854752, 0.0 ], [ 110.198290836441629, 25.228203425773724, 0.0 ], [ 110.198100670824317, 25.228261557443066, 0.0 ], [ 110.19791050503261, 25.228319688862758, 0.0 ], [ 110.197720339066507, 25.228377820032822, 0.0 ], [ 110.197530172925937, 25.228435950953241, 0.0 ], [ 110.197340006611043, 25.228494081624007, 0.0 ], [ 110.197149840121767, 25.228552212045134, 0.0 ], [ 110.196959673458096, 25.228610342216616, 0.0 ], [ 110.196769506619958, 25.228668472138462, 0.0 ], [ 110.196579372015066, 25.228726689319906, 0.0 ], [ 110.196389578085146, 25.228785817560173, 0.0 ], [ 110.196200637824404, 25.228847128660028, 0.0 ], [ 110.196132925911613, 25.229018903124889, 0.0 ], [ 110.196249712797027, 25.229022972116741, 0.0 ], [ 110.196438587831324, 25.228961461364136, 0.0 ], [ 110.196628334027793, 25.228902206058315, 0.0 ], [ 110.196818458021426, 25.228843959517526, 0.0 ], [ 110.197008625110641, 25.228785829532406, 0.0 ], [ 110.197198792025532, 25.228727699297639, 0.0 ], [ 110.197388958766027, 25.228669568813221, 0.0 ], [ 110.19757912533214, 25.228611438079152, 0.0 ], [ 110.197769291723787, 25.228553307095442, 0.0 ], [ 110.197959457941025, 25.22849517586209, 0.0 ], [ 110.198149623983937, 25.228437044379099, 0.0 ], [ 110.198339789852454, 25.228378912646463, 0.0 ], [ 110.198529955546505, 25.228320780664202, 0.0 ], [ 110.198720121066216, 25.228262648432295, 0.0 ], [ 110.198861731334816, 25.228187160378262, 0.0 ] ] ] } },
{ "type": "Feature", "properties": { "OBJECTID": 270 }, "geometry": { "type": "Polygon", "coordinates": [ [ [ 110.187840810138084, 25.225901847023927, 0.0 ], [ 110.187441050013149, 25.225943148307724, 0.0 ], [ 110.187068973023642, 25.226124572757278, 0.0 ], [ 110.186696894950103, 25.226305996238043, 0.0 ], [ 110.186324815792375, 25.226487418749986, 0.0 ], [ 110.185952735550629, 25.226668840293083, 0.0 ], [ 110.185580654224708, 25.226850260867312, 0.0 ], [ 110.185208571644267, 25.227031680183352, 0.0 ], [ 110.184928150504362, 25.227291196956102, 0.0 ], [ 110.184999057071892, 25.227635081252853, 0.0 ], [ 110.185193128135694, 25.227976109713008, 0.0 ], [ 110.18538720026126, 25.228317137929725, 0.0 ], [ 110.185581273448562, 25.228658165902996, 0.0 ], [ 110.185775347697529, 25.228999193632806, 0.0 ], [ 110.185969423008345, 25.229340221119131, 0.0 ], [ 110.186295672606008, 25.2295391899323, 0.0 ], [ 110.186670982695631, 25.229390307535567, 0.0 ], [ 110.186936006293507, 25.229185062485222, 0.0 ], [ 110.186688775935153, 25.228873842456618, 0.0 ], [ 110.186469219725183, 25.228553877022861, 0.0 ], [ 110.186266687275619, 25.228216945859387, 0.0 ], [ 110.186051492947058, 25.227887221191811, 0.0 ], [ 110.185776885574271, 25.227597856323282, 0.0 ], [ 110.185574881255008, 25.227260718640334, 0.0 ], [ 110.185608335717134, 25.226990384722779, 0.0 ], [ 110.185980417497547, 25.226808964195065, 0.0 ], [ 110.186352498193841, 25.226627542698491, 0.0 ], [ 110.186724577806118, 25.226446120233067, 0.0 ], [ 110.187096656334191, 25.226264696798815, 0.0 ], [ 110.187468733778246, 25.226083272395758, 0.0 ], [ 110.187840810138084, 25.225901847023927, 0.0 ] ] ] } },
{ "type": "Feature", "properties": { "OBJECTID": 271 }, "geometry": { "type": "Polygon", "coordinates": [ [ [ 110.196210195131187, 25.228364737461774, 0.0 ], [ 110.196083116591197, 25.228214017509249, 0.0 ], [ 110.195869189178168, 25.228284999947348, 0.0 ], [ 110.195657200482827, 25.228360633540351, 0.0 ], [ 110.19544792954369, 25.228442280546016, 0.0 ], [ 110.195241960367397, 25.228530600500942, 0.0 ], [ 110.195039574884944, 25.228625528165871, 0.0 ], [ 110.194841029272439, 25.228726943537499, 0.0 ], [ 110.19464657474316, 25.228834718205587, 0.0 ], [ 110.19445642195376, 25.228948668166428, 0.0 ], [ 110.194270247115298, 25.229067935813177, 0.0 ], [ 110.194087226060049, 25.229191181392626, 0.0 ], [ 110.193906377977285, 25.229317056794297, 0.0 ], [ 110.193726601239334, 25.229444197599292, 0.0 ], [ 110.193546972084121, 25.229571511283595, 0.0 ], [ 110.193375415325292, 25.229700451359818, 0.0 ], [ 110.193489843206294, 25.229840865379195, 0.0 ], [ 110.193669472807031, 25.229713551761467, 0.0 ], [ 110.193849102036168, 25.229586237913942, 0.0 ], [ 110.194028881137442, 25.229459099627167, 0.0 ], [ 110.194209747231412, 25.229333245457742, 0.0 ], [ 110.194392836691705, 25.229210084005821, 0.0 ], [ 110.194579180638286, 25.229091035636369, 0.0 ], [ 110.19476965324084, 25.228977529685366, 0.0 ], [ 110.194964553131996, 25.228870423708056, 0.0 ], [ 110.195163643641706, 25.228769897152986, 0.0 ], [ 110.195366656134524, 25.22867608490624, 0.0 ], [ 110.195573317856969, 25.228589114981197, 0.0 ], [ 110.195783291487018, 25.228508973740603, 0.0 ], [ 110.195995853389434, 25.228434680736012, 0.0 ], [ 110.196210195131187, 25.228364737461774, 0.0 ] ] ] } },
{ "type": "Feature", "properties": { "OBJECTID": 272 }, "geometry": { "type": "Polygon", "coordinates": [ [ [ 110.195920945870995, 25.229064701930078, 0.0 ], [ 110.195731473936902, 25.229026994112374, 0.0 ], [ 110.19555513380655, 25.229094631363299, 0.0 ], [ 110.195382585841884, 25.229175179900651, 0.0 ], [ 110.195213146723063, 25.229261015474901, 0.0 ], [ 110.195047012510813, 25.229352039437767, 0.0 ], [ 110.194884364436035, 25.229448132010468, 0.0 ], [ 110.194725034256479, 25.229548723548849, 0.0 ], [ 110.194568387001326, 25.229652747326092, 0.0 ], [ 110.19441370372094, 25.229759177896419, 0.0 ], [ 110.194260231948036, 25.229867051579678, 0.0 ], [ 110.19410721415062, 25.229975458267358, 0.0 ], [ 110.193954220934486, 25.230083893829448, 0.0 ], [ 110.193801227448859, 25.230192329224842, 0.0 ], [ 110.193648233693665, 25.230300764453542, 0.0 ], [ 110.193645825156196, 25.230436879149856, 0.0 ], [ 110.193773912098607, 25.230440552495221, 0.0 ], [ 110.193926905925451, 25.230332117140623, 0.0 ], [ 110.194079899482801, 25.230223681619339, 0.0 ], [ 110.194232892770501, 25.230115245931351, 0.0 ], [ 110.19438591418853, 25.230006843253115, 0.0 ], [ 110.194539410978408, 25.229898998830453, 0.0 ], [ 110.194694158723323, 25.229792645757811, 0.0 ], [ 110.194850942426015, 25.229688792418759, 0.0 ], [ 110.195010526588547, 25.229588535291885, 0.0 ], [ 110.195173954647458, 25.229493547178876, 0.0 ], [ 110.19534057492497, 25.229403286916263, 0.0 ], [ 110.19551058482709, 25.229318415293406, 0.0 ], [ 110.195683773857056, 25.229239037351515, 0.0 ], [ 110.195859927479262, 25.22916525107922, 0.0 ], [ 110.195920945870995, 25.229064701930078, 0.0 ] ] ] } },
{ "type": "Feature", "properties": { "OBJECTID": 273 }, "geometry": { "type": "Polygon", "coordinates": [ [ [ 110.187262421641265, 25.229556994065586, 0.0 ], [ 110.187050574498116, 25.229512440631076, 0.0 ], [ 110.186788653862521, 25.229640181327898, 0.0 ], [ 110.186526732555109, 25.229767921316654, 0.0 ], [ 110.186404032204138, 25.229998876108002, 0.0 ], [ 110.186483673567238, 25.230243847786522, 0.0 ], [ 110.186620297728624, 25.230483917306472, 0.0 ], [ 110.186756922416208, 25.230723986705733, 0.0 ], [ 110.186893547630063, 25.230964055984323, 0.0 ], [ 110.18703017337009, 25.231204125142217, 0.0 ], [ 110.187166799636458, 25.231444194179417, 0.0 ], [ 110.187303426429096, 25.231684263095914, 0.0 ], [ 110.187440053748006, 25.231924331891705, 0.0 ], [ 110.187576681593143, 25.232164400566798, 0.0 ], [ 110.187713708437471, 25.232404278079411, 0.0 ], [ 110.187854235882156, 25.232642477413513, 0.0 ], [ 110.18813752080402, 25.232717209749044, 0.0 ], [ 110.188406021867067, 25.23264192526938, 0.0 ], [ 110.18866790194879, 25.232514104761421, 0.0 ], [ 110.188574293541237, 25.232272382852805, 0.0 ], [ 110.188458563383705, 25.232023392671195, 0.0 ], [ 110.188343883382331, 25.231774002251488, 0.0 ], [ 110.188234047510562, 25.231522835095276, 0.0 ], [ 110.188093109810509, 25.231286346644843, 0.0 ], [ 110.187957605654901, 25.231046006900321, 0.0 ], [ 110.18782681142477, 25.230803265971002, 0.0 ], [ 110.187721017702387, 25.230551182892832, 0.0 ], [ 110.187621317678492, 25.230297056383051, 0.0 ], [ 110.187517496844464, 25.230043804048798, 0.0 ], [ 110.187400002721859, 25.229795900445303, 0.0 ], [ 110.187262421641265, 25.229556994065586, 0.0 ] ] ] } },
{ "type": "Feature", "properties": { "OBJECTID": 274 }, "geometry": { "type": "Polygon", "coordinates": [ [ [ 110.188799199469415, 25.23340421083542, 0.0 ], [ 110.188726617110433, 25.233256054201206, 0.0 ], [ 110.188654034923161, 25.233107897532776, 0.0 ], [ 110.188539480333347, 25.233088984445299, 0.0 ], [ 110.188424487058313, 25.233197950675081, 0.0 ], [ 110.188368155842966, 25.233351845437983, 0.0 ], [ 110.188361253746606, 25.233501884118933, 0.0 ], [ 110.18844557347299, 25.23364480651664, 0.0 ], [ 110.188529893393067, 25.233787728868396, 0.0 ], [ 110.188614213506696, 25.233930651174184, 0.0 ], [ 110.188698533813948, 25.234073573434014, 0.0 ], [ 110.188782854314837, 25.234216495647882, 0.0 ], [ 110.188865619267915, 25.234360158179381, 0.0 ], [ 110.188946631769085, 25.234504654733911, 0.0 ], [ 110.18902764445798, 25.234649151245982, 0.0 ], [ 110.189108657334657, 25.234793647715584, 0.0 ], [ 110.189189670399102, 25.234938144142728, 0.0 ], [ 110.189319892259093, 25.235029640770531, 0.0 ], [ 110.189490078797192, 25.235078093483114, 0.0 ], [ 110.189627028056549, 25.235020282580113, 0.0 ], [ 110.189537217435785, 25.234880154244543, 0.0 ], [ 110.18945447596532, 25.2347365504253, 0.0 ], [ 110.189375476178171, 25.234591147442956, 0.0 ], [ 110.189301690290577, 25.234443483172413, 0.0 ], [ 110.189228072530057, 25.234295750010219, 0.0 ], [ 110.189155301988194, 25.234147669552105, 0.0 ], [ 110.189082862711416, 25.233999458676866, 0.0 ], [ 110.189013939942797, 25.23384986305236, 0.0 ], [ 110.188944365045629, 25.23370052386198, 0.0 ], [ 110.188871782171745, 25.233552367365814, 0.0 ], [ 110.188799199469415, 25.23340421083542, 0.0 ] ] ] } },
{ "type": "Feature", "properties": { "OBJECTID": 275 }, "geometry": { "type": "Polygon", "coordinates": [ [ [ 110.190083788281626, 25.235395164719218, 0.0 ], [ 110.189946353455809, 25.235177615034015, 0.0 ], [ 110.189714377303204, 25.2352609510836, 0.0 ], [ 110.189793155970222, 25.235463658180397, 0.0 ], [ 110.189931702241012, 25.235680530600916, 0.0 ], [ 110.190065115195807, 25.235900136680527, 0.0 ], [ 110.190196871438019, 25.236120574043916, 0.0 ], [ 110.190328672000973, 25.236340989624157, 0.0 ], [ 110.190463453823995, 25.236559908486381, 0.0 ], [ 110.190598969315829, 25.236778451349458, 0.0 ], [ 110.19073495811854, 25.23699675143337, 0.0 ], [ 110.190880091962782, 25.23720995698498, 0.0 ], [ 110.191036091987598, 25.237416863109274, 0.0 ], [ 110.191191438335949, 25.237624202540648, 0.0 ], [ 110.191358668278042, 25.237823066007056, 0.0 ], [ 110.19156332088923, 25.23799110766835, 0.0 ], [ 110.191773736593248, 25.238138720630957, 0.0 ], [ 110.192007956264177, 25.238006161047437, 0.0 ], [ 110.191950923644825, 25.237854014978563, 0.0 ], [ 110.191738259254805, 25.237694202159233, 0.0 ], [ 110.191540491009164, 25.237520139909783, 0.0 ], [ 110.191367582456493, 25.237325175668516, 0.0 ], [ 110.191206301814219, 25.237121642822878, 0.0 ], [ 110.191059024813285, 25.236909609629084, 0.0 ], [ 110.19090630605568, 25.23670147621813, 0.0 ], [ 110.19077232068112, 25.236482154865516, 0.0 ], [ 110.190635984048242, 25.236264033638601, 0.0 ], [ 110.190498741542257, 25.236046391855037, 0.0 ], [ 110.19035767154422, 25.235830775324821, 0.0 ], [ 110.19022056545252, 25.235613057150559, 0.0 ], [ 110.190083788281626, 25.235395164719218, 0.0 ] ] ] } },
{ "type": "Feature", "properties": { "OBJECTID": 276 }, "geometry": { "type": "Polygon", "coordinates": [ [ [ 110.192536736154238, 25.238320454948127, 0.0 ], [ 110.192348175075651, 25.238238862454029, 0.0 ], [ 110.192145035097695, 25.238353832960154, 0.0 ], [ 110.192205539630933, 25.238484880480495, 0.0 ], [ 110.192388481556208, 25.238625120292937, 0.0 ], [ 110.192570646557812, 25.238766201718953, 0.0 ], [ 110.192752655127066, 25.238907450399971, 0.0 ], [ 110.192934663416992, 25.23904869961261, 0.0 ], [ 110.193117533495169, 25.239189024368041, 0.0 ], [ 110.193303862143253, 25.239325384972037, 0.0 ], [ 110.193495928947939, 25.239455150009409, 0.0 ], [ 110.193687960559686, 25.239584958387066, 0.0 ], [ 110.193880052513066, 25.239714692855316, 0.0 ], [ 110.194072691065216, 25.239843755695922, 0.0 ], [ 110.194265330045695, 25.23997281827095, 0.0 ], [ 110.194457969453339, 25.240101880581861, 0.0 ], [ 110.194648207332307, 25.240202351249707, 0.0 ], [ 110.194827020437913, 25.240057763625668, 0.0 ], [ 110.194775629708502, 25.23992087228126, 0.0 ], [ 110.194576448778662, 25.239800323810982, 0.0 ], [ 110.194378640116042, 25.239678038107385, 0.0 ], [ 110.194190518900072, 25.239543576270169, 0.0 ], [ 110.194002269197057, 25.239409382230328, 0.0 ], [ 110.193807372922862, 25.239283166589885, 0.0 ], [ 110.193616171381564, 25.239152349087362, 0.0 ], [ 110.193424132374986, 25.239022551092834, 0.0 ], [ 110.193236759745574, 25.238887287888627, 0.0 ], [ 110.193054713189071, 25.238746128503479, 0.0 ], [ 110.192875112789579, 25.238602354501488, 0.0 ], [ 110.192720095636233, 25.238460181328403, 0.0 ], [ 110.192536736154238, 25.238320454948127, 0.0 ] ] ] } },
{ "type": "Feature", "properties": { "OBJECTID": 277 }, "geometry": { "type": "Polygon", "coordinates": [ [ [ 110.201533796387167, 25.236912424235374, 0.0 ], [ 110.201133927221832, 25.236679290201884, 0.0 ], [ 110.200755439522197, 25.236418296399659, 0.0 ], [ 110.2004006857332, 25.236131042624869, 0.0 ], [ 110.200071904860877, 25.235819271958732, 0.0 ], [ 110.199771078569782, 25.235484965932674, 0.0 ], [ 110.199500100597191, 25.235130169821829, 0.0 ], [ 110.199260664463168, 25.234757076858951, 0.0 ], [ 110.198982261826103, 25.234440184144756, 0.0 ], [ 110.198555281919127, 25.23456366039883, 0.0 ], [ 110.198135966642766, 25.234766797309106, 0.0 ], [ 110.198092844159063, 25.235140241160639, 0.0 ], [ 110.198167472734923, 25.235566992191327, 0.0 ], [ 110.198241125157892, 25.235993883466936, 0.0 ], [ 110.198301315938792, 25.236422386755844, 0.0 ], [ 110.198507065272977, 25.236796608092192, 0.0 ], [ 110.198818683028435, 25.236978799072698, 0.0 ], [ 110.198860352829328, 25.237409249390097, 0.0 ], [ 110.198648329395098, 25.237791426282726, 0.0 ], [ 110.198845856632815, 25.238179351153043, 0.0 ], [ 110.199008510715586, 25.238572089086187, 0.0 ], [ 110.19922273951471, 25.238847579465105, 0.0 ], [ 110.19965069742328, 25.238659918130217, 0.0 ], [ 110.200078654197313, 25.23847225580473, 0.0 ], [ 110.200506609692809, 25.238284592216946, 0.0 ], [ 110.200934563558306, 25.238096926704149, 0.0 ], [ 110.201362436005368, 25.237909110195453, 0.0 ], [ 110.201768729727107, 25.237686081238628, 0.0 ], [ 110.202129205114616, 25.237405359853401, 0.0 ], [ 110.201952618993261, 25.237116177307321, 0.0 ], [ 110.201533796387167, 25.236912424235374, 0.0 ] ] ] } },
{ "type": "Feature", "properties": { "OBJECTID": 278 }, "geometry": { "type": "Polygon", "coordinates": [ [ [ 110.202809106750138, 25.240914928726852, 0.0 ], [ 110.203037394367129, 25.240715381447117, 0.0 ], [ 110.203464720088277, 25.240555888646934, 0.0 ], [ 110.203917864851277, 25.240448623921683, 0.0 ], [ 110.204199490250332, 25.240148102370853, 0.0 ], [ 110.204401293740972, 25.239698227057456, 0.0 ], [ 110.20448769233586, 25.239223528992188, 0.0 ], [ 110.204490773616229, 25.238737660313532, 0.0 ], [ 110.204445334456977, 25.238259228309328, 0.0 ], [ 110.204004255991862, 25.238001026869441, 0.0 ], [ 110.203521538641482, 25.237792907711849, 0.0 ], [ 110.203038823060339, 25.237584786840468, 0.0 ], [ 110.202552313215875, 25.237404622889954, 0.0 ], [ 110.202122226605283, 25.237659700303741, 0.0 ], [ 110.201693503988224, 25.237948545752875, 0.0 ], [ 110.201219666695408, 25.238172319541327, 0.0 ], [ 110.200738469737999, 25.238383333450258, 0.0 ], [ 110.2002572711108, 25.238594345662772, 0.0 ], [ 110.199776070784594, 25.238805356123684, 0.0 ], [ 110.199294868831998, 25.239016364970343, 0.0 ], [ 110.198945074409551, 25.239328666994837, 0.0 ], [ 110.199225831714401, 25.2397386931444, 0.0 ], [ 110.199574942540153, 25.24000300963165, 0.0 ], [ 110.200074156577216, 25.239830036519262, 0.0 ], [ 110.20027148665713, 25.23989767884806, 0.0 ], [ 110.200559287865474, 25.240209930810718, 0.0 ], [ 110.201051826215021, 25.240397313734888, 0.0 ], [ 110.201509109275165, 25.24062622951174, 0.0 ], [ 110.20180886158532, 25.24089358291582, 0.0 ], [ 110.202312559174132, 25.241054422463016, 0.0 ], [ 110.202809106750138, 25.240914928726852, 0.0 ] ] ] } },
{ "type": "Feature", "properties": { "OBJECTID": 279 }, "geometry": { "type": "Polygon", "coordinates": [ [ [ 110.204399461822817, 25.242121813702667, 0.0 ], [ 110.204876029472857, 25.241657796846216, 0.0 ], [ 110.205422417387751, 25.241197726338342, 0.0 ], [ 110.206075782931904, 25.240876205995335, 0.0 ], [ 110.206271602361468, 25.24022865791903, 0.0 ], [ 110.206493994634016, 25.239629031924959, 0.0 ], [ 110.206059519345516, 25.239694650624813, 0.0 ], [ 110.206015420111385, 25.239090562427421, 0.0 ], [ 110.206723823256411, 25.239027982875211, 0.0 ], [ 110.207264359565883, 25.238598659926708, 0.0 ], [ 110.207682770916136, 25.238032204562852, 0.0 ], [ 110.207831980122066, 25.237395084407247, 0.0 ], [ 110.20769030943508, 25.236772624776034, 0.0 ], [ 110.207983575261338, 25.236153465302479, 0.0 ], [ 110.207451139875332, 25.235835796653195, 0.0 ], [ 110.207011085537076, 25.236106107613796, 0.0 ], [ 110.20705622254701, 25.236546975306723, 0.0 ], [ 110.207194270891208, 25.236983258709696, 0.0 ], [ 110.206703921563729, 25.237390203545754, 0.0 ], [ 110.205975943972689, 25.237563356883939, 0.0 ], [ 110.205382377073846, 25.237916965224048, 0.0 ], [ 110.205325540804097, 25.238592686632806, 0.0 ], [ 110.205321113066333, 25.239277063069839, 0.0 ], [ 110.204709538904453, 25.239402975711045, 0.0 ], [ 110.204439541345863, 25.239995279091076, 0.0 ], [ 110.204155288207303, 25.240628957187688, 0.0 ], [ 110.204147299425841, 25.241154860760656, 0.0 ], [ 110.204071388649112, 25.241812934572035, 0.0 ], [ 110.204399461822817, 25.242121813702667, 0.0 ] ] ] } },
{ "type": "Feature", "properties": { "OBJECTID": 280 }, "geometry": { "type": "Polygon", "coordinates": [ [ [ 110.205898306424388, 25.229203388673124, 0.0 ], [ 110.205785068819566, 25.22911861681969, 0.0 ], [ 110.205727911991673, 25.229140377816545, 0.0 ], [ 110.205763732118484, 25.22926973161789, 0.0 ], [ 110.205802062640274, 25.229398494363668, 0.0 ], [ 110.205841479201837, 25.22952697507365, 0.0 ], [ 110.205883668483054, 25.229654735715357, 0.0 ], [ 110.205927220711004, 25.229782105429781, 0.0 ], [ 110.205973236241817, 25.229908768597422, 0.0 ], [ 110.206020886207682, 25.230034917850972, 0.0 ], [ 110.206070694222802, 25.230160388546039, 0.0 ], [ 110.206122401252657, 25.230285208710541, 0.0 ], [ 110.206175964299973, 25.230409393073977, 0.0 ], [ 110.206231683886742, 25.230532776756082, 0.0 ], [ 110.206288961987582, 25.230655581797585, 0.0 ], [ 110.206348646078482, 25.23077742288589, 0.0 ], [ 110.206409596113588, 25.230898756788058, 0.0 ], [ 110.206457931261099, 25.230838549017069, 0.0 ], [ 110.206478790135492, 25.230712482079319, 0.0 ], [ 110.206419540316219, 25.230590454724247, 0.0 ], [ 110.206362230573149, 25.230467663164536, 0.0 ], [ 110.206306874751689, 25.23034413221572, 0.0 ], [ 110.206253481805845, 25.230219888514728, 0.0 ], [ 110.206202063705305, 25.230094957556531, 0.0 ], [ 110.206152632051371, 25.229969365011957, 0.0 ], [ 110.206105196043239, 25.229843137349384, 0.0 ], [ 110.206059765595441, 25.229716300780343, 0.0 ], [ 110.20601635030647, 25.229588881620053, 0.0 ], [ 110.205974960001242, 25.229460906144038, 0.0 ], [ 110.205935601840636, 25.229332401342219, 0.0 ], [ 110.205898306424388, 25.229203388673124, 0.0 ] ] ] } },
{ "type": "Feature", "properties": { "OBJECTID": 281 }, "geometry": { "type": "Polygon", "coordinates": [ [ [ 110.20558569596561, 25.227166374018886, 0.0 ], [ 110.205482629681953, 25.22707733857213, 0.0 ], [ 110.205435801740705, 25.227103415924244, 0.0 ], [ 110.205439379293296, 25.227232667211098, 0.0 ], [ 110.205445566863744, 25.227361829660435, 0.0 ], [ 110.205452618401253, 25.227490962701619, 0.0 ], [ 110.205463054701312, 25.227619905035297, 0.0 ], [ 110.205474266952351, 25.227748788207766, 0.0 ], [ 110.205488252868392, 25.22787745304424, 0.0 ], [ 110.205503701348462, 25.228005969888251, 0.0 ], [ 110.205521143268598, 25.228134285022257, 0.0 ], [ 110.205540907113189, 25.228262311658032, 0.0 ], [ 110.205561936941649, 25.228390180996271, 0.0 ], [ 110.205585656379299, 25.228517651155652, 0.0 ], [ 110.205610402149972, 25.228644968992938, 0.0 ], [ 110.205638108906314, 25.228771773794115, 0.0 ], [ 110.205666553840118, 25.228898450697312, 0.0 ], [ 110.205742219037973, 25.228821545934242, 0.0 ], [ 110.205774676619669, 25.228706500036669, 0.0 ], [ 110.205748109956303, 25.228579487247853, 0.0 ], [ 110.20572349690687, 25.228452149219038, 0.0 ], [ 110.205700843010817, 25.228324510704599, 0.0 ], [ 110.205680152367663, 25.228196596689163, 0.0 ], [ 110.205661428456821, 25.228068432218894, 0.0 ], [ 110.205644675368134, 25.227940042264901, 0.0 ], [ 110.205629895998243, 25.227811451929608, 0.0 ], [ 110.205617093679592, 25.227682686280389, 0.0 ], [ 110.20560627116464, 25.227553770449767, 0.0 ], [ 110.205597430023502, 25.227424729655606, 0.0 ], [ 110.205590571802247, 25.227295589094307, 0.0 ], [ 110.20558569596561, 25.227166374018886, 0.0 ] ] ] } },
{ "type": "Feature", "properties": { "OBJECTID": 282 }, "geometry": { "type": "Polygon", "coordinates": [ [ [ 110.206765684209302, 25.231435213937651, 0.0 ], [ 110.206792557336001, 25.231570714979348, 0.0 ], [ 110.206929553546502, 25.231781661732608, 0.0 ], [ 110.207071149527053, 25.231990088283982, 0.0 ], [ 110.20721387864819, 25.232197877978397, 0.0 ], [ 110.207356608248276, 25.232405667540931, 0.0 ], [ 110.207499338327224, 25.232613456971578, 0.0 ], [ 110.207642068885221, 25.232821246270333, 0.0 ], [ 110.207784799933521, 25.233029035430746, 0.0 ], [ 110.207927531471924, 25.233236824452909, 0.0 ], [ 110.208070263489304, 25.233444613343178, 0.0 ], [ 110.208212995628244, 25.233652402304607, 0.0 ], [ 110.208355077703999, 25.233860558256335, 0.0 ], [ 110.208490713659984, 25.234072217182266, 0.0 ], [ 110.208614716412626, 25.23428967254118, 0.0 ], [ 110.208726431528916, 25.23451258170698, 0.0 ], [ 110.208783062674939, 25.234295048954341, 0.0 ], [ 110.208662758289819, 25.234075860489483, 0.0 ], [ 110.208530266413362, 25.233862563165456, 0.0 ], [ 110.208389417035249, 25.2336537192833, 0.0 ], [ 110.208246690517498, 25.233445927127079, 0.0 ], [ 110.208103958265042, 25.233238138359418, 0.0 ], [ 110.207961226491648, 25.233030349459849, 0.0 ], [ 110.207818495197216, 25.232822560428371, 0.0 ], [ 110.207675764381747, 25.232614771264988, 0.0 ], [ 110.207533034045241, 25.232406981969724, 0.0 ], [ 110.20739030418774, 25.232199192542556, 0.0 ], [ 110.207247574809116, 25.231991402983503, 0.0 ], [ 110.207104920410941, 25.23178357108694, 0.0 ], [ 110.206917623067397, 25.231410822745936, 0.0 ], [ 110.206765684209302, 25.231435213937651, 0.0 ] ] ] } },
{ "type": "Feature", "properties": { "OBJECTID": 283 }, "geometry": { "type": "Polygon", "coordinates": [ [ [ 110.196303656225396, 25.221742614788489, 0.0 ], [ 110.196671234586674, 25.221595669641989, 0.0 ], [ 110.197048657028375, 25.221411599843641, 0.0 ], [ 110.197426078354411, 25.221227529048939, 0.0 ], [ 110.19780349856471, 25.221043457257903, 0.0 ], [ 110.198180917659201, 25.220859384470565, 0.0 ], [ 110.19807938798975, 25.220755272422434, 0.0 ], [ 110.197701969053, 25.220939344918094, 0.0 ], [ 110.197324548987439, 25.221123416395201, 0.0 ], [ 110.196947127806141, 25.221307486875961, 0.0 ], [ 110.196569705509063, 25.22149155636038, 0.0 ], [ 110.196192282096334, 25.221675624848405, 0.0 ], [ 110.195814857567825, 25.221859692340033, 0.0 ], [ 110.195437431923665, 25.222043758835227, 0.0 ], [ 110.195060005163811, 25.22222782433397, 0.0 ], [ 110.194682577288233, 25.222411888836234, 0.0 ], [ 110.194305148296962, 25.222595952342004, 0.0 ], [ 110.193927718189997, 25.222780014851239, 0.0 ], [ 110.193550286967252, 25.22296407636393, 0.0 ], [ 110.193172854628827, 25.223148136880052, 0.0 ], [ 110.192795421174765, 25.223332196399575, 0.0 ], [ 110.192952669466081, 25.223409139700181, 0.0 ], [ 110.193330102892531, 25.223225079706527, 0.0 ], [ 110.193707535203288, 25.22304101871628, 0.0 ], [ 110.194084966398407, 25.222856956729458, 0.0 ], [ 110.194462396477746, 25.222672893746104, 0.0 ], [ 110.194839825441363, 25.22248882976622, 0.0 ], [ 110.195217253289286, 25.222304764789843, 0.0 ], [ 110.195594680021557, 25.222120698816997, 0.0 ], [ 110.195972105638035, 25.221936631847694, 0.0 ], [ 110.196303656225396, 25.221742614788489, 0.0 ] ] ] } },
{ "type": "Feature", "properties": { "OBJECTID": 284 }, "geometry": { "type": "Polygon", "coordinates": [ [ [ 110.192026707791442, 25.223092558816756, 0.0 ], [ 110.192579025805429, 25.222823217510534, 0.0 ], [ 110.193131341430359, 25.222553874070172, 0.0 ], [ 110.193683654666316, 25.222284528495745, 0.0 ], [ 110.194235965513059, 25.222015180787338, 0.0 ], [ 110.194788273970786, 25.221745830945036, 0.0 ], [ 110.195340580039428, 25.221476478968892, 0.0 ], [ 110.19589288371904, 25.221207124858985, 0.0 ], [ 110.19644518500948, 25.2209377686154, 0.0 ], [ 110.196997483910806, 25.220668410238215, 0.0 ], [ 110.198097066699134, 25.220167327164141, 0.0 ], [ 110.198029745265288, 25.220060975692974, 0.0 ], [ 110.197567724247719, 25.220236668467006, 0.0 ], [ 110.197015428529653, 25.220506029091275, 0.0 ], [ 110.196463130422615, 25.22077538758202, 0.0 ], [ 110.195910829926333, 25.221044743939174, 0.0 ], [ 110.195548495463214, 25.220927422268673, 0.0 ], [ 110.195400681271963, 25.2203734499661, 0.0 ], [ 110.195273818676242, 25.2198166020932, 0.0 ], [ 110.195056394683164, 25.219539541745764, 0.0 ], [ 110.194504027246666, 25.21980877471929, 0.0 ], [ 110.193951657651652, 25.220078005948483, 0.0 ], [ 110.193477011303045, 25.22036860546007, 0.0 ], [ 110.193772976309873, 25.220871080151102, 0.0 ], [ 110.194068943704821, 25.221373554275733, 0.0 ], [ 110.194263457738543, 25.22184814575445, 0.0 ], [ 110.193711147723022, 25.222117493605985, 0.0 ], [ 110.193158835317277, 25.222386839321583, 0.0 ], [ 110.19260652051949, 25.222656182898195, 0.0 ], [ 110.192054203332759, 25.222925524340695, 0.0 ], [ 110.192026707791442, 25.223092558816756, 0.0 ] ] ] } },
{ "type": "Feature", "properties": { "OBJECTID": 285 }, "geometry": { "type": "Polygon", "coordinates": [ [ [ 110.201163451111285, 25.219363693684606, 0.0 ], [ 110.201140406840494, 25.219242418552092, 0.0 ], [ 110.200781906179969, 25.219437171735542, 0.0 ], [ 110.200602717245772, 25.219524570101811, 0.0 ], [ 110.200423528060142, 25.219611968243527, 0.0 ], [ 110.200244338622994, 25.219699366160704, 0.0 ], [ 110.200065148934257, 25.219786763853318, 0.0 ], [ 110.199885958994088, 25.219874161321378, 0.0 ], [ 110.1997067688024, 25.219961558564886, 0.0 ], [ 110.199527578359209, 25.220048955583835, 0.0 ], [ 110.1993483876645, 25.220136352378212, 0.0 ], [ 110.199169196718287, 25.220223748948026, 0.0 ], [ 110.198990005520486, 25.220311145293273, 0.0 ], [ 110.198810814071251, 25.22039854141396, 0.0 ], [ 110.198459601948684, 25.220555094888134, 0.0 ], [ 110.198544739716112, 25.220661024070601, 0.0 ], [ 110.198708590305102, 25.220602028030243, 0.0 ], [ 110.198887782136055, 25.220514632061704, 0.0 ], [ 110.199066973715418, 25.220427235868602, 0.0 ], [ 110.199246165043334, 25.220339839450926, 0.0 ], [ 110.199425356119747, 25.220252442808675, 0.0 ], [ 110.199604546944641, 25.220165045941851, 0.0 ], [ 110.199783737518018, 25.220077648850477, 0.0 ], [ 110.19996292783982, 25.21999025153454, 0.0 ], [ 110.200142117910175, 25.219902853994046, 0.0 ], [ 110.200321307729027, 25.219815456228993, 0.0 ], [ 110.200500497296346, 25.219728058239394, 0.0 ], [ 110.200679686612162, 25.219640660025231, 0.0 ], [ 110.200858875676445, 25.219553261586526, 0.0 ], [ 110.201038064489225, 25.219465862923279, 0.0 ], [ 110.201163451111285, 25.219363693684606, 0.0 ] ] ] } },
{ "type": "Feature", "properties": { "OBJECTID": 286 }, "geometry": { "type": "Polygon", "coordinates": [ [ [ 110.195067323064038, 25.216760118605766, 0.0 ], [ 110.194796422294488, 25.216289830619424, 0.0 ], [ 110.194525523568842, 25.215819542158414, 0.0 ], [ 110.194021652023807, 25.216039263139127, 0.0 ], [ 110.193507261649103, 25.216290130416873, 0.0 ], [ 110.192992869202598, 25.216540995843918, 0.0 ], [ 110.192478474684378, 25.21679185942018, 0.0 ], [ 110.191964078094315, 25.217042721145578, 0.0 ], [ 110.191449679432552, 25.217293581020087, 0.0 ], [ 110.19093527869903, 25.217544439043628, 0.0 ], [ 110.190487455818356, 25.21784723831087, 0.0 ], [ 110.19063141878749, 25.218339236935009, 0.0 ], [ 110.190786114011161, 25.218850392563969, 0.0 ], [ 110.190833803491643, 25.219378787351904, 0.0 ], [ 110.190802621096267, 25.21990892990846, 0.0 ], [ 110.19076780545916, 25.220438928220627, 0.0 ], [ 110.190761107796021, 25.22096925060352, 0.0 ], [ 110.191003146851401, 25.221351240832746, 0.0 ], [ 110.191517628403659, 25.221100492920854, 0.0 ], [ 110.19203210788433, 25.220849743157277, 0.0 ], [ 110.192546585293542, 25.220598991542062, 0.0 ], [ 110.19306106063118, 25.220348238075271, 0.0 ], [ 110.193575533897345, 25.220097482756977, 0.0 ], [ 110.194090005091965, 25.219846725587221, 0.0 ], [ 110.194604474245395, 25.219595966617732, 0.0 ], [ 110.195118941387079, 25.219345205898367, 0.0 ], [ 110.195210533900109, 25.218879896567564, 0.0 ], [ 110.1951747308281, 25.21834995213506, 0.0 ], [ 110.195138927998059, 25.217820007663928, 0.0 ], [ 110.195103125410043, 25.217290063154159, 0.0 ], [ 110.195067323064038, 25.216760118605766, 0.0 ] ] ] } },
{ "type": "Feature", "properties": { "OBJECTID": 287 }, "geometry": { "type": "Polygon", "coordinates": [ [ [ 110.20314962963873, 25.217667761192931, 0.0 ], [ 110.203991362689521, 25.217257182152075, 0.0 ], [ 110.205599226405511, 25.216525757896193, 0.0 ], [ 110.20552331235578, 25.216356420723141, 0.0 ], [ 110.203993487089036, 25.216714387425949, 0.0 ], [ 110.203371872324979, 25.216125301449566, 0.0 ], [ 110.202160087875697, 25.215056203584048, 0.0 ], [ 110.201764046493892, 25.214411131626292, 0.0 ], [ 110.200809840152772, 25.214373993920574, 0.0 ], [ 110.199855634582363, 25.214336849875863, 0.0 ], [ 110.198901391402131, 25.214300676199407, 0.0 ], [ 110.198600981017023, 25.214847379832207, 0.0 ], [ 110.198662505355571, 25.215888667115255, 0.0 ], [ 110.198856873051639, 25.217329284440051, 0.0 ], [ 110.198372135070557, 25.21775501453606, 0.0 ], [ 110.199019852673644, 25.218100897301998, 0.0 ], [ 110.199861707954426, 25.217690522178223, 0.0 ], [ 110.200654511210402, 25.217843819611691, 0.0 ], [ 110.201398280676116, 25.21836837376415, 0.0 ], [ 110.200556531616556, 25.218778937604185, 0.0 ], [ 110.19893850958438, 25.219537330852823, 0.0 ], [ 110.19897556988262, 25.219634083444959, 0.0 ], [ 110.199782641729044, 25.219310027462676, 0.0 ], [ 110.200624396938622, 25.218899468169898, 0.0 ], [ 110.201466146598207, 25.21848890392209, 0.0 ], [ 110.202307890909836, 25.218078335062369, 0.0 ], [ 110.20314962963873, 25.217667761192931, 0.0 ] ] ] } },
{ "type": "Feature", "properties": { "OBJECTID": 288 }, "geometry": { "type": "Polygon", "coordinates": [ [ [ 110.143548843429031, 25.257520299871384, 0.0 ], [ 110.144373171579119, 25.256947265583868, 0.0 ], [ 110.145165017675424, 25.256339132308899, 0.0 ], [ 110.145773185487357, 25.255578608018968, 0.0 ], [ 110.146120988436721, 25.254693036036002, 0.0 ], [ 110.146180233992411, 25.253754219492926, 0.0 ], [ 110.145946122027624, 25.252838276735169, 0.0 ], [ 110.145437641071737, 25.252019470700333, 0.0 ], [ 110.144726541983658, 25.251333626971761, 0.0 ], [ 110.143977994348901, 25.250680256540104, 0.0 ], [ 110.143164082738494, 25.2502369707945, 0.0 ], [ 110.14364902922641, 25.250893560820657, 0.0 ], [ 110.144397576373862, 25.251546932838206, 0.0 ], [ 110.145113595763192, 25.252228624573149, 0.0 ], [ 110.145610198477598, 25.253052487186999, 0.0 ], [ 110.145795825037879, 25.253976724081124, 0.0 ], [ 110.145651530436695, 25.254907041940168, 0.0 ], [ 110.145192030464429, 25.255748525819172, 0.0 ], [ 110.144471427029941, 25.256423283919201, 0.0 ], [ 110.143647772489544, 25.256997070446086, 0.0 ], [ 110.142998371609352, 25.256781724600312, 0.0 ], [ 110.142482891569273, 25.255962841995675, 0.0 ], [ 110.141953628085091, 25.255151449730789, 0.0 ], [ 110.141346000065084, 25.254387104674073, 0.0 ], [ 110.140657107617898, 25.25368206368881, 0.0 ], [ 110.140561654337446, 25.25378691261804, 0.0 ], [ 110.141248797974555, 25.25449334871686, 0.0 ], [ 110.141853294620347, 25.255259730475952, 0.0 ], [ 110.142380288635493, 25.256072377017656, 0.0 ], [ 110.142895768347955, 25.256891259997627, 0.0 ], [ 110.143548843429031, 25.257520299871384, 0.0 ] ] ] } },
{ "type": "Feature", "properties": { "OBJECTID": 289 }, "geometry": { "type": "Polygon", "coordinates": [ [ [ 110.139864393242348, 25.248391564413016, 0.0 ], [ 110.140490179361407, 25.248483086863779, 0.0 ], [ 110.141055075638519, 25.248744511206827, 0.0 ], [ 110.141549242093944, 25.249109075864897, 0.0 ], [ 110.142028467007478, 25.24948985783729, 0.0 ], [ 110.142493496207152, 25.249884933055352, 0.0 ], [ 110.142935864683878, 25.249993951776165, 0.0 ], [ 110.142657853555406, 25.249528204121063, 0.0 ], [ 110.142189607012725, 25.249136286361548, 0.0 ], [ 110.14170749438982, 25.248758531119869, 0.0 ], [ 110.141207237262734, 25.248401197935234, 0.0 ], [ 110.14063745006662, 25.248147122300814, 0.0 ], [ 110.140014913464839, 25.248035171109706, 0.0 ], [ 110.139380451157393, 25.248064901477957, 0.0 ], [ 110.138747936813758, 25.248128680122825, 0.0 ], [ 110.138115421894923, 25.248192456040542, 0.0 ], [ 110.137485014079274, 25.248269170502898, 0.0 ], [ 110.13688983608148, 25.248469154554726, 0.0 ], [ 110.136373824338122, 25.248804943319559, 0.0 ], [ 110.135931210350179, 25.249220741667507, 0.0 ], [ 110.13610218153346, 25.249687925344038, 0.0 ], [ 110.136608120665699, 25.250271192688491, 0.0 ], [ 110.136855048295246, 25.250187432120086, 0.0 ], [ 110.136407444639332, 25.249776011085778, 0.0 ], [ 110.136332353261778, 25.249361887071561, 0.0 ], [ 110.136787175770692, 25.248957948484371, 0.0 ], [ 110.137343099007808, 25.248681366742638, 0.0 ], [ 110.137965879927506, 25.248570799138946, 0.0 ], [ 110.138598396869497, 25.248507023918712, 0.0 ], [ 110.139230913236389, 25.248443245971284, 0.0 ], [ 110.139864393242348, 25.248391564413016, 0.0 ] ] ] } },
{ "type": "Feature", "properties": { "OBJECTID": 290 }, "geometry": { "type": "Polygon", "coordinates": [ [ [ 110.138410888480067, 25.251485552695396, 0.0 ], [ 110.138520051455288, 25.251385102972979, 0.0 ], [ 110.13862921425094, 25.251284653163779, 0.0 ], [ 110.138718129952863, 25.25119413348358, 0.0 ], [ 110.138627141524523, 25.250983286256353, 0.0 ], [ 110.138488926228831, 25.25097975468621, 0.0 ], [ 110.138334492647346, 25.250994603894629, 0.0 ], [ 110.138201609118624, 25.251057740362011, 0.0 ], [ 110.138069103998617, 25.251289018288041, 0.0 ], [ 110.137970471607844, 25.25121267239755, 0.0 ], [ 110.13786124616486, 25.251112279092798, 0.0 ], [ 110.137752020901345, 25.251011885710636, 0.0 ], [ 110.137642795817342, 25.25091149225107, 0.0 ], [ 110.13753357091295, 25.250811098714095, 0.0 ], [ 110.137424346188055, 25.250710705099717, 0.0 ], [ 110.137315121642615, 25.250610311407939, 0.0 ], [ 110.137205897276772, 25.250509917638766, 0.0 ], [ 110.137075588979641, 25.250655002546029, 0.0 ], [ 110.137343103274489, 25.250828533303793, 0.0 ], [ 110.137452328021055, 25.250928926988482, 0.0 ], [ 110.137561552947147, 25.251029320595769, 0.0 ], [ 110.137670778052666, 25.251129714125643, 0.0 ], [ 110.137780003337738, 25.25123010757812, 0.0 ], [ 110.137889228802379, 25.251330500953191, 0.0 ], [ 110.13799845444656, 25.251430894250849, 0.0 ], [ 110.138113752782075, 25.251517818050154, 0.0 ], [ 110.138269035679016, 25.251516054041378, 0.0 ], [ 110.138410888480067, 25.251485552695396, 0.0 ] ] ] } },
{ "type": "Feature", "properties": { "OBJECTID": 291 }, "geometry": { "type": "Polygon", "coordinates": [ [ [ 110.140009197827467, 25.253086499410347, 0.0 ], [ 110.139851021760592, 25.2529411203042, 0.0 ], [ 110.139692846070218, 25.252795741035676, 0.0 ], [ 110.139534670756362, 25.252650361604783, 0.0 ], [ 110.139376495819064, 25.252504982011544, 0.0 ], [ 110.139218321258198, 25.25235960225594, 0.0 ], [ 110.13906014707382, 25.252214222337976, 0.0 ], [ 110.138901973266002, 25.252068842257682, 0.0 ], [ 110.138980423828968, 25.251986046690636, 0.0 ], [ 110.139172478615905, 25.251891706297076, 0.0 ], [ 110.139317129154193, 25.251742807349704, 0.0 ], [ 110.139272009816452, 25.251620201510349, 0.0 ], [ 110.139271976450758, 25.251425282517083, 0.0 ], [ 110.139355268632059, 25.251314779063385, 0.0 ], [ 110.139264059990538, 25.251129376145968, 0.0 ], [ 110.139119753209627, 25.251115764065926, 0.0 ], [ 110.138961673400658, 25.251261227593659, 0.0 ], [ 110.138803593214973, 25.251406690939408, 0.0 ], [ 110.138645512652587, 25.25155215410317, 0.0 ], [ 110.138528838699628, 25.25171335475472, 0.0 ], [ 110.138527644108038, 25.251917288094312, 0.0 ], [ 110.138685817232002, 25.252062668593108, 0.0 ], [ 110.138843990612628, 25.252208049037371, 0.0 ], [ 110.139002164369728, 25.252353429319285, 0.0 ], [ 110.139160338503402, 25.252498809438851, 0.0 ], [ 110.139318513013507, 25.252644189396062, 0.0 ], [ 110.1394766879001, 25.25278956919092, 0.0 ], [ 110.139634863163195, 25.252934948823416, 0.0 ], [ 110.139871804918073, 25.253171052047385, 0.0 ], [ 110.140009197827467, 25.253086499410347, 0.0 ] ] ] } },
{ "type": "Feature", "properties": { "OBJECTID": 292 }, "geometry": { "type": "Polygon", "coordinates": [ [ [ 110.136884135413865, 25.251048349670416, 0.0 ], [ 110.136649276022027, 25.251019110359017, 0.0 ], [ 110.136448953795721, 25.251126515320784, 0.0 ], [ 110.1362759911366, 25.25129065136769, 0.0 ], [ 110.136103028285319, 25.251454787434362, 0.0 ], [ 110.135930064918455, 25.25161892323889, 0.0 ], [ 110.135757100777255, 25.251783058555777, 0.0 ], [ 110.135584136170621, 25.251947193654161, 0.0 ], [ 110.135414302357518, 25.252112827517212, 0.0 ], [ 110.135388626284566, 25.252333696095011, 0.0 ], [ 110.13547535616307, 25.252546914492562, 0.0 ], [ 110.135562231536056, 25.252760083348491, 0.0 ], [ 110.13566721137019, 25.252966219378159, 0.0 ], [ 110.135801121778613, 25.253158009341394, 0.0 ], [ 110.135945419717714, 25.253343650641519, 0.0 ], [ 110.136133912775193, 25.253458897375648, 0.0 ], [ 110.136345719500881, 25.253385832257766, 0.0 ], [ 110.136521446038742, 25.253224139857707, 0.0 ], [ 110.136697172111084, 25.253062447232708, 0.0 ], [ 110.136872897717836, 25.252900754382779, 0.0 ], [ 110.13704862285914, 25.252739061307921, 0.0 ], [ 110.137224347534925, 25.252577368008151, 0.0 ], [ 110.137400071745219, 25.252415674483458, 0.0 ], [ 110.137575795490008, 25.252253980733858, 0.0 ], [ 110.137744290061164, 25.252089539190258, 0.0 ], [ 110.137747340658052, 25.25186221655888, 0.0 ], [ 110.137587419056374, 25.251694770163688, 0.0 ], [ 110.137411597447937, 25.251533165341211, 0.0 ], [ 110.137235776304749, 25.25137156031818, 0.0 ], [ 110.137059955626682, 25.251209955094584, 0.0 ], [ 110.136884135413865, 25.251048349670416, 0.0 ] ] ] } },
{ "type": "Feature", "properties": { "OBJECTID": 293 }, "geometry": { "type": "Polygon", "coordinates": [ [ [ 110.135216685631093, 25.252483358717122, 0.0 ], [ 110.135068285702104, 25.252455649058984, 0.0 ], [ 110.134960175249006, 25.252542713911733, 0.0 ], [ 110.13486403293328, 25.252649160699601, 0.0 ], [ 110.134775243246793, 25.252760764899374, 0.0 ], [ 110.134694137211071, 25.252877105535852, 0.0 ], [ 110.134652461552022, 25.253004255029104, 0.0 ], [ 110.134658515684336, 25.253141918549503, 0.0 ], [ 110.134715844106822, 25.253263086675961, 0.0 ], [ 110.134806325031377, 25.253373588995306, 0.0 ], [ 110.134896806118221, 25.253484091261907, 0.0 ], [ 110.134987287367508, 25.25359459347575, 0.0 ], [ 110.135077768779084, 25.253705095636853, 0.0 ], [ 110.135168250352976, 25.253815597745216, 0.0 ], [ 110.135258732089213, 25.253926099800818, 0.0 ], [ 110.135359035827733, 25.25401984607884, 0.0 ], [ 110.135510353161806, 25.254026564686168, 0.0 ], [ 110.13565613072403, 25.254020341883272, 0.0 ], [ 110.135762626785095, 25.253922352684501, 0.0 ], [ 110.135869122499471, 25.253824363245233, 0.0 ], [ 110.135898096250756, 25.253693971159596, 0.0 ], [ 110.135854417419509, 25.253570596229, 0.0 ], [ 110.135766969081828, 25.253458092677615, 0.0 ], [ 110.135679520769756, 25.253345589162969, 0.0 ], [ 110.135592143054708, 25.253233040609729, 0.0 ], [ 110.135510394628199, 25.253117082290778, 0.0 ], [ 110.135438073878191, 25.252996054959954, 0.0 ], [ 110.135375562594604, 25.252870589895583, 0.0 ], [ 110.135321806442832, 25.252741790647899, 0.0 ], [ 110.135269245940208, 25.252612574705964, 0.0 ], [ 110.135216685631093, 25.252483358717122, 0.0 ] ] ] } },
{ "type": "Feature", "properties": { "OBJECTID": 294 }, "geometry": { "type": "Polygon", "coordinates": [ [ [ 110.139806175481155, 25.254177792941871, 0.0 ], [ 110.139633199541876, 25.254192076322312, 0.0 ], [ 110.139470593583042, 25.254249372594721, 0.0 ], [ 110.139307347802884, 25.254305223180175, 0.0 ], [ 110.139154967522288, 25.254380604474584, 0.0 ], [ 110.138996573554849, 25.254447012134971, 0.0 ], [ 110.138831492384867, 25.254496737829669, 0.0 ], [ 110.138672016156235, 25.254555584010593, 0.0 ], [ 110.138532434755788, 25.254650729341545, 0.0 ], [ 110.138407869241433, 25.2547573685566, 0.0 ], [ 110.138360541456777, 25.254909092179052, 0.0 ], [ 110.138335808722232, 25.255066012598448, 0.0 ], [ 110.138393293521546, 25.25521165149032, 0.0 ], [ 110.13851474282886, 25.255325366568794, 0.0 ], [ 110.138638970206756, 25.255436198163103, 0.0 ], [ 110.138801229572536, 25.255489903090218, 0.0 ], [ 110.138975228393576, 25.25548015889181, 0.0 ], [ 110.139147380962001, 25.255454608507467, 0.0 ], [ 110.139315154784711, 25.255412303221892, 0.0 ], [ 110.139477322028426, 25.255355465332485, 0.0 ], [ 110.139635254565064, 25.255293899397383, 0.0 ], [ 110.139773859967448, 25.255220350417105, 0.0 ], [ 110.139931246318042, 25.255154725712107, 0.0 ], [ 110.140071746036242, 25.255061199312287, 0.0 ], [ 110.140172208095677, 25.254932631188627, 0.0 ], [ 110.140194311241601, 25.25477734674536, 0.0 ], [ 110.140205737150623, 25.254619204549751, 0.0 ], [ 110.140180362114407, 25.254466191557906, 0.0 ], [ 110.140094284260059, 25.254328360748421, 0.0 ], [ 110.1399719290267, 25.254217344528271, 0.0 ], [ 110.139806175481155, 25.254177792941871, 0.0 ] ] ] } },
{ "type": "Feature", "properties": { "OBJECTID": 295 }, "geometry": { "type": "Polygon", "coordinates": [ [ [ 110.13390644654416, 25.254502567547441, 0.0 ], [ 110.134082284959419, 25.25388335363553, 0.0 ], [ 110.134179324737715, 25.253260794358859, 0.0 ], [ 110.133789485730901, 25.252736266143209, 0.0 ], [ 110.133465705288515, 25.252866064768632, 0.0 ], [ 110.133141890159777, 25.253141522835531, 0.0 ], [ 110.132697491478822, 25.253563117011218, 0.0 ], [ 110.13303453555173, 25.254076388601948, 0.0 ], [ 110.132528531978252, 25.254364735811688, 0.0 ], [ 110.131972596276981, 25.253975591575273, 0.0 ], [ 110.131419831565879, 25.253606087454944, 0.0 ], [ 110.131906418966679, 25.253144372111837, 0.0 ], [ 110.132393002661104, 25.252682655019548, 0.0 ], [ 110.132879582671535, 25.252220936197546, 0.0 ], [ 110.132709719490791, 25.252186443793015, 0.0 ], [ 110.132223138777732, 25.252648161852225, 0.0 ], [ 110.131736554380595, 25.253109878181704, 0.0 ], [ 110.131249966299379, 25.253571592781348, 0.0 ], [ 110.131752781535198, 25.253945528927304, 0.0 ], [ 110.132327083105537, 25.254314548289116, 0.0 ], [ 110.132816684142938, 25.2547731731329, 0.0 ], [ 110.133299902717368, 25.255237811044811, 0.0 ], [ 110.133572189264214, 25.255804217626437, 0.0 ], [ 110.133662226076595, 25.256437854174369, 0.0 ], [ 110.133805160870594, 25.257064033676411, 0.0 ], [ 110.134129757770665, 25.257268135544802, 0.0 ], [ 110.134559052417529, 25.256812290987657, 0.0 ], [ 110.134173597097544, 25.256301645067207, 0.0 ], [ 110.133816896807431, 25.255755548653944, 0.0 ], [ 110.133745038283919, 25.255124543298614, 0.0 ], [ 110.13390644654416, 25.254502567547441, 0.0 ] ] ] } },
{ "type": "Feature", "properties": { "OBJECTID": 296 }, "geometry": { "type": "Polygon", "coordinates": [ [ [ 110.142102911839146, 25.259778839465564, 0.0 ], [ 110.141963020821905, 25.259792247654634, 0.0 ], [ 110.141829856922456, 25.259811977210969, 0.0 ], [ 110.14177359348254, 25.259932258773812, 0.0 ], [ 110.141716087248241, 25.260051961247452, 0.0 ], [ 110.141724589704552, 25.260180861356698, 0.0 ], [ 110.141730264707107, 25.260306816489617, 0.0 ], [ 110.141714119884284, 25.260436731655258, 0.0 ], [ 110.14172715255296, 25.260566415616314, 0.0 ], [ 110.141781983344444, 25.260686978078915, 0.0 ], [ 110.14185341450154, 25.260799391088398, 0.0 ], [ 110.141940573442639, 25.260903336108115, 0.0 ], [ 110.142027483570345, 25.26100610928966, 0.0 ], [ 110.142125616165487, 25.261100999636579, 0.0 ], [ 110.142230386895832, 25.261190549078549, 0.0 ], [ 110.142361947017562, 25.261234451338407, 0.0 ], [ 110.1424889522998, 25.26118760679682, 0.0 ], [ 110.142598412324205, 25.261108299250836, 0.0 ], [ 110.142614570418104, 25.260978791741088, 0.0 ], [ 110.142643488611867, 25.260851093803264, 0.0 ], [ 110.142659327979274, 25.260722175046158, 0.0 ], [ 110.142634329057174, 25.260593411397846, 0.0 ], [ 110.142595679309011, 25.260468690941536, 0.0 ], [ 110.142542788371188, 25.260347602120465, 0.0 ], [ 110.142502891321769, 25.260222041448518, 0.0 ], [ 110.142539159025432, 25.260101701901434, 0.0 ], [ 110.14258000133654, 25.259989867849708, 0.0 ], [ 110.142513029629157, 25.25988530312155, 0.0 ], [ 110.142370683241978, 25.259869160459921, 0.0 ], [ 110.142233384575434, 25.259831909210479, 0.0 ], [ 110.142102911839146, 25.259778839465564, 0.0 ] ] ] } },
{ "type": "Feature", "properties": { "OBJECTID": 297 }, "geometry": { "type": "Polygon", "coordinates": [ [ [ 110.134601981329411, 25.253728556628531, 0.0 ], [ 110.134408145160961, 25.253686089729918, 0.0 ], [ 110.134314266819928, 25.253860613332762, 0.0 ], [ 110.134255346427906, 25.254068103259087, 0.0 ], [ 110.134196425825124, 25.254275593150851, 0.0 ], [ 110.134137505011552, 25.254483083008029, 0.0 ], [ 110.134078583987204, 25.254690572830626, 0.0 ], [ 110.134019662752138, 25.25489806261864, 0.0 ], [ 110.133967907318095, 25.255106998241605, 0.0 ], [ 110.133952815112167, 25.25532059415147, 0.0 ], [ 110.133977866744573, 25.255533414599917, 0.0 ], [ 110.134042327595893, 25.255739267002124, 0.0 ], [ 110.134144329886794, 25.255932158358373, 0.0 ], [ 110.134280653262266, 25.256106661667893, 0.0 ], [ 110.134429381239045, 25.256272884253207, 0.0 ], [ 110.134676924709709, 25.256499978384305, 0.0 ], [ 110.134734233253283, 25.255870950151014, 0.0 ], [ 110.134793429479714, 25.255663524986808, 0.0 ], [ 110.13485262560917, 25.255456099814836, 0.0 ], [ 110.134911821526899, 25.255248674608055, 0.0 ], [ 110.134971017233084, 25.25504124936645, 0.0 ], [ 110.135030212727528, 25.254833824090024, 0.0 ], [ 110.135089408010359, 25.254626398778797, 0.0 ], [ 110.135148603643771, 25.254418973565411, 0.0 ], [ 110.135024193409905, 25.254244192285096, 0.0 ], [ 110.134883455657018, 25.254072313860526, 0.0 ], [ 110.134742718296792, 25.253900435308335, 0.0 ], [ 110.134601981329411, 25.253728556628531, 0.0 ] ] ] } },
{ "type": "Feature", "properties": { "OBJECTID": 298 }, "geometry": { "type": "Polygon", "coordinates": [ [ [ 110.140318418541924, 25.259822640204149, 0.0 ], [ 110.140891030257421, 25.259424616696396, 0.0 ], [ 110.141463638268476, 25.2590265908483, 0.0 ], [ 110.142036242574932, 25.25862856265994, 0.0 ], [ 110.142608843177101, 25.258230532131446, 0.0 ], [ 110.142833044650033, 25.257700046068127, 0.0 ], [ 110.142474982779589, 25.257131238804408, 0.0 ], [ 110.142116924189011, 25.256562430716482, 0.0 ], [ 110.141758868878028, 25.255993621804404, 0.0 ], [ 110.141385426574232, 25.255433205654771, 0.0 ], [ 110.141271727995388, 25.255522454971569, 0.0 ], [ 110.141643929450879, 25.256083560006797, 0.0 ], [ 110.142001984451454, 25.256652369192256, 0.0 ], [ 110.142360042731696, 25.257221177553568, 0.0 ], [ 110.142718104291717, 25.257789985090682, 0.0 ], [ 110.142106264263901, 25.257990863055031, 0.0 ], [ 110.141740208040375, 25.257490079267704, 0.0 ], [ 110.141201846879881, 25.256500042443296, 0.0 ], [ 110.141200794043144, 25.255859219987109, 0.0 ], [ 110.14061543013969, 25.255479150300992, 0.0 ], [ 110.139961820523212, 25.255702075076947, 0.0 ], [ 110.139326017520176, 25.256008113764164, 0.0 ], [ 110.138756885885854, 25.256410065043017, 0.0 ], [ 110.138882285409821, 25.256955037984895, 0.0 ], [ 110.139965376823838, 25.25930257695736, 0.0 ], [ 110.140318418541924, 25.259822640204149, 0.0 ] ] ] } },
{ "type": "Feature", "properties": { "OBJECTID": 299 }, "geometry": { "type": "Polygon", "coordinates": [ [ [ 110.140996816810414, 25.260203179503591, 0.0 ], [ 110.141747999683702, 25.259681026452004, 0.0 ], [ 110.142123588729518, 25.259419948415868, 0.0 ], [ 110.142499176181474, 25.259158869372886, 0.0 ], [ 110.142874762039511, 25.258897789323072, 0.0 ], [ 110.143170371014477, 25.258717482832601, 0.0 ], [ 110.143485415527323, 25.259008894892553, 0.0 ], [ 110.143720284523624, 25.259381989902369, 0.0 ], [ 110.144102332631178, 25.259999653845004, 0.0 ], [ 110.144221969080789, 25.259977125563807, 0.0 ], [ 110.144031499013778, 25.259603834013731, 0.0 ], [ 110.143796628663623, 25.259230739464538, 0.0 ], [ 110.143561759724761, 25.258857644560624, 0.0 ], [ 110.143227412020764, 25.258554423438323, 0.0 ], [ 110.142828057280553, 25.258759833942193, 0.0 ], [ 110.140950114258047, 25.260065224211708, 0.0 ], [ 110.140636337760014, 25.260362654636126, 0.0 ], [ 110.140738367140244, 25.260738862602707, 0.0 ], [ 110.141323376032929, 25.261414336068555, 0.0 ], [ 110.141662224651824, 25.261680490994262, 0.0 ], [ 110.142072020247511, 25.261543231709506, 0.0 ], [ 110.14187434165882, 25.26121637976361, 0.0 ], [ 110.141581831768676, 25.260878646895989, 0.0 ], [ 110.141289323485907, 25.260540913475971, 0.0 ], [ 110.140996816810414, 25.260203179503591, 0.0 ] ] ] } },
{ "type": "Feature", "properties": { "OBJECTID": 300 }, "geometry": { "type": "Polygon", "coordinates": [ [ [ 110.154662439609567, 25.262525947163226, 0.0 ], [ 110.15449022976415, 25.262466132698936, 0.0 ], [ 110.154326433575946, 25.262630038256013, 0.0 ], [ 110.154162636946666, 25.262793943616359, 0.0 ], [ 110.15399883987628, 25.262957848779976, 0.0 ], [ 110.15383504236479, 25.263121753746855, 0.0 ], [ 110.153671244412138, 25.263285658516985, 0.0 ], [ 110.153507446018509, 25.263449563090369, 0.0 ], [ 110.153343647183618, 25.263613467467007, 0.0 ], [ 110.153179847907779, 25.263777371646892, 0.0 ], [ 110.153016048190736, 25.263941275630025, 0.0 ], [ 110.152852248032488, 25.264105179416386, 0.0 ], [ 110.152986406602722, 25.264256199731893, 0.0 ], [ 110.153166571216985, 25.264405230557998, 0.0 ], [ 110.153346736396429, 25.264554261048687, 0.0 ], [ 110.153526901445971, 25.264703291898776, 0.0 ], [ 110.153761503986871, 25.264735388481494, 0.0 ], [ 110.153951333437391, 25.264619149472782, 0.0 ], [ 110.154125303346234, 25.264464151787784, 0.0 ], [ 110.154299272813404, 25.264309153883083, 0.0 ], [ 110.154473241839057, 25.264154155758703, 0.0 ], [ 110.154647210423121, 25.263999157414645, 0.0 ], [ 110.15482117856557, 25.263844158850901, 0.0 ], [ 110.154995146266387, 25.263689160067482, 0.0 ], [ 110.155169113525659, 25.263534161064396, 0.0 ], [ 110.155326576475105, 25.263372604852307, 0.0 ], [ 110.155333450053348, 25.263151219820983, 0.0 ], [ 110.155189624405338, 25.262985986369461, 0.0 ], [ 110.155013895515083, 25.262832640341671, 0.0 ], [ 110.15483816712495, 25.262679294057929, 0.0 ], [ 110.154662439609567, 25.262525947163226, 0.0 ] ] ] } },
{ "type": "Feature", "properties": { "OBJECTID": 301 }, "geometry": { "type": "Polygon", "coordinates": [ [ [ 110.151373957379278, 25.266369910834545, 0.0 ], [ 110.15125148393129, 25.266279827037959, 0.0 ], [ 110.151129010630342, 25.266189743182498, 0.0 ], [ 110.151006537239454, 25.266099659534625, 0.0 ], [ 110.15088406403045, 25.266009575788733, 0.0 ], [ 110.150761591003359, 25.265919491944825, 0.0 ], [ 110.150639118158239, 25.265829408002897, 0.0 ], [ 110.150516645494974, 25.265739323962961, 0.0 ], [ 110.150391283347872, 25.265657677111985, 0.0 ], [ 110.150234218143652, 25.265668601995188, 0.0 ], [ 110.150271201210799, 25.26573447750485, 0.0 ], [ 110.150393673613337, 25.265824561820555, 0.0 ], [ 110.150516146197845, 25.265914646038247, 0.0 ], [ 110.150638618964194, 25.266004730157928, 0.0 ], [ 110.150761091912443, 25.266094814179592, 0.0 ], [ 110.150883565049895, 25.266184898095101, 0.0 ], [ 110.150847108685156, 25.266308329941481, 0.0 ], [ 110.150802595636293, 25.26644548640968, 0.0 ], [ 110.150785180383053, 25.266587640832228, 0.0 ], [ 110.15079602183738, 25.266730314717421, 0.0 ], [ 110.150833604380054, 25.266869213320089, 0.0 ], [ 110.150898439102647, 25.26699954068318, 0.0 ], [ 110.150986879834264, 25.267117800102024, 0.0 ], [ 110.151092523819059, 25.267166102696695, 0.0 ], [ 110.151205045589847, 25.26706585843192, 0.0 ], [ 110.151317567483858, 25.266965614361041, 0.0 ], [ 110.151430089151532, 25.266865370159703, 0.0 ], [ 110.151503042365903, 25.266751181394213, 0.0 ], [ 110.151494199902331, 25.266608167002314, 0.0 ], [ 110.15148535745422, 25.26646515260769, 0.0 ], [ 110.151373957379278, 25.266369910834545, 0.0 ] ] ] } },
{ "type": "Feature", "properties": { "OBJECTID": 302 }, "geometry": { "type": "Polygon", "coordinates": [ [ [ 110.144755517981594, 25.268011177398563, 0.0 ], [ 110.144613631979226, 25.267847371551127, 0.0 ], [ 110.144471746355109, 25.267683565573655, 0.0 ], [ 110.144329861109199, 25.267519759466147, 0.0 ], [ 110.144187976241611, 25.267355953228606, 0.0 ], [ 110.144046091752301, 25.267192146861042, 0.0 ], [ 110.143904207641242, 25.267028340363456, 0.0 ], [ 110.143762323908405, 25.266864533735852, 0.0 ], [ 110.143620440553846, 25.266700726978225, 0.0 ], [ 110.143478557577438, 25.266536920090577, 0.0 ], [ 110.143336674979352, 25.26637311307292, 0.0 ], [ 110.143194792759488, 25.266209305925258, 0.0 ], [ 110.143041893797545, 25.266169039025183, 0.0 ], [ 110.142872840333638, 25.2663099184938, 0.0 ], [ 110.142703786480425, 25.266450797755901, 0.0 ], [ 110.142575564128478, 25.266611560352427, 0.0 ], [ 110.142600928526306, 25.266802674070288, 0.0 ], [ 110.142745666938112, 25.266964402333937, 0.0 ], [ 110.142890405731194, 25.267126130462199, 0.0 ], [ 110.143035144905667, 25.267287858455067, 0.0 ], [ 110.143179884461489, 25.267449586312534, 0.0 ], [ 110.143324624398574, 25.26761131403461, 0.0 ], [ 110.143469364717077, 25.267773041621279, 0.0 ], [ 110.14361410541693, 25.26793476907255, 0.0 ], [ 110.143758846498073, 25.268096496388406, 0.0 ], [ 110.143903587960622, 25.268258223568854, 0.0 ], [ 110.144048329780688, 25.2684199506315, 0.0 ], [ 110.144272197231501, 25.268436544579789, 0.0 ], [ 110.144443353298058, 25.268316692437843, 0.0 ], [ 110.144599435835616, 25.268163935007408, 0.0 ], [ 110.144755517981594, 25.268011177398563, 0.0 ] ] ] } },
{ "type": "Feature", "properties": { "OBJECTID": 303 }, "geometry": { "type": "Polygon", "coordinates": [ [ [ 110.15225570415663, 25.266129829649199, 0.0 ], [ 110.152432174874235, 25.265972610014913, 0.0 ], [ 110.152608645137533, 25.265815390154533, 0.0 ], [ 110.15278511494634, 25.26565817006809, 0.0 ], [ 110.15296158430084, 25.265500949755555, 0.0 ], [ 110.153138053200863, 25.265343729216948, 0.0 ], [ 110.153314521559125, 25.265186508371222, 0.0 ], [ 110.153330423862101, 25.264975610305989, 0.0 ], [ 110.15320141172208, 25.264800118110106, 0.0 ], [ 110.153018661431943, 25.264648948543563, 0.0 ], [ 110.152835911002313, 25.26449777935256, 0.0 ], [ 110.152653161196938, 25.264346609773725, 0.0 ], [ 110.152484911757583, 25.264472744438009, 0.0 ], [ 110.152318759785601, 25.264638999626598, 0.0 ], [ 110.152152607359824, 25.264805254612721, 0.0 ], [ 110.151986454480067, 25.264971509396364, 0.0 ], [ 110.151820301146401, 25.265137763977545, 0.0 ], [ 110.15165414735884, 25.265304018356236, 0.0 ], [ 110.151487993117371, 25.26547027253245, 0.0 ], [ 110.151316483989405, 25.265573011490055, 0.0 ], [ 110.151124403503403, 25.265431728878955, 0.0 ], [ 110.150932323464772, 25.265290446026768, 0.0 ], [ 110.150767542777459, 25.265197896708333, 0.0 ], [ 110.150679809176438, 25.2653403262299, 0.0 ], [ 110.151030332003359, 25.265536679803382, 0.0 ], [ 110.151222412587174, 25.265677962481039, 0.0 ], [ 110.15141449361856, 25.265819244917594, 0.0 ], [ 110.151606575085893, 25.265960527125728, 0.0 ], [ 110.151798656817206, 25.266101809299119, 0.0 ], [ 110.152020319986391, 25.266162396462551, 0.0 ], [ 110.15225570415663, 25.266129829649199, 0.0 ] ] ] } },
{ "type": "Feature", "properties": { "OBJECTID": 304 }, "geometry": { "type": "Polygon", "coordinates": [ [ [ 110.207728124942008, 25.26119958344491, 0.0 ], [ 110.208297858454372, 25.26038082881951, 0.0 ], [ 110.208888167235571, 25.260369213836608, 0.0 ], [ 110.209462943557583, 25.260476626569364, 0.0 ], [ 110.209902979222804, 25.260592194850148, 0.0 ], [ 110.210465785866617, 25.260762970213193, 0.0 ], [ 110.211028594140757, 25.260933743464676, 0.0 ], [ 110.211531103456821, 25.260843267682365, 0.0 ], [ 110.211975316471225, 25.260487942030739, 0.0 ], [ 110.212370450600417, 25.260115814568152, 0.0 ], [ 110.212607502502905, 25.259760986525908, 0.0 ], [ 110.212873079451057, 25.25940217174778, 0.0 ], [ 110.212735716061957, 25.258877296153372, 0.0 ], [ 110.212504906301575, 25.258455993218391, 0.0 ], [ 110.212081902143623, 25.258287099624532, 0.0 ], [ 110.211631422755588, 25.258140042298407, 0.0 ], [ 110.211163639874869, 25.258002587698485, 0.0 ], [ 110.210636979815021, 25.257913859238048, 0.0 ], [ 110.210177285021516, 25.258024849614152, 0.0 ], [ 110.208877755127318, 25.258216830882056, 0.0 ], [ 110.20864418035535, 25.258329045502272, 0.0 ], [ 110.208214761145669, 25.258636646902204, 0.0 ], [ 110.207868081828153, 25.259074438338466, 0.0 ], [ 110.207655843331082, 25.259564717746247, 0.0 ], [ 110.207512812847114, 25.260088339629075, 0.0 ], [ 110.207458131464364, 25.26062316311765, 0.0 ], [ 110.207311433729785, 25.261022518462287, 0.0 ], [ 110.207728124942008, 25.26119958344491, 0.0 ] ] ] } }
]
}
