{
"type": "FeatureCollection",
"name": "blue-line",
"crs": { "type": "name", "properties": { "name": "urn:ogc:def:crs:OGC:1.3:CRS84" } },
"features": [
{ "type": "Feature", "properties": { }, "geometry": { "type": "Polygon", "coordinates": [ [ [ 110.121337, 25.191304 ], [ 110.121768, 25.190931 ], [ 110.122199, 25.190558 ], [ 110.122893, 25.189952 ], [ 110.122789, 25.189855 ], [ 110.122094, 25.190462 ], [ 110.121663, 25.190835 ], [ 110.121217, 25.191176 ], [ 110.120641, 25.191165 ], [ 110.120177, 25.190853 ], [ 110.120271, 25.19105 ], [ 110.120743, 25.19134 ], [ 110.121337, 25.191304 ] ] ] } },
{ "type": "Feature", "properties": { }, "geometry": { "type": "Polygon", "coordinates": [ [ [ 110.125994, 25.187299 ], [ 110.125834, 25.187231 ], [ 110.124514, 25.188368 ], [ 110.123782, 25.189002 ], [ 110.123049, 25.189636 ], [ 110.123271, 25.189681 ], [ 110.124504, 25.188563 ], [ 110.125994, 25.187299 ] ] ] } },
{ "type": "Feature", "properties": { }, "geometry": { "type": "Polygon", "coordinates": [ [ [ 110.126793, 25.183625 ], [ 110.126744, 25.183353 ], [ 110.12657, 25.183398 ], [ 110.126751, 25.183787 ], [ 110.127083, 25.184128 ], [ 110.127415, 25.18447 ], [ 110.127747, 25.184812 ], [ 110.128079, 25.185153 ], [ 110.12783, 25.185498 ], [ 110.127467, 25.185813 ], [ 110.127104, 25.186127 ], [ 110.126741, 25.186441 ], [ 110.126378, 25.186755 ], [ 110.126014, 25.18707 ], [ 110.126199, 25.187083 ], [ 110.126731, 25.186636 ], [ 110.127094, 25.186322 ], [ 110.127457, 25.186008 ], [ 110.12782, 25.185694 ], [ 110.128183, 25.185379 ], [ 110.12812, 25.184992 ], [ 110.127788, 25.18465 ], [ 110.127457, 25.184308 ], [ 110.127125, 25.183967 ], [ 110.126793, 25.183625 ] ] ] } },
{ "type": "Feature", "properties": { }, "geometry": { "type": "Polygon", "coordinates": [ [ [ 110.132345, 25.185791 ], [ 110.132274, 25.185705 ], [ 110.132175, 25.185651 ], [ 110.132061, 25.185673 ], [ 110.131949, 25.185708 ], [ 110.131835, 25.18574 ], [ 110.131719, 25.185757 ], [ 110.131601, 25.185762 ], [ 110.131484, 25.185744 ], [ 110.131372, 25.185711 ], [ 110.131261, 25.185672 ], [ 110.131154, 25.185627 ], [ 110.131068, 25.185555 ], [ 110.130996, 25.185469 ], [ 110.130929, 25.18538 ], [ 110.130863, 25.185291 ], [ 110.130849, 25.185187 ], [ 110.130887, 25.185085 ], [ 110.130972, 25.185019 ], [ 110.131088, 25.184999 ], [ 110.131206, 25.184994 ], [ 110.131324, 25.185002 ], [ 110.131439, 25.185026 ], [ 110.131546, 25.185071 ], [ 110.131653, 25.185117 ], [ 110.131762, 25.185159 ], [ 110.131872, 25.185199 ], [ 110.131983, 25.185239 ], [ 110.132094, 25.185276 ], [ 110.132208, 25.185262 ], [ 110.132311, 25.18521 ], [ 110.132401, 25.185141 ], [ 110.132439, 25.185041 ], [ 110.132404, 25.184938 ], [ 110.132381, 25.184833 ], [ 110.132389, 25.184726 ], [ 110.132391, 25.184618 ], [ 110.1324, 25.18451 ], [ 110.132372, 25.184406 ], [ 110.13234, 25.184302 ], [ 110.132308, 25.184198 ], [ 110.132276, 25.184094 ], [ 110.132244, 25.183991 ], [ 110.132208, 25.183888 ], [ 110.132165, 25.183788 ], [ 110.132122, 25.183687 ], [ 110.132059, 25.183596 ], [ 110.131972, 25.183527 ], [ 110.131857, 25.183505 ], [ 110.131745, 25.183472 ], [ 110.131627, 25.183465 ], [ 110.13151, 25.183486 ], [ 110.131396, 25.183514 ], [ 110.131281, 25.183538 ], [ 110.131169, 25.183572 ], [ 110.131067, 25.183627 ], [ 110.130999, 25.183715 ], [ 110.130956, 25.183815 ], [ 110.130948, 25.183922 ], [ 110.130947, 25.18403 ], [ 110.130932, 25.184137 ], [ 110.130884, 25.184233 ], [ 110.130785, 25.184285 ], [ 110.130668, 25.184281 ], [ 110.130559, 25.18424 ], [ 110.130451, 25.184195 ], [ 110.130344, 25.184148 ], [ 110.130236, 25.184104 ], [ 110.130128, 25.18406 ], [ 110.130024, 25.184008 ], [ 110.12992, 25.183957 ], [ 110.129816, 25.183906 ], [ 110.129726, 25.183836 ], [ 110.129651, 25.183752 ], [ 110.129588, 25.183661 ], [ 110.129537, 25.183564 ], [ 110.129503, 25.183461 ], [ 110.129466, 25.183359 ], [ 110.129426, 25.183257 ], [ 110.1294, 25.183153 ], [ 110.129394, 25.183045 ], [ 110.129388, 25.182937 ], [ 110.129382, 25.182829 ], [ 110.129376, 25.182722 ], [ 110.12937, 25.182614 ], [ 110.129396, 25.18251 ], [ 110.129415, 25.182404 ], [ 110.129426, 25.182297 ], [ 110.129437, 25.18219 ], [ 110.129436, 25.182082 ], [ 110.129428, 25.181974 ], [ 110.129425, 25.181867 ], [ 110.129456, 25.181764 ], [ 110.129547, 25.181699 ], [ 110.129665, 25.181689 ], [ 110.12978, 25.181714 ], [ 110.129894, 25.181742 ], [ 110.130009, 25.181767 ], [ 110.130127, 25.181774 ], [ 110.130237, 25.181732 ], [ 110.130317, 25.181657 ], [ 110.130363, 25.181558 ], [ 110.13037, 25.181451 ], [ 110.130349, 25.181345 ], [ 110.130417, 25.18129 ], [ 110.130529, 25.181256 ], [ 110.130642, 25.181221 ], [ 110.130754, 25.181187 ], [ 110.130866, 25.181153 ], [ 110.130978, 25.181118 ], [ 110.131091, 25.181084 ], [ 110.131179, 25.181023 ], [ 110.131164, 25.180916 ], [ 110.131166, 25.180809 ], [ 110.131215, 25.180712 ], [ 110.131304, 25.180642 ], [ 110.131417, 25.180611 ], [ 110.131533, 25.180626 ], [ 110.131647, 25.180657 ], [ 110.13176, 25.180687 ], [ 110.131874, 25.180718 ], [ 110.131989, 25.180742 ], [ 110.132108, 25.180741 ], [ 110.132223, 25.180715 ], [ 110.132335, 25.180682 ], [ 110.132448, 25.18065 ], [ 110.132561, 25.180617 ], [ 110.132674, 25.180584 ], [ 110.132787, 25.180551 ], [ 110.1329, 25.180519 ], [ 110.133013, 25.180486 ], [ 110.133126, 25.180453 ], [ 110.133239, 25.18042 ], [ 110.133352, 25.180387 ], [ 110.133468, 25.180401 ], [ 110.133576, 25.180444 ], [ 110.133669, 25.18051 ], [ 110.133722, 25.180605 ], [ 110.133738, 25.180712 ], [ 110.13382, 25.180783 ], [ 110.133937, 25.180776 ], [ 110.134036, 25.180828 ], [ 110.134051, 25.180931 ], [ 110.134046, 25.181031 ], [ 110.134151, 25.181031 ], [ 110.134244, 25.180966 ], [ 110.134357, 25.180935 ], [ 110.134758, 25.181155 ], [ 110.134714, 25.181253 ], [ 110.134721, 25.18136 ], [ 110.134697, 25.181464 ], [ 110.134663, 25.181567 ], [ 110.134624, 25.181669 ], [ 110.134628, 25.181776 ], [ 110.134711, 25.181838 ], [ 110.134818, 25.181883 ], [ 110.134896, 25.181961 ], [ 110.134997, 25.182018 ], [ 110.135099, 25.182073 ], [ 110.135201, 25.182128 ], [ 110.135301, 25.182185 ], [ 110.135371, 25.182144 ], [ 110.135418, 25.182049 ], [ 110.135425, 25.181949 ], [ 110.135443, 25.181843 ], [ 110.135494, 25.181747 ], [ 110.135572, 25.181673 ], [ 110.135607, 25.18157 ], [ 110.135573, 25.181474 ], [ 110.135477, 25.181444 ], [ 110.135378, 25.181385 ], [ 110.135279, 25.181326 ], [ 110.135217, 25.181251 ], [ 110.135135, 25.181173 ], [ 110.135024, 25.181149 ], [ 110.134911, 25.181118 ], [ 110.134875, 25.18102 ], [ 110.13477, 25.180982 ], [ 110.134658, 25.180957 ], [ 110.13456, 25.180898 ], [ 110.134174, 25.18067 ], [ 110.134112, 25.180579 ], [ 110.134007, 25.180533 ], [ 110.133896, 25.180563 ], [ 110.133789, 25.180565 ], [ 110.133711, 25.180484 ], [ 110.133636, 25.1804 ], [ 110.133632, 25.180307 ], [ 110.133745, 25.180273 ], [ 110.133854, 25.180231 ], [ 110.13396, 25.180183 ], [ 110.134055, 25.18012 ], [ 110.13414, 25.180045 ], [ 110.13423, 25.179975 ], [ 110.134295, 25.179899 ], [ 110.134356, 25.179812 ], [ 110.134432, 25.179729 ], [ 110.134508, 25.179646 ], [ 110.134593, 25.179572 ], [ 110.134681, 25.1795 ], [ 110.134763, 25.179423 ], [ 110.134844, 25.179344 ], [ 110.134927, 25.179267 ], [ 110.135001, 25.179183 ], [ 110.135077, 25.1791 ], [ 110.135147, 25.179014 ], [ 110.135219, 25.178928 ], [ 110.1353, 25.178849 ], [ 110.135378, 25.178768 ], [ 110.135462, 25.178692 ], [ 110.135446, 25.178611 ], [ 110.135367, 25.178672 ], [ 110.135291, 25.178755 ], [ 110.135216, 25.178838 ], [ 110.135138, 25.17892 ], [ 110.135066, 25.179005 ], [ 110.134998, 25.179094 ], [ 110.13492, 25.179175 ], [ 110.134848, 25.179261 ], [ 110.134762, 25.179334 ], [ 110.134676, 25.179409 ], [ 110.134591, 25.179483 ], [ 110.134504, 25.179557 ], [ 110.134421, 25.179633 ], [ 110.134344, 25.179715 ], [ 110.134262, 25.179793 ], [ 110.13417, 25.179859 ], [ 110.134103, 25.179948 ], [ 110.134029, 25.180032 ], [ 110.133941, 25.180103 ], [ 110.133839, 25.180157 ], [ 110.13373, 25.180198 ], [ 110.133617, 25.180233 ], [ 110.133503, 25.180255 ], [ 110.133411, 25.180196 ], [ 110.133398, 25.180089 ], [ 110.133336, 25.179999 ], [ 110.13323, 25.179954 ], [ 110.133114, 25.179968 ], [ 110.132999, 25.179963 ], [ 110.132904, 25.179898 ], [ 110.132791, 25.179871 ], [ 110.132678, 25.179899 ], [ 110.132594, 25.179973 ], [ 110.132556, 25.180075 ], [ 110.132496, 25.180168 ], [ 110.132408, 25.180239 ], [ 110.1323, 25.180282 ], [ 110.132183, 25.180292 ], [ 110.132067, 25.180269 ], [ 110.131975, 25.180204 ], [ 110.131901, 25.180119 ], [ 110.13184, 25.180027 ], [ 110.131762, 25.179946 ], [ 110.131667, 25.179882 ], [ 110.131559, 25.179838 ], [ 110.131444, 25.179815 ], [ 110.131325, 25.179815 ], [ 110.13121, 25.179838 ], [ 110.131099, 25.179876 ], [ 110.130981, 25.179876 ], [ 110.130875, 25.17983 ], [ 110.130794, 25.179753 ], [ 110.130686, 25.17971 ], [ 110.130576, 25.179669 ], [ 110.130482, 25.179728 ], [ 110.130547, 25.179759 ], [ 110.130336, 25.179939 ], [ 110.130235, 25.179989 ], [ 110.130193, 25.180088 ], [ 110.130117, 25.18017 ], [ 110.130052, 25.18026 ], [ 110.129957, 25.180322 ], [ 110.129851, 25.180369 ], [ 110.129747, 25.180422 ], [ 110.129657, 25.180491 ], [ 110.129602, 25.180585 ], [ 110.129583, 25.180691 ], [ 110.129592, 25.180798 ], [ 110.129646, 25.18089 ], [ 110.129719, 25.180975 ], [ 110.129798, 25.181055 ], [ 110.129884, 25.181129 ], [ 110.129977, 25.181196 ], [ 110.130074, 25.181258 ], [ 110.130162, 25.181329 ], [ 110.130224, 25.181421 ], [ 110.130225, 25.181525 ], [ 110.130138, 25.181596 ], [ 110.130031, 25.181635 ], [ 110.129914, 25.181621 ], [ 110.129804, 25.181582 ], [ 110.129687, 25.181567 ], [ 110.129568, 25.181567 ], [ 110.129453, 25.181587 ], [ 110.12935, 25.181641 ], [ 110.129271, 25.181719 ], [ 110.129178, 25.181785 ], [ 110.129094, 25.181858 ], [ 110.129041, 25.181953 ], [ 110.129012, 25.182058 ], [ 110.128949, 25.182138 ], [ 110.128839, 25.182116 ], [ 110.128734, 25.182069 ], [ 110.12863, 25.18202 ], [ 110.12853, 25.181962 ], [ 110.128427, 25.181909 ], [ 110.128321, 25.18186 ], [ 110.128214, 25.181814 ], [ 110.128105, 25.181772 ], [ 110.127993, 25.181738 ], [ 110.127878, 25.18171 ], [ 110.127767, 25.181675 ], [ 110.127656, 25.181637 ], [ 110.127554, 25.181583 ], [ 110.127474, 25.181505 ], [ 110.127405, 25.181416 ], [ 110.12735, 25.181322 ], [ 110.127236, 25.181301 ], [ 110.127146, 25.181372 ], [ 110.127224, 25.18141 ], [ 110.127304, 25.181488 ], [ 110.127373, 25.181576 ], [ 110.127453, 25.181654 ], [ 110.127551, 25.181714 ], [ 110.127658, 25.181759 ], [ 110.12777, 25.181793 ], [ 110.127883, 25.181826 ], [ 110.127996, 25.181857 ], [ 110.128109, 25.181891 ], [ 110.128215, 25.181939 ], [ 110.128321, 25.181987 ], [ 110.128428, 25.182035 ], [ 110.128532, 25.182086 ], [ 110.128634, 25.18214 ], [ 110.128729, 25.182205 ], [ 110.128831, 25.182258 ], [ 110.128946, 25.182275 ], [ 110.129057, 25.182244 ], [ 110.129116, 25.182151 ], [ 110.129151, 25.182048 ], [ 110.129258, 25.182107 ], [ 110.129264, 25.182215 ], [ 110.129251, 25.182322 ], [ 110.129232, 25.182428 ], [ 110.129196, 25.182531 ], [ 110.129179, 25.182637 ], [ 110.129174, 25.182744 ], [ 110.12919, 25.18285 ], [ 110.129206, 25.182957 ], [ 110.129223, 25.183064 ], [ 110.129239, 25.183171 ], [ 110.129256, 25.183278 ], [ 110.129281, 25.183383 ], [ 110.129306, 25.183488 ], [ 110.12935, 25.183588 ], [ 110.129396, 25.183688 ], [ 110.129448, 25.183785 ], [ 110.129516, 25.183872 ], [ 110.129579, 25.183964 ], [ 110.129669, 25.184033 ], [ 110.129768, 25.184092 ], [ 110.129872, 25.184144 ], [ 110.129981, 25.184185 ], [ 110.130089, 25.18423 ], [ 110.130195, 25.184277 ], [ 110.130303, 25.184322 ], [ 110.130411, 25.184367 ], [ 110.130518, 25.184414 ], [ 110.130626, 25.184458 ], [ 110.130738, 25.184489 ], [ 110.130852, 25.184464 ], [ 110.13096, 25.184418 ], [ 110.131049, 25.184348 ], [ 110.13108, 25.184247 ], [ 110.131095, 25.18414 ], [ 110.131106, 25.184033 ], [ 110.131114, 25.183925 ], [ 110.131132, 25.183819 ], [ 110.131216, 25.183748 ], [ 110.131325, 25.183707 ], [ 110.13144, 25.183683 ], [ 110.131558, 25.183674 ], [ 110.131677, 25.183678 ], [ 110.131776, 25.183728 ], [ 110.131857, 25.183805 ], [ 110.131926, 25.183893 ], [ 110.13197, 25.183993 ], [ 110.13201, 25.184094 ], [ 110.132052, 25.184195 ], [ 110.132093, 25.184296 ], [ 110.132128, 25.184399 ], [ 110.132162, 25.184503 ], [ 110.132184, 25.184609 ], [ 110.132205, 25.184715 ], [ 110.132228, 25.18482 ], [ 110.132254, 25.184926 ], [ 110.132264, 25.185032 ], [ 110.132201, 25.185112 ], [ 110.132084, 25.185121 ], [ 110.131969, 25.185098 ], [ 110.13186, 25.185057 ], [ 110.131751, 25.185015 ], [ 110.131636, 25.18499 ], [ 110.131525, 25.184957 ], [ 110.131428, 25.184895 ], [ 110.131317, 25.184862 ], [ 110.131199, 25.184853 ], [ 110.131081, 25.184862 ], [ 110.130968, 25.184891 ], [ 110.130858, 25.184931 ], [ 110.130763, 25.184995 ], [ 110.130714, 25.185089 ], [ 110.130712, 25.185197 ], [ 110.130726, 25.185304 ], [ 110.130758, 25.185407 ], [ 110.130828, 25.185494 ], [ 110.13091, 25.185571 ], [ 110.130995, 25.185646 ], [ 110.131079, 25.185722 ], [ 110.131178, 25.185781 ], [ 110.131278, 25.185838 ], [ 110.131389, 25.185876 ], [ 110.131507, 25.185886 ], [ 110.131625, 25.185882 ], [ 110.131743, 25.18587 ], [ 110.131858, 25.185845 ], [ 110.131965, 25.185802 ], [ 110.13208, 25.185786 ], [ 110.132173, 25.185845 ], [ 110.132189, 25.185947 ], [ 110.132137, 25.186044 ], [ 110.132077, 25.186136 ], [ 110.132014, 25.186228 ], [ 110.131954, 25.186321 ], [ 110.131917, 25.186423 ], [ 110.131919, 25.18653 ], [ 110.131923, 25.186638 ], [ 110.131956, 25.18674 ], [ 110.132032, 25.186822 ], [ 110.132126, 25.186887 ], [ 110.132224, 25.186947 ], [ 110.132323, 25.187007 ], [ 110.13242, 25.187069 ], [ 110.132513, 25.187135 ], [ 110.132603, 25.187205 ], [ 110.132681, 25.187287 ], [ 110.132752, 25.187373 ], [ 110.132822, 25.18746 ], [ 110.132887, 25.18755 ], [ 110.13296, 25.187634 ], [ 110.133045, 25.187709 ], [ 110.13314, 25.18777 ], [ 110.133242, 25.187824 ], [ 110.133344, 25.187878 ], [ 110.133454, 25.187917 ], [ 110.133539, 25.187896 ], [ 110.133616, 25.187814 ], [ 110.133539, 25.187767 ], [ 110.133434, 25.187716 ], [ 110.133327, 25.187672 ], [ 110.13323, 25.187614 ], [ 110.133137, 25.187549 ], [ 110.133056, 25.187471 ], [ 110.132969, 25.187398 ], [ 110.132891, 25.187316 ], [ 110.132818, 25.187232 ], [ 110.132745, 25.187147 ], [ 110.132663, 25.187071 ], [ 110.132568, 25.187005 ], [ 110.132474, 25.186939 ], [ 110.13238, 25.186874 ], [ 110.132286, 25.186808 ], [ 110.132201, 25.186734 ], [ 110.132122, 25.186654 ], [ 110.132066, 25.186563 ], [ 110.132071, 25.186457 ], [ 110.132103, 25.186354 ], [ 110.132166, 25.186262 ], [ 110.132238, 25.186177 ], [ 110.132309, 25.186091 ], [ 110.132368, 25.185997 ], [ 110.13238, 25.185892 ], [ 110.132345, 25.185791 ] ] ] } },
{ "type": "Feature", "properties": { }, "geometry": { "type": "Polygon", "coordinates": [ [ [ 110.185988, 25.227962 ], [ 110.185949, 25.227943 ], [ 110.185967, 25.227972 ], [ 110.185984, 25.228001 ], [ 110.186002, 25.22803 ], [ 110.18602, 25.228059 ], [ 110.186037, 25.228088 ], [ 110.186055, 25.228117 ], [ 110.186073, 25.228146 ], [ 110.186091, 25.228175 ], [ 110.186109, 25.228204 ], [ 110.186126, 25.228233 ], [ 110.186144, 25.228262 ], [ 110.186162, 25.228291 ], [ 110.18618, 25.22832 ], [ 110.186198, 25.228349 ], [ 110.186215, 25.228378 ], [ 110.186233, 25.228407 ], [ 110.186251, 25.228436 ], [ 110.186269, 25.228466 ], [ 110.186286, 25.228495 ], [ 110.186304, 25.228524 ], [ 110.186322, 25.228553 ], [ 110.18634, 25.228582 ], [ 110.186358, 25.22861 ], [ 110.186377, 25.228639 ], [ 110.186396, 25.228667 ], [ 110.186416, 25.228695 ], [ 110.186437, 25.228722 ], [ 110.186457, 25.22875 ], [ 110.186478, 25.228777 ], [ 110.186499, 25.228805 ], [ 110.186519, 25.228832 ], [ 110.18654, 25.228859 ], [ 110.186561, 25.228887 ], [ 110.186581, 25.228914 ], [ 110.186602, 25.228942 ], [ 110.186623, 25.228969 ], [ 110.186645, 25.228995 ], [ 110.186667, 25.229022 ], [ 110.18669, 25.229048 ], [ 110.186712, 25.229074 ], [ 110.186734, 25.229101 ], [ 110.186757, 25.229127 ], [ 110.186779, 25.229153 ], [ 110.1868, 25.22918 ], [ 110.186822, 25.229207 ], [ 110.186843, 25.229234 ], [ 110.186864, 25.229261 ], [ 110.186892, 25.229283 ], [ 110.186924, 25.229267 ], [ 110.186902, 25.229241 ], [ 110.18688, 25.229214 ], [ 110.186858, 25.229188 ], [ 110.186835, 25.229161 ], [ 110.186813, 25.229135 ], [ 110.186791, 25.229108 ], [ 110.186769, 25.229082 ], [ 110.186747, 25.229055 ], [ 110.186725, 25.229029 ], [ 110.186703, 25.229002 ], [ 110.186681, 25.228975 ], [ 110.18666, 25.228949 ], [ 110.186638, 25.228922 ], [ 110.186616, 25.228896 ], [ 110.186594, 25.228869 ], [ 110.186572, 25.228843 ], [ 110.18655, 25.228816 ], [ 110.186528, 25.228789 ], [ 110.186506, 25.228763 ], [ 110.186484, 25.228736 ], [ 110.186463, 25.228709 ], [ 110.186441, 25.228683 ], [ 110.186419, 25.228656 ], [ 110.1864, 25.228627 ], [ 110.186383, 25.228598 ], [ 110.186365, 25.228569 ], [ 110.186348, 25.22854 ], [ 110.18633, 25.228511 ], [ 110.186312, 25.228482 ], [ 110.186295, 25.228453 ], [ 110.186277, 25.228424 ], [ 110.18626, 25.228394 ], [ 110.186242, 25.228365 ], [ 110.186225, 25.228336 ], [ 110.186207, 25.228307 ], [ 110.18619, 25.228278 ], [ 110.186173, 25.228248 ], [ 110.186155, 25.228219 ], [ 110.186138, 25.22819 ], [ 110.18612, 25.228161 ], [ 110.186103, 25.228132 ], [ 110.186085, 25.228102 ], [ 110.186068, 25.228073 ], [ 110.186049, 25.228045 ], [ 110.186029, 25.228017 ], [ 110.186009, 25.227989 ], [ 110.185988, 25.227962 ] ] ] } },
{ "type": "Feature", "properties": { }, "geometry": { "type": "Polygon", "coordinates": [ [ [ 110.187136, 25.229544 ], [ 110.187081, 25.229501 ], [ 110.187085, 25.229561 ], [ 110.187123, 25.229619 ], [ 110.18716, 25.229676 ], [ 110.187198, 25.229734 ], [ 110.187233, 25.229793 ], [ 110.187263, 25.229855 ], [ 110.187292, 25.229917 ], [ 110.187321, 25.229979 ], [ 110.187351, 25.23004 ], [ 110.18738, 25.230102 ], [ 110.187405, 25.230165 ], [ 110.18743, 25.230229 ], [ 110.187455, 25.230292 ], [ 110.18748, 25.230356 ], [ 110.187504, 25.230419 ], [ 110.187529, 25.230482 ], [ 110.187554, 25.230546 ], [ 110.187579, 25.230609 ], [ 110.187604, 25.230672 ], [ 110.18763, 25.230735 ], [ 110.187655, 25.230799 ], [ 110.187681, 25.230862 ], [ 110.18771, 25.230923 ], [ 110.187742, 25.230984 ], [ 110.187775, 25.231044 ], [ 110.187808, 25.231105 ], [ 110.187843, 25.231164 ], [ 110.187879, 25.231223 ], [ 110.187914, 25.231282 ], [ 110.187949, 25.231341 ], [ 110.187984, 25.2314 ], [ 110.188019, 25.23146 ], [ 110.188052, 25.23152 ], [ 110.188083, 25.231581 ], [ 110.188115, 25.231642 ], [ 110.188146, 25.231703 ], [ 110.188178, 25.231763 ], [ 110.188209, 25.231824 ], [ 110.188241, 25.231885 ], [ 110.188272, 25.231946 ], [ 110.188302, 25.232008 ], [ 110.188332, 25.232069 ], [ 110.188361, 25.232131 ], [ 110.188391, 25.232193 ], [ 110.18842, 25.232254 ], [ 110.18845, 25.232316 ], [ 110.18848, 25.232378 ], [ 110.188509, 25.232439 ], [ 110.188538, 25.232501 ], [ 110.188549, 25.232497 ], [ 110.188528, 25.232433 ], [ 110.188508, 25.232368 ], [ 110.188482, 25.232305 ], [ 110.188453, 25.232243 ], [ 110.188424, 25.232181 ], [ 110.188395, 25.232119 ], [ 110.188367, 25.232057 ], [ 110.188338, 25.231995 ], [ 110.188309, 25.231933 ], [ 110.188281, 25.231871 ], [ 110.188252, 25.231809 ], [ 110.188224, 25.231747 ], [ 110.188196, 25.231685 ], [ 110.18817, 25.231622 ], [ 110.188143, 25.231559 ], [ 110.188116, 25.231496 ], [ 110.18808, 25.231438 ], [ 110.188041, 25.231381 ], [ 110.188002, 25.231324 ], [ 110.187965, 25.231265 ], [ 110.187932, 25.231205 ], [ 110.1879, 25.231144 ], [ 110.187868, 25.231084 ], [ 110.187835, 25.231023 ], [ 110.187803, 25.230963 ], [ 110.18777, 25.230903 ], [ 110.187737, 25.230842 ], [ 110.187707, 25.230781 ], [ 110.187679, 25.230719 ], [ 110.187652, 25.230656 ], [ 110.18763, 25.230592 ], [ 110.187611, 25.230527 ], [ 110.187588, 25.230463 ], [ 110.18756, 25.2304 ], [ 110.187533, 25.230338 ], [ 110.187507, 25.230275 ], [ 110.187482, 25.230212 ], [ 110.187456, 25.230149 ], [ 110.187429, 25.230086 ], [ 110.187402, 25.230024 ], [ 110.18737, 25.229963 ], [ 110.187339, 25.229902 ], [ 110.187312, 25.229839 ], [ 110.187284, 25.229777 ], [ 110.187249, 25.229718 ], [ 110.187213, 25.229659 ], [ 110.187175, 25.229601 ], [ 110.187136, 25.229544 ] ] ] } },
{ "type": "Feature", "properties": { }, "geometry": { "type": "Polygon", "coordinates": [ [ [ 110.18408, 25.205158 ], [ 110.184417, 25.204817 ], [ 110.184876, 25.205135 ], [ 110.185304, 25.20486 ], [ 110.185759, 25.204564 ], [ 110.186227, 25.204807 ], [ 110.186208, 25.205338 ], [ 110.186314, 25.205848 ], [ 110.186849, 25.206018 ], [ 110.187029, 25.206242 ], [ 110.186975, 25.206752 ], [ 110.187415, 25.207092 ], [ 110.187595, 25.2075 ], [ 110.187435, 25.208012 ], [ 110.187387, 25.208543 ], [ 110.187127, 25.208961 ], [ 110.186612, 25.209206 ], [ 110.186379, 25.209682 ], [ 110.186538, 25.210188 ], [ 110.186797, 25.210671 ], [ 110.186623, 25.211172 ], [ 110.18675, 25.211623 ], [ 110.187064, 25.212042 ], [ 110.187251, 25.212528 ], [ 110.187454, 25.212411 ], [ 110.187239, 25.211995 ], [ 110.187048, 25.21149 ], [ 110.186957, 25.21096 ], [ 110.186909, 25.210427 ], [ 110.18675, 25.209919 ], [ 110.18701, 25.209532 ], [ 110.18716, 25.209152 ], [ 110.18758, 25.208824 ], [ 110.187566, 25.208292 ], [ 110.187615, 25.207757 ], [ 110.187898, 25.207299 ], [ 110.18833, 25.207024 ], [ 110.18807, 25.206574 ], [ 110.188125, 25.206149 ], [ 110.187872, 25.205944 ], [ 110.187329, 25.205775 ], [ 110.186751, 25.205851 ], [ 110.186387, 25.205505 ], [ 110.186376, 25.204972 ], [ 110.186236, 25.204488 ], [ 110.185771, 25.204343 ], [ 110.185701, 25.203973 ], [ 110.185714, 25.203447 ], [ 110.185397, 25.202997 ], [ 110.185195, 25.202493 ], [ 110.185078, 25.201966 ], [ 110.185008, 25.201434 ], [ 110.184985, 25.200897 ], [ 110.184831, 25.200384 ], [ 110.184378, 25.200054 ], [ 110.183836, 25.199861 ], [ 110.183247, 25.199893 ], [ 110.182714, 25.199689 ], [ 110.182219, 25.199406 ], [ 110.182378, 25.198888 ], [ 110.182445, 25.198372 ], [ 110.182008, 25.198094 ], [ 110.181469, 25.198277 ], [ 110.181008, 25.198587 ], [ 110.180723, 25.19829 ], [ 110.180716, 25.197755 ], [ 110.180375, 25.197375 ], [ 110.179862, 25.19756 ], [ 110.1794, 25.197891 ], [ 110.179037, 25.198313 ], [ 110.178603, 25.198582 ], [ 110.178263, 25.198201 ], [ 110.178008, 25.197717 ], [ 110.177643, 25.197303 ], [ 110.177123, 25.197305 ], [ 110.176696, 25.19765 ], [ 110.176125, 25.197758 ], [ 110.175564, 25.197617 ], [ 110.175109, 25.197285 ], [ 110.174861, 25.196803 ], [ 110.174605, 25.19632 ], [ 110.174357, 25.195832 ], [ 110.174215, 25.195314 ], [ 110.174134, 25.194781 ], [ 110.173947, 25.194273 ], [ 110.173753, 25.193766 ], [ 110.173769, 25.193233 ], [ 110.17391, 25.192712 ], [ 110.174104, 25.192205 ], [ 110.174136, 25.191671 ], [ 110.174056, 25.191139 ], [ 110.173918, 25.190639 ], [ 110.174308, 25.190286 ], [ 110.174636, 25.189848 ], [ 110.174675, 25.189323 ], [ 110.174539, 25.1888 ], [ 110.174439, 25.18827 ], [ 110.174351, 25.187749 ], [ 110.174201, 25.187404 ], [ 110.174316, 25.186918 ], [ 110.174074, 25.186429 ], [ 110.173668, 25.186053 ], [ 110.173201, 25.185724 ], [ 110.172772, 25.185363 ], [ 110.172597, 25.184862 ], [ 110.172925, 25.184416 ], [ 110.172857, 25.184 ], [ 110.172283, 25.184102 ], [ 110.171814, 25.184424 ], [ 110.171374, 25.184777 ], [ 110.170875, 25.184699 ], [ 110.170421, 25.184379 ], [ 110.169876, 25.184484 ], [ 110.169295, 25.184458 ], [ 110.168871, 25.18411 ], [ 110.168662, 25.183611 ], [ 110.168456, 25.183108 ], [ 110.16823, 25.182613 ], [ 110.168303, 25.182105 ], [ 110.168662, 25.181711 ], [ 110.16838, 25.181357 ], [ 110.167809, 25.181386 ], [ 110.167463, 25.180965 ], [ 110.167034, 25.180605 ], [ 110.166505, 25.180367 ], [ 110.166446, 25.180183 ], [ 110.16698, 25.180224 ], [ 110.167118, 25.179798 ], [ 110.167012, 25.179327 ], [ 110.16645, 25.179216 ], [ 110.165946, 25.178953 ], [ 110.16543, 25.178701 ], [ 110.164865, 25.178562 ], [ 110.164313, 25.178374 ], [ 110.163787, 25.178132 ], [ 110.163235, 25.177963 ], [ 110.162681, 25.178083 ], [ 110.163197, 25.178344 ], [ 110.163726, 25.178583 ], [ 110.164243, 25.17884 ], [ 110.164817, 25.178952 ], [ 110.165402, 25.179022 ], [ 110.165784, 25.179336 ], [ 110.165547, 25.1798 ], [ 110.165631, 25.180282 ], [ 110.166108, 25.18054 ], [ 110.166653, 25.180743 ], [ 110.16714, 25.181041 ], [ 110.167462, 25.181491 ], [ 110.167954, 25.181687 ], [ 110.168143, 25.181942 ], [ 110.167897, 25.182415 ], [ 110.168032, 25.182928 ], [ 110.168266, 25.183418 ], [ 110.168546, 25.183883 ], [ 110.168776, 25.184368 ], [ 110.169228, 25.184692 ], [ 110.169804, 25.184695 ], [ 110.170377, 25.184678 ], [ 110.170852, 25.184989 ], [ 110.171409, 25.185037 ], [ 110.171872, 25.184714 ], [ 110.172306, 25.184352 ], [ 110.172524, 25.184505 ], [ 110.172311, 25.184975 ], [ 110.172537, 25.185471 ], [ 110.172955, 25.18584 ], [ 110.173444, 25.186141 ], [ 110.173859, 25.186514 ], [ 110.174141, 25.186973 ], [ 110.17394, 25.18747 ], [ 110.174128, 25.187881 ], [ 110.174105, 25.188357 ], [ 110.174227, 25.188883 ], [ 110.174358, 25.189406 ], [ 110.17431, 25.189932 ], [ 110.173895, 25.190298 ], [ 110.173612, 25.190724 ], [ 110.173717, 25.191251 ], [ 110.173781, 25.191784 ], [ 110.17372, 25.192317 ], [ 110.173473, 25.192795 ], [ 110.173374, 25.193317 ], [ 110.173405, 25.193852 ], [ 110.173556, 25.194371 ], [ 110.173739, 25.194881 ], [ 110.173913, 25.19539 ], [ 110.174009, 25.195911 ], [ 110.174274, 25.19639 ], [ 110.174552, 25.196864 ], [ 110.174828, 25.197332 ], [ 110.175176, 25.197684 ], [ 110.175621, 25.197977 ], [ 110.176199, 25.198072 ], [ 110.176763, 25.197916 ], [ 110.177278, 25.197664 ], [ 110.177746, 25.197836 ], [ 110.17804, 25.198302 ], [ 110.178344, 25.198755 ], [ 110.178898, 25.198839 ], [ 110.17934, 25.198512 ], [ 110.179662, 25.198062 ], [ 110.180113, 25.19772 ], [ 110.180426, 25.198008 ], [ 110.180401, 25.198545 ], [ 110.180816, 25.198894 ], [ 110.181331, 25.198726 ], [ 110.181798, 25.198407 ], [ 110.182156, 25.198615 ], [ 110.18199, 25.199125 ], [ 110.181906, 25.199644 ], [ 110.182341, 25.199983 ], [ 110.182895, 25.200161 ], [ 110.183483, 25.200155 ], [ 110.18405, 25.200226 ], [ 110.184515, 25.20055 ], [ 110.184637, 25.201066 ], [ 110.184711, 25.201598 ], [ 110.184823, 25.202126 ], [ 110.184996, 25.202638 ], [ 110.185167, 25.203147 ], [ 110.185478, 25.203601 ], [ 110.185419, 25.204123 ], [ 110.185225, 25.204628 ], [ 110.184796, 25.204888 ], [ 110.184373, 25.204586 ], [ 110.183939, 25.204841 ], [ 110.183944, 25.205374 ], [ 110.184007, 25.205906 ], [ 110.183838, 25.206412 ], [ 110.183602, 25.206897 ], [ 110.183382, 25.207394 ], [ 110.183197, 25.207904 ], [ 110.183128, 25.208433 ], [ 110.183301, 25.208941 ], [ 110.183576, 25.209416 ], [ 110.183738, 25.209931 ], [ 110.183944, 25.210435 ], [ 110.184153, 25.210934 ], [ 110.18431, 25.211452 ], [ 110.184503, 25.211959 ], [ 110.184555, 25.212489 ], [ 110.184419, 25.21301 ], [ 110.184415, 25.213541 ], [ 110.1846, 25.214046 ], [ 110.185052, 25.214359 ], [ 110.185337, 25.214734 ], [ 110.184362, 25.215198 ], [ 110.183881, 25.215489 ], [ 110.183763, 25.215981 ], [ 110.183914, 25.216497 ], [ 110.183735, 25.216993 ], [ 110.183416, 25.217445 ], [ 110.183207, 25.217947 ], [ 110.183005, 25.218452 ], [ 110.182804, 25.218958 ], [ 110.18255, 25.219437 ], [ 110.182112, 25.219794 ], [ 110.181986, 25.220164 ], [ 110.18239, 25.220356 ], [ 110.182844, 25.220015 ], [ 110.183071, 25.219524 ], [ 110.183195, 25.218999 ], [ 110.183356, 25.218483 ], [ 110.183558, 25.217978 ], [ 110.183775, 25.217478 ], [ 110.184063, 25.217009 ], [ 110.184229, 25.216502 ], [ 110.184204, 25.215965 ], [ 110.184331, 25.215478 ], [ 110.184859, 25.215269 ], [ 110.185375, 25.215038 ], [ 110.185614, 25.214584 ], [ 110.185236, 25.21424 ], [ 110.18489, 25.213818 ], [ 110.184654, 25.213329 ], [ 110.1847, 25.212805 ], [ 110.184783, 25.212278 ], [ 110.184687, 25.21175 ], [ 110.184476, 25.211248 ], [ 110.184311, 25.210733 ], [ 110.184101, 25.21023 ], [ 110.183901, 25.209725 ], [ 110.183713, 25.209218 ], [ 110.183435, 25.208744 ], [ 110.183338, 25.20822 ], [ 110.183456, 25.207696 ], [ 110.183665, 25.207194 ], [ 110.183899, 25.2067 ], [ 110.184145, 25.206212 ], [ 110.184174, 25.205681 ], [ 110.18408, 25.205158 ] ] ] } },
{ "type": "Feature", "properties": { }, "geometry": { "type": "Polygon", "coordinates": [ [ [ 110.182538, 25.221109 ], [ 110.182496, 25.22096 ], [ 110.182373, 25.220852 ], [ 110.182233, 25.22076 ], [ 110.182129, 25.22064 ], [ 110.182169, 25.2205 ], [ 110.182034, 25.220469 ], [ 110.182032, 25.220624 ], [ 110.181999, 25.220776 ], [ 110.181896, 25.2209 ], [ 110.181634, 25.221039 ], [ 110.181481, 25.220969 ], [ 110.181497, 25.221104 ], [ 110.181537, 25.221258 ], [ 110.181581, 25.22141 ], [ 110.181629, 25.221561 ], [ 110.181682, 25.22171 ], [ 110.18174, 25.221859 ], [ 110.181802, 25.222005 ], [ 110.181869, 25.222151 ], [ 110.18194, 25.222294 ], [ 110.182014, 25.222436 ], [ 110.182091, 25.222577 ], [ 110.18217, 25.222717 ], [ 110.18225, 25.222856 ], [ 110.182332, 25.222995 ], [ 110.182413, 25.223134 ], [ 110.182495, 25.223272 ], [ 110.182577, 25.223411 ], [ 110.182659, 25.22355 ], [ 110.18274, 25.223688 ], [ 110.182822, 25.223827 ], [ 110.182904, 25.223966 ], [ 110.182986, 25.224104 ], [ 110.183068, 25.224243 ], [ 110.183149, 25.224381 ], [ 110.183231, 25.22452 ], [ 110.183313, 25.224659 ], [ 110.183395, 25.224797 ], [ 110.183476, 25.224936 ], [ 110.183558, 25.225075 ], [ 110.18364, 25.225213 ], [ 110.183722, 25.225352 ], [ 110.183803, 25.22549 ], [ 110.183885, 25.225629 ], [ 110.183967, 25.225768 ], [ 110.184049, 25.225906 ], [ 110.184131, 25.226045 ], [ 110.184212, 25.226184 ], [ 110.184315, 25.226258 ], [ 110.184444, 25.226158 ], [ 110.184537, 25.226026 ], [ 110.184562, 25.225873 ], [ 110.184509, 25.225723 ], [ 110.184448, 25.225576 ], [ 110.184388, 25.225429 ], [ 110.184327, 25.225281 ], [ 110.184273, 25.225132 ], [ 110.184219, 25.224982 ], [ 110.184165, 25.224833 ], [ 110.18411, 25.224684 ], [ 110.184054, 25.224535 ], [ 110.183994, 25.224387 ], [ 110.183932, 25.224241 ], [ 110.183871, 25.224093 ], [ 110.183812, 25.223946 ], [ 110.183747, 25.2238 ], [ 110.183683, 25.223654 ], [ 110.183615, 25.223509 ], [ 110.183544, 25.223366 ], [ 110.18347, 25.223223 ], [ 110.183398, 25.22308 ], [ 110.18333, 25.222936 ], [ 110.183268, 25.222789 ], [ 110.18321, 25.222641 ], [ 110.183155, 25.222492 ], [ 110.183127, 25.222337 ], [ 110.183092, 25.222183 ], [ 110.18304, 25.222033 ], [ 110.182955, 25.221897 ], [ 110.18281, 25.221819 ], [ 110.18264, 25.221794 ], [ 110.182482, 25.221577 ], [ 110.182516, 25.221423 ], [ 110.182523, 25.221266 ], [ 110.182538, 25.221109 ] ] ] } },
{ "type": "Feature", "properties": { }, "geometry": { "type": "Polygon", "coordinates": [ [ [ 110.178037, 25.220617 ], [ 110.178003, 25.220521 ], [ 110.177823, 25.220573 ], [ 110.177703, 25.220611 ], [ 110.177584, 25.22065 ], [ 110.177464, 25.220688 ], [ 110.177345, 25.220727 ], [ 110.177226, 25.220765 ], [ 110.177106, 25.220803 ], [ 110.176987, 25.220842 ], [ 110.176868, 25.22088 ], [ 110.17675, 25.220923 ], [ 110.176639, 25.220978 ], [ 110.176536, 25.221045 ], [ 110.176437, 25.221117 ], [ 110.176342, 25.221193 ], [ 110.176249, 25.221271 ], [ 110.17616, 25.221353 ], [ 110.17607, 25.221434 ], [ 110.175959, 25.221638 ], [ 110.17594, 25.221752 ], [ 110.175922, 25.221866 ], [ 110.175905, 25.22198 ], [ 110.175869, 25.22209 ], [ 110.175824, 25.222198 ], [ 110.175773, 25.222303 ], [ 110.175697, 25.222394 ], [ 110.175606, 25.222475 ], [ 110.175516, 25.222555 ], [ 110.175425, 25.222636 ], [ 110.175335, 25.222716 ], [ 110.175244, 25.222797 ], [ 110.175154, 25.222878 ], [ 110.175066, 25.222961 ], [ 110.174983, 25.223047 ], [ 110.174901, 25.223135 ], [ 110.174821, 25.223224 ], [ 110.174741, 25.223314 ], [ 110.174661, 25.223403 ], [ 110.174472, 25.223538 ], [ 110.174983, 25.224041 ], [ 110.175065, 25.223954 ], [ 110.175148, 25.223867 ], [ 110.175231, 25.22378 ], [ 110.175314, 25.223693 ], [ 110.175397, 25.223606 ], [ 110.175479, 25.223518 ], [ 110.175562, 25.223431 ], [ 110.175645, 25.223344 ], [ 110.17573, 25.223259 ], [ 110.175816, 25.223174 ], [ 110.175902, 25.22309 ], [ 110.175988, 25.223006 ], [ 110.176074, 25.222921 ], [ 110.17616, 25.222836 ], [ 110.176233, 25.222743 ], [ 110.17629, 25.22264 ], [ 110.176339, 25.222534 ], [ 110.176386, 25.222427 ], [ 110.176431, 25.222319 ], [ 110.176474, 25.222211 ], [ 110.176525, 25.222105 ], [ 110.176588, 25.222006 ], [ 110.176667, 25.221916 ], [ 110.176751, 25.221829 ], [ 110.176834, 25.221743 ], [ 110.176918, 25.221656 ], [ 110.177007, 25.221574 ], [ 110.177106, 25.221503 ], [ 110.177214, 25.221443 ], [ 110.17733, 25.221396 ], [ 110.17745, 25.221359 ], [ 110.17757, 25.221324 ], [ 110.177692, 25.221292 ], [ 110.177814, 25.221263 ], [ 110.177937, 25.221235 ], [ 110.178061, 25.22121 ], [ 110.178172, 25.22118 ], [ 110.178145, 25.221068 ], [ 110.178118, 25.220955 ], [ 110.178091, 25.220842 ], [ 110.178064, 25.22073 ], [ 110.178037, 25.220617 ] ] ] } },
{ "type": "Feature", "properties": { }, "geometry": { "type": "Polygon", "coordinates": [ [ [ 110.180776, 25.220962 ], [ 110.180847, 25.220958 ], [ 110.180973, 25.220959 ], [ 110.180776, 25.220317 ], [ 110.180704, 25.220323 ], [ 110.180632, 25.22033 ], [ 110.180561, 25.220338 ], [ 110.180489, 25.220346 ], [ 110.180418, 25.220355 ], [ 110.180347, 25.220366 ], [ 110.180276, 25.220377 ], [ 110.180205, 25.220387 ], [ 110.180134, 25.220396 ], [ 110.180062, 25.220405 ], [ 110.179991, 25.220413 ], [ 110.179919, 25.22042 ], [ 110.179848, 25.220426 ], [ 110.179776, 25.220432 ], [ 110.179704, 25.220437 ], [ 110.179632, 25.220441 ], [ 110.17956, 25.220445 ], [ 110.179488, 25.220448 ], [ 110.179417, 25.22045 ], [ 110.179345, 25.220453 ], [ 110.179273, 25.220455 ], [ 110.179201, 25.220456 ], [ 110.179129, 25.220457 ], [ 110.179057, 25.220456 ], [ 110.178985, 25.220454 ], [ 110.178913, 25.220451 ], [ 110.178841, 25.22045 ], [ 110.178769, 25.22045 ], [ 110.178697, 25.220452 ], [ 110.178625, 25.220456 ], [ 110.178553, 25.220462 ], [ 110.178482, 25.22047 ], [ 110.17841, 25.220479 ], [ 110.178355, 25.220511 ], [ 110.178312, 25.220564 ], [ 110.178302, 25.220623 ], [ 110.178317, 25.220687 ], [ 110.178333, 25.220751 ], [ 110.178348, 25.220815 ], [ 110.178363, 25.220879 ], [ 110.178379, 25.220943 ], [ 110.178394, 25.221007 ], [ 110.17841, 25.221071 ], [ 110.178425, 25.221153 ], [ 110.178481, 25.221144 ], [ 110.178553, 25.221134 ], [ 110.178624, 25.221124 ], [ 110.178695, 25.221115 ], [ 110.178767, 25.221106 ], [ 110.178838, 25.221098 ], [ 110.178909, 25.221091 ], [ 110.178981, 25.221085 ], [ 110.179053, 25.221079 ], [ 110.179125, 25.221074 ], [ 110.179197, 25.221071 ], [ 110.179269, 25.221067 ], [ 110.179341, 25.221065 ], [ 110.179412, 25.221063 ], [ 110.179484, 25.221061 ], [ 110.179556, 25.221058 ], [ 110.179628, 25.221055 ], [ 110.1797, 25.221052 ], [ 110.179772, 25.221048 ], [ 110.179844, 25.221044 ], [ 110.179916, 25.221039 ], [ 110.179988, 25.221034 ], [ 110.180059, 25.221029 ], [ 110.180131, 25.221023 ], [ 110.180203, 25.221017 ], [ 110.180274, 25.22101 ], [ 110.180346, 25.221003 ], [ 110.180417, 25.220995 ], [ 110.180489, 25.220988 ], [ 110.180561, 25.22098 ], [ 110.180632, 25.220974 ], [ 110.180704, 25.220968 ], [ 110.180776, 25.220962 ] ] ] } },
{ "type": "Feature", "properties": { }, "geometry": { "type": "Polygon", "coordinates": [ [ [ 110.183698, 25.226266 ], [ 110.183483, 25.226025 ], [ 110.183202, 25.226296 ], [ 110.183004, 25.226623 ], [ 110.182879, 25.226978 ], [ 110.182899, 25.227348 ], [ 110.183161, 25.227416 ], [ 110.183489, 25.227227 ], [ 110.183488, 25.226859 ], [ 110.183714, 25.226554 ], [ 110.183698, 25.226266 ] ] ] } },
{ "type": "Feature", "properties": { }, "geometry": { "type": "Polygon", "coordinates": [ [ [ 110.182333, 25.231221 ], [ 110.182445, 25.231063 ], [ 110.183035, 25.229996 ], [ 110.183227, 25.229927 ], [ 110.183393, 25.229813 ], [ 110.183526, 25.229669 ], [ 110.183637, 25.229512 ], [ 110.183656, 25.229324 ], [ 110.183679, 25.229136 ], [ 110.183739, 25.228956 ], [ 110.183815, 25.228779 ], [ 110.183908, 25.228611 ], [ 110.183954, 25.228427 ], [ 110.183964, 25.228238 ], [ 110.183944, 25.22805 ], [ 110.18388, 25.227871 ], [ 110.183783, 25.227727 ], [ 110.183599, 25.227817 ], [ 110.183416, 25.227906 ], [ 110.183248, 25.228 ], [ 110.183336, 25.228171 ], [ 110.183361, 25.228357 ], [ 110.183329, 25.228544 ], [ 110.183254, 25.22872 ], [ 110.183178, 25.228896 ], [ 110.183081, 25.229063 ], [ 110.182955, 25.229213 ], [ 110.18282, 25.229357 ], [ 110.182667, 25.229484 ], [ 110.182501, 25.229597 ], [ 110.182349, 25.229713 ], [ 110.182164, 25.229796 ], [ 110.182091, 25.229934 ], [ 110.181986, 25.230098 ], [ 110.181929, 25.230279 ], [ 110.181872, 25.23046 ], [ 110.181778, 25.230628 ], [ 110.181658, 25.230782 ], [ 110.181488, 25.230887 ], [ 110.181303, 25.230973 ], [ 110.181124, 25.23105 ], [ 110.180917, 25.231062 ], [ 110.180714, 25.231026 ], [ 110.180546, 25.230918 ], [ 110.180444, 25.230754 ], [ 110.180354, 25.230584 ], [ 110.180228, 25.230434 ], [ 110.180072, 25.23031 ], [ 110.179891, 25.230218 ], [ 110.179692, 25.230163 ], [ 110.179485, 25.23015 ], [ 110.179278, 25.230168 ], [ 110.179077, 25.230215 ], [ 110.178887, 25.23029 ], [ 110.178712, 25.230392 ], [ 110.178547, 25.230507 ], [ 110.178368, 25.230602 ], [ 110.178175, 25.230673 ], [ 110.177984, 25.230747 ], [ 110.177808, 25.230847 ], [ 110.177652, 25.230971 ], [ 110.17755, 25.231124 ], [ 110.177609, 25.231207 ], [ 110.177766, 25.231084 ], [ 110.177943, 25.230984 ], [ 110.178122, 25.230888 ], [ 110.178304, 25.230796 ], [ 110.178487, 25.230708 ], [ 110.178674, 25.230626 ], [ 110.178872, 25.230569 ], [ 110.179078, 25.230542 ], [ 110.179286, 25.230547 ], [ 110.179489, 25.230583 ], [ 110.17968, 25.230657 ], [ 110.179836, 25.230781 ], [ 110.179944, 25.230941 ], [ 110.179981, 25.231124 ], [ 110.180027, 25.231278 ], [ 110.18005, 25.231416 ], [ 110.180047, 25.231551 ], [ 110.180155, 25.231703 ], [ 110.180277, 25.231856 ], [ 110.180398, 25.232009 ], [ 110.180527, 25.232124 ], [ 110.181107, 25.232104 ], [ 110.18129, 25.232014 ], [ 110.181474, 25.231926 ], [ 110.181664, 25.23185 ], [ 110.181847, 25.23176 ], [ 110.182012, 25.231663 ], [ 110.18207, 25.231506 ], [ 110.182185, 25.231353 ], [ 110.182333, 25.231221 ] ] ] } },
{ "type": "Feature", "properties": { }, "geometry": { "type": "Polygon", "coordinates": [ [ [ 110.182172, 25.232002 ], [ 110.182148, 25.231912 ], [ 110.182057, 25.231948 ], [ 110.181967, 25.231992 ], [ 110.181877, 25.232036 ], [ 110.181787, 25.232079 ], [ 110.181697, 25.232123 ], [ 110.181607, 25.232167 ], [ 110.181517, 25.232211 ], [ 110.181427, 25.232255 ], [ 110.181336, 25.232299 ], [ 110.181201, 25.232398 ], [ 110.181302, 25.232559 ], [ 110.181351, 25.232641 ], [ 110.181398, 25.232723 ], [ 110.181438, 25.232809 ], [ 110.181478, 25.232894 ], [ 110.1815, 25.232985 ], [ 110.181506, 25.233078 ], [ 110.1815, 25.23317 ], [ 110.181475, 25.23326 ], [ 110.181438, 25.233347 ], [ 110.181376, 25.23342 ], [ 110.181304, 25.233486 ], [ 110.181237, 25.233556 ], [ 110.181176, 25.233631 ], [ 110.181116, 25.233706 ], [ 110.181055, 25.23378 ], [ 110.180993, 25.233854 ], [ 110.180933, 25.233929 ], [ 110.180886, 25.234011 ], [ 110.180872, 25.234102 ], [ 110.180894, 25.234193 ], [ 110.180907, 25.234285 ], [ 110.18092, 25.234377 ], [ 110.180933, 25.234469 ], [ 110.180947, 25.234561 ], [ 110.180964, 25.234653 ], [ 110.180982, 25.234744 ], [ 110.18099, 25.234837 ], [ 110.180987, 25.234929 ], [ 110.18096, 25.235019 ], [ 110.180933, 25.235109 ], [ 110.180901, 25.235197 ], [ 110.180869, 25.235285 ], [ 110.180864, 25.235376 ], [ 110.180873, 25.235469 ], [ 110.180882, 25.235562 ], [ 110.180902, 25.23564 ], [ 110.180999, 25.235612 ], [ 110.181097, 25.235584 ], [ 110.181195, 25.235556 ], [ 110.181292, 25.235529 ], [ 110.181379, 25.235296 ], [ 110.18144, 25.235221 ], [ 110.181505, 25.23515 ], [ 110.18158, 25.235087 ], [ 110.181663, 25.235034 ], [ 110.181755, 25.234994 ], [ 110.181848, 25.234954 ], [ 110.18194, 25.234915 ], [ 110.182032, 25.234873 ], [ 110.182116, 25.234822 ], [ 110.182185, 25.234753 ], [ 110.182255, 25.234686 ], [ 110.18254, 25.234427 ], [ 110.18261, 25.23436 ], [ 110.182668, 25.234284 ], [ 110.182681, 25.234193 ], [ 110.182661, 25.234102 ], [ 110.182623, 25.234016 ], [ 110.182584, 25.233938 ], [ 110.182561, 25.233857 ], [ 110.182472, 25.233601 ], [ 110.182473, 25.233508 ], [ 110.182492, 25.233416 ], [ 110.182515, 25.233326 ], [ 110.182522, 25.233233 ], [ 110.182533, 25.233141 ], [ 110.182544, 25.233048 ], [ 110.182547, 25.232956 ], [ 110.182526, 25.232865 ], [ 110.18249, 25.232778 ], [ 110.182449, 25.232693 ], [ 110.182404, 25.23261 ], [ 110.182276, 25.232361 ], [ 110.182253, 25.232271 ], [ 110.182225, 25.232181 ], [ 110.182198, 25.232092 ], [ 110.182172, 25.232002 ] ] ] } },
{ "type": "Feature", "properties": { }, "geometry": { "type": "Polygon", "coordinates": [ [ [ 110.181551, 25.236064 ], [ 110.181435, 25.235961 ], [ 110.181343, 25.235987 ], [ 110.18125, 25.236014 ], [ 110.181158, 25.23604 ], [ 110.181066, 25.236066 ], [ 110.181064, 25.236206 ], [ 110.181073, 25.236293 ], [ 110.181061, 25.236381 ], [ 110.181041, 25.236466 ], [ 110.180989, 25.236539 ], [ 110.1809, 25.236571 ], [ 110.18082, 25.236619 ], [ 110.180498, 25.236906 ], [ 110.180369, 25.237116 ], [ 110.180282, 25.237149 ], [ 110.180296, 25.237235 ], [ 110.180314, 25.237321 ], [ 110.180314, 25.237409 ], [ 110.180308, 25.237496 ], [ 110.180301, 25.237584 ], [ 110.180292, 25.237672 ], [ 110.18028, 25.237759 ], [ 110.180268, 25.237846 ], [ 110.180241, 25.23793 ], [ 110.180208, 25.238013 ], [ 110.180179, 25.238097 ], [ 110.180153, 25.238181 ], [ 110.180128, 25.238266 ], [ 110.180102, 25.238351 ], [ 110.180075, 25.238435 ], [ 110.180047, 25.238519 ], [ 110.180019, 25.238604 ], [ 110.180011, 25.238691 ], [ 110.180015, 25.238778 ], [ 110.180002, 25.238865 ], [ 110.179991, 25.238953 ], [ 110.179981, 25.23904 ], [ 110.179979, 25.239128 ], [ 110.179984, 25.239216 ], [ 110.180076, 25.239203 ], [ 110.180171, 25.239187 ], [ 110.180266, 25.23917 ], [ 110.18036, 25.239151 ], [ 110.180391, 25.239087 ], [ 110.180403, 25.239 ], [ 110.180431, 25.238917 ], [ 110.180472, 25.238837 ], [ 110.180519, 25.23876 ], [ 110.180575, 25.23869 ], [ 110.180658, 25.238646 ], [ 110.180749, 25.238615 ], [ 110.180841, 25.238589 ], [ 110.180933, 25.238562 ], [ 110.181025, 25.238536 ], [ 110.181119, 25.238516 ], [ 110.181214, 25.238497 ], [ 110.181306, 25.238471 ], [ 110.181395, 25.238436 ], [ 110.181483, 25.2384 ], [ 110.181571, 25.238364 ], [ 110.181658, 25.238327 ], [ 110.181746, 25.23829 ], [ 110.181828, 25.238245 ], [ 110.181901, 25.238187 ], [ 110.181964, 25.23812 ], [ 110.18201, 25.238043 ], [ 110.182046, 25.237962 ], [ 110.182065, 25.237876 ], [ 110.182065, 25.237789 ], [ 110.182049, 25.237702 ], [ 110.182026, 25.237617 ], [ 110.181989, 25.237536 ], [ 110.181939, 25.237461 ], [ 110.18191, 25.237377 ], [ 110.181883, 25.237293 ], [ 110.181875, 25.237205 ], [ 110.181879, 25.237117 ], [ 110.181885, 25.23703 ], [ 110.181892, 25.236942 ], [ 110.181899, 25.236854 ], [ 110.181904, 25.236767 ], [ 110.181899, 25.236679 ], [ 110.181881, 25.236593 ], [ 110.181852, 25.236509 ], [ 110.181824, 25.236425 ], [ 110.181781, 25.236346 ], [ 110.181729, 25.236273 ], [ 110.18167, 25.236203 ], [ 110.181611, 25.236133 ], [ 110.181551, 25.236064 ] ] ] } },
{ "type": "Feature", "properties": { }, "geometry": { "type": "Polygon", "coordinates": [ [ [ 110.181645, 25.239835 ], [ 110.181561, 25.23976 ], [ 110.181444, 25.239745 ], [ 110.181326, 25.239747 ], [ 110.181208, 25.23976 ], [ 110.181093, 25.239784 ], [ 110.180576, 25.239631 ], [ 110.180521, 25.239535 ], [ 110.18047, 25.239438 ], [ 110.180396, 25.239385 ], [ 110.18028, 25.239406 ], [ 110.180163, 25.239427 ], [ 110.180047, 25.239447 ], [ 110.180012, 25.239525 ], [ 110.180019, 25.239633 ], [ 110.180029, 25.239741 ], [ 110.180038, 25.239848 ], [ 110.180047, 25.239956 ], [ 110.180057, 25.240063 ], [ 110.180062, 25.240171 ], [ 110.180048, 25.240278 ], [ 110.180017, 25.240382 ], [ 110.179988, 25.240487 ], [ 110.179962, 25.240592 ], [ 110.179936, 25.240697 ], [ 110.17991, 25.240803 ], [ 110.179875, 25.240906 ], [ 110.179834, 25.241007 ], [ 110.179788, 25.241106 ], [ 110.179727, 25.241199 ], [ 110.179657, 25.241286 ], [ 110.179578, 25.241366 ], [ 110.179502, 25.241449 ], [ 110.179433, 25.241536 ], [ 110.179377, 25.241632 ], [ 110.17933, 25.24173 ], [ 110.179285, 25.24183 ], [ 110.179242, 25.241931 ], [ 110.179192, 25.242029 ], [ 110.179138, 25.242125 ], [ 110.17911, 25.242229 ], [ 110.179092, 25.242336 ], [ 110.179086, 25.242444 ], [ 110.179087, 25.242551 ], [ 110.179092, 25.242659 ], [ 110.179098, 25.242767 ], [ 110.179128, 25.24287 ], [ 110.179224, 25.242884 ], [ 110.179343, 25.242874 ], [ 110.179461, 25.242864 ], [ 110.179543, 25.242827 ], [ 110.181092, 25.242401 ], [ 110.181205, 25.24237 ], [ 110.181315, 25.242328 ], [ 110.181421, 25.24228 ], [ 110.181518, 25.242219 ], [ 110.181618, 25.24216 ], [ 110.181707, 25.242092 ], [ 110.181776, 25.242004 ], [ 110.18184, 25.241913 ], [ 110.181885, 25.241815 ], [ 110.181899, 25.241708 ], [ 110.181879, 25.241607 ], [ 110.181901, 25.241501 ], [ 110.181924, 25.241395 ], [ 110.181948, 25.241289 ], [ 110.182011, 25.241198 ], [ 110.182075, 25.241108 ], [ 110.182132, 25.241013 ], [ 110.182176, 25.240913 ], [ 110.182207, 25.240809 ], [ 110.182227, 25.240703 ], [ 110.182228, 25.240595 ], [ 110.182227, 25.240487 ], [ 110.182161, 25.240402 ], [ 110.18207, 25.240332 ], [ 110.181972, 25.240271 ], [ 110.181881, 25.240202 ], [ 110.181802, 25.240122 ], [ 110.181752, 25.240026 ], [ 110.181708, 25.239926 ], [ 110.181645, 25.239835 ] ] ] } },
{ "type": "Feature", "properties": { }, "geometry": { "type": "Polygon", "coordinates": [ [ [ 110.180863, 25.243532 ], [ 110.180855, 25.243448 ], [ 110.180792, 25.2434 ], [ 110.180701, 25.243385 ], [ 110.18061, 25.243372 ], [ 110.180518, 25.243374 ], [ 110.180426, 25.243387 ], [ 110.180336, 25.243404 ], [ 110.180251, 25.243435 ], [ 110.180169, 25.243473 ], [ 110.180079, 25.243494 ], [ 110.179988, 25.243509 ], [ 110.179897, 25.243504 ], [ 110.179811, 25.243475 ], [ 110.17973, 25.243434 ], [ 110.179663, 25.243376 ], [ 110.179607, 25.24331 ], [ 110.179586, 25.243229 ], [ 110.179506, 25.243223 ], [ 110.179414, 25.243231 ], [ 110.179322, 25.243238 ], [ 110.17923, 25.243246 ], [ 110.179167, 25.243276 ], [ 110.179174, 25.24336 ], [ 110.179177, 25.243444 ], [ 110.179162, 25.243527 ], [ 110.179141, 25.243608 ], [ 110.179103, 25.243685 ], [ 110.179073, 25.243763 ], [ 110.179049, 25.243844 ], [ 110.179015, 25.243923 ], [ 110.178974, 25.243996 ], [ 110.178958, 25.244079 ], [ 110.178854, 25.244296 ], [ 110.178788, 25.244354 ], [ 110.178709, 25.244397 ], [ 110.178627, 25.244404 ], [ 110.178619, 25.244488 ], [ 110.178611, 25.244572 ], [ 110.178603, 25.244656 ], [ 110.178604, 25.244733 ], [ 110.178695, 25.244744 ], [ 110.178785, 25.244763 ], [ 110.178853, 25.244817 ], [ 110.178896, 25.244891 ], [ 110.178915, 25.244973 ], [ 110.178924, 25.245057 ], [ 110.178923, 25.245141 ], [ 110.178919, 25.245225 ], [ 110.178889, 25.245303 ], [ 110.178843, 25.245376 ], [ 110.178797, 25.245449 ], [ 110.178939, 25.245523 ], [ 110.179197, 25.245348 ], [ 110.179244, 25.245275 ], [ 110.179477, 25.245049 ], [ 110.17955, 25.245028 ], [ 110.179621, 25.244988 ], [ 110.179686, 25.244933 ], [ 110.179718, 25.244855 ], [ 110.179726, 25.244772 ], [ 110.179723, 25.244688 ], [ 110.179721, 25.244604 ], [ 110.179719, 25.24452 ], [ 110.179713, 25.244436 ], [ 110.179706, 25.244352 ], [ 110.179694, 25.244269 ], [ 110.179687, 25.244185 ], [ 110.179698, 25.244102 ], [ 110.179712, 25.244019 ], [ 110.179959, 25.243849 ], [ 110.180051, 25.243843 ], [ 110.180143, 25.243834 ], [ 110.180235, 25.243826 ], [ 110.180327, 25.243817 ], [ 110.180419, 25.243809 ], [ 110.180511, 25.2438 ], [ 110.180603, 25.243791 ], [ 110.180695, 25.243778 ], [ 110.180782, 25.243753 ], [ 110.180848, 25.243696 ], [ 110.180865, 25.243616 ], [ 110.180863, 25.243532 ] ] ] } },
{ "type": "Feature", "properties": { }, "geometry": { "type": "Polygon", "coordinates": [ [ [ 110.178727, 25.246075 ], [ 110.178514, 25.246034 ], [ 110.178421, 25.24611 ], [ 110.178365, 25.246206 ], [ 110.178333, 25.246315 ], [ 110.178297, 25.246423 ], [ 110.17826, 25.246531 ], [ 110.178221, 25.246638 ], [ 110.178183, 25.246745 ], [ 110.178144, 25.246853 ], [ 110.178105, 25.24696 ], [ 110.178066, 25.247067 ], [ 110.178028, 25.247175 ], [ 110.177989, 25.247282 ], [ 110.17795, 25.247389 ], [ 110.177911, 25.247497 ], [ 110.177874, 25.247604 ], [ 110.177838, 25.247712 ], [ 110.177805, 25.247821 ], [ 110.177775, 25.247931 ], [ 110.177747, 25.248041 ], [ 110.177722, 25.248152 ], [ 110.1777, 25.248263 ], [ 110.17768, 25.248374 ], [ 110.177662, 25.248486 ], [ 110.177648, 25.248598 ], [ 110.177636, 25.248711 ], [ 110.177627, 25.248823 ], [ 110.177621, 25.248936 ], [ 110.177616, 25.249049 ], [ 110.177616, 25.249162 ], [ 110.177616, 25.249275 ], [ 110.177621, 25.249388 ], [ 110.177628, 25.249501 ], [ 110.177636, 25.249613 ], [ 110.177645, 25.249726 ], [ 110.177654, 25.249839 ], [ 110.177663, 25.249951 ], [ 110.177673, 25.250064 ], [ 110.177682, 25.250176 ], [ 110.177691, 25.250289 ], [ 110.1777, 25.250402 ], [ 110.177709, 25.250514 ], [ 110.177718, 25.250627 ], [ 110.177728, 25.25074 ], [ 110.177742, 25.250852 ], [ 110.17776, 25.250964 ], [ 110.177782, 25.251075 ], [ 110.178055, 25.251123 ], [ 110.178013, 25.251017 ], [ 110.177986, 25.250907 ], [ 110.177969, 25.250795 ], [ 110.177957, 25.250683 ], [ 110.177947, 25.25057 ], [ 110.177938, 25.250458 ], [ 110.177926, 25.250345 ], [ 110.177908, 25.250233 ], [ 110.17789, 25.250122 ], [ 110.177877, 25.250009 ], [ 110.177868, 25.249897 ], [ 110.177859, 25.249784 ], [ 110.17785, 25.249671 ], [ 110.177841, 25.249559 ], [ 110.177834, 25.249446 ], [ 110.177829, 25.249333 ], [ 110.177828, 25.24922 ], [ 110.177828, 25.249107 ], [ 110.177831, 25.248994 ], [ 110.177837, 25.248881 ], [ 110.177845, 25.248769 ], [ 110.177855, 25.248656 ], [ 110.177868, 25.248544 ], [ 110.177883, 25.248432 ], [ 110.177901, 25.24832 ], [ 110.177921, 25.248209 ], [ 110.177946, 25.248098 ], [ 110.177994, 25.247994 ], [ 110.178042, 25.24789 ], [ 110.178082, 25.247783 ], [ 110.178121, 25.247676 ], [ 110.17816, 25.247568 ], [ 110.178198, 25.247461 ], [ 110.178237, 25.247354 ], [ 110.178276, 25.247246 ], [ 110.178315, 25.247139 ], [ 110.178353, 25.247032 ], [ 110.178392, 25.246924 ], [ 110.178431, 25.246817 ], [ 110.17847, 25.24671 ], [ 110.178508, 25.246602 ], [ 110.178547, 25.246495 ], [ 110.178586, 25.246388 ], [ 110.178625, 25.24628 ], [ 110.178676, 25.246178 ], [ 110.178727, 25.246075 ] ] ] } },
{ "type": "Feature", "properties": { }, "geometry": { "type": "Polygon", "coordinates": [ [ [ 110.177144, 25.245626 ], [ 110.177264, 25.245534 ], [ 110.177427, 25.24556 ], [ 110.177588, 25.245526 ], [ 110.177736, 25.245455 ], [ 110.177831, 25.245337 ], [ 110.177876, 25.245191 ], [ 110.177903, 25.245041 ], [ 110.177876, 25.2449 ], [ 110.177737, 25.244818 ], [ 110.17758, 25.244846 ], [ 110.177483, 25.244837 ], [ 110.177479, 25.244686 ], [ 110.177599, 25.244713 ], [ 110.177733, 25.244718 ], [ 110.177816, 25.24472 ], [ 110.177966, 25.244723 ], [ 110.178133, 25.244719 ], [ 110.178207, 25.244636 ], [ 110.178221, 25.244484 ], [ 110.178201, 25.24436 ], [ 110.178055, 25.244294 ], [ 110.178, 25.244154 ], [ 110.177959, 25.244007 ], [ 110.177875, 25.243876 ], [ 110.177736, 25.243791 ], [ 110.177576, 25.243747 ], [ 110.177409, 25.243741 ], [ 110.177244, 25.243767 ], [ 110.177079, 25.243793 ], [ 110.176915, 25.243824 ], [ 110.176762, 25.243886 ], [ 110.176626, 25.243974 ], [ 110.176499, 25.244073 ], [ 110.176354, 25.244147 ], [ 110.176187, 25.244156 ], [ 110.176023, 25.244126 ], [ 110.17586, 25.244096 ], [ 110.175707, 25.24415 ], [ 110.175638, 25.244287 ], [ 110.175604, 25.244436 ], [ 110.175595, 25.244588 ], [ 110.175519, 25.244722 ], [ 110.175388, 25.244816 ], [ 110.175232, 25.24487 ], [ 110.175066, 25.244892 ], [ 110.174899, 25.244882 ], [ 110.174754, 25.244808 ], [ 110.174663, 25.244683 ], [ 110.174619, 25.244536 ], [ 110.174607, 25.244384 ], [ 110.174541, 25.244272 ], [ 110.17446, 25.244143 ], [ 110.174456, 25.244005 ], [ 110.174317, 25.24392 ], [ 110.174164, 25.243858 ], [ 110.173998, 25.243849 ], [ 110.173833, 25.243875 ], [ 110.173682, 25.243942 ], [ 110.173213, 25.244011 ], [ 110.173152, 25.244108 ], [ 110.173159, 25.24426 ], [ 110.173166, 25.244412 ], [ 110.173327, 25.244411 ], [ 110.173494, 25.244394 ], [ 110.17366, 25.244375 ], [ 110.173824, 25.244403 ], [ 110.173963, 25.244486 ], [ 110.174039, 25.244619 ], [ 110.174071, 25.244769 ], [ 110.174112, 25.244916 ], [ 110.174178, 25.245056 ], [ 110.174268, 25.245184 ], [ 110.174396, 25.245282 ], [ 110.174543, 25.245355 ], [ 110.174702, 25.245402 ], [ 110.174869, 25.245419 ], [ 110.175036, 25.245408 ], [ 110.175197, 25.245367 ], [ 110.175347, 25.245299 ], [ 110.175481, 25.245209 ], [ 110.17562, 25.245123 ], [ 110.175767, 25.24505 ], [ 110.175927, 25.245011 ], [ 110.176094, 25.245015 ], [ 110.176257, 25.245051 ], [ 110.176407, 25.245119 ], [ 110.176557, 25.245186 ], [ 110.176718, 25.245228 ], [ 110.176885, 25.245237 ], [ 110.177011, 25.24529 ], [ 110.176942, 25.245427 ], [ 110.176997, 25.245556 ], [ 110.177144, 25.245626 ] ] ] } },
{ "type": "Feature", "properties": { }, "geometry": { "type": "Polygon", "coordinates": [ [ [ 110.155137, 25.249454 ], [ 110.15574, 25.249341 ], [ 110.156375, 25.249482 ], [ 110.156981, 25.249556 ], [ 110.15752, 25.249865 ], [ 110.15811, 25.249711 ], [ 110.158599, 25.249374 ], [ 110.15919, 25.249141 ], [ 110.159818, 25.248996 ], [ 110.160451, 25.248997 ], [ 110.161047, 25.248737 ], [ 110.161647, 25.248486 ], [ 110.162248, 25.248234 ], [ 110.162848, 25.247981 ], [ 110.163391, 25.247657 ], [ 110.164441, 25.247272 ], [ 110.164972, 25.246966 ], [ 110.165612, 25.246817 ], [ 110.166218, 25.246579 ], [ 110.166791, 25.246279 ], [ 110.167369, 25.246439 ], [ 110.167999, 25.246495 ], [ 110.168589, 25.246325 ], [ 110.169246, 25.246255 ], [ 110.169881, 25.246098 ], [ 110.171735, 25.245771 ], [ 110.172225, 25.245402 ], [ 110.172568, 25.24438 ], [ 110.17231, 25.243871 ], [ 110.172258, 25.243274 ], [ 110.172052, 25.242721 ], [ 110.172073, 25.241106 ], [ 110.171975, 25.240605 ], [ 110.171903, 25.240079 ], [ 110.171681, 25.239629 ], [ 110.171745, 25.239215 ], [ 110.171478, 25.238765 ], [ 110.171208, 25.238503 ], [ 110.169972, 25.237814 ], [ 110.169435, 25.237878 ], [ 110.169545, 25.238446 ], [ 110.169667, 25.239363 ], [ 110.169438, 25.239919 ], [ 110.168875, 25.240199 ], [ 110.168343, 25.240508 ], [ 110.16837, 25.241077 ], [ 110.168331, 25.24167 ], [ 110.168279, 25.24226 ], [ 110.167813, 25.242664 ], [ 110.167198, 25.242882 ], [ 110.166886, 25.243347 ], [ 110.166902, 25.243928 ], [ 110.166715, 25.244493 ], [ 110.167088, 25.245557 ], [ 110.166671, 25.246019 ], [ 110.166125, 25.246354 ], [ 110.165545, 25.246637 ], [ 110.164901, 25.246768 ], [ 110.164251, 25.246851 ], [ 110.163674, 25.247139 ], [ 110.163216, 25.247519 ], [ 110.162721, 25.247882 ], [ 110.162121, 25.248135 ], [ 110.161519, 25.248386 ], [ 110.16092, 25.248639 ], [ 110.160319, 25.248891 ], [ 110.159711, 25.248792 ], [ 110.159084, 25.248973 ], [ 110.15849, 25.249235 ], [ 110.15796, 25.249583 ], [ 110.156859, 25.249191 ], [ 110.156352, 25.248951 ], [ 110.155743, 25.249055 ], [ 110.155115, 25.249154 ], [ 110.154674, 25.249568 ], [ 110.154423, 25.250096 ], [ 110.153859, 25.250395 ], [ 110.152709, 25.250756 ], [ 110.152423, 25.251241 ], [ 110.152859, 25.251667 ], [ 110.153308, 25.251874 ], [ 110.153951, 25.251737 ], [ 110.154277, 25.251418 ], [ 110.154776, 25.250549 ], [ 110.154884, 25.249968 ], [ 110.155137, 25.249454 ] ] ] } },
{ "type": "Feature", "properties": { }, "geometry": { "type": "Polygon", "coordinates": [ [ [ 110.174589, 25.224489 ], [ 110.174166, 25.223946 ], [ 110.174078, 25.224097 ], [ 110.173992, 25.22425 ], [ 110.173896, 25.224397 ], [ 110.173772, 25.224526 ], [ 110.173646, 25.224652 ], [ 110.173519, 25.224779 ], [ 110.173393, 25.224906 ], [ 110.173273, 25.225038 ], [ 110.173155, 25.225172 ], [ 110.173027, 25.225297 ], [ 110.172893, 25.225418 ], [ 110.172758, 25.225537 ], [ 110.172629, 25.225662 ], [ 110.172511, 25.225796 ], [ 110.172398, 25.225932 ], [ 110.172284, 25.226069 ], [ 110.172194, 25.226218 ], [ 110.172153, 25.226385 ], [ 110.172137, 25.226556 ], [ 110.171985, 25.227049 ], [ 110.171883, 25.227193 ], [ 110.171782, 25.227338 ], [ 110.171705, 25.227494 ], [ 110.171661, 25.22766 ], [ 110.171652, 25.227831 ], [ 110.171677, 25.228001 ], [ 110.171718, 25.228168 ], [ 110.17169, 25.228331 ], [ 110.171588, 25.228475 ], [ 110.1715, 25.228626 ], [ 110.171457, 25.228793 ], [ 110.17134, 25.228908 ], [ 110.171161, 25.228961 ], [ 110.170995, 25.229041 ], [ 110.170865, 25.229163 ], [ 110.170783, 25.229317 ], [ 110.170697, 25.229465 ], [ 110.170522, 25.229525 ], [ 110.170342, 25.229578 ], [ 110.170163, 25.22963 ], [ 110.16998, 25.229669 ], [ 110.169795, 25.229698 ], [ 110.169516, 25.229767 ], [ 110.169553, 25.229868 ], [ 110.16961, 25.230031 ], [ 110.169667, 25.230194 ], [ 110.169807, 25.230144 ], [ 110.169964, 25.230052 ], [ 110.170138, 25.229987 ], [ 110.170317, 25.229933 ], [ 110.1705, 25.229897 ], [ 110.170676, 25.229837 ], [ 110.170846, 25.229763 ], [ 110.171007, 25.229674 ], [ 110.171112, 25.229538 ], [ 110.171176, 25.229377 ], [ 110.171321, 25.229278 ], [ 110.171502, 25.229231 ], [ 110.171667, 25.229149 ], [ 110.171778, 25.229012 ], [ 110.17185, 25.228855 ], [ 110.171911, 25.228693 ], [ 110.171994, 25.228539 ], [ 110.172056, 25.228378 ], [ 110.17209, 25.22821 ], [ 110.172087, 25.228039 ], [ 110.172071, 25.227869 ], [ 110.172101, 25.2277 ], [ 110.17214, 25.227533 ], [ 110.172186, 25.227367 ], [ 110.172249, 25.227206 ], [ 110.172904, 25.226886 ], [ 110.173027, 25.226757 ], [ 110.173129, 25.226613 ], [ 110.173224, 25.226466 ], [ 110.1732, 25.2263 ], [ 110.173137, 25.226139 ], [ 110.173184, 25.225981 ], [ 110.173312, 25.225855 ], [ 110.173451, 25.22574 ], [ 110.173627, 25.225681 ], [ 110.17377, 25.225577 ], [ 110.173807, 25.225412 ], [ 110.173845, 25.225247 ], [ 110.173963, 25.225116 ], [ 110.174121, 25.225024 ], [ 110.174249, 25.224899 ], [ 110.174361, 25.224762 ], [ 110.174473, 25.224624 ], [ 110.174589, 25.224489 ] ] ] } },
{ "type": "Feature", "properties": { }, "geometry": { "type": "Polygon", "coordinates": [ [ [ 110.169018, 25.232703 ], [ 110.169141, 25.232551 ], [ 110.169206, 25.232371 ], [ 110.169211, 25.232181 ], [ 110.169157, 25.231998 ], [ 110.169048, 25.231837 ], [ 110.168892, 25.23171 ], [ 110.168733, 25.231588 ], [ 110.168618, 25.23143 ], [ 110.168556, 25.231248 ], [ 110.168553, 25.231059 ], [ 110.168608, 25.230876 ], [ 110.168718, 25.230715 ], [ 110.168873, 25.230588 ], [ 110.169099, 25.230356 ], [ 110.168823, 25.230015 ], [ 110.168651, 25.230123 ], [ 110.168492, 25.230247 ], [ 110.168347, 25.230384 ], [ 110.16821, 25.230528 ], [ 110.16807, 25.230669 ], [ 110.167926, 25.230807 ], [ 110.167778, 25.230942 ], [ 110.166379, 25.231747 ], [ 110.166177, 25.231796 ], [ 110.165972, 25.231832 ], [ 110.165764, 25.231856 ], [ 110.165555, 25.231866 ], [ 110.165346, 25.231864 ], [ 110.165137, 25.231851 ], [ 110.164928, 25.23184 ], [ 110.164719, 25.231834 ], [ 110.16451, 25.231832 ], [ 110.164301, 25.231836 ], [ 110.164092, 25.231844 ], [ 110.163883, 25.231857 ], [ 110.163675, 25.231875 ], [ 110.163466, 25.231894 ], [ 110.163259, 25.231918 ], [ 110.163053, 25.231952 ], [ 110.162849, 25.231993 ], [ 110.162647, 25.232044 ], [ 110.162449, 25.232105 ], [ 110.162255, 25.232177 ], [ 110.162065, 25.232257 ], [ 110.161886, 25.232355 ], [ 110.161294, 25.232535 ], [ 110.161138, 25.232592 ], [ 110.161237, 25.232902 ], [ 110.161445, 25.232887 ], [ 110.161654, 25.232873 ], [ 110.161863, 25.232858 ], [ 110.16207, 25.232834 ], [ 110.162277, 25.232803 ], [ 110.162481, 25.232763 ], [ 110.162684, 25.232716 ], [ 110.162884, 25.23266 ], [ 110.163082, 25.232597 ], [ 110.163282, 25.232542 ], [ 110.163486, 25.232499 ], [ 110.163692, 25.232468 ], [ 110.1639, 25.232449 ], [ 110.164109, 25.232444 ], [ 110.164319, 25.232451 ], [ 110.164527, 25.23247 ], [ 110.164733, 25.232502 ], [ 110.164937, 25.232545 ], [ 110.165142, 25.232582 ], [ 110.165349, 25.232612 ], [ 110.165556, 25.232636 ], [ 110.165765, 25.232652 ], [ 110.165974, 25.232662 ], [ 110.166183, 25.232664 ], [ 110.166392, 25.23266 ], [ 110.166904, 25.232882 ], [ 110.167065, 25.232945 ], [ 110.167274, 25.232958 ], [ 110.167482, 25.232971 ], [ 110.167691, 25.232984 ], [ 110.167854, 25.232947 ], [ 110.168837, 25.232796 ], [ 110.169018, 25.232703 ] ] ] } },
{ "type": "Feature", "properties": { }, "geometry": { "type": "Polygon", "coordinates": [ [ [ 110.170455, 25.234281 ], [ 110.170414, 25.234157 ], [ 110.170353, 25.234068 ], [ 110.170217, 25.234104 ], [ 110.170079, 25.234137 ], [ 110.169941, 25.234165 ], [ 110.169802, 25.23419 ], [ 110.169662, 25.234212 ], [ 110.169521, 25.234229 ], [ 110.16938, 25.234242 ], [ 110.169239, 25.234247 ], [ 110.169097, 25.234246 ], [ 110.168955, 25.234239 ], [ 110.168814, 25.234226 ], [ 110.168674, 25.234206 ], [ 110.168535, 25.234179 ], [ 110.168398, 25.234146 ], [ 110.168263, 25.234108 ], [ 110.168134, 25.234055 ], [ 110.16802, 25.233978 ], [ 110.167926, 25.233882 ], [ 110.167857, 25.233769 ], [ 110.167816, 25.233646 ], [ 110.167786, 25.233533 ], [ 110.167645, 25.233524 ], [ 110.167503, 25.233515 ], [ 110.167362, 25.233506 ], [ 110.16722, 25.233497 ], [ 110.167079, 25.233489 ], [ 110.166937, 25.23348 ], [ 110.166834, 25.233674 ], [ 110.166789, 25.233797 ], [ 110.166757, 25.233922 ], [ 110.166738, 25.23405 ], [ 110.166735, 25.234179 ], [ 110.166744, 25.234307 ], [ 110.16676, 25.234436 ], [ 110.166785, 25.234563 ], [ 110.166818, 25.234688 ], [ 110.16686, 25.234811 ], [ 110.16691, 25.234932 ], [ 110.166968, 25.23505 ], [ 110.167034, 25.235164 ], [ 110.167108, 25.235274 ], [ 110.167187, 25.235381 ], [ 110.16728, 25.235478 ], [ 110.167391, 25.235559 ], [ 110.167515, 25.23562 ], [ 110.16765, 25.23566 ], [ 110.16779, 25.235678 ], [ 110.167931, 25.235692 ], [ 110.168067, 25.235727 ], [ 110.168195, 25.235784 ], [ 110.16831, 25.235859 ], [ 110.168409, 25.235951 ], [ 110.16849, 25.236057 ], [ 110.168549, 25.236173 ], [ 110.168586, 25.236298 ], [ 110.168598, 25.236426 ], [ 110.168609, 25.236555 ], [ 110.168636, 25.236681 ], [ 110.168678, 25.236805 ], [ 110.168734, 25.236923 ], [ 110.168806, 25.237034 ], [ 110.168907, 25.237123 ], [ 110.169032, 25.237184 ], [ 110.169166, 25.237226 ], [ 110.169273, 25.237309 ], [ 110.169353, 25.237392 ], [ 110.169492, 25.237366 ], [ 110.169632, 25.237342 ], [ 110.169771, 25.237319 ], [ 110.16988, 25.237315 ], [ 110.169816, 25.237125 ], [ 110.169792, 25.236998 ], [ 110.169736, 25.236908 ], [ 110.16971, 25.236782 ], [ 110.169685, 25.236655 ], [ 110.169659, 25.236528 ], [ 110.169634, 25.236401 ], [ 110.169629, 25.236292 ], [ 110.169597, 25.236166 ], [ 110.169574, 25.235955 ], [ 110.169557, 25.235827 ], [ 110.169544, 25.235699 ], [ 110.169548, 25.23557 ], [ 110.169575, 25.235443 ], [ 110.169623, 25.235322 ], [ 110.169693, 25.23521 ], [ 110.169781, 25.235109 ], [ 110.169886, 25.235023 ], [ 110.170005, 25.234953 ], [ 110.170128, 25.234889 ], [ 110.17022, 25.234791 ], [ 110.170455, 25.234281 ] ] ] } },
{ "type": "Feature", "properties": { }, "geometry": { "type": "Polygon", "coordinates": [ [ [ 110.158366, 25.232988 ], [ 110.158498, 25.232988 ], [ 110.158629, 25.232991 ], [ 110.15876, 25.232997 ], [ 110.158891, 25.233007 ], [ 110.159022, 25.23302 ], [ 110.159152, 25.233036 ], [ 110.159282, 25.233054 ], [ 110.159412, 25.233067 ], [ 110.159544, 25.233074 ], [ 110.159675, 25.233074 ], [ 110.159806, 25.233068 ], [ 110.159937, 25.233055 ], [ 110.160067, 25.233036 ], [ 110.160195, 25.23301 ], [ 110.160325, 25.232991 ], [ 110.160455, 25.232973 ], [ 110.160585, 25.232958 ], [ 110.160715, 25.232944 ], [ 110.160668, 25.232582 ], [ 110.160536, 25.232585 ], [ 110.160405, 25.23258 ], [ 110.160275, 25.232566 ], [ 110.160146, 25.232544 ], [ 110.160019, 25.232514 ], [ 110.159893, 25.232479 ], [ 110.159766, 25.232449 ], [ 110.159637, 25.232424 ], [ 110.159507, 25.232406 ], [ 110.159376, 25.232395 ], [ 110.159245, 25.232387 ], [ 110.159114, 25.232382 ], [ 110.158983, 25.232382 ], [ 110.158852, 25.232392 ], [ 110.158722, 25.232411 ], [ 110.158595, 25.23244 ], [ 110.15847, 25.232476 ], [ 110.158348, 25.232522 ], [ 110.158225, 25.232563 ], [ 110.158096, 25.232584 ], [ 110.157965, 25.232589 ], [ 110.157833, 25.232583 ], [ 110.157702, 25.232581 ], [ 110.157571, 25.232586 ], [ 110.15744, 25.232593 ], [ 110.157309, 25.232605 ], [ 110.157178, 25.232619 ], [ 110.157048, 25.232637 ], [ 110.156921, 25.232666 ], [ 110.156795, 25.2327 ], [ 110.15667, 25.232738 ], [ 110.156548, 25.23278 ], [ 110.156425, 25.232823 ], [ 110.156299, 25.232857 ], [ 110.156171, 25.232886 ], [ 110.156042, 25.232908 ], [ 110.155912, 25.232923 ], [ 110.155781, 25.232933 ], [ 110.15565, 25.232938 ], [ 110.155519, 25.232941 ], [ 110.155387, 25.23294 ], [ 110.155256, 25.232936 ], [ 110.155124, 25.232934 ], [ 110.154993, 25.232935 ], [ 110.154862, 25.232938 ], [ 110.15473, 25.232942 ], [ 110.154743, 25.233373 ], [ 110.154874, 25.233374 ], [ 110.155005, 25.233379 ], [ 110.155136, 25.233387 ], [ 110.155267, 25.233398 ], [ 110.155398, 25.233409 ], [ 110.155529, 25.233413 ], [ 110.155661, 25.233414 ], [ 110.155792, 25.233411 ], [ 110.155923, 25.233405 ], [ 110.156054, 25.233395 ], [ 110.156185, 25.233382 ], [ 110.156315, 25.233364 ], [ 110.156444, 25.233344 ], [ 110.156573, 25.23332 ], [ 110.1567, 25.233289 ], [ 110.156823, 25.233247 ], [ 110.156947, 25.233208 ], [ 110.157072, 25.233172 ], [ 110.157199, 25.233139 ], [ 110.157326, 25.233109 ], [ 110.157454, 25.233083 ], [ 110.157583, 25.233059 ], [ 110.157712, 25.233039 ], [ 110.157842, 25.233022 ], [ 110.157973, 25.233009 ], [ 110.158104, 25.232999 ], [ 110.158235, 25.232992 ], [ 110.158366, 25.232988 ] ] ] } },
{ "type": "Feature", "properties": { }, "geometry": { "type": "Polygon", "coordinates": [ [ [ 110.152289, 25.23366 ], [ 110.152447, 25.233653 ], [ 110.152605, 25.233657 ], [ 110.152762, 25.233669 ], [ 110.15292, 25.233667 ], [ 110.153076, 25.233649 ], [ 110.153229, 25.233613 ], [ 110.153376, 25.233561 ], [ 110.153521, 25.233504 ], [ 110.15367, 25.233457 ], [ 110.153823, 25.233422 ], [ 110.153979, 25.233399 ], [ 110.154222, 25.233323 ], [ 110.154214, 25.23318 ], [ 110.154207, 25.233036 ], [ 110.154113, 25.232982 ], [ 110.153956, 25.232988 ], [ 110.153798, 25.232987 ], [ 110.15364, 25.232997 ], [ 110.153485, 25.233024 ], [ 110.153335, 25.233068 ], [ 110.153192, 25.233129 ], [ 110.15305, 25.233191 ], [ 110.152901, 25.233238 ], [ 110.152748, 25.233275 ], [ 110.152593, 25.233299 ], [ 110.152435, 25.233313 ], [ 110.152277, 25.233314 ], [ 110.15212, 25.233304 ], [ 110.151964, 25.233285 ], [ 110.151806, 25.233285 ], [ 110.15165, 25.233305 ], [ 110.151498, 25.233346 ], [ 110.151356, 25.233408 ], [ 110.151211, 25.233465 ], [ 110.151064, 25.233517 ], [ 110.150915, 25.233565 ], [ 110.150765, 25.233611 ], [ 110.150618, 25.233663 ], [ 110.150473, 25.233721 ], [ 110.150331, 25.233783 ], [ 110.150191, 25.23385 ], [ 110.150055, 25.233922 ], [ 110.149921, 25.233999 ], [ 110.14979, 25.23408 ], [ 110.149663, 25.234165 ], [ 110.14954, 25.234254 ], [ 110.14942, 25.234348 ], [ 110.149304, 25.234445 ], [ 110.149192, 25.234547 ], [ 110.149084, 25.234652 ], [ 110.148981, 25.23476 ], [ 110.148882, 25.234872 ], [ 110.148791, 25.23499 ], [ 110.148697, 25.235105 ], [ 110.148598, 25.235217 ], [ 110.148496, 25.235326 ], [ 110.148389, 25.235432 ], [ 110.148273, 25.23553 ], [ 110.148149, 25.235618 ], [ 110.147891, 25.235918 ], [ 110.148222, 25.236227 ], [ 110.148813, 25.236121 ], [ 110.148922, 25.236017 ], [ 110.149032, 25.235913 ], [ 110.149051, 25.235785 ], [ 110.149048, 25.235642 ], [ 110.149075, 25.235501 ], [ 110.149132, 25.235367 ], [ 110.149215, 25.235245 ], [ 110.149323, 25.235141 ], [ 110.149451, 25.235057 ], [ 110.149591, 25.23499 ], [ 110.149727, 25.234917 ], [ 110.14986, 25.234839 ], [ 110.149988, 25.234755 ], [ 110.150111, 25.234665 ], [ 110.150229, 25.23457 ], [ 110.150343, 25.23447 ], [ 110.15045, 25.234365 ], [ 110.150558, 25.234259 ], [ 110.150673, 25.234161 ], [ 110.150796, 25.234071 ], [ 110.150925, 25.233988 ], [ 110.151063, 25.233919 ], [ 110.15121, 25.233867 ], [ 110.15136, 25.233822 ], [ 110.151512, 25.233783 ], [ 110.151666, 25.23375 ], [ 110.15182, 25.233721 ], [ 110.151975, 25.233693 ], [ 110.152132, 25.233675 ], [ 110.152289, 25.23366 ] ] ] } },
{ "type": "Feature", "properties": { }, "geometry": { "type": "Polygon", "coordinates": [ [ [ 110.149537, 25.236375 ], [ 110.149392, 25.236354 ], [ 110.149287, 25.236453 ], [ 110.149282, 25.236578 ], [ 110.149323, 25.236709 ], [ 110.149377, 25.236837 ], [ 110.149442, 25.236961 ], [ 110.149521, 25.237077 ], [ 110.149612, 25.237187 ], [ 110.149714, 25.237287 ], [ 110.149825, 25.23738 ], [ 110.149946, 25.237461 ], [ 110.150072, 25.237536 ], [ 110.150194, 25.237616 ], [ 110.150312, 25.237701 ], [ 110.150424, 25.237793 ], [ 110.150533, 25.237887 ], [ 110.15064, 25.237984 ], [ 110.150745, 25.238082 ], [ 110.150848, 25.238182 ], [ 110.150948, 25.238284 ], [ 110.151041, 25.238392 ], [ 110.151129, 25.238503 ], [ 110.151213, 25.238617 ], [ 110.151285, 25.238737 ], [ 110.151344, 25.238863 ], [ 110.151391, 25.238993 ], [ 110.151423, 25.239127 ], [ 110.151441, 25.239263 ], [ 110.151446, 25.239399 ], [ 110.151457, 25.239536 ], [ 110.151476, 25.239672 ], [ 110.151506, 25.239806 ], [ 110.151544, 25.239939 ], [ 110.151586, 25.24007 ], [ 110.151596, 25.240207 ], [ 110.151572, 25.240341 ], [ 110.15154, 25.240475 ], [ 110.151529, 25.240612 ], [ 110.151534, 25.240748 ], [ 110.151559, 25.240884 ], [ 110.151595, 25.241017 ], [ 110.151638, 25.241148 ], [ 110.151688, 25.241277 ], [ 110.151744, 25.241404 ], [ 110.151804, 25.241529 ], [ 110.151871, 25.241652 ], [ 110.151945, 25.241772 ], [ 110.152023, 25.241889 ], [ 110.15211, 25.242 ], [ 110.152324, 25.241847 ], [ 110.15223, 25.241744 ], [ 110.152141, 25.241634 ], [ 110.152064, 25.241516 ], [ 110.151999, 25.241393 ], [ 110.151947, 25.241265 ], [ 110.15191, 25.241132 ], [ 110.151887, 25.240997 ], [ 110.151871, 25.240861 ], [ 110.151875, 25.240724 ], [ 110.151887, 25.240587 ], [ 110.151916, 25.240453 ], [ 110.151959, 25.240322 ], [ 110.152015, 25.240195 ], [ 110.152075, 25.240069 ], [ 110.152109, 25.239936 ], [ 110.152109, 25.2398 ], [ 110.152069, 25.239669 ], [ 110.151995, 25.23955 ], [ 110.151924, 25.239429 ], [ 110.151872, 25.239301 ], [ 110.151844, 25.239166 ], [ 110.151839, 25.23903 ], [ 110.151842, 25.238893 ], [ 110.151831, 25.238756 ], [ 110.151804, 25.238621 ], [ 110.151761, 25.23849 ], [ 110.151703, 25.238365 ], [ 110.15163, 25.238245 ], [ 110.151542, 25.238134 ], [ 110.151442, 25.238031 ], [ 110.151331, 25.237939 ], [ 110.15121, 25.237858 ], [ 110.151079, 25.237793 ], [ 110.150848, 25.237622 ], [ 110.150736, 25.237534 ], [ 110.150609, 25.23746 ], [ 110.150474, 25.237401 ], [ 110.150342, 25.237333 ], [ 110.150218, 25.237257 ], [ 110.1501, 25.237171 ], [ 110.149991, 25.237077 ], [ 110.14989, 25.236975 ], [ 110.149799, 25.236866 ], [ 110.149717, 25.236751 ], [ 110.149646, 25.23663 ], [ 110.149586, 25.236505 ], [ 110.149537, 25.236375 ] ] ] } },
{ "type": "Feature", "properties": { }, "geometry": { "type": "Polygon", "coordinates": [ [ [ 110.156733, 25.24505 ], [ 110.156633, 25.244932 ], [ 110.156517, 25.244827 ], [ 110.156388, 25.244737 ], [ 110.156247, 25.244661 ], [ 110.156098, 25.244602 ], [ 110.155941, 25.24456 ], [ 110.15578, 25.244536 ], [ 110.155618, 25.244533 ], [ 110.155481, 25.244612 ], [ 110.15532, 25.244621 ], [ 110.155173, 25.244559 ], [ 110.154659, 25.243985 ], [ 110.15453, 25.243894 ], [ 110.154415, 25.243788 ], [ 110.154316, 25.24367 ], [ 110.154234, 25.243542 ], [ 110.154171, 25.243405 ], [ 110.154133, 25.24326 ], [ 110.154108, 25.243114 ], [ 110.154038, 25.24298 ], [ 110.153931, 25.242868 ], [ 110.153808, 25.24277 ], [ 110.153673, 25.242686 ], [ 110.153529, 25.242617 ], [ 110.153376, 25.242564 ], [ 110.15322, 25.242519 ], [ 110.153072, 25.242457 ], [ 110.152936, 25.242376 ], [ 110.152804, 25.242288 ], [ 110.152683, 25.242189 ], [ 110.152509, 25.242019 ], [ 110.152342, 25.242158 ], [ 110.152501, 25.24238 ], [ 110.152589, 25.242504 ], [ 110.152678, 25.242629 ], [ 110.152778, 25.242747 ], [ 110.152887, 25.242858 ], [ 110.153005, 25.24296 ], [ 110.153131, 25.243054 ], [ 110.153254, 25.243152 ], [ 110.153369, 25.243258 ], [ 110.153477, 25.243369 ], [ 110.153584, 25.243481 ], [ 110.153671, 25.243607 ], [ 110.153747, 25.243738 ], [ 110.153808, 25.243876 ], [ 110.153851, 25.244019 ], [ 110.15388, 25.244166 ], [ 110.153925, 25.244309 ], [ 110.15399, 25.244445 ], [ 110.154076, 25.244571 ], [ 110.154178, 25.244687 ], [ 110.154294, 25.244791 ], [ 110.154424, 25.244882 ], [ 110.154565, 25.244957 ], [ 110.154715, 25.245017 ], [ 110.154871, 25.245058 ], [ 110.155033, 25.24508 ], [ 110.155196, 25.245082 ], [ 110.155358, 25.245064 ], [ 110.15552, 25.245043 ], [ 110.155683, 25.245041 ], [ 110.155845, 25.24506 ], [ 110.156003, 25.245097 ], [ 110.156154, 25.245154 ], [ 110.156296, 25.245229 ], [ 110.156425, 25.24532 ], [ 110.156539, 25.245426 ], [ 110.156637, 25.245545 ], [ 110.156715, 25.245675 ], [ 110.156773, 25.245814 ], [ 110.157338, 25.246152 ], [ 110.157465, 25.246244 ], [ 110.157613, 25.246303 ], [ 110.157775, 25.246295 ], [ 110.157917, 25.246224 ], [ 110.158004, 25.246101 ], [ 110.157992, 25.245955 ], [ 110.157886, 25.245845 ], [ 110.15775, 25.245763 ], [ 110.157633, 25.245659 ], [ 110.157534, 25.245541 ], [ 110.157414, 25.245441 ], [ 110.157273, 25.245366 ], [ 110.157119, 25.245315 ], [ 110.156973, 25.245249 ], [ 110.156843, 25.245159 ], [ 110.156733, 25.24505 ] ] ] } },
{ "type": "Feature", "properties": { }, "geometry": { "type": "Polygon", "coordinates": [ [ [ 110.156704, 25.246417 ], [ 110.156661, 25.246398 ], [ 110.156426, 25.246819 ], [ 110.156403, 25.246857 ], [ 110.156382, 25.246896 ], [ 110.156361, 25.246935 ], [ 110.156342, 25.246975 ], [ 110.156323, 25.247014 ], [ 110.156304, 25.247054 ], [ 110.156286, 25.247095 ], [ 110.156271, 25.247136 ], [ 110.156255, 25.247176 ], [ 110.156239, 25.247217 ], [ 110.156228, 25.247259 ], [ 110.156216, 25.247302 ], [ 110.156205, 25.247344 ], [ 110.156195, 25.247386 ], [ 110.156186, 25.247429 ], [ 110.156178, 25.247471 ], [ 110.15617, 25.247514 ], [ 110.156164, 25.247557 ], [ 110.15616, 25.2476 ], [ 110.156155, 25.247643 ], [ 110.156151, 25.247687 ], [ 110.156148, 25.24773 ], [ 110.156145, 25.247773 ], [ 110.156142, 25.247816 ], [ 110.15614, 25.24786 ], [ 110.156142, 25.247946 ], [ 110.156143, 25.24799 ], [ 110.156146, 25.248033 ], [ 110.15615, 25.248076 ], [ 110.156153, 25.248119 ], [ 110.156157, 25.248163 ], [ 110.156174, 25.248244 ], [ 110.156221, 25.248236 ], [ 110.156268, 25.248228 ], [ 110.156315, 25.24822 ], [ 110.156361, 25.248211 ], [ 110.156408, 25.248201 ], [ 110.156454, 25.248192 ], [ 110.156501, 25.248182 ], [ 110.156547, 25.248172 ], [ 110.156541, 25.248088 ], [ 110.156537, 25.248045 ], [ 110.156535, 25.248001 ], [ 110.156533, 25.247958 ], [ 110.156532, 25.247915 ], [ 110.156532, 25.247871 ], [ 110.156533, 25.247828 ], [ 110.156535, 25.247785 ], [ 110.156537, 25.247741 ], [ 110.156541, 25.247698 ], [ 110.156545, 25.247655 ], [ 110.156551, 25.247612 ], [ 110.156557, 25.247569 ], [ 110.156565, 25.247526 ], [ 110.156573, 25.247483 ], [ 110.156582, 25.247441 ], [ 110.156592, 25.247398 ], [ 110.156603, 25.247356 ], [ 110.156614, 25.247314 ], [ 110.156627, 25.247272 ], [ 110.15664, 25.247231 ], [ 110.156655, 25.247189 ], [ 110.15667, 25.247148 ], [ 110.156686, 25.247107 ], [ 110.156703, 25.247067 ], [ 110.156721, 25.247027 ], [ 110.156743, 25.246988 ], [ 110.156766, 25.246951 ], [ 110.15679, 25.246913 ], [ 110.156812, 25.246875 ], [ 110.156835, 25.246837 ], [ 110.157007, 25.246546 ], [ 110.156915, 25.246516 ], [ 110.156873, 25.246495 ], [ 110.156831, 25.246475 ], [ 110.156789, 25.246455 ], [ 110.156746, 25.246436 ], [ 110.156704, 25.246417 ] ] ] } },
{ "type": "Feature", "properties": { }, "geometry": { "type": "Polygon", "coordinates": [ [ [ 110.153894, 25.253578 ], [ 110.153671, 25.253377 ], [ 110.15335, 25.253512 ], [ 110.15297, 25.253502 ], [ 110.1526, 25.253576 ], [ 110.1523, 25.253787 ], [ 110.152036, 25.254038 ], [ 110.151792, 25.254304 ], [ 110.151668, 25.25463 ], [ 110.151699, 25.254973 ], [ 110.151685, 25.255314 ], [ 110.151664, 25.255659 ], [ 110.151779, 25.255985 ], [ 110.152028, 25.256249 ], [ 110.152517, 25.256727 ], [ 110.152742, 25.257 ], [ 110.152977, 25.257272 ], [ 110.153255, 25.257511 ], [ 110.15353, 25.257752 ], [ 110.153831, 25.257966 ], [ 110.154127, 25.258186 ], [ 110.154361, 25.25846 ], [ 110.154647, 25.258686 ], [ 110.154933, 25.258916 ], [ 110.154897, 25.258687 ], [ 110.154596, 25.258474 ], [ 110.154354, 25.258205 ], [ 110.154111, 25.257938 ], [ 110.153814, 25.25772 ], [ 110.153525, 25.257492 ], [ 110.153265, 25.257239 ], [ 110.153043, 25.256957 ], [ 110.152871, 25.256647 ], [ 110.152366, 25.256158 ], [ 110.152084, 25.25594 ], [ 110.151979, 25.255608 ], [ 110.152076, 25.255279 ], [ 110.152105, 25.254945 ], [ 110.152075, 25.254603 ], [ 110.152231, 25.254291 ], [ 110.152522, 25.254069 ], [ 110.152843, 25.253896 ], [ 110.153211, 25.253818 ], [ 110.15359, 25.253781 ], [ 110.153894, 25.253578 ] ] ] } },
{ "type": "Feature", "properties": { }, "geometry": { "type": "Polygon", "coordinates": [ [ [ 110.15508, 25.260302 ], [ 110.154922, 25.260244 ], [ 110.154832, 25.260278 ], [ 110.15469, 25.260367 ], [ 110.154548, 25.260456 ], [ 110.154588, 25.260597 ], [ 110.15471, 25.260705 ], [ 110.15484, 25.260808 ], [ 110.154981, 25.260898 ], [ 110.155125, 25.260983 ], [ 110.155268, 25.261072 ], [ 110.155388, 25.261179 ], [ 110.155429, 25.261329 ], [ 110.155359, 25.261472 ], [ 110.155281, 25.261612 ], [ 110.155201, 25.261751 ], [ 110.155121, 25.26189 ], [ 110.154858, 25.261986 ], [ 110.154704, 25.261998 ], [ 110.154652, 25.262125 ], [ 110.154776, 25.262234 ], [ 110.154909, 25.262333 ], [ 110.155051, 25.262422 ], [ 110.155181, 25.262524 ], [ 110.155275, 25.262543 ], [ 110.155488, 25.262024 ], [ 110.15558, 25.261891 ], [ 110.155662, 25.261753 ], [ 110.15574, 25.261613 ], [ 110.155818, 25.261473 ], [ 110.155878, 25.261327 ], [ 110.155921, 25.261175 ], [ 110.155961, 25.26104 ], [ 110.155836, 25.260932 ], [ 110.155712, 25.260823 ], [ 110.155588, 25.260715 ], [ 110.155463, 25.260606 ], [ 110.155339, 25.260497 ], [ 110.155214, 25.260389 ], [ 110.15508, 25.260302 ] ] ] } },
{ "type": "Feature", "properties": { }, "geometry": { "type": "Polygon", "coordinates": [ [ [ 110.154952, 25.262746 ], [ 110.154676, 25.262538 ], [ 110.154523, 25.26273 ], [ 110.154371, 25.262951 ], [ 110.154193, 25.263153 ], [ 110.153994, 25.263341 ], [ 110.153796, 25.263529 ], [ 110.153597, 25.263717 ], [ 110.153399, 25.263905 ], [ 110.153201, 25.264093 ], [ 110.153054, 25.264312 ], [ 110.153266, 25.264488 ], [ 110.153399, 25.264296 ], [ 110.153597, 25.264108 ], [ 110.153796, 25.26392 ], [ 110.153994, 25.263732 ], [ 110.154193, 25.263544 ], [ 110.154391, 25.263356 ], [ 110.154579, 25.26316 ], [ 110.154731, 25.262939 ], [ 110.154952, 25.262746 ] ] ] } },
{ "type": "Feature", "properties": { }, "geometry": { "type": "Polygon", "coordinates": [ [ [ 110.153169, 25.264773 ], [ 110.152956, 25.264593 ], [ 110.152888, 25.264684 ], [ 110.152806, 25.264871 ], [ 110.152724, 25.265057 ], [ 110.152571, 25.265202 ], [ 110.152413, 25.265343 ], [ 110.152255, 25.265483 ], [ 110.1519, 25.265708 ], [ 110.151735, 25.265832 ], [ 110.151846, 25.265962 ], [ 110.152042, 25.265955 ], [ 110.152402, 25.265732 ], [ 110.15256, 25.265591 ], [ 110.152718, 25.26545 ], [ 110.152876, 25.265309 ], [ 110.153003, 25.265146 ], [ 110.153087, 25.26496 ], [ 110.153169, 25.264773 ] ] ] } },
{ "type": "Feature", "properties": { }, "geometry": { "type": "Polygon", "coordinates": [ [ [ 110.154733, 25.270294 ], [ 110.154544, 25.270206 ], [ 110.15366, 25.269578 ], [ 110.153658, 25.269371 ], [ 110.153657, 25.269163 ], [ 110.153612, 25.268968 ], [ 110.153483, 25.268799 ], [ 110.153279, 25.268712 ], [ 110.153068, 25.268635 ], [ 110.152869, 25.268536 ], [ 110.152717, 25.26839 ], [ 110.152617, 25.268204 ], [ 110.152556, 25.268005 ], [ 110.152476, 25.267811 ], [ 110.152426, 25.26761 ], [ 110.152286, 25.267461 ], [ 110.152109, 25.267332 ], [ 110.151938, 25.267195 ], [ 110.151788, 25.267052 ], [ 110.151625, 25.267197 ], [ 110.151463, 25.267342 ], [ 110.151366, 25.267491 ], [ 110.151507, 25.267652 ], [ 110.151649, 25.267813 ], [ 110.151789, 25.267977 ], [ 110.151905, 25.268151 ], [ 110.151823, 25.268926 ], [ 110.15182, 25.269131 ], [ 110.151759, 25.26933 ], [ 110.151661, 25.269745 ], [ 110.151682, 25.269909 ], [ 110.151869, 25.270027 ], [ 110.152056, 25.270146 ], [ 110.152243, 25.270264 ], [ 110.152429, 25.270382 ], [ 110.152616, 25.270501 ], [ 110.152781, 25.270493 ], [ 110.15312, 25.270252 ], [ 110.153311, 25.270365 ], [ 110.153503, 25.270477 ], [ 110.153694, 25.270589 ], [ 110.153886, 25.270701 ], [ 110.154062, 25.270832 ], [ 110.154218, 25.2709 ], [ 110.154373, 25.270748 ], [ 110.154529, 25.270596 ], [ 110.154684, 25.270445 ], [ 110.154733, 25.270294 ] ] ] } },
{ "type": "Feature", "properties": { }, "geometry": { "type": "Polygon", "coordinates": [ [ [ 110.147939, 25.23635 ], [ 110.147637, 25.236146 ], [ 110.147507, 25.236304 ], [ 110.147379, 25.236465 ], [ 110.147248, 25.236623 ], [ 110.147112, 25.236777 ], [ 110.146953, 25.236911 ], [ 110.146814, 25.237062 ], [ 110.14666, 25.237202 ], [ 110.146492, 25.237327 ], [ 110.146325, 25.237454 ], [ 110.146164, 25.237587 ], [ 110.146009, 25.237726 ], [ 110.145747, 25.238042 ], [ 110.145073, 25.238801 ], [ 110.144941, 25.238952 ], [ 110.144811, 25.239107 ], [ 110.144644, 25.239234 ], [ 110.144463, 25.239344 ], [ 110.144277, 25.239445 ], [ 110.144086, 25.239541 ], [ 110.143904, 25.239648 ], [ 110.143496, 25.240007 ], [ 110.143712, 25.240193 ], [ 110.143869, 25.24033 ], [ 110.144013, 25.240204 ], [ 110.144173, 25.24007 ], [ 110.144341, 25.239945 ], [ 110.14451, 25.23982 ], [ 110.144661, 25.239678 ], [ 110.144829, 25.239552 ], [ 110.144981, 25.239411 ], [ 110.145127, 25.239264 ], [ 110.145247, 25.239099 ], [ 110.145382, 25.238946 ], [ 110.145539, 25.238809 ], [ 110.145668, 25.23865 ], [ 110.145793, 25.238487 ], [ 110.145917, 25.238325 ], [ 110.146058, 25.238175 ], [ 110.146388, 25.237918 ], [ 110.146565, 25.237804 ], [ 110.146743, 25.237689 ], [ 110.146917, 25.237571 ], [ 110.147081, 25.237441 ], [ 110.147637, 25.236837 ], [ 110.14775, 25.236668 ], [ 110.147867, 25.236501 ], [ 110.147939, 25.23635 ] ] ] } },
{ "type": "Feature", "properties": { }, "geometry": { "type": "Polygon", "coordinates": [ [ [ 110.134354, 25.188418 ], [ 110.134039, 25.188174 ], [ 110.133775, 25.188373 ], [ 110.134077, 25.188618 ], [ 110.134393, 25.188861 ], [ 110.134708, 25.189104 ], [ 110.13505, 25.189311 ], [ 110.1353, 25.189147 ], [ 110.134985, 25.188904 ], [ 110.13467, 25.188661 ], [ 110.134354, 25.188418 ] ] ] } },
{ "type": "Feature", "properties": { }, "geometry": { "type": "Polygon", "coordinates": [ [ [ 110.135021, 25.189639 ], [ 110.134732, 25.189468 ], [ 110.134556, 25.189769 ], [ 110.134382, 25.190075 ], [ 110.134208, 25.190382 ], [ 110.134104, 25.190709 ], [ 110.134229, 25.191028 ], [ 110.134488, 25.19128 ], [ 110.134748, 25.191531 ], [ 110.135009, 25.191782 ], [ 110.13527, 25.192032 ], [ 110.135583, 25.191873 ], [ 110.135322, 25.191623 ], [ 110.135061, 25.191372 ], [ 110.134801, 25.191122 ], [ 110.13454, 25.190871 ], [ 110.134498, 25.190558 ], [ 110.134672, 25.190251 ], [ 110.134847, 25.189945 ], [ 110.135021, 25.189639 ] ] ] } },
{ "type": "Feature", "properties": { }, "geometry": { "type": "Polygon", "coordinates": [ [ [ 110.135919, 25.192197 ], [ 110.135857, 25.192143 ], [ 110.135817, 25.192219 ], [ 110.135776, 25.192295 ], [ 110.135738, 25.192371 ], [ 110.135754, 25.192454 ], [ 110.13577, 25.192537 ], [ 110.135838, 25.192586 ], [ 110.135919, 25.192627 ], [ 110.135999, 25.19267 ], [ 110.136079, 25.192713 ], [ 110.136158, 25.192757 ], [ 110.136206, 25.192719 ], [ 110.136178, 25.192639 ], [ 110.136149, 25.192558 ], [ 110.136119, 25.192479 ], [ 110.13608, 25.192402 ], [ 110.136033, 25.192329 ], [ 110.13598, 25.19226 ], [ 110.135919, 25.192197 ] ] ] } },
{ "type": "Feature", "properties": { }, "geometry": { "type": "Polygon", "coordinates": [ [ [ 110.1364, 25.193272 ], [ 110.136202, 25.192997 ], [ 110.135989, 25.193139 ], [ 110.136104, 25.19347 ], [ 110.13618, 25.193808 ], [ 110.136114, 25.194148 ], [ 110.135914, 25.194441 ], [ 110.135607, 25.194643 ], [ 110.13525, 25.194765 ], [ 110.134624, 25.195119 ], [ 110.134937, 25.195257 ], [ 110.135262, 25.195097 ], [ 110.13562, 25.194979 ], [ 110.135959, 25.194822 ], [ 110.136235, 25.194585 ], [ 110.136428, 25.194286 ], [ 110.13652, 25.193951 ], [ 110.136505, 25.193605 ], [ 110.1364, 25.193272 ] ] ] } },
{ "type": "Feature", "properties": { }, "geometry": { "type": "Polygon", "coordinates": [ [ [ 110.134697, 25.195775 ], [ 110.134424, 25.195557 ], [ 110.134245, 25.195937 ], [ 110.134067, 25.19632 ], [ 110.13389, 25.196704 ], [ 110.133712, 25.197087 ], [ 110.133534, 25.197471 ], [ 110.133093, 25.1988 ], [ 110.133451, 25.198924 ], [ 110.133809, 25.197692 ], [ 110.133986, 25.197308 ], [ 110.134164, 25.196925 ], [ 110.134342, 25.196542 ], [ 110.134519, 25.196158 ], [ 110.134697, 25.195775 ] ] ] } },
{ "type": "Feature", "properties": { }, "geometry": { "type": "Polygon", "coordinates": [ [ [ 110.133398, 25.199449 ], [ 110.133041, 25.199426 ], [ 110.133041, 25.199853 ], [ 110.133043, 25.200281 ], [ 110.133046, 25.20071 ], [ 110.133024, 25.201138 ], [ 110.132973, 25.201564 ], [ 110.132905, 25.201987 ], [ 110.132775, 25.202398 ], [ 110.132585, 25.20279 ], [ 110.132361, 25.203166 ], [ 110.132597, 25.203393 ], [ 110.132846, 25.203029 ], [ 110.133048, 25.202642 ], [ 110.133203, 25.202238 ], [ 110.133308, 25.201821 ], [ 110.13337, 25.201397 ], [ 110.133397, 25.200969 ], [ 110.133393, 25.200541 ], [ 110.133389, 25.200112 ], [ 110.133398, 25.199449 ] ] ] } },
{ "type": "Feature", "properties": { }, "geometry": { "type": "Polygon", "coordinates": [ [ [ 110.138354, 25.201217 ], [ 110.13828, 25.201121 ], [ 110.137747, 25.201578 ], [ 110.137208, 25.201994 ], [ 110.13652, 25.202129 ], [ 110.135983, 25.202579 ], [ 110.13418, 25.20345 ], [ 110.133028, 25.203805 ], [ 110.133129, 25.204004 ], [ 110.134277, 25.203608 ], [ 110.135543, 25.203121 ], [ 110.136063, 25.202669 ], [ 110.136579, 25.202199 ], [ 110.137263, 25.202049 ], [ 110.137831, 25.201651 ], [ 110.138354, 25.201217 ] ] ] } },
{ "type": "Feature", "properties": { }, "geometry": { "type": "Polygon", "coordinates": [ [ [ 110.115605, 25.22136 ], [ 110.116032, 25.221084 ], [ 110.116609, 25.221139 ], [ 110.117186, 25.221194 ], [ 110.117764, 25.221221 ], [ 110.118296, 25.221032 ], [ 110.11866, 25.220624 ], [ 110.119027, 25.220216 ], [ 110.119421, 25.219829 ], [ 110.119759, 25.2194 ], [ 110.120007, 25.218924 ], [ 110.120147, 25.218413 ], [ 110.120177, 25.217887 ], [ 110.120123, 25.217362 ], [ 110.120003, 25.216846 ], [ 110.119954, 25.216322 ], [ 110.12002, 25.215798 ], [ 110.119985, 25.215275 ], [ 110.119742, 25.214798 ], [ 110.119488, 25.214325 ], [ 110.119343, 25.213815 ], [ 110.119241, 25.213296 ], [ 110.119118, 25.21278 ], [ 110.119002, 25.212263 ], [ 110.118927, 25.21174 ], [ 110.118927, 25.211214 ], [ 110.119062, 25.210702 ], [ 110.119345, 25.210244 ], [ 110.119773, 25.209891 ], [ 110.120287, 25.209649 ], [ 110.120849, 25.209525 ], [ 110.121422, 25.20945 ], [ 110.121955, 25.209246 ], [ 110.122443, 25.208961 ], [ 110.122966, 25.208736 ], [ 110.123522, 25.208587 ], [ 110.124097, 25.208521 ], [ 110.124676, 25.208539 ], [ 110.125243, 25.208648 ], [ 110.125786, 25.20883 ], [ 110.126332, 25.209009 ], [ 110.126894, 25.209073 ], [ 110.127296, 25.208709 ], [ 110.127532, 25.208227 ], [ 110.127688, 25.20772 ], [ 110.127774, 25.207198 ], [ 110.127843, 25.206674 ], [ 110.127897, 25.206149 ], [ 110.127937, 25.205623 ], [ 110.127989, 25.205098 ], [ 110.128305, 25.204676 ], [ 110.128873, 25.204595 ], [ 110.129449, 25.204652 ], [ 110.13002, 25.204738 ], [ 110.129903, 25.204421 ], [ 110.129407, 25.204149 ], [ 110.128865, 25.203964 ], [ 110.128298, 25.203961 ], [ 110.128014, 25.204398 ], [ 110.127893, 25.204914 ], [ 110.127796, 25.205434 ], [ 110.127692, 25.205953 ], [ 110.127565, 25.206468 ], [ 110.127398, 25.206973 ], [ 110.127184, 25.207463 ], [ 110.126898, 25.207921 ], [ 110.12651, 25.208311 ], [ 110.125979, 25.208492 ], [ 110.125426, 25.208347 ], [ 110.124894, 25.208136 ], [ 110.124354, 25.207946 ], [ 110.123785, 25.207877 ], [ 110.123262, 25.208089 ], [ 110.12281, 25.20842 ], [ 110.122348, 25.208739 ], [ 110.12186, 25.209023 ], [ 110.121324, 25.209223 ], [ 110.120766, 25.209367 ], [ 110.120223, 25.209551 ], [ 110.119707, 25.209791 ], [ 110.119258, 25.210123 ], [ 110.118913, 25.210544 ], [ 110.118742, 25.211046 ], [ 110.118724, 25.211572 ], [ 110.118788, 25.212096 ], [ 110.11891, 25.212612 ], [ 110.118989, 25.213134 ], [ 110.119034, 25.21366 ], [ 110.119181, 25.214169 ], [ 110.119432, 25.214645 ], [ 110.119628, 25.21514 ], [ 110.119727, 25.21566 ], [ 110.119798, 25.216183 ], [ 110.119861, 25.216708 ], [ 110.119935, 25.217231 ], [ 110.12002, 25.217753 ], [ 110.120028, 25.21828 ], [ 110.119927, 25.218798 ], [ 110.119687, 25.219277 ], [ 110.1193, 25.219667 ], [ 110.118895, 25.220044 ], [ 110.118546, 25.220465 ], [ 110.118143, 25.220839 ], [ 110.117593, 25.220984 ], [ 110.117013, 25.22098 ], [ 110.116434, 25.220946 ], [ 110.115858, 25.220955 ], [ 110.115499, 25.221327 ], [ 110.115248, 25.221801 ], [ 110.114908, 25.222227 ], [ 110.114705, 25.222718 ], [ 110.114704, 25.223243 ], [ 110.114863, 25.223749 ], [ 110.115102, 25.22423 ], [ 110.115253, 25.224738 ], [ 110.115324, 25.225262 ], [ 110.115471, 25.225772 ], [ 110.115691, 25.226259 ], [ 110.115895, 25.226753 ], [ 110.116065, 25.227258 ], [ 110.116174, 25.227776 ], [ 110.116311, 25.228285 ], [ 110.116649, 25.228711 ], [ 110.117055, 25.229086 ], [ 110.117072, 25.229571 ], [ 110.116952, 25.230069 ], [ 110.117158, 25.230561 ], [ 110.1173, 25.231071 ], [ 110.117299, 25.231598 ], [ 110.117343, 25.232123 ], [ 110.117499, 25.23263 ], [ 110.117729, 25.233114 ], [ 110.118009, 25.233576 ], [ 110.1181, 25.234086 ], [ 110.117826, 25.234545 ], [ 110.11749, 25.234975 ], [ 110.117193, 25.235428 ], [ 110.116907, 25.235887 ], [ 110.1166, 25.236334 ], [ 110.116248, 25.236753 ], [ 110.115831, 25.237119 ], [ 110.11547, 25.237522 ], [ 110.115447, 25.238042 ], [ 110.115525, 25.23856 ], [ 110.115267, 25.239022 ], [ 110.114849, 25.239385 ], [ 110.114625, 25.239866 ], [ 110.114604, 25.240393 ], [ 110.114576, 25.24092 ], [ 110.114571, 25.241446 ], [ 110.114746, 25.241946 ], [ 110.115036, 25.242402 ], [ 110.115074, 25.242919 ], [ 110.114867, 25.243412 ], [ 110.115019, 25.243664 ], [ 110.115299, 25.243203 ], [ 110.11543, 25.242692 ], [ 110.115352, 25.242171 ], [ 110.115204, 25.241661 ], [ 110.115055, 25.241152 ], [ 110.114936, 25.240635 ], [ 110.114881, 25.240111 ], [ 110.115009, 25.239601 ], [ 110.115346, 25.239174 ], [ 110.11562, 25.238712 ], [ 110.115687, 25.238191 ], [ 110.115789, 25.237674 ], [ 110.116081, 25.237222 ], [ 110.116428, 25.236799 ], [ 110.116738, 25.236353 ], [ 110.11707, 25.235921 ], [ 110.117494, 25.235563 ], [ 110.117938, 25.235225 ], [ 110.118314, 25.234824 ], [ 110.118578, 25.234359 ], [ 110.11846, 25.233858 ], [ 110.118105, 25.233442 ], [ 110.117845, 25.232971 ], [ 110.117698, 25.232462 ], [ 110.11766, 25.231936 ], [ 110.117675, 25.231409 ], [ 110.117566, 25.230893 ], [ 110.117379, 25.230394 ], [ 110.11734, 25.22987 ], [ 110.117377, 25.229345 ], [ 110.117178, 25.228854 ], [ 110.116848, 25.22842 ], [ 110.116606, 25.227942 ], [ 110.116472, 25.227429 ], [ 110.116381, 25.226908 ], [ 110.116277, 25.22639 ], [ 110.116088, 25.225891 ], [ 110.115882, 25.225398 ], [ 110.115719, 25.224892 ], [ 110.115571, 25.224382 ], [ 110.115387, 25.223882 ], [ 110.115238, 25.223375 ], [ 110.115373, 25.222869 ], [ 110.11564, 25.222405 ], [ 110.115669, 25.221882 ], [ 110.115605, 25.22136 ] ] ] } },
{ "type": "Feature", "properties": { }, "geometry": { "type": "Polygon", "coordinates": [ [ [ 110.131828, 25.204855 ], [ 110.131847, 25.204787 ], [ 110.131874, 25.204721 ], [ 110.131906, 25.204657 ], [ 110.13194, 25.204595 ], [ 110.131975, 25.204532 ], [ 110.132009, 25.204469 ], [ 110.132043, 25.204406 ], [ 110.132078, 25.204343 ], [ 110.132112, 25.20428 ], [ 110.132146, 25.204217 ], [ 110.13218, 25.204155 ], [ 110.132215, 25.204092 ], [ 110.132249, 25.204029 ], [ 110.132283, 25.203966 ], [ 110.132318, 25.203903 ], [ 110.132352, 25.20384 ], [ 110.132406, 25.20376 ], [ 110.132365, 25.203729 ], [ 110.1323, 25.203692 ], [ 110.132235, 25.203654 ], [ 110.132169, 25.203617 ], [ 110.132109, 25.203599 ], [ 110.132074, 25.203661 ], [ 110.132038, 25.203723 ], [ 110.132002, 25.203785 ], [ 110.131967, 25.203847 ], [ 110.131931, 25.20391 ], [ 110.131895, 25.203972 ], [ 110.13186, 25.204034 ], [ 110.131824, 25.204096 ], [ 110.131789, 25.204158 ], [ 110.131753, 25.204221 ], [ 110.131717, 25.204283 ], [ 110.131682, 25.204345 ], [ 110.131646, 25.204407 ], [ 110.13161, 25.20447 ], [ 110.131575, 25.204532 ], [ 110.131509, 25.204561 ], [ 110.131435, 25.20458 ], [ 110.131361, 25.204599 ], [ 110.131287, 25.204619 ], [ 110.131212, 25.204635 ], [ 110.131136, 25.204645 ], [ 110.131059, 25.204656 ], [ 110.130983, 25.204664 ], [ 110.130909, 25.204672 ], [ 110.130878, 25.204737 ], [ 110.130849, 25.204802 ], [ 110.130821, 25.204867 ], [ 110.130954, 25.204871 ], [ 110.131031, 25.20487 ], [ 110.131108, 25.204876 ], [ 110.131185, 25.204882 ], [ 110.131261, 25.20488 ], [ 110.131338, 25.204871 ], [ 110.131414, 25.204862 ], [ 110.131491, 25.204853 ], [ 110.131568, 25.204853 ], [ 110.131634, 25.204888 ], [ 110.131642, 25.204953 ], [ 110.131644, 25.205023 ], [ 110.131651, 25.205093 ], [ 110.131663, 25.205162 ], [ 110.131681, 25.20523 ], [ 110.131705, 25.205297 ], [ 110.131733, 25.205362 ], [ 110.131767, 25.205425 ], [ 110.131805, 25.205486 ], [ 110.13184, 25.205549 ], [ 110.131868, 25.205614 ], [ 110.131891, 25.205681 ], [ 110.131907, 25.20575 ], [ 110.131917, 25.205819 ], [ 110.131921, 25.205889 ], [ 110.131918, 25.205959 ], [ 110.131908, 25.206029 ], [ 110.131892, 25.206098 ], [ 110.131874, 25.206166 ], [ 110.131859, 25.206235 ], [ 110.131847, 25.206304 ], [ 110.131838, 25.206374 ], [ 110.131832, 25.206444 ], [ 110.131828, 25.206514 ], [ 110.131828, 25.206584 ], [ 110.13183, 25.206654 ], [ 110.131833, 25.206724 ], [ 110.131834, 25.206794 ], [ 110.131834, 25.206864 ], [ 110.131834, 25.206935 ], [ 110.131825, 25.207004 ], [ 110.131815, 25.207074 ], [ 110.131804, 25.207143 ], [ 110.131793, 25.207213 ], [ 110.131781, 25.207282 ], [ 110.131769, 25.207351 ], [ 110.131756, 25.207421 ], [ 110.131743, 25.20749 ], [ 110.13173, 25.207559 ], [ 110.131716, 25.207628 ], [ 110.131702, 25.207697 ], [ 110.131687, 25.207766 ], [ 110.131672, 25.207834 ], [ 110.131657, 25.207903 ], [ 110.131641, 25.207972 ], [ 110.131624, 25.20804 ], [ 110.131606, 25.208109 ], [ 110.131586, 25.208176 ], [ 110.131568, 25.208245 ], [ 110.13155, 25.208313 ], [ 110.131534, 25.208381 ], [ 110.131518, 25.20845 ], [ 110.131506, 25.208519 ], [ 110.131494, 25.208589 ], [ 110.131481, 25.208658 ], [ 110.131467, 25.208727 ], [ 110.131452, 25.208796 ], [ 110.131436, 25.208864 ], [ 110.131418, 25.208933 ], [ 110.131398, 25.209 ], [ 110.131379, 25.209068 ], [ 110.13136, 25.209136 ], [ 110.131341, 25.209204 ], [ 110.131323, 25.209273 ], [ 110.131305, 25.209341 ], [ 110.131287, 25.209409 ], [ 110.131267, 25.209477 ], [ 110.131248, 25.209545 ], [ 110.131404, 25.209571 ], [ 110.131424, 25.209503 ], [ 110.131444, 25.209435 ], [ 110.131462, 25.209367 ], [ 110.131479, 25.209298 ], [ 110.131498, 25.20923 ], [ 110.131516, 25.209162 ], [ 110.131535, 25.209094 ], [ 110.131555, 25.209026 ], [ 110.131575, 25.208958 ], [ 110.131592, 25.20889 ], [ 110.131608, 25.208821 ], [ 110.131623, 25.208753 ], [ 110.131637, 25.208684 ], [ 110.13165, 25.208614 ], [ 110.131662, 25.208545 ], [ 110.131674, 25.208476 ], [ 110.13169, 25.208407 ], [ 110.131707, 25.208339 ], [ 110.131724, 25.20827 ], [ 110.131743, 25.208202 ], [ 110.131762, 25.208134 ], [ 110.131781, 25.208066 ], [ 110.131797, 25.207998 ], [ 110.131813, 25.207929 ], [ 110.131828, 25.20786 ], [ 110.131843, 25.207791 ], [ 110.131858, 25.207722 ], [ 110.131872, 25.207654 ], [ 110.131886, 25.207584 ], [ 110.131899, 25.207515 ], [ 110.131912, 25.207446 ], [ 110.131925, 25.207377 ], [ 110.131937, 25.207308 ], [ 110.131949, 25.207238 ], [ 110.13196, 25.207169 ], [ 110.131971, 25.207099 ], [ 110.131981, 25.20703 ], [ 110.131992, 25.206836 ], [ 110.131993, 25.206766 ], [ 110.131991, 25.206696 ], [ 110.131987, 25.206626 ], [ 110.131986, 25.206556 ], [ 110.131988, 25.206486 ], [ 110.131993, 25.206415 ], [ 110.132001, 25.206346 ], [ 110.132013, 25.206276 ], [ 110.132027, 25.206207 ], [ 110.132044, 25.206139 ], [ 110.132061, 25.206071 ], [ 110.132073, 25.206001 ], [ 110.132079, 25.205931 ], [ 110.132079, 25.205861 ], [ 110.132074, 25.205791 ], [ 110.132063, 25.205722 ], [ 110.132047, 25.205653 ], [ 110.132025, 25.205586 ], [ 110.131999, 25.20552 ], [ 110.131967, 25.205456 ], [ 110.13193, 25.205394 ], [ 110.131893, 25.205333 ], [ 110.131862, 25.205268 ], [ 110.131838, 25.205202 ], [ 110.13182, 25.205134 ], [ 110.131811, 25.205064 ], [ 110.13181, 25.204994 ], [ 110.131815, 25.204924 ], [ 110.131828, 25.204855 ] ] ] } },
{ "type": "Feature", "properties": { }, "geometry": { "type": "Polygon", "coordinates": [ [ [ 110.131346, 25.209775 ], [ 110.13119, 25.209714 ], [ 110.131155, 25.209858 ], [ 110.131131, 25.20994 ], [ 110.131109, 25.210022 ], [ 110.131089, 25.210104 ], [ 110.131071, 25.210187 ], [ 110.131057, 25.21027 ], [ 110.131043, 25.210354 ], [ 110.131025, 25.210437 ], [ 110.131007, 25.210519 ], [ 110.130985, 25.210601 ], [ 110.130961, 25.210683 ], [ 110.130936, 25.210764 ], [ 110.130913, 25.210846 ], [ 110.130891, 25.210928 ], [ 110.130872, 25.211011 ], [ 110.130855, 25.211094 ], [ 110.13084, 25.211177 ], [ 110.130828, 25.211261 ], [ 110.130818, 25.211345 ], [ 110.130807, 25.211428 ], [ 110.130796, 25.211512 ], [ 110.130784, 25.211596 ], [ 110.13077, 25.211679 ], [ 110.130756, 25.211763 ], [ 110.130738, 25.211846 ], [ 110.130721, 25.211929 ], [ 110.130701, 25.212011 ], [ 110.13068, 25.212093 ], [ 110.130659, 25.212176 ], [ 110.13064, 25.212258 ], [ 110.130622, 25.212341 ], [ 110.13061, 25.212425 ], [ 110.1306, 25.212509 ], [ 110.130594, 25.212593 ], [ 110.130592, 25.212677 ], [ 110.130593, 25.212762 ], [ 110.130595, 25.212846 ], [ 110.130603, 25.212925 ], [ 110.130758, 25.212928 ], [ 110.130754, 25.212843 ], [ 110.130751, 25.212759 ], [ 110.130751, 25.212675 ], [ 110.130753, 25.21259 ], [ 110.130759, 25.212506 ], [ 110.13077, 25.212422 ], [ 110.130784, 25.212339 ], [ 110.130803, 25.212256 ], [ 110.130823, 25.212174 ], [ 110.130844, 25.212091 ], [ 110.130865, 25.212009 ], [ 110.130883, 25.211926 ], [ 110.130901, 25.211843 ], [ 110.130917, 25.21176 ], [ 110.130931, 25.211677 ], [ 110.130945, 25.211594 ], [ 110.130957, 25.21151 ], [ 110.130967, 25.211426 ], [ 110.130978, 25.211342 ], [ 110.130989, 25.211258 ], [ 110.131002, 25.211175 ], [ 110.131017, 25.211091 ], [ 110.131035, 25.211009 ], [ 110.131054, 25.210926 ], [ 110.131077, 25.210844 ], [ 110.131101, 25.210763 ], [ 110.131126, 25.210681 ], [ 110.131149, 25.210599 ], [ 110.131169, 25.210517 ], [ 110.131187, 25.210434 ], [ 110.131204, 25.210351 ], [ 110.131217, 25.210268 ], [ 110.131233, 25.210185 ], [ 110.131252, 25.210102 ], [ 110.131273, 25.21002 ], [ 110.131295, 25.209938 ], [ 110.13132, 25.209856 ], [ 110.131346, 25.209775 ] ] ] } },
{ "type": "Feature", "properties": { }, "geometry": { "type": "Polygon", "coordinates": [ [ [ 110.130882, 25.213571 ], [ 110.130878, 25.213524 ], [ 110.130733, 25.213577 ], [ 110.130733, 25.213628 ], [ 110.130733, 25.213678 ], [ 110.130734, 25.213728 ], [ 110.130734, 25.213779 ], [ 110.130734, 25.213829 ], [ 110.130734, 25.213879 ], [ 110.130734, 25.21393 ], [ 110.130734, 25.21398 ], [ 110.130734, 25.21403 ], [ 110.130735, 25.214081 ], [ 110.130735, 25.214131 ], [ 110.130735, 25.214181 ], [ 110.130735, 25.214232 ], [ 110.130735, 25.214282 ], [ 110.130735, 25.214332 ], [ 110.130735, 25.214382 ], [ 110.130736, 25.214433 ], [ 110.130736, 25.214483 ], [ 110.130736, 25.214533 ], [ 110.130736, 25.214584 ], [ 110.130736, 25.214634 ], [ 110.130736, 25.214684 ], [ 110.130736, 25.214735 ], [ 110.130736, 25.214785 ], [ 110.130737, 25.214835 ], [ 110.130737, 25.214886 ], [ 110.130737, 25.214936 ], [ 110.130737, 25.214986 ], [ 110.130737, 25.215037 ], [ 110.130737, 25.215087 ], [ 110.130737, 25.215137 ], [ 110.130738, 25.215187 ], [ 110.130738, 25.215238 ], [ 110.130738, 25.215288 ], [ 110.130738, 25.215338 ], [ 110.130738, 25.215434 ], [ 110.13088, 25.215425 ], [ 110.130887, 25.215332 ], [ 110.130887, 25.215281 ], [ 110.130887, 25.215231 ], [ 110.130886, 25.215181 ], [ 110.130886, 25.21513 ], [ 110.130886, 25.21508 ], [ 110.130886, 25.21503 ], [ 110.130886, 25.214979 ], [ 110.130886, 25.214929 ], [ 110.130886, 25.214879 ], [ 110.130885, 25.214828 ], [ 110.130885, 25.214778 ], [ 110.130885, 25.214728 ], [ 110.130885, 25.214678 ], [ 110.130885, 25.214627 ], [ 110.130885, 25.214577 ], [ 110.130885, 25.214527 ], [ 110.130884, 25.214476 ], [ 110.130884, 25.214426 ], [ 110.130884, 25.214376 ], [ 110.130884, 25.214325 ], [ 110.130884, 25.214275 ], [ 110.130884, 25.214225 ], [ 110.130884, 25.214174 ], [ 110.130883, 25.214124 ], [ 110.130883, 25.214074 ], [ 110.130883, 25.214024 ], [ 110.130883, 25.213973 ], [ 110.130883, 25.213923 ], [ 110.130883, 25.213873 ], [ 110.130883, 25.213822 ], [ 110.130883, 25.213772 ], [ 110.130882, 25.213722 ], [ 110.130882, 25.213671 ], [ 110.130882, 25.213621 ], [ 110.130882, 25.213571 ] ] ] } },
{ "type": "Feature", "properties": { }, "geometry": { "type": "Polygon", "coordinates": [ [ [ 110.130888, 25.215688 ], [ 110.130888, 25.215518 ], [ 110.13074, 25.21554 ], [ 110.130739, 25.21572 ], [ 110.130739, 25.215773 ], [ 110.130739, 25.215826 ], [ 110.130739, 25.215879 ], [ 110.13074, 25.215932 ], [ 110.13074, 25.215985 ], [ 110.13074, 25.216038 ], [ 110.13074, 25.216091 ], [ 110.13074, 25.216144 ], [ 110.13074, 25.216197 ], [ 110.130741, 25.21625 ], [ 110.130741, 25.216303 ], [ 110.130741, 25.216356 ], [ 110.130741, 25.216409 ], [ 110.130741, 25.216462 ], [ 110.130741, 25.216515 ], [ 110.130741, 25.216568 ], [ 110.130742, 25.216621 ], [ 110.130742, 25.216675 ], [ 110.130742, 25.216728 ], [ 110.130742, 25.216781 ], [ 110.130742, 25.216834 ], [ 110.130742, 25.216887 ], [ 110.130742, 25.21694 ], [ 110.130743, 25.216993 ], [ 110.130743, 25.217046 ], [ 110.130743, 25.217099 ], [ 110.130743, 25.217152 ], [ 110.130743, 25.217205 ], [ 110.130743, 25.217258 ], [ 110.130743, 25.217311 ], [ 110.130744, 25.217364 ], [ 110.130744, 25.217417 ], [ 110.130744, 25.21747 ], [ 110.130745, 25.217523 ], [ 110.130747, 25.217576 ], [ 110.130897, 25.217598 ], [ 110.130895, 25.217545 ], [ 110.130893, 25.217492 ], [ 110.130893, 25.217439 ], [ 110.130892, 25.217386 ], [ 110.130892, 25.217333 ], [ 110.130892, 25.21728 ], [ 110.130892, 25.217227 ], [ 110.130892, 25.217174 ], [ 110.130892, 25.217121 ], [ 110.130892, 25.217068 ], [ 110.130891, 25.217015 ], [ 110.130891, 25.216962 ], [ 110.130891, 25.216909 ], [ 110.130891, 25.216856 ], [ 110.130891, 25.216803 ], [ 110.130891, 25.216749 ], [ 110.130891, 25.216696 ], [ 110.13089, 25.216643 ], [ 110.13089, 25.21659 ], [ 110.13089, 25.216537 ], [ 110.13089, 25.216484 ], [ 110.13089, 25.216431 ], [ 110.13089, 25.216378 ], [ 110.13089, 25.216325 ], [ 110.130889, 25.216272 ], [ 110.130889, 25.216219 ], [ 110.130889, 25.216166 ], [ 110.130889, 25.216113 ], [ 110.130889, 25.21606 ], [ 110.130889, 25.216007 ], [ 110.130889, 25.215954 ], [ 110.130888, 25.215901 ], [ 110.130888, 25.215848 ], [ 110.130888, 25.215795 ], [ 110.130888, 25.215741 ], [ 110.130888, 25.215688 ] ] ] } },
{ "type": "Feature", "properties": { }, "geometry": { "type": "Polygon", "coordinates": [ [ [ 110.130949, 25.218062 ], [ 110.130911, 25.217788 ], [ 110.130753, 25.217803 ], [ 110.130831, 25.21823 ], [ 110.130899, 25.218499 ], [ 110.130986, 25.218764 ], [ 110.131092, 25.219023 ], [ 110.131205, 25.219279 ], [ 110.131318, 25.219536 ], [ 110.131508, 25.219745 ], [ 110.131764, 25.219893 ], [ 110.132043, 25.219997 ], [ 110.132072, 25.219906 ], [ 110.131814, 25.219761 ], [ 110.13156, 25.219609 ], [ 110.131408, 25.219375 ], [ 110.131294, 25.219119 ], [ 110.131182, 25.218862 ], [ 110.131085, 25.2186 ], [ 110.131007, 25.218333 ], [ 110.130949, 25.218062 ] ] ] } },
{ "type": "Feature", "properties": { }, "geometry": { "type": "Polygon", "coordinates": [ [ [ 110.132992, 25.220495 ], [ 110.132931, 25.220436 ], [ 110.132845, 25.220439 ], [ 110.132756, 25.220444 ], [ 110.132837, 25.220542 ], [ 110.132898, 25.2206 ], [ 110.132968, 25.22065 ], [ 110.133043, 25.220693 ], [ 110.133122, 25.220729 ], [ 110.133204, 25.220758 ], [ 110.13329, 25.220779 ], [ 110.133511, 25.220785 ], [ 110.133479, 25.220667 ], [ 110.133303, 25.220643 ], [ 110.133219, 25.220619 ], [ 110.133138, 25.220586 ], [ 110.133062, 25.220544 ], [ 110.132992, 25.220495 ] ] ] } },
{ "type": "Feature", "properties": { }, "geometry": { "type": "Polygon", "coordinates": [ [ [ 110.134683, 25.220794 ], [ 110.134598, 25.220738 ], [ 110.134506, 25.220692 ], [ 110.134409, 25.220655 ], [ 110.134308, 25.220628 ], [ 110.134205, 25.220611 ], [ 110.1341, 25.220616 ], [ 110.133995, 25.220624 ], [ 110.13389, 25.220632 ], [ 110.133786, 25.22064 ], [ 110.133681, 25.220648 ], [ 110.133591, 25.220649 ], [ 110.133591, 25.22079 ], [ 110.133686, 25.22079 ], [ 110.133791, 25.22079 ], [ 110.133897, 25.220789 ], [ 110.134002, 25.220789 ], [ 110.134107, 25.220789 ], [ 110.134212, 25.220794 ], [ 110.134314, 25.220816 ], [ 110.134412, 25.220851 ], [ 110.134503, 25.220898 ], [ 110.134587, 25.220956 ], [ 110.13466, 25.221024 ], [ 110.134722, 25.221101 ], [ 110.134772, 25.221186 ], [ 110.134808, 25.221275 ], [ 110.13483, 25.221369 ], [ 110.134837, 25.221464 ], [ 110.134836, 25.22156 ], [ 110.134835, 25.221655 ], [ 110.134834, 25.221751 ], [ 110.134833, 25.221847 ], [ 110.134832, 25.221942 ], [ 110.134831, 25.222038 ], [ 110.13498, 25.222017 ], [ 110.135031, 25.221939 ], [ 110.135032, 25.221844 ], [ 110.135033, 25.221748 ], [ 110.135034, 25.221652 ], [ 110.135035, 25.221557 ], [ 110.135035, 25.221461 ], [ 110.135029, 25.221365 ], [ 110.135012, 25.221271 ], [ 110.134983, 25.221179 ], [ 110.134943, 25.221091 ], [ 110.134892, 25.221007 ], [ 110.134831, 25.220929 ], [ 110.134761, 25.220858 ], [ 110.134683, 25.220794 ] ] ] } },
{ "type": "Feature", "properties": { }, "geometry": { "type": "Polygon", "coordinates": [ [ [ 110.135044, 25.222282 ], [ 110.134866, 25.222251 ], [ 110.134825, 25.222309 ], [ 110.134824, 25.222403 ], [ 110.134824, 25.222497 ], [ 110.134823, 25.222592 ], [ 110.134822, 25.222686 ], [ 110.134821, 25.22278 ], [ 110.13482, 25.222874 ], [ 110.134819, 25.222968 ], [ 110.134818, 25.223063 ], [ 110.134817, 25.223157 ], [ 110.134816, 25.223251 ], [ 110.134816, 25.223345 ], [ 110.134815, 25.22344 ], [ 110.134814, 25.223534 ], [ 110.134814, 25.223628 ], [ 110.134814, 25.223722 ], [ 110.134814, 25.223816 ], [ 110.134814, 25.223911 ], [ 110.134814, 25.224005 ], [ 110.134814, 25.224099 ], [ 110.134813, 25.224193 ], [ 110.134813, 25.224287 ], [ 110.134813, 25.224382 ], [ 110.134813, 25.224476 ], [ 110.134908, 25.224478 ], [ 110.134986, 25.224461 ], [ 110.135012, 25.224333 ], [ 110.135012, 25.224239 ], [ 110.135012, 25.224144 ], [ 110.135012, 25.22405 ], [ 110.135012, 25.223956 ], [ 110.135012, 25.223862 ], [ 110.135012, 25.223768 ], [ 110.135012, 25.223673 ], [ 110.135013, 25.223579 ], [ 110.135013, 25.223485 ], [ 110.135014, 25.223391 ], [ 110.135014, 25.223296 ], [ 110.135015, 25.223202 ], [ 110.135016, 25.223108 ], [ 110.135017, 25.223014 ], [ 110.135018, 25.22292 ], [ 110.135019, 25.222825 ], [ 110.13502, 25.222731 ], [ 110.135021, 25.222637 ], [ 110.135022, 25.222543 ], [ 110.135022, 25.222449 ], [ 110.135044, 25.222282 ] ] ] } },
{ "type": "Feature", "properties": { }, "geometry": { "type": "Polygon", "coordinates": [ [ [ 110.137351, 25.227485 ], [ 110.135521, 25.227474 ], [ 110.135491, 25.227711 ], [ 110.137359, 25.227721 ], [ 110.137351, 25.227485 ] ] ] } },
{ "type": "Feature", "properties": { }, "geometry": { "type": "Polygon", "coordinates": [ [ [ 110.139288, 25.227723 ], [ 110.139276, 25.227496 ], [ 110.137456, 25.227494 ], [ 110.13746, 25.227703 ], [ 110.139288, 25.227723 ] ] ] } },
{ "type": "Feature", "properties": { }, "geometry": { "type": "Polygon", "coordinates": [ [ [ 110.135011, 25.22484 ], [ 110.134774, 25.224811 ], [ 110.134811, 25.226933 ], [ 110.135018, 25.226953 ], [ 110.135011, 25.22484 ] ] ] } },
{ "type": "Feature", "properties": { }, "geometry": { "type": "Polygon", "coordinates": [ [ [ 110.135021, 25.22705 ], [ 110.134819, 25.227032 ], [ 110.134799, 25.228175 ], [ 110.134997, 25.228176 ], [ 110.135021, 25.22705 ] ] ] } },
{ "type": "Feature", "properties": { }, "geometry": { "type": "Polygon", "coordinates": [ [ [ 110.135007, 25.229544 ], [ 110.135019, 25.228299 ], [ 110.13481, 25.228328 ], [ 110.134808, 25.229689 ], [ 110.135007, 25.229544 ] ] ] } },
{ "type": "Feature", "properties": { }, "geometry": { "type": "Polygon", "coordinates": [ [ [ 110.135065, 25.230044 ], [ 110.134779, 25.230017 ], [ 110.134771, 25.230618 ], [ 110.133683, 25.231044 ], [ 110.133799, 25.231178 ], [ 110.135096, 25.230653 ], [ 110.135065, 25.230044 ] ] ] } },
{ "type": "Feature", "properties": { }, "geometry": { "type": "Polygon", "coordinates": [ [ [ 110.133595, 25.231252 ], [ 110.133513, 25.231119 ], [ 110.132725, 25.231507 ], [ 110.132817, 25.231702 ], [ 110.132948, 25.231714 ], [ 110.133595, 25.231252 ] ] ] } },
{ "type": "Feature", "properties": { }, "geometry": { "type": "Polygon", "coordinates": [ [ [ 110.136924, 25.245325 ], [ 110.137283, 25.244946 ], [ 110.137471, 25.244965 ], [ 110.137656, 25.245005 ], [ 110.137844, 25.245038 ], [ 110.138032, 25.245066 ], [ 110.13822, 25.245095 ], [ 110.13841, 25.245103 ], [ 110.138958, 25.245055 ], [ 110.139078, 25.244927 ], [ 110.13963, 25.244455 ], [ 110.139787, 25.244357 ], [ 110.139936, 25.244249 ], [ 110.140066, 25.244122 ], [ 110.140185, 25.243987 ], [ 110.140289, 25.243841 ], [ 110.140388, 25.243693 ], [ 110.140498, 25.243552 ], [ 110.140625, 25.243423 ], [ 110.140765, 25.243306 ], [ 110.140909, 25.243192 ], [ 110.141061, 25.243087 ], [ 110.141201, 25.24297 ], [ 110.141335, 25.242847 ], [ 110.141467, 25.242722 ], [ 110.141598, 25.242595 ], [ 110.141726, 25.242467 ], [ 110.141841, 25.242329 ], [ 110.141961, 25.242194 ], [ 110.142087, 25.242064 ], [ 110.142219, 25.241939 ], [ 110.142359, 25.241821 ], [ 110.142503, 25.241708 ], [ 110.142647, 25.241594 ], [ 110.142793, 25.241482 ], [ 110.142932, 25.241365 ], [ 110.143064, 25.241239 ], [ 110.143166, 25.241093 ], [ 110.143264, 25.240944 ], [ 110.14339, 25.240814 ], [ 110.143521, 25.240688 ], [ 110.143424, 25.240567 ], [ 110.143286, 25.240447 ], [ 110.143149, 25.240327 ], [ 110.143015, 25.240451 ], [ 110.142878, 25.240571 ], [ 110.142723, 25.240672 ], [ 110.142575, 25.240781 ], [ 110.142426, 25.24089 ], [ 110.142289, 25.24101 ], [ 110.142164, 25.241141 ], [ 110.142043, 25.241274 ], [ 110.141928, 25.241413 ], [ 110.14182, 25.241556 ], [ 110.14171, 25.241697 ], [ 110.1416, 25.241839 ], [ 110.141497, 25.241985 ], [ 110.141391, 25.242129 ], [ 110.14128, 25.24227 ], [ 110.14118, 25.242417 ], [ 110.141067, 25.242552 ], [ 110.140797, 25.242789 ], [ 110.140662, 25.242911 ], [ 110.140529, 25.243036 ], [ 110.140392, 25.243155 ], [ 110.140256, 25.243277 ], [ 110.140125, 25.243404 ], [ 110.140001, 25.243535 ], [ 110.13988, 25.243669 ], [ 110.139755, 25.2438 ], [ 110.139607, 25.243908 ], [ 110.139452, 25.24401 ], [ 110.139052, 25.244369 ], [ 110.138614, 25.244657 ], [ 110.138424, 25.244645 ], [ 110.138235, 25.244622 ], [ 110.138048, 25.244588 ], [ 110.137859, 25.244569 ], [ 110.137669, 25.24455 ], [ 110.137479, 25.244538 ], [ 110.137292, 25.244566 ], [ 110.137131, 25.244653 ], [ 110.137, 25.244779 ], [ 110.13687, 25.244905 ], [ 110.13664, 25.245181 ], [ 110.136924, 25.245325 ] ] ] } },
{ "type": "Feature", "properties": { }, "geometry": { "type": "Polygon", "coordinates": [ [ [ 110.139023, 25.234888 ], [ 110.13916, 25.234817 ], [ 110.139388, 25.234942 ], [ 110.139497, 25.234838 ], [ 110.139604, 25.234731 ], [ 110.139709, 25.234624 ], [ 110.139813, 25.234515 ], [ 110.139914, 25.234404 ], [ 110.140014, 25.234292 ], [ 110.140111, 25.234178 ], [ 110.140207, 25.234063 ], [ 110.1403, 25.233947 ], [ 110.140394, 25.233831 ], [ 110.140487, 25.233714 ], [ 110.140581, 25.233598 ], [ 110.140669, 25.233478 ], [ 110.140742, 25.233351 ], [ 110.140811, 25.233221 ], [ 110.140879, 25.23309 ], [ 110.140947, 25.23296 ], [ 110.141016, 25.23283 ], [ 110.141098, 25.232707 ], [ 110.141198, 25.232596 ], [ 110.141315, 25.232498 ], [ 110.141435, 25.232405 ], [ 110.141556, 25.232311 ], [ 110.141676, 25.232218 ], [ 110.141796, 25.232124 ], [ 110.141917, 25.23203 ], [ 110.142037, 25.231937 ], [ 110.142158, 25.231843 ], [ 110.142278, 25.23175 ], [ 110.142399, 25.231656 ], [ 110.142527, 25.231571 ], [ 110.142731, 25.231412 ], [ 110.142655, 25.231285 ], [ 110.14258, 25.231158 ], [ 110.142505, 25.231031 ], [ 110.142435, 25.230902 ], [ 110.142369, 25.230771 ], [ 110.142289, 25.230521 ], [ 110.141884, 25.230498 ], [ 110.141922, 25.230638 ], [ 110.141959, 25.230778 ], [ 110.141998, 25.230918 ], [ 110.142041, 25.231057 ], [ 110.142085, 25.231195 ], [ 110.141924, 25.231362 ], [ 110.141483, 25.231525 ], [ 110.141256, 25.231813 ], [ 110.140985, 25.231962 ], [ 110.140861, 25.232051 ], [ 110.14074, 25.232145 ], [ 110.14063, 25.232353 ], [ 110.140521, 25.232457 ], [ 110.140412, 25.232562 ], [ 110.140303, 25.232666 ], [ 110.140229, 25.232792 ], [ 110.140167, 25.232924 ], [ 110.140105, 25.233057 ], [ 110.140069, 25.233196 ], [ 110.140045, 25.233339 ], [ 110.140022, 25.233481 ], [ 110.139955, 25.23361 ], [ 110.139874, 25.233734 ], [ 110.139794, 25.233858 ], [ 110.139713, 25.233982 ], [ 110.13961, 25.23409 ], [ 110.139486, 25.234179 ], [ 110.139351, 25.234254 ], [ 110.139215, 25.234328 ], [ 110.139077, 25.234399 ], [ 110.138937, 25.234466 ], [ 110.138798, 25.234535 ], [ 110.138668, 25.234615 ], [ 110.13855, 25.234712 ], [ 110.138432, 25.234808 ], [ 110.138324, 25.234912 ], [ 110.138238, 25.235033 ], [ 110.138152, 25.235154 ], [ 110.138101, 25.235272 ], [ 110.138421, 25.235534 ], [ 110.138501, 25.23541 ], [ 110.138584, 25.235287 ], [ 110.138672, 25.235167 ], [ 110.138763, 25.23505 ], [ 110.139023, 25.234888 ] ] ] } },
{ "type": "Feature", "properties": { }, "geometry": { "type": "Polygon", "coordinates": [ [ [ 110.144378, 25.226003 ], [ 110.144725, 25.225996 ], [ 110.145063, 25.226062 ], [ 110.145376, 25.226198 ], [ 110.145684, 25.226303 ], [ 110.146029, 25.226305 ], [ 110.146353, 25.226194 ], [ 110.146612, 25.225986 ], [ 110.146815, 25.225731 ], [ 110.147119, 25.225589 ], [ 110.147465, 25.225585 ], [ 110.147795, 25.225494 ], [ 110.148079, 25.225315 ], [ 110.148418, 25.22529 ], [ 110.148714, 25.225451 ], [ 110.149029, 25.225581 ], [ 110.149371, 25.22563 ], [ 110.149715, 25.225595 ], [ 110.150036, 25.225478 ], [ 110.150329, 25.225309 ], [ 110.150595, 25.225105 ], [ 110.150899, 25.224961 ], [ 110.151245, 25.224948 ], [ 110.151569, 25.224901 ], [ 110.151891, 25.224898 ], [ 110.152231, 25.224962 ], [ 110.152571, 25.225025 ], [ 110.152911, 25.225089 ], [ 110.153252, 25.225151 ], [ 110.153593, 25.225208 ], [ 110.154229, 25.225334 ], [ 110.15422, 25.224962 ], [ 110.153613, 25.224852 ], [ 110.153272, 25.224788 ], [ 110.152932, 25.224724 ], [ 110.152592, 25.224661 ], [ 110.152252, 25.224597 ], [ 110.151912, 25.224534 ], [ 110.151594, 25.2245 ], [ 110.150541, 25.224688 ], [ 110.150224, 25.224807 ], [ 110.14949, 25.224578 ], [ 110.149473, 25.224263 ], [ 110.149286, 25.224228 ], [ 110.149243, 25.224541 ], [ 110.149233, 25.224856 ], [ 110.149019, 25.225093 ], [ 110.148683, 25.225109 ], [ 110.148346, 25.225034 ], [ 110.148, 25.225016 ], [ 110.147656, 25.225053 ], [ 110.147324, 25.225145 ], [ 110.147015, 25.225288 ], [ 110.146738, 25.225478 ], [ 110.146501, 25.225708 ], [ 110.146241, 25.225914 ], [ 110.145915, 25.226017 ], [ 110.145571, 25.226002 ], [ 110.145257, 25.225871 ], [ 110.144953, 25.225722 ], [ 110.144612, 25.225672 ], [ 110.144267, 25.2257 ], [ 110.143933, 25.225786 ], [ 110.143632, 25.225941 ], [ 110.143402, 25.226175 ], [ 110.143143, 25.226385 ], [ 110.142872, 25.22658 ], [ 110.142696, 25.22685 ], [ 110.142651, 25.227161 ], [ 110.142301, 25.227552 ], [ 110.142328, 25.227731 ], [ 110.142471, 25.227998 ], [ 110.142487, 25.228313 ], [ 110.142467, 25.228628 ], [ 110.142451, 25.228944 ], [ 110.142461, 25.229259 ], [ 110.142493, 25.229574 ], [ 110.142545, 25.230012 ], [ 110.142735, 25.230051 ], [ 110.142702, 25.229736 ], [ 110.142675, 25.229421 ], [ 110.142654, 25.229106 ], [ 110.142645, 25.228791 ], [ 110.14266, 25.228475 ], [ 110.142698, 25.228161 ], [ 110.142724, 25.227847 ], [ 110.142818, 25.227543 ], [ 110.142959, 25.227256 ], [ 110.143092, 25.226965 ], [ 110.143268, 25.226692 ], [ 110.143482, 25.226444 ], [ 110.143739, 25.226233 ], [ 110.144044, 25.226083 ], [ 110.144378, 25.226003 ] ] ] } },
{ "type": "Feature", "properties": { }, "geometry": { "type": "Polygon", "coordinates": [ [ [ 110.137866, 25.235706 ], [ 110.137802, 25.235644 ], [ 110.137746, 25.235713 ], [ 110.137691, 25.235782 ], [ 110.137635, 25.235851 ], [ 110.137578, 25.235919 ], [ 110.13752, 25.235987 ], [ 110.137466, 25.236057 ], [ 110.137417, 25.236131 ], [ 110.137376, 25.236207 ], [ 110.137341, 25.236287 ], [ 110.137314, 25.236369 ], [ 110.137294, 25.236453 ], [ 110.137274, 25.236537 ], [ 110.137249, 25.236619 ], [ 110.137219, 25.236701 ], [ 110.137184, 25.23678 ], [ 110.137144, 25.236858 ], [ 110.137099, 25.236933 ], [ 110.13705, 25.237006 ], [ 110.136995, 25.237076 ], [ 110.136937, 25.237143 ], [ 110.137117, 25.237327 ], [ 110.137208, 25.237338 ], [ 110.137301, 25.237324 ], [ 110.137377, 25.237279 ], [ 110.137434, 25.23721 ], [ 110.13749, 25.237142 ], [ 110.137548, 25.237074 ], [ 110.137606, 25.237006 ], [ 110.137664, 25.236939 ], [ 110.137723, 25.236872 ], [ 110.137782, 25.236805 ], [ 110.137842, 25.236739 ], [ 110.137902, 25.236673 ], [ 110.137766, 25.236481 ], [ 110.137796, 25.2364 ], [ 110.137831, 25.23632 ], [ 110.137871, 25.236243 ], [ 110.137918, 25.236168 ], [ 110.137971, 25.236097 ], [ 110.138029, 25.23603 ], [ 110.138132, 25.235937 ], [ 110.137997, 25.23583 ], [ 110.137931, 25.235769 ], [ 110.137866, 25.235706 ] ] ] } },
{ "type": "Feature", "properties": { }, "geometry": { "type": "Polygon", "coordinates": [ [ [ 110.13623, 25.235621 ], [ 110.136218, 25.235569 ], [ 110.136125, 25.235715 ], [ 110.136025, 25.235858 ], [ 110.135932, 25.236005 ], [ 110.135841, 25.236153 ], [ 110.135751, 25.236301 ], [ 110.135643, 25.236439 ], [ 110.135531, 25.236575 ], [ 110.135423, 25.236713 ], [ 110.135319, 25.236853 ], [ 110.135209, 25.23699 ], [ 110.135101, 25.237128 ], [ 110.135003, 25.23727 ], [ 110.135061, 25.23727 ], [ 110.135218, 25.237041 ], [ 110.135328, 25.236904 ], [ 110.135434, 25.236765 ], [ 110.13554, 25.236625 ], [ 110.135651, 25.236489 ], [ 110.135763, 25.236354 ], [ 110.135853, 25.236206 ], [ 110.135945, 25.236058 ], [ 110.136036, 25.235911 ], [ 110.136135, 25.235767 ], [ 110.13623, 25.235621 ] ] ] } },
{ "type": "Feature", "properties": { }, "geometry": { "type": "Polygon", "coordinates": [ [ [ 110.132864, 25.238886 ], [ 110.132984, 25.238872 ], [ 110.133107, 25.238882 ], [ 110.133437, 25.23891 ], [ 110.133548, 25.238899 ], [ 110.133568, 25.23901 ], [ 110.133598, 25.239118 ], [ 110.133643, 25.239222 ], [ 110.13373, 25.239297 ], [ 110.133837, 25.239351 ], [ 110.133891, 25.239446 ], [ 110.133896, 25.239419 ], [ 110.133854, 25.239319 ], [ 110.133749, 25.239261 ], [ 110.133665, 25.239183 ], [ 110.133627, 25.239076 ], [ 110.133599, 25.238967 ], [ 110.133625, 25.238865 ], [ 110.133729, 25.238805 ], [ 110.133824, 25.238734 ], [ 110.133919, 25.238662 ], [ 110.134009, 25.238586 ], [ 110.134084, 25.238497 ], [ 110.134153, 25.238404 ], [ 110.134222, 25.238311 ], [ 110.134295, 25.238221 ], [ 110.134368, 25.23813 ], [ 110.134442, 25.238041 ], [ 110.134516, 25.237952 ], [ 110.13459, 25.237862 ], [ 110.134577, 25.237821 ], [ 110.134503, 25.237912 ], [ 110.134431, 25.238002 ], [ 110.13436, 25.238094 ], [ 110.134288, 25.238185 ], [ 110.134214, 25.238274 ], [ 110.13414, 25.238364 ], [ 110.134072, 25.238457 ], [ 110.134003, 25.23855 ], [ 110.133913, 25.238625 ], [ 110.133816, 25.238695 ], [ 110.13372, 25.238765 ], [ 110.133617, 25.238826 ], [ 110.133504, 25.238862 ], [ 110.133395, 25.238838 ], [ 110.133182, 25.238826 ], [ 110.133061, 25.238827 ], [ 110.132939, 25.238824 ], [ 110.132822, 25.238859 ], [ 110.132701, 25.238877 ], [ 110.132582, 25.238906 ], [ 110.132461, 25.238918 ], [ 110.132377, 25.238995 ], [ 110.132294, 25.239076 ], [ 110.13219, 25.239136 ], [ 110.132092, 25.239204 ], [ 110.132013, 25.239285 ], [ 110.131889, 25.239464 ], [ 110.131808, 25.239534 ], [ 110.131834, 25.239634 ], [ 110.131932, 25.239508 ], [ 110.131979, 25.239405 ], [ 110.132043, 25.239309 ], [ 110.132125, 25.239227 ], [ 110.132222, 25.239159 ], [ 110.132316, 25.239085 ], [ 110.132406, 25.239009 ], [ 110.132502, 25.238947 ], [ 110.132624, 25.238935 ], [ 110.132746, 25.238917 ], [ 110.132864, 25.238886 ] ] ] } },
{ "type": "Feature", "properties": { }, "geometry": { "type": "Polygon", "coordinates": [ [ [ 110.151099, 25.273622 ], [ 110.150849, 25.273374 ], [ 110.149842, 25.274321 ], [ 110.150136, 25.274566 ], [ 110.151099, 25.273622 ] ] ] } },
{ "type": "Feature", "properties": { }, "geometry": { "type": "Polygon", "coordinates": [ [ [ 110.153329, 25.271393 ], [ 110.152548, 25.270897 ], [ 110.152314, 25.27112 ], [ 110.152249, 25.271965 ], [ 110.151601, 25.2726 ], [ 110.151112, 25.273235 ], [ 110.151335, 25.273392 ], [ 110.152731, 25.272024 ], [ 110.153329, 25.271393 ] ] ] } },
{ "type": "Feature", "properties": { }, "geometry": { "type": "Polygon", "coordinates": [ [ [ 110.155023, 25.270743 ], [ 110.154824, 25.270705 ], [ 110.154665, 25.27086 ], [ 110.154506, 25.271016 ], [ 110.154347, 25.271172 ], [ 110.154714, 25.271298 ], [ 110.154938, 25.271357 ], [ 110.155162, 25.271408 ], [ 110.15537, 25.271498 ], [ 110.155571, 25.271597 ], [ 110.155787, 25.271679 ], [ 110.155991, 25.271782 ], [ 110.156179, 25.271905 ], [ 110.156358, 25.272041 ], [ 110.156552, 25.272157 ], [ 110.156732, 25.272293 ], [ 110.156922, 25.272416 ], [ 110.157123, 25.272524 ], [ 110.1573, 25.272661 ], [ 110.157483, 25.272789 ], [ 110.157698, 25.272872 ], [ 110.157917, 25.272947 ], [ 110.158139, 25.273013 ], [ 110.158359, 25.273083 ], [ 110.158549, 25.273207 ], [ 110.158717, 25.273353 ], [ 110.158769, 25.273518 ], [ 110.158587, 25.273861 ], [ 110.159198, 25.274131 ], [ 110.159293, 25.273936 ], [ 110.159388, 25.273742 ], [ 110.159482, 25.273548 ], [ 110.159293, 25.273199 ], [ 110.159146, 25.273034 ], [ 110.158988, 25.272877 ], [ 110.158814, 25.272736 ], [ 110.158618, 25.27262 ], [ 110.158405, 25.272534 ], [ 110.158185, 25.272461 ], [ 110.157247, 25.271881 ], [ 110.157081, 25.271732 ], [ 110.156891, 25.271609 ], [ 110.156691, 25.271499 ], [ 110.156481, 25.271405 ], [ 110.156272, 25.271311 ], [ 110.156062, 25.271217 ], [ 110.155853, 25.271122 ], [ 110.155651, 25.271015 ], [ 110.15545, 25.270907 ], [ 110.155243, 25.270809 ], [ 110.155023, 25.270743 ] ] ] } },
{ "type": "Feature", "properties": { }, "geometry": { "type": "Polygon", "coordinates": [ [ [ 110.159973, 25.2737 ], [ 110.15978, 25.273606 ], [ 110.159657, 25.273858 ], [ 110.15965, 25.274073 ], [ 110.160476, 25.274401 ], [ 110.160724, 25.274555 ], [ 110.160981, 25.2747 ], [ 110.161228, 25.274859 ], [ 110.161476, 25.275018 ], [ 110.161727, 25.275172 ], [ 110.161978, 25.275325 ], [ 110.162225, 25.275485 ], [ 110.162487, 25.275624 ], [ 110.162767, 25.275726 ], [ 110.163044, 25.275834 ], [ 110.163326, 25.275932 ], [ 110.163618, 25.276002 ], [ 110.164214, 25.276073 ], [ 110.164556, 25.276108 ], [ 110.164641, 25.275695 ], [ 110.164132, 25.275636 ], [ 110.163832, 25.275599 ], [ 110.163539, 25.275531 ], [ 110.163249, 25.27545 ], [ 110.162963, 25.275359 ], [ 110.162693, 25.275234 ], [ 110.162435, 25.27509 ], [ 110.162187, 25.274933 ], [ 110.161936, 25.274779 ], [ 110.161681, 25.27463 ], [ 110.161427, 25.274479 ], [ 110.161178, 25.274322 ], [ 110.160929, 25.274166 ], [ 110.160671, 25.274021 ], [ 110.159973, 25.2737 ] ] ] } },
{ "type": "Feature", "properties": { }, "geometry": { "type": "Polygon", "coordinates": [ [ [ 110.127595, 25.227731 ], [ 110.12748, 25.227551 ], [ 110.127445, 25.227595 ], [ 110.127592, 25.22781 ], [ 110.127703, 25.228042 ], [ 110.127791, 25.228283 ], [ 110.127872, 25.228525 ], [ 110.127904, 25.228776 ], [ 110.127891, 25.229029 ], [ 110.127862, 25.229282 ], [ 110.127827, 25.229505 ], [ 110.127776, 25.229742 ], [ 110.127772, 25.229996 ], [ 110.12781, 25.230247 ], [ 110.127857, 25.230497 ], [ 110.127921, 25.230742 ], [ 110.128022, 25.230969 ], [ 110.128079, 25.231216 ], [ 110.128036, 25.23146 ], [ 110.127829, 25.231624 ], [ 110.127584, 25.231745 ], [ 110.127395, 25.231919 ], [ 110.12728, 25.232151 ], [ 110.127166, 25.232382 ], [ 110.127058, 25.232616 ], [ 110.126905, 25.232812 ], [ 110.126788, 25.233034 ], [ 110.126721, 25.233281 ], [ 110.126617, 25.233516 ], [ 110.126503, 25.233744 ], [ 110.126469, 25.233996 ], [ 110.126497, 25.234247 ], [ 110.126588, 25.234487 ], [ 110.126698, 25.23472 ], [ 110.126818, 25.234949 ], [ 110.126985, 25.235152 ], [ 110.127159, 25.235351 ], [ 110.12735, 25.235536 ], [ 110.127542, 25.23572 ], [ 110.127739, 25.2359 ], [ 110.127929, 25.236085 ], [ 110.12809, 25.236284 ], [ 110.128198, 25.236518 ], [ 110.128398, 25.236692 ], [ 110.128618, 25.236847 ], [ 110.128837, 25.237005 ], [ 110.129058, 25.237161 ], [ 110.129266, 25.237329 ], [ 110.129477, 25.237496 ], [ 110.129693, 25.237657 ], [ 110.129995, 25.237921 ], [ 110.130106, 25.237913 ], [ 110.129899, 25.237743 ], [ 110.129687, 25.237577 ], [ 110.129469, 25.237419 ], [ 110.129259, 25.237251 ], [ 110.129049, 25.237085 ], [ 110.128829, 25.236929 ], [ 110.128609, 25.236772 ], [ 110.128387, 25.236619 ], [ 110.128221, 25.23642 ], [ 110.128108, 25.236188 ], [ 110.12791, 25.236025 ], [ 110.127723, 25.235837 ], [ 110.127532, 25.235651 ], [ 110.127341, 25.235467 ], [ 110.127158, 25.235275 ], [ 110.126981, 25.235079 ], [ 110.126831, 25.234867 ], [ 110.126707, 25.23464 ], [ 110.126598, 25.234406 ], [ 110.126527, 25.234161 ], [ 110.12653, 25.233909 ], [ 110.12658, 25.23366 ], [ 110.126712, 25.233438 ], [ 110.126797, 25.233197 ], [ 110.126867, 25.232951 ], [ 110.127141, 25.232539 ], [ 110.127256, 25.232308 ], [ 110.127373, 25.232077 ], [ 110.1275, 25.231854 ], [ 110.127744, 25.231732 ], [ 110.127988, 25.231609 ], [ 110.128136, 25.231398 ], [ 110.128135, 25.231145 ], [ 110.128073, 25.230899 ], [ 110.127953, 25.230671 ], [ 110.127889, 25.230428 ], [ 110.127843, 25.230177 ], [ 110.12781, 25.229925 ], [ 110.127839, 25.229674 ], [ 110.127919, 25.229433 ], [ 110.12794, 25.229183 ], [ 110.127963, 25.22893 ], [ 110.127978, 25.228678 ], [ 110.127901, 25.228434 ], [ 110.127826, 25.228189 ], [ 110.12774, 25.227948 ], [ 110.127595, 25.227731 ] ] ] } },
{ "type": "Feature", "properties": { }, "geometry": { "type": "Polygon", "coordinates": [ [ [ 110.13021, 25.237963 ], [ 110.130116, 25.237962 ], [ 110.130305, 25.238137 ], [ 110.130516, 25.238328 ], [ 110.130699, 25.238542 ], [ 110.130848, 25.238775 ], [ 110.131006, 25.239005 ], [ 110.131164, 25.239235 ], [ 110.131318, 25.239468 ], [ 110.131448, 25.239711 ], [ 110.131561, 25.239961 ], [ 110.131693, 25.240205 ], [ 110.131823, 25.240449 ], [ 110.13196, 25.24069 ], [ 110.132065, 25.240944 ], [ 110.132223, 25.241172 ], [ 110.132387, 25.241399 ], [ 110.132563, 25.241618 ], [ 110.132716, 25.241844 ], [ 110.132729, 25.242115 ], [ 110.132741, 25.242386 ], [ 110.132736, 25.242656 ], [ 110.132633, 25.242911 ], [ 110.132533, 25.243166 ], [ 110.132425, 25.243419 ], [ 110.132214, 25.243816 ], [ 110.132239, 25.243866 ], [ 110.132382, 25.243628 ], [ 110.132506, 25.243382 ], [ 110.132609, 25.243127 ], [ 110.132713, 25.242873 ], [ 110.132803, 25.242615 ], [ 110.132799, 25.242344 ], [ 110.132786, 25.242073 ], [ 110.132774, 25.241802 ], [ 110.132611, 25.241578 ], [ 110.132432, 25.241362 ], [ 110.132268, 25.241135 ], [ 110.132113, 25.240906 ], [ 110.132006, 25.240653 ], [ 110.131869, 25.240412 ], [ 110.13174, 25.240167 ], [ 110.131607, 25.239924 ], [ 110.131496, 25.239674 ], [ 110.131363, 25.239431 ], [ 110.131209, 25.239199 ], [ 110.131051, 25.238968 ], [ 110.130893, 25.238738 ], [ 110.130744, 25.238503 ], [ 110.13056, 25.238291 ], [ 110.13021, 25.237963 ] ] ] } },
{ "type": "Feature", "properties": { }, "geometry": { "type": "Polygon", "coordinates": [ [ [ 110.131525, 25.244862 ], [ 110.131465, 25.244857 ], [ 110.13132, 25.24504 ], [ 110.13124, 25.245163 ], [ 110.13115, 25.245281 ], [ 110.131083, 25.245411 ], [ 110.131059, 25.245552 ], [ 110.131052, 25.245696 ], [ 110.131086, 25.245836 ], [ 110.131132, 25.245973 ], [ 110.131208, 25.246099 ], [ 110.131281, 25.246226 ], [ 110.131351, 25.246355 ], [ 110.131425, 25.246482 ], [ 110.131494, 25.246611 ], [ 110.131562, 25.246741 ], [ 110.131632, 25.24687 ], [ 110.13171, 25.246995 ], [ 110.131791, 25.247119 ], [ 110.131871, 25.247242 ], [ 110.13195, 25.247367 ], [ 110.132023, 25.247494 ], [ 110.132091, 25.247624 ], [ 110.132163, 25.247752 ], [ 110.132231, 25.247882 ], [ 110.132311, 25.248005 ], [ 110.132383, 25.248133 ], [ 110.132453, 25.248262 ], [ 110.13253, 25.248388 ], [ 110.132609, 25.248512 ], [ 110.132694, 25.248634 ], [ 110.132767, 25.248761 ], [ 110.132842, 25.248887 ], [ 110.132919, 25.249013 ], [ 110.132993, 25.24914 ], [ 110.133066, 25.249268 ], [ 110.133095, 25.249214 ], [ 110.132985, 25.249036 ], [ 110.132904, 25.248913 ], [ 110.13283, 25.248786 ], [ 110.132755, 25.248659 ], [ 110.132676, 25.248535 ], [ 110.1326, 25.248409 ], [ 110.132524, 25.248283 ], [ 110.132452, 25.248155 ], [ 110.132382, 25.248026 ], [ 110.132309, 25.247898 ], [ 110.132235, 25.247772 ], [ 110.132158, 25.247646 ], [ 110.132084, 25.247519 ], [ 110.132014, 25.24739 ], [ 110.131939, 25.247264 ], [ 110.131862, 25.247138 ], [ 110.131784, 25.247013 ], [ 110.131708, 25.246887 ], [ 110.131638, 25.246758 ], [ 110.131572, 25.246628 ], [ 110.131494, 25.246503 ], [ 110.131421, 25.246376 ], [ 110.131349, 25.246248 ], [ 110.131276, 25.24612 ], [ 110.131204, 25.245992 ], [ 110.131141, 25.245861 ], [ 110.131113, 25.245722 ], [ 110.131134, 25.245605 ], [ 110.131185, 25.245473 ], [ 110.13124, 25.245338 ], [ 110.131317, 25.245212 ], [ 110.131392, 25.245086 ], [ 110.131467, 25.24496 ], [ 110.131525, 25.244862 ] ] ] } },
{ "type": "Feature", "properties": { }, "geometry": { "type": "Polygon", "coordinates": [ [ [ 110.13328, 25.249546 ], [ 110.133157, 25.24928 ], [ 110.133108, 25.249394 ], [ 110.133289, 25.249774 ], [ 110.133438, 25.250027 ], [ 110.133653, 25.250239 ], [ 110.133938, 25.250362 ], [ 110.134244, 25.250441 ], [ 110.134555, 25.250499 ], [ 110.134873, 25.250508 ], [ 110.135191, 25.250513 ], [ 110.135509, 25.250515 ], [ 110.135824, 25.25055 ], [ 110.136092, 25.250698 ], [ 110.136267, 25.25094 ], [ 110.136406, 25.251184 ], [ 110.136555, 25.25144 ], [ 110.136701, 25.251697 ], [ 110.136842, 25.251956 ], [ 110.136894, 25.252236 ], [ 110.136742, 25.252486 ], [ 110.136536, 25.252706 ], [ 110.136335, 25.25293 ], [ 110.136136, 25.253156 ], [ 110.135939, 25.253383 ], [ 110.135749, 25.253615 ], [ 110.13569, 25.253887 ], [ 110.135824, 25.254146 ], [ 110.136053, 25.254342 ], [ 110.136326, 25.254489 ], [ 110.136612, 25.254615 ], [ 110.1369, 25.254738 ], [ 110.137163, 25.254898 ], [ 110.137398, 25.255068 ], [ 110.137628, 25.255267 ], [ 110.137813, 25.255476 ], [ 110.137991, 25.255715 ], [ 110.138164, 25.255959 ], [ 110.138337, 25.256201 ], [ 110.138504, 25.256435 ], [ 110.138621, 25.256693 ], [ 110.138767, 25.25695 ], [ 110.138933, 25.257186 ], [ 110.139195, 25.25735 ], [ 110.139355, 25.257594 ], [ 110.139474, 25.257862 ], [ 110.139506, 25.258142 ], [ 110.139665, 25.258393 ], [ 110.139749, 25.25867 ], [ 110.139801, 25.258956 ], [ 110.139867, 25.259412 ], [ 110.139975, 25.259386 ], [ 110.139847, 25.258858 ], [ 110.139788, 25.258574 ], [ 110.139713, 25.258294 ], [ 110.139592, 25.25805 ], [ 110.139517, 25.25777 ], [ 110.139389, 25.257505 ], [ 110.139209, 25.257274 ], [ 110.13896, 25.257098 ], [ 110.138816, 25.256841 ], [ 110.138672, 25.256585 ], [ 110.13854, 25.256329 ], [ 110.138406, 25.25607 ], [ 110.138235, 25.255826 ], [ 110.13805, 25.25559 ], [ 110.137867, 25.255388 ], [ 110.137645, 25.255183 ], [ 110.137416, 25.254982 ], [ 110.137181, 25.254787 ], [ 110.136908, 25.254641 ], [ 110.13662, 25.254519 ], [ 110.136334, 25.254391 ], [ 110.136066, 25.254237 ], [ 110.135863, 25.254021 ], [ 110.1358, 25.253751 ], [ 110.135941, 25.253506 ], [ 110.136129, 25.253314 ], [ 110.136325, 25.253086 ], [ 110.136526, 25.252861 ], [ 110.136733, 25.252642 ], [ 110.136965, 25.252444 ], [ 110.137031, 25.251972 ], [ 110.136842, 25.251739 ], [ 110.136693, 25.251483 ], [ 110.136544, 25.251228 ], [ 110.136385, 25.250977 ], [ 110.136216, 25.250732 ], [ 110.135988, 25.250536 ], [ 110.135687, 25.250453 ], [ 110.135369, 25.250441 ], [ 110.135051, 25.250438 ], [ 110.134733, 25.250433 ], [ 110.134418, 25.250402 ], [ 110.13411, 25.25033 ], [ 110.133807, 25.250241 ], [ 110.133564, 25.250059 ], [ 110.133392, 25.249817 ], [ 110.13328, 25.249546 ] ] ] } },
{ "type": "Feature", "properties": { }, "geometry": { "type": "Polygon", "coordinates": [ [ [ 110.141198, 25.261198 ], [ 110.140501, 25.260445 ], [ 110.140407, 25.260488 ], [ 110.141099, 25.261274 ], [ 110.141476, 25.261859 ], [ 110.141633, 25.262167 ], [ 110.141712, 25.262321 ], [ 110.141807, 25.262468 ], [ 110.141882, 25.262623 ], [ 110.141962, 25.262776 ], [ 110.142262, 25.263203 ], [ 110.142342, 25.263357 ], [ 110.142433, 25.263505 ], [ 110.142536, 25.263647 ], [ 110.142743, 25.263928 ], [ 110.142883, 25.26404 ], [ 110.143048, 25.264116 ], [ 110.143225, 25.26417 ], [ 110.143404, 25.264218 ], [ 110.143584, 25.264263 ], [ 110.143764, 25.264309 ], [ 110.143948, 25.264335 ], [ 110.14413, 25.264371 ], [ 110.144309, 25.264422 ], [ 110.144478, 25.264493 ], [ 110.144645, 25.264568 ], [ 110.144795, 25.264664 ], [ 110.144912, 25.264796 ], [ 110.145031, 25.264927 ], [ 110.145161, 25.265049 ], [ 110.145291, 25.265171 ], [ 110.145421, 25.265293 ], [ 110.145551, 25.265414 ], [ 110.145685, 25.265533 ], [ 110.145819, 25.265651 ], [ 110.145953, 25.265769 ], [ 110.146091, 25.265884 ], [ 110.146233, 25.265994 ], [ 110.146518, 25.266214 ], [ 110.146605, 25.266115 ], [ 110.146324, 25.265891 ], [ 110.146184, 25.265779 ], [ 110.146043, 25.265668 ], [ 110.145902, 25.265556 ], [ 110.14577, 25.265437 ], [ 110.145643, 25.265312 ], [ 110.145517, 25.265187 ], [ 110.14539, 25.265062 ], [ 110.145268, 25.264933 ], [ 110.145147, 25.264804 ], [ 110.145034, 25.264669 ], [ 110.14493, 25.264528 ], [ 110.144764, 25.264451 ], [ 110.144589, 25.264391 ], [ 110.144414, 25.264332 ], [ 110.144239, 25.264273 ], [ 110.144058, 25.264236 ], [ 110.143874, 25.264206 ], [ 110.143692, 25.264167 ], [ 110.143509, 25.264134 ], [ 110.143327, 25.264096 ], [ 110.143149, 25.264044 ], [ 110.142769, 25.263698 ], [ 110.142683, 25.263548 ], [ 110.142584, 25.263405 ], [ 110.142493, 25.263256 ], [ 110.142405, 25.263106 ], [ 110.142316, 25.262957 ], [ 110.142222, 25.262811 ], [ 110.142127, 25.262665 ], [ 110.142028, 25.262521 ], [ 110.141929, 25.262377 ], [ 110.141862, 25.26222 ], [ 110.14176, 25.262078 ], [ 110.141659, 25.261935 ], [ 110.141198, 25.261198 ] ] ] } },
{ "type": "Feature", "properties": { }, "geometry": { "type": "Polygon", "coordinates": [ [ [ 110.147436, 25.266522 ], [ 110.146964, 25.266352 ], [ 110.146821, 25.266447 ], [ 110.147137, 25.266625 ], [ 110.147514, 25.26667 ], [ 110.147883, 25.266703 ], [ 110.148193, 25.266905 ], [ 110.148447, 25.267162 ], [ 110.148601, 25.267477 ], [ 110.148739, 25.267799 ], [ 110.148914, 25.268107 ], [ 110.1492, 25.268329 ], [ 110.149383, 25.268296 ], [ 110.149141, 25.268128 ], [ 110.148931, 25.267839 ], [ 110.148762, 25.267529 ], [ 110.148642, 25.267203 ], [ 110.14842, 25.266926 ], [ 110.148145, 25.266689 ], [ 110.147817, 25.26653 ], [ 110.147436, 25.266522 ] ] ] } },
{ "type": "Feature", "properties": { }, "geometry": { "type": "Polygon", "coordinates": [ [ [ 110.166203, 25.275701 ], [ 110.165936, 25.275663 ], [ 110.165165, 25.27571 ], [ 110.165052, 25.275933 ], [ 110.164986, 25.27613 ], [ 110.165796, 25.276154 ], [ 110.166064, 25.276184 ], [ 110.166332, 25.276215 ], [ 110.166602, 25.276232 ], [ 110.166872, 25.276237 ], [ 110.167142, 25.276239 ], [ 110.167412, 25.276241 ], [ 110.167682, 25.276242 ], [ 110.167953, 25.276244 ], [ 110.168223, 25.276246 ], [ 110.168493, 25.276248 ], [ 110.168763, 25.276251 ], [ 110.169032, 25.276272 ], [ 110.169298, 25.276315 ], [ 110.169559, 25.27638 ], [ 110.169813, 25.276464 ], [ 110.170066, 25.276549 ], [ 110.17032, 25.276634 ], [ 110.170514, 25.276781 ], [ 110.170632, 25.277002 ], [ 110.17074, 25.277227 ], [ 110.170834, 25.277457 ], [ 110.170928, 25.277687 ], [ 110.171022, 25.277918 ], [ 110.171116, 25.278148 ], [ 110.171475, 25.277753 ], [ 110.171453, 25.277523 ], [ 110.171356, 25.277294 ], [ 110.171258, 25.277065 ], [ 110.171153, 25.276839 ], [ 110.171034, 25.276618 ], [ 110.170907, 25.276402 ], [ 110.170712, 25.276237 ], [ 110.170459, 25.276152 ], [ 110.170205, 25.276066 ], [ 110.169952, 25.275981 ], [ 110.169697, 25.275899 ], [ 110.169436, 25.275835 ], [ 110.169171, 25.275788 ], [ 110.168903, 25.275761 ], [ 110.168633, 25.275752 ], [ 110.168362, 25.275751 ], [ 110.168092, 25.275749 ], [ 110.167822, 25.275747 ], [ 110.167552, 25.275745 ], [ 110.167282, 25.275743 ], [ 110.167011, 25.275741 ], [ 110.166741, 25.275739 ], [ 110.166471, 25.275728 ], [ 110.166203, 25.275701 ] ] ] } },
{ "type": "Feature", "properties": { }, "geometry": { "type": "Polygon", "coordinates": [ [ [ 110.198772, 25.246561 ], [ 110.198174, 25.245295 ], [ 110.197779, 25.245439 ], [ 110.1983, 25.246426 ], [ 110.198874, 25.247419 ], [ 110.199451, 25.24841 ], [ 110.200185, 25.249777 ], [ 110.200509, 25.249531 ], [ 110.199926, 25.248543 ], [ 110.199349, 25.247552 ], [ 110.198772, 25.246561 ] ] ] } },
{ "type": "Feature", "properties": { }, "geometry": { "type": "Polygon", "coordinates": [ [ [ 110.20269, 25.260778 ], [ 110.201446, 25.260737 ], [ 110.201377, 25.260957 ], [ 110.203146, 25.260975 ], [ 110.204387, 25.261053 ], [ 110.205599, 25.261236 ], [ 110.206814, 25.26148 ], [ 110.206892, 25.261176 ], [ 110.205147, 25.260927 ], [ 110.20393, 25.260844 ], [ 110.20269, 25.260778 ] ] ] } },
{ "type": "Feature", "properties": { }, "geometry": { "type": "Polygon", "coordinates": [ [ [ 110.194274, 25.261807 ], [ 110.194154, 25.261777 ], [ 110.193515, 25.262203 ], [ 110.193129, 25.262471 ], [ 110.192763, 25.262761 ], [ 110.192433, 25.263086 ], [ 110.192117, 25.263421 ], [ 110.191804, 25.263759 ], [ 110.191487, 25.264094 ], [ 110.191166, 25.264426 ], [ 110.190846, 25.264758 ], [ 110.190516, 25.265082 ], [ 110.190036, 25.265386 ], [ 110.190104, 25.265467 ], [ 110.190513, 25.26523 ], [ 110.190863, 25.264924 ], [ 110.191174, 25.264584 ], [ 110.191492, 25.264251 ], [ 110.191811, 25.263917 ], [ 110.192128, 25.263582 ], [ 110.192445, 25.263247 ], [ 110.192764, 25.262914 ], [ 110.193108, 25.262603 ], [ 110.193495, 25.262336 ], [ 110.193883, 25.262069 ], [ 110.194274, 25.261807 ] ] ] } },
{ "type": "Feature", "properties": { }, "geometry": { "type": "Polygon", "coordinates": [ [ [ 110.189742, 25.265648 ], [ 110.189691, 25.265566 ], [ 110.189564, 25.265631 ], [ 110.189437, 25.265697 ], [ 110.18931, 25.265762 ], [ 110.189183, 25.265828 ], [ 110.189056, 25.265893 ], [ 110.18893, 25.265959 ], [ 110.188803, 25.266025 ], [ 110.188687, 25.266105 ], [ 110.188575, 25.26619 ], [ 110.188462, 25.266275 ], [ 110.188184, 25.266479 ], [ 110.188271, 25.266555 ], [ 110.188527, 25.266373 ], [ 110.188634, 25.266283 ], [ 110.188741, 25.266193 ], [ 110.188858, 25.266114 ], [ 110.188984, 25.266047 ], [ 110.18911, 25.26598 ], [ 110.189236, 25.265914 ], [ 110.189362, 25.265847 ], [ 110.189489, 25.26578 ], [ 110.189615, 25.265713 ], [ 110.189742, 25.265648 ] ] ] } },
{ "type": "Feature", "properties": { }, "geometry": { "type": "Polygon", "coordinates": [ [ [ 110.183327, 25.262258 ], [ 110.183116, 25.262004 ], [ 110.18305, 25.262094 ], [ 110.183401, 25.262572 ], [ 110.183605, 25.262887 ], [ 110.183809, 25.263202 ], [ 110.184013, 25.263517 ], [ 110.18422, 25.26383 ], [ 110.184428, 25.264143 ], [ 110.184636, 25.264456 ], [ 110.184841, 25.26477 ], [ 110.185052, 25.265081 ], [ 110.18526, 25.265394 ], [ 110.185468, 25.265707 ], [ 110.185693, 25.265988 ], [ 110.186065, 25.266547 ], [ 110.18614, 25.266547 ], [ 110.185838, 25.266002 ], [ 110.185629, 25.26569 ], [ 110.185419, 25.265378 ], [ 110.18521, 25.265066 ], [ 110.184999, 25.264755 ], [ 110.184792, 25.264442 ], [ 110.184585, 25.264129 ], [ 110.184374, 25.263817 ], [ 110.184162, 25.263507 ], [ 110.183953, 25.263195 ], [ 110.183743, 25.262883 ], [ 110.183534, 25.262571 ], [ 110.183327, 25.262258 ] ] ] } },
{ "type": "Feature", "properties": { }, "geometry": { "type": "Polygon", "coordinates": [ [ [ 110.187531, 25.267202 ], [ 110.187322, 25.267176 ], [ 110.187076, 25.267179 ], [ 110.186831, 25.26718 ], [ 110.18665, 25.267252 ], [ 110.186419, 25.267869 ], [ 110.186308, 25.268068 ], [ 110.18621, 25.268272 ], [ 110.186149, 25.268488 ], [ 110.186094, 25.268705 ], [ 110.186034, 25.268922 ], [ 110.185974, 25.269138 ], [ 110.186148, 25.269229 ], [ 110.186391, 25.268633 ], [ 110.186473, 25.268423 ], [ 110.18658, 25.268222 ], [ 110.186725, 25.268044 ], [ 110.186886, 25.267875 ], [ 110.187047, 25.267707 ], [ 110.187531, 25.267202 ] ] ] } },
{ "type": "Feature", "properties": { }, "geometry": { "type": "Polygon", "coordinates": [ [ [ 110.185981, 25.269488 ], [ 110.185837, 25.26945 ], [ 110.185819, 25.269522 ], [ 110.185796, 25.269594 ], [ 110.185757, 25.269657 ], [ 110.1857, 25.269711 ], [ 110.185643, 25.269764 ], [ 110.185586, 25.269818 ], [ 110.185537, 25.269878 ], [ 110.185491, 25.269939 ], [ 110.185445, 25.270001 ], [ 110.185403, 25.270065 ], [ 110.185361, 25.270206 ], [ 110.185354, 25.270281 ], [ 110.185347, 25.270355 ], [ 110.185341, 25.270429 ], [ 110.185335, 25.270504 ], [ 110.185329, 25.270578 ], [ 110.185323, 25.270652 ], [ 110.18531, 25.270726 ], [ 110.185293, 25.270799 ], [ 110.185277, 25.270872 ], [ 110.185261, 25.270945 ], [ 110.185245, 25.271018 ], [ 110.185228, 25.271091 ], [ 110.185211, 25.271164 ], [ 110.185195, 25.271237 ], [ 110.185178, 25.27131 ], [ 110.185161, 25.271383 ], [ 110.185145, 25.271456 ], [ 110.185128, 25.271529 ], [ 110.185111, 25.271602 ], [ 110.18509, 25.271674 ], [ 110.185069, 25.271746 ], [ 110.185038, 25.271815 ], [ 110.185002, 25.271882 ], [ 110.184966, 25.271949 ], [ 110.184931, 25.272016 ], [ 110.184895, 25.272083 ], [ 110.184859, 25.27215 ], [ 110.184823, 25.272218 ], [ 110.184787, 25.272285 ], [ 110.184752, 25.272352 ], [ 110.184716, 25.272419 ], [ 110.18468, 25.272486 ], [ 110.184644, 25.272553 ], [ 110.184607, 25.27262 ], [ 110.184569, 25.272685 ], [ 110.18453, 25.272751 ], [ 110.184766, 25.272685 ], [ 110.184804, 25.272619 ], [ 110.184828, 25.272548 ], [ 110.184863, 25.27248 ], [ 110.184898, 25.272413 ], [ 110.184933, 25.272345 ], [ 110.184975, 25.272281 ], [ 110.185007, 25.272213 ], [ 110.18504, 25.272145 ], [ 110.185075, 25.272077 ], [ 110.185111, 25.27201 ], [ 110.185146, 25.271943 ], [ 110.185181, 25.271875 ], [ 110.185217, 25.271808 ], [ 110.185241, 25.271737 ], [ 110.185256, 25.271664 ], [ 110.185275, 25.271592 ], [ 110.1853, 25.27152 ], [ 110.185311, 25.271447 ], [ 110.185331, 25.271375 ], [ 110.185347, 25.271302 ], [ 110.185361, 25.271228 ], [ 110.185372, 25.271154 ], [ 110.185383, 25.271081 ], [ 110.185399, 25.271008 ], [ 110.185425, 25.270937 ], [ 110.18545, 25.270866 ], [ 110.185471, 25.270794 ], [ 110.185486, 25.270721 ], [ 110.185501, 25.270648 ], [ 110.185514, 25.270574 ], [ 110.185528, 25.270501 ], [ 110.185561, 25.270432 ], [ 110.185594, 25.270364 ], [ 110.185635, 25.2703 ], [ 110.185685, 25.270241 ], [ 110.185734, 25.270181 ], [ 110.185779, 25.270119 ], [ 110.185815, 25.270052 ], [ 110.185843, 25.269983 ], [ 110.185843, 25.26991 ], [ 110.18584, 25.269836 ], [ 110.185872, 25.269767 ], [ 110.185907, 25.2697 ], [ 110.185942, 25.269633 ], [ 110.185964, 25.269561 ], [ 110.185981, 25.269488 ] ] ] } },
{ "type": "Feature", "properties": { }, "geometry": { "type": "Polygon", "coordinates": [ [ [ 110.182539, 25.275743 ], [ 110.182656, 25.275637 ], [ 110.182767, 25.275673 ], [ 110.182876, 25.275786 ], [ 110.182985, 25.275899 ], [ 110.183064, 25.276025 ], [ 110.183211, 25.27644 ], [ 110.183344, 25.276529 ], [ 110.183477, 25.276617 ], [ 110.183729, 25.276788 ], [ 110.183901, 25.276691 ], [ 110.183663, 25.276538 ], [ 110.183523, 25.276458 ], [ 110.183383, 25.276378 ], [ 110.183275, 25.276278 ], [ 110.183241, 25.276131 ], [ 110.183207, 25.275984 ], [ 110.183139, 25.275853 ], [ 110.18303, 25.27574 ], [ 110.182921, 25.275627 ], [ 110.182812, 25.275514 ], [ 110.182906, 25.275406 ], [ 110.183019, 25.275297 ], [ 110.183132, 25.275188 ], [ 110.183246, 25.275079 ], [ 110.183359, 25.27497 ], [ 110.183472, 25.274861 ], [ 110.183586, 25.274752 ], [ 110.183702, 25.274645 ], [ 110.183817, 25.274538 ], [ 110.183933, 25.27443 ], [ 110.184046, 25.274322 ], [ 110.184117, 25.274186 ], [ 110.18419, 25.274051 ], [ 110.184265, 25.273917 ], [ 110.184346, 25.273787 ], [ 110.184428, 25.273657 ], [ 110.184499, 25.273522 ], [ 110.18457, 25.273386 ], [ 110.184303, 25.273379 ], [ 110.184232, 25.273514 ], [ 110.184155, 25.273647 ], [ 110.18407, 25.273775 ], [ 110.183995, 25.273909 ], [ 110.183922, 25.274044 ], [ 110.18385, 25.274179 ], [ 110.183742, 25.274291 ], [ 110.183626, 25.274398 ], [ 110.183511, 25.274505 ], [ 110.183395, 25.274612 ], [ 110.183281, 25.274721 ], [ 110.183168, 25.27483 ], [ 110.183056, 25.274941 ], [ 110.182948, 25.275054 ], [ 110.182831, 25.27516 ], [ 110.182714, 25.275266 ], [ 110.182597, 25.275372 ], [ 110.18248, 25.275478 ], [ 110.182364, 25.275584 ], [ 110.182245, 25.275688 ], [ 110.182117, 25.275783 ], [ 110.181978, 25.275865 ], [ 110.18184, 25.275947 ], [ 110.181702, 25.276029 ], [ 110.181555, 25.276096 ], [ 110.181403, 25.276156 ], [ 110.181252, 25.276215 ], [ 110.1811, 25.276275 ], [ 110.180949, 25.276335 ], [ 110.180797, 25.276394 ], [ 110.180646, 25.276454 ], [ 110.180489, 25.276497 ], [ 110.180329, 25.276532 ], [ 110.180169, 25.276571 ], [ 110.180007, 25.276598 ], [ 110.179845, 25.276626 ], [ 110.179742, 25.276699 ], [ 110.179951, 25.276905 ], [ 110.180091, 25.276863 ], [ 110.180243, 25.276806 ], [ 110.180395, 25.276748 ], [ 110.180557, 25.276733 ], [ 110.180712, 25.276681 ], [ 110.180867, 25.27663 ], [ 110.181001, 25.276556 ], [ 110.181117, 25.276464 ], [ 110.181269, 25.276407 ], [ 110.181425, 25.276356 ], [ 110.18158, 25.276305 ], [ 110.181733, 25.276249 ], [ 110.181879, 25.276179 ], [ 110.182025, 25.276109 ], [ 110.182171, 25.276039 ], [ 110.182307, 25.275956 ], [ 110.182423, 25.27585 ], [ 110.182539, 25.275743 ] ] ] } },
{ "type": "Feature", "properties": { }, "geometry": { "type": "Polygon", "coordinates": [ [ [ 110.184361, 25.276764 ], [ 110.184286, 25.276745 ], [ 110.184288, 25.276886 ], [ 110.184472, 25.276933 ], [ 110.184546, 25.276952 ], [ 110.18462, 25.276971 ], [ 110.184695, 25.27699 ], [ 110.184769, 25.277009 ], [ 110.184844, 25.277028 ], [ 110.184918, 25.277047 ], [ 110.184993, 25.277066 ], [ 110.185067, 25.277085 ], [ 110.185142, 25.277104 ], [ 110.185216, 25.277123 ], [ 110.185291, 25.277142 ], [ 110.185365, 25.277161 ], [ 110.18544, 25.27718 ], [ 110.185514, 25.277199 ], [ 110.185589, 25.277218 ], [ 110.185663, 25.277237 ], [ 110.185737, 25.277256 ], [ 110.185812, 25.277275 ], [ 110.185886, 25.277294 ], [ 110.185961, 25.277313 ], [ 110.186035, 25.277332 ], [ 110.18611, 25.277351 ], [ 110.186184, 25.27737 ], [ 110.186259, 25.277389 ], [ 110.186333, 25.277408 ], [ 110.186408, 25.277427 ], [ 110.186482, 25.277446 ], [ 110.186557, 25.277465 ], [ 110.186631, 25.277484 ], [ 110.186705, 25.277503 ], [ 110.18678, 25.277522 ], [ 110.186854, 25.277541 ], [ 110.186929, 25.27756 ], [ 110.187003, 25.277579 ], [ 110.187078, 25.277598 ], [ 110.187152, 25.277617 ], [ 110.187227, 25.277636 ], [ 110.187301, 25.277655 ], [ 110.187376, 25.277675 ], [ 110.18745, 25.277694 ], [ 110.187525, 25.277713 ], [ 110.187599, 25.277732 ], [ 110.187674, 25.277751 ], [ 110.187867, 25.277815 ], [ 110.187935, 25.277677 ], [ 110.18786, 25.277658 ], [ 110.187786, 25.277639 ], [ 110.187711, 25.27762 ], [ 110.187637, 25.277601 ], [ 110.187563, 25.277582 ], [ 110.187488, 25.277563 ], [ 110.187414, 25.277544 ], [ 110.187339, 25.277525 ], [ 110.187265, 25.277506 ], [ 110.18719, 25.277487 ], [ 110.187116, 25.277468 ], [ 110.187041, 25.277448 ], [ 110.186967, 25.277429 ], [ 110.186892, 25.27741 ], [ 110.186818, 25.277391 ], [ 110.186743, 25.277372 ], [ 110.186669, 25.277353 ], [ 110.186594, 25.277334 ], [ 110.18652, 25.277315 ], [ 110.186446, 25.277296 ], [ 110.186371, 25.277277 ], [ 110.186297, 25.277258 ], [ 110.186222, 25.277239 ], [ 110.186148, 25.27722 ], [ 110.186073, 25.277201 ], [ 110.185999, 25.277182 ], [ 110.185924, 25.277163 ], [ 110.18585, 25.277144 ], [ 110.185775, 25.277125 ], [ 110.185701, 25.277106 ], [ 110.185626, 25.277087 ], [ 110.185552, 25.277068 ], [ 110.185478, 25.277049 ], [ 110.185403, 25.27703 ], [ 110.185329, 25.277011 ], [ 110.185254, 25.276992 ], [ 110.18518, 25.276973 ], [ 110.185105, 25.276954 ], [ 110.185031, 25.276935 ], [ 110.184956, 25.276916 ], [ 110.184882, 25.276897 ], [ 110.184807, 25.276878 ], [ 110.184733, 25.276859 ], [ 110.184658, 25.27684 ], [ 110.184584, 25.276821 ], [ 110.184509, 25.276802 ], [ 110.184435, 25.276783 ], [ 110.184361, 25.276764 ] ] ] } },
{ "type": "Feature", "properties": { }, "geometry": { "type": "Polygon", "coordinates": [ [ [ 110.190109, 25.278269 ], [ 110.190167, 25.27818 ], [ 110.190225, 25.278091 ], [ 110.190283, 25.278003 ], [ 110.190341, 25.277914 ], [ 110.190399, 25.277825 ], [ 110.190456, 25.277736 ], [ 110.190514, 25.277648 ], [ 110.190572, 25.277559 ], [ 110.19063, 25.27747 ], [ 110.190688, 25.277381 ], [ 110.190745, 25.277293 ], [ 110.190803, 25.277204 ], [ 110.190861, 25.277115 ], [ 110.190919, 25.277026 ], [ 110.190977, 25.276938 ], [ 110.191035, 25.276849 ], [ 110.191092, 25.27676 ], [ 110.19115, 25.276671 ], [ 110.191208, 25.276583 ], [ 110.191266, 25.276494 ], [ 110.191324, 25.276405 ], [ 110.191381, 25.276316 ], [ 110.191439, 25.276227 ], [ 110.191497, 25.276139 ], [ 110.191555, 25.27605 ], [ 110.191613, 25.275961 ], [ 110.19167, 25.275872 ], [ 110.191728, 25.275784 ], [ 110.191786, 25.275695 ], [ 110.191844, 25.275606 ], [ 110.191902, 25.275517 ], [ 110.191934, 25.275427 ], [ 110.191843, 25.275369 ], [ 110.19178, 25.275439 ], [ 110.191722, 25.275528 ], [ 110.191664, 25.275616 ], [ 110.191606, 25.275705 ], [ 110.191549, 25.275794 ], [ 110.191491, 25.275883 ], [ 110.191433, 25.275971 ], [ 110.191375, 25.27606 ], [ 110.191317, 25.276149 ], [ 110.19126, 25.276238 ], [ 110.191202, 25.276326 ], [ 110.191144, 25.276415 ], [ 110.191086, 25.276504 ], [ 110.191028, 25.276593 ], [ 110.19097, 25.276681 ], [ 110.190913, 25.27677 ], [ 110.190855, 25.276859 ], [ 110.190797, 25.276948 ], [ 110.190739, 25.277037 ], [ 110.190681, 25.277125 ], [ 110.190624, 25.277214 ], [ 110.190566, 25.277303 ], [ 110.190508, 25.277392 ], [ 110.19045, 25.27748 ], [ 110.190392, 25.277569 ], [ 110.190334, 25.277658 ], [ 110.190277, 25.277747 ], [ 110.190219, 25.277835 ], [ 110.190161, 25.277924 ], [ 110.190103, 25.278013 ], [ 110.190045, 25.278102 ], [ 110.189988, 25.27819 ], [ 110.189883, 25.278174 ], [ 110.189774, 25.278146 ], [ 110.189665, 25.278118 ], [ 110.189556, 25.27809 ], [ 110.189447, 25.278063 ], [ 110.189337, 25.278035 ], [ 110.189228, 25.278007 ], [ 110.189119, 25.277979 ], [ 110.18901, 25.277951 ], [ 110.1889, 25.277923 ], [ 110.188791, 25.277895 ], [ 110.188682, 25.277867 ], [ 110.188573, 25.277839 ], [ 110.188463, 25.277812 ], [ 110.188354, 25.277784 ], [ 110.188245, 25.277756 ], [ 110.188185, 25.277893 ], [ 110.188413, 25.277939 ], [ 110.188522, 25.277967 ], [ 110.188632, 25.277995 ], [ 110.188741, 25.278023 ], [ 110.18885, 25.278051 ], [ 110.188959, 25.278079 ], [ 110.189069, 25.278107 ], [ 110.189178, 25.278135 ], [ 110.189287, 25.278162 ], [ 110.189396, 25.27819 ], [ 110.189506, 25.278218 ], [ 110.189615, 25.278246 ], [ 110.189724, 25.278274 ], [ 110.189833, 25.278302 ], [ 110.189942, 25.27833 ], [ 110.190052, 25.278358 ], [ 110.190109, 25.278269 ] ] ] } },
{ "type": "Feature", "properties": { }, "geometry": { "type": "Polygon", "coordinates": [ [ [ 110.193127, 25.273242 ], [ 110.192986, 25.273185 ], [ 110.192963, 25.273216 ], [ 110.192939, 25.273248 ], [ 110.192915, 25.27328 ], [ 110.192892, 25.273312 ], [ 110.19287, 25.273344 ], [ 110.192847, 25.273377 ], [ 110.192825, 25.27341 ], [ 110.192802, 25.273442 ], [ 110.192781, 25.273475 ], [ 110.19276, 25.273508 ], [ 110.192739, 25.273542 ], [ 110.192718, 25.273575 ], [ 110.192697, 25.273608 ], [ 110.192677, 25.273642 ], [ 110.192657, 25.273676 ], [ 110.192638, 25.27371 ], [ 110.192618, 25.273744 ], [ 110.192599, 25.273778 ], [ 110.192581, 25.273813 ], [ 110.192562, 25.273847 ], [ 110.192543, 25.273881 ], [ 110.192526, 25.273916 ], [ 110.192509, 25.273951 ], [ 110.192491, 25.273986 ], [ 110.192474, 25.274021 ], [ 110.192457, 25.274057 ], [ 110.192441, 25.274092 ], [ 110.192425, 25.274128 ], [ 110.192409, 25.274163 ], [ 110.192393, 25.274199 ], [ 110.192379, 25.274235 ], [ 110.192364, 25.274271 ], [ 110.19235, 25.274307 ], [ 110.192335, 25.274343 ], [ 110.192321, 25.274379 ], [ 110.192308, 25.274415 ], [ 110.192295, 25.274452 ], [ 110.192282, 25.274488 ], [ 110.192269, 25.274525 ], [ 110.192256, 25.274561 ], [ 110.192244, 25.274598 ], [ 110.192231, 25.274635 ], [ 110.192219, 25.274671 ], [ 110.192206, 25.274708 ], [ 110.192194, 25.274745 ], [ 110.192181, 25.274781 ], [ 110.192169, 25.274818 ], [ 110.192156, 25.274854 ], [ 110.19228, 25.274908 ], [ 110.192332, 25.274797 ], [ 110.192344, 25.274761 ], [ 110.192357, 25.274724 ], [ 110.192369, 25.274688 ], [ 110.192382, 25.274651 ], [ 110.192394, 25.274614 ], [ 110.192407, 25.274578 ], [ 110.192419, 25.274541 ], [ 110.192433, 25.274505 ], [ 110.192446, 25.274468 ], [ 110.192459, 25.274432 ], [ 110.192472, 25.274395 ], [ 110.192487, 25.274359 ], [ 110.192502, 25.274323 ], [ 110.192516, 25.274287 ], [ 110.192531, 25.274251 ], [ 110.192547, 25.274216 ], [ 110.192563, 25.27418 ], [ 110.192578, 25.274145 ], [ 110.192594, 25.274109 ], [ 110.192611, 25.274074 ], [ 110.192628, 25.274039 ], [ 110.192646, 25.274004 ], [ 110.192663, 25.273969 ], [ 110.192681, 25.273934 ], [ 110.192699, 25.2739 ], [ 110.192718, 25.273865 ], [ 110.192737, 25.273831 ], [ 110.192755, 25.273797 ], [ 110.192775, 25.273763 ], [ 110.192795, 25.273729 ], [ 110.192815, 25.273695 ], [ 110.192835, 25.273661 ], [ 110.192856, 25.273628 ], [ 110.192877, 25.273595 ], [ 110.192898, 25.273562 ], [ 110.19292, 25.273528 ], [ 110.192941, 25.273495 ], [ 110.192964, 25.273463 ], [ 110.192986, 25.273431 ], [ 110.193009, 25.273398 ], [ 110.193031, 25.273366 ], [ 110.193127, 25.273242 ] ] ] } },
{ "type": "Feature", "properties": { }, "geometry": { "type": "Polygon", "coordinates": [ [ [ 110.175207, 25.284573 ], [ 110.175043, 25.284565 ], [ 110.174734, 25.28474 ], [ 110.174425, 25.284915 ], [ 110.174115, 25.28509 ], [ 110.173806, 25.285265 ], [ 110.172289, 25.285922 ], [ 110.172736, 25.285976 ], [ 110.173046, 25.285801 ], [ 110.173355, 25.285626 ], [ 110.173664, 25.285451 ], [ 110.173973, 25.285276 ], [ 110.174283, 25.285101 ], [ 110.174592, 25.284926 ], [ 110.174901, 25.284751 ], [ 110.175207, 25.284573 ] ] ] } },
{ "type": "Feature", "properties": { }, "geometry": { "type": "Polygon", "coordinates": [ [ [ 110.179432, 25.281712 ], [ 110.179442, 25.281629 ], [ 110.17834, 25.281637 ], [ 110.177744, 25.281648 ], [ 110.177148, 25.281659 ], [ 110.176553, 25.281671 ], [ 110.175957, 25.281682 ], [ 110.175958, 25.28221 ], [ 110.175996, 25.282751 ], [ 110.17589, 25.283788 ], [ 110.17613, 25.283794 ], [ 110.176114, 25.28301 ], [ 110.176075, 25.282469 ], [ 110.176098, 25.281812 ], [ 110.176483, 25.281762 ], [ 110.177078, 25.281751 ], [ 110.177674, 25.28174 ], [ 110.17827, 25.281729 ], [ 110.179432, 25.281712 ] ] ] } },
{ "type": "Feature", "properties": { }, "geometry": { "type": "Polygon", "coordinates": [ [ [ 110.180204, 25.277234 ], [ 110.179918, 25.277129 ], [ 110.179846, 25.277513 ], [ 110.179851, 25.278346 ], [ 110.179854, 25.278763 ], [ 110.179856, 25.279179 ], [ 110.179859, 25.279596 ], [ 110.179861, 25.280012 ], [ 110.179864, 25.280429 ], [ 110.179854, 25.281125 ], [ 110.180116, 25.281108 ], [ 110.180113, 25.280692 ], [ 110.180111, 25.280275 ], [ 110.180108, 25.279859 ], [ 110.180106, 25.279442 ], [ 110.180104, 25.279026 ], [ 110.180099, 25.278193 ], [ 110.180204, 25.277234 ] ] ] } },
{ "type": "Feature", "properties": { }, "geometry": { "type": "Polygon", "coordinates": [ [ [ 110.175689, 25.278064 ], [ 110.178482, 25.276862 ], [ 110.179381, 25.276891 ], [ 110.179227, 25.276728 ], [ 110.178327, 25.276719 ], [ 110.175519, 25.277951 ], [ 110.175689, 25.278064 ] ] ] } },
{ "type": "Feature", "properties": { }, "geometry": { "type": "Polygon", "coordinates": [ [ [ 110.168016, 25.282135 ], [ 110.167882, 25.282117 ], [ 110.167793, 25.282303 ], [ 110.167533, 25.282865 ], [ 110.167446, 25.283052 ], [ 110.167378, 25.283245 ], [ 110.167339, 25.283445 ], [ 110.167322, 25.283647 ], [ 110.167337, 25.28385 ], [ 110.167411, 25.283858 ], [ 110.167492, 25.283471 ], [ 110.167538, 25.283272 ], [ 110.167604, 25.283078 ], [ 110.167677, 25.282886 ], [ 110.167752, 25.282695 ], [ 110.167839, 25.282508 ], [ 110.167924, 25.28232 ], [ 110.168016, 25.282135 ] ] ] } },
{ "type": "Feature", "properties": { }, "geometry": { "type": "Polygon", "coordinates": [ [ [ 110.168953, 25.280806 ], [ 110.168824, 25.280723 ], [ 110.168599, 25.280926 ], [ 110.168497, 25.281038 ], [ 110.168407, 25.281157 ], [ 110.168322, 25.281279 ], [ 110.168244, 25.281406 ], [ 110.168059, 25.281797 ], [ 110.168172, 25.281883 ], [ 110.168308, 25.281621 ], [ 110.168455, 25.281365 ], [ 110.168536, 25.28124 ], [ 110.168622, 25.281118 ], [ 110.168723, 25.281006 ], [ 110.168836, 25.280904 ], [ 110.168953, 25.280806 ] ] ] } },
{ "type": "Feature", "properties": { }, "geometry": { "type": "Polygon", "coordinates": [ [ [ 110.170616, 25.288056 ], [ 110.171003, 25.287955 ], [ 110.171444, 25.288177 ], [ 110.171522, 25.287956 ], [ 110.171078, 25.287758 ], [ 110.170584, 25.287853 ], [ 110.170418, 25.28818 ], [ 110.170084, 25.289843 ], [ 110.169621, 25.290023 ], [ 110.169161, 25.29021 ], [ 110.16916, 25.290413 ], [ 110.169607, 25.290214 ], [ 110.170069, 25.290028 ], [ 110.170431, 25.289712 ], [ 110.170649, 25.289305 ], [ 110.170508, 25.2884 ], [ 110.170616, 25.288056 ] ] ] } },
{ "type": "Feature", "properties": { }, "geometry": { "type": "Polygon", "coordinates": [ [ [ 110.166818, 25.285687 ], [ 110.1667, 25.285522 ], [ 110.166604, 25.285648 ], [ 110.166836, 25.285998 ], [ 110.16693, 25.286175 ], [ 110.167023, 25.286353 ], [ 110.167115, 25.286531 ], [ 110.167208, 25.286709 ], [ 110.1673, 25.286887 ], [ 110.167392, 25.287064 ], [ 110.167483, 25.287243 ], [ 110.167572, 25.287422 ], [ 110.167662, 25.287601 ], [ 110.167696, 25.287794 ], [ 110.167718, 25.28799 ], [ 110.167751, 25.288183 ], [ 110.167825, 25.288368 ], [ 110.1679, 25.288553 ], [ 110.167964, 25.288741 ], [ 110.168021, 25.28893 ], [ 110.168076, 25.28912 ], [ 110.168094, 25.289316 ], [ 110.168113, 25.289512 ], [ 110.168157, 25.289703 ], [ 110.168233, 25.289887 ], [ 110.16831, 25.290071 ], [ 110.16844, 25.289976 ], [ 110.168315, 25.289538 ], [ 110.168278, 25.289344 ], [ 110.168254, 25.289149 ], [ 110.168237, 25.288953 ], [ 110.16822, 25.288756 ], [ 110.168148, 25.288571 ], [ 110.168075, 25.288386 ], [ 110.168013, 25.288198 ], [ 110.167967, 25.288005 ], [ 110.167922, 25.287813 ], [ 110.16786, 25.287625 ], [ 110.167793, 25.287438 ], [ 110.167719, 25.287254 ], [ 110.167609, 25.287084 ], [ 110.167499, 25.286915 ], [ 110.1674, 25.28674 ], [ 110.16731, 25.286561 ], [ 110.16722, 25.286382 ], [ 110.167128, 25.286204 ], [ 110.167035, 25.286026 ], [ 110.166936, 25.285852 ], [ 110.166818, 25.285687 ] ] ] } },
{ "type": "Feature", "properties": { }, "geometry": { "type": "Polygon", "coordinates": [ [ [ 110.168755, 25.29073 ], [ 110.168289, 25.290673 ], [ 110.168271, 25.291183 ], [ 110.1681, 25.292192 ], [ 110.167849, 25.292641 ], [ 110.167409, 25.29293 ], [ 110.166948, 25.293213 ], [ 110.16646, 25.293467 ], [ 110.166642, 25.293575 ], [ 110.167123, 25.293312 ], [ 110.167599, 25.29304 ], [ 110.168039, 25.292728 ], [ 110.168223, 25.292263 ], [ 110.168334, 25.291762 ], [ 110.168609, 25.291362 ], [ 110.16884, 25.29091 ], [ 110.168755, 25.29073 ] ] ] } },
{ "type": "Feature", "properties": { }, "geometry": { "type": "Polygon", "coordinates": [ [ [ 110.211254, 25.304209 ], [ 110.211517, 25.304133 ], [ 110.21176, 25.304263 ], [ 110.212011, 25.304385 ], [ 110.212056, 25.304619 ], [ 110.212079, 25.304875 ], [ 110.212277, 25.305053 ], [ 110.212542, 25.305144 ], [ 110.212762, 25.305032 ], [ 110.213, 25.304893 ], [ 110.213255, 25.304779 ], [ 110.2135, 25.304648 ], [ 110.213745, 25.304523 ], [ 110.213768, 25.304039 ], [ 110.213943, 25.303835 ], [ 110.214151, 25.303665 ], [ 110.214383, 25.303765 ], [ 110.214955, 25.304329 ], [ 110.215229, 25.304377 ], [ 110.215477, 25.304279 ], [ 110.215641, 25.304067 ], [ 110.215812, 25.303862 ], [ 110.216033, 25.3037 ], [ 110.216294, 25.303601 ], [ 110.216442, 25.303253 ], [ 110.216318, 25.303021 ], [ 110.216328, 25.302774 ], [ 110.216486, 25.30256 ], [ 110.216705, 25.302419 ], [ 110.216989, 25.302417 ], [ 110.217262, 25.30235 ], [ 110.217488, 25.302198 ], [ 110.217672, 25.302002 ], [ 110.217891, 25.301847 ], [ 110.218139, 25.301741 ], [ 110.218376, 25.30166 ], [ 110.218658, 25.301644 ], [ 110.218929, 25.301569 ], [ 110.219189, 25.301464 ], [ 110.219441, 25.301345 ], [ 110.219689, 25.301218 ], [ 110.219939, 25.301097 ], [ 110.220033, 25.301057 ], [ 110.220269, 25.300927 ], [ 110.220539, 25.300852 ], [ 110.220808, 25.300768 ], [ 110.221074, 25.300694 ], [ 110.221261, 25.300889 ], [ 110.221447, 25.301084 ], [ 110.221616, 25.301291 ], [ 110.221851, 25.301421 ], [ 110.222088, 25.301564 ], [ 110.222302, 25.301728 ], [ 110.222526, 25.301887 ], [ 110.222719, 25.301912 ], [ 110.222927, 25.301952 ], [ 110.223144, 25.302118 ], [ 110.223313, 25.302325 ], [ 110.223476, 25.302537 ], [ 110.223622, 25.302758 ], [ 110.22376, 25.302985 ], [ 110.223884, 25.303217 ], [ 110.223854, 25.30359 ], [ 110.224016, 25.303803 ], [ 110.224163, 25.304023 ], [ 110.224343, 25.304223 ], [ 110.224568, 25.304375 ], [ 110.224827, 25.30448 ], [ 110.225094, 25.304569 ], [ 110.225356, 25.304668 ], [ 110.225615, 25.304776 ], [ 110.225875, 25.304879 ], [ 110.226149, 25.304845 ], [ 110.226414, 25.304751 ], [ 110.226655, 25.304619 ], [ 110.226844, 25.304426 ], [ 110.227012, 25.304218 ], [ 110.227164, 25.303999 ], [ 110.227287, 25.303767 ], [ 110.227692, 25.303488 ], [ 110.22794, 25.303559 ], [ 110.227993, 25.303811 ], [ 110.227994, 25.304069 ], [ 110.227989, 25.304327 ], [ 110.228051, 25.304577 ], [ 110.228241, 25.304767 ], [ 110.228427, 25.304958 ], [ 110.228696, 25.305041 ], [ 110.228966, 25.305103 ], [ 110.229247, 25.305062 ], [ 110.229265, 25.304859 ], [ 110.228982, 25.304864 ], [ 110.228713, 25.304786 ], [ 110.228488, 25.304629 ], [ 110.228338, 25.304414 ], [ 110.228277, 25.304162 ], [ 110.228222, 25.303908 ], [ 110.228163, 25.303656 ], [ 110.228044, 25.303422 ], [ 110.227874, 25.303215 ], [ 110.227731, 25.302994 ], [ 110.227762, 25.302743 ], [ 110.227916, 25.302526 ], [ 110.228087, 25.30232 ], [ 110.228261, 25.302116 ], [ 110.228431, 25.301909 ], [ 110.228587, 25.301693 ], [ 110.228427, 25.301624 ], [ 110.228237, 25.301816 ], [ 110.228055, 25.302015 ], [ 110.227875, 25.302215 ], [ 110.227695, 25.302415 ], [ 110.227513, 25.302614 ], [ 110.227329, 25.30281 ], [ 110.227144, 25.303006 ], [ 110.226997, 25.303227 ], [ 110.226852, 25.30345 ], [ 110.226713, 25.303675 ], [ 110.226575, 25.303901 ], [ 110.226419, 25.304117 ], [ 110.226226, 25.304299 ], [ 110.225955, 25.304349 ], [ 110.22573, 25.304232 ], [ 110.225528, 25.304051 ], [ 110.225343, 25.303855 ], [ 110.225134, 25.30368 ], [ 110.224929, 25.303501 ], [ 110.224735, 25.303312 ], [ 110.224547, 25.303118 ], [ 110.22439, 25.302903 ], [ 110.224263, 25.302673 ], [ 110.224147, 25.302437 ], [ 110.224029, 25.302202 ], [ 110.223905, 25.301969 ], [ 110.223776, 25.30174 ], [ 110.223582, 25.301552 ], [ 110.223363, 25.301387 ], [ 110.223145, 25.301221 ], [ 110.222923, 25.30106 ], [ 110.222706, 25.300893 ], [ 110.222486, 25.300729 ], [ 110.222236, 25.300629 ], [ 110.221972, 25.300532 ], [ 110.221707, 25.300439 ], [ 110.221441, 25.300348 ], [ 110.221175, 25.300257 ], [ 110.220899, 25.300205 ], [ 110.220617, 25.300233 ], [ 110.220338, 25.300283 ], [ 110.220072, 25.300359 ], [ 110.219817, 25.300472 ], [ 110.219563, 25.300589 ], [ 110.219313, 25.30071 ], [ 110.219053, 25.300815 ], [ 110.218793, 25.300921 ], [ 110.218528, 25.301013 ], [ 110.218254, 25.301077 ], [ 110.217972, 25.301051 ], [ 110.217715, 25.300943 ], [ 110.217518, 25.300759 ], [ 110.217391, 25.300588 ], [ 110.217526, 25.300361 ], [ 110.217587, 25.30011 ], [ 110.217645, 25.299857 ], [ 110.217784, 25.29964 ], [ 110.218001, 25.299476 ], [ 110.218179, 25.29928 ], [ 110.218305, 25.29905 ], [ 110.218442, 25.298832 ], [ 110.218157, 25.298482 ], [ 110.218077, 25.298717 ], [ 110.218006, 25.298968 ], [ 110.217857, 25.299184 ], [ 110.217661, 25.299371 ], [ 110.217484, 25.299572 ], [ 110.217345, 25.299796 ], [ 110.217237, 25.300035 ], [ 110.217148, 25.300281 ], [ 110.216997, 25.300494 ], [ 110.216217, 25.300268 ], [ 110.216273, 25.299982 ], [ 110.216524, 25.29986 ], [ 110.216714, 25.299672 ], [ 110.216905, 25.299481 ], [ 110.217073, 25.299274 ], [ 110.217224, 25.299055 ], [ 110.217371, 25.298834 ], [ 110.217548, 25.298633 ], [ 110.217787, 25.298496 ], [ 110.21798, 25.298334 ], [ 110.217764, 25.298167 ], [ 110.217536, 25.298189 ], [ 110.217293, 25.29832 ], [ 110.2171, 25.298508 ], [ 110.216981, 25.298741 ], [ 110.216845, 25.298968 ], [ 110.216687, 25.299183 ], [ 110.216482, 25.299362 ], [ 110.216267, 25.299531 ], [ 110.216024, 25.299665 ], [ 110.215906, 25.29986 ], [ 110.215653, 25.300041 ], [ 110.215417, 25.299913 ], [ 110.21517, 25.299802 ], [ 110.214886, 25.2998 ], [ 110.214602, 25.299798 ], [ 110.21432, 25.299761 ], [ 110.21404, 25.299718 ], [ 110.213759, 25.299684 ], [ 110.213475, 25.299677 ], [ 110.213191, 25.299685 ], [ 110.212909, 25.299719 ], [ 110.212641, 25.299753 ], [ 110.212367, 25.299822 ], [ 110.212089, 25.299877 ], [ 110.211812, 25.299935 ], [ 110.211534, 25.299969 ], [ 110.211253, 25.299929 ], [ 110.210974, 25.299883 ], [ 110.210695, 25.299833 ], [ 110.210419, 25.299771 ], [ 110.210161, 25.299664 ], [ 110.20992, 25.299527 ], [ 110.209745, 25.299327 ], [ 110.209612, 25.299098 ], [ 110.209483, 25.298868 ], [ 110.209373, 25.29863 ], [ 110.209283, 25.298385 ], [ 110.209225, 25.298134 ], [ 110.209117, 25.297895 ], [ 110.208976, 25.297671 ], [ 110.208839, 25.297449 ], [ 110.208666, 25.297261 ], [ 110.208422, 25.297139 ], [ 110.208199, 25.297073 ], [ 110.207924, 25.297042 ], [ 110.207675, 25.296925 ], [ 110.207445, 25.296775 ], [ 110.20722, 25.296617 ], [ 110.207012, 25.296442 ], [ 110.206802, 25.296268 ], [ 110.206607, 25.29608 ], [ 110.206389, 25.295914 ], [ 110.206232, 25.295701 ], [ 110.206032, 25.295526 ], [ 110.205755, 25.29551 ], [ 110.205478, 25.295555 ], [ 110.205239, 25.295507 ], [ 110.204975, 25.29541 ], [ 110.204712, 25.295313 ], [ 110.204453, 25.295207 ], [ 110.204205, 25.295081 ], [ 110.203956, 25.294957 ], [ 110.203697, 25.294853 ], [ 110.203415, 25.294825 ], [ 110.203133, 25.294853 ], [ 110.202851, 25.294881 ], [ 110.202567, 25.294886 ], [ 110.202283, 25.294903 ], [ 110.202, 25.294919 ], [ 110.201718, 25.294903 ], [ 110.201096, 25.295112 ], [ 110.200832, 25.295038 ], [ 110.200603, 25.294894 ], [ 110.200359, 25.294771 ], [ 110.200139, 25.294608 ], [ 110.199918, 25.294446 ], [ 110.199694, 25.294287 ], [ 110.199497, 25.29413 ], [ 110.199292, 25.293952 ], [ 110.199202, 25.293711 ], [ 110.199144, 25.293466 ], [ 110.198905, 25.293332 ], [ 110.198663, 25.293202 ], [ 110.198485, 25.293001 ], [ 110.198235, 25.292884 ], [ 110.197964, 25.29291 ], [ 110.197689, 25.292961 ], [ 110.197414, 25.292908 ], [ 110.197155, 25.292803 ], [ 110.196916, 25.292664 ], [ 110.196679, 25.292524 ], [ 110.196473, 25.292574 ], [ 110.196316, 25.292785 ], [ 110.196552, 25.292928 ], [ 110.19681, 25.293037 ], [ 110.197064, 25.293154 ], [ 110.197305, 25.293289 ], [ 110.197562, 25.293387 ], [ 110.197846, 25.293367 ], [ 110.19813, 25.293358 ], [ 110.198412, 25.293358 ], [ 110.198675, 25.293453 ], [ 110.198931, 25.293564 ], [ 110.199041, 25.293787 ], [ 110.199069, 25.294044 ], [ 110.199169, 25.294284 ], [ 110.199322, 25.2945 ], [ 110.199526, 25.29468 ], [ 110.199716, 25.294871 ], [ 110.199852, 25.295097 ], [ 110.200194, 25.295436 ], [ 110.200466, 25.295512 ], [ 110.200735, 25.295595 ], [ 110.201011, 25.295652 ], [ 110.201265, 25.295604 ], [ 110.201547, 25.295573 ], [ 110.201812, 25.295489 ], [ 110.202076, 25.295406 ], [ 110.202358, 25.295377 ], [ 110.202641, 25.295359 ], [ 110.202923, 25.29533 ], [ 110.203206, 25.295309 ], [ 110.203472, 25.295315 ], [ 110.203745, 25.295388 ], [ 110.204007, 25.295487 ], [ 110.204259, 25.295606 ], [ 110.204508, 25.295731 ], [ 110.204747, 25.29587 ], [ 110.204959, 25.296041 ], [ 110.205221, 25.296132 ], [ 110.205324, 25.296372 ], [ 110.205552, 25.296484 ], [ 110.205833, 25.296464 ], [ 110.20611, 25.296413 ], [ 110.206373, 25.296503 ], [ 110.206599, 25.296658 ], [ 110.206798, 25.296843 ], [ 110.206996, 25.297028 ], [ 110.207209, 25.297199 ], [ 110.207433, 25.297358 ], [ 110.207601, 25.297559 ], [ 110.207743, 25.29778 ], [ 110.20797, 25.297933 ], [ 110.208211, 25.298068 ], [ 110.208398, 25.298262 ], [ 110.208579, 25.298461 ], [ 110.208755, 25.298664 ], [ 110.208918, 25.298876 ], [ 110.209056, 25.299102 ], [ 110.209165, 25.299339 ], [ 110.209161, 25.299587 ], [ 110.209399, 25.300028 ], [ 110.209573, 25.300227 ], [ 110.209851, 25.300281 ], [ 110.210134, 25.300304 ], [ 110.210413, 25.300354 ], [ 110.210693, 25.300394 ], [ 110.210974, 25.300436 ], [ 110.211255, 25.300474 ], [ 110.211537, 25.30051 ], [ 110.211818, 25.300509 ], [ 110.212097, 25.30046 ], [ 110.212377, 25.300417 ], [ 110.212579, 25.300338 ], [ 110.212757, 25.300223 ], [ 110.213034, 25.300167 ], [ 110.213315, 25.300131 ], [ 110.213598, 25.300115 ], [ 110.213881, 25.300139 ], [ 110.214149, 25.300224 ], [ 110.214429, 25.300264 ], [ 110.214658, 25.300399 ], [ 110.214773, 25.300635 ], [ 110.214907, 25.30086 ], [ 110.215121, 25.301029 ], [ 110.215137, 25.301255 ], [ 110.214861, 25.301299 ], [ 110.214577, 25.301286 ], [ 110.214293, 25.301291 ], [ 110.21401, 25.301278 ], [ 110.213761, 25.301398 ], [ 110.213608, 25.30161 ], [ 110.213428, 25.301801 ], [ 110.213163, 25.301884 ], [ 110.212883, 25.301925 ], [ 110.212654, 25.302071 ], [ 110.212481, 25.302268 ], [ 110.212221, 25.302196 ], [ 110.211958, 25.302153 ], [ 110.211771, 25.302345 ], [ 110.211677, 25.302588 ], [ 110.211618, 25.302841 ], [ 110.211628, 25.303074 ], [ 110.211546, 25.30332 ], [ 110.211452, 25.303564 ], [ 110.211359, 25.303808 ], [ 110.211167, 25.303973 ], [ 110.210912, 25.304087 ], [ 110.210668, 25.304215 ], [ 110.210463, 25.304394 ], [ 110.210277, 25.304589 ], [ 110.210136, 25.304812 ], [ 110.210034, 25.305053 ], [ 110.209943, 25.305298 ], [ 110.209862, 25.305546 ], [ 110.209813, 25.305799 ], [ 110.209812, 25.306057 ], [ 110.209851, 25.306312 ], [ 110.209892, 25.306568 ], [ 110.209882, 25.306825 ], [ 110.209729, 25.307029 ], [ 110.209482, 25.307156 ], [ 110.209212, 25.307235 ], [ 110.208955, 25.307346 ], [ 110.208689, 25.307437 ], [ 110.208412, 25.307496 ], [ 110.20813, 25.307522 ], [ 110.207721, 25.307645 ], [ 110.208037, 25.30789 ], [ 110.208495, 25.307791 ], [ 110.208772, 25.307732 ], [ 110.209043, 25.307654 ], [ 110.209309, 25.307563 ], [ 110.209566, 25.307457 ], [ 110.209814, 25.307333 ], [ 110.210038, 25.307179 ], [ 110.210169, 25.30695 ], [ 110.210218, 25.306698 ], [ 110.210212, 25.30644 ], [ 110.210158, 25.306187 ], [ 110.210142, 25.305929 ], [ 110.210189, 25.305675 ], [ 110.210268, 25.305427 ], [ 110.210375, 25.305187 ], [ 110.21049, 25.304952 ], [ 110.210631, 25.304728 ], [ 110.210808, 25.304527 ], [ 110.211019, 25.304353 ], [ 110.211254, 25.304209 ] ], [ [ 110.211915, 25.302341 ], [ 110.212091, 25.302285 ], [ 110.212269, 25.302368 ], [ 110.212467, 25.302385 ], [ 110.212623, 25.302274 ], [ 110.212743, 25.302128 ], [ 110.212906, 25.302025 ], [ 110.213103, 25.301994 ], [ 110.213304, 25.301986 ], [ 110.213505, 25.301992 ], [ 110.213697, 25.301948 ], [ 110.213816, 25.301805 ], [ 110.213907, 25.301642 ], [ 110.214058, 25.301528 ], [ 110.214248, 25.301473 ], [ 110.214448, 25.301455 ], [ 110.214649, 25.301448 ], [ 110.214849, 25.301465 ], [ 110.215048, 25.301464 ], [ 110.215225, 25.301384 ], [ 110.215346, 25.301244 ], [ 110.215326, 25.301066 ], [ 110.215222, 25.300912 ], [ 110.215068, 25.300794 ], [ 110.214927, 25.300666 ], [ 110.214847, 25.300498 ], [ 110.214773, 25.300339 ], [ 110.215152, 25.300309 ], [ 110.215302, 25.30043 ], [ 110.21548, 25.300514 ], [ 110.215658, 25.300599 ], [ 110.215838, 25.300681 ], [ 110.215869, 25.300844 ], [ 110.215971, 25.30098 ], [ 110.216139, 25.301048 ], [ 110.216319, 25.301107 ], [ 110.216494, 25.301196 ], [ 110.216678, 25.301267 ], [ 110.216871, 25.301318 ], [ 110.217063, 25.301373 ], [ 110.217251, 25.301438 ], [ 110.217432, 25.301501 ], [ 110.217623, 25.301556 ], [ 110.21763, 25.301712 ], [ 110.217525, 25.301868 ], [ 110.217403, 25.302013 ], [ 110.216673, 25.302241 ], [ 110.216501, 25.30232 ], [ 110.216346, 25.302435 ], [ 110.216233, 25.302581 ], [ 110.216153, 25.302749 ], [ 110.216046, 25.302903 ], [ 110.215955, 25.303065 ], [ 110.215961, 25.303246 ], [ 110.21579, 25.303699 ], [ 110.215657, 25.303836 ], [ 110.215527, 25.303976 ], [ 110.215416, 25.304127 ], [ 110.21526, 25.304222 ], [ 110.215061, 25.304204 ], [ 110.214891, 25.304111 ], [ 110.214747, 25.303984 ], [ 110.214627, 25.303838 ], [ 110.214505, 25.303692 ], [ 110.214367, 25.30356 ], [ 110.214182, 25.303518 ], [ 110.214007, 25.303607 ], [ 110.213855, 25.303726 ], [ 110.213719, 25.303861 ], [ 110.213598, 25.304006 ], [ 110.213529, 25.304175 ], [ 110.213539, 25.304358 ], [ 110.213436, 25.304496 ], [ 110.213256, 25.304578 ], [ 110.21308, 25.304667 ], [ 110.212904, 25.304756 ], [ 110.212734, 25.304852 ], [ 110.212571, 25.304954 ], [ 110.212252, 25.30479 ], [ 110.212229, 25.304612 ], [ 110.212176, 25.304323 ], [ 110.212036, 25.304069 ], [ 110.212016, 25.303887 ], [ 110.211921, 25.303729 ], [ 110.211802, 25.303582 ], [ 110.211788, 25.303405 ], [ 110.211854, 25.303233 ], [ 110.21186, 25.303053 ], [ 110.211832, 25.302872 ], [ 110.211824, 25.302689 ], [ 110.211836, 25.302507 ], [ 110.211915, 25.302341 ] ] ] } },
{ "type": "Feature", "properties": { }, "geometry": { "type": "Polygon", "coordinates": [ [ [ 110.125542, 25.322632 ], [ 110.125647, 25.322238 ], [ 110.126012, 25.322262 ], [ 110.126328, 25.322561 ], [ 110.126691, 25.32282 ], [ 110.127121, 25.322982 ], [ 110.127541, 25.323153 ], [ 110.12794, 25.323341 ], [ 110.12831, 25.323566 ], [ 110.128699, 25.323395 ], [ 110.129064, 25.323134 ], [ 110.12944, 25.322884 ], [ 110.129782, 25.322596 ], [ 110.130027, 25.322244 ], [ 110.130085, 25.321824 ], [ 110.130142, 25.321404 ], [ 110.130205, 25.320984 ], [ 110.130411, 25.32061 ], [ 110.130793, 25.320416 ], [ 110.131139, 25.320156 ], [ 110.131364, 25.320444 ], [ 110.131362, 25.320868 ], [ 110.131395, 25.321291 ], [ 110.131527, 25.321693 ], [ 110.131781, 25.322044 ], [ 110.132171, 25.322272 ], [ 110.132593, 25.322451 ], [ 110.133045, 25.322549 ], [ 110.133511, 25.322542 ], [ 110.133782, 25.322223 ], [ 110.134164, 25.322004 ], [ 110.134489, 25.3217 ], [ 110.134769, 25.321376 ], [ 110.135084, 25.321217 ], [ 110.135255, 25.320825 ], [ 110.135379, 25.320416 ], [ 110.135575, 25.320039 ], [ 110.135999, 25.319969 ], [ 110.136439, 25.320108 ], [ 110.136868, 25.320273 ], [ 110.137299, 25.320434 ], [ 110.137745, 25.320558 ], [ 110.13818, 25.320711 ], [ 110.138505, 25.321012 ], [ 110.138654, 25.321407 ], [ 110.138782, 25.321813 ], [ 110.139606, 25.322118 ], [ 110.139705, 25.3225 ], [ 110.139431, 25.32284 ], [ 110.139002, 25.322985 ], [ 110.138694, 25.323239 ], [ 110.138267, 25.323398 ], [ 110.137979, 25.323722 ], [ 110.137718, 25.324073 ], [ 110.137489, 25.324442 ], [ 110.137323, 25.324835 ], [ 110.137349, 25.325253 ], [ 110.137503, 25.325653 ], [ 110.137643, 25.326056 ], [ 110.137827, 25.326445 ], [ 110.137838, 25.326863 ], [ 110.137864, 25.327277 ], [ 110.137979, 25.327679 ], [ 110.138267, 25.328004 ], [ 110.13872, 25.328078 ], [ 110.139179, 25.328004 ], [ 110.139634, 25.327914 ], [ 110.140098, 25.327881 ], [ 110.140484, 25.327688 ], [ 110.140753, 25.327343 ], [ 110.141094, 25.327065 ], [ 110.141525, 25.326903 ], [ 110.141891, 25.326658 ], [ 110.142197, 25.326344 ], [ 110.142474, 25.326015 ], [ 110.142685, 25.325642 ], [ 110.143008, 25.32535 ], [ 110.143332, 25.325046 ], [ 110.1437, 25.324786 ], [ 110.144131, 25.324664 ], [ 110.144562, 25.324807 ], [ 110.144883, 25.325106 ], [ 110.14498, 25.3255 ], [ 110.145279, 25.325822 ], [ 110.145474, 25.326205 ], [ 110.145667, 25.326591 ], [ 110.1459, 25.326956 ], [ 110.146214, 25.327264 ], [ 110.146666, 25.327269 ], [ 110.14706, 25.327052 ], [ 110.147325, 25.326731 ], [ 110.147651, 25.326463 ], [ 110.147972, 25.326172 ], [ 110.14826, 25.325838 ], [ 110.148649, 25.32563 ], [ 110.148885, 25.325264 ], [ 110.14911, 25.324893 ], [ 110.149292, 25.324507 ], [ 110.149243, 25.324086 ], [ 110.149092, 25.323687 ], [ 110.149, 25.323279 ], [ 110.148866, 25.322898 ], [ 110.148675, 25.322525 ], [ 110.148668, 25.322103 ], [ 110.148806, 25.321712 ], [ 110.149083, 25.321377 ], [ 110.149353, 25.321033 ], [ 110.149796, 25.320948 ], [ 110.150193, 25.320741 ], [ 110.150639, 25.320702 ], [ 110.151092, 25.320804 ], [ 110.151538, 25.320928 ], [ 110.151964, 25.321098 ], [ 110.152415, 25.321199 ], [ 110.152876, 25.321258 ], [ 110.153333, 25.321341 ], [ 110.153786, 25.321417 ], [ 110.153961, 25.321027 ], [ 110.15403, 25.320611 ], [ 110.153953, 25.320195 ], [ 110.153732, 25.319841 ], [ 110.153426, 25.319524 ], [ 110.153109, 25.319216 ], [ 110.152681, 25.319055 ], [ 110.152218, 25.319052 ], [ 110.151932, 25.318802 ], [ 110.151864, 25.318383 ], [ 110.151873, 25.31796 ], [ 110.152, 25.317558 ], [ 110.15237, 25.317592 ], [ 110.15266, 25.317923 ], [ 110.153019, 25.318192 ], [ 110.15347, 25.318291 ], [ 110.153935, 25.318312 ], [ 110.15439, 25.318393 ], [ 110.154822, 25.318543 ], [ 110.155227, 25.318754 ], [ 110.155605, 25.319002 ], [ 110.155922, 25.319305 ], [ 110.156278, 25.319579 ], [ 110.156688, 25.319775 ], [ 110.157138, 25.319779 ], [ 110.157426, 25.319447 ], [ 110.157694, 25.3191 ], [ 110.157943, 25.318766 ], [ 110.157925, 25.318347 ], [ 110.157594, 25.31806 ], [ 110.157486, 25.317656 ], [ 110.157139, 25.317518 ], [ 110.156837, 25.3172 ], [ 110.156467, 25.316953 ], [ 110.15605, 25.316773 ], [ 110.155626, 25.316686 ], [ 110.155332, 25.316357 ], [ 110.155003, 25.316058 ], [ 110.154732, 25.315713 ], [ 110.154559, 25.31532 ], [ 110.154407, 25.314919 ], [ 110.154297, 25.314509 ], [ 110.154351, 25.314091 ], [ 110.154216, 25.313729 ], [ 110.153973, 25.31337 ], [ 110.153723, 25.313014 ], [ 110.153582, 25.312618 ], [ 110.153702, 25.312211 ], [ 110.154037, 25.311921 ], [ 110.154399, 25.311653 ], [ 110.154789, 25.311422 ], [ 110.155189, 25.311206 ], [ 110.155629, 25.311084 ], [ 110.156015, 25.310908 ], [ 110.156419, 25.310695 ], [ 110.156831, 25.310496 ], [ 110.15727, 25.310359 ], [ 110.15769, 25.310509 ], [ 110.158088, 25.310727 ], [ 110.158432, 25.311013 ], [ 110.158766, 25.311308 ], [ 110.159177, 25.311497 ], [ 110.159624, 25.311615 ], [ 110.160084, 25.311687 ], [ 110.160533, 25.311792 ], [ 110.160944, 25.311993 ], [ 110.161274, 25.312289 ], [ 110.161582, 25.31256 ], [ 110.16184, 25.312829 ], [ 110.162252, 25.313018 ], [ 110.162612, 25.313284 ], [ 110.162934, 25.313591 ], [ 110.163256, 25.313898 ], [ 110.163564, 25.314216 ], [ 110.163966, 25.31442 ], [ 110.164371, 25.314626 ], [ 110.164757, 25.314865 ], [ 110.165112, 25.315034 ], [ 110.166059, 25.314753 ], [ 110.166494, 25.314719 ], [ 110.166921, 25.314624 ], [ 110.166933, 25.314328 ], [ 110.166543, 25.314124 ], [ 110.166398, 25.313725 ], [ 110.166279, 25.313318 ], [ 110.166075, 25.312944 ], [ 110.166129, 25.312529 ], [ 110.166065, 25.31211 ], [ 110.165955, 25.311698 ], [ 110.165885, 25.311279 ], [ 110.165918, 25.310861 ], [ 110.166105, 25.310477 ], [ 110.166493, 25.310264 ], [ 110.166858, 25.310117 ], [ 110.166904, 25.3097 ], [ 110.16698, 25.309293 ], [ 110.1668, 25.30891 ], [ 110.166889, 25.308523 ], [ 110.167647, 25.308359 ], [ 110.168113, 25.308353 ], [ 110.168574, 25.308289 ], [ 110.16899, 25.308103 ], [ 110.169398, 25.307903 ], [ 110.1698, 25.307688 ], [ 110.170168, 25.307428 ], [ 110.170501, 25.307131 ], [ 110.170823, 25.306824 ], [ 110.171141, 25.306514 ], [ 110.171471, 25.306217 ], [ 110.17172, 25.30586 ], [ 110.171922, 25.305478 ], [ 110.172055, 25.305076 ], [ 110.172127, 25.30466 ], [ 110.172231, 25.304251 ], [ 110.172282, 25.30383 ], [ 110.172309, 25.303407 ], [ 110.172306, 25.302983 ], [ 110.172289, 25.302559 ], [ 110.172331, 25.302139 ], [ 110.172365, 25.301732 ], [ 110.172256, 25.301321 ], [ 110.172271, 25.300899 ], [ 110.172366, 25.300485 ], [ 110.172569, 25.300106 ], [ 110.172806, 25.299741 ], [ 110.173026, 25.299367 ], [ 110.173238, 25.298989 ], [ 110.173376, 25.298585 ], [ 110.173476, 25.298172 ], [ 110.173744, 25.29783 ], [ 110.174151, 25.297637 ], [ 110.174607, 25.297551 ], [ 110.175065, 25.297469 ], [ 110.175486, 25.297296 ], [ 110.17587, 25.297055 ], [ 110.176288, 25.29687 ], [ 110.176641, 25.296595 ], [ 110.177025, 25.296356 ], [ 110.177403, 25.296108 ], [ 110.177781, 25.295861 ], [ 110.178183, 25.295647 ], [ 110.178529, 25.295367 ], [ 110.178846, 25.295069 ], [ 110.179169, 25.294763 ], [ 110.17948, 25.294447 ], [ 110.179724, 25.294087 ], [ 110.17993, 25.293707 ], [ 110.180178, 25.29335 ], [ 110.180602, 25.293224 ], [ 110.181063, 25.293165 ], [ 110.181524, 25.293213 ], [ 110.181985, 25.293278 ], [ 110.182448, 25.293324 ], [ 110.182912, 25.29337 ], [ 110.183353, 25.293497 ], [ 110.183746, 25.29372 ], [ 110.18408, 25.294016 ], [ 110.184393, 25.294306 ], [ 110.1847, 25.294625 ], [ 110.184948, 25.294983 ], [ 110.18523, 25.295319 ], [ 110.185546, 25.295631 ], [ 110.185784, 25.295992 ], [ 110.185728, 25.296404 ], [ 110.185685, 25.296824 ], [ 110.185577, 25.297234 ], [ 110.18572, 25.297563 ], [ 110.186028, 25.29784 ], [ 110.186329, 25.298162 ], [ 110.186715, 25.298399 ], [ 110.187111, 25.298622 ], [ 110.187508, 25.29884 ], [ 110.187959, 25.298927 ], [ 110.188423, 25.298894 ], [ 110.188663, 25.298558 ], [ 110.188711, 25.298142 ], [ 110.188694, 25.297731 ], [ 110.188546, 25.297359 ], [ 110.18855, 25.296935 ], [ 110.188547, 25.296511 ], [ 110.188542, 25.296087 ], [ 110.188509, 25.295664 ], [ 110.18853, 25.295247 ], [ 110.188897, 25.295025 ], [ 110.189332, 25.295142 ], [ 110.189794, 25.295098 ], [ 110.190231, 25.294951 ], [ 110.190658, 25.29478 ], [ 110.191068, 25.294578 ], [ 110.191448, 25.294333 ], [ 110.191799, 25.294057 ], [ 110.19214, 25.293768 ], [ 110.192491, 25.293493 ], [ 110.192809, 25.293186 ], [ 110.193131, 25.292878 ], [ 110.193441, 25.292563 ], [ 110.193761, 25.292287 ], [ 110.19417, 25.292275 ], [ 110.194619, 25.292383 ], [ 110.19507, 25.292387 ], [ 110.195493, 25.292519 ], [ 110.195931, 25.292584 ], [ 110.196304, 25.292669 ], [ 110.196383, 25.292359 ], [ 110.195992, 25.292131 ], [ 110.194658, 25.291415 ], [ 110.194373, 25.291176 ], [ 110.193828, 25.290951 ], [ 110.193378, 25.290932 ], [ 110.193295, 25.291336 ], [ 110.193558, 25.291454 ], [ 110.193636, 25.291085 ], [ 110.193956, 25.291344 ], [ 110.193863, 25.291703 ], [ 110.193543, 25.291943 ], [ 110.19317, 25.291729 ], [ 110.193062, 25.292125 ], [ 110.192779, 25.292456 ], [ 110.192482, 25.292783 ], [ 110.192138, 25.293069 ], [ 110.191793, 25.293355 ], [ 110.191439, 25.293631 ], [ 110.191082, 25.293903 ], [ 110.190707, 25.294155 ], [ 110.190312, 25.294377 ], [ 110.189881, 25.29454 ], [ 110.189439, 25.294673 ], [ 110.188998, 25.294638 ], [ 110.188593, 25.294559 ], [ 110.188275, 25.294866 ], [ 110.188126, 25.295267 ], [ 110.188083, 25.295688 ], [ 110.188096, 25.296112 ], [ 110.188109, 25.296536 ], [ 110.188124, 25.29696 ], [ 110.188163, 25.297381 ], [ 110.188237, 25.2978 ], [ 110.188305, 25.29822 ], [ 110.188097, 25.298548 ], [ 110.187646, 25.298503 ], [ 110.187224, 25.298327 ], [ 110.186841, 25.298087 ], [ 110.186495, 25.297804 ], [ 110.186283, 25.297434 ], [ 110.186025, 25.297087 ], [ 110.186043, 25.296679 ], [ 110.186265, 25.296085 ], [ 110.186225, 25.295689 ], [ 110.185989, 25.295337 ], [ 110.185788, 25.294962 ], [ 110.185423, 25.294745 ], [ 110.185175, 25.294389 ], [ 110.184796, 25.294201 ], [ 110.18445, 25.293919 ], [ 110.184119, 25.29362 ], [ 110.183784, 25.293325 ], [ 110.183384, 25.293112 ], [ 110.182927, 25.293032 ], [ 110.182465, 25.292973 ], [ 110.182007, 25.292967 ], [ 110.181562, 25.292912 ], [ 110.181102, 25.292859 ], [ 110.180645, 25.292931 ], [ 110.180189, 25.292912 ], [ 110.179828, 25.293163 ], [ 110.179466, 25.293428 ], [ 110.179287, 25.293791 ], [ 110.179154, 25.294193 ], [ 110.178865, 25.29451 ], [ 110.178533, 25.294763 ], [ 110.178341, 25.295119 ], [ 110.177957, 25.295355 ], [ 110.177553, 25.295567 ], [ 110.177143, 25.295766 ], [ 110.176549, 25.296047 ], [ 110.17616, 25.296281 ], [ 110.176076, 25.296575 ], [ 110.175755, 25.296837 ], [ 110.17536, 25.297062 ], [ 110.174925, 25.29714 ], [ 110.174522, 25.297355 ], [ 110.174064, 25.297338 ], [ 110.173619, 25.297438 ], [ 110.173247, 25.297686 ], [ 110.173035, 25.298055 ], [ 110.17279, 25.29841 ], [ 110.172744, 25.298815 ], [ 110.17273, 25.299231 ], [ 110.172495, 25.299597 ], [ 110.172269, 25.299968 ], [ 110.172064, 25.300322 ], [ 110.172017, 25.300737 ], [ 110.171902, 25.301147 ], [ 110.171965, 25.301565 ], [ 110.172061, 25.30198 ], [ 110.171849, 25.302762 ], [ 110.171901, 25.303181 ], [ 110.171976, 25.303599 ], [ 110.172051, 25.304018 ], [ 110.171916, 25.30442 ], [ 110.171871, 25.304832 ], [ 110.171812, 25.305249 ], [ 110.171566, 25.305609 ], [ 110.171307, 25.305961 ], [ 110.171027, 25.306301 ], [ 110.170757, 25.306646 ], [ 110.17043, 25.306948 ], [ 110.170104, 25.30725 ], [ 110.169701, 25.30746 ], [ 110.169347, 25.307733 ], [ 110.168953, 25.307943 ], [ 110.168491, 25.307983 ], [ 110.168051, 25.308123 ], [ 110.167596, 25.308177 ], [ 110.167147, 25.308159 ], [ 110.166757, 25.30839 ], [ 110.166366, 25.308614 ], [ 110.166519, 25.308809 ], [ 110.16673, 25.309162 ], [ 110.166726, 25.30958 ], [ 110.166551, 25.309971 ], [ 110.166198, 25.310174 ], [ 110.165846, 25.310406 ], [ 110.165681, 25.310801 ], [ 110.165614, 25.311219 ], [ 110.165607, 25.311643 ], [ 110.165633, 25.312059 ], [ 110.165802, 25.312452 ], [ 110.165804, 25.312862 ], [ 110.16596, 25.313258 ], [ 110.166099, 25.313663 ], [ 110.166242, 25.314067 ], [ 110.165861, 25.314317 ], [ 110.1654, 25.314286 ], [ 110.164993, 25.314484 ], [ 110.16458, 25.314444 ], [ 110.164174, 25.314235 ], [ 110.163787, 25.314001 ], [ 110.163474, 25.313689 ], [ 110.163186, 25.313355 ], [ 110.16289, 25.313028 ], [ 110.162569, 25.31272 ], [ 110.162221, 25.31244 ], [ 110.161847, 25.312186 ], [ 110.161467, 25.311939 ], [ 110.161081, 25.311701 ], [ 110.160665, 25.311514 ], [ 110.160219, 25.311392 ], [ 110.15976, 25.311315 ], [ 110.159309, 25.31121 ], [ 110.158903, 25.311004 ], [ 110.158577, 25.310706 ], [ 110.158275, 25.310393 ], [ 110.157859, 25.3102 ], [ 110.157426, 25.310048 ], [ 110.156972, 25.310077 ], [ 110.156547, 25.31025 ], [ 110.156138, 25.310455 ], [ 110.155725, 25.310649 ], [ 110.155299, 25.310819 ], [ 110.154878, 25.310999 ], [ 110.154502, 25.311242 ], [ 110.154106, 25.311466 ], [ 110.153739, 25.31172 ], [ 110.153433, 25.312028 ], [ 110.153266, 25.312411 ], [ 110.15335, 25.312828 ], [ 110.153534, 25.313214 ], [ 110.153753, 25.313586 ], [ 110.153814, 25.313939 ], [ 110.153946, 25.314319 ], [ 110.154185, 25.314663 ], [ 110.154275, 25.315079 ], [ 110.154437, 25.315476 ], [ 110.154638, 25.315858 ], [ 110.154896, 25.31621 ], [ 110.155216, 25.316518 ], [ 110.155499, 25.316855 ], [ 110.155738, 25.317218 ], [ 110.15601, 25.317562 ], [ 110.156348, 25.317853 ], [ 110.156757, 25.318053 ], [ 110.157169, 25.318246 ], [ 110.157569, 25.318464 ], [ 110.157621, 25.318851 ], [ 110.157352, 25.319195 ], [ 110.157076, 25.319536 ], [ 110.156649, 25.31955 ], [ 110.156252, 25.319334 ], [ 110.155948, 25.319016 ], [ 110.155587, 25.318748 ], [ 110.155218, 25.318489 ], [ 110.154835, 25.318248 ], [ 110.154392, 25.318126 ], [ 110.153927, 25.318145 ], [ 110.153465, 25.3181 ], [ 110.153072, 25.317875 ], [ 110.152731, 25.317586 ], [ 110.15235, 25.317346 ], [ 110.151928, 25.317417 ], [ 110.15176, 25.31781 ], [ 110.151691, 25.318227 ], [ 110.151683, 25.318651 ], [ 110.151703, 25.319074 ], [ 110.151848, 25.319467 ], [ 110.15221, 25.319507 ], [ 110.152585, 25.319354 ], [ 110.152972, 25.319342 ], [ 110.153259, 25.319663 ], [ 110.153567, 25.31997 ], [ 110.15376, 25.320342 ], [ 110.153789, 25.320763 ], [ 110.153684, 25.321166 ], [ 110.153258, 25.321149 ], [ 110.152816, 25.321017 ], [ 110.152379, 25.320888 ], [ 110.151918, 25.320869 ], [ 110.151485, 25.320712 ], [ 110.151033, 25.320624 ], [ 110.150573, 25.320552 ], [ 110.15013, 25.320553 ], [ 110.14974, 25.320712 ], [ 110.149306, 25.320799 ], [ 110.148974, 25.321097 ], [ 110.148759, 25.321461 ], [ 110.14856, 25.321825 ], [ 110.148457, 25.322238 ], [ 110.148497, 25.322652 ], [ 110.148676, 25.323039 ], [ 110.148742, 25.323458 ], [ 110.148851, 25.32387 ], [ 110.148971, 25.324276 ], [ 110.148882, 25.324682 ], [ 110.148522, 25.324943 ], [ 110.148231, 25.325257 ], [ 110.148146, 25.325648 ], [ 110.147858, 25.325981 ], [ 110.147561, 25.326308 ], [ 110.147211, 25.326587 ], [ 110.14691, 25.326909 ], [ 110.146476, 25.327003 ], [ 110.146087, 25.326783 ], [ 110.145894, 25.326401 ], [ 110.14572, 25.326014 ], [ 110.145459, 25.325668 ], [ 110.145161, 25.325343 ], [ 110.144966, 25.324959 ], [ 110.144784, 25.324569 ], [ 110.144471, 25.324282 ], [ 110.144036, 25.324329 ], [ 110.143712, 25.324535 ], [ 110.143311, 25.324735 ], [ 110.14298, 25.325029 ], [ 110.142583, 25.325226 ], [ 110.14221, 25.325446 ], [ 110.141798, 25.325622 ], [ 110.141539, 25.325971 ], [ 110.141049, 25.326693 ], [ 110.140797, 25.327049 ], [ 110.140486, 25.327364 ], [ 110.140095, 25.327582 ], [ 110.139636, 25.327655 ], [ 110.139202, 25.327809 ], [ 110.138747, 25.32788 ], [ 110.138312, 25.32783 ], [ 110.138134, 25.327446 ], [ 110.138146, 25.327033 ], [ 110.138004, 25.326633 ], [ 110.137906, 25.326219 ], [ 110.137826, 25.325802 ], [ 110.137656, 25.325408 ], [ 110.137625, 25.324992 ], [ 110.137698, 25.324581 ], [ 110.137932, 25.324215 ], [ 110.138228, 25.323888 ], [ 110.138548, 25.32358 ], [ 110.138959, 25.323408 ], [ 110.139386, 25.323286 ], [ 110.139607, 25.322918 ], [ 110.139885, 25.322578 ], [ 110.139996, 25.322195 ], [ 110.139297, 25.32121 ], [ 110.13911, 25.320874 ], [ 110.138682, 25.32072 ], [ 110.138278, 25.320518 ], [ 110.13791, 25.32026 ], [ 110.137463, 25.320137 ], [ 110.137012, 25.32003 ], [ 110.136569, 25.319898 ], [ 110.136124, 25.319782 ], [ 110.135679, 25.319683 ], [ 110.135325, 25.319896 ], [ 110.135193, 25.320301 ], [ 110.135049, 25.320702 ], [ 110.134727, 25.320994 ], [ 110.134382, 25.321258 ], [ 110.134097, 25.321593 ], [ 110.133781, 25.321904 ], [ 110.133474, 25.322224 ], [ 110.133052, 25.322339 ], [ 110.13261, 25.322209 ], [ 110.132188, 25.322028 ], [ 110.131801, 25.321797 ], [ 110.13176, 25.321377 ], [ 110.131698, 25.320958 ], [ 110.131658, 25.320536 ], [ 110.131612, 25.320116 ], [ 110.131353, 25.319779 ], [ 110.130962, 25.319969 ], [ 110.130607, 25.32024 ], [ 110.130257, 25.320512 ], [ 110.129992, 25.32085 ], [ 110.129924, 25.321269 ], [ 110.129903, 25.321692 ], [ 110.129831, 25.322103 ], [ 110.129531, 25.322423 ], [ 110.129161, 25.322678 ], [ 110.128765, 25.322901 ], [ 110.128426, 25.323182 ], [ 110.127973, 25.323166 ], [ 110.127585, 25.322933 ], [ 110.127202, 25.322694 ], [ 110.126794, 25.322488 ], [ 110.126386, 25.322283 ], [ 110.126126, 25.32195 ], [ 110.126058, 25.32153 ], [ 110.125922, 25.321131 ], [ 110.125583, 25.321335 ], [ 110.125379, 25.321716 ], [ 110.125268, 25.32212 ], [ 110.125313, 25.322541 ], [ 110.125424, 25.322953 ], [ 110.125534, 25.323365 ], [ 110.125654, 25.323773 ], [ 110.126386, 25.324802 ], [ 110.12675, 25.32505 ], [ 110.127093, 25.325336 ], [ 110.127448, 25.325606 ], [ 110.127564, 25.325978 ], [ 110.127422, 25.326382 ], [ 110.127329, 25.326797 ], [ 110.12715, 25.327184 ], [ 110.126823, 25.327486 ], [ 110.126485, 25.327778 ], [ 110.12615, 25.328073 ], [ 110.125823, 25.328369 ], [ 110.125631, 25.328749 ], [ 110.125942, 25.328791 ], [ 110.126181, 25.328429 ], [ 110.126472, 25.328097 ], [ 110.126783, 25.327782 ], [ 110.127119, 25.327488 ], [ 110.127384, 25.327142 ], [ 110.127545, 25.326745 ], [ 110.127635, 25.326329 ], [ 110.12775, 25.32592 ], [ 110.127788, 25.325537 ], [ 110.127454, 25.325244 ], [ 110.12714, 25.324937 ], [ 110.12669, 25.324881 ], [ 110.125754, 25.323456 ], [ 110.125639, 25.323046 ], [ 110.125542, 25.322632 ] ], [ [ 110.156225, 25.317052 ], [ 110.156368, 25.317048 ], [ 110.156506, 25.317084 ], [ 110.15662, 25.317157 ], [ 110.156714, 25.317244 ], [ 110.156803, 25.317346 ], [ 110.156889, 25.31745 ], [ 110.156983, 25.317547 ], [ 110.157065, 25.317648 ], [ 110.157317, 25.317932 ], [ 110.157389, 25.318045 ], [ 110.157425, 25.318146 ], [ 110.15729, 25.318111 ], [ 110.157156, 25.318063 ], [ 110.157022, 25.318016 ], [ 110.15689, 25.317964 ], [ 110.156755, 25.317918 ], [ 110.156623, 25.317868 ], [ 110.156502, 25.317797 ], [ 110.156386, 25.317721 ], [ 110.156292, 25.317622 ], [ 110.156195, 25.317525 ], [ 110.156095, 25.317431 ], [ 110.155996, 25.317336 ], [ 110.155901, 25.317238 ], [ 110.155837, 25.317123 ], [ 110.15594, 25.317055 ], [ 110.156081, 25.317056 ], [ 110.156225, 25.317052 ] ], [ [ 110.173305, 25.29777 ], [ 110.173403, 25.297765 ], [ 110.17345, 25.297837 ], [ 110.173425, 25.297931 ], [ 110.173396, 25.298023 ], [ 110.173364, 25.298115 ], [ 110.173332, 25.298207 ], [ 110.1733, 25.298298 ], [ 110.173267, 25.29839 ], [ 110.173228, 25.298479 ], [ 110.173185, 25.298567 ], [ 110.173146, 25.298656 ], [ 110.173109, 25.298746 ], [ 110.172962, 25.298973 ], [ 110.172874, 25.298974 ], [ 110.172842, 25.298884 ], [ 110.172814, 25.298792 ], [ 110.172793, 25.298698 ], [ 110.172794, 25.298602 ], [ 110.172816, 25.298508 ], [ 110.172847, 25.298416 ], [ 110.172898, 25.298333 ], [ 110.172956, 25.298252 ], [ 110.173193, 25.297934 ], [ 110.17325, 25.297852 ], [ 110.173305, 25.29777 ] ], [ [ 110.185754, 25.295508 ], [ 110.185617, 25.295531 ], [ 110.185549, 25.295473 ], [ 110.185486, 25.295411 ], [ 110.185425, 25.295348 ], [ 110.185364, 25.295284 ], [ 110.185303, 25.295221 ], [ 110.185239, 25.29516 ], [ 110.185175, 25.295098 ], [ 110.185116, 25.295034 ], [ 110.185068, 25.294962 ], [ 110.185019, 25.29489 ], [ 110.184979, 25.294815 ], [ 110.184947, 25.294735 ], [ 110.184943, 25.294656 ], [ 110.185019, 25.294631 ], [ 110.185309, 25.29482 ], [ 110.185341, 25.294899 ], [ 110.185373, 25.294978 ], [ 110.185416, 25.295052 ], [ 110.185471, 25.295119 ], [ 110.185539, 25.295176 ], [ 110.185612, 25.295228 ], [ 110.185686, 25.295279 ], [ 110.185743, 25.295345 ], [ 110.185763, 25.295425 ], [ 110.185754, 25.295508 ] ], [ [ 110.194237, 25.292011 ], [ 110.194149, 25.291855 ], [ 110.194137, 25.291767 ], [ 110.19413, 25.291677 ], [ 110.194144, 25.291589 ], [ 110.19418, 25.291506 ], [ 110.194224, 25.291427 ], [ 110.194315, 25.291413 ], [ 110.194396, 25.291465 ], [ 110.194459, 25.291529 ], [ 110.194619, 25.292013 ], [ 110.194531, 25.292026 ], [ 110.194433, 25.292027 ], [ 110.194334, 25.292027 ], [ 110.194237, 25.292011 ] ] ] } },
{ "type": "Feature", "properties": { }, "geometry": { "type": "Polygon", "coordinates": [ [ [ 110.218917, 25.2556 ], [ 110.219105, 25.255532 ], [ 110.219315, 25.255548 ], [ 110.219521, 25.255585 ], [ 110.21972, 25.255648 ], [ 110.219915, 25.25572 ], [ 110.220114, 25.255783 ], [ 110.220315, 25.255841 ], [ 110.220517, 25.255895 ], [ 110.22072, 25.25594 ], [ 110.220908, 25.256027 ], [ 110.221106, 25.256092 ], [ 110.221307, 25.256149 ], [ 110.221507, 25.256209 ], [ 110.221704, 25.256277 ], [ 110.221862, 25.256402 ], [ 110.222045, 25.256497 ], [ 110.222232, 25.256585 ], [ 110.222418, 25.256675 ], [ 110.222601, 25.256769 ], [ 110.222801, 25.256827 ], [ 110.222993, 25.256902 ], [ 110.223175, 25.256999 ], [ 110.223358, 25.257094 ], [ 110.223541, 25.257189 ], [ 110.223724, 25.257283 ], [ 110.223908, 25.257377 ], [ 110.224093, 25.257469 ], [ 110.224276, 25.257564 ], [ 110.224457, 25.257662 ], [ 110.224653, 25.257767 ], [ 110.224679, 25.257682 ], [ 110.22449, 25.257599 ], [ 110.224302, 25.257511 ], [ 110.224116, 25.257421 ], [ 110.223933, 25.257328 ], [ 110.223749, 25.257233 ], [ 110.223566, 25.257138 ], [ 110.223382, 25.257045 ], [ 110.223199, 25.256951 ], [ 110.223015, 25.256858 ], [ 110.222818, 25.256798 ], [ 110.222621, 25.256738 ], [ 110.222439, 25.256642 ], [ 110.222251, 25.256555 ], [ 110.222065, 25.256466 ], [ 110.221893, 25.256356 ], [ 110.221721, 25.256247 ], [ 110.221525, 25.256179 ], [ 110.221324, 25.256121 ], [ 110.221123, 25.256063 ], [ 110.220926, 25.255997 ], [ 110.220738, 25.255911 ], [ 110.22054, 25.255846 ], [ 110.220339, 25.255788 ], [ 110.220137, 25.255735 ], [ 110.21994, 25.255669 ], [ 110.219744, 25.255598 ], [ 110.219545, 25.255536 ], [ 110.219338, 25.255505 ], [ 110.21913, 25.255476 ], [ 110.21893, 25.255471 ], [ 110.218806, 25.255626 ], [ 110.218681, 25.25578 ], [ 110.218556, 25.255934 ], [ 110.218431, 25.256089 ], [ 110.218306, 25.256243 ], [ 110.218381, 25.256544 ], [ 110.21858, 25.256607 ], [ 110.218777, 25.256674 ], [ 110.218761, 25.256862 ], [ 110.21874, 25.257053 ], [ 110.218719, 25.257243 ], [ 110.218708, 25.257417 ], [ 110.218951, 25.257783 ], [ 110.219129, 25.257885 ], [ 110.219307, 25.257988 ], [ 110.219485, 25.25809 ], [ 110.219609, 25.258154 ], [ 110.219634, 25.258087 ], [ 110.219322, 25.257936 ], [ 110.21914, 25.257841 ], [ 110.218773, 25.257361 ], [ 110.218796, 25.25717 ], [ 110.218822, 25.25698 ], [ 110.218848, 25.25679 ], [ 110.218843, 25.256617 ], [ 110.218645, 25.256553 ], [ 110.218447, 25.256489 ], [ 110.21842, 25.256219 ], [ 110.218547, 25.256066 ], [ 110.21867, 25.25591 ], [ 110.218793, 25.255754 ], [ 110.218917, 25.2556 ] ] ] } },
{ "type": "Feature", "properties": { }, "geometry": { "type": "Polygon", "coordinates": [ [ [ 110.227548, 25.25892 ], [ 110.225625, 25.257867 ], [ 110.225495, 25.257957 ], [ 110.22732, 25.258983 ], [ 110.227548, 25.25892 ] ] ] } },
{ "type": "Feature", "properties": { }, "geometry": { "type": "Polygon", "coordinates": [ [ [ 110.229404, 25.260454 ], [ 110.228837, 25.259844 ], [ 110.228038, 25.259409 ], [ 110.227981, 25.259456 ], [ 110.228741, 25.259852 ], [ 110.228474, 25.260333 ], [ 110.228409, 25.26041 ], [ 110.228534, 25.260426 ], [ 110.228666, 25.260425 ], [ 110.228797, 25.26044 ], [ 110.228929, 25.26045 ], [ 110.229051, 25.260482 ], [ 110.229171, 25.260529 ], [ 110.229302, 25.260536 ], [ 110.229435, 25.260537 ], [ 110.229404, 25.260454 ] ] ] } },
{ "type": "Feature", "properties": { }, "geometry": { "type": "Polygon", "coordinates": [ [ [ 110.273596, 25.254221 ], [ 110.273683, 25.254092 ], [ 110.273824, 25.254188 ], [ 110.273933, 25.254324 ], [ 110.274059, 25.254447 ], [ 110.274188, 25.254568 ], [ 110.274324, 25.254683 ], [ 110.274477, 25.254777 ], [ 110.274595, 25.254907 ], [ 110.274726, 25.255026 ], [ 110.274867, 25.255136 ], [ 110.275008, 25.255246 ], [ 110.27515, 25.255355 ], [ 110.275291, 25.255465 ], [ 110.275431, 25.255576 ], [ 110.275591, 25.255663 ], [ 110.275751, 25.255748 ], [ 110.275921, 25.255815 ], [ 110.276094, 25.255876 ], [ 110.276274, 25.255916 ], [ 110.276459, 25.255912 ], [ 110.276614, 25.255855 ], [ 110.276761, 25.255755 ], [ 110.276869, 25.255631 ], [ 110.276886, 25.255465 ], [ 110.276805, 25.255348 ], [ 110.276622, 25.255326 ], [ 110.276501, 25.255217 ], [ 110.276349, 25.255121 ], [ 110.276265, 25.254979 ], [ 110.276264, 25.25481 ], [ 110.276259, 25.254642 ], [ 110.276208, 25.254481 ], [ 110.276114, 25.254335 ], [ 110.276006, 25.254198 ], [ 110.275896, 25.254062 ], [ 110.275816, 25.25391 ], [ 110.275847, 25.253746 ], [ 110.275947, 25.253605 ], [ 110.276102, 25.253521 ], [ 110.276165, 25.253386 ], [ 110.276318, 25.253292 ], [ 110.276462, 25.253185 ], [ 110.276602, 25.253075 ], [ 110.276738, 25.252959 ], [ 110.276846, 25.252822 ], [ 110.276944, 25.252679 ], [ 110.277014, 25.252522 ], [ 110.277063, 25.25236 ], [ 110.2771, 25.252195 ], [ 110.277169, 25.25204 ], [ 110.277406, 25.251912 ], [ 110.277588, 25.251947 ], [ 110.277747, 25.25203 ], [ 110.277884, 25.252144 ], [ 110.278014, 25.252263 ], [ 110.278164, 25.252335 ], [ 110.278349, 25.252323 ], [ 110.278533, 25.252342 ], [ 110.278716, 25.252369 ], [ 110.278901, 25.252378 ], [ 110.279086, 25.252381 ], [ 110.279262, 25.252338 ], [ 110.279377, 25.252208 ], [ 110.279464, 25.252059 ], [ 110.279549, 25.251908 ], [ 110.279579, 25.251746 ], [ 110.279653, 25.251608 ], [ 110.279839, 25.251606 ], [ 110.280022, 25.251626 ], [ 110.28019, 25.251695 ], [ 110.280323, 25.251811 ], [ 110.2804, 25.251775 ], [ 110.280454, 25.251614 ], [ 110.280375, 25.251505 ], [ 110.280211, 25.251427 ], [ 110.28003, 25.251397 ], [ 110.279844, 25.2514 ], [ 110.279659, 25.251403 ], [ 110.279495, 25.25147 ], [ 110.279404, 25.251614 ], [ 110.279351, 25.251775 ], [ 110.279298, 25.251937 ], [ 110.27924, 25.252098 ], [ 110.279108, 25.252201 ], [ 110.278923, 25.252218 ], [ 110.278738, 25.252231 ], [ 110.278555, 25.252215 ], [ 110.278393, 25.252135 ], [ 110.27821, 25.25212 ], [ 110.278024, 25.252129 ], [ 110.277899, 25.252012 ], [ 110.277782, 25.251887 ], [ 110.277616, 25.251827 ], [ 110.27743, 25.251828 ], [ 110.277247, 25.251816 ], [ 110.277087, 25.251844 ], [ 110.277038, 25.252007 ], [ 110.276992, 25.252171 ], [ 110.276948, 25.252335 ], [ 110.276902, 25.252499 ], [ 110.276827, 25.252652 ], [ 110.276725, 25.252794 ], [ 110.276616, 25.25293 ], [ 110.276481, 25.253046 ], [ 110.276342, 25.253158 ], [ 110.276196, 25.253262 ], [ 110.276048, 25.253364 ], [ 110.275884, 25.253443 ], [ 110.275765, 25.253565 ], [ 110.275757, 25.25373 ], [ 110.275717, 25.253894 ], [ 110.275773, 25.254038 ], [ 110.27581, 25.254118 ], [ 110.275901, 25.254263 ], [ 110.275992, 25.254407 ], [ 110.276077, 25.254557 ], [ 110.276122, 25.254717 ], [ 110.276072, 25.254877 ], [ 110.276079, 25.255046 ], [ 110.27614, 25.255203 ], [ 110.276253, 25.255336 ], [ 110.2764, 25.255438 ], [ 110.276578, 25.25548 ], [ 110.276719, 25.255574 ], [ 110.276612, 25.255696 ], [ 110.276428, 25.255697 ], [ 110.276251, 25.255651 ], [ 110.276065, 25.255643 ], [ 110.275893, 25.255596 ], [ 110.275751, 25.255487 ], [ 110.275608, 25.255379 ], [ 110.275471, 25.255267 ], [ 110.275356, 25.255135 ], [ 110.275228, 25.255012 ], [ 110.275128, 25.254871 ], [ 110.274972, 25.25479 ], [ 110.274834, 25.254677 ], [ 110.274686, 25.254575 ], [ 110.274572, 25.254445 ], [ 110.274428, 25.254339 ], [ 110.274284, 25.254232 ], [ 110.274141, 25.254125 ], [ 110.274014, 25.254002 ], [ 110.273879, 25.253886 ], [ 110.273709, 25.25383 ], [ 110.273555, 25.253821 ], [ 110.273419, 25.253706 ], [ 110.273272, 25.253603 ], [ 110.273115, 25.253515 ], [ 110.272936, 25.25347 ], [ 110.272754, 25.253435 ], [ 110.272572, 25.253402 ], [ 110.272389, 25.253374 ], [ 110.272205, 25.253347 ], [ 110.272022, 25.253319 ], [ 110.271839, 25.25329 ], [ 110.271656, 25.253261 ], [ 110.271474, 25.253228 ], [ 110.271292, 25.253195 ], [ 110.27111, 25.253159 ], [ 110.270929, 25.253122 ], [ 110.270747, 25.25309 ], [ 110.270565, 25.253057 ], [ 110.270385, 25.253015 ], [ 110.270204, 25.252977 ], [ 110.270022, 25.252946 ], [ 110.269836, 25.252937 ], [ 110.269654, 25.252962 ], [ 110.269475, 25.252927 ], [ 110.269295, 25.252885 ], [ 110.269113, 25.252853 ], [ 110.26893, 25.252826 ], [ 110.268746, 25.2528 ], [ 110.268561, 25.252786 ], [ 110.268376, 25.252775 ], [ 110.26819, 25.252765 ], [ 110.268005, 25.252757 ], [ 110.267819, 25.252748 ], [ 110.267634, 25.252739 ], [ 110.267449, 25.25272 ], [ 110.267265, 25.252699 ], [ 110.267081, 25.252676 ], [ 110.266895, 25.252666 ], [ 110.266644, 25.252644 ], [ 110.266481, 25.252662 ], [ 110.266295, 25.252668 ], [ 110.266111, 25.252685 ], [ 110.265941, 25.252642 ], [ 110.265793, 25.252549 ], [ 110.265666, 25.252591 ], [ 110.265957, 25.252776 ], [ 110.266077, 25.252905 ], [ 110.265944, 25.253184 ], [ 110.265903, 25.253349 ], [ 110.265828, 25.253502 ], [ 110.26573, 25.253645 ], [ 110.265559, 25.253703 ], [ 110.26538, 25.253744 ], [ 110.265195, 25.253741 ], [ 110.265017, 25.253694 ], [ 110.26488, 25.253587 ], [ 110.264808, 25.253431 ], [ 110.264684, 25.253318 ], [ 110.264501, 25.253324 ], [ 110.26433, 25.253318 ], [ 110.264186, 25.253318 ], [ 110.264096, 25.253457 ], [ 110.264082, 25.253624 ], [ 110.264109, 25.253791 ], [ 110.264046, 25.253938 ], [ 110.264113, 25.254155 ], [ 110.264115, 25.254323 ], [ 110.263989, 25.25444 ], [ 110.263809, 25.254415 ], [ 110.263706, 25.25428 ], [ 110.263628, 25.254127 ], [ 110.263566, 25.253969 ], [ 110.263562, 25.253801 ], [ 110.263553, 25.253632 ], [ 110.263538, 25.253464 ], [ 110.263521, 25.253296 ], [ 110.263475, 25.253134 ], [ 110.263319, 25.25311 ], [ 110.263157, 25.253028 ], [ 110.262996, 25.252944 ], [ 110.262821, 25.252889 ], [ 110.26264, 25.25287 ], [ 110.262478, 25.252952 ], [ 110.262314, 25.253027 ], [ 110.262133, 25.253065 ], [ 110.261952, 25.253102 ], [ 110.261516, 25.253229 ], [ 110.261331, 25.253232 ], [ 110.261152, 25.253277 ], [ 110.260972, 25.253316 ], [ 110.261038, 25.253449 ], [ 110.261221, 25.25342 ], [ 110.261342, 25.253322 ], [ 110.261521, 25.253351 ], [ 110.261701, 25.253388 ], [ 110.261862, 25.253343 ], [ 110.261959, 25.253203 ], [ 110.262129, 25.253144 ], [ 110.262312, 25.253114 ], [ 110.262487, 25.253074 ], [ 110.26267, 25.253061 ], [ 110.262845, 25.253113 ], [ 110.263011, 25.253188 ], [ 110.263172, 25.253271 ], [ 110.263331, 25.253359 ], [ 110.263437, 25.253477 ], [ 110.263434, 25.253646 ], [ 110.263439, 25.253815 ], [ 110.263461, 25.253982 ], [ 110.263517, 25.254142 ], [ 110.263609, 25.254289 ], [ 110.263701, 25.254435 ], [ 110.26386, 25.254502 ], [ 110.264044, 25.254497 ], [ 110.264161, 25.254376 ], [ 110.264215, 25.254214 ], [ 110.264258, 25.25405 ], [ 110.264269, 25.25392 ], [ 110.264205, 25.253771 ], [ 110.264174, 25.253605 ], [ 110.26421, 25.253443 ], [ 110.264383, 25.253397 ], [ 110.264568, 25.253391 ], [ 110.264716, 25.253474 ], [ 110.264774, 25.253634 ], [ 110.264898, 25.253736 ], [ 110.265027, 25.253827 ], [ 110.265213, 25.253835 ], [ 110.265398, 25.253827 ], [ 110.265568, 25.253771 ], [ 110.265744, 25.25372 ], [ 110.265876, 25.253605 ], [ 110.265959, 25.253455 ], [ 110.265997, 25.25329 ], [ 110.26618, 25.253009 ], [ 110.2662, 25.252843 ], [ 110.266742, 25.252851 ], [ 110.266928, 25.25286 ], [ 110.267091, 25.252937 ], [ 110.267249, 25.253013 ], [ 110.267434, 25.25302 ], [ 110.26762, 25.253026 ], [ 110.267805, 25.253035 ], [ 110.267991, 25.253047 ], [ 110.268174, 25.253045 ], [ 110.268353, 25.253093 ], [ 110.268533, 25.253131 ], [ 110.268718, 25.253147 ], [ 110.268902, 25.253168 ], [ 110.269085, 25.253193 ], [ 110.26927, 25.253197 ], [ 110.269384, 25.253399 ], [ 110.269291, 25.253545 ], [ 110.269274, 25.253712 ], [ 110.269303, 25.253876 ], [ 110.269343, 25.254033 ], [ 110.26939, 25.254194 ], [ 110.269469, 25.254337 ], [ 110.269628, 25.254424 ], [ 110.269788, 25.254511 ], [ 110.269939, 25.254609 ], [ 110.270088, 25.254709 ], [ 110.270246, 25.254797 ], [ 110.270424, 25.254844 ], [ 110.2706, 25.254899 ], [ 110.270755, 25.254988 ], [ 110.270766, 25.255145 ], [ 110.270666, 25.255287 ], [ 110.270644, 25.255448 ], [ 110.270768, 25.255571 ], [ 110.270937, 25.255634 ], [ 110.271122, 25.255648 ], [ 110.271299, 25.255694 ], [ 110.271444, 25.255798 ], [ 110.271582, 25.255912 ], [ 110.271726, 25.256018 ], [ 110.271884, 25.256106 ], [ 110.272061, 25.256138 ], [ 110.272239, 25.256091 ], [ 110.272401, 25.256008 ], [ 110.272507, 25.255878 ], [ 110.27259, 25.255727 ], [ 110.272714, 25.255601 ], [ 110.272852, 25.255491 ], [ 110.27301, 25.255402 ], [ 110.273073, 25.255247 ], [ 110.273108, 25.255082 ], [ 110.273233, 25.254973 ], [ 110.273352, 25.254843 ], [ 110.273457, 25.254704 ], [ 110.27354, 25.254555 ], [ 110.273569, 25.254389 ], [ 110.273596, 25.254221 ] ] ] } },
{ "type": "Feature", "properties": { }, "geometry": { "type": "Polygon", "coordinates": [ [ [ 110.22165, 25.260421 ], [ 110.221372, 25.260358 ], [ 110.22125, 25.260439 ], [ 110.221532, 25.260487 ], [ 110.221811, 25.260547 ], [ 110.222089, 25.260609 ], [ 110.222545, 25.26072 ], [ 110.222628, 25.260611 ], [ 110.222209, 25.260537 ], [ 110.221929, 25.260481 ], [ 110.22165, 25.260421 ] ] ] } },
{ "type": "Feature", "properties": { }, "geometry": { "type": "Polygon", "coordinates": [ [ [ 110.224663, 25.260892 ], [ 110.222748, 25.260626 ], [ 110.22267, 25.260731 ], [ 110.224605, 25.26101 ], [ 110.224663, 25.260892 ] ] ] } },
{ "type": "Feature", "properties": { }, "geometry": { "type": "Polygon", "coordinates": [ [ [ 110.227062, 25.261028 ], [ 110.226844, 25.260987 ], [ 110.226626, 25.260944 ], [ 110.226405, 25.260922 ], [ 110.226184, 25.260945 ], [ 110.225967, 25.26099 ], [ 110.225082, 25.260969 ], [ 110.224861, 25.260946 ], [ 110.224774, 25.261029 ], [ 110.225216, 25.261081 ], [ 110.225437, 25.261106 ], [ 110.225642, 25.261097 ], [ 110.225864, 25.261093 ], [ 110.226084, 25.261061 ], [ 110.226304, 25.261028 ], [ 110.226526, 25.261026 ], [ 110.226746, 25.261059 ], [ 110.226965, 25.261093 ], [ 110.227182, 25.261139 ], [ 110.227399, 25.261184 ], [ 110.227619, 25.261218 ], [ 110.227839, 25.26124 ], [ 110.228056, 25.261286 ], [ 110.228269, 25.261344 ], [ 110.228479, 25.261411 ], [ 110.228689, 25.261479 ], [ 110.228899, 25.261547 ], [ 110.229108, 25.261617 ], [ 110.229317, 25.261688 ], [ 110.229526, 25.261757 ], [ 110.229949, 25.261885 ], [ 110.230046, 25.261817 ], [ 110.229832, 25.26176 ], [ 110.229622, 25.261695 ], [ 110.229414, 25.261623 ], [ 110.229205, 25.261553 ], [ 110.228994, 25.261485 ], [ 110.228786, 25.261415 ], [ 110.228577, 25.261343 ], [ 110.228366, 25.261279 ], [ 110.228154, 25.261218 ], [ 110.227938, 25.261166 ], [ 110.227718, 25.26114 ], [ 110.227498, 25.261111 ], [ 110.22728, 25.26107 ], [ 110.227062, 25.261028 ] ] ] } },
{ "type": "Feature", "properties": { }, "geometry": { "type": "Polygon", "coordinates": [ [ [ 110.23208, 25.261934 ], [ 110.231631, 25.261657 ], [ 110.231446, 25.261666 ], [ 110.231263, 25.261698 ], [ 110.231083, 25.261743 ], [ 110.230901, 25.261779 ], [ 110.230717, 25.261807 ], [ 110.230532, 25.261821 ], [ 110.230345, 25.26182 ], [ 110.230345, 25.26194 ], [ 110.230529, 25.261942 ], [ 110.230715, 25.26193 ], [ 110.231081, 25.26187 ], [ 110.231262, 25.261828 ], [ 110.231444, 25.26179 ], [ 110.231931, 25.261974 ], [ 110.232046, 25.262107 ], [ 110.232165, 25.262237 ], [ 110.232288, 25.262365 ], [ 110.232417, 25.262487 ], [ 110.232557, 25.262599 ], [ 110.232705, 25.262702 ], [ 110.232852, 25.262808 ], [ 110.233007, 25.2629 ], [ 110.233171, 25.262981 ], [ 110.233339, 25.263054 ], [ 110.233514, 25.263114 ], [ 110.233689, 25.263171 ], [ 110.234206, 25.263316 ], [ 110.234222, 25.263186 ], [ 110.233512, 25.262981 ], [ 110.233339, 25.262918 ], [ 110.233173, 25.262841 ], [ 110.233009, 25.262759 ], [ 110.232854, 25.262665 ], [ 110.232712, 25.262556 ], [ 110.232576, 25.26244 ], [ 110.232445, 25.262319 ], [ 110.232319, 25.262194 ], [ 110.232198, 25.262065 ], [ 110.23208, 25.261934 ] ] ] } },
{ "type": "Feature", "properties": { }, "geometry": { "type": "Polygon", "coordinates": [ [ [ 110.237769, 25.264238 ], [ 110.237952, 25.264201 ], [ 110.238135, 25.264161 ], [ 110.238315, 25.264112 ], [ 110.238632, 25.263946 ], [ 110.238541, 25.263919 ], [ 110.238385, 25.264012 ], [ 110.238212, 25.264079 ], [ 110.238033, 25.264131 ], [ 110.237851, 25.264172 ], [ 110.237666, 25.264205 ], [ 110.23748, 25.264227 ], [ 110.237292, 25.264234 ], [ 110.236925, 25.264178 ], [ 110.236747, 25.264124 ], [ 110.236571, 25.264063 ], [ 110.236395, 25.264002 ], [ 110.23622, 25.263941 ], [ 110.236044, 25.263881 ], [ 110.235868, 25.263819 ], [ 110.235695, 25.263754 ], [ 110.235521, 25.263689 ], [ 110.235347, 25.263624 ], [ 110.235173, 25.263559 ], [ 110.234999, 25.263494 ], [ 110.234823, 25.263435 ], [ 110.234352, 25.26318 ], [ 110.234271, 25.263328 ], [ 110.23474, 25.263471 ], [ 110.234915, 25.263533 ], [ 110.23509, 25.263595 ], [ 110.235266, 25.263658 ], [ 110.23544, 25.263722 ], [ 110.235614, 25.263786 ], [ 110.235788, 25.263851 ], [ 110.235962, 25.263915 ], [ 110.236139, 25.263973 ], [ 110.236316, 25.264031 ], [ 110.236493, 25.264089 ], [ 110.23667, 25.264147 ], [ 110.236846, 25.264207 ], [ 110.237024, 25.264262 ], [ 110.237209, 25.264285 ], [ 110.237397, 25.264285 ], [ 110.237584, 25.264272 ], [ 110.237769, 25.264238 ] ] ] } },
{ "type": "Feature", "properties": { }, "geometry": { "type": "Polygon", "coordinates": [ [ [ 110.233368, 25.260832 ], [ 110.233631, 25.260833 ], [ 110.233891, 25.26086 ], [ 110.234152, 25.260831 ], [ 110.234386, 25.260905 ], [ 110.234464, 25.260781 ], [ 110.23423, 25.260675 ], [ 110.234252, 25.260651 ], [ 110.234322, 25.260671 ], [ 110.234352, 25.260681 ], [ 110.23436, 25.260623 ], [ 110.234365, 25.260591 ], [ 110.23438, 25.260566 ], [ 110.234396, 25.260551 ], [ 110.234439, 25.260526 ], [ 110.234579, 25.260487 ], [ 110.234831, 25.260417 ], [ 110.234958, 25.260372 ], [ 110.235073, 25.260324 ], [ 110.235236, 25.260259 ], [ 110.235413, 25.260191 ], [ 110.235509, 25.260157 ], [ 110.235717, 25.260089 ], [ 110.235847, 25.260048 ], [ 110.235991, 25.260003 ], [ 110.236146, 25.259952 ], [ 110.236168, 25.259946 ], [ 110.236301, 25.259914 ], [ 110.236378, 25.259901 ], [ 110.236399, 25.259897 ], [ 110.236415, 25.25989 ], [ 110.236464, 25.259861 ], [ 110.236656, 25.259804 ], [ 110.23694, 25.259716 ], [ 110.237149, 25.25965 ], [ 110.237434, 25.259541 ], [ 110.23757, 25.259496 ], [ 110.23783, 25.259426 ], [ 110.238055, 25.259364 ], [ 110.238261, 25.259306 ], [ 110.238453, 25.259241 ], [ 110.238692, 25.259152 ], [ 110.238854, 25.259096 ], [ 110.239069, 25.259013 ], [ 110.239331, 25.258918 ], [ 110.239468, 25.258872 ], [ 110.23959, 25.258832 ], [ 110.239843, 25.258747 ], [ 110.239976, 25.258698 ], [ 110.240014, 25.25875 ], [ 110.240016, 25.258734 ], [ 110.240037, 25.258712 ], [ 110.240021, 25.258681 ], [ 110.239978, 25.258613 ], [ 110.239911, 25.258634 ], [ 110.239635, 25.258734 ], [ 110.239375, 25.258831 ], [ 110.239341, 25.258851 ], [ 110.239303, 25.258874 ], [ 110.239271, 25.258883 ], [ 110.239233, 25.258888 ], [ 110.239158, 25.2589 ], [ 110.239076, 25.258927 ], [ 110.238971, 25.258955 ], [ 110.238907, 25.258971 ], [ 110.238863, 25.258991 ], [ 110.238799, 25.259033 ], [ 110.238741, 25.259069 ], [ 110.238709, 25.259083 ], [ 110.238655, 25.259087 ], [ 110.238595, 25.259094 ], [ 110.238538, 25.259102 ], [ 110.238514, 25.259115 ], [ 110.238483, 25.259149 ], [ 110.238408, 25.259197 ], [ 110.238313, 25.25923 ], [ 110.238235, 25.259244 ], [ 110.238175, 25.25925 ], [ 110.238152, 25.259254 ], [ 110.238107, 25.259252 ], [ 110.238052, 25.259261 ], [ 110.237617, 25.259408 ], [ 110.237238, 25.259547 ], [ 110.23666, 25.259736 ], [ 110.236152, 25.259899 ], [ 110.235523, 25.260105 ], [ 110.234937, 25.260309 ], [ 110.234568, 25.26043 ], [ 110.234527, 25.26033 ], [ 110.23452, 25.260302 ], [ 110.234518, 25.260303 ], [ 110.234115, 25.260425 ], [ 110.234093, 25.26043 ], [ 110.234094, 25.260438 ], [ 110.234096, 25.260436 ], [ 110.234095, 25.260451 ], [ 110.23392, 25.260518 ], [ 110.233673, 25.2606 ], [ 110.233413, 25.260645 ], [ 110.233153, 25.260686 ], [ 110.23289, 25.260716 ], [ 110.232626, 25.260731 ], [ 110.232362, 25.260742 ], [ 110.232098, 25.260755 ], [ 110.231493, 25.260747 ], [ 110.231231, 25.260719 ], [ 110.230976, 25.260654 ], [ 110.230722, 25.260588 ], [ 110.230466, 25.260528 ], [ 110.230209, 25.260473 ], [ 110.229685, 25.260404 ], [ 110.229835, 25.260568 ], [ 110.230098, 25.260601 ], [ 110.230355, 25.260653 ], [ 110.230606, 25.260727 ], [ 110.230855, 25.260805 ], [ 110.231112, 25.260859 ], [ 110.231374, 25.260893 ], [ 110.231849, 25.261023 ], [ 110.232052, 25.260934 ], [ 110.232316, 25.260922 ], [ 110.23258, 25.260904 ], [ 110.232844, 25.260891 ], [ 110.233108, 25.26087 ], [ 110.233368, 25.260832 ] ] ] } },
{ "type": "Feature", "properties": { }, "geometry": { "type": "Polygon", "coordinates": [ [ [ 110.258644, 25.253139 ], [ 110.258614, 25.253088 ], [ 110.258558, 25.253099 ], [ 110.258507, 25.253119 ], [ 110.258459, 25.253148 ], [ 110.258405, 25.253163 ], [ 110.258349, 25.253169 ], [ 110.258292, 25.253175 ], [ 110.258271, 25.253207 ], [ 110.258276, 25.253258 ], [ 110.25828, 25.25331 ], [ 110.25831, 25.25333 ], [ 110.258366, 25.253319 ], [ 110.258421, 25.253307 ], [ 110.258477, 25.253296 ], [ 110.258532, 25.253284 ], [ 110.258588, 25.253272 ], [ 110.258621, 25.25324 ], [ 110.258633, 25.25319 ], [ 110.258644, 25.253139 ] ] ] } },
{ "type": "Feature", "properties": { }, "geometry": { "type": "Polygon", "coordinates": [ [ [ 110.237318, 25.26157 ], [ 110.237612, 25.261447 ], [ 110.237907, 25.261322 ], [ 110.238198, 25.26119 ], [ 110.238399, 25.260963 ], [ 110.238574, 25.260713 ], [ 110.238858, 25.260572 ], [ 110.239118, 25.260394 ], [ 110.239282, 25.260171 ], [ 110.239211, 25.259881 ], [ 110.239311, 25.259641 ], [ 110.239632, 25.25959 ], [ 110.239945, 25.259615 ], [ 110.240174, 25.259436 ], [ 110.240268, 25.259152 ], [ 110.240336, 25.258863 ], [ 110.240463, 25.258619 ], [ 110.240536, 25.258796 ], [ 110.240461, 25.259085 ], [ 110.240402, 25.259377 ], [ 110.240426, 25.259672 ], [ 110.240546, 25.259944 ], [ 110.240568, 25.260209 ], [ 110.240425, 25.260476 ], [ 110.24057, 25.260473 ], [ 110.24072, 25.26021 ], [ 110.240722, 25.259963 ], [ 110.24056, 25.259709 ], [ 110.240525, 25.259417 ], [ 110.240584, 25.259125 ], [ 110.240662, 25.258837 ], [ 110.240611, 25.258564 ], [ 110.240789, 25.258421 ], [ 110.241094, 25.258315 ], [ 110.241404, 25.258222 ], [ 110.24181, 25.258137 ], [ 110.241798, 25.258034 ], [ 110.241489, 25.258129 ], [ 110.241181, 25.258228 ], [ 110.240873, 25.258328 ], [ 110.240566, 25.258427 ], [ 110.240357, 25.258067 ], [ 110.240209, 25.258058 ], [ 110.240358, 25.258307 ], [ 110.240356, 25.25851 ], [ 110.240209, 25.258745 ], [ 110.240164, 25.259039 ], [ 110.240074, 25.259323 ], [ 110.239832, 25.259466 ], [ 110.239513, 25.259444 ], [ 110.239195, 25.259505 ], [ 110.239023, 25.25972 ], [ 110.239059, 25.260015 ], [ 110.239016, 25.260298 ], [ 110.238748, 25.260465 ], [ 110.23848, 25.260632 ], [ 110.238298, 25.260879 ], [ 110.238089, 25.2611 ], [ 110.237793, 25.261224 ], [ 110.237498, 25.261352 ], [ 110.237181, 25.261407 ], [ 110.236854, 25.261399 ], [ 110.236528, 25.2614 ], [ 110.236203, 25.261392 ], [ 110.235908, 25.261265 ], [ 110.235596, 25.261187 ], [ 110.23527, 25.261206 ], [ 110.234953, 25.261196 ], [ 110.234692, 25.26102 ], [ 110.234539, 25.2611 ], [ 110.23478, 25.261294 ], [ 110.235079, 25.261395 ], [ 110.235404, 25.261375 ], [ 110.235729, 25.261391 ], [ 110.236036, 25.261491 ], [ 110.236346, 25.261537 ], [ 110.23667, 25.261521 ], [ 110.236993, 25.261563 ], [ 110.237318, 25.26157 ] ] ] } },
{ "type": "Feature", "properties": { }, "geometry": { "type": "Polygon", "coordinates": [ [ [ 110.247823, 25.25726 ], [ 110.247927, 25.257241 ], [ 110.247981, 25.257255 ], [ 110.248033, 25.257274 ], [ 110.248088, 25.257286 ], [ 110.248144, 25.257289 ], [ 110.2482, 25.257286 ], [ 110.248255, 25.257275 ], [ 110.248309, 25.257259 ], [ 110.248363, 25.257245 ], [ 110.24842, 25.257243 ], [ 110.248476, 25.257242 ], [ 110.248529, 25.257226 ], [ 110.248585, 25.257215 ], [ 110.248567, 25.257163 ], [ 110.24849, 25.25718 ], [ 110.248434, 25.25718 ], [ 110.248382, 25.257197 ], [ 110.248332, 25.257221 ], [ 110.24828, 25.257242 ], [ 110.248064, 25.257231 ], [ 110.248011, 25.257213 ], [ 110.247957, 25.2572 ], [ 110.2479, 25.2572 ], [ 110.247844, 25.257205 ], [ 110.247796, 25.25723 ], [ 110.247756, 25.257266 ], [ 110.247713, 25.2573 ], [ 110.247667, 25.257329 ], [ 110.247617, 25.257354 ], [ 110.247568, 25.257378 ], [ 110.247523, 25.257409 ], [ 110.247483, 25.257445 ], [ 110.247443, 25.257482 ], [ 110.247404, 25.257519 ], [ 110.247364, 25.257556 ], [ 110.247327, 25.257594 ], [ 110.247291, 25.257633 ], [ 110.247264, 25.257678 ], [ 110.247237, 25.257723 ], [ 110.247212, 25.257769 ], [ 110.247187, 25.257816 ], [ 110.247162, 25.257862 ], [ 110.247136, 25.257907 ], [ 110.247106, 25.25795 ], [ 110.247068, 25.257988 ], [ 110.247014, 25.258002 ], [ 110.246958, 25.258008 ], [ 110.246912, 25.25803 ], [ 110.246888, 25.258076 ], [ 110.246893, 25.258124 ], [ 110.246996, 25.258156 ], [ 110.247044, 25.25813 ], [ 110.247093, 25.258116 ], [ 110.247139, 25.2581 ], [ 110.247185, 25.25807 ], [ 110.247229, 25.258038 ], [ 110.247239, 25.257989 ], [ 110.247248, 25.257939 ], [ 110.247267, 25.257891 ], [ 110.247289, 25.257843 ], [ 110.24731, 25.257796 ], [ 110.247336, 25.25775 ], [ 110.247364, 25.257706 ], [ 110.247392, 25.257661 ], [ 110.247421, 25.257617 ], [ 110.247452, 25.257574 ], [ 110.247489, 25.257535 ], [ 110.247532, 25.257502 ], [ 110.247576, 25.25747 ], [ 110.247621, 25.257439 ], [ 110.247665, 25.257407 ], [ 110.247707, 25.257373 ], [ 110.247745, 25.257335 ], [ 110.247784, 25.257298 ], [ 110.247823, 25.25726 ] ] ] } },
{ "type": "Feature", "properties": { }, "geometry": { "type": "Polygon", "coordinates": [ [ [ 110.245565, 25.258457 ], [ 110.245742, 25.258376 ], [ 110.245917, 25.25829 ], [ 110.246092, 25.258219 ], [ 110.246278, 25.25817 ], [ 110.246466, 25.258112 ], [ 110.246659, 25.258081 ], [ 110.246852, 25.258056 ], [ 110.246799, 25.257925 ], [ 110.246621, 25.257847 ], [ 110.246501, 25.257707 ], [ 110.246389, 25.257557 ], [ 110.246237, 25.257451 ], [ 110.246062, 25.257371 ], [ 110.245962, 25.257216 ], [ 110.245943, 25.257038 ], [ 110.245901, 25.25705 ], [ 110.245896, 25.257225 ], [ 110.245958, 25.257392 ], [ 110.246139, 25.257467 ], [ 110.246312, 25.257552 ], [ 110.246428, 25.257699 ], [ 110.246542, 25.257847 ], [ 110.246426, 25.257953 ], [ 110.246239, 25.258001 ], [ 110.246076, 25.258105 ], [ 110.24591, 25.258205 ], [ 110.245731, 25.258283 ], [ 110.24555, 25.258356 ], [ 110.24536, 25.258405 ], [ 110.245183, 25.258337 ], [ 110.245037, 25.258214 ], [ 110.244916, 25.258071 ], [ 110.244773, 25.257952 ], [ 110.244604, 25.257857 ], [ 110.24444, 25.257755 ], [ 110.244264, 25.257675 ], [ 110.244147, 25.25753 ], [ 110.244221, 25.257446 ], [ 110.244419, 25.257429 ], [ 110.244616, 25.25745 ], [ 110.24481, 25.257488 ], [ 110.245004, 25.257521 ], [ 110.245197, 25.257479 ], [ 110.245381, 25.257411 ], [ 110.245461, 25.257252 ], [ 110.24553, 25.257082 ], [ 110.245683, 25.256981 ], [ 110.245865, 25.256908 ], [ 110.246047, 25.256836 ], [ 110.246233, 25.256772 ], [ 110.246422, 25.256714 ], [ 110.24661, 25.256657 ], [ 110.246799, 25.256599 ], [ 110.246988, 25.256541 ], [ 110.247177, 25.256484 ], [ 110.247366, 25.256427 ], [ 110.247555, 25.256371 ], [ 110.247743, 25.256313 ], [ 110.247931, 25.256254 ], [ 110.24812, 25.256195 ], [ 110.248308, 25.256137 ], [ 110.248496, 25.256079 ], [ 110.248685, 25.256021 ], [ 110.248873, 25.255962 ], [ 110.249062, 25.255904 ], [ 110.24925, 25.255845 ], [ 110.249438, 25.255785 ], [ 110.249625, 25.255725 ], [ 110.249813, 25.255665 ], [ 110.250002, 25.255608 ], [ 110.250191, 25.255551 ], [ 110.25038, 25.255495 ], [ 110.250552, 25.255473 ], [ 110.250653, 25.255629 ], [ 110.250766, 25.255778 ], [ 110.250884, 25.255924 ], [ 110.251049, 25.255896 ], [ 110.251207, 25.255829 ], [ 110.251378, 25.25576 ], [ 110.251555, 25.255686 ], [ 110.251714, 25.255584 ], [ 110.251907, 25.255541 ], [ 110.25206, 25.255428 ], [ 110.252252, 25.25543 ], [ 110.252415, 25.255524 ], [ 110.252467, 25.255697 ], [ 110.25262, 25.255805 ], [ 110.25279, 25.255891 ], [ 110.252816, 25.256055 ], [ 110.2527, 25.256196 ], [ 110.252717, 25.256372 ], [ 110.252783, 25.256542 ], [ 110.252942, 25.25653 ], [ 110.253133, 25.256567 ], [ 110.253293, 25.256606 ], [ 110.253249, 25.256777 ], [ 110.25328, 25.256952 ], [ 110.253136, 25.257032 ], [ 110.252941, 25.257069 ], [ 110.252745, 25.257097 ], [ 110.252549, 25.257117 ], [ 110.252684, 25.257175 ], [ 110.252881, 25.257154 ], [ 110.253079, 25.257132 ], [ 110.253277, 25.257111 ], [ 110.253385, 25.257048 ], [ 110.253327, 25.256879 ], [ 110.253317, 25.256705 ], [ 110.253344, 25.256549 ], [ 110.25316, 25.256482 ], [ 110.252988, 25.256425 ], [ 110.252876, 25.256287 ], [ 110.252899, 25.25611 ], [ 110.253022, 25.255972 ], [ 110.253173, 25.255854 ], [ 110.25333, 25.255746 ], [ 110.253502, 25.255667 ], [ 110.253694, 25.255705 ], [ 110.253882, 25.255754 ], [ 110.254045, 25.25568 ], [ 110.254164, 25.255536 ], [ 110.254335, 25.255481 ], [ 110.25446, 25.255362 ], [ 110.254435, 25.255183 ], [ 110.254408, 25.255009 ], [ 110.2543, 25.254866 ], [ 110.254331, 25.25469 ], [ 110.254279, 25.254517 ], [ 110.25437, 25.25437 ], [ 110.254567, 25.254375 ], [ 110.254765, 25.254385 ], [ 110.254962, 25.254357 ], [ 110.255093, 25.254459 ], [ 110.255225, 25.254594 ], [ 110.255362, 25.254713 ], [ 110.255475, 25.254842 ], [ 110.255653, 25.254828 ], [ 110.255819, 25.254893 ], [ 110.256005, 25.254914 ], [ 110.256203, 25.25492 ], [ 110.256398, 25.25494 ], [ 110.256582, 25.254872 ], [ 110.256768, 25.25481 ], [ 110.256958, 25.25476 ], [ 110.257135, 25.254676 ], [ 110.257323, 25.254624 ], [ 110.257495, 25.254589 ], [ 110.257509, 25.254409 ], [ 110.257321, 25.254449 ], [ 110.257137, 25.254509 ], [ 110.256938, 25.254512 ], [ 110.25674, 25.254526 ], [ 110.256571, 25.254593 ], [ 110.256433, 25.254705 ], [ 110.256236, 25.254733 ], [ 110.256039, 25.254755 ], [ 110.255842, 25.254745 ], [ 110.255676, 25.254653 ], [ 110.255543, 25.254521 ], [ 110.255357, 25.254467 ], [ 110.255208, 25.254347 ], [ 110.255111, 25.254194 ], [ 110.254925, 25.254192 ], [ 110.254734, 25.254241 ], [ 110.254606, 25.254166 ], [ 110.254798, 25.254118 ], [ 110.25499, 25.25407 ], [ 110.255179, 25.254014 ], [ 110.255368, 25.253958 ], [ 110.255557, 25.253902 ], [ 110.255749, 25.253852 ], [ 110.255942, 25.253808 ], [ 110.256135, 25.253764 ], [ 110.256327, 25.25372 ], [ 110.25652, 25.253675 ], [ 110.256713, 25.253631 ], [ 110.256905, 25.253581 ], [ 110.257099, 25.253545 ], [ 110.257296, 25.253551 ], [ 110.257467, 25.253469 ], [ 110.25766, 25.253428 ], [ 110.257855, 25.25339 ], [ 110.25805, 25.253353 ], [ 110.25807, 25.253224 ], [ 110.257876, 25.253263 ], [ 110.257681, 25.253299 ], [ 110.257486, 25.253335 ], [ 110.257292, 25.253376 ], [ 110.257099, 25.25342 ], [ 110.256906, 25.253464 ], [ 110.256713, 25.253506 ], [ 110.256519, 25.253549 ], [ 110.256326, 25.253592 ], [ 110.256133, 25.253635 ], [ 110.25594, 25.253679 ], [ 110.255747, 25.253724 ], [ 110.255556, 25.253776 ], [ 110.255366, 25.253827 ], [ 110.255175, 25.25388 ], [ 110.254986, 25.253935 ], [ 110.254796, 25.25399 ], [ 110.254607, 25.254046 ], [ 110.254417, 25.254102 ], [ 110.254228, 25.254158 ], [ 110.25404, 25.254216 ], [ 110.253851, 25.254273 ], [ 110.253662, 25.254331 ], [ 110.253474, 25.254389 ], [ 110.253286, 25.254449 ], [ 110.253098, 25.254508 ], [ 110.25291, 25.254568 ], [ 110.252722, 25.254628 ], [ 110.252534, 25.254687 ], [ 110.252346, 25.254746 ], [ 110.252158, 25.254804 ], [ 110.251969, 25.254862 ], [ 110.251781, 25.25492 ], [ 110.251592, 25.254979 ], [ 110.251404, 25.255038 ], [ 110.251216, 25.255096 ], [ 110.251028, 25.255156 ], [ 110.25084, 25.255216 ], [ 110.250653, 25.255277 ], [ 110.250466, 25.255339 ], [ 110.250279, 25.255401 ], [ 110.250092, 25.255463 ], [ 110.249905, 25.255525 ], [ 110.249717, 25.255584 ], [ 110.249529, 25.255644 ], [ 110.249342, 25.255706 ], [ 110.249155, 25.255767 ], [ 110.248967, 25.255826 ], [ 110.248778, 25.255885 ], [ 110.24859, 25.255944 ], [ 110.248402, 25.256003 ], [ 110.248214, 25.256063 ], [ 110.248026, 25.256122 ], [ 110.247838, 25.256181 ], [ 110.24765, 25.25624 ], [ 110.247462, 25.256299 ], [ 110.247273, 25.256356 ], [ 110.247084, 25.256414 ], [ 110.246896, 25.256473 ], [ 110.246709, 25.256533 ], [ 110.24652, 25.256591 ], [ 110.246331, 25.256648 ], [ 110.246142, 25.256705 ], [ 110.245954, 25.256764 ], [ 110.245766, 25.256823 ], [ 110.245578, 25.256883 ], [ 110.24544, 25.256984 ], [ 110.245376, 25.257152 ], [ 110.245317, 25.257324 ], [ 110.245143, 25.257402 ], [ 110.244948, 25.257427 ], [ 110.244758, 25.257373 ], [ 110.244564, 25.257336 ], [ 110.244366, 25.25733 ], [ 110.24417, 25.257361 ], [ 110.243972, 25.257376 ], [ 110.243805, 25.25743 ], [ 110.24363, 25.257471 ], [ 110.243436, 25.257511 ], [ 110.24325, 25.257575 ], [ 110.243064, 25.257638 ], [ 110.242874, 25.257692 ], [ 110.242687, 25.257754 ], [ 110.242498, 25.25781 ], [ 110.242399, 25.257853 ], [ 110.24221, 25.25791 ], [ 110.242021, 25.257967 ], [ 110.241873, 25.258041 ], [ 110.242, 25.258103 ], [ 110.242191, 25.258053 ], [ 110.242382, 25.258 ], [ 110.242573, 25.257949 ], [ 110.242758, 25.257883 ], [ 110.242941, 25.257812 ], [ 110.243123, 25.257738 ], [ 110.243308, 25.257679 ], [ 110.243504, 25.25765 ], [ 110.243694, 25.257598 ], [ 110.243868, 25.257511 ], [ 110.244042, 25.257504 ], [ 110.244173, 25.257641 ], [ 110.244301, 25.257778 ], [ 110.244464, 25.257881 ], [ 110.244619, 25.257995 ], [ 110.244774, 25.258109 ], [ 110.244924, 25.258224 ], [ 110.245057, 25.258359 ], [ 110.245196, 25.258489 ], [ 110.245382, 25.258526 ], [ 110.245565, 25.258457 ] ] ] } },
{ "type": "Feature", "properties": { }, "geometry": { "type": "Polygon", "coordinates": [ [ [ 110.257765, 25.253669 ], [ 110.257835, 25.253632 ], [ 110.257919, 25.253635 ], [ 110.258001, 25.253641 ], [ 110.258084, 25.253634 ], [ 110.258164, 25.253615 ], [ 110.258238, 25.25358 ], [ 110.258311, 25.253544 ], [ 110.258385, 25.253509 ], [ 110.25846, 25.253473 ], [ 110.258534, 25.253439 ], [ 110.258613, 25.253412 ], [ 110.258692, 25.253391 ], [ 110.258775, 25.253394 ], [ 110.258824, 25.253447 ], [ 110.258826, 25.253523 ], [ 110.25883, 25.253599 ], [ 110.258835, 25.253675 ], [ 110.258872, 25.253741 ], [ 110.258936, 25.253789 ], [ 110.25901, 25.253825 ], [ 110.259089, 25.253848 ], [ 110.259171, 25.253864 ], [ 110.259253, 25.253877 ], [ 110.259335, 25.253893 ], [ 110.259416, 25.253912 ], [ 110.259496, 25.253901 ], [ 110.259562, 25.253856 ], [ 110.259624, 25.253804 ], [ 110.259678, 25.253746 ], [ 110.259733, 25.253691 ], [ 110.2598, 25.253645 ], [ 110.259873, 25.253609 ], [ 110.259954, 25.253601 ], [ 110.260028, 25.253635 ], [ 110.2601, 25.253674 ], [ 110.26016, 25.253724 ], [ 110.260183, 25.253797 ], [ 110.260197, 25.253872 ], [ 110.260208, 25.253947 ], [ 110.260215, 25.254023 ], [ 110.260226, 25.254098 ], [ 110.260283, 25.254149 ], [ 110.260359, 25.25418 ], [ 110.260438, 25.254202 ], [ 110.260517, 25.254181 ], [ 110.260601, 25.254177 ], [ 110.260673, 25.254143 ], [ 110.260723, 25.254082 ], [ 110.260766, 25.254017 ], [ 110.260804, 25.253949 ], [ 110.260826, 25.253876 ], [ 110.260827, 25.2538 ], [ 110.26084, 25.253726 ], [ 110.26086, 25.253652 ], [ 110.26092, 25.253603 ], [ 110.260977, 25.253576 ], [ 110.260948, 25.253409 ], [ 110.260906, 25.253372 ], [ 110.26083, 25.253405 ], [ 110.260791, 25.253472 ], [ 110.260767, 25.253544 ], [ 110.260756, 25.253619 ], [ 110.260746, 25.253695 ], [ 110.260736, 25.25377 ], [ 110.260712, 25.253843 ], [ 110.260683, 25.253914 ], [ 110.260644, 25.253982 ], [ 110.260595, 25.254043 ], [ 110.260533, 25.254091 ], [ 110.26045, 25.254099 ], [ 110.260371, 25.254076 ], [ 110.260314, 25.254023 ], [ 110.26029, 25.25395 ], [ 110.260276, 25.253876 ], [ 110.260268, 25.2538 ], [ 110.260261, 25.253724 ], [ 110.260236, 25.253653 ], [ 110.260173, 25.253604 ], [ 110.260104, 25.253561 ], [ 110.260034, 25.253519 ], [ 110.259964, 25.253477 ], [ 110.259894, 25.253436 ], [ 110.259815, 25.253422 ], [ 110.259758, 25.253476 ], [ 110.259711, 25.253539 ], [ 110.259668, 25.253604 ], [ 110.259619, 25.253666 ], [ 110.259568, 25.253727 ], [ 110.259512, 25.253782 ], [ 110.259433, 25.253801 ], [ 110.25935, 25.253796 ], [ 110.259266, 25.253788 ], [ 110.259183, 25.25378 ], [ 110.259101, 25.253766 ], [ 110.259024, 25.253738 ], [ 110.258952, 25.253699 ], [ 110.258899, 25.253643 ], [ 110.258884, 25.253568 ], [ 110.25889, 25.253492 ], [ 110.2589, 25.253417 ], [ 110.258876, 25.253346 ], [ 110.258802, 25.253316 ], [ 110.258719, 25.253321 ], [ 110.258636, 25.253332 ], [ 110.258555, 25.253349 ], [ 110.258473, 25.253366 ], [ 110.258401, 25.253404 ], [ 110.258343, 25.253458 ], [ 110.258269, 25.253493 ], [ 110.258197, 25.253531 ], [ 110.258122, 25.253565 ], [ 110.258042, 25.253583 ], [ 110.257958, 25.253584 ], [ 110.257875, 25.253584 ], [ 110.257791, 25.253585 ], [ 110.257711, 25.253607 ], [ 110.257649, 25.253654 ], [ 110.257629, 25.253727 ], [ 110.257613, 25.253802 ], [ 110.257597, 25.253875 ], [ 110.25764, 25.253941 ], [ 110.257692, 25.254 ], [ 110.257754, 25.254046 ], [ 110.257806, 25.254104 ], [ 110.257833, 25.254176 ], [ 110.257837, 25.254252 ], [ 110.257825, 25.254327 ], [ 110.257777, 25.254388 ], [ 110.257698, 25.254412 ], [ 110.257539, 25.254451 ], [ 110.257536, 25.254527 ], [ 110.257616, 25.254519 ], [ 110.257699, 25.254509 ], [ 110.257782, 25.254499 ], [ 110.257886, 25.254387 ], [ 110.257916, 25.254318 ], [ 110.257921, 25.254242 ], [ 110.257906, 25.254167 ], [ 110.257861, 25.254104 ], [ 110.257808, 25.254046 ], [ 110.257757, 25.253985 ], [ 110.257705, 25.253925 ], [ 110.257669, 25.253791 ], [ 110.257708, 25.253725 ], [ 110.257765, 25.253669 ] ] ] } },
{ "type": "Feature", "properties": { }, "geometry": { "type": "Polygon", "coordinates": [ [ [ 110.2498, 25.258835 ], [ 110.249794, 25.258748 ], [ 110.249787, 25.258661 ], [ 110.249781, 25.258573 ], [ 110.249774, 25.258486 ], [ 110.249767, 25.258399 ], [ 110.249761, 25.258312 ], [ 110.249754, 25.258225 ], [ 110.249748, 25.258137 ], [ 110.249742, 25.25805 ], [ 110.249736, 25.257963 ], [ 110.24973, 25.257875 ], [ 110.249723, 25.257788 ], [ 110.249717, 25.257701 ], [ 110.249711, 25.257614 ], [ 110.249764, 25.257547 ], [ 110.24983, 25.257484 ], [ 110.249897, 25.257421 ], [ 110.249957, 25.257353 ], [ 110.250026, 25.257294 ], [ 110.250106, 25.257245 ], [ 110.250194, 25.257212 ], [ 110.25029, 25.257203 ], [ 110.250386, 25.257201 ], [ 110.250482, 25.257201 ], [ 110.250578, 25.257198 ], [ 110.250672, 25.257181 ], [ 110.250762, 25.257151 ], [ 110.250852, 25.25712 ], [ 110.250839, 25.257086 ], [ 110.250747, 25.257113 ], [ 110.250656, 25.257141 ], [ 110.250563, 25.257162 ], [ 110.250468, 25.257173 ], [ 110.250372, 25.257178 ], [ 110.250276, 25.257182 ], [ 110.25018, 25.257185 ], [ 110.250094, 25.257214 ], [ 110.250009, 25.257254 ], [ 110.249942, 25.257317 ], [ 110.249878, 25.257382 ], [ 110.249812, 25.257445 ], [ 110.24974, 25.257504 ], [ 110.249682, 25.257572 ], [ 110.249679, 25.257659 ], [ 110.249686, 25.257746 ], [ 110.249693, 25.257833 ], [ 110.249699, 25.25792 ], [ 110.249705, 25.258007 ], [ 110.249712, 25.258095 ], [ 110.249718, 25.258182 ], [ 110.249725, 25.258269 ], [ 110.249733, 25.258356 ], [ 110.24974, 25.258444 ], [ 110.249747, 25.258531 ], [ 110.249755, 25.258618 ], [ 110.249763, 25.258705 ], [ 110.249772, 25.258792 ], [ 110.249569, 25.258772 ], [ 110.249478, 25.258764 ], [ 110.24939, 25.2588 ], [ 110.249304, 25.258837 ], [ 110.249209, 25.258846 ], [ 110.249113, 25.258838 ], [ 110.249018, 25.258825 ], [ 110.248923, 25.258812 ], [ 110.248828, 25.258798 ], [ 110.248733, 25.258784 ], [ 110.248638, 25.258769 ], [ 110.248542, 25.258766 ], [ 110.248446, 25.258767 ], [ 110.248362, 25.258807 ], [ 110.248268, 25.258822 ], [ 110.248196, 25.258775 ], [ 110.248167, 25.258693 ], [ 110.248153, 25.258607 ], [ 110.24817, 25.258522 ], [ 110.248161, 25.258436 ], [ 110.248132, 25.258355 ], [ 110.248164, 25.258274 ], [ 110.248176, 25.25819 ], [ 110.248198, 25.258105 ], [ 110.248219, 25.258019 ], [ 110.248225, 25.257933 ], [ 110.24822, 25.257845 ], [ 110.248205, 25.257759 ], [ 110.248147, 25.257776 ], [ 110.248168, 25.257861 ], [ 110.248177, 25.257948 ], [ 110.248166, 25.258035 ], [ 110.248146, 25.25812 ], [ 110.248113, 25.258202 ], [ 110.248085, 25.258286 ], [ 110.248087, 25.258372 ], [ 110.248095, 25.25846 ], [ 110.248093, 25.258547 ], [ 110.248087, 25.258633 ], [ 110.248102, 25.25872 ], [ 110.248134, 25.258802 ], [ 110.2482, 25.258864 ], [ 110.248286, 25.258896 ], [ 110.248374, 25.258863 ], [ 110.248456, 25.258817 ], [ 110.248548, 25.258801 ], [ 110.248643, 25.258813 ], [ 110.248735, 25.258838 ], [ 110.248827, 25.258864 ], [ 110.248918, 25.258891 ], [ 110.249012, 25.258907 ], [ 110.249108, 25.258904 ], [ 110.249204, 25.258896 ], [ 110.2493, 25.258886 ], [ 110.249389, 25.258856 ], [ 110.249479, 25.258824 ], [ 110.249572, 25.258836 ], [ 110.249644, 25.258891 ], [ 110.249677, 25.25897 ], [ 110.249651, 25.259051 ], [ 110.249593, 25.259122 ], [ 110.249532, 25.259189 ], [ 110.249494, 25.259245 ], [ 110.249576, 25.25929 ], [ 110.249709, 25.259205 ], [ 110.249796, 25.25917 ], [ 110.249817, 25.259097 ], [ 110.249812, 25.25901 ], [ 110.249806, 25.258922 ], [ 110.2498, 25.258835 ] ] ] } },
{ "type": "Feature", "properties": { }, "geometry": { "type": "Polygon", "coordinates": [ [ [ 110.251214, 25.256701 ], [ 110.251258, 25.2567 ], [ 110.251298, 25.256717 ], [ 110.251322, 25.25675 ], [ 110.251343, 25.256786 ], [ 110.251362, 25.256822 ], [ 110.251376, 25.256861 ], [ 110.25139, 25.256899 ], [ 110.251646, 25.256818 ], [ 110.251627, 25.256768 ], [ 110.251546, 25.2568 ], [ 110.251504, 25.256813 ], [ 110.251462, 25.256806 ], [ 110.251427, 25.256781 ], [ 110.251395, 25.256754 ], [ 110.251362, 25.256726 ], [ 110.251332, 25.256697 ], [ 110.251302, 25.256667 ], [ 110.251264, 25.256649 ], [ 110.25122, 25.256644 ], [ 110.251176, 25.256648 ], [ 110.251135, 25.256663 ], [ 110.251097, 25.256683 ], [ 110.250738, 25.256836 ], [ 110.250712, 25.256868 ], [ 110.250709, 25.256907 ], [ 110.250725, 25.256945 ], [ 110.250739, 25.256983 ], [ 110.250753, 25.257021 ], [ 110.250774, 25.257056 ], [ 110.250793, 25.257086 ], [ 110.250875, 25.257055 ], [ 110.250833, 25.256997 ], [ 110.250814, 25.256961 ], [ 110.250795, 25.256924 ], [ 110.250776, 25.256888 ], [ 110.250807, 25.25686 ], [ 110.250845, 25.25684 ], [ 110.250885, 25.256822 ], [ 110.250925, 25.256805 ], [ 110.250966, 25.256788 ], [ 110.251007, 25.256773 ], [ 110.251048, 25.256759 ], [ 110.25109, 25.256744 ], [ 110.251131, 25.25673 ], [ 110.251173, 25.256716 ], [ 110.251214, 25.256701 ] ] ] } },
{ "type": "Feature", "properties": { }, "geometry": { "type": "Polygon", "coordinates": [ [ [ 110.240926, 25.257664 ], [ 110.241319, 25.257601 ], [ 110.241713, 25.257536 ], [ 110.242104, 25.257464 ], [ 110.242496, 25.257389 ], [ 110.242886, 25.257312 ], [ 110.243276, 25.257232 ], [ 110.243665, 25.25715 ], [ 110.244051, 25.257055 ], [ 110.244436, 25.256958 ], [ 110.244822, 25.256863 ], [ 110.245206, 25.256762 ], [ 110.245589, 25.256656 ], [ 110.245971, 25.256551 ], [ 110.246355, 25.256455 ], [ 110.246734, 25.256339 ], [ 110.247111, 25.25622 ], [ 110.247488, 25.256099 ], [ 110.247866, 25.25598 ], [ 110.248246, 25.255867 ], [ 110.248622, 25.255743 ], [ 110.248998, 25.255621 ], [ 110.249375, 25.255501 ], [ 110.249752, 25.25538 ], [ 110.250129, 25.25526 ], [ 110.250409, 25.255108 ], [ 110.250113, 25.255003 ], [ 110.249802, 25.25521 ], [ 110.249423, 25.255325 ], [ 110.249041, 25.255432 ], [ 110.248662, 25.255541 ], [ 110.248286, 25.255665 ], [ 110.247909, 25.255787 ], [ 110.247532, 25.255907 ], [ 110.247156, 25.25603 ], [ 110.246784, 25.256163 ], [ 110.246411, 25.256294 ], [ 110.246037, 25.256421 ], [ 110.245663, 25.256549 ], [ 110.244546, 25.25686 ], [ 110.244163, 25.256966 ], [ 110.243777, 25.257057 ], [ 110.243387, 25.25714 ], [ 110.242997, 25.257221 ], [ 110.242607, 25.257299 ], [ 110.242218, 25.257381 ], [ 110.241826, 25.257454 ], [ 110.241458, 25.257521 ], [ 110.241077, 25.257572 ], [ 110.240683, 25.257635 ], [ 110.240306, 25.2572 ], [ 110.240523, 25.256895 ], [ 110.240714, 25.256576 ], [ 110.24081, 25.256226 ], [ 110.241021, 25.255917 ], [ 110.241266, 25.255632 ], [ 110.241614, 25.255456 ], [ 110.241989, 25.255357 ], [ 110.242374, 25.255453 ], [ 110.242768, 25.255455 ], [ 110.243147, 25.255345 ], [ 110.243476, 25.255141 ], [ 110.24375, 25.254878 ], [ 110.243999, 25.254593 ], [ 110.244176, 25.254271 ], [ 110.244431, 25.253991 ], [ 110.244695, 25.253718 ], [ 110.244961, 25.253448 ], [ 110.245196, 25.253156 ], [ 110.245452, 25.25288 ], [ 110.245979, 25.252634 ], [ 110.245769, 25.252492 ], [ 110.245259, 25.252827 ], [ 110.245008, 25.253108 ], [ 110.244779, 25.253406 ], [ 110.244519, 25.253682 ], [ 110.244255, 25.253955 ], [ 110.244012, 25.254243 ], [ 110.24383, 25.254566 ], [ 110.243602, 25.254863 ], [ 110.243306, 25.255106 ], [ 110.242961, 25.25528 ], [ 110.242573, 25.255357 ], [ 110.24218, 25.255291 ], [ 110.241786, 25.255263 ], [ 110.241428, 25.255416 ], [ 110.241099, 25.255616 ], [ 110.240859, 25.255906 ], [ 110.240647, 25.256213 ], [ 110.240544, 25.256563 ], [ 110.240357, 25.256883 ], [ 110.240146, 25.257192 ], [ 110.23997, 25.257514 ], [ 110.240133, 25.257759 ], [ 110.24053, 25.257716 ], [ 110.240926, 25.257664 ] ] ] } },
{ "type": "Feature", "properties": { }, "geometry": { "type": "Polygon", "coordinates": [ [ [ 110.248267, 25.250999 ], [ 110.247967, 25.250842 ], [ 110.248132, 25.250708 ], [ 110.248325, 25.25055 ], [ 110.248522, 25.250395 ], [ 110.248721, 25.250243 ], [ 110.248921, 25.25009 ], [ 110.249116, 25.249934 ], [ 110.249335, 25.249854 ], [ 110.24953, 25.250011 ], [ 110.249725, 25.250167 ], [ 110.249925, 25.250319 ], [ 110.250125, 25.250471 ], [ 110.250337, 25.250607 ], [ 110.250528, 25.250578 ], [ 110.250693, 25.250395 ], [ 110.250861, 25.250214 ], [ 110.251031, 25.250035 ], [ 110.251218, 25.249871 ], [ 110.251413, 25.249714 ], [ 110.251594, 25.249544 ], [ 110.251776, 25.249377 ], [ 110.251863, 25.24917 ], [ 110.251973, 25.249006 ], [ 110.252186, 25.248779 ], [ 110.252155, 25.248699 ], [ 110.251983, 25.248865 ], [ 110.251823, 25.249049 ], [ 110.251721, 25.249264 ], [ 110.251569, 25.249452 ], [ 110.251393, 25.249623 ], [ 110.251197, 25.249778 ], [ 110.251007, 25.249941 ], [ 110.250823, 25.250107 ], [ 110.250651, 25.250285 ], [ 110.250479, 25.250463 ], [ 110.250287, 25.250402 ], [ 110.250086, 25.250251 ], [ 110.249887, 25.250099 ], [ 110.249689, 25.249945 ], [ 110.249491, 25.249792 ], [ 110.249275, 25.249677 ], [ 110.24905, 25.249791 ], [ 110.24886, 25.249953 ], [ 110.248666, 25.250111 ], [ 110.248469, 25.250266 ], [ 110.248274, 25.250422 ], [ 110.248084, 25.250584 ], [ 110.2479, 25.250752 ], [ 110.247701, 25.250903 ], [ 110.247499, 25.251052 ], [ 110.247301, 25.251206 ], [ 110.247005, 25.251415 ], [ 110.2471, 25.251532 ], [ 110.247291, 25.251392 ], [ 110.247483, 25.251233 ], [ 110.247674, 25.251073 ], [ 110.24787, 25.250941 ], [ 110.248089, 25.251055 ], [ 110.248319, 25.251163 ], [ 110.248548, 25.251276 ], [ 110.248779, 25.251381 ], [ 110.249009, 25.25149 ], [ 110.249232, 25.251613 ], [ 110.249441, 25.251724 ], [ 110.249481, 25.251612 ], [ 110.249176, 25.251453 ], [ 110.248955, 25.25133 ], [ 110.248721, 25.251229 ], [ 110.248498, 25.251108 ], [ 110.248267, 25.250999 ] ] ] } },
{ "type": "Feature", "properties": { }, "geometry": { "type": "Polygon", "coordinates": [ [ [ 110.252174, 25.254531 ], [ 110.252325, 25.254458 ], [ 110.252486, 25.254454 ], [ 110.252643, 25.254395 ], [ 110.25277, 25.254292 ], [ 110.252869, 25.254172 ], [ 110.25303, 25.254123 ], [ 110.253184, 25.254102 ], [ 110.253478, 25.254047 ], [ 110.253383, 25.25398 ], [ 110.25323, 25.254021 ], [ 110.253066, 25.254057 ], [ 110.252905, 25.25411 ], [ 110.252781, 25.254194 ], [ 110.252662, 25.254289 ], [ 110.252392, 25.254393 ], [ 110.252232, 25.254442 ], [ 110.252093, 25.254458 ], [ 110.251975, 25.254183 ], [ 110.25186, 25.254068 ], [ 110.251737, 25.25396 ], [ 110.251636, 25.253835 ], [ 110.25152, 25.25372 ], [ 110.251418, 25.253597 ], [ 110.251331, 25.253463 ], [ 110.25126, 25.253321 ], [ 110.251178, 25.253184 ], [ 110.251088, 25.253052 ], [ 110.251, 25.252918 ], [ 110.25091, 25.252786 ], [ 110.250807, 25.252662 ], [ 110.250678, 25.25256 ], [ 110.250547, 25.252459 ], [ 110.250423, 25.252352 ], [ 110.250298, 25.252245 ], [ 110.250173, 25.252139 ], [ 110.250045, 25.252035 ], [ 110.249915, 25.251934 ], [ 110.249789, 25.25183 ], [ 110.249606, 25.251669 ], [ 110.249516, 25.251772 ], [ 110.249715, 25.251928 ], [ 110.249844, 25.252029 ], [ 110.249972, 25.252132 ], [ 110.2501, 25.252235 ], [ 110.250226, 25.252342 ], [ 110.250351, 25.252448 ], [ 110.250479, 25.252552 ], [ 110.250609, 25.252653 ], [ 110.250731, 25.252762 ], [ 110.25085, 25.252874 ], [ 110.25094, 25.253006 ], [ 110.25103, 25.253138 ], [ 110.251118, 25.253272 ], [ 110.251197, 25.25341 ], [ 110.251264, 25.253553 ], [ 110.251351, 25.253687 ], [ 110.251465, 25.253803 ], [ 110.25158, 25.253918 ], [ 110.251697, 25.254032 ], [ 110.251819, 25.254141 ], [ 110.25193, 25.254257 ], [ 110.25196, 25.254408 ], [ 110.251756, 25.254485 ], [ 110.251589, 25.25451 ], [ 110.251429, 25.254565 ], [ 110.251275, 25.254633 ], [ 110.250859, 25.254831 ], [ 110.250707, 25.254903 ], [ 110.250545, 25.254946 ], [ 110.250386, 25.255 ], [ 110.250473, 25.255081 ], [ 110.250631, 25.255021 ], [ 110.250787, 25.254956 ], [ 110.250949, 25.254906 ], [ 110.251108, 25.254848 ], [ 110.251262, 25.25478 ], [ 110.251422, 25.254725 ], [ 110.251972, 25.25463 ], [ 110.252174, 25.254531 ] ] ] } },
{ "type": "Feature", "properties": { }, "geometry": { "type": "Polygon", "coordinates": [ [ [ 110.255187, 25.246335 ], [ 110.255117, 25.246261 ], [ 110.25481, 25.246545 ], [ 110.25462, 25.246719 ], [ 110.254432, 25.246896 ], [ 110.254243, 25.24707 ], [ 110.254053, 25.247244 ], [ 110.253863, 25.247418 ], [ 110.253674, 25.247593 ], [ 110.253484, 25.247768 ], [ 110.253296, 25.247944 ], [ 110.253101, 25.248113 ], [ 110.252885, 25.248261 ], [ 110.252666, 25.248403 ], [ 110.252272, 25.248637 ], [ 110.252313, 25.24872 ], [ 110.252691, 25.248476 ], [ 110.252905, 25.248326 ], [ 110.253119, 25.248178 ], [ 110.253327, 25.248022 ], [ 110.253519, 25.24785 ], [ 110.253706, 25.247673 ], [ 110.253896, 25.247521 ], [ 110.254085, 25.247346 ], [ 110.254275, 25.247172 ], [ 110.254462, 25.246995 ], [ 110.254642, 25.246813 ], [ 110.254829, 25.246635 ], [ 110.255187, 25.246335 ] ] ] } },
{ "type": "Feature", "properties": { }, "geometry": { "type": "Polygon", "coordinates": [ [ [ 110.197177, 25.260232 ], [ 110.197317, 25.260187 ], [ 110.197633, 25.260407 ], [ 110.19786, 25.260546 ], [ 110.198086, 25.260685 ], [ 110.198318, 25.260814 ], [ 110.19859, 25.26084 ], [ 110.198862, 25.260863 ], [ 110.199135, 25.260886 ], [ 110.199407, 25.260908 ], [ 110.19968, 25.260927 ], [ 110.199953, 25.260935 ], [ 110.200226, 25.260953 ], [ 110.200498, 25.260973 ], [ 110.200771, 25.260993 ], [ 110.200797, 25.260772 ], [ 110.200524, 25.260752 ], [ 110.200252, 25.260732 ], [ 110.199979, 25.260712 ], [ 110.199706, 25.260705 ], [ 110.199433, 25.260685 ], [ 110.199161, 25.260663 ], [ 110.198888, 25.260641 ], [ 110.198616, 25.260618 ], [ 110.19835, 25.260578 ], [ 110.198117, 25.260447 ], [ 110.197891, 25.260307 ], [ 110.197665, 25.260167 ], [ 110.19752, 25.260027 ], [ 110.197746, 25.259886 ], [ 110.197963, 25.259735 ], [ 110.19817, 25.259574 ], [ 110.198379, 25.259413 ], [ 110.198601, 25.259268 ], [ 110.198822, 25.259121 ], [ 110.199069, 25.259027 ], [ 110.199327, 25.258946 ], [ 110.199568, 25.25883 ], [ 110.199784, 25.25868 ], [ 110.199928, 25.25847 ], [ 110.200054, 25.25825 ], [ 110.200188, 25.258033 ], [ 110.200332, 25.257822 ], [ 110.200476, 25.25761 ], [ 110.200621, 25.257399 ], [ 110.200767, 25.257189 ], [ 110.200913, 25.256979 ], [ 110.20106, 25.256769 ], [ 110.201211, 25.256561 ], [ 110.201363, 25.256355 ], [ 110.201508, 25.256144 ], [ 110.20158, 25.255905 ], [ 110.201493, 25.255899 ], [ 110.201411, 25.256135 ], [ 110.201262, 25.256342 ], [ 110.201113, 25.256551 ], [ 110.20097, 25.256763 ], [ 110.200818, 25.25697 ], [ 110.200674, 25.257181 ], [ 110.200529, 25.257392 ], [ 110.200386, 25.257604 ], [ 110.200244, 25.257816 ], [ 110.200099, 25.258027 ], [ 110.199959, 25.258241 ], [ 110.199826, 25.258458 ], [ 110.199664, 25.258659 ], [ 110.199441, 25.258797 ], [ 110.199198, 25.258909 ], [ 110.198929, 25.258952 ], [ 110.198695, 25.259079 ], [ 110.198468, 25.259218 ], [ 110.198255, 25.259374 ], [ 110.198058, 25.259545 ], [ 110.197847, 25.259704 ], [ 110.197621, 25.259844 ], [ 110.197386, 25.259971 ], [ 110.197162, 25.260103 ], [ 110.196929, 25.260234 ], [ 110.196697, 25.260365 ], [ 110.196465, 25.260496 ], [ 110.196232, 25.260627 ], [ 110.196, 25.260759 ], [ 110.195765, 25.260886 ], [ 110.195529, 25.26101 ], [ 110.195292, 25.261135 ], [ 110.195055, 25.261259 ], [ 110.194818, 25.261383 ], [ 110.194581, 25.261508 ], [ 110.194376, 25.261637 ], [ 110.194501, 25.261701 ], [ 110.194827, 25.261504 ], [ 110.195063, 25.261379 ], [ 110.1953, 25.261254 ], [ 110.195536, 25.261129 ], [ 110.195773, 25.261004 ], [ 110.196008, 25.260878 ], [ 110.19624, 25.260745 ], [ 110.196473, 25.260616 ], [ 110.196708, 25.260489 ], [ 110.196944, 25.260362 ], [ 110.197177, 25.260232 ] ] ] } },
{ "type": "Feature", "properties": { }, "geometry": { "type": "Polygon", "coordinates": [ [ [ 110.260958, 25.252199 ], [ 110.261137, 25.252136 ], [ 110.261297, 25.25209 ], [ 110.261496, 25.252045 ], [ 110.261633, 25.251999 ], [ 110.261811, 25.25195 ], [ 110.262039, 25.251915 ], [ 110.262188, 25.251912 ], [ 110.262336, 25.251903 ], [ 110.262461, 25.251878 ], [ 110.262521, 25.251876 ], [ 110.262491, 25.251908 ], [ 110.262433, 25.251958 ], [ 110.262384, 25.252008 ], [ 110.262312, 25.252099 ], [ 110.262203, 25.252192 ], [ 110.262173, 25.252268 ], [ 110.262145, 25.252343 ], [ 110.262141, 25.252438 ], [ 110.262219, 25.252433 ], [ 110.262206, 25.252392 ], [ 110.262201, 25.252352 ], [ 110.262211, 25.252295 ], [ 110.262227, 25.25225 ], [ 110.262266, 25.252214 ], [ 110.26231, 25.252175 ], [ 110.26236, 25.252131 ], [ 110.262401, 25.252073 ], [ 110.262486, 25.251999 ], [ 110.262567, 25.251975 ], [ 110.262704, 25.251976 ], [ 110.262792, 25.251978 ], [ 110.262918, 25.25201 ], [ 110.262945, 25.252026 ], [ 110.26298, 25.252113 ], [ 110.262999, 25.252158 ], [ 110.263009, 25.252211 ], [ 110.263066, 25.252288 ], [ 110.263115, 25.252358 ], [ 110.263131, 25.252381 ], [ 110.263189, 25.252379 ], [ 110.263134, 25.252277 ], [ 110.263129, 25.252229 ], [ 110.263091, 25.252181 ], [ 110.26306, 25.252144 ], [ 110.263036, 25.252108 ], [ 110.263009, 25.251967 ], [ 110.26299, 25.251945 ], [ 110.262963, 25.251912 ], [ 110.263404, 25.251851 ], [ 110.263766, 25.251866 ], [ 110.264509, 25.251976 ], [ 110.265101, 25.252081 ], [ 110.265162, 25.252095 ], [ 110.265335, 25.252157 ], [ 110.265384, 25.252177 ], [ 110.265412, 25.252201 ], [ 110.26543, 25.252232 ], [ 110.265434, 25.252337 ], [ 110.265519, 25.252383 ], [ 110.265583, 25.252386 ], [ 110.265587, 25.25238 ], [ 110.26564, 25.252328 ], [ 110.265642, 25.252325 ], [ 110.265958, 25.252336 ], [ 110.266265, 25.252348 ], [ 110.266417, 25.252357 ], [ 110.26647, 25.252362 ], [ 110.266652, 25.252378 ], [ 110.266654, 25.252399 ], [ 110.266747, 25.252406 ], [ 110.26676, 25.252382 ], [ 110.266784, 25.252332 ], [ 110.266692, 25.252325 ], [ 110.266596, 25.252309 ], [ 110.266538, 25.2523 ], [ 110.266474, 25.252277 ], [ 110.266322, 25.252229 ], [ 110.266272, 25.252185 ], [ 110.266126, 25.252132 ], [ 110.266068, 25.252115 ], [ 110.266049, 25.252119 ], [ 110.266036, 25.252127 ], [ 110.266012, 25.252149 ], [ 110.265964, 25.252164 ], [ 110.26591, 25.252163 ], [ 110.265725, 25.252155 ], [ 110.265569, 25.252153 ], [ 110.265488, 25.252136 ], [ 110.265411, 25.252117 ], [ 110.265364, 25.252089 ], [ 110.265358, 25.252078 ], [ 110.265343, 25.252041 ], [ 110.26534, 25.252009 ], [ 110.265339, 25.251967 ], [ 110.265347, 25.251934 ], [ 110.265279, 25.251923 ], [ 110.265271, 25.251965 ], [ 110.265246, 25.251974 ], [ 110.265239, 25.252 ], [ 110.265229, 25.252024 ], [ 110.265212, 25.252038 ], [ 110.265195, 25.252046 ], [ 110.265153, 25.252044 ], [ 110.26511, 25.252035 ], [ 110.265051, 25.252019 ], [ 110.264967, 25.252007 ], [ 110.264886, 25.251988 ], [ 110.264477, 25.251908 ], [ 110.264101, 25.251843 ], [ 110.263841, 25.251803 ], [ 110.263775, 25.251787 ], [ 110.263696, 25.251778 ], [ 110.263156, 25.251766 ], [ 110.263045, 25.251773 ], [ 110.263, 25.251775 ], [ 110.262979, 25.251771 ], [ 110.262962, 25.251763 ], [ 110.26293, 25.251751 ], [ 110.262809, 25.251753 ], [ 110.262674, 25.251759 ], [ 110.262505, 25.251779 ], [ 110.262353, 25.251797 ], [ 110.262242, 25.251805 ], [ 110.262093, 25.251811 ], [ 110.261921, 25.251835 ], [ 110.261721, 25.251877 ], [ 110.261538, 25.251923 ], [ 110.261484, 25.251947 ], [ 110.261438, 25.251965 ], [ 110.261411, 25.251972 ], [ 110.261394, 25.251972 ], [ 110.261367, 25.251964 ], [ 110.26133, 25.251963 ], [ 110.26127, 25.251982 ], [ 110.26115, 25.252013 ], [ 110.261081, 25.252036 ], [ 110.261025, 25.252061 ], [ 110.26096, 25.252084 ], [ 110.260794, 25.252134 ], [ 110.26062, 25.252171 ], [ 110.260577, 25.252176 ], [ 110.260549, 25.252176 ], [ 110.260512, 25.252165 ], [ 110.260403, 25.252088 ], [ 110.260309, 25.252118 ], [ 110.26034, 25.252142 ], [ 110.26036, 25.252148 ], [ 110.260382, 25.252157 ], [ 110.2604, 25.252169 ], [ 110.260413, 25.252194 ], [ 110.260411, 25.25222 ], [ 110.260392, 25.252233 ], [ 110.260061, 25.252345 ], [ 110.259795, 25.252437 ], [ 110.259723, 25.252469 ], [ 110.259633, 25.252504 ], [ 110.259471, 25.25256 ], [ 110.25937, 25.252596 ], [ 110.259299, 25.252635 ], [ 110.25927, 25.252643 ], [ 110.25924, 25.252648 ], [ 110.259196, 25.252655 ], [ 110.259138, 25.252662 ], [ 110.259075, 25.252671 ], [ 110.258932, 25.252712 ], [ 110.258733, 25.252786 ], [ 110.258539, 25.252837 ], [ 110.258198, 25.252934 ], [ 110.258199, 25.252935 ], [ 110.258214, 25.25296 ], [ 110.258611, 25.252869 ], [ 110.259011, 25.252813 ], [ 110.25917, 25.252802 ], [ 110.259447, 25.252758 ], [ 110.259532, 25.252746 ], [ 110.259489, 25.252636 ], [ 110.259875, 25.252483 ], [ 110.260017, 25.25244 ], [ 110.260264, 25.252392 ], [ 110.260525, 25.252327 ], [ 110.260673, 25.25228 ], [ 110.260958, 25.252199 ] ] ] } }
]
}
