{
"type": "FeatureCollection",
"name": "current-industrial-land",
"crs": { "type": "name", "properties": { "name": "urn:ogc:def:crs:OGC:1.3:CRS84" } },
"features": [
{ "type": "Feature", "properties": { "BSM": "450312211000204522", "DLBM": "0601", "DLMC": "工业用地", "图斑面积": 386.56, "坐落单位": "新民村委会", "企业名称": null, "行业代码": null, "行业名称": null, "产值": 0.0, "行政区": null, "用地性": null }, "geometry": { "type": "Polygon", "coordinates": [ [ [ 110.258596, 25.10064 ], [ 110.258614, 25.100655 ], [ 110.258514, 25.100781 ], [ 110.258402, 25.100915 ], [ 110.258309, 25.101014 ], [ 110.258293, 25.101024 ], [ 110.258272, 25.101011 ], [ 110.258269, 25.101014 ], [ 110.258153, 25.101142 ], [ 110.258131, 25.101177 ], [ 110.258256, 25.101078 ], [ 110.258286, 25.101054 ], [ 110.25843, 25.100922 ], [ 110.258552, 25.100774 ], [ 110.258695, 25.100572 ], [ 110.258837, 25.100369 ], [ 110.259031, 25.100123 ], [ 110.259006, 25.100134 ], [ 110.258949, 25.100188 ], [ 110.258869, 25.100288 ], [ 110.258758, 25.100436 ], [ 110.258596, 25.10064 ] ] ] } },
{ "type": "Feature", "properties": { "BSM": "450312211000204563", "DLBM": "0601", "DLMC": "工业用地", "图斑面积": 411.45, "坐落单位": "二塘村委会", "企业名称": null, "行业代码": null, "行业名称": null, "产值": 0.0, "行政区": null, "用地性": null }, "geometry": { "type": "Polygon", "coordinates": [ [ [ 110.224871, 25.200754 ], [ 110.224905, 25.200814 ], [ 110.225008, 25.200893 ], [ 110.225025, 25.200871 ], [ 110.225154, 25.200719 ], [ 110.22523, 25.200616 ], [ 110.224871, 25.200754 ] ] ] } },
{ "type": "Feature", "properties": { "BSM": "450312211000092051", "DLBM": "0601", "DLMC": "工业用地", "图斑面积": 1372.46, "坐落单位": "大律村委会", "企业名称": null, "行业代码": null, "行业名称": null, "产值": 0.0, "行政区": null, "用地性": null }, "geometry": { "type": "Polygon", "coordinates": [ [ [ 110.191349, 25.233867 ], [ 110.191333, 25.233882 ], [ 110.191269, 25.233941 ], [ 110.191151, 25.234049 ], [ 110.191139, 25.23406 ], [ 110.191108, 25.234088 ], [ 110.191039, 25.234151 ], [ 110.191039, 25.234152 ], [ 110.191026, 25.23416 ], [ 110.190953, 25.234207 ], [ 110.190938, 25.23421 ], [ 110.190927, 25.234206 ], [ 110.190878, 25.234259 ], [ 110.190994, 25.234386 ], [ 110.191255, 25.234218 ], [ 110.191516, 25.23405 ], [ 110.191349, 25.233867 ] ] ] } },
{ "type": "Feature", "properties": { "BSM": "450312211000092054", "DLBM": "0601", "DLMC": "工业用地", "图斑面积": 3252.64, "坐落单位": "大律村委会", "企业名称": null, "行业代码": null, "行业名称": null, "产值": 0.0, "行政区": null, "用地性": null }, "geometry": { "type": "Polygon", "coordinates": [ [ [ 110.190114, 25.238874 ], [ 110.190112, 25.238871 ], [ 110.189929, 25.238551 ], [ 110.189927, 25.238549 ], [ 110.189922, 25.238538 ], [ 110.189902, 25.238535 ], [ 110.189846, 25.238528 ], [ 110.189869, 25.238405 ], [ 110.189879, 25.238354 ], [ 110.18949, 25.23827 ], [ 110.189481, 25.238268 ], [ 110.189477, 25.238325 ], [ 110.189464, 25.238536 ], [ 110.189576, 25.238747 ], [ 110.189688, 25.238958 ], [ 110.189728, 25.239032 ], [ 110.189736, 25.239048 ], [ 110.189748, 25.239067 ], [ 110.18975, 25.239067 ], [ 110.190114, 25.238874 ] ] ] } },
{ "type": "Feature", "properties": { "BSM": "450312211000092055", "DLBM": "0601", "DLMC": "工业用地", "图斑面积": 66766.72, "坐落单位": "大律村委会", "企业名称": null, "行业代码": null, "行业名称": null, "产值": 0.0, "行政区": null, "用地性": null }, "geometry": { "type": "Polygon", "coordinates": [ [ [ 110.200262, 25.239894 ], [ 110.20034, 25.239839 ], [ 110.200369, 25.239678 ], [ 110.200401, 25.239429 ], [ 110.200434, 25.239181 ], [ 110.200525, 25.238889 ], [ 110.200508, 25.23867 ], [ 110.20038, 25.23839 ], [ 110.200304, 25.238259 ], [ 110.200111, 25.23802 ], [ 110.199865, 25.238331 ], [ 110.199569, 25.238599 ], [ 110.199332, 25.238815 ], [ 110.199129, 25.238895 ], [ 110.199008, 25.23857 ], [ 110.199024, 25.23851 ], [ 110.198855, 25.23818 ], [ 110.198796, 25.238074 ], [ 110.198642, 25.237801 ], [ 110.198762, 25.237623 ], [ 110.198863, 25.237435 ], [ 110.198855, 25.237358 ], [ 110.198816, 25.236952 ], [ 110.198738, 25.236889 ], [ 110.198715, 25.236897 ], [ 110.198582, 25.236941 ], [ 110.198479, 25.236742 ], [ 110.198317, 25.236558 ], [ 110.198272, 25.236175 ], [ 110.198219, 25.235864 ], [ 110.198171, 25.235588 ], [ 110.198123, 25.235312 ], [ 110.19806, 25.234951 ], [ 110.197683, 25.234768 ], [ 110.197494, 25.234767 ], [ 110.197484, 25.235024 ], [ 110.197433, 25.235027 ], [ 110.197414, 25.235339 ], [ 110.197414, 25.23534 ], [ 110.197396, 25.235652 ], [ 110.197404, 25.235829 ], [ 110.197388, 25.235997 ], [ 110.197346, 25.236211 ], [ 110.197316, 25.236363 ], [ 110.197274, 25.236628 ], [ 110.197269, 25.236649 ], [ 110.197229, 25.23682 ], [ 110.197193, 25.236938 ], [ 110.197156, 25.236999 ], [ 110.19709, 25.237082 ], [ 110.197105, 25.2371 ], [ 110.197113, 25.237116 ], [ 110.197125, 25.237137 ], [ 110.197145, 25.237127 ], [ 110.197255, 25.237073 ], [ 110.19729, 25.237056 ], [ 110.197325, 25.237039 ], [ 110.19733, 25.237037 ], [ 110.197492, 25.237333 ], [ 110.197622, 25.237592 ], [ 110.197756, 25.23782 ], [ 110.197787, 25.23787 ], [ 110.197918, 25.238118 ], [ 110.197989, 25.23824 ], [ 110.198088, 25.23839 ], [ 110.198245, 25.23862 ], [ 110.198399, 25.238818 ], [ 110.198531, 25.239005 ], [ 110.198613, 25.239116 ], [ 110.198682, 25.2392 ], [ 110.198717, 25.239235 ], [ 110.198804, 25.239329 ], [ 110.198873, 25.239385 ], [ 110.198936, 25.239428 ], [ 110.199053, 25.239503 ], [ 110.199269, 25.239628 ], [ 110.199579, 25.239825 ], [ 110.199841, 25.239971 ], [ 110.199909, 25.240005 ], [ 110.200072, 25.239995 ], [ 110.20018, 25.239954 ], [ 110.200197, 25.239939 ], [ 110.200262, 25.239894 ] ] ] } },
{ "type": "Feature", "properties": { "BSM": "450312211000092058", "DLBM": "0601", "DLMC": "工业用地", "图斑面积": 308.89, "坐落单位": "大律村委会", "企业名称": null, "行业代码": null, "行业名称": null, "产值": 0.0, "行政区": null, "用地性": null }, "geometry": { "type": "Polygon", "coordinates": [ [ [ 110.194707, 25.242616 ], [ 110.194695, 25.242607 ], [ 110.194628, 25.242696 ], [ 110.194622, 25.242704 ], [ 110.1948, 25.242827 ], [ 110.194868, 25.242742 ], [ 110.194886, 25.242719 ], [ 110.194874, 25.242716 ], [ 110.19482, 25.242683 ], [ 110.194753, 25.242645 ], [ 110.194707, 25.242616 ] ] ] } },
{ "type": "Feature", "properties": { "BSM": "450312211000092059", "DLBM": "0601", "DLMC": "工业用地", "图斑面积": 5012.87, "坐落单位": "大律村委会", "企业名称": null, "行业代码": null, "行业名称": null, "产值": 0.0, "行政区": null, "用地性": null }, "geometry": { "type": "Polygon", "coordinates": [ [ [ 110.189864, 25.243735 ], [ 110.189901, 25.243693 ], [ 110.189945, 25.243733 ], [ 110.189992, 25.243759 ], [ 110.190047, 25.243711 ], [ 110.190037, 25.243704 ], [ 110.190085, 25.243654 ], [ 110.190104, 25.243669 ], [ 110.190241, 25.243562 ], [ 110.190276, 25.243516 ], [ 110.190289, 25.243505 ], [ 110.190086, 25.243283 ], [ 110.190098, 25.243274 ], [ 110.189964, 25.243129 ], [ 110.189906, 25.243169 ], [ 110.189794, 25.243231 ], [ 110.18975, 25.24325 ], [ 110.189661, 25.243266 ], [ 110.189604, 25.243273 ], [ 110.189584, 25.243273 ], [ 110.189583, 25.243287 ], [ 110.189581, 25.24338 ], [ 110.189466, 25.243391 ], [ 110.189077, 25.243397 ], [ 110.189216, 25.243614 ], [ 110.189287, 25.243784 ], [ 110.189709, 25.243731 ], [ 110.189708, 25.243758 ], [ 110.189789, 25.24376 ], [ 110.189787, 25.243745 ], [ 110.189796, 25.243744 ], [ 110.189794, 25.243738 ], [ 110.189795, 25.243738 ], [ 110.189864, 25.243735 ] ] ] } },
{ "type": "Feature", "properties": { "BSM": "450312211000092062", "DLBM": "0601", "DLMC": "工业用地", "图斑面积": 1162.02, "坐落单位": "大律村委会", "企业名称": null, "行业代码": null, "行业名称": null, "产值": 0.0, "行政区": null, "用地性": null }, "geometry": { "type": "Polygon", "coordinates": [ [ [ 110.206076, 25.246601 ], [ 110.205957, 25.246491 ], [ 110.205708, 25.246271 ], [ 110.205559, 25.246423 ], [ 110.205591, 25.246452 ], [ 110.205915, 25.246743 ], [ 110.205961, 25.246703 ], [ 110.206052, 25.246623 ], [ 110.206068, 25.246608 ], [ 110.206073, 25.246604 ], [ 110.206076, 25.246601 ] ] ] } },
{ "type": "Feature", "properties": { "BSM": "450312211000092063", "DLBM": "0601", "DLMC": "工业用地", "图斑面积": 91.93, "坐落单位": "大律村委会", "企业名称": null, "行业代码": null, "行业名称": null, "产值": 0.0, "行政区": null, "用地性": null }, "geometry": { "type": "Polygon", "coordinates": [ [ [ 110.181702, 25.251437 ], [ 110.18162, 25.251443 ], [ 110.181655, 25.251487 ], [ 110.181721, 25.251643 ], [ 110.18173, 25.251637 ], [ 110.181702, 25.251437 ] ] ] } },
{ "type": "Feature", "properties": { "BSM": "450312211000092064", "DLBM": "0601", "DLMC": "工业用地", "图斑面积": 2617.43, "坐落单位": "大律村委会", "企业名称": null, "行业代码": null, "行业名称": null, "产值": 0.0, "行政区": null, "用地性": null }, "geometry": { "type": "Polygon", "coordinates": [ [ [ 110.196674, 25.234556 ], [ 110.196676, 25.234509 ], [ 110.19668, 25.234454 ], [ 110.196682, 25.234381 ], [ 110.196661, 25.234276 ], [ 110.196625, 25.234183 ], [ 110.196607, 25.234189 ], [ 110.1963, 25.234334 ], [ 110.195992, 25.23448 ], [ 110.19617, 25.234837 ], [ 110.19619, 25.234826 ], [ 110.196243, 25.2348 ], [ 110.196221, 25.234755 ], [ 110.196419, 25.23466 ], [ 110.196674, 25.234556 ] ] ] } },
{ "type": "Feature", "properties": { "BSM": "450312211000092261", "DLBM": "0601", "DLMC": "工业用地", "图斑面积": 998.95, "坐落单位": "大律村委会", "企业名称": null, "行业代码": null, "行业名称": null, "产值": 0.0, "行政区": null, "用地性": null }, "geometry": { "type": "Polygon", "coordinates": [ [ [ 110.187534, 25.225247 ], [ 110.187347, 25.225037 ], [ 110.187292, 25.225071 ], [ 110.187098, 25.22519 ], [ 110.187099, 25.225192 ], [ 110.187125, 25.225229 ], [ 110.18714, 25.22525 ], [ 110.187201, 25.225332 ], [ 110.187275, 25.225443 ], [ 110.187275, 25.225443 ], [ 110.187403, 25.225339 ], [ 110.187504, 25.225273 ], [ 110.187534, 25.225247 ] ] ] } },
{ "type": "Feature", "properties": { "BSM": "450312211000092072", "DLBM": "0601", "DLMC": "工业用地", "图斑面积": 10741.41, "坐落单位": "二塘村委会", "企业名称": null, "行业代码": null, "行业名称": null, "产值": 0.0, "行政区": null, "用地性": null }, "geometry": { "type": "Polygon", "coordinates": [ [ [ 110.213996, 25.239055 ], [ 110.213858, 25.239033 ], [ 110.213847, 25.239044 ], [ 110.213838, 25.239057 ], [ 110.213448, 25.238984 ], [ 110.213186, 25.238924 ], [ 110.213175, 25.239102 ], [ 110.213125, 25.239152 ], [ 110.212988, 25.239199 ], [ 110.212788, 25.239293 ], [ 110.212672, 25.239281 ], [ 110.212667, 25.239297 ], [ 110.212594, 25.239496 ], [ 110.212503, 25.239746 ], [ 110.212844, 25.239809 ], [ 110.213012, 25.239852 ], [ 110.213248, 25.239926 ], [ 110.213441, 25.239987 ], [ 110.213582, 25.240031 ], [ 110.213693, 25.239762 ], [ 110.213856, 25.23939 ], [ 110.213987, 25.23907 ], [ 110.213996, 25.239055 ] ] ] } },
{ "type": "Feature", "properties": { "BSM": "450312211000092073", "DLBM": "0601", "DLMC": "工业用地", "图斑面积": 2537.19, "坐落单位": "二塘村委会", "企业名称": null, "行业代码": null, "行业名称": null, "产值": 0.0, "行政区": null, "用地性": null }, "geometry": { "type": "Polygon", "coordinates": [ [ [ 110.212296, 25.239821 ], [ 110.211998, 25.239763 ], [ 110.211701, 25.239705 ], [ 110.21167, 25.239964 ], [ 110.211904, 25.240259 ], [ 110.211974, 25.240324 ], [ 110.212144, 25.240268 ], [ 110.212098, 25.240175 ], [ 110.212015, 25.240124 ], [ 110.21209, 25.240074 ], [ 110.212107, 25.239981 ], [ 110.2123, 25.24 ], [ 110.212296, 25.239821 ] ] ] } },
{ "type": "Feature", "properties": { "BSM": "450312211000092074", "DLBM": "0601", "DLMC": "工业用地", "图斑面积": 8455.83, "坐落单位": "二塘村委会", "企业名称": null, "行业代码": null, "行业名称": null, "产值": 0.0, "行政区": null, "用地性": null }, "geometry": { "type": "Polygon", "coordinates": [ [ [ 110.214546, 25.240296 ], [ 110.214516, 25.240237 ], [ 110.214445, 25.240095 ], [ 110.214428, 25.239966 ], [ 110.214416, 25.239749 ], [ 110.214404, 25.239557 ], [ 110.214386, 25.239467 ], [ 110.214345, 25.23945 ], [ 110.214311, 25.239436 ], [ 110.21406, 25.239343 ], [ 110.214015, 25.239327 ], [ 110.213975, 25.239419 ], [ 110.213975, 25.239419 ], [ 110.213961, 25.239449 ], [ 110.213904, 25.239577 ], [ 110.213853, 25.239691 ], [ 110.213844, 25.239712 ], [ 110.213787, 25.239839 ], [ 110.213773, 25.239869 ], [ 110.213772, 25.239871 ], [ 110.213685, 25.240069 ], [ 110.213659, 25.240128 ], [ 110.213657, 25.240133 ], [ 110.213646, 25.240156 ], [ 110.213623, 25.240209 ], [ 110.213602, 25.240258 ], [ 110.213572, 25.240325 ], [ 110.213825, 25.240405 ], [ 110.214077, 25.240485 ], [ 110.214157, 25.24051 ], [ 110.214227, 25.240532 ], [ 110.214485, 25.240613 ], [ 110.214523, 25.240618 ], [ 110.21453, 25.240453 ], [ 110.214546, 25.240296 ] ] ] } },
{ "type": "Feature", "properties": { "BSM": "450312211000092075", "DLBM": "0601", "DLMC": "工业用地", "图斑面积": 2842.49, "坐落单位": "二塘村委会", "企业名称": null, "行业代码": null, "行业名称": null, "产值": 0.0, "行政区": null, "用地性": null }, "geometry": { "type": "Polygon", "coordinates": [ [ [ 110.20843, 25.245344 ], [ 110.208525, 25.245226 ], [ 110.208617, 25.245135 ], [ 110.20868, 25.2451 ], [ 110.208724, 25.245096 ], [ 110.208792, 25.245105 ], [ 110.208869, 25.245117 ], [ 110.208874, 25.245118 ], [ 110.208877, 25.245106 ], [ 110.208925, 25.244897 ], [ 110.208925, 25.244895 ], [ 110.208632, 25.244711 ], [ 110.208625, 25.244709 ], [ 110.208571, 25.244676 ], [ 110.208561, 25.244698 ], [ 110.208561, 25.244698 ], [ 110.20856, 25.244698 ], [ 110.208544, 25.24474 ], [ 110.208532, 25.244771 ], [ 110.208526, 25.244787 ], [ 110.208522, 25.244785 ], [ 110.208409, 25.244747 ], [ 110.208408, 25.244748 ], [ 110.208372, 25.244837 ], [ 110.208371, 25.244839 ], [ 110.208336, 25.244926 ], [ 110.208334, 25.244931 ], [ 110.208222, 25.245231 ], [ 110.20828, 25.245276 ], [ 110.208406, 25.245371 ], [ 110.208422, 25.245354 ], [ 110.20843, 25.245344 ] ] ] } },
{ "type": "Feature", "properties": { "BSM": "450312211000092079", "DLBM": "0601", "DLMC": "工业用地", "图斑面积": 1111.26, "坐落单位": "二塘村委会", "企业名称": "广西天马钢结构安装工程有限公司", "行业代码": "C33", "行业名称": "金属制品业", "产值": 0.0, "行政区": null, "用地性": null }, "geometry": { "type": "Polygon", "coordinates": [ [ [ 110.178713, 25.206546 ], [ 110.178816, 25.206636 ], [ 110.178892, 25.206716 ], [ 110.178919, 25.206744 ], [ 110.179113, 25.206948 ], [ 110.179279, 25.207093 ], [ 110.179299, 25.207109 ], [ 110.179168, 25.206862 ], [ 110.179036, 25.206614 ], [ 110.178942, 25.206436 ], [ 110.178713, 25.206546 ] ] ] } },
{ "type": "Feature", "properties": { "BSM": "450312211000092081", "DLBM": "0601", "DLMC": "工业用地", "图斑面积": 1411.56, "坐落单位": "二塘村委会", "企业名称": null, "行业代码": null, "行业名称": null, "产值": 0.0, "行政区": null, "用地性": null }, "geometry": { "type": "Polygon", "coordinates": [ [ [ 110.200797, 25.231968 ], [ 110.200764, 25.231933 ], [ 110.200739, 25.231868 ], [ 110.200697, 25.231803 ], [ 110.200618, 25.231703 ], [ 110.200501, 25.231556 ], [ 110.200468, 25.231506 ], [ 110.200343, 25.231352 ], [ 110.20032, 25.231324 ], [ 110.200293, 25.231292 ], [ 110.200282, 25.231245 ], [ 110.200271, 25.231247 ], [ 110.200282, 25.231346 ], [ 110.200325, 25.231473 ], [ 110.200406, 25.231687 ], [ 110.200448, 25.231789 ], [ 110.2005, 25.231897 ], [ 110.200553, 25.231971 ], [ 110.200635, 25.232046 ], [ 110.200666, 25.232072 ], [ 110.200797, 25.231968 ] ] ] } },
{ "type": "Feature", "properties": { "BSM": "450312211000092262", "DLBM": "0601", "DLMC": "工业用地", "图斑面积": 1205.43, "坐落单位": "二塘村委会", "企业名称": null, "行业代码": null, "行业名称": null, "产值": 0.0, "行政区": null, "用地性": null }, "geometry": { "type": "Polygon", "coordinates": [ [ [ 110.193142, 25.22916 ], [ 110.19299, 25.228986 ], [ 110.192926, 25.228987 ], [ 110.192882, 25.228988 ], [ 110.192819, 25.228952 ], [ 110.192711, 25.229111 ], [ 110.192697, 25.229125 ], [ 110.192691, 25.229176 ], [ 110.192843, 25.229378 ], [ 110.192856, 25.229362 ], [ 110.193094, 25.229194 ], [ 110.193142, 25.22916 ] ] ] } },
{ "type": "Feature", "properties": { "BSM": "450312211000092263", "DLBM": "0601", "DLMC": "工业用地", "图斑面积": 4935.48, "坐落单位": "二塘村委会", "企业名称": null, "行业代码": null, "行业名称": null, "产值": 0.0, "行政区": null, "用地性": null }, "geometry": { "type": "Polygon", "coordinates": [ [ [ 110.192974, 25.223845 ], [ 110.192971, 25.223802 ], [ 110.192961, 25.223768 ], [ 110.192878, 25.223466 ], [ 110.192806, 25.22329 ], [ 110.1928, 25.223275 ], [ 110.192771, 25.223289 ], [ 110.192766, 25.223292 ], [ 110.192531, 25.223399 ], [ 110.192296, 25.223506 ], [ 110.192078, 25.22362 ], [ 110.192065, 25.223626 ], [ 110.192287, 25.224005 ], [ 110.192364, 25.224114 ], [ 110.192614, 25.224004 ], [ 110.192864, 25.223895 ], [ 110.192966, 25.223848 ], [ 110.192974, 25.223845 ] ] ] } },
{ "type": "Feature", "properties": { "BSM": "450312211000092264", "DLBM": "0601", "DLMC": "工业用地", "图斑面积": 2490.89, "坐落单位": "二塘村委会", "企业名称": null, "行业代码": null, "行业名称": null, "产值": 0.0, "行政区": null, "用地性": null }, "geometry": { "type": "Polygon", "coordinates": [ [ [ 110.194253, 25.224924 ], [ 110.194188, 25.22498 ], [ 110.194132, 25.225026 ], [ 110.194125, 25.22504 ], [ 110.194095, 25.225153 ], [ 110.194106, 25.22524 ], [ 110.194135, 25.225326 ], [ 110.194176, 25.225418 ], [ 110.194253, 25.225504 ], [ 110.194323, 25.225629 ], [ 110.194325, 25.225638 ], [ 110.194432, 25.225639 ], [ 110.194586, 25.225674 ], [ 110.194707, 25.225677 ], [ 110.194728, 25.22568 ], [ 110.194635, 25.225503 ], [ 110.194382, 25.22517 ], [ 110.19433, 25.225041 ], [ 110.194253, 25.224924 ] ] ] } },
{ "type": "Feature", "properties": { "BSM": "450312211000092266", "DLBM": "0601", "DLMC": "工业用地", "图斑面积": 1007.53, "坐落单位": "二塘村委会", "企业名称": null, "行业代码": null, "行业名称": null, "产值": 0.0, "行政区": null, "用地性": null }, "geometry": { "type": "Polygon", "coordinates": [ [ [ 110.211804, 25.215172 ], [ 110.211794, 25.215174 ], [ 110.21179, 25.215175 ], [ 110.211482, 25.215221 ], [ 110.211287, 25.215256 ], [ 110.211344, 25.21542 ], [ 110.21136, 25.215466 ], [ 110.211409, 25.215508 ], [ 110.211424, 25.215494 ], [ 110.211463, 25.215469 ], [ 110.21154, 25.215448 ], [ 110.211594, 25.215434 ], [ 110.21161, 25.215427 ], [ 110.211637, 25.215385 ], [ 110.211648, 25.215371 ], [ 110.211673, 25.215292 ], [ 110.211697, 25.215287 ], [ 110.211739, 25.215271 ], [ 110.211768, 25.215252 ], [ 110.211791, 25.215225 ], [ 110.211796, 25.215204 ], [ 110.211804, 25.215172 ] ] ] } },
{ "type": "Feature", "properties": { "BSM": "450312211000092267", "DLBM": "0601", "DLMC": "工业用地", "图斑面积": 3133.27, "坐落单位": "二塘村委会", "企业名称": null, "行业代码": null, "行业名称": null, "产值": 0.0, "行政区": null, "用地性": null }, "geometry": { "type": "Polygon", "coordinates": [ [ [ 110.206522, 25.206557 ], [ 110.206509, 25.206551 ], [ 110.20651, 25.206551 ], [ 110.20654, 25.206507 ], [ 110.20657, 25.206465 ], [ 110.206572, 25.206463 ], [ 110.206575, 25.206458 ], [ 110.206576, 25.206457 ], [ 110.206587, 25.206443 ], [ 110.206503, 25.206384 ], [ 110.206445, 25.206343 ], [ 110.206388, 25.206302 ], [ 110.206344, 25.206275 ], [ 110.206326, 25.206282 ], [ 110.206284, 25.206298 ], [ 110.206177, 25.206332 ], [ 110.206025, 25.206396 ], [ 110.206021, 25.206396 ], [ 110.205927, 25.206395 ], [ 110.205894, 25.206387 ], [ 110.20586, 25.206379 ], [ 110.205761, 25.206647 ], [ 110.205953, 25.2067 ], [ 110.206003, 25.206714 ], [ 110.206265, 25.206882 ], [ 110.206361, 25.206749 ], [ 110.206416, 25.206684 ], [ 110.206514, 25.20658 ], [ 110.206522, 25.206557 ] ] ] } },
{ "type": "Feature", "properties": { "BSM": "450312211000092269", "DLBM": "0601", "DLMC": "工业用地", "图斑面积": 2551.8, "坐落单位": "二塘村委会", "企业名称": null, "行业代码": null, "行业名称": null, "产值": 0.0, "行政区": null, "用地性": null }, "geometry": { "type": "Polygon", "coordinates": [ [ [ 110.201016, 25.2258 ], [ 110.201011, 25.225735 ], [ 110.200997, 25.225518 ], [ 110.200643, 25.225495 ], [ 110.200648, 25.225424 ], [ 110.2006, 25.225387 ], [ 110.200595, 25.225333 ], [ 110.200556, 25.225336 ], [ 110.200436, 25.225373 ], [ 110.200426, 25.225421 ], [ 110.200396, 25.225415 ], [ 110.200359, 25.225514 ], [ 110.200291, 25.225514 ], [ 110.20027, 25.225588 ], [ 110.200225, 25.225675 ], [ 110.200219, 25.225694 ], [ 110.200398, 25.22572 ], [ 110.200555, 25.225762 ], [ 110.200797, 25.225803 ], [ 110.201016, 25.2258 ] ] ] } },
{ "type": "Feature", "properties": { "BSM": "450312211000092271", "DLBM": "0601", "DLMC": "工业用地", "图斑面积": 5549.29, "坐落单位": "二塘村委会", "企业名称": null, "行业代码": null, "行业名称": null, "产值": 0.0, "行政区": null, "用地性": null }, "geometry": { "type": "Polygon", "coordinates": [ [ [ 110.195906, 25.226346 ], [ 110.196128, 25.226148 ], [ 110.19637, 25.225941 ], [ 110.196559, 25.225761 ], [ 110.196594, 25.225719 ], [ 110.196658, 25.225643 ], [ 110.196567, 25.225695 ], [ 110.19618, 25.225913 ], [ 110.196142, 25.225925 ], [ 110.195744, 25.226005 ], [ 110.195445, 25.225997 ], [ 110.195098, 25.225998 ], [ 110.194862, 25.226033 ], [ 110.194805, 25.226035 ], [ 110.194731, 25.226198 ], [ 110.194741, 25.226203 ], [ 110.194836, 25.226243 ], [ 110.194919, 25.226272 ], [ 110.194953, 25.226295 ], [ 110.194968, 25.226364 ], [ 110.195002, 25.226416 ], [ 110.195125, 25.226489 ], [ 110.195193, 25.226501 ], [ 110.195269, 25.226418 ], [ 110.195358, 25.226368 ], [ 110.195442, 25.226322 ], [ 110.195596, 25.226257 ], [ 110.195742, 25.226195 ], [ 110.195819, 25.226228 ], [ 110.195887, 25.226323 ], [ 110.195906, 25.226346 ] ] ] } },
{ "type": "Feature", "properties": { "BSM": "450312211000092272", "DLBM": "0601", "DLMC": "工业用地", "图斑面积": 4295.19, "坐落单位": "二塘村委会", "企业名称": null, "行业代码": null, "行业名称": null, "产值": 0.0, "行政区": null, "用地性": null }, "geometry": { "type": "Polygon", "coordinates": [ [ [ 110.19562, 25.221895 ], [ 110.19532, 25.222037 ], [ 110.195021, 25.222179 ], [ 110.194722, 25.222322 ], [ 110.194958, 25.222637 ], [ 110.195424, 25.222625 ], [ 110.195498, 25.222376 ], [ 110.195572, 25.222127 ], [ 110.195688, 25.222154 ], [ 110.195734, 25.222046 ], [ 110.19563, 25.222002 ], [ 110.19562, 25.221895 ] ] ] } },
{ "type": "Feature", "properties": { "BSM": "450312211000092273", "DLBM": "0601", "DLMC": "工业用地", "图斑面积": 5326.55, "坐落单位": "二塘村委会", "企业名称": null, "行业代码": null, "行业名称": null, "产值": 0.0, "行政区": null, "用地性": null }, "geometry": { "type": "Polygon", "coordinates": [ [ [ 110.19913, 25.222951 ], [ 110.199311, 25.222936 ], [ 110.199274, 25.222799 ], [ 110.19916, 25.222519 ], [ 110.198981, 25.222103 ], [ 110.198879, 25.222146 ], [ 110.198808, 25.222076 ], [ 110.198761, 25.222092 ], [ 110.198664, 25.222118 ], [ 110.198641, 25.222226 ], [ 110.198637, 25.22228 ], [ 110.198376, 25.222413 ], [ 110.198436, 25.2225 ], [ 110.198492, 25.222591 ], [ 110.198486, 25.222596 ], [ 110.198514, 25.222689 ], [ 110.198496, 25.22274 ], [ 110.198491, 25.222756 ], [ 110.198489, 25.222761 ], [ 110.198573, 25.222817 ], [ 110.198612, 25.222825 ], [ 110.198913, 25.22279 ], [ 110.198993, 25.222785 ], [ 110.199107, 25.222757 ], [ 110.199113, 25.222849 ], [ 110.198883, 25.222875 ], [ 110.198889, 25.2229 ], [ 110.198788, 25.222921 ], [ 110.198776, 25.222926 ], [ 110.198798, 25.222994 ], [ 110.19913, 25.222951 ] ] ] } },
{ "type": "Feature", "properties": { "BSM": "450312211000092274", "DLBM": "0601", "DLMC": "工业用地", "图斑面积": 3231.74, "坐落单位": "二塘村委会", "企业名称": null, "行业代码": null, "行业名称": null, "产值": 0.0, "行政区": null, "用地性": null }, "geometry": { "type": "Polygon", "coordinates": [ [ [ 110.195283, 25.220482 ], [ 110.195281, 25.220477 ], [ 110.195263, 25.2204 ], [ 110.195243, 25.220261 ], [ 110.195227, 25.220173 ], [ 110.195217, 25.220119 ], [ 110.195178, 25.219942 ], [ 110.195151, 25.219815 ], [ 110.195078, 25.219689 ], [ 110.195032, 25.21964 ], [ 110.194996, 25.219648 ], [ 110.194979, 25.219654 ], [ 110.19495, 25.219664 ], [ 110.194801, 25.219715 ], [ 110.194809, 25.219734 ], [ 110.194813, 25.219746 ], [ 110.194853, 25.21985 ], [ 110.194852, 25.219954 ], [ 110.194844, 25.220002 ], [ 110.194839, 25.220036 ], [ 110.194876, 25.220204 ], [ 110.194887, 25.220224 ], [ 110.194906, 25.220276 ], [ 110.194934, 25.220353 ], [ 110.194939, 25.220366 ], [ 110.194942, 25.220376 ], [ 110.194944, 25.220381 ], [ 110.194941, 25.220383 ], [ 110.194873, 25.220455 ], [ 110.194922, 25.220589 ], [ 110.19494, 25.220586 ], [ 110.194981, 25.22057 ], [ 110.19512, 25.220511 ], [ 110.195249, 25.220491 ], [ 110.195283, 25.220482 ] ] ] } },
{ "type": "Feature", "properties": { "BSM": "450312211000092277", "DLBM": "0601", "DLMC": "工业用地", "图斑面积": 1557.23, "坐落单位": "二塘村委会", "企业名称": null, "行业代码": null, "行业名称": null, "产值": 0.0, "行政区": null, "用地性": null }, "geometry": { "type": "Polygon", "coordinates": [ [ [ 110.207658, 25.214865 ], [ 110.207611, 25.214867 ], [ 110.207529, 25.214832 ], [ 110.207506, 25.214805 ], [ 110.207477, 25.214776 ], [ 110.207464, 25.214754 ], [ 110.207451, 25.214728 ], [ 110.20745, 25.214711 ], [ 110.207453, 25.214687 ], [ 110.207451, 25.214678 ], [ 110.207441, 25.214663 ], [ 110.207376, 25.214576 ], [ 110.20725, 25.214616 ], [ 110.20719, 25.214636 ], [ 110.207179, 25.214638 ], [ 110.207116, 25.214652 ], [ 110.207047, 25.214669 ], [ 110.207057, 25.214698 ], [ 110.207151, 25.214912 ], [ 110.207192, 25.215 ], [ 110.207328, 25.214939 ], [ 110.207412, 25.214928 ], [ 110.207454, 25.214938 ], [ 110.207565, 25.214987 ], [ 110.207658, 25.214865 ] ] ] } },
{ "type": "Feature", "properties": { "BSM": "450312211000092279", "DLBM": "0601", "DLMC": "工业用地", "图斑面积": 3161.82, "坐落单位": "二塘村委会", "企业名称": null, "行业代码": null, "行业名称": null, "产值": 0.0, "行政区": null, "用地性": null }, "geometry": { "type": "Polygon", "coordinates": [ [ [ 110.207009, 25.21424 ], [ 110.207002, 25.214236 ], [ 110.206948, 25.214188 ], [ 110.206914, 25.21417 ], [ 110.206877, 25.214116 ], [ 110.206851, 25.214087 ], [ 110.206873, 25.214067 ], [ 110.206977, 25.214051 ], [ 110.207005, 25.214017 ], [ 110.207021, 25.213984 ], [ 110.207021, 25.21397 ], [ 110.207021, 25.213967 ], [ 110.206952, 25.213873 ], [ 110.20691, 25.21389 ], [ 110.206905, 25.213869 ], [ 110.206883, 25.213766 ], [ 110.206915, 25.213749 ], [ 110.206937, 25.21373 ], [ 110.206962, 25.213694 ], [ 110.206989, 25.213641 ], [ 110.207008, 25.213598 ], [ 110.206763, 25.213357 ], [ 110.206742, 25.213337 ], [ 110.206593, 25.213323 ], [ 110.206588, 25.21335 ], [ 110.206583, 25.213376 ], [ 110.206583, 25.213377 ], [ 110.206576, 25.213407 ], [ 110.206563, 25.213461 ], [ 110.206549, 25.213546 ], [ 110.206549, 25.213564 ], [ 110.20655, 25.213619 ], [ 110.206569, 25.213754 ], [ 110.206604, 25.213851 ], [ 110.206683, 25.214007 ], [ 110.206779, 25.214185 ], [ 110.20689, 25.214352 ], [ 110.206891, 25.214353 ], [ 110.206892, 25.214355 ], [ 110.206894, 25.214359 ], [ 110.206914, 25.214341 ], [ 110.206951, 25.214307 ], [ 110.206981, 25.214275 ], [ 110.207009, 25.21424 ] ] ] } },
{ "type": "Feature", "properties": { "BSM": "450312211000092282", "DLBM": "0601", "DLMC": "工业用地", "图斑面积": 7747.97, "坐落单位": "二塘村委会", "企业名称": null, "行业代码": null, "行业名称": null, "产值": 0.0, "行政区": null, "用地性": null }, "geometry": { "type": "Polygon", "coordinates": [ [ [ 110.196932, 25.222046 ], [ 110.196929, 25.222038 ], [ 110.196919, 25.222014 ], [ 110.196948, 25.22184 ], [ 110.196949, 25.221832 ], [ 110.196976, 25.221608 ], [ 110.197192, 25.221587 ], [ 110.19724, 25.221589 ], [ 110.197241, 25.221617 ], [ 110.197241, 25.221634 ], [ 110.197249, 25.221655 ], [ 110.197268, 25.221674 ], [ 110.1973, 25.221678 ], [ 110.197325, 25.221676 ], [ 110.197491, 25.221659 ], [ 110.197542, 25.22165 ], [ 110.197634, 25.221608 ], [ 110.197624, 25.221589 ], [ 110.197632, 25.221574 ], [ 110.197663, 25.221544 ], [ 110.197724, 25.221496 ], [ 110.197702, 25.221438 ], [ 110.197646, 25.22129 ], [ 110.197642, 25.22128 ], [ 110.197538, 25.2213 ], [ 110.197523, 25.221303 ], [ 110.197523, 25.221301 ], [ 110.197474, 25.221142 ], [ 110.197607, 25.221046 ], [ 110.197637, 25.221024 ], [ 110.19764, 25.221021 ], [ 110.197597, 25.220915 ], [ 110.197597, 25.220915 ], [ 110.197596, 25.220914 ], [ 110.197583, 25.220921 ], [ 110.197241, 25.221089 ], [ 110.197246, 25.221119 ], [ 110.197256, 25.221137 ], [ 110.197246, 25.22115 ], [ 110.197246, 25.221202 ], [ 110.197213, 25.221276 ], [ 110.197191, 25.221317 ], [ 110.197131, 25.221367 ], [ 110.197087, 25.221387 ], [ 110.19704, 25.221399 ], [ 110.19699, 25.221403 ], [ 110.196958, 25.221401 ], [ 110.196912, 25.221364 ], [ 110.196864, 25.221335 ], [ 110.196828, 25.221273 ], [ 110.196778, 25.221298 ], [ 110.196523, 25.221425 ], [ 110.196459, 25.221461 ], [ 110.196458, 25.221461 ], [ 110.196449, 25.221465 ], [ 110.196411, 25.221483 ], [ 110.196346, 25.221514 ], [ 110.196335, 25.221519 ], [ 110.196274, 25.221555 ], [ 110.196163, 25.221596 ], [ 110.196301, 25.221744 ], [ 110.196363, 25.221708 ], [ 110.196454, 25.221816 ], [ 110.196609, 25.221973 ], [ 110.196718, 25.222133 ], [ 110.196748, 25.222176 ], [ 110.196932, 25.222046 ] ] ] } },
{ "type": "Feature", "properties": { "BSM": "450312211000092284", "DLBM": "0601", "DLMC": "工业用地", "图斑面积": 789.96, "坐落单位": "二塘村委会", "企业名称": null, "行业代码": null, "行业名称": null, "产值": 0.0, "行政区": null, "用地性": null }, "geometry": { "type": "Polygon", "coordinates": [ [ [ 110.195744, 25.221188 ], [ 110.195713, 25.221152 ], [ 110.195665, 25.221087 ], [ 110.19565, 25.221068 ], [ 110.195606, 25.22098 ], [ 110.195528, 25.220879 ], [ 110.195512, 25.220891 ], [ 110.195386, 25.220969 ], [ 110.195402, 25.221017 ], [ 110.195432, 25.221111 ], [ 110.195438, 25.221131 ], [ 110.195458, 25.221159 ], [ 110.195527, 25.221254 ], [ 110.195528, 25.221255 ], [ 110.195744, 25.221188 ] ] ] } },
{ "type": "Feature", "properties": { "BSM": "450312211000092286", "DLBM": "0601", "DLMC": "工业用地", "图斑面积": 2505.77, "坐落单位": "二塘村委会", "企业名称": null, "行业代码": null, "行业名称": null, "产值": 0.0, "行政区": null, "用地性": null }, "geometry": { "type": "Polygon", "coordinates": [ [ [ 110.207267, 25.216755 ], [ 110.207261, 25.216689 ], [ 110.207231, 25.216634 ], [ 110.207513, 25.21636 ], [ 110.207513, 25.216322 ], [ 110.20744, 25.216249 ], [ 110.20741, 25.21626 ], [ 110.20731, 25.216299 ], [ 110.207081, 25.216395 ], [ 110.206921, 25.216463 ], [ 110.206903, 25.21647 ], [ 110.206899, 25.216472 ], [ 110.206899, 25.216472 ], [ 110.20693, 25.21655 ], [ 110.206975, 25.216657 ], [ 110.207003, 25.216776 ], [ 110.206995, 25.216818 ], [ 110.206983, 25.216974 ], [ 110.206982, 25.216988 ], [ 110.207233, 25.217012 ], [ 110.207229, 25.216938 ], [ 110.207239, 25.216832 ], [ 110.207267, 25.216755 ] ] ] } },
{ "type": "Feature", "properties": { "BSM": "450312211000092287", "DLBM": "0601", "DLMC": "工业用地", "图斑面积": 398.94, "坐落单位": "二塘村委会", "企业名称": null, "行业代码": null, "行业名称": null, "产值": 0.0, "行政区": null, "用地性": null }, "geometry": { "type": "Polygon", "coordinates": [ [ [ 110.1948, 25.218572 ], [ 110.194802, 25.218656 ], [ 110.194802, 25.218657 ], [ 110.194802, 25.218666 ], [ 110.194799, 25.218775 ], [ 110.194799, 25.218777 ], [ 110.194791, 25.218818 ], [ 110.194942, 25.218825 ], [ 110.194948, 25.21858 ], [ 110.1948, 25.218572 ] ] ] } },
{ "type": "Feature", "properties": { "BSM": "450312211000092288", "DLBM": "0601", "DLMC": "工业用地", "图斑面积": 1424.4, "坐落单位": "二塘村委会", "企业名称": null, "行业代码": null, "行业名称": null, "产值": 0.0, "行政区": null, "用地性": null }, "geometry": { "type": "Polygon", "coordinates": [ [ [ 110.206657, 25.212755 ], [ 110.20669, 25.212702 ], [ 110.206707, 25.212672 ], [ 110.206727, 25.212609 ], [ 110.20673, 25.212544 ], [ 110.206735, 25.212427 ], [ 110.206748, 25.212364 ], [ 110.20677, 25.212317 ], [ 110.206806, 25.212244 ], [ 110.206811, 25.212195 ], [ 110.206815, 25.21216 ], [ 110.206764, 25.212112 ], [ 110.206672, 25.212081 ], [ 110.20656, 25.212075 ], [ 110.206559, 25.212088 ], [ 110.206557, 25.212117 ], [ 110.206539, 25.212364 ], [ 110.206552, 25.212581 ], [ 110.206608, 25.212719 ], [ 110.206624, 25.212758 ], [ 110.206657, 25.212755 ] ] ] } },
{ "type": "Feature", "properties": { "BSM": "450312211000092086", "DLBM": "0601", "DLMC": "工业用地", "图斑面积": 2005.42, "坐落单位": "兰塘村委会", "企业名称": null, "行业代码": null, "行业名称": null, "产值": 0.0, "行政区": null, "用地性": null }, "geometry": { "type": "Polygon", "coordinates": [ [ [ 110.148994, 25.23782 ], [ 110.149085, 25.237793 ], [ 110.148951, 25.23756 ], [ 110.14878, 25.237327 ], [ 110.148715, 25.237332 ], [ 110.148731, 25.237401 ], [ 110.148648, 25.237472 ], [ 110.148664, 25.237514 ], [ 110.14846, 25.237668 ], [ 110.148499, 25.237737 ], [ 110.148614, 25.237699 ], [ 110.148727, 25.237938 ], [ 110.148891, 25.237866 ], [ 110.148994, 25.23782 ] ] ] } },
{ "type": "Feature", "properties": { "BSM": "450312211000092090", "DLBM": "0601", "DLMC": "工业用地", "图斑面积": 12266.68, "坐落单位": "秧塘村委会", "企业名称": null, "行业代码": null, "行业名称": null, "产值": 0.0, "行政区": null, "用地性": null }, "geometry": { "type": "Polygon", "coordinates": [ [ [ 110.133936, 25.247309 ], [ 110.133964, 25.247132 ], [ 110.133968, 25.247105 ], [ 110.13397, 25.247094 ], [ 110.133979, 25.247075 ], [ 110.134137, 25.246817 ], [ 110.134176, 25.246759 ], [ 110.134183, 25.246747 ], [ 110.13419, 25.246734 ], [ 110.134202, 25.246704 ], [ 110.13421, 25.246672 ], [ 110.134223, 25.246573 ], [ 110.134236, 25.246472 ], [ 110.134243, 25.246419 ], [ 110.134246, 25.246394 ], [ 110.134264, 25.246277 ], [ 110.134265, 25.246271 ], [ 110.134284, 25.246145 ], [ 110.134335, 25.24578 ], [ 110.13434, 25.245737 ], [ 110.134346, 25.245693 ], [ 110.134351, 25.245598 ], [ 110.133943, 25.245561 ], [ 110.133881, 25.245555 ], [ 110.133864, 25.245547 ], [ 110.133842, 25.245529 ], [ 110.133805, 25.245498 ], [ 110.133776, 25.245479 ], [ 110.133771, 25.245511 ], [ 110.133754, 25.245615 ], [ 110.133753, 25.24562 ], [ 110.133725, 25.245801 ], [ 110.133683, 25.246097 ], [ 110.133649, 25.246322 ], [ 110.133635, 25.246415 ], [ 110.133597, 25.246642 ], [ 110.133569, 25.246872 ], [ 110.133546, 25.247044 ], [ 110.133529, 25.247174 ], [ 110.133468, 25.247511 ], [ 110.133467, 25.247518 ], [ 110.133467, 25.24752 ], [ 110.133663, 25.247556 ], [ 110.13369, 25.247561 ], [ 110.133738, 25.247574 ], [ 110.133809, 25.247597 ], [ 110.133843, 25.247617 ], [ 110.133852, 25.247629 ], [ 110.133871, 25.24761 ], [ 110.133883, 25.247593 ], [ 110.133893, 25.247577 ], [ 110.133899, 25.247554 ], [ 110.133909, 25.24748 ], [ 110.133935, 25.247319 ], [ 110.133936, 25.247309 ] ] ] } },
{ "type": "Feature", "properties": { "BSM": "450312211000092292", "DLBM": "0601", "DLMC": "工业用地", "图斑面积": 1962.18, "坐落单位": "秧塘村委会", "企业名称": null, "行业代码": null, "行业名称": null, "产值": 0.0, "行政区": null, "用地性": null }, "geometry": { "type": "Polygon", "coordinates": [ [ [ 110.134363, 25.244215 ], [ 110.134376, 25.2442 ], [ 110.134334, 25.244149 ], [ 110.134357, 25.244124 ], [ 110.13432, 25.244077 ], [ 110.134301, 25.244075 ], [ 110.134229, 25.2439 ], [ 110.134092, 25.24386 ], [ 110.134008, 25.243807 ], [ 110.133966, 25.243789 ], [ 110.133924, 25.244086 ], [ 110.133917, 25.244196 ], [ 110.133919, 25.244234 ], [ 110.133927, 25.244264 ], [ 110.133936, 25.244316 ], [ 110.133937, 25.244323 ], [ 110.133943, 25.244324 ], [ 110.134123, 25.244351 ], [ 110.13414, 25.244305 ], [ 110.134276, 25.244337 ], [ 110.134363, 25.244215 ] ] ] } },
{ "type": "Feature", "properties": { "BSM": "450312211000092093", "DLBM": "0601", "DLMC": "工业用地", "图斑面积": 25466.22, "坐落单位": "独峰村委会", "企业名称": null, "行业代码": null, "行业名称": null, "产值": 0.0, "行政区": null, "用地性": null }, "geometry": { "type": "Polygon", "coordinates": [ [ [ 110.132062, 25.243815 ], [ 110.132111, 25.243637 ], [ 110.132111, 25.243636 ], [ 110.132124, 25.243593 ], [ 110.132118, 25.243451 ], [ 110.132118, 25.243447 ], [ 110.132115, 25.243343 ], [ 110.132111, 25.243277 ], [ 110.132111, 25.243263 ], [ 110.132107, 25.243178 ], [ 110.132103, 25.243099 ], [ 110.13209, 25.242857 ], [ 110.132081, 25.242723 ], [ 110.13208, 25.242722 ], [ 110.132052, 25.242701 ], [ 110.132035, 25.242688 ], [ 110.131987, 25.242659 ], [ 110.131895, 25.24262 ], [ 110.131695, 25.242547 ], [ 110.131603, 25.242512 ], [ 110.131457, 25.242443 ], [ 110.131392, 25.242421 ], [ 110.131324, 25.242417 ], [ 110.131177, 25.242397 ], [ 110.130993, 25.242377 ], [ 110.130783, 25.242356 ], [ 110.130718, 25.242351 ], [ 110.130717, 25.242338 ], [ 110.130626, 25.242328 ], [ 110.130621, 25.242328 ], [ 110.130201, 25.242282 ], [ 110.130113, 25.242282 ], [ 110.130147, 25.242407 ], [ 110.13018, 25.242505 ], [ 110.130227, 25.24258 ], [ 110.130238, 25.242653 ], [ 110.130217, 25.242888 ], [ 110.130207, 25.243039 ], [ 110.130193, 25.243187 ], [ 110.130177, 25.243354 ], [ 110.130161, 25.243513 ], [ 110.13015, 25.243643 ], [ 110.130146, 25.243687 ], [ 110.130141, 25.243751 ], [ 110.130391, 25.243765 ], [ 110.130637, 25.243795 ], [ 110.130706, 25.243784 ], [ 110.13074, 25.243714 ], [ 110.130747, 25.243614 ], [ 110.130633, 25.243413 ], [ 110.130537, 25.243325 ], [ 110.130487, 25.243303 ], [ 110.130453, 25.243275 ], [ 110.130445, 25.243213 ], [ 110.130493, 25.24277 ], [ 110.130508, 25.242702 ], [ 110.130514, 25.24269 ], [ 110.13092, 25.242708 ], [ 110.131048, 25.242734 ], [ 110.131073, 25.242739 ], [ 110.131106, 25.242753 ], [ 110.131116, 25.242833 ], [ 110.131063, 25.243236 ], [ 110.131079, 25.243603 ], [ 110.131062, 25.243626 ], [ 110.13098, 25.243633 ], [ 110.130947, 25.243564 ], [ 110.13095, 25.243493 ], [ 110.130912, 25.243447 ], [ 110.130896, 25.243414 ], [ 110.130911, 25.243226 ], [ 110.130644, 25.24323 ], [ 110.130649, 25.243407 ], [ 110.130794, 25.243457 ], [ 110.130828, 25.243495 ], [ 110.130827, 25.243598 ], [ 110.130841, 25.243667 ], [ 110.130877, 25.243697 ], [ 110.131015, 25.243702 ], [ 110.131051, 25.2437 ], [ 110.131061, 25.243744 ], [ 110.131053, 25.243898 ], [ 110.131082, 25.2439 ], [ 110.131199, 25.243909 ], [ 110.131502, 25.243939 ], [ 110.131804, 25.243969 ], [ 110.132012, 25.243999 ], [ 110.132014, 25.243989 ], [ 110.132026, 25.243945 ], [ 110.132038, 25.243901 ], [ 110.132062, 25.243815 ] ] ] } },
{ "type": "Feature", "properties": { "BSM": "450312211000092293", "DLBM": "0601", "DLMC": "工业用地", "图斑面积": 12123.22, "坐落单位": "独峰村委会", "企业名称": null, "行业代码": null, "行业名称": null, "产值": 0.0, "行政区": null, "用地性": null }, "geometry": { "type": "Polygon", "coordinates": [ [ [ 110.117535, 25.245953 ], [ 110.117372, 25.245843 ], [ 110.117301, 25.245745 ], [ 110.1173, 25.245743 ], [ 110.117299, 25.245741 ], [ 110.117227, 25.245613 ], [ 110.117199, 25.245563 ], [ 110.117128, 25.245463 ], [ 110.117066, 25.24541 ], [ 110.117025, 25.245375 ], [ 110.117024, 25.245375 ], [ 110.117024, 25.245374 ], [ 110.116926, 25.245307 ], [ 110.116895, 25.245293 ], [ 110.116868, 25.245293 ], [ 110.116865, 25.245295 ], [ 110.116808, 25.245369 ], [ 110.116806, 25.245372 ], [ 110.116803, 25.245375 ], [ 110.116753, 25.245416 ], [ 110.116744, 25.245424 ], [ 110.11674, 25.245427 ], [ 110.116735, 25.245429 ], [ 110.116655, 25.245466 ], [ 110.116653, 25.245467 ], [ 110.116593, 25.24549 ], [ 110.116553, 25.245533 ], [ 110.116516, 25.245576 ], [ 110.116515, 25.245577 ], [ 110.116511, 25.245581 ], [ 110.116472, 25.245612 ], [ 110.116467, 25.245615 ], [ 110.116462, 25.245618 ], [ 110.116432, 25.24563 ], [ 110.116429, 25.245631 ], [ 110.116393, 25.245642 ], [ 110.116387, 25.245644 ], [ 110.116381, 25.245644 ], [ 110.116375, 25.245644 ], [ 110.116345, 25.24564 ], [ 110.116339, 25.24564 ], [ 110.116334, 25.245638 ], [ 110.116329, 25.245636 ], [ 110.116271, 25.245603 ], [ 110.11618, 25.24556 ], [ 110.116126, 25.245534 ], [ 110.116108, 25.245592 ], [ 110.116105, 25.245696 ], [ 110.116153, 25.245846 ], [ 110.116293, 25.246162 ], [ 110.11643, 25.246439 ], [ 110.116432, 25.246443 ], [ 110.116432, 25.246444 ], [ 110.116505, 25.246409 ], [ 110.116574, 25.246616 ], [ 110.116604, 25.246689 ], [ 110.116646, 25.246683 ], [ 110.116692, 25.246683 ], [ 110.11669, 25.246724 ], [ 110.116757, 25.246734 ], [ 110.116842, 25.246699 ], [ 110.117005, 25.246644 ], [ 110.117028, 25.246636 ], [ 110.117043, 25.246637 ], [ 110.117085, 25.24664 ], [ 110.117115, 25.246633 ], [ 110.117096, 25.246552 ], [ 110.117059, 25.246472 ], [ 110.116991, 25.246374 ], [ 110.116944, 25.246292 ], [ 110.117324, 25.246033 ], [ 110.117383, 25.245974 ], [ 110.117525, 25.246063 ], [ 110.117584, 25.245986 ], [ 110.117535, 25.245953 ] ] ] } },
{ "type": "Feature", "properties": { "BSM": "450312211000092303", "DLBM": "0601", "DLMC": "工业用地", "图斑面积": 1238.17, "坐落单位": "天华村委会", "企业名称": null, "行业代码": null, "行业名称": null, "产值": 0.0, "行政区": null, "用地性": null }, "geometry": { "type": "Polygon", "coordinates": [ [ [ 110.169146, 25.343417 ], [ 110.169143, 25.343421 ], [ 110.169134, 25.343433 ], [ 110.169118, 25.343452 ], [ 110.169034, 25.343574 ], [ 110.16902, 25.343595 ], [ 110.169013, 25.343631 ], [ 110.169015, 25.343667 ], [ 110.169026, 25.34369 ], [ 110.169047, 25.343719 ], [ 110.169109, 25.343807 ], [ 110.169207, 25.343914 ], [ 110.169427, 25.343586 ], [ 110.169326, 25.343529 ], [ 110.169146, 25.343417 ] ] ] } },
{ "type": "Feature", "properties": { "BSM": "450312211000092124", "DLBM": "0601", "DLMC": "工业用地", "图斑面积": 5811.28, "坐落单位": "沙塘村委会", "企业名称": null, "行业代码": null, "行业名称": null, "产值": 0.0, "行政区": null, "用地性": null }, "geometry": { "type": "Polygon", "coordinates": [ [ [ 110.208606, 25.250729 ], [ 110.208654, 25.250402 ], [ 110.20837, 25.250334 ], [ 110.208085, 25.250266 ], [ 110.208072, 25.24988 ], [ 110.207889, 25.249839 ], [ 110.207762, 25.25005 ], [ 110.207635, 25.250261 ], [ 110.207555, 25.250369 ], [ 110.20752, 25.250581 ], [ 110.207861, 25.250629 ], [ 110.208202, 25.250677 ], [ 110.208544, 25.250724 ], [ 110.208544, 25.250724 ], [ 110.208606, 25.250729 ] ] ] } },
{ "type": "Feature", "properties": { "BSM": "450312211000092125", "DLBM": "0601", "DLMC": "工业用地", "图斑面积": 9944.24, "坐落单位": "沙塘村委会", "企业名称": null, "行业代码": null, "行业名称": null, "产值": 0.0, "行政区": null, "用地性": null }, "geometry": { "type": "Polygon", "coordinates": [ [ [ 110.205715, 25.251885 ], [ 110.205899, 25.251484 ], [ 110.205561, 25.251384 ], [ 110.205223, 25.251283 ], [ 110.204885, 25.251183 ], [ 110.204801, 25.251156 ], [ 110.204789, 25.251152 ], [ 110.204651, 25.251112 ], [ 110.204468, 25.251057 ], [ 110.204338, 25.25105 ], [ 110.204166, 25.251041 ], [ 110.204192, 25.251124 ], [ 110.204281, 25.251113 ], [ 110.20439, 25.2511 ], [ 110.204411, 25.251237 ], [ 110.204461, 25.251566 ], [ 110.204926, 25.251511 ], [ 110.204958, 25.251682 ], [ 110.204489, 25.251746 ], [ 110.204538, 25.252064 ], [ 110.205025, 25.251985 ], [ 110.205512, 25.251906 ], [ 110.205715, 25.251885 ] ] ] } },
{ "type": "Feature", "properties": { "BSM": "450312211000092126", "DLBM": "0601", "DLMC": "工业用地", "图斑面积": 2054.05, "坐落单位": "沙塘村委会", "企业名称": null, "行业代码": null, "行业名称": null, "产值": 0.0, "行政区": null, "用地性": null }, "geometry": { "type": "Polygon", "coordinates": [ [ [ 110.181721, 25.251643 ], [ 110.181655, 25.251487 ], [ 110.18162, 25.251443 ], [ 110.18162, 25.251443 ], [ 110.18142, 25.251457 ], [ 110.181424, 25.251506 ], [ 110.181425, 25.251517 ], [ 110.181428, 25.251562 ], [ 110.181428, 25.251562 ], [ 110.181441, 25.251707 ], [ 110.181446, 25.25178 ], [ 110.181463, 25.251988 ], [ 110.181466, 25.252029 ], [ 110.181473, 25.252121 ], [ 110.181762, 25.252108 ], [ 110.181731, 25.25176 ], [ 110.18172, 25.251643 ], [ 110.181721, 25.251643 ] ] ] } },
{ "type": "Feature", "properties": { "BSM": "450312211000092127", "DLBM": "0601", "DLMC": "工业用地", "图斑面积": 2519.55, "坐落单位": "沙塘村委会", "企业名称": null, "行业代码": null, "行业名称": null, "产值": 0.0, "行政区": null, "用地性": null }, "geometry": { "type": "Polygon", "coordinates": [ [ [ 110.215886, 25.253355 ], [ 110.215849, 25.253337 ], [ 110.215652, 25.253245 ], [ 110.21538, 25.253466 ], [ 110.215108, 25.253687 ], [ 110.215099, 25.253695 ], [ 110.215003, 25.253773 ], [ 110.214976, 25.253794 ], [ 110.214944, 25.253818 ], [ 110.214998, 25.253883 ], [ 110.215089, 25.254002 ], [ 110.215131, 25.25397 ], [ 110.215168, 25.253942 ], [ 110.21521, 25.253907 ], [ 110.215264, 25.253861 ], [ 110.215575, 25.253608 ], [ 110.215886, 25.253355 ] ] ] } },
{ "type": "Feature", "properties": { "BSM": "450312211000092128", "DLBM": "0601", "DLMC": "工业用地", "图斑面积": 6194.47, "坐落单位": "沙塘村委会", "企业名称": null, "行业代码": null, "行业名称": null, "产值": 0.0, "行政区": null, "用地性": null }, "geometry": { "type": "Polygon", "coordinates": [ [ [ 110.212957, 25.254549 ], [ 110.213184, 25.254333 ], [ 110.213295, 25.254417 ], [ 110.21354, 25.254189 ], [ 110.213586, 25.254145 ], [ 110.213637, 25.254078 ], [ 110.213649, 25.254064 ], [ 110.213569, 25.253993 ], [ 110.213641, 25.253928 ], [ 110.21338, 25.253697 ], [ 110.213287, 25.253615 ], [ 110.212912, 25.253788 ], [ 110.212536, 25.25396 ], [ 110.212805, 25.254203 ], [ 110.212886, 25.254277 ], [ 110.212774, 25.254384 ], [ 110.212957, 25.254549 ] ] ] } },
{ "type": "Feature", "properties": { "BSM": "450312211000088727", "DLBM": "0601", "DLMC": "工业用地", "图斑面积": 66171.63, "坐落单位": "秧塘旧机场", "企业名称": "安能物流", "行业代码": "G59", "行业名称": "装卸搬运和仓储业", "产值": 0.0, "行政区": null, "用地性": null }, "geometry": { "type": "Polygon", "coordinates": [ [ [ 110.152696, 25.211198 ], [ 110.152677, 25.211191 ], [ 110.152629, 25.211173 ], [ 110.152529, 25.211133 ], [ 110.152422, 25.21109 ], [ 110.152302, 25.21104 ], [ 110.152187, 25.210995 ], [ 110.152065, 25.210945 ], [ 110.151965, 25.210908 ], [ 110.151863, 25.210866 ], [ 110.151728, 25.21081 ], [ 110.151513, 25.210726 ], [ 110.151294, 25.210638 ], [ 110.151102, 25.210562 ], [ 110.150993, 25.210519 ], [ 110.150992, 25.210518 ], [ 110.15099, 25.21058 ], [ 110.15098, 25.210627 ], [ 110.150932, 25.210856 ], [ 110.150906, 25.210984 ], [ 110.150879, 25.211112 ], [ 110.15087, 25.211157 ], [ 110.15085, 25.21125 ], [ 110.150793, 25.211423 ], [ 110.150693, 25.211545 ], [ 110.150423, 25.211666 ], [ 110.150412, 25.211668 ], [ 110.150355, 25.211678 ], [ 110.150355, 25.211678 ], [ 110.150139, 25.211716 ], [ 110.149849, 25.211714 ], [ 110.149523, 25.211712 ], [ 110.149339, 25.21164 ], [ 110.149106, 25.211491 ], [ 110.148972, 25.211458 ], [ 110.148971, 25.211458 ], [ 110.148601, 25.211368 ], [ 110.148601, 25.211369 ], [ 110.148492, 25.211663 ], [ 110.148382, 25.211957 ], [ 110.148273, 25.21225 ], [ 110.148145, 25.212601 ], [ 110.148018, 25.212952 ], [ 110.148046, 25.212943 ], [ 110.14805, 25.212944 ], [ 110.148112, 25.212947 ], [ 110.148139, 25.212947 ], [ 110.148168, 25.21294 ], [ 110.148206, 25.212925 ], [ 110.148317, 25.212888 ], [ 110.148413, 25.21287 ], [ 110.148603, 25.212832 ], [ 110.148768, 25.212807 ], [ 110.148963, 25.212785 ], [ 110.149175, 25.212779 ], [ 110.149324, 25.21278 ], [ 110.149546, 25.212791 ], [ 110.149667, 25.212802 ], [ 110.149882, 25.21284 ], [ 110.150074, 25.21288 ], [ 110.150347, 25.212958 ], [ 110.150454, 25.21299 ], [ 110.150628, 25.213038 ], [ 110.150776, 25.213084 ], [ 110.150902, 25.213121 ], [ 110.150983, 25.213146 ], [ 110.150995, 25.21315 ], [ 110.151008, 25.213144 ], [ 110.151016, 25.21314 ], [ 110.151052, 25.21312 ], [ 110.151068, 25.213108 ], [ 110.151098, 25.213077 ], [ 110.151304, 25.21284 ], [ 110.151563, 25.212541 ], [ 110.151591, 25.212509 ], [ 110.151749, 25.212329 ], [ 110.1518, 25.212271 ], [ 110.15184, 25.212225 ], [ 110.152018, 25.212021 ], [ 110.152196, 25.211816 ], [ 110.152453, 25.211512 ], [ 110.152669, 25.211267 ], [ 110.15269, 25.211234 ], [ 110.152695, 25.211214 ], [ 110.152696, 25.211198 ] ] ] } },
{ "type": "Feature", "properties": { "BSM": "450312211000092152", "DLBM": "0601", "DLMC": "工业用地", "图斑面积": 1461.21, "坐落单位": "秧塘旧机场", "企业名称": null, "行业代码": null, "行业名称": null, "产值": 0.0, "行政区": null, "用地性": null }, "geometry": { "type": "Polygon", "coordinates": [ [ [ 110.1598, 25.208684 ], [ 110.159648, 25.20875 ], [ 110.15947, 25.20884 ], [ 110.15941, 25.208871 ], [ 110.15941, 25.208871 ], [ 110.159434, 25.208966 ], [ 110.159451, 25.208975 ], [ 110.159571, 25.208976 ], [ 110.159798, 25.20897 ], [ 110.159912, 25.20895 ], [ 110.16003, 25.208936 ], [ 110.16007, 25.208917 ], [ 110.160099, 25.208899 ], [ 110.160116, 25.208855 ], [ 110.160081, 25.208832 ], [ 110.159886, 25.20873 ], [ 110.159802, 25.208685 ], [ 110.1598, 25.208684 ] ] ] } },
{ "type": "Feature", "properties": { "BSM": "450312211000092153", "DLBM": "0601", "DLMC": "工业用地", "图斑面积": 78840.44, "坐落单位": "秧塘旧机场", "企业名称": "广汇桂林工业园", "行业代码": "L72", "行业名称": "商业服务业", "产值": 0.0, "行政区": null, "用地性": null }, "geometry": { "type": "Polygon", "coordinates": [ [ [ 110.154694, 25.20893 ], [ 110.154656, 25.208909 ], [ 110.154506, 25.208846 ], [ 110.154488, 25.208837 ], [ 110.154461, 25.208826 ], [ 110.154311, 25.208762 ], [ 110.154139, 25.20869 ], [ 110.153959, 25.208611 ], [ 110.153786, 25.208533 ], [ 110.153774, 25.208528 ], [ 110.153578, 25.208444 ], [ 110.153372, 25.208359 ], [ 110.153171, 25.20827 ], [ 110.152964, 25.208179 ], [ 110.152737, 25.208084 ], [ 110.152559, 25.208007 ], [ 110.152302, 25.207894 ], [ 110.152124, 25.207822 ], [ 110.152067, 25.207798 ], [ 110.152066, 25.207798 ], [ 110.151849, 25.208169 ], [ 110.151674, 25.20848 ], [ 110.151498, 25.208792 ], [ 110.151202, 25.209119 ], [ 110.150905, 25.209446 ], [ 110.150805, 25.209632 ], [ 110.150804, 25.209761 ], [ 110.150895, 25.209961 ], [ 110.150944, 25.210052 ], [ 110.150978, 25.210212 ], [ 110.150978, 25.210212 ], [ 110.151296, 25.210347 ], [ 110.151616, 25.210475 ], [ 110.151983, 25.210623 ], [ 110.152218, 25.210719 ], [ 110.152454, 25.210815 ], [ 110.15275, 25.210938 ], [ 110.152831, 25.210968 ], [ 110.152906, 25.210995 ], [ 110.152936, 25.210988 ], [ 110.152958, 25.210978 ], [ 110.152988, 25.210953 ], [ 110.15303, 25.210909 ], [ 110.153096, 25.210836 ], [ 110.153363, 25.210531 ], [ 110.153667, 25.210184 ], [ 110.153913, 25.209901 ], [ 110.154159, 25.209618 ], [ 110.154406, 25.209335 ], [ 110.154555, 25.209158 ], [ 110.154675, 25.209023 ], [ 110.154693, 25.209001 ], [ 110.154699, 25.208986 ], [ 110.154702, 25.208956 ], [ 110.154694, 25.20893 ] ] ] } },
{ "type": "Feature", "properties": { "BSM": "450312211000092155", "DLBM": "0601", "DLMC": "工业用地", "图斑面积": 75164.19, "坐落单位": "秧塘旧机场", "企业名称": "桂林鸿程矿山设备制造有限公司", "行业代码": "C35", "行业名称": "专业设备制造业", "产值": 0.0, "行政区": null, "用地性": null }, "geometry": { "type": "Polygon", "coordinates": [ [ [ 110.15575, 25.212448 ], [ 110.155437, 25.21231 ], [ 110.155063, 25.212152 ], [ 110.154628, 25.211974 ], [ 110.154225, 25.211803 ], [ 110.153986, 25.211703 ], [ 110.153734, 25.211601 ], [ 110.153487, 25.211499 ], [ 110.15324, 25.211397 ], [ 110.15307, 25.211331 ], [ 110.15299, 25.211303 ], [ 110.152935, 25.211325 ], [ 110.152892, 25.21136 ], [ 110.152715, 25.211565 ], [ 110.152538, 25.211769 ], [ 110.152376, 25.211951 ], [ 110.152214, 25.212133 ], [ 110.151955, 25.212426 ], [ 110.151847, 25.212555 ], [ 110.151753, 25.212675 ], [ 110.151656, 25.212807 ], [ 110.151622, 25.212853 ], [ 110.151559, 25.212929 ], [ 110.151345, 25.21317 ], [ 110.151335, 25.213181 ], [ 110.151334, 25.2132 ], [ 110.151353, 25.21326 ], [ 110.151597, 25.213332 ], [ 110.151724, 25.213367 ], [ 110.152004, 25.213436 ], [ 110.152113, 25.213454 ], [ 110.152375, 25.213504 ], [ 110.152637, 25.213555 ], [ 110.153059, 25.213634 ], [ 110.153305, 25.213682 ], [ 110.153601, 25.213738 ], [ 110.153864, 25.213786 ], [ 110.154187, 25.213853 ], [ 110.154443, 25.213902 ], [ 110.154581, 25.213928 ], [ 110.154609, 25.213895 ], [ 110.154897, 25.213565 ], [ 110.155186, 25.213234 ], [ 110.155474, 25.212904 ], [ 110.155763, 25.212573 ], [ 110.15577, 25.21256 ], [ 110.155774, 25.21255 ], [ 110.155779, 25.212528 ], [ 110.15578, 25.212507 ], [ 110.155775, 25.212488 ], [ 110.155769, 25.212472 ], [ 110.15576, 25.212462 ], [ 110.155753, 25.212454 ], [ 110.15575, 25.212448 ] ] ] } },
{ "type": "Feature", "properties": { "BSM": "450312211000092160", "DLBM": "0601", "DLMC": "工业用地", "图斑面积": 96396.9, "坐落单位": "秧塘旧机场", "企业名称": "千年舟兔宝宝战略合作工厂", "行业代码": "C20", "行业名称": "木材加工和木、竹、藤、棕、草制品", "产值": 0.0, "行政区": null, "用地性": null }, "geometry": { "type": "Polygon", "coordinates": [ [ [ 110.162916, 25.215982 ], [ 110.162962, 25.215921 ], [ 110.163039, 25.215819 ], [ 110.16321, 25.215605 ], [ 110.163394, 25.215368 ], [ 110.163519, 25.215212 ], [ 110.163638, 25.215061 ], [ 110.163855, 25.214788 ], [ 110.164072, 25.214515 ], [ 110.164125, 25.214448 ], [ 110.164137, 25.214429 ], [ 110.164143, 25.214406 ], [ 110.164132, 25.214398 ], [ 110.164053, 25.214341 ], [ 110.163911, 25.214245 ], [ 110.1637, 25.214105 ], [ 110.163471, 25.213951 ], [ 110.163265, 25.213817 ], [ 110.163049, 25.213669 ], [ 110.16285, 25.213536 ], [ 110.16261, 25.213374 ], [ 110.16242, 25.213243 ], [ 110.162389, 25.213221 ], [ 110.162108, 25.213029 ], [ 110.161903, 25.212889 ], [ 110.161726, 25.212769 ], [ 110.161574, 25.212669 ], [ 110.16136, 25.212523 ], [ 110.161215, 25.212429 ], [ 110.160997, 25.21228 ], [ 110.160801, 25.212153 ], [ 110.160763, 25.212128 ], [ 110.160754, 25.212128 ], [ 110.160742, 25.212125 ], [ 110.160718, 25.212119 ], [ 110.16071, 25.212119 ], [ 110.160693, 25.212122 ], [ 110.160679, 25.212126 ], [ 110.16064, 25.212153 ], [ 110.160624, 25.212168 ], [ 110.160617, 25.212179 ], [ 110.16058, 25.212242 ], [ 110.160505, 25.212379 ], [ 110.160447, 25.212478 ], [ 110.160239, 25.21285 ], [ 110.160057, 25.213178 ], [ 110.159875, 25.213507 ], [ 110.159682, 25.213843 ], [ 110.159597, 25.213986 ], [ 110.159603, 25.214031 ], [ 110.159613, 25.214063 ], [ 110.159633, 25.214091 ], [ 110.159653, 25.214114 ], [ 110.159726, 25.214156 ], [ 110.159944, 25.214285 ], [ 110.160159, 25.214414 ], [ 110.160291, 25.21449 ], [ 110.160479, 25.214598 ], [ 110.160764, 25.214763 ], [ 110.160896, 25.214837 ], [ 110.161001, 25.214898 ], [ 110.161173, 25.215 ], [ 110.1614, 25.215129 ], [ 110.161563, 25.215224 ], [ 110.161659, 25.215281 ], [ 110.161781, 25.215352 ], [ 110.161908, 25.215425 ], [ 110.162039, 25.215501 ], [ 110.162158, 25.215569 ], [ 110.162323, 25.215666 ], [ 110.162499, 25.215769 ], [ 110.162578, 25.215812 ], [ 110.162646, 25.21585 ], [ 110.162866, 25.215973 ], [ 110.162894, 25.215982 ], [ 110.162916, 25.215982 ] ] ] } },
{ "type": "Feature", "properties": { "BSM": "450312211000092162", "DLBM": "0601", "DLMC": "工业用地", "图斑面积": 9658.89, "坐落单位": "秧塘旧机场", "企业名称": "桂林鑫明机械有限责任公司", "行业代码": "C34", "行业名称": "通用设备制造业", "产值": 0.0, "行政区": null, "用地性": null }, "geometry": { "type": "Polygon", "coordinates": [ [ [ 110.17638, 25.215302 ], [ 110.176399, 25.214893 ], [ 110.1764, 25.214875 ], [ 110.176246, 25.214955 ], [ 110.17587, 25.215148 ], [ 110.175743, 25.21521 ], [ 110.175742, 25.215223 ], [ 110.175721, 25.215639 ], [ 110.1757, 25.216054 ], [ 110.17568, 25.21647 ], [ 110.175679, 25.216479 ], [ 110.176118, 25.21649 ], [ 110.176186, 25.216418 ], [ 110.176254, 25.216345 ], [ 110.176274, 25.216324 ], [ 110.17629, 25.216053 ], [ 110.17631, 25.215628 ], [ 110.176347, 25.215607 ], [ 110.176371, 25.215495 ], [ 110.17638, 25.215302 ] ] ] } },
{ "type": "Feature", "properties": { "BSM": "450312211000092165", "DLBM": "0601", "DLMC": "工业用地", "图斑面积": 70897.46, "坐落单位": "秧塘旧机场", "企业名称": "桂林尚益汽配有限责任公司", "行业代码": "C36", "行业名称": "汽车制造业", "产值": 0.0, "行政区": null, "用地性": null }, "geometry": { "type": "Polygon", "coordinates": [ [ [ 110.165215, 25.218533 ], [ 110.165211, 25.218488 ], [ 110.165202, 25.218452 ], [ 110.165177, 25.218415 ], [ 110.165026, 25.218283 ], [ 110.164842, 25.218129 ], [ 110.164597, 25.217903 ], [ 110.164352, 25.217678 ], [ 110.164107, 25.217452 ], [ 110.163887, 25.217253 ], [ 110.163705, 25.217087 ], [ 110.163568, 25.216958 ], [ 110.163396, 25.216803 ], [ 110.163242, 25.216659 ], [ 110.163129, 25.216554 ], [ 110.163042, 25.216477 ], [ 110.163002, 25.216442 ], [ 110.162983, 25.216429 ], [ 110.162969, 25.216424 ], [ 110.162942, 25.216424 ], [ 110.162906, 25.216467 ], [ 110.162887, 25.216495 ], [ 110.16285, 25.216542 ], [ 110.162705, 25.216724 ], [ 110.162502, 25.216982 ], [ 110.162299, 25.21724 ], [ 110.162068, 25.217534 ], [ 110.161837, 25.217827 ], [ 110.161738, 25.217951 ], [ 110.161699, 25.218007 ], [ 110.161692, 25.218023 ], [ 110.161689, 25.218038 ], [ 110.161687, 25.21806 ], [ 110.161722, 25.218095 ], [ 110.161922, 25.218282 ], [ 110.162122, 25.218469 ], [ 110.162425, 25.218747 ], [ 110.162593, 25.218908 ], [ 110.16274, 25.21904 ], [ 110.162916, 25.219212 ], [ 110.163177, 25.219447 ], [ 110.163247, 25.219512 ], [ 110.163288, 25.219555 ], [ 110.163444, 25.219692 ], [ 110.163464, 25.219712 ], [ 110.16349, 25.219748 ], [ 110.163492, 25.219764 ], [ 110.163493, 25.219786 ], [ 110.163497, 25.2198 ], [ 110.163511, 25.219819 ], [ 110.163619, 25.219922 ], [ 110.163701, 25.219995 ], [ 110.163718, 25.219997 ], [ 110.163741, 25.220001 ], [ 110.163784, 25.220007 ], [ 110.163806, 25.220007 ], [ 110.163839, 25.220001 ], [ 110.163858, 25.219994 ], [ 110.163872, 25.219982 ], [ 110.163891, 25.219967 ], [ 110.164208, 25.219627 ], [ 110.164524, 25.219286 ], [ 110.164812, 25.21898 ], [ 110.1651, 25.218673 ], [ 110.165191, 25.218562 ], [ 110.165215, 25.218533 ] ] ] } },
{ "type": "Feature", "properties": { "BSM": "450312211000092169", "DLBM": "0601", "DLMC": "工业用地", "图斑面积": 8202.76, "坐落单位": "秧塘旧机场", "企业名称": null, "行业代码": null, "行业名称": null, "产值": 0.0, "行政区": null, "用地性": null }, "geometry": { "type": "Polygon", "coordinates": [ [ [ 110.178867, 25.229294 ], [ 110.179187, 25.229138 ], [ 110.179257, 25.229232 ], [ 110.179512, 25.229107 ], [ 110.179768, 25.228982 ], [ 110.179561, 25.228827 ], [ 110.179354, 25.228672 ], [ 110.179045, 25.228464 ], [ 110.178799, 25.228593 ], [ 110.178553, 25.228722 ], [ 110.178398, 25.229014 ], [ 110.178332, 25.229075 ], [ 110.178548, 25.22945 ], [ 110.178867, 25.229294 ] ] ] } },
{ "type": "Feature", "properties": { "BSM": "450312211000092172", "DLBM": "0601", "DLMC": "工业用地", "图斑面积": 29038.93, "坐落单位": "秧塘旧机场", "企业名称": null, "行业代码": null, "行业名称": null, "产值": 0.0, "行政区": null, "用地性": null }, "geometry": { "type": "Polygon", "coordinates": [ [ [ 110.181192, 25.231501 ], [ 110.181188, 25.231473 ], [ 110.181186, 25.231448 ], [ 110.181182, 25.231407 ], [ 110.181186, 25.231388 ], [ 110.181206, 25.231337 ], [ 110.181223, 25.231256 ], [ 110.18117, 25.231163 ], [ 110.181137, 25.231081 ], [ 110.181113, 25.231021 ], [ 110.181088, 25.230946 ], [ 110.181079, 25.230938 ], [ 110.181059, 25.230934 ], [ 110.181036, 25.230927 ], [ 110.181019, 25.230917 ], [ 110.180981, 25.230863 ], [ 110.180804, 25.230555 ], [ 110.180706, 25.230452 ], [ 110.180519, 25.230258 ], [ 110.180333, 25.230065 ], [ 110.180315, 25.230047 ], [ 110.18031, 25.230041 ], [ 110.180129, 25.229853 ], [ 110.179921, 25.229637 ], [ 110.179818, 25.229566 ], [ 110.179395, 25.229772 ], [ 110.178971, 25.229977 ], [ 110.178548, 25.230182 ], [ 110.178591, 25.230231 ], [ 110.178783, 25.230449 ], [ 110.178975, 25.230667 ], [ 110.179075, 25.230789 ], [ 110.179257, 25.230969 ], [ 110.179268, 25.23096 ], [ 110.179326, 25.230912 ], [ 110.17933, 25.23091 ], [ 110.179368, 25.23089 ], [ 110.179432, 25.230843 ], [ 110.179571, 25.230816 ], [ 110.17959, 25.230811 ], [ 110.179723, 25.230782 ], [ 110.179821, 25.230875 ], [ 110.179895, 25.230945 ], [ 110.179926, 25.230975 ], [ 110.18, 25.231045 ], [ 110.180082, 25.231123 ], [ 110.180156, 25.231211 ], [ 110.18016, 25.231215 ], [ 110.180211, 25.231276 ], [ 110.180239, 25.23131 ], [ 110.180325, 25.231412 ], [ 110.180396, 25.231497 ], [ 110.180415, 25.231519 ], [ 110.180439, 25.231552 ], [ 110.180541, 25.231502 ], [ 110.180548, 25.231518 ], [ 110.180622, 25.231685 ], [ 110.180887, 25.231598 ], [ 110.181152, 25.231512 ], [ 110.181192, 25.231501 ] ] ] } },
{ "type": "Feature", "properties": { "BSM": "450312211000092173", "DLBM": "0601", "DLMC": "工业用地", "图斑面积": 13999.1, "坐落单位": "秧塘旧机场", "企业名称": "桂林福达股份有限公司", "行业代码": "C36", "行业名称": "汽车制造业", "产值": 0.0, "行政区": null, "用地性": null }, "geometry": { "type": "Polygon", "coordinates": [ [ [ 110.154406, 25.207248 ], [ 110.154393, 25.207243 ], [ 110.154224, 25.207187 ], [ 110.154076, 25.207133 ], [ 110.153875, 25.207151 ], [ 110.153825, 25.207155 ], [ 110.153452, 25.207246 ], [ 110.153078, 25.207336 ], [ 110.152704, 25.207426 ], [ 110.152391, 25.207528 ], [ 110.152347, 25.207542 ], [ 110.152335, 25.207546 ], [ 110.152276, 25.207578 ], [ 110.152277, 25.207579 ], [ 110.152436, 25.207652 ], [ 110.15273, 25.20778 ], [ 110.152964, 25.207881 ], [ 110.153152, 25.207964 ], [ 110.153294, 25.208025 ], [ 110.153435, 25.208087 ], [ 110.153638, 25.208172 ], [ 110.153775, 25.208232 ], [ 110.15388, 25.208278 ], [ 110.153981, 25.208078 ], [ 110.154128, 25.207785 ], [ 110.154251, 25.207549 ], [ 110.154406, 25.207248 ], [ 110.154406, 25.207248 ] ] ] } },
{ "type": "Feature", "properties": { "BSM": "450312211000092385", "DLBM": "0601", "DLMC": "工业用地", "图斑面积": 659.9, "坐落单位": "二圳村委会", "企业名称": null, "行业代码": null, "行业名称": null, "产值": 0.0, "行政区": null, "用地性": null }, "geometry": { "type": "Polygon", "coordinates": [ [ [ 109.935465, 25.171072 ], [ 109.935435, 25.171051 ], [ 109.935357, 25.170995 ], [ 109.935303, 25.170951 ], [ 109.935226, 25.170899 ], [ 109.935094, 25.170843 ], [ 109.935037, 25.170808 ], [ 109.935029, 25.170834 ], [ 109.935002, 25.170929 ], [ 109.935012, 25.170935 ], [ 109.935015, 25.170935 ], [ 109.935023, 25.170937 ], [ 109.935031, 25.170941 ], [ 109.935032, 25.170941 ], [ 109.935249, 25.171063 ], [ 109.935253, 25.171066 ], [ 109.9353, 25.171098 ], [ 109.935302, 25.171099 ], [ 109.935376, 25.171154 ], [ 109.935377, 25.171155 ], [ 109.935383, 25.171161 ], [ 109.935395, 25.171174 ], [ 109.935465, 25.171072 ] ] ] } },
{ "type": "Feature", "properties": { "BSM": "450312211000092386", "DLBM": "0601", "DLMC": "工业用地", "图斑面积": 649.11, "坐落单位": "二圳村委会", "企业名称": null, "行业代码": null, "行业名称": null, "产值": 0.0, "行政区": null, "用地性": null }, "geometry": { "type": "Polygon", "coordinates": [ [ [ 109.934418, 25.167882 ], [ 109.934358, 25.168152 ], [ 109.934357, 25.168155 ], [ 109.934452, 25.168178 ], [ 109.934487, 25.168158 ], [ 109.934617, 25.168124 ], [ 109.934745, 25.168057 ], [ 109.934741, 25.167998 ], [ 109.934688, 25.168001 ], [ 109.93457, 25.168016 ], [ 109.934545, 25.167986 ], [ 109.934483, 25.167928 ], [ 109.934418, 25.167882 ] ] ] } },
{ "type": "Feature", "properties": { "BSM": "450312211000116908", "DLBM": "0601", "DLMC": "工业用地", "图斑面积": 710.24, "坐落单位": "山口村委会", "企业名称": null, "行业代码": null, "行业名称": null, "产值": 0.0, "行政区": null, "用地性": null }, "geometry": { "type": "Polygon", "coordinates": [ [ [ 109.973689, 25.1678 ], [ 109.973663, 25.167773 ], [ 109.973457, 25.167702 ], [ 109.973446, 25.167751 ], [ 109.973426, 25.167884 ], [ 109.973426, 25.167904 ], [ 109.973426, 25.167905 ], [ 109.973424, 25.167928 ], [ 109.973422, 25.167932 ], [ 109.97341, 25.16795 ], [ 109.973406, 25.16796 ], [ 109.973406, 25.16797 ], [ 109.97341, 25.167985 ], [ 109.973421, 25.167998 ], [ 109.973421, 25.168005 ], [ 109.973426, 25.168007 ], [ 109.973519, 25.168046 ], [ 109.973546, 25.168057 ], [ 109.973615, 25.167972 ], [ 109.973689, 25.1678 ] ] ] } },
{ "type": "Feature", "properties": { "BSM": "450312211000092387", "DLBM": "0601", "DLMC": "工业用地", "图斑面积": 214.6, "坐落单位": "保全村委会", "企业名称": null, "行业代码": null, "行业名称": null, "产值": 0.0, "行政区": null, "用地性": null }, "geometry": { "type": "Polygon", "coordinates": [ [ [ 109.961073, 25.192193 ], [ 109.961127, 25.192139 ], [ 109.961126, 25.192139 ], [ 109.961116, 25.192137 ], [ 109.961049, 25.192125 ], [ 109.960864, 25.192091 ], [ 109.960843, 25.192112 ], [ 109.960837, 25.19216 ], [ 109.960865, 25.192167 ], [ 109.961007, 25.192198 ], [ 109.961035, 25.192199 ], [ 109.961073, 25.192193 ] ] ] } },
{ "type": "Feature", "properties": { "BSM": "450312211000092388", "DLBM": "0601", "DLMC": "工业用地", "图斑面积": 1850.41, "坐落单位": "古定村委会", "企业名称": null, "行业代码": null, "行业名称": null, "产值": 0.0, "行政区": null, "用地性": null }, "geometry": { "type": "Polygon", "coordinates": [ [ [ 110.001699, 25.192635 ], [ 110.001395, 25.192574 ], [ 110.001337, 25.192724 ], [ 110.001257, 25.192944 ], [ 110.001238, 25.193006 ], [ 110.001579, 25.193131 ], [ 110.001607, 25.193053 ], [ 110.001699, 25.192635 ] ] ] } },
{ "type": "Feature", "properties": { "BSM": "450312211000092390", "DLBM": "0601", "DLMC": "工业用地", "图斑面积": 3185.29, "坐落单位": "古定村委会", "企业名称": null, "行业代码": null, "行业名称": null, "产值": 0.0, "行政区": null, "用地性": null }, "geometry": { "type": "Polygon", "coordinates": [ [ [ 110.010375, 25.173134 ], [ 110.010337, 25.173112 ], [ 110.010239, 25.173064 ], [ 110.010156, 25.173026 ], [ 110.010087, 25.173002 ], [ 110.009959, 25.172963 ], [ 110.009695, 25.172896 ], [ 110.009664, 25.172914 ], [ 110.009621, 25.17298 ], [ 110.009616, 25.17313 ], [ 110.009619, 25.173241 ], [ 110.009598, 25.173295 ], [ 110.00961, 25.173314 ], [ 110.009609, 25.173424 ], [ 110.010029, 25.173373 ], [ 110.010329, 25.173331 ], [ 110.010327, 25.173147 ], [ 110.010375, 25.173134 ] ] ] } },
{ "type": "Feature", "properties": { "BSM": "450312211000092392", "DLBM": "0601", "DLMC": "工业用地", "图斑面积": 8180.97, "坐落单位": "宝山村委会", "企业名称": null, "行业代码": null, "行业名称": null, "产值": 0.0, "行政区": null, "用地性": null }, "geometry": { "type": "Polygon", "coordinates": [ [ [ 110.019247, 25.175215 ], [ 110.019241, 25.1752 ], [ 110.019231, 25.175178 ], [ 110.019068, 25.174805 ], [ 110.019042, 25.174555 ], [ 110.019044, 25.17434 ], [ 110.019075, 25.174324 ], [ 110.019075, 25.174293 ], [ 110.019075, 25.174278 ], [ 110.019083, 25.174261 ], [ 110.019087, 25.174252 ], [ 110.019118, 25.174237 ], [ 110.019148, 25.174229 ], [ 110.019145, 25.174017 ], [ 110.018944, 25.173946 ], [ 110.01889, 25.173927 ], [ 110.018869, 25.17392 ], [ 110.018742, 25.173877 ], [ 110.018624, 25.173858 ], [ 110.018516, 25.173852 ], [ 110.018526, 25.174049 ], [ 110.018552, 25.174298 ], [ 110.018578, 25.174548 ], [ 110.018614, 25.174909 ], [ 110.018648, 25.17535 ], [ 110.018739, 25.175331 ], [ 110.019122, 25.175249 ], [ 110.019247, 25.175215 ] ] ] } },
{ "type": "Feature", "properties": { "BSM": "450312211000092393", "DLBM": "0601", "DLMC": "工业用地", "图斑面积": 2786.04, "坐落单位": "宝山村委会", "企业名称": null, "行业代码": null, "行业名称": null, "产值": 0.0, "行政区": null, "用地性": null }, "geometry": { "type": "Polygon", "coordinates": [ [ [ 110.018463, 25.174729 ], [ 110.018101, 25.174746 ], [ 110.018131, 25.175037 ], [ 110.01816, 25.175328 ], [ 110.018152, 25.175368 ], [ 110.018185, 25.175365 ], [ 110.018231, 25.175362 ], [ 110.018391, 25.175452 ], [ 110.018531, 25.175531 ], [ 110.01851, 25.175266 ], [ 110.018489, 25.175 ], [ 110.018463, 25.174729 ] ] ] } },
{ "type": "Feature", "properties": { "BSM": "450312211000092395", "DLBM": "0601", "DLMC": "工业用地", "图斑面积": 581.74, "坐落单位": "宝山村委会", "企业名称": null, "行业代码": null, "行业名称": null, "产值": 0.0, "行政区": null, "用地性": null }, "geometry": { "type": "Polygon", "coordinates": [ [ [ 110.012853, 25.175868 ], [ 110.012775, 25.175865 ], [ 110.012708, 25.175866 ], [ 110.012691, 25.175957 ], [ 110.01267, 25.175984 ], [ 110.012561, 25.176056 ], [ 110.012638, 25.1761 ], [ 110.012643, 25.176103 ], [ 110.012645, 25.176105 ], [ 110.01276, 25.176202 ], [ 110.012762, 25.176204 ], [ 110.012762, 25.176205 ], [ 110.012815, 25.176103 ], [ 110.012831, 25.176024 ], [ 110.012853, 25.175868 ] ] ] } },
{ "type": "Feature", "properties": { "BSM": "450312211000092396", "DLBM": "0601", "DLMC": "工业用地", "图斑面积": 233.41, "坐落单位": "宝山村委会", "企业名称": null, "行业代码": null, "行业名称": null, "产值": 0.0, "行政区": null, "用地性": null }, "geometry": { "type": "Polygon", "coordinates": [ [ [ 110.013136, 25.17615 ], [ 110.013036, 25.176142 ], [ 110.012989, 25.176152 ], [ 110.012976, 25.17617 ], [ 110.012972, 25.176249 ], [ 110.012992, 25.176269 ], [ 110.013062, 25.176285 ], [ 110.013131, 25.176287 ], [ 110.013136, 25.176155 ], [ 110.013136, 25.17615 ] ] ] } },
{ "type": "Feature", "properties": { "BSM": "450312211000092398", "DLBM": "0601", "DLMC": "工业用地", "图斑面积": 9725.05, "坐落单位": "宝山村委会", "企业名称": null, "行业代码": null, "行业名称": null, "产值": 0.0, "行政区": null, "用地性": null }, "geometry": { "type": "Polygon", "coordinates": [ [ [ 110.017771, 25.164733 ], [ 110.017414, 25.164623 ], [ 110.017332, 25.164605 ], [ 110.017104, 25.164551 ], [ 110.017049, 25.164575 ], [ 110.017009, 25.164625 ], [ 110.017012, 25.164669 ], [ 110.017041, 25.164764 ], [ 110.017118, 25.164801 ], [ 110.017111, 25.16487 ], [ 110.017055, 25.16499 ], [ 110.01701, 25.165055 ], [ 110.016969, 25.165217 ], [ 110.017064, 25.165231 ], [ 110.017056, 25.165274 ], [ 110.016992, 25.165559 ], [ 110.016927, 25.165844 ], [ 110.017364, 25.165925 ], [ 110.017635, 25.165968 ], [ 110.017652, 25.165786 ], [ 110.017684, 25.165337 ], [ 110.017688, 25.165302 ], [ 110.017702, 25.165009 ], [ 110.017714, 25.164893 ], [ 110.017771, 25.164733 ] ] ] } },
{ "type": "Feature", "properties": { "BSM": "450312211000092399", "DLBM": "0601", "DLMC": "工业用地", "图斑面积": 1103.71, "坐落单位": "宝山村委会", "企业名称": null, "行业代码": null, "行业名称": null, "产值": 0.0, "行政区": null, "用地性": null }, "geometry": { "type": "Polygon", "coordinates": [ [ [ 110.010967, 25.172431 ], [ 110.010974, 25.172392 ], [ 110.011122, 25.172286 ], [ 110.011138, 25.172193 ], [ 110.011086, 25.172116 ], [ 110.011, 25.172082 ], [ 110.010768, 25.172255 ], [ 110.010601, 25.172346 ], [ 110.010623, 25.172353 ], [ 110.010661, 25.172367 ], [ 110.010739, 25.172395 ], [ 110.010824, 25.172425 ], [ 110.010847, 25.172433 ], [ 110.010967, 25.172431 ] ] ] } },
{ "type": "Feature", "properties": { "BSM": "450312211000049779", "DLBM": "0601", "DLMC": "工业用地", "图斑面积": 2658.04, "坐落单位": "城联村委会", "企业名称": null, "行业代码": null, "行业名称": null, "产值": 0.0, "行政区": null, "用地性": null }, "geometry": { "type": "Polygon", "coordinates": [ [ [ 110.015222, 25.17799 ], [ 110.015189, 25.178006 ], [ 110.015163, 25.178019 ], [ 110.015108, 25.177968 ], [ 110.014872, 25.178084 ], [ 110.014789, 25.178126 ], [ 110.014763, 25.17814 ], [ 110.014762, 25.178141 ], [ 110.014764, 25.178141 ], [ 110.015064, 25.178177 ], [ 110.015364, 25.178213 ], [ 110.015704, 25.178263 ], [ 110.016043, 25.178312 ], [ 110.016126, 25.178339 ], [ 110.016134, 25.178218 ], [ 110.016132, 25.178166 ], [ 110.016064, 25.17812 ], [ 110.01594, 25.178101 ], [ 110.015707, 25.178068 ], [ 110.015225, 25.17799 ], [ 110.015222, 25.17799 ] ] ] } },
{ "type": "Feature", "properties": { "BSM": "450312211000092200", "DLBM": "0601", "DLMC": "工业用地", "图斑面积": 49059.06, "坐落单位": "城联村委会", "企业名称": null, "行业代码": null, "行业名称": null, "产值": 0.0, "行政区": null, "用地性": null }, "geometry": { "type": "Polygon", "coordinates": [ [ [ 110.018056, 25.178356 ], [ 110.017789, 25.178328 ], [ 110.017715, 25.17832 ], [ 110.017683, 25.178317 ], [ 110.017627, 25.178307 ], [ 110.017548, 25.178293 ], [ 110.017278, 25.178246 ], [ 110.017247, 25.17824 ], [ 110.017152, 25.178224 ], [ 110.017045, 25.178205 ], [ 110.016817, 25.178165 ], [ 110.016802, 25.178162 ], [ 110.01675, 25.178173 ], [ 110.016722, 25.178261 ], [ 110.016522, 25.178244 ], [ 110.01652, 25.178243 ], [ 110.016408, 25.17835 ], [ 110.016378, 25.178379 ], [ 110.016338, 25.178402 ], [ 110.016334, 25.178404 ], [ 110.016331, 25.178403 ], [ 110.016281, 25.178379 ], [ 110.01625, 25.178387 ], [ 110.016203, 25.178364 ], [ 110.016126, 25.178339 ], [ 110.016043, 25.178312 ], [ 110.015704, 25.178263 ], [ 110.015364, 25.178213 ], [ 110.015064, 25.178177 ], [ 110.014764, 25.178141 ], [ 110.014762, 25.178141 ], [ 110.014644, 25.178206 ], [ 110.014543, 25.178297 ], [ 110.014573, 25.178341 ], [ 110.014574, 25.178465 ], [ 110.014583, 25.1785 ], [ 110.014589, 25.17854 ], [ 110.014589, 25.17854 ], [ 110.014589, 25.178541 ], [ 110.014759, 25.178775 ], [ 110.014879, 25.178947 ], [ 110.014937, 25.179015 ], [ 110.014978, 25.178999 ], [ 110.015109, 25.179175 ], [ 110.015091, 25.179192 ], [ 110.015257, 25.179331 ], [ 110.015312, 25.179377 ], [ 110.015346, 25.179406 ], [ 110.01554, 25.179528 ], [ 110.015954, 25.179628 ], [ 110.016199, 25.179706 ], [ 110.016518, 25.179822 ], [ 110.016786, 25.179895 ], [ 110.017211, 25.180011 ], [ 110.017496, 25.180088 ], [ 110.017636, 25.17967 ], [ 110.01775, 25.179311 ], [ 110.017821, 25.179086 ], [ 110.017892, 25.178861 ], [ 110.017987, 25.178581 ], [ 110.01803, 25.178424 ], [ 110.018056, 25.178356 ] ] ] } },
{ "type": "Feature", "properties": { "BSM": "450312211000092201", "DLBM": "0601", "DLMC": "工业用地", "图斑面积": 59855.38, "坐落单位": "城联村委会", "企业名称": null, "行业代码": null, "行业名称": null, "产值": 0.0, "行政区": null, "用地性": null }, "geometry": { "type": "Polygon", "coordinates": [ [ [ 110.021978, 25.190573 ], [ 110.022, 25.190514 ], [ 110.022036, 25.190489 ], [ 110.022128, 25.19044 ], [ 110.022164, 25.190426 ], [ 110.022262, 25.19038 ], [ 110.022107, 25.190112 ], [ 110.021937, 25.189885 ], [ 110.021636, 25.18997 ], [ 110.021679, 25.190098 ], [ 110.021563, 25.190154 ], [ 110.02163, 25.190295 ], [ 110.021585, 25.190327 ], [ 110.021454, 25.190377 ], [ 110.021398, 25.190317 ], [ 110.021337, 25.190283 ], [ 110.021286, 25.190229 ], [ 110.021215, 25.190106 ], [ 110.020972, 25.190207 ], [ 110.020892, 25.190099 ], [ 110.020813, 25.189924 ], [ 110.020753, 25.189738 ], [ 110.020686, 25.189538 ], [ 110.020659, 25.189476 ], [ 110.020588, 25.189404 ], [ 110.020517, 25.189372 ], [ 110.020456, 25.189367 ], [ 110.02043, 25.189365 ], [ 110.020427, 25.189365 ], [ 110.020304, 25.189356 ], [ 110.020045, 25.189349 ], [ 110.020077, 25.18926 ], [ 110.020078, 25.189244 ], [ 110.020078, 25.189243 ], [ 110.01976, 25.189148 ], [ 110.019809, 25.188999 ], [ 110.019666, 25.188971 ], [ 110.019623, 25.188959 ], [ 110.019529, 25.188945 ], [ 110.01932, 25.188908 ], [ 110.019297, 25.18896 ], [ 110.01914, 25.188898 ], [ 110.019015, 25.188843 ], [ 110.018975, 25.18882 ], [ 110.018965, 25.1888 ], [ 110.018839, 25.188834 ], [ 110.018819, 25.18884 ], [ 110.018565, 25.188888 ], [ 110.018504, 25.188903 ], [ 110.018319, 25.188949 ], [ 110.018042, 25.188991 ], [ 110.017831, 25.189026 ], [ 110.017832, 25.189034 ], [ 110.017833, 25.18905 ], [ 110.017832, 25.18905 ], [ 110.017833, 25.189051 ], [ 110.017836, 25.189092 ], [ 110.017874, 25.18949 ], [ 110.017881, 25.189655 ], [ 110.017887, 25.189805 ], [ 110.017922, 25.190142 ], [ 110.017947, 25.190442 ], [ 110.017969, 25.190642 ], [ 110.017976, 25.190704 ], [ 110.017995, 25.190809 ], [ 110.018063, 25.190829 ], [ 110.018216, 25.19083 ], [ 110.018578, 25.19081 ], [ 110.018845, 25.190796 ], [ 110.019264, 25.19076 ], [ 110.019382, 25.190749 ], [ 110.019638, 25.190721 ], [ 110.019893, 25.190692 ], [ 110.020103, 25.190667 ], [ 110.020446, 25.190627 ], [ 110.020709, 25.190596 ], [ 110.020971, 25.190566 ], [ 110.021221, 25.190527 ], [ 110.02147, 25.190489 ], [ 110.021494, 25.190485 ], [ 110.021519, 25.190481 ], [ 110.021642, 25.190471 ], [ 110.021755, 25.190488 ], [ 110.021866, 25.190522 ], [ 110.021978, 25.190573 ] ] ] } },
{ "type": "Feature", "properties": { "BSM": "450312211000092402", "DLBM": "0601", "DLMC": "工业用地", "图斑面积": 47949.23, "坐落单位": "城联村委会", "企业名称": null, "行业代码": null, "行业名称": null, "产值": 0.0, "行政区": null, "用地性": null }, "geometry": { "type": "Polygon", "coordinates": [ [ [ 110.018821, 25.19197 ], [ 110.019067, 25.191943 ], [ 110.019157, 25.191907 ], [ 110.019183, 25.191896 ], [ 110.019527, 25.191786 ], [ 110.019632, 25.191776 ], [ 110.019731, 25.191788 ], [ 110.019847, 25.191851 ], [ 110.019923, 25.191939 ], [ 110.020009, 25.192006 ], [ 110.020156, 25.19201 ], [ 110.020234, 25.192008 ], [ 110.02041, 25.191939 ], [ 110.020387, 25.191822 ], [ 110.020378, 25.191599 ], [ 110.02039, 25.191503 ], [ 110.020702, 25.191528 ], [ 110.02069, 25.191591 ], [ 110.021052, 25.191633 ], [ 110.021085, 25.191748 ], [ 110.021162, 25.191719 ], [ 110.021176, 25.191716 ], [ 110.021159, 25.191649 ], [ 110.021165, 25.191494 ], [ 110.021455, 25.191438 ], [ 110.021469, 25.191159 ], [ 110.021607, 25.191221 ], [ 110.021705, 25.191263 ], [ 110.021724, 25.191421 ], [ 110.02158, 25.191448 ], [ 110.021649, 25.191693 ], [ 110.021665, 25.191685 ], [ 110.021767, 25.191655 ], [ 110.021826, 25.191609 ], [ 110.021983, 25.19154 ], [ 110.022194, 25.191496 ], [ 110.022372, 25.191531 ], [ 110.022493, 25.191556 ], [ 110.022627, 25.19161 ], [ 110.022782, 25.19176 ], [ 110.022896, 25.191653 ], [ 110.022978, 25.191539 ], [ 110.023027, 25.191329 ], [ 110.023179, 25.19138 ], [ 110.023247, 25.191091 ], [ 110.023301, 25.190867 ], [ 110.023277, 25.190882 ], [ 110.023243, 25.190958 ], [ 110.023229, 25.190972 ], [ 110.023168, 25.191005 ], [ 110.023079, 25.19103 ], [ 110.022958, 25.191052 ], [ 110.022816, 25.191008 ], [ 110.022536, 25.19088 ], [ 110.022139, 25.190707 ], [ 110.021909, 25.190602 ], [ 110.021749, 25.190549 ], [ 110.02156, 25.19053 ], [ 110.021413, 25.190546 ], [ 110.021152, 25.190586 ], [ 110.020975, 25.190605 ], [ 110.020591, 25.190655 ], [ 110.020312, 25.190692 ], [ 110.020124, 25.190709 ], [ 110.020081, 25.190713 ], [ 110.019752, 25.190749 ], [ 110.019702, 25.190756 ], [ 110.019729, 25.190827 ], [ 110.019594, 25.190866 ], [ 110.019552, 25.190833 ], [ 110.019451, 25.190913 ], [ 110.019251, 25.190938 ], [ 110.019191, 25.190937 ], [ 110.019114, 25.190936 ], [ 110.019099, 25.190937 ], [ 110.019087, 25.190943 ], [ 110.019078, 25.190949 ], [ 110.019068, 25.190968 ], [ 110.019049, 25.191025 ], [ 110.019039, 25.191032 ], [ 110.019029, 25.191033 ], [ 110.018997, 25.191029 ], [ 110.018967, 25.191019 ], [ 110.018819, 25.190978 ], [ 110.018812, 25.19098 ], [ 110.018803, 25.190984 ], [ 110.0188, 25.190992 ], [ 110.018807, 25.191117 ], [ 110.01883, 25.191401 ], [ 110.018822, 25.191427 ], [ 110.01881, 25.191441 ], [ 110.018798, 25.191447 ], [ 110.018782, 25.191447 ], [ 110.018749, 25.191448 ], [ 110.018749, 25.191491 ], [ 110.018648, 25.191507 ], [ 110.018658, 25.191538 ], [ 110.018443, 25.191548 ], [ 110.018442, 25.191502 ], [ 110.018133, 25.191541 ], [ 110.018119, 25.191688 ], [ 110.018169, 25.191695 ], [ 110.018147, 25.1918 ], [ 110.018119, 25.1918 ], [ 110.018109, 25.191903 ], [ 110.018145, 25.191917 ], [ 110.01815, 25.191936 ], [ 110.018143, 25.191992 ], [ 110.01832, 25.192001 ], [ 110.018447, 25.192008 ], [ 110.018672, 25.191985 ], [ 110.018719, 25.191981 ], [ 110.018804, 25.191972 ], [ 110.018821, 25.19197 ] ] ] } },
{ "type": "Feature", "properties": { "BSM": "450312211000092406", "DLBM": "0601", "DLMC": "工业用地", "图斑面积": 2153.86, "坐落单位": "城联村委会", "企业名称": null, "行业代码": null, "行业名称": null, "产值": 0.0, "行政区": null, "用地性": null }, "geometry": { "type": "Polygon", "coordinates": [ [ [ 110.008737, 25.200555 ], [ 110.008687, 25.200588 ], [ 110.008467, 25.200752 ], [ 110.00824, 25.200916 ], [ 110.008264, 25.200938 ], [ 110.008287, 25.200947 ], [ 110.008362, 25.200957 ], [ 110.008601, 25.20098 ], [ 110.008741, 25.200998 ], [ 110.008952, 25.201017 ], [ 110.009089, 25.201031 ], [ 110.009073, 25.200797 ], [ 110.008986, 25.200789 ], [ 110.008908, 25.200789 ], [ 110.008758, 25.200782 ], [ 110.008756, 25.200759 ], [ 110.008692, 25.200765 ], [ 110.008681, 25.2007 ], [ 110.008781, 25.200652 ], [ 110.008775, 25.200622 ], [ 110.008737, 25.200555 ] ] ] } },
{ "type": "Feature", "properties": { "BSM": "450312211000092407", "DLBM": "0601", "DLMC": "工业用地", "图斑面积": 4352.36, "坐落单位": "城联村委会", "企业名称": null, "行业代码": null, "行业名称": null, "产值": 0.0, "行政区": null, "用地性": null }, "geometry": { "type": "Polygon", "coordinates": [ [ [ 110.006178, 25.202885 ], [ 110.006171, 25.202874 ], [ 110.006154, 25.202861 ], [ 110.006131, 25.202838 ], [ 110.006083, 25.202812 ], [ 110.005976, 25.202789 ], [ 110.005891, 25.202752 ], [ 110.005827, 25.202722 ], [ 110.005821, 25.202722 ], [ 110.005726, 25.202721 ], [ 110.005627, 25.202711 ], [ 110.005551, 25.202695 ], [ 110.005466, 25.202685 ], [ 110.005468, 25.202747 ], [ 110.005324, 25.202763 ], [ 110.005345, 25.202866 ], [ 110.005241, 25.202887 ], [ 110.004928, 25.202711 ], [ 110.004823, 25.202721 ], [ 110.004705, 25.202751 ], [ 110.004658, 25.20276 ], [ 110.00462, 25.202756 ], [ 110.004509, 25.202937 ], [ 110.004563, 25.202996 ], [ 110.004762, 25.203087 ], [ 110.004748, 25.203119 ], [ 110.00506, 25.203068 ], [ 110.005525, 25.202987 ], [ 110.00591, 25.202933 ], [ 110.006168, 25.202888 ], [ 110.006178, 25.202885 ] ] ] } },
{ "type": "Feature", "properties": { "BSM": "450312211000092408", "DLBM": "0601", "DLMC": "工业用地", "图斑面积": 4539.68, "坐落单位": "城联村委会", "企业名称": null, "行业代码": null, "行业名称": null, "产值": 0.0, "行政区": null, "用地性": null }, "geometry": { "type": "Polygon", "coordinates": [ [ [ 110.006661, 25.203465 ], [ 110.006726, 25.203452 ], [ 110.006754, 25.203446 ], [ 110.006786, 25.203438 ], [ 110.006864, 25.20342 ], [ 110.006951, 25.203424 ], [ 110.006965, 25.203377 ], [ 110.007002, 25.203373 ], [ 110.007095, 25.203379 ], [ 110.007146, 25.203383 ], [ 110.00721, 25.203356 ], [ 110.007264, 25.203274 ], [ 110.007261, 25.203268 ], [ 110.007241, 25.20325 ], [ 110.007204, 25.203239 ], [ 110.007185, 25.203219 ], [ 110.007171, 25.203183 ], [ 110.007163, 25.203132 ], [ 110.007163, 25.203098 ], [ 110.00719, 25.202972 ], [ 110.007134, 25.202973 ], [ 110.007078, 25.202996 ], [ 110.007075, 25.202997 ], [ 110.00703, 25.20301 ], [ 110.007026, 25.203011 ], [ 110.007006, 25.203016 ], [ 110.006958, 25.203012 ], [ 110.006925, 25.202991 ], [ 110.006862, 25.202979 ], [ 110.00671, 25.202966 ], [ 110.006593, 25.202981 ], [ 110.006481, 25.202991 ], [ 110.006415, 25.202978 ], [ 110.006348, 25.20296 ], [ 110.006318, 25.202939 ], [ 110.00623, 25.202962 ], [ 110.006241, 25.203027 ], [ 110.006275, 25.203132 ], [ 110.006338, 25.20333 ], [ 110.0064, 25.203501 ], [ 110.006463, 25.203478 ], [ 110.006588, 25.203478 ], [ 110.006661, 25.203465 ] ] ] } },
{ "type": "Feature", "properties": { "BSM": "450312211000092409", "DLBM": "0601", "DLMC": "工业用地", "图斑面积": 4893.89, "坐落单位": "城联村委会", "企业名称": null, "行业代码": null, "行业名称": null, "产值": 0.0, "行政区": null, "用地性": null }, "geometry": { "type": "Polygon", "coordinates": [ [ [ 110.006352, 25.203533 ], [ 110.006353, 25.203532 ], [ 110.006354, 25.20353 ], [ 110.006354, 25.20353 ], [ 110.006277, 25.203284 ], [ 110.006199, 25.203068 ], [ 110.00616, 25.203006 ], [ 110.006131, 25.202989 ], [ 110.005841, 25.203037 ], [ 110.005609, 25.203082 ], [ 110.0052, 25.20314 ], [ 110.004841, 25.203196 ], [ 110.004904, 25.203248 ], [ 110.004927, 25.203269 ], [ 110.004957, 25.203283 ], [ 110.005055, 25.203271 ], [ 110.005182, 25.203265 ], [ 110.005316, 25.20327 ], [ 110.005449, 25.203307 ], [ 110.005506, 25.203368 ], [ 110.005508, 25.203369 ], [ 110.005545, 25.203399 ], [ 110.005593, 25.203427 ], [ 110.005674, 25.203468 ], [ 110.005921, 25.203491 ], [ 110.005972, 25.203504 ], [ 110.00604, 25.203549 ], [ 110.006072, 25.203566 ], [ 110.0061, 25.20358 ], [ 110.006167, 25.203566 ], [ 110.00621, 25.203556 ], [ 110.006349, 25.203533 ], [ 110.006352, 25.203533 ] ] ] } },
{ "type": "Feature", "properties": { "BSM": "450312211000092415", "DLBM": "0601", "DLMC": "工业用地", "图斑面积": 1257.19, "坐落单位": "城联村委会", "企业名称": null, "行业代码": null, "行业名称": null, "产值": 0.0, "行政区": null, "用地性": null }, "geometry": { "type": "Polygon", "coordinates": [ [ [ 110.007853, 25.199152 ], [ 110.007749, 25.199098 ], [ 110.007616, 25.199006 ], [ 110.007562, 25.198966 ], [ 110.007525, 25.198948 ], [ 110.007468, 25.198938 ], [ 110.007438, 25.198938 ], [ 110.007365, 25.198937 ], [ 110.007315, 25.198937 ], [ 110.007397, 25.199074 ], [ 110.007558, 25.199341 ], [ 110.007586, 25.199396 ], [ 110.007853, 25.199152 ] ] ] } },
{ "type": "Feature", "properties": { "BSM": "450312211000092423", "DLBM": "0601", "DLMC": "工业用地", "图斑面积": 728.22, "坐落单位": "城联村委会", "企业名称": null, "行业代码": null, "行业名称": null, "产值": 0.0, "行政区": null, "用地性": null }, "geometry": { "type": "Polygon", "coordinates": [ [ [ 110.017644, 25.192698 ], [ 110.017588, 25.192693 ], [ 110.017545, 25.192694 ], [ 110.017522, 25.192698 ], [ 110.017445, 25.192757 ], [ 110.017376, 25.193024 ], [ 110.017558, 25.193075 ], [ 110.017629, 25.192768 ], [ 110.017644, 25.192698 ] ] ] } },
{ "type": "Feature", "properties": { "BSM": "450312211000092425", "DLBM": "0601", "DLMC": "工业用地", "图斑面积": 1419.36, "坐落单位": "城联村委会", "企业名称": null, "行业代码": null, "行业名称": null, "产值": 0.0, "行政区": null, "用地性": null }, "geometry": { "type": "Polygon", "coordinates": [ [ [ 110.017484, 25.184223 ], [ 110.017516, 25.184223 ], [ 110.017566, 25.184223 ], [ 110.017615, 25.184225 ], [ 110.017612, 25.184058 ], [ 110.017533, 25.184058 ], [ 110.017533, 25.183964 ], [ 110.017499, 25.183963 ], [ 110.017493, 25.183855 ], [ 110.01748, 25.183848 ], [ 110.017454, 25.183845 ], [ 110.017391, 25.183844 ], [ 110.017199, 25.183859 ], [ 110.017207, 25.18393 ], [ 110.017256, 25.184283 ], [ 110.017285, 25.184251 ], [ 110.017316, 25.184222 ], [ 110.017361, 25.184222 ], [ 110.017484, 25.184223 ] ] ] } },
{ "type": "Feature", "properties": { "BSM": "450312211000092433", "DLBM": "0601", "DLMC": "工业用地", "图斑面积": 7639.01, "坐落单位": "城联村委会", "企业名称": null, "行业代码": null, "行业名称": null, "产值": 0.0, "行政区": null, "用地性": null }, "geometry": { "type": "Polygon", "coordinates": [ [ [ 110.009153, 25.201236 ], [ 110.009168, 25.201203 ], [ 110.009175, 25.201089 ], [ 110.00908, 25.201079 ], [ 110.009034, 25.201074 ], [ 110.008971, 25.201067 ], [ 110.008925, 25.201062 ], [ 110.008684, 25.201035 ], [ 110.008364, 25.200999 ], [ 110.008213, 25.200973 ], [ 110.008192, 25.200955 ], [ 110.008082, 25.201042 ], [ 110.007917, 25.201197 ], [ 110.007814, 25.201313 ], [ 110.007707, 25.201485 ], [ 110.007683, 25.201527 ], [ 110.007698, 25.20153 ], [ 110.007708, 25.201535 ], [ 110.007716, 25.20152 ], [ 110.007788, 25.20146 ], [ 110.007865, 25.201426 ], [ 110.007898, 25.201393 ], [ 110.007968, 25.201301 ], [ 110.007997, 25.20128 ], [ 110.008031, 25.201268 ], [ 110.008054, 25.201267 ], [ 110.00807, 25.20128 ], [ 110.00809, 25.201322 ], [ 110.008121, 25.201405 ], [ 110.008123, 25.201413 ], [ 110.00814, 25.201454 ], [ 110.008155, 25.201494 ], [ 110.008162, 25.201545 ], [ 110.00824, 25.201711 ], [ 110.008254, 25.201724 ], [ 110.008288, 25.201724 ], [ 110.008313, 25.201715 ], [ 110.008333, 25.201714 ], [ 110.008348, 25.201723 ], [ 110.008396, 25.201731 ], [ 110.008477, 25.20172 ], [ 110.008555, 25.201717 ], [ 110.008737, 25.201737 ], [ 110.008897, 25.201754 ], [ 110.008931, 25.201768 ], [ 110.008943, 25.201755 ], [ 110.008956, 25.201755 ], [ 110.008968, 25.201752 ], [ 110.008975, 25.201738 ], [ 110.008981, 25.20171 ], [ 110.008983, 25.201673 ], [ 110.008995, 25.201652 ], [ 110.009, 25.20164 ], [ 110.009021, 25.201597 ], [ 110.009022, 25.20158 ], [ 110.009007, 25.201552 ], [ 110.008988, 25.201539 ], [ 110.00895, 25.201522 ], [ 110.008913, 25.201507 ], [ 110.008906, 25.201499 ], [ 110.008905, 25.201486 ], [ 110.008904, 25.201373 ], [ 110.008909, 25.201347 ], [ 110.008941, 25.201317 ], [ 110.008955, 25.201321 ], [ 110.008969, 25.20132 ], [ 110.008986, 25.201307 ], [ 110.009006, 25.201285 ], [ 110.009027, 25.201271 ], [ 110.009042, 25.20125 ], [ 110.009063, 25.201245 ], [ 110.009102, 25.201241 ], [ 110.009153, 25.201236 ] ] ] } },
{ "type": "Feature", "properties": { "BSM": "450312211000092434", "DLBM": "0601", "DLMC": "工业用地", "图斑面积": 2384.98, "坐落单位": "城联村委会", "企业名称": null, "行业代码": null, "行业名称": null, "产值": 0.0, "行政区": null, "用地性": null }, "geometry": { "type": "Polygon", "coordinates": [ [ [ 110.01636, 25.176602 ], [ 110.016007, 25.176596 ], [ 110.016006, 25.176596 ], [ 110.015962, 25.176697 ], [ 110.015927, 25.176778 ], [ 110.015809, 25.177025 ], [ 110.015936, 25.177076 ], [ 110.01594, 25.177079 ], [ 110.016136, 25.177216 ], [ 110.016151, 25.177237 ], [ 110.016185, 25.177283 ], [ 110.016185, 25.177283 ], [ 110.016186, 25.177284 ], [ 110.016232, 25.177075 ], [ 110.016299, 25.176812 ], [ 110.016351, 25.176651 ], [ 110.016358, 25.176613 ], [ 110.01636, 25.176602 ] ] ] } },
{ "type": "Feature", "properties": { "BSM": "450312211000092435", "DLBM": "0601", "DLMC": "工业用地", "图斑面积": 3916.44, "坐落单位": "城联村委会", "企业名称": null, "行业代码": null, "行业名称": null, "产值": 0.0, "行政区": null, "用地性": null }, "geometry": { "type": "Polygon", "coordinates": [ [ [ 110.016986, 25.176597 ], [ 110.016911, 25.176596 ], [ 110.0169, 25.176596 ], [ 110.016831, 25.176596 ], [ 110.016669, 25.176596 ], [ 110.016555, 25.176597 ], [ 110.016542, 25.176597 ], [ 110.016472, 25.176971 ], [ 110.016406, 25.177261 ], [ 110.01641, 25.177278 ], [ 110.016425, 25.177287 ], [ 110.016484, 25.177297 ], [ 110.016511, 25.177305 ], [ 110.016521, 25.177321 ], [ 110.016515, 25.177372 ], [ 110.016868, 25.177394 ], [ 110.016919, 25.17701 ], [ 110.016986, 25.176597 ] ] ] } },
{ "type": "Feature", "properties": { "BSM": "450312211000089480", "DLBM": "0601", "DLMC": "工业用地", "图斑面积": 3248.84, "坐落单位": "高寨村委会", "企业名称": null, "行业代码": null, "行业名称": null, "产值": 0.0, "行政区": null, "用地性": null }, "geometry": { "type": "Polygon", "coordinates": [ [ [ 110.001015, 25.207771 ], [ 110.001022, 25.207751 ], [ 110.001031, 25.207745 ], [ 110.001053, 25.207741 ], [ 110.001085, 25.207731 ], [ 110.001134, 25.207712 ], [ 110.001187, 25.207664 ], [ 110.001244, 25.207602 ], [ 110.001251, 25.207586 ], [ 110.001273, 25.207551 ], [ 110.001295, 25.207516 ], [ 110.001419, 25.207389 ], [ 110.001397, 25.207302 ], [ 110.001362, 25.207253 ], [ 110.00135, 25.207243 ], [ 110.001137, 25.207079 ], [ 110.001022, 25.207166 ], [ 110.000986, 25.207157 ], [ 110.000966, 25.207138 ], [ 110.000895, 25.207227 ], [ 110.000812, 25.207317 ], [ 110.000736, 25.207386 ], [ 110.000766, 25.20742 ], [ 110.000784, 25.20744 ], [ 110.000807, 25.207571 ], [ 110.000872, 25.207785 ], [ 110.000918, 25.207777 ], [ 110.000985, 25.20777 ], [ 110.001015, 25.207771 ] ] ] } },
{ "type": "Feature", "properties": { "BSM": "450312211000092436", "DLBM": "0601", "DLMC": "工业用地", "图斑面积": 1859.58, "坐落单位": "高寨村委会", "企业名称": null, "行业代码": null, "行业名称": null, "产值": 0.0, "行政区": null, "用地性": null }, "geometry": { "type": "Polygon", "coordinates": [ [ [ 110.004395, 25.203191 ], [ 110.004366, 25.203174 ], [ 110.004327, 25.203159 ], [ 110.004285, 25.203152 ], [ 110.004238, 25.203164 ], [ 110.004211, 25.203174 ], [ 110.00419, 25.203175 ], [ 110.004142, 25.203148 ], [ 110.004117, 25.203109 ], [ 110.004092, 25.203036 ], [ 110.00409, 25.203024 ], [ 110.004039, 25.203035 ], [ 110.004008, 25.20303 ], [ 110.003978, 25.202978 ], [ 110.003893, 25.202998 ], [ 110.003874, 25.203115 ], [ 110.003752, 25.203153 ], [ 110.003566, 25.203232 ], [ 110.003614, 25.203342 ], [ 110.003672, 25.203475 ], [ 110.003689, 25.203467 ], [ 110.004028, 25.20331 ], [ 110.004149, 25.203269 ], [ 110.004268, 25.203228 ], [ 110.004296, 25.203219 ], [ 110.004395, 25.203191 ] ] ] } },
{ "type": "Feature", "properties": { "BSM": "450312211000092442", "DLBM": "0601", "DLMC": "工业用地", "图斑面积": 7389.17, "坐落单位": "高寨村委会", "企业名称": null, "行业代码": null, "行业名称": null, "产值": 0.0, "行政区": null, "用地性": null }, "geometry": { "type": "Polygon", "coordinates": [ [ [ 110.002745, 25.203915 ], [ 110.002744, 25.203915 ], [ 110.002741, 25.203902 ], [ 110.002741, 25.203829 ], [ 110.002595, 25.203805 ], [ 110.00255, 25.203785 ], [ 110.002572, 25.203735 ], [ 110.002586, 25.203708 ], [ 110.00259, 25.203682 ], [ 110.00259, 25.203658 ], [ 110.002557, 25.203606 ], [ 110.002545, 25.203579 ], [ 110.002547, 25.203555 ], [ 110.002553, 25.203519 ], [ 110.002603, 25.203442 ], [ 110.002607, 25.203428 ], [ 110.002608, 25.203396 ], [ 110.002603, 25.203335 ], [ 110.002603, 25.203313 ], [ 110.002629, 25.203232 ], [ 110.002648, 25.203196 ], [ 110.00272, 25.203096 ], [ 110.00273, 25.203082 ], [ 110.002685, 25.203056 ], [ 110.002635, 25.203043 ], [ 110.002613, 25.203061 ], [ 110.002395, 25.203053 ], [ 110.002366, 25.203054 ], [ 110.002234, 25.203049 ], [ 110.002227, 25.202957 ], [ 110.002024, 25.202956 ], [ 110.002038, 25.203058 ], [ 110.002007, 25.203062 ], [ 110.002043, 25.203346 ], [ 110.001985, 25.203352 ], [ 110.001978, 25.203358 ], [ 110.001952, 25.20339 ], [ 110.001942, 25.203444 ], [ 110.001945, 25.20348 ], [ 110.002019, 25.203556 ], [ 110.002039, 25.203797 ], [ 110.00209, 25.203801 ], [ 110.002115, 25.203816 ], [ 110.002135, 25.203848 ], [ 110.002133, 25.20389 ], [ 110.002112, 25.203948 ], [ 110.002081, 25.204031 ], [ 110.002068, 25.204051 ], [ 110.002045, 25.204074 ], [ 110.001935, 25.204119 ], [ 110.001912, 25.204139 ], [ 110.001891, 25.204189 ], [ 110.001876, 25.204204 ], [ 110.001844, 25.204202 ], [ 110.001881, 25.204302 ], [ 110.002032, 25.204242 ], [ 110.002302, 25.204108 ], [ 110.002491, 25.204026 ], [ 110.002502, 25.204021 ], [ 110.002618, 25.20397 ], [ 110.002745, 25.203915 ] ] ] } },
{ "type": "Feature", "properties": { "BSM": "450312211000092443", "DLBM": "0601", "DLMC": "工业用地", "图斑面积": 15596.58, "坐落单位": "车梁村委会", "企业名称": null, "行业代码": null, "行业名称": null, "产值": 0.0, "行政区": null, "用地性": null }, "geometry": { "type": "Polygon", "coordinates": [ [ [ 110.022143, 25.220293 ], [ 110.022143, 25.220291 ], [ 110.022119, 25.220159 ], [ 110.02217, 25.220147 ], [ 110.022201, 25.22014 ], [ 110.022165, 25.219917 ], [ 110.022156, 25.219916 ], [ 110.022129, 25.219912 ], [ 110.022005, 25.219893 ], [ 110.02199, 25.219859 ], [ 110.021991, 25.219851 ], [ 110.022018, 25.219616 ], [ 110.021789, 25.219562 ], [ 110.021473, 25.219432 ], [ 110.02152, 25.219285 ], [ 110.021363, 25.219242 ], [ 110.02142, 25.219015 ], [ 110.020975, 25.218898 ], [ 110.020907, 25.21888 ], [ 110.020684, 25.21887 ], [ 110.020671, 25.219197 ], [ 110.02068, 25.219441 ], [ 110.020689, 25.219573 ], [ 110.020708, 25.219889 ], [ 110.020727, 25.220206 ], [ 110.020863, 25.220194 ], [ 110.02123, 25.220197 ], [ 110.021287, 25.220197 ], [ 110.021475, 25.220199 ], [ 110.021519, 25.220199 ], [ 110.021545, 25.220199 ], [ 110.021553, 25.220199 ], [ 110.021805, 25.220191 ], [ 110.021851, 25.220189 ], [ 110.021851, 25.220189 ], [ 110.021891, 25.220188 ], [ 110.021899, 25.220187 ], [ 110.021934, 25.220332 ], [ 110.02213, 25.220294 ], [ 110.022143, 25.220293 ] ] ] } },
{ "type": "Feature", "properties": { "BSM": "450312211000092445", "DLBM": "0601", "DLMC": "工业用地", "图斑面积": 4380.4, "坐落单位": "车梁村委会", "企业名称": null, "行业代码": null, "行业名称": null, "产值": 0.0, "行政区": null, "用地性": null }, "geometry": { "type": "Polygon", "coordinates": [ [ [ 110.021234, 25.232798 ], [ 110.021244, 25.232667 ], [ 110.021251, 25.232425 ], [ 110.021257, 25.232183 ], [ 110.021257, 25.232166 ], [ 110.021208, 25.232144 ], [ 110.021099, 25.232113 ], [ 110.021072, 25.232126 ], [ 110.021032, 25.232146 ], [ 110.021028, 25.232152 ], [ 110.021023, 25.23217 ], [ 110.021019, 25.232188 ], [ 110.021005, 25.23221 ], [ 110.020981, 25.232229 ], [ 110.020932, 25.232243 ], [ 110.020869, 25.232253 ], [ 110.020733, 25.232275 ], [ 110.020657, 25.232283 ], [ 110.020612, 25.232296 ], [ 110.020575, 25.232317 ], [ 110.02056, 25.232335 ], [ 110.020551, 25.232367 ], [ 110.020549, 25.232471 ], [ 110.02055, 25.232502 ], [ 110.020568, 25.23257 ], [ 110.020568, 25.232587 ], [ 110.020553, 25.232668 ], [ 110.020555, 25.232675 ], [ 110.020558, 25.232685 ], [ 110.020602, 25.23278 ], [ 110.02065, 25.232823 ], [ 110.020655, 25.232824 ], [ 110.020671, 25.232825 ], [ 110.02082, 25.232784 ], [ 110.020918, 25.232764 ], [ 110.020958, 25.232768 ], [ 110.021065, 25.232793 ], [ 110.021113, 25.232806 ], [ 110.021152, 25.232806 ], [ 110.021234, 25.232798 ] ] ] } },
{ "type": "Feature", "properties": { "BSM": "450312211000092446", "DLBM": "0601", "DLMC": "工业用地", "图斑面积": 6107.4, "坐落单位": "车梁村委会", "企业名称": null, "行业代码": null, "行业名称": null, "产值": 0.0, "行政区": null, "用地性": null }, "geometry": { "type": "Polygon", "coordinates": [ [ [ 110.022285, 25.230303 ], [ 110.022276, 25.230142 ], [ 110.022274, 25.230112 ], [ 110.022166, 25.229789 ], [ 110.022151, 25.229755 ], [ 110.022086, 25.229661 ], [ 110.021946, 25.229689 ], [ 110.021973, 25.229771 ], [ 110.021624, 25.229792 ], [ 110.021597, 25.229608 ], [ 110.021423, 25.229615 ], [ 110.02138, 25.229617 ], [ 110.021282, 25.229613 ], [ 110.021284, 25.229653 ], [ 110.021291, 25.229798 ], [ 110.021297, 25.229925 ], [ 110.021313, 25.230172 ], [ 110.021315, 25.2302 ], [ 110.021503, 25.230232 ], [ 110.021875, 25.230303 ], [ 110.021934, 25.230315 ], [ 110.022277, 25.230375 ], [ 110.022284, 25.230369 ], [ 110.022288, 25.230355 ], [ 110.022285, 25.230303 ] ] ] } },
{ "type": "Feature", "properties": { "BSM": "450312211000092447", "DLBM": "0601", "DLMC": "工业用地", "图斑面积": 1871.14, "坐落单位": "车梁村委会", "企业名称": null, "行业代码": null, "行业名称": null, "产值": 0.0, "行政区": null, "用地性": null }, "geometry": { "type": "Polygon", "coordinates": [ [ [ 110.016748, 25.220412 ], [ 110.016755, 25.220395 ], [ 110.016696, 25.220109 ], [ 110.016618, 25.220121 ], [ 110.016301, 25.220172 ], [ 110.016281, 25.220176 ], [ 110.016275, 25.220195 ], [ 110.01627, 25.22022 ], [ 110.016281, 25.220428 ], [ 110.016292, 25.220554 ], [ 110.016297, 25.220575 ], [ 110.016304, 25.220596 ], [ 110.016582, 25.220484 ], [ 110.016725, 25.220428 ], [ 110.016748, 25.220412 ] ] ] } },
{ "type": "Feature", "properties": { "BSM": "450312211000092450", "DLBM": "0601", "DLMC": "工业用地", "图斑面积": 1431.39, "坐落单位": "车梁村委会", "企业名称": null, "行业代码": null, "行业名称": null, "产值": 0.0, "行政区": null, "用地性": null }, "geometry": { "type": "Polygon", "coordinates": [ [ [ 110.021576, 25.232052 ], [ 110.021567, 25.23199 ], [ 110.021551, 25.231882 ], [ 110.021613, 25.231866 ], [ 110.021905, 25.231814 ], [ 110.021912, 25.231876 ], [ 110.022078, 25.231851 ], [ 110.022068, 25.231632 ], [ 110.022021, 25.231646 ], [ 110.021922, 25.231673 ], [ 110.021611, 25.231746 ], [ 110.021395, 25.231789 ], [ 110.021393, 25.232064 ], [ 110.021393, 25.232076 ], [ 110.021524, 25.232059 ], [ 110.021555, 25.232055 ], [ 110.021576, 25.232052 ] ] ] } },
{ "type": "Feature", "properties": { "BSM": "450312211000092451", "DLBM": "0601", "DLMC": "工业用地", "图斑面积": 3011.9, "坐落单位": "车梁村委会", "企业名称": null, "行业代码": null, "行业名称": null, "产值": 0.0, "行政区": null, "用地性": null }, "geometry": { "type": "Polygon", "coordinates": [ [ [ 110.024829, 25.230833 ], [ 110.02484, 25.230804 ], [ 110.024846, 25.230766 ], [ 110.024847, 25.230757 ], [ 110.024878, 25.230697 ], [ 110.024923, 25.230671 ], [ 110.024945, 25.230647 ], [ 110.024956, 25.230618 ], [ 110.024954, 25.230586 ], [ 110.024954, 25.230585 ], [ 110.024931, 25.230475 ], [ 110.024926, 25.230357 ], [ 110.024948, 25.230297 ], [ 110.024899, 25.230298 ], [ 110.024888, 25.230298 ], [ 110.024814, 25.230273 ], [ 110.024747, 25.230255 ], [ 110.024706, 25.230255 ], [ 110.024673, 25.23026 ], [ 110.024644, 25.230278 ], [ 110.024515, 25.230415 ], [ 110.024427, 25.230549 ], [ 110.024337, 25.230639 ], [ 110.024324, 25.23065 ], [ 110.024308, 25.230664 ], [ 110.024435, 25.2308 ], [ 110.02459, 25.230901 ], [ 110.024675, 25.230876 ], [ 110.024829, 25.230833 ] ] ] } },
{ "type": "Feature", "properties": { "BSM": "450312211000092452", "DLBM": "0601", "DLMC": "工业用地", "图斑面积": 1834.79, "坐落单位": "车梁村委会", "企业名称": null, "行业代码": null, "行业名称": null, "产值": 0.0, "行政区": null, "用地性": null }, "geometry": { "type": "Polygon", "coordinates": [ [ [ 110.023637, 25.231056 ], [ 110.023468, 25.230925 ], [ 110.023534, 25.230841 ], [ 110.023457, 25.23079 ], [ 110.023347, 25.230747 ], [ 110.023232, 25.230953 ], [ 110.023117, 25.231158 ], [ 110.02325, 25.231258 ], [ 110.023371, 25.231339 ], [ 110.023425, 25.231302 ], [ 110.023506, 25.231217 ], [ 110.023637, 25.231056 ] ] ] } },
{ "type": "Feature", "properties": { "BSM": "450312211000098137", "DLBM": "0601", "DLMC": "工业用地", "图斑面积": 3655.02, "坐落单位": "车梁村委会", "企业名称": null, "行业代码": null, "行业名称": null, "产值": 0.0, "行政区": null, "用地性": null }, "geometry": { "type": "Polygon", "coordinates": [ [ [ 110.021762, 25.213357 ], [ 110.021689, 25.213325 ], [ 110.021542, 25.21329 ], [ 110.021512, 25.213285 ], [ 110.021488, 25.213277 ], [ 110.021375, 25.213129 ], [ 110.021358, 25.213101 ], [ 110.02134, 25.213094 ], [ 110.021311, 25.213096 ], [ 110.021293, 25.213098 ], [ 110.021261, 25.213088 ], [ 110.021244, 25.213079 ], [ 110.021192, 25.213055 ], [ 110.02116, 25.213044 ], [ 110.02114, 25.21304 ], [ 110.021043, 25.213034 ], [ 110.021023, 25.213113 ], [ 110.020998, 25.213199 ], [ 110.021016, 25.213204 ], [ 110.021022, 25.213249 ], [ 110.02103, 25.213359 ], [ 110.021041, 25.213394 ], [ 110.021091, 25.213439 ], [ 110.021243, 25.213542 ], [ 110.021357, 25.213605 ], [ 110.021723, 25.213705 ], [ 110.02177, 25.213597 ], [ 110.021833, 25.213604 ], [ 110.021849, 25.213561 ], [ 110.021868, 25.213567 ], [ 110.021904, 25.213417 ], [ 110.021801, 25.213375 ], [ 110.021762, 25.213357 ] ] ] } },
{ "type": "Feature", "properties": { "BSM": "450312211000090942", "DLBM": "0601", "DLMC": "工业用地", "图斑面积": 485.14, "坐落单位": "两江村委会", "企业名称": null, "行业代码": null, "行业名称": null, "产值": 0.0, "行政区": null, "用地性": null }, "geometry": { "type": "Polygon", "coordinates": [ [ [ 110.021687, 25.202232 ], [ 110.021659, 25.202216 ], [ 110.021598, 25.202174 ], [ 110.021514, 25.202277 ], [ 110.021442, 25.202237 ], [ 110.02137, 25.202297 ], [ 110.021353, 25.202334 ], [ 110.02151, 25.202461 ], [ 110.021687, 25.202232 ] ] ] } },
{ "type": "Feature", "properties": { "BSM": "450312211000092202", "DLBM": "0601", "DLMC": "工业用地", "图斑面积": 1608.74, "坐落单位": "两江村委会", "企业名称": null, "行业代码": null, "行业名称": null, "产值": 0.0, "行政区": null, "用地性": null }, "geometry": { "type": "Polygon", "coordinates": [ [ [ 110.021814, 25.20355 ], [ 110.021795, 25.203548 ], [ 110.021686, 25.203496 ], [ 110.021655, 25.203373 ], [ 110.021649, 25.203351 ], [ 110.021624, 25.203356 ], [ 110.021602, 25.203362 ], [ 110.021576, 25.203376 ], [ 110.021566, 25.203376 ], [ 110.02156, 25.203373 ], [ 110.021551, 25.203365 ], [ 110.021544, 25.203355 ], [ 110.021506, 25.203324 ], [ 110.021441, 25.203304 ], [ 110.021373, 25.20331 ], [ 110.021385, 25.203469 ], [ 110.021451, 25.203683 ], [ 110.021484, 25.203732 ], [ 110.021576, 25.203752 ], [ 110.021648, 25.203767 ], [ 110.021647, 25.203802 ], [ 110.021753, 25.203808 ], [ 110.021772, 25.20381 ], [ 110.021781, 25.203804 ], [ 110.02179, 25.203789 ], [ 110.021814, 25.20355 ] ] ] } },
{ "type": "Feature", "properties": { "BSM": "450312211000092204", "DLBM": "0601", "DLMC": "工业用地", "图斑面积": 1498.82, "坐落单位": "两江村委会", "企业名称": null, "行业代码": null, "行业名称": null, "产值": 0.0, "行政区": null, "用地性": null }, "geometry": { "type": "Polygon", "coordinates": [ [ [ 110.019048, 25.212201 ], [ 110.019, 25.21216 ], [ 110.018996, 25.212156 ], [ 110.018933, 25.212103 ], [ 110.018885, 25.212064 ], [ 110.018851, 25.212043 ], [ 110.018823, 25.212045 ], [ 110.018798, 25.212059 ], [ 110.018762, 25.212068 ], [ 110.018744, 25.212063 ], [ 110.018717, 25.212037 ], [ 110.018618, 25.211976 ], [ 110.018505, 25.211904 ], [ 110.018445, 25.212017 ], [ 110.018464, 25.212033 ], [ 110.018406, 25.212125 ], [ 110.018537, 25.212183 ], [ 110.018759, 25.212288 ], [ 110.018813, 25.212314 ], [ 110.018909, 25.212361 ], [ 110.018917, 25.212365 ], [ 110.019028, 25.212221 ], [ 110.019033, 25.212215 ], [ 110.019048, 25.212201 ] ] ] } },
{ "type": "Feature", "properties": { "BSM": "450312211000092205", "DLBM": "0601", "DLMC": "工业用地", "图斑面积": 2150.85, "坐落单位": "两江村委会", "企业名称": null, "行业代码": null, "行业名称": null, "产值": 0.0, "行政区": null, "用地性": null }, "geometry": { "type": "Polygon", "coordinates": [ [ [ 110.01825, 25.205731 ], [ 110.01825, 25.205653 ], [ 110.01825, 25.205621 ], [ 110.018239, 25.205621 ], [ 110.01806, 25.205627 ], [ 110.018046, 25.205621 ], [ 110.018043, 25.205596 ], [ 110.018045, 25.205479 ], [ 110.018038, 25.205467 ], [ 110.018006, 25.205467 ], [ 110.018001, 25.205464 ], [ 110.017997, 25.205459 ], [ 110.017996, 25.205374 ], [ 110.018001, 25.205369 ], [ 110.018008, 25.205366 ], [ 110.018021, 25.205365 ], [ 110.018025, 25.205359 ], [ 110.018024, 25.205347 ], [ 110.018022, 25.20529 ], [ 110.01806, 25.204946 ], [ 110.018038, 25.204942 ], [ 110.018038, 25.204942 ], [ 110.018002, 25.204936 ], [ 110.017988, 25.204937 ], [ 110.01798, 25.204937 ], [ 110.017947, 25.204991 ], [ 110.017916, 25.20506 ], [ 110.017906, 25.205086 ], [ 110.017853, 25.205226 ], [ 110.017754, 25.205236 ], [ 110.017749, 25.205236 ], [ 110.01774, 25.205237 ], [ 110.017715, 25.205295 ], [ 110.017699, 25.205334 ], [ 110.017682, 25.205333 ], [ 110.017671, 25.205332 ], [ 110.017657, 25.205392 ], [ 110.017659, 25.20544 ], [ 110.01785, 25.205464 ], [ 110.017857, 25.205585 ], [ 110.017867, 25.205774 ], [ 110.017919, 25.205766 ], [ 110.01825, 25.205731 ] ] ] } },
{ "type": "Feature", "properties": { "BSM": "450312211000092206", "DLBM": "0601", "DLMC": "工业用地", "图斑面积": 1810.2, "坐落单位": "两江村委会", "企业名称": null, "行业代码": null, "行业名称": null, "产值": 0.0, "行政区": null, "用地性": null }, "geometry": { "type": "Polygon", "coordinates": [ [ [ 110.017257, 25.206372 ], [ 110.017253, 25.206287 ], [ 110.01758, 25.206192 ], [ 110.01755, 25.20604 ], [ 110.017552, 25.205849 ], [ 110.017542, 25.20585 ], [ 110.017457, 25.205846 ], [ 110.017179, 25.205839 ], [ 110.017174, 25.206008 ], [ 110.017174, 25.206015 ], [ 110.017174, 25.206033 ], [ 110.017173, 25.206076 ], [ 110.017176, 25.206172 ], [ 110.017183, 25.206376 ], [ 110.017189, 25.206375 ], [ 110.017218, 25.206374 ], [ 110.017257, 25.206372 ] ] ] } },
{ "type": "Feature", "properties": { "BSM": "450312211000092456", "DLBM": "0601", "DLMC": "工业用地", "图斑面积": 4019.69, "坐落单位": "两江村委会", "企业名称": null, "行业代码": null, "行业名称": null, "产值": 0.0, "行政区": null, "用地性": null }, "geometry": { "type": "Polygon", "coordinates": [ [ [ 110.021722, 25.210911 ], [ 110.021722, 25.21091 ], [ 110.021824, 25.210656 ], [ 110.021879, 25.210518 ], [ 110.021878, 25.210518 ], [ 110.021815, 25.210501 ], [ 110.021746, 25.21068 ], [ 110.021669, 25.210653 ], [ 110.021634, 25.210748 ], [ 110.021546, 25.210725 ], [ 110.02159, 25.210586 ], [ 110.02155, 25.210576 ], [ 110.021522, 25.210664 ], [ 110.021421, 25.210638 ], [ 110.021458, 25.210533 ], [ 110.021376, 25.210513 ], [ 110.021357, 25.210509 ], [ 110.021341, 25.210599 ], [ 110.021311, 25.210761 ], [ 110.021286, 25.210809 ], [ 110.021262, 25.210808 ], [ 110.02125, 25.210853 ], [ 110.021207, 25.211081 ], [ 110.021188, 25.211202 ], [ 110.021131, 25.211199 ], [ 110.021129, 25.211201 ], [ 110.021105, 25.211334 ], [ 110.021114, 25.211335 ], [ 110.021125, 25.211337 ], [ 110.021278, 25.211375 ], [ 110.021396, 25.211405 ], [ 110.021531, 25.211436 ], [ 110.021561, 25.211349 ], [ 110.021611, 25.211211 ], [ 110.021717, 25.210924 ], [ 110.021722, 25.210911 ] ] ] } },
{ "type": "Feature", "properties": { "BSM": "450312211000092457", "DLBM": "0601", "DLMC": "工业用地", "图斑面积": 1728.21, "坐落单位": "两江村委会", "企业名称": null, "行业代码": null, "行业名称": null, "产值": 0.0, "行政区": null, "用地性": null }, "geometry": { "type": "Polygon", "coordinates": [ [ [ 110.030032, 25.203371 ], [ 110.030008, 25.203293 ], [ 110.029987, 25.203204 ], [ 110.029978, 25.203104 ], [ 110.029981, 25.203062 ], [ 110.029988, 25.202957 ], [ 110.029996, 25.202895 ], [ 110.029986, 25.202857 ], [ 110.029963, 25.202814 ], [ 110.029922, 25.202815 ], [ 110.029879, 25.202816 ], [ 110.02984, 25.202816 ], [ 110.029857, 25.202848 ], [ 110.029867, 25.202898 ], [ 110.02986, 25.202947 ], [ 110.029839, 25.202973 ], [ 110.029813, 25.202991 ], [ 110.029756, 25.20301 ], [ 110.029596, 25.203067 ], [ 110.029607, 25.203086 ], [ 110.02969, 25.203295 ], [ 110.029693, 25.203305 ], [ 110.029735, 25.203379 ], [ 110.029763, 25.203392 ], [ 110.029818, 25.203404 ], [ 110.029849, 25.203415 ], [ 110.02994, 25.203405 ], [ 110.030032, 25.203371 ] ] ] } },
{ "type": "Feature", "properties": { "BSM": "450312211000092458", "DLBM": "0601", "DLMC": "工业用地", "图斑面积": 1117.2, "坐落单位": "两江村委会", "企业名称": null, "行业代码": null, "行业名称": null, "产值": 0.0, "行政区": null, "用地性": null }, "geometry": { "type": "Polygon", "coordinates": [ [ [ 110.020097, 25.212547 ], [ 110.019935, 25.212414 ], [ 110.019925, 25.212404 ], [ 110.019915, 25.212394 ], [ 110.019803, 25.212554 ], [ 110.019687, 25.212721 ], [ 110.019714, 25.212734 ], [ 110.019716, 25.212734 ], [ 110.019722, 25.212737 ], [ 110.019948, 25.212846 ], [ 110.019961, 25.212852 ], [ 110.019977, 25.212857 ], [ 110.02005, 25.212663 ], [ 110.020097, 25.212547 ] ] ] } },
{ "type": "Feature", "properties": { "BSM": "450312211000092459", "DLBM": "0601", "DLMC": "工业用地", "图斑面积": 5588.45, "坐落单位": "两江村委会", "企业名称": null, "行业代码": null, "行业名称": null, "产值": 0.0, "行政区": null, "用地性": null }, "geometry": { "type": "Polygon", "coordinates": [ [ [ 110.032437, 25.200794 ], [ 110.032404, 25.200799 ], [ 110.032376, 25.200795 ], [ 110.032351, 25.200778 ], [ 110.032302, 25.200711 ], [ 110.032199, 25.200629 ], [ 110.032139, 25.200587 ], [ 110.032082, 25.200565 ], [ 110.032066, 25.200559 ], [ 110.032025, 25.200562 ], [ 110.031965, 25.200576 ], [ 110.031821, 25.200639 ], [ 110.031706, 25.200681 ], [ 110.031639, 25.200688 ], [ 110.031555, 25.200685 ], [ 110.031548, 25.200695 ], [ 110.031538, 25.20073 ], [ 110.031538, 25.200745 ], [ 110.031538, 25.20078 ], [ 110.031538, 25.200827 ], [ 110.031547, 25.200868 ], [ 110.031557, 25.200889 ], [ 110.031564, 25.200925 ], [ 110.031574, 25.200946 ], [ 110.031648, 25.201055 ], [ 110.031676, 25.201131 ], [ 110.031693, 25.201193 ], [ 110.031741, 25.20117 ], [ 110.031779, 25.201159 ], [ 110.031799, 25.201158 ], [ 110.031937, 25.201296 ], [ 110.031971, 25.201322 ], [ 110.032, 25.201321 ], [ 110.032049, 25.20127 ], [ 110.032082, 25.201254 ], [ 110.03218, 25.201267 ], [ 110.032254, 25.201275 ], [ 110.032319, 25.201255 ], [ 110.032431, 25.20117 ], [ 110.032459, 25.201128 ], [ 110.03247, 25.201065 ], [ 110.03246, 25.200907 ], [ 110.03245, 25.200839 ], [ 110.032437, 25.200794 ] ] ] } },
{ "type": "Feature", "properties": { "BSM": "450312211000200174", "DLBM": "0601", "DLMC": "工业用地", "图斑面积": 5113.22, "坐落单位": "两江村委会", "企业名称": null, "行业代码": null, "行业名称": null, "产值": 0.0, "行政区": null, "用地性": null }, "geometry": { "type": "Polygon", "coordinates": [ [ [ 110.023251, 25.20758 ], [ 110.022884, 25.207489 ], [ 110.022846, 25.20754 ], [ 110.0228, 25.207585 ], [ 110.022693, 25.207781 ], [ 110.022679, 25.207826 ], [ 110.022673, 25.207846 ], [ 110.02266, 25.207889 ], [ 110.022639, 25.207959 ], [ 110.02256, 25.208213 ], [ 110.02267, 25.208243 ], [ 110.022672, 25.208326 ], [ 110.022679, 25.208335 ], [ 110.02269, 25.208342 ], [ 110.022824, 25.208338 ], [ 110.022862, 25.20834 ], [ 110.022872, 25.20834 ], [ 110.023066, 25.208346 ], [ 110.023093, 25.208344 ], [ 110.023108, 25.208337 ], [ 110.023117, 25.208312 ], [ 110.023119, 25.208286 ], [ 110.023125, 25.208274 ], [ 110.02316, 25.20827 ], [ 110.023298, 25.208281 ], [ 110.023439, 25.208295 ], [ 110.023447, 25.20829 ], [ 110.02345, 25.208279 ], [ 110.023471, 25.208155 ], [ 110.023472, 25.208148 ], [ 110.023461, 25.208146 ], [ 110.02344, 25.208143 ], [ 110.023192, 25.20811 ], [ 110.023182, 25.208102 ], [ 110.023169, 25.208069 ], [ 110.023164, 25.20805 ], [ 110.023157, 25.208024 ], [ 110.023155, 25.207996 ], [ 110.023197, 25.207764 ], [ 110.023206, 25.207733 ], [ 110.023251, 25.20758 ] ] ] } },
{ "type": "Feature", "properties": { "BSM": "450312211000092208", "DLBM": "0601", "DLMC": "工业用地", "图斑面积": 80960.99, "坐落单位": "高妙村委会", "企业名称": null, "行业代码": null, "行业名称": null, "产值": 0.0, "行政区": null, "用地性": null }, "geometry": { "type": "Polygon", "coordinates": [ [ [ 110.046673, 25.202421 ], [ 110.046669, 25.202313 ], [ 110.046672, 25.202016 ], [ 110.046674, 25.201719 ], [ 110.046676, 25.201432 ], [ 110.046676, 25.20133 ], [ 110.046676, 25.201304 ], [ 110.046678, 25.201129 ], [ 110.046679, 25.20101 ], [ 110.046687, 25.200655 ], [ 110.046683, 25.200626 ], [ 110.046652, 25.200563 ], [ 110.046548, 25.200374 ], [ 110.046513, 25.20031 ], [ 110.046433, 25.200206 ], [ 110.046425, 25.200197 ], [ 110.046417, 25.200186 ], [ 110.046403, 25.200168 ], [ 110.046312, 25.200074 ], [ 110.046291, 25.200068 ], [ 110.046051, 25.200067 ], [ 110.046014, 25.200067 ], [ 110.045975, 25.200067 ], [ 110.045539, 25.200065 ], [ 110.045341, 25.200067 ], [ 110.045261, 25.200068 ], [ 110.045158, 25.200069 ], [ 110.045004, 25.200067 ], [ 110.044744, 25.200064 ], [ 110.044483, 25.200061 ], [ 110.044222, 25.200057 ], [ 110.044059, 25.200056 ], [ 110.044058, 25.200068 ], [ 110.044054, 25.200158 ], [ 110.044048, 25.200307 ], [ 110.044048, 25.200321 ], [ 110.044048, 25.20042 ], [ 110.044048, 25.200537 ], [ 110.044048, 25.200613 ], [ 110.044049, 25.200698 ], [ 110.044051, 25.200924 ], [ 110.04405, 25.201204 ], [ 110.044047, 25.201497 ], [ 110.044048, 25.201779 ], [ 110.044047, 25.201971 ], [ 110.044046, 25.202062 ], [ 110.044046, 25.202089 ], [ 110.044046, 25.202223 ], [ 110.044042, 25.202303 ], [ 110.044042, 25.202312 ], [ 110.044035, 25.202491 ], [ 110.044032, 25.202702 ], [ 110.04402, 25.202841 ], [ 110.044214, 25.202909 ], [ 110.044402, 25.202963 ], [ 110.044604, 25.203021 ], [ 110.044776, 25.203041 ], [ 110.044951, 25.203053 ], [ 110.045067, 25.203052 ], [ 110.045151, 25.203042 ], [ 110.045316, 25.203002 ], [ 110.045466, 25.202961 ], [ 110.045542, 25.202929 ], [ 110.045777, 25.202828 ], [ 110.046193, 25.202637 ], [ 110.046507, 25.202498 ], [ 110.046673, 25.202421 ] ] ] } },
{ "type": "Feature", "properties": { "BSM": "450312211000092460", "DLBM": "0601", "DLMC": "工业用地", "图斑面积": 541.9, "坐落单位": "高妙村委会", "企业名称": null, "行业代码": null, "行业名称": null, "产值": 0.0, "行政区": null, "用地性": null }, "geometry": { "type": "Polygon", "coordinates": [ [ [ 110.046115, 25.196987 ], [ 110.046116, 25.196914 ], [ 110.046104, 25.196816 ], [ 110.046086, 25.19681 ], [ 110.046075, 25.196806 ], [ 110.045968, 25.196768 ], [ 110.04589, 25.196736 ], [ 110.045883, 25.196795 ], [ 110.045895, 25.196867 ], [ 110.045922, 25.196919 ], [ 110.045932, 25.196976 ], [ 110.045949, 25.197027 ], [ 110.045976, 25.197036 ], [ 110.046033, 25.197025 ], [ 110.046115, 25.196987 ] ] ] } },
{ "type": "Feature", "properties": { "BSM": "450312211000092207", "DLBM": "0601", "DLMC": "工业用地", "图斑面积": 7654.29, "坐落单位": "高妙村委会", "企业名称": null, "行业代码": null, "行业名称": null, "产值": 0.0, "行政区": null, "用地性": null }, "geometry": { "type": "Polygon", "coordinates": [ [ [ 110.052262, 25.242793 ], [ 110.052359, 25.242725 ], [ 110.052339, 25.242717 ], [ 110.052303, 25.242664 ], [ 110.052268, 25.242605 ], [ 110.05226, 25.242578 ], [ 110.052256, 25.242565 ], [ 110.052266, 25.242538 ], [ 110.052268, 25.242531 ], [ 110.052291, 25.242425 ], [ 110.052313, 25.242345 ], [ 110.052334, 25.242273 ], [ 110.05235, 25.242138 ], [ 110.052312, 25.241856 ], [ 110.052232, 25.241498 ], [ 110.052206, 25.241357 ], [ 110.052186, 25.241327 ], [ 110.052162, 25.241324 ], [ 110.052121, 25.241335 ], [ 110.051934, 25.241393 ], [ 110.051796, 25.241435 ], [ 110.051624, 25.241494 ], [ 110.051689, 25.241911 ], [ 110.051718, 25.242105 ], [ 110.05169, 25.242165 ], [ 110.051769, 25.242316 ], [ 110.051835, 25.242281 ], [ 110.051871, 25.242302 ], [ 110.051995, 25.242467 ], [ 110.05207, 25.242584 ], [ 110.052098, 25.242627 ], [ 110.052114, 25.24268 ], [ 110.052199, 25.242819 ], [ 110.052262, 25.242793 ] ] ] } },
{ "type": "Feature", "properties": { "BSM": "450312211000092461", "DLBM": "0601", "DLMC": "工业用地", "图斑面积": 8208.82, "坐落单位": "大厦村委会", "企业名称": null, "行业代码": null, "行业名称": null, "产值": 0.0, "行政区": null, "用地性": null }, "geometry": { "type": "Polygon", "coordinates": [ [ [ 110.086189, 25.205737 ], [ 110.086189, 25.205687 ], [ 110.086316, 25.205303 ], [ 110.086282, 25.205047 ], [ 110.086311, 25.204936 ], [ 110.086333, 25.204831 ], [ 110.086355, 25.20473 ], [ 110.086362, 25.204672 ], [ 110.086448, 25.204669 ], [ 110.086459, 25.204689 ], [ 110.086512, 25.204689 ], [ 110.086584, 25.204678 ], [ 110.086748, 25.20467 ], [ 110.086766, 25.204582 ], [ 110.086767, 25.204553 ], [ 110.086767, 25.204534 ], [ 110.086762, 25.204517 ], [ 110.086724, 25.204509 ], [ 110.086659, 25.204495 ], [ 110.08626, 25.204416 ], [ 110.086113, 25.204394 ], [ 110.086083, 25.204455 ], [ 110.085963, 25.204665 ], [ 110.085843, 25.204875 ], [ 110.085776, 25.204863 ], [ 110.085741, 25.204984 ], [ 110.085823, 25.205011 ], [ 110.085809, 25.205048 ], [ 110.085836, 25.205066 ], [ 110.08586, 25.20512 ], [ 110.085889, 25.205255 ], [ 110.085887, 25.205355 ], [ 110.085888, 25.205424 ], [ 110.085855, 25.205523 ], [ 110.085855, 25.205577 ], [ 110.085863, 25.205653 ], [ 110.085854, 25.205654 ], [ 110.085858, 25.205704 ], [ 110.085893, 25.205702 ], [ 110.08589, 25.205771 ], [ 110.085766, 25.205834 ], [ 110.085715, 25.205865 ], [ 110.085644, 25.205919 ], [ 110.085625, 25.205941 ], [ 110.08567, 25.206208 ], [ 110.085815, 25.206161 ], [ 110.085862, 25.206137 ], [ 110.08588, 25.206113 ], [ 110.085897, 25.205958 ], [ 110.086008, 25.205956 ], [ 110.086015, 25.205947 ], [ 110.085998, 25.205838 ], [ 110.086014, 25.205816 ], [ 110.086107, 25.205778 ], [ 110.086172, 25.205767 ], [ 110.086182, 25.205756 ], [ 110.086189, 25.205737 ] ] ] } },
{ "type": "Feature", "properties": { "BSM": "450312211000090982", "DLBM": "0601", "DLMC": "工业用地", "图斑面积": 1001.24, "坐落单位": "培塘村委会", "企业名称": null, "行业代码": null, "行业名称": null, "产值": 0.0, "行政区": null, "用地性": null }, "geometry": { "type": "Polygon", "coordinates": [ [ [ 110.044306, 25.187162 ], [ 110.044396, 25.187109 ], [ 110.044402, 25.187105 ], [ 110.044415, 25.187061 ], [ 110.04442, 25.187033 ], [ 110.04442, 25.187013 ], [ 110.044382, 25.18698 ], [ 110.04439, 25.186961 ], [ 110.044348, 25.186927 ], [ 110.044261, 25.186998 ], [ 110.044181, 25.186921 ], [ 110.044112, 25.186908 ], [ 110.044042, 25.186964 ], [ 110.043908, 25.187076 ], [ 110.043898, 25.187104 ], [ 110.043981, 25.187182 ], [ 110.044044, 25.187181 ], [ 110.044183, 25.187108 ], [ 110.044219, 25.187121 ], [ 110.044306, 25.187162 ] ] ] } },
{ "type": "Feature", "properties": { "BSM": "450312211000098465", "DLBM": "0601", "DLMC": "工业用地", "图斑面积": 492.63, "坐落单位": "培塘村委会", "企业名称": null, "行业代码": null, "行业名称": null, "产值": 0.0, "行政区": null, "用地性": null }, "geometry": { "type": "Polygon", "coordinates": [ [ [ 110.033633, 25.188999 ], [ 110.033668, 25.188927 ], [ 110.033437, 25.188813 ], [ 110.033331, 25.188928 ], [ 110.033316, 25.188951 ], [ 110.033478, 25.189037 ], [ 110.033498, 25.189042 ], [ 110.033523, 25.189038 ], [ 110.033553, 25.188999 ], [ 110.033589, 25.188985 ], [ 110.033633, 25.188999 ] ] ] } },
{ "type": "Feature", "properties": { "BSM": "450312211000091896", "DLBM": "0601", "DLMC": "工业用地", "图斑面积": 973.15, "坐落单位": "培塘村委会", "企业名称": null, "行业代码": null, "行业名称": null, "产值": 0.0, "行政区": null, "用地性": null }, "geometry": { "type": "Polygon", "coordinates": [ [ [ 110.057273, 25.186817 ], [ 110.057102, 25.186665 ], [ 110.056943, 25.186584 ], [ 110.056916, 25.186604 ], [ 110.056864, 25.186643 ], [ 110.057042, 25.186996 ], [ 110.057233, 25.186925 ], [ 110.057204, 25.186874 ], [ 110.057273, 25.186817 ] ] ] } },
{ "type": "Feature", "properties": { "BSM": "450312211000092463", "DLBM": "0601", "DLMC": "工业用地", "图斑面积": 1012.74, "坐落单位": "培塘村委会", "企业名称": null, "行业代码": null, "行业名称": null, "产值": 0.0, "行政区": null, "用地性": null }, "geometry": { "type": "Polygon", "coordinates": [ [ [ 110.059037, 25.1873 ], [ 110.059158, 25.187112 ], [ 110.059074, 25.18708 ], [ 110.05892, 25.187027 ], [ 110.058862, 25.187002 ], [ 110.058807, 25.187014 ], [ 110.058687, 25.187157 ], [ 110.058682, 25.187164 ], [ 110.05872, 25.187193 ], [ 110.058897, 25.187312 ], [ 110.058918, 25.187311 ], [ 110.059032, 25.187301 ], [ 110.059037, 25.1873 ] ] ] } },
{ "type": "Feature", "properties": { "BSM": "450312211000092466", "DLBM": "0601", "DLMC": "工业用地", "图斑面积": 4738.07, "坐落单位": "渡头村委会", "企业名称": null, "行业代码": null, "行业名称": null, "产值": 0.0, "行政区": null, "用地性": null }, "geometry": { "type": "Polygon", "coordinates": [ [ [ 110.018509, 25.271971 ], [ 110.018216, 25.271718 ], [ 110.018235, 25.271674 ], [ 110.018035, 25.271516 ], [ 110.018028, 25.271515 ], [ 110.018014, 25.271517 ], [ 110.018007, 25.271536 ], [ 110.017995, 25.271538 ], [ 110.017976, 25.271527 ], [ 110.017958, 25.271528 ], [ 110.017942, 25.271542 ], [ 110.017926, 25.27156 ], [ 110.017911, 25.271573 ], [ 110.017895, 25.271572 ], [ 110.017867, 25.271523 ], [ 110.017847, 25.271492 ], [ 110.017827, 25.271499 ], [ 110.017775, 25.271527 ], [ 110.017745, 25.271542 ], [ 110.017756, 25.271561 ], [ 110.017772, 25.271582 ], [ 110.017785, 25.271598 ], [ 110.017788, 25.271617 ], [ 110.01779, 25.271636 ], [ 110.017794, 25.271657 ], [ 110.017796, 25.271671 ], [ 110.017759, 25.271701 ], [ 110.017702, 25.271759 ], [ 110.017686, 25.271783 ], [ 110.017696, 25.271793 ], [ 110.017705, 25.271801 ], [ 110.017724, 25.271816 ], [ 110.017692, 25.271845 ], [ 110.017704, 25.271854 ], [ 110.01767, 25.271901 ], [ 110.017577, 25.271996 ], [ 110.017558, 25.27202 ], [ 110.017542, 25.272042 ], [ 110.017575, 25.272066 ], [ 110.017708, 25.272165 ], [ 110.017793, 25.272095 ], [ 110.018142, 25.272324 ], [ 110.018181, 25.272277 ], [ 110.018192, 25.272269 ], [ 110.018194, 25.272265 ], [ 110.018509, 25.271971 ] ] ] } },
{ "type": "Feature", "properties": { "BSM": "450312211000092468", "DLBM": "0601", "DLMC": "工业用地", "图斑面积": 9406.08, "坐落单位": "高塘村委会", "企业名称": null, "行业代码": null, "行业名称": null, "产值": 0.0, "行政区": null, "用地性": null }, "geometry": { "type": "Polygon", "coordinates": [ [ [ 110.024304, 25.248539 ], [ 110.024334, 25.24816 ], [ 110.024362, 25.247837 ], [ 110.024391, 25.247513 ], [ 110.024424, 25.247266 ], [ 110.024456, 25.247018 ], [ 110.024468, 25.24689 ], [ 110.02447, 25.246865 ], [ 110.02441, 25.246905 ], [ 110.024331, 25.246949 ], [ 110.024272, 25.246994 ], [ 110.024201, 25.247052 ], [ 110.024143, 25.247071 ], [ 110.024114, 25.247069 ], [ 110.024067, 25.247064 ], [ 110.024044, 25.247065 ], [ 110.024019, 25.247069 ], [ 110.024007, 25.247076 ], [ 110.023992, 25.247113 ], [ 110.023998, 25.247144 ], [ 110.023996, 25.247159 ], [ 110.023986, 25.24718 ], [ 110.023979, 25.247203 ], [ 110.023979, 25.247215 ], [ 110.024009, 25.247226 ], [ 110.024023, 25.247239 ], [ 110.024043, 25.247271 ], [ 110.024041, 25.247337 ], [ 110.024029, 25.24742 ], [ 110.023958, 25.247531 ], [ 110.023951, 25.247544 ], [ 110.02392, 25.247559 ], [ 110.023908, 25.247561 ], [ 110.023834, 25.247522 ], [ 110.023808, 25.247494 ], [ 110.023801, 25.247474 ], [ 110.023786, 25.247459 ], [ 110.023769, 25.24745 ], [ 110.023749, 25.247442 ], [ 110.023737, 25.247439 ], [ 110.023727, 25.247449 ], [ 110.023716, 25.247473 ], [ 110.02369, 25.247554 ], [ 110.023668, 25.247644 ], [ 110.023656, 25.247731 ], [ 110.023655, 25.247737 ], [ 110.023655, 25.247759 ], [ 110.023654, 25.247784 ], [ 110.023637, 25.247851 ], [ 110.02363, 25.247874 ], [ 110.023631, 25.247898 ], [ 110.02365, 25.247934 ], [ 110.023691, 25.248003 ], [ 110.023699, 25.24804 ], [ 110.023712, 25.24809 ], [ 110.023716, 25.248151 ], [ 110.023779, 25.248268 ], [ 110.023811, 25.248317 ], [ 110.023909, 25.248436 ], [ 110.02397, 25.248507 ], [ 110.024018, 25.248545 ], [ 110.024056, 25.248565 ], [ 110.024074, 25.248577 ], [ 110.024091, 25.24858 ], [ 110.024115, 25.24858 ], [ 110.024183, 25.248549 ], [ 110.024304, 25.248539 ] ] ] } },
{ "type": "Feature", "properties": { "BSM": "450312211000092502", "DLBM": "0601", "DLMC": "工业用地", "图斑面积": 1730.11, "坐落单位": "李家村委会", "企业名称": null, "行业代码": null, "行业名称": null, "产值": 0.0, "行政区": null, "用地性": null }, "geometry": { "type": "Polygon", "coordinates": [ [ [ 110.095092, 25.106236 ], [ 110.095077, 25.106226 ], [ 110.094773, 25.106119 ], [ 110.094661, 25.106435 ], [ 110.094726, 25.106479 ], [ 110.094634, 25.106735 ], [ 110.094769, 25.106791 ], [ 110.094921, 25.10653 ], [ 110.094936, 25.106501 ], [ 110.095045, 25.106307 ], [ 110.095092, 25.106236 ] ] ] } },
{ "type": "Feature", "properties": { "BSM": "450312211000092218", "DLBM": "0601", "DLMC": "工业用地", "图斑面积": 9238.85, "坐落单位": "四塘村委会", "企业名称": null, "行业代码": null, "行业名称": null, "产值": 0.0, "行政区": null, "用地性": null }, "geometry": { "type": "Polygon", "coordinates": [ [ [ 110.123547, 25.156535 ], [ 110.123547, 25.156535 ], [ 110.123498, 25.156475 ], [ 110.123329, 25.156266 ], [ 110.123159, 25.156057 ], [ 110.122884, 25.15573 ], [ 110.12287, 25.155715 ], [ 110.122665, 25.155879 ], [ 110.12246, 25.156044 ], [ 110.122394, 25.156097 ], [ 110.122397, 25.156122 ], [ 110.122455, 25.156521 ], [ 110.122496, 25.156791 ], [ 110.122946, 25.156799 ], [ 110.122961, 25.156758 ], [ 110.123236, 25.156768 ], [ 110.123511, 25.156777 ], [ 110.123537, 25.156782 ], [ 110.123539, 25.156728 ], [ 110.123539, 25.15663 ], [ 110.123547, 25.156535 ] ] ] } },
{ "type": "Feature", "properties": { "BSM": "450312211000092503", "DLBM": "0601", "DLMC": "工业用地", "图斑面积": 1542.09, "坐落单位": "四塘村委会", "企业名称": null, "行业代码": null, "行业名称": null, "产值": 0.0, "行政区": null, "用地性": null }, "geometry": { "type": "Polygon", "coordinates": [ [ [ 110.126118, 25.160551 ], [ 110.125913, 25.160393 ], [ 110.125838, 25.160476 ], [ 110.125765, 25.160556 ], [ 110.125635, 25.160671 ], [ 110.125647, 25.16068 ], [ 110.125709, 25.160733 ], [ 110.12578, 25.160794 ], [ 110.125826, 25.16084 ], [ 110.125871, 25.160901 ], [ 110.125881, 25.160953 ], [ 110.125879, 25.16099 ], [ 110.125882, 25.161009 ], [ 110.125885, 25.161016 ], [ 110.12589, 25.161019 ], [ 110.125952, 25.160889 ], [ 110.126011, 25.160792 ], [ 110.126049, 25.160746 ], [ 110.12607, 25.160703 ], [ 110.126108, 25.160598 ], [ 110.126118, 25.160551 ] ] ] } },
{ "type": "Feature", "properties": { "BSM": "450312211000092504", "DLBM": "0601", "DLMC": "工业用地", "图斑面积": 7227.97, "坐落单位": "腊村村委会", "企业名称": null, "行业代码": null, "行业名称": null, "产值": 0.0, "行政区": null, "用地性": null }, "geometry": { "type": "Polygon", "coordinates": [ [ [ 110.130854, 25.145786 ], [ 110.130628, 25.145917 ], [ 110.130544, 25.145817 ], [ 110.130272, 25.145996 ], [ 110.130373, 25.146143 ], [ 110.130305, 25.146187 ], [ 110.130262, 25.146216 ], [ 110.130261, 25.146216 ], [ 110.13026, 25.146217 ], [ 110.130349, 25.146304 ], [ 110.130372, 25.146326 ], [ 110.130429, 25.146383 ], [ 110.130503, 25.146479 ], [ 110.13051, 25.146487 ], [ 110.130552, 25.146544 ], [ 110.130625, 25.14662 ], [ 110.130634, 25.146629 ], [ 110.130635, 25.146629 ], [ 110.13064, 25.146632 ], [ 110.130646, 25.146629 ], [ 110.13065, 25.146629 ], [ 110.130656, 25.146625 ], [ 110.13066, 25.146623 ], [ 110.130669, 25.146615 ], [ 110.13067, 25.146615 ], [ 110.1307, 25.146593 ], [ 110.130754, 25.146563 ], [ 110.130777, 25.146564 ], [ 110.130818, 25.146574 ], [ 110.130825, 25.146577 ], [ 110.130826, 25.146577 ], [ 110.130837, 25.14658 ], [ 110.130887, 25.146577 ], [ 110.130939, 25.146565 ], [ 110.130949, 25.146561 ], [ 110.131055, 25.146564 ], [ 110.131069, 25.146567 ], [ 110.131137, 25.146563 ], [ 110.131162, 25.146532 ], [ 110.131216, 25.146426 ], [ 110.131233, 25.146365 ], [ 110.131268, 25.146289 ], [ 110.131295, 25.146256 ], [ 110.131315, 25.146159 ], [ 110.131332, 25.146056 ], [ 110.131327, 25.145992 ], [ 110.131325, 25.145966 ], [ 110.131263, 25.145832 ], [ 110.131018, 25.145835 ], [ 110.130866, 25.145836 ], [ 110.130854, 25.145786 ] ] ] } },
{ "type": "Feature", "properties": { "BSM": "450312211000092506", "DLBM": "0601", "DLMC": "工业用地", "图斑面积": 1899.26, "坐落单位": "腊村村委会", "企业名称": null, "行业代码": null, "行业名称": null, "产值": 0.0, "行政区": null, "用地性": null }, "geometry": { "type": "Polygon", "coordinates": [ [ [ 110.125523, 25.143546 ], [ 110.125398, 25.143526 ], [ 110.125356, 25.143523 ], [ 110.125351, 25.143523 ], [ 110.125302, 25.143527 ], [ 110.125197, 25.143534 ], [ 110.125153, 25.143536 ], [ 110.125071, 25.143546 ], [ 110.124905, 25.143633 ], [ 110.124965, 25.143667 ], [ 110.125051, 25.14374 ], [ 110.125098, 25.143837 ], [ 110.125151, 25.14393 ], [ 110.125203, 25.143994 ], [ 110.12527, 25.144027 ], [ 110.125317, 25.144079 ], [ 110.125325, 25.144049 ], [ 110.125343, 25.143976 ], [ 110.125359, 25.143911 ], [ 110.125426, 25.143727 ], [ 110.125522, 25.143546 ], [ 110.125523, 25.143546 ] ] ] } },
{ "type": "Feature", "properties": { "BSM": "450312211000092507", "DLBM": "0601", "DLMC": "工业用地", "图斑面积": 6196.1, "坐落单位": "横山村委会", "企业名称": null, "行业代码": null, "行业名称": null, "产值": 0.0, "行政区": null, "用地性": null }, "geometry": { "type": "Polygon", "coordinates": [ [ [ 110.103541, 25.203547 ], [ 110.103728, 25.203511 ], [ 110.103859, 25.203464 ], [ 110.104154, 25.203324 ], [ 110.104186, 25.203379 ], [ 110.104387, 25.203188 ], [ 110.104417, 25.203159 ], [ 110.104462, 25.20313 ], [ 110.10448, 25.202978 ], [ 110.104072, 25.202956 ], [ 110.103761, 25.202929 ], [ 110.103595, 25.202968 ], [ 110.103227, 25.203012 ], [ 110.103249, 25.203134 ], [ 110.103278, 25.2033 ], [ 110.103329, 25.203589 ], [ 110.103541, 25.203547 ] ] ] } },
{ "type": "Feature", "properties": { "BSM": "450312211000092225", "DLBM": "0601", "DLMC": "工业用地", "图斑面积": 7150.19, "坐落单位": "刘村村委会", "企业名称": "桂林明富金属股份有限公司", "行业代码": "C33", "行业名称": "金属制品业", "产值": 0.0, "行政区": null, "用地性": null }, "geometry": { "type": "Polygon", "coordinates": [ [ [ 110.141229, 25.207227 ], [ 110.141216, 25.207167 ], [ 110.141148, 25.207131 ], [ 110.140826, 25.207084 ], [ 110.140715, 25.207084 ], [ 110.140656, 25.207125 ], [ 110.140628, 25.207337 ], [ 110.140569, 25.207749 ], [ 110.140515, 25.208164 ], [ 110.140951, 25.20821 ], [ 110.141112, 25.20823 ], [ 110.141135, 25.207979 ], [ 110.141177, 25.207585 ], [ 110.141229, 25.207227 ] ] ] } },
{ "type": "Feature", "properties": { "BSM": "450312211000092231", "DLBM": "0601", "DLMC": "工业用地", "图斑面积": 39815.7, "坐落单位": "刘村村委会", "企业名称": "桂林福达股份有限公司", "行业代码": "C36", "行业名称": "汽车制造业", "产值": 0.0, "行政区": null, "用地性": null }, "geometry": { "type": "Polygon", "coordinates": [ [ [ 110.148447, 25.202853 ], [ 110.148271, 25.20296 ], [ 110.148145, 25.202974 ], [ 110.148117, 25.202959 ], [ 110.147928, 25.202861 ], [ 110.147731, 25.202808 ], [ 110.14764, 25.202827 ], [ 110.147609, 25.202834 ], [ 110.147494, 25.202858 ], [ 110.147183, 25.202839 ], [ 110.147073, 25.202679 ], [ 110.147069, 25.202663 ], [ 110.147035, 25.202504 ], [ 110.146792, 25.202185 ], [ 110.146752, 25.202128 ], [ 110.146613, 25.201933 ], [ 110.146453, 25.201708 ], [ 110.146321, 25.201641 ], [ 110.146128, 25.201603 ], [ 110.146069, 25.201601 ], [ 110.14603, 25.201599 ], [ 110.14602, 25.201598 ], [ 110.146019, 25.2016 ], [ 110.145975, 25.201649 ], [ 110.145914, 25.201718 ], [ 110.145712, 25.201943 ], [ 110.145634, 25.202036 ], [ 110.145457, 25.202162 ], [ 110.145309, 25.20221 ], [ 110.145154, 25.202199 ], [ 110.145014, 25.202163 ], [ 110.144976, 25.202188 ], [ 110.144917, 25.202314 ], [ 110.145061, 25.202419 ], [ 110.145359, 25.202637 ], [ 110.145363, 25.20264 ], [ 110.14571, 25.202895 ], [ 110.146057, 25.20315 ], [ 110.146403, 25.203405 ], [ 110.14675, 25.20366 ], [ 110.147009, 25.203851 ], [ 110.147268, 25.204041 ], [ 110.147526, 25.204231 ], [ 110.147757, 25.203885 ], [ 110.148, 25.203522 ], [ 110.148202, 25.20322 ], [ 110.148404, 25.202917 ], [ 110.148428, 25.202881 ], [ 110.148447, 25.202853 ] ] ] } },
{ "type": "Feature", "properties": { "BSM": "450312211000092512", "DLBM": "0601", "DLMC": "工业用地", "图斑面积": 289.88, "坐落单位": "刘村村委会", "企业名称": null, "行业代码": null, "行业名称": null, "产值": 0.0, "行政区": null, "用地性": null }, "geometry": { "type": "Polygon", "coordinates": [ [ [ 110.130358, 25.213813 ], [ 110.130197, 25.213823 ], [ 110.130197, 25.213823 ], [ 110.130197, 25.213825 ], [ 110.130214, 25.213923 ], [ 110.130323, 25.213999 ], [ 110.130368, 25.214014 ], [ 110.130376, 25.213936 ], [ 110.130377, 25.213876 ], [ 110.130373, 25.213847 ], [ 110.130365, 25.213825 ], [ 110.130358, 25.213813 ] ] ] } },
{ "type": "Feature", "properties": { "BSM": "450312211000092235", "DLBM": "0601", "DLMC": "工业用地", "图斑面积": 2281.86, "坐落单位": "江西村委会", "企业名称": null, "行业代码": null, "行业名称": null, "产值": 0.0, "行政区": null, "用地性": null }, "geometry": { "type": "Polygon", "coordinates": [ [ [ 110.104553, 25.203937 ], [ 110.104575, 25.203966 ], [ 110.104531, 25.204093 ], [ 110.104505, 25.204146 ], [ 110.104403, 25.204342 ], [ 110.104513, 25.204384 ], [ 110.104554, 25.204376 ], [ 110.104569, 25.204372 ], [ 110.104582, 25.204379 ], [ 110.104632, 25.204438 ], [ 110.104641, 25.204437 ], [ 110.104662, 25.204438 ], [ 110.104703, 25.204466 ], [ 110.104801, 25.204496 ], [ 110.104831, 25.204434 ], [ 110.104874, 25.204443 ], [ 110.104898, 25.204359 ], [ 110.104868, 25.204356 ], [ 110.104978, 25.204106 ], [ 110.104964, 25.204052 ], [ 110.10496, 25.204042 ], [ 110.10487, 25.203995 ], [ 110.104691, 25.203937 ], [ 110.104606, 25.203929 ], [ 110.104576, 25.203929 ], [ 110.104553, 25.203937 ] ] ] } },
{ "type": "Feature", "properties": { "BSM": "450312211000092517", "DLBM": "0601", "DLMC": "工业用地", "图斑面积": 412.41, "坐落单位": "江西村委会", "企业名称": null, "行业代码": null, "行业名称": null, "产值": 0.0, "行政区": null, "用地性": null }, "geometry": { "type": "Polygon", "coordinates": [ [ [ 110.130368, 25.214014 ], [ 110.130323, 25.213999 ], [ 110.130214, 25.213923 ], [ 110.130197, 25.213825 ], [ 110.130136, 25.213825 ], [ 110.130158, 25.214007 ], [ 110.130193, 25.214084 ], [ 110.130341, 25.214158 ], [ 110.130355, 25.214098 ], [ 110.130357, 25.21408 ], [ 110.130368, 25.214015 ], [ 110.130368, 25.214014 ] ] ] } },
{ "type": "Feature", "properties": { "BSM": "450312211000092717", "DLBM": "0601", "DLMC": "工业用地", "图斑面积": 1396.81, "坐落单位": "江西村委会", "企业名称": null, "行业代码": null, "行业名称": null, "产值": 0.0, "行政区": null, "用地性": null }, "geometry": { "type": "Polygon", "coordinates": [ [ [ 110.096134, 25.210493 ], [ 110.096116, 25.21049 ], [ 110.096065, 25.210461 ], [ 110.096035, 25.210444 ], [ 110.095924, 25.210334 ], [ 110.09587, 25.210224 ], [ 110.09578, 25.210124 ], [ 110.095667, 25.210092 ], [ 110.095667, 25.210093 ], [ 110.095623, 25.210143 ], [ 110.095579, 25.210143 ], [ 110.095576, 25.210148 ], [ 110.095679, 25.210313 ], [ 110.095791, 25.210551 ], [ 110.095906, 25.210612 ], [ 110.095956, 25.210638 ], [ 110.095967, 25.210625 ], [ 110.096022, 25.210573 ], [ 110.096133, 25.210494 ], [ 110.096134, 25.210493 ] ] ] } },
{ "type": "Feature", "properties": { "BSM": "450312211000092238", "DLBM": "0601", "DLMC": "工业用地", "图斑面积": 1024.23, "坐落单位": "自信村委会", "企业名称": "桂林三金药业股份有限公司", "行业代码": "C27", "行业名称": "医药制造业", "产值": 21.93, "行政区": null, "用地性": null }, "geometry": { "type": "Polygon", "coordinates": [ [ [ 110.173194, 25.206077 ], [ 110.173208, 25.206001 ], [ 110.17322, 25.205797 ], [ 110.173213, 25.205789 ], [ 110.172999, 25.205548 ], [ 110.172812, 25.205338 ], [ 110.172803, 25.205335 ], [ 110.172846, 25.205438 ], [ 110.172847, 25.20544 ], [ 110.172962, 25.205716 ], [ 110.173044, 25.205913 ], [ 110.173047, 25.205921 ], [ 110.173049, 25.205921 ], [ 110.173192, 25.206091 ], [ 110.173194, 25.206077 ] ] ] } },
{ "type": "Feature", "properties": { "BSM": "450312211000092237", "DLBM": "0601", "DLMC": "工业用地", "图斑面积": 189565.47, "坐落单位": "自信村委会", "企业名称": "桂林三金药业股份有限公司", "行业代码": "C27", "行业名称": "医药制造业", "产值": 21.93, "行政区": null, "用地性": null }, "geometry": { "type": "Polygon", "coordinates": [ [ [ 110.173145, 25.205433 ], [ 110.173022, 25.205214 ], [ 110.172884, 25.204974 ], [ 110.172868, 25.204947 ], [ 110.172795, 25.204816 ], [ 110.172781, 25.204723 ], [ 110.172816, 25.204651 ], [ 110.172874, 25.204614 ], [ 110.172954, 25.204593 ], [ 110.173076, 25.204551 ], [ 110.173181, 25.204528 ], [ 110.173329, 25.204496 ], [ 110.173618, 25.20446 ], [ 110.173808, 25.204436 ], [ 110.173935, 25.204426 ], [ 110.174182, 25.204448 ], [ 110.174444, 25.204476 ], [ 110.174888, 25.204541 ], [ 110.175326, 25.204628 ], [ 110.175647, 25.204663 ], [ 110.175866, 25.204636 ], [ 110.176137, 25.20457 ], [ 110.176407, 25.204503 ], [ 110.176487, 25.204471 ], [ 110.176584, 25.204432 ], [ 110.17673, 25.204375 ], [ 110.177113, 25.204214 ], [ 110.177237, 25.204184 ], [ 110.177531, 25.204126 ], [ 110.177826, 25.204068 ], [ 110.177985, 25.204033 ], [ 110.178029, 25.204023 ], [ 110.177917, 25.203819 ], [ 110.177804, 25.203614 ], [ 110.177629, 25.203269 ], [ 110.177591, 25.203286 ], [ 110.177583, 25.203289 ], [ 110.177496, 25.203263 ], [ 110.177309, 25.202958 ], [ 110.177121, 25.202654 ], [ 110.17692, 25.202297 ], [ 110.176775, 25.202021 ], [ 110.176634, 25.201754 ], [ 110.176545, 25.201607 ], [ 110.176463, 25.201459 ], [ 110.176418, 25.20137 ], [ 110.176362, 25.20131 ], [ 110.176287, 25.201219 ], [ 110.176263, 25.201196 ], [ 110.176143, 25.201071 ], [ 110.175974, 25.200877 ], [ 110.175913, 25.200787 ], [ 110.175892, 25.200758 ], [ 110.175771, 25.200604 ], [ 110.175666, 25.200464 ], [ 110.175632, 25.200429 ], [ 110.17557, 25.200366 ], [ 110.175303, 25.200078 ], [ 110.175223, 25.199979 ], [ 110.175153, 25.199894 ], [ 110.175149, 25.199897 ], [ 110.174999, 25.200002 ], [ 110.17482, 25.200111 ], [ 110.174809, 25.200128 ], [ 110.174809, 25.200147 ], [ 110.174816, 25.200171 ], [ 110.174885, 25.20031 ], [ 110.175, 25.20056 ], [ 110.175095, 25.200752 ], [ 110.175106, 25.200775 ], [ 110.175249, 25.201067 ], [ 110.17525, 25.201101 ], [ 110.175208, 25.201111 ], [ 110.175149, 25.201108 ], [ 110.175073, 25.201121 ], [ 110.174629, 25.201263 ], [ 110.174186, 25.201405 ], [ 110.173743, 25.201547 ], [ 110.173299, 25.201689 ], [ 110.172856, 25.201831 ], [ 110.172413, 25.201973 ], [ 110.171969, 25.202115 ], [ 110.171652, 25.202231 ], [ 110.171392, 25.202319 ], [ 110.171482, 25.202506 ], [ 110.171635, 25.202823 ], [ 110.171787, 25.20314 ], [ 110.171873, 25.203319 ], [ 110.171883, 25.203341 ], [ 110.172144, 25.203253 ], [ 110.172193, 25.203263 ], [ 110.172229, 25.203308 ], [ 110.172426, 25.203789 ], [ 110.172438, 25.203849 ], [ 110.172437, 25.203881 ], [ 110.172429, 25.203897 ], [ 110.172196, 25.20397 ], [ 110.172152, 25.203987 ], [ 110.172174, 25.204035 ], [ 110.172179, 25.204045 ], [ 110.172367, 25.203983 ], [ 110.172409, 25.203975 ], [ 110.172445, 25.203983 ], [ 110.172476, 25.204001 ], [ 110.172528, 25.204043 ], [ 110.172545, 25.204097 ], [ 110.172551, 25.204116 ], [ 110.172376, 25.204166 ], [ 110.172382, 25.204224 ], [ 110.172448, 25.204404 ], [ 110.172363, 25.20443 ], [ 110.172542, 25.204787 ], [ 110.172732, 25.205164 ], [ 110.172763, 25.205239 ], [ 110.172763, 25.205239 ], [ 110.172763, 25.205239 ], [ 110.172763, 25.205239 ], [ 110.172799, 25.20528 ], [ 110.173002, 25.205506 ], [ 110.173224, 25.205742 ], [ 110.173227, 25.205685 ], [ 110.173171, 25.205479 ], [ 110.173145, 25.205433 ] ] ] } },
{ "type": "Feature", "properties": { "BSM": "450312211000092242", "DLBM": "0601", "DLMC": "工业用地", "图斑面积": 27116.52, "坐落单位": "秧塘旧机场", "企业名称": "广汇桂林工业园", "行业代码": "L72", "行业名称": "商业服务业", "产值": 0.0, "行政区": null, "用地性": null }, "geometry": { "type": "Polygon", "coordinates": [ [ [ 110.152066, 25.207798 ], [ 110.151983, 25.207762 ], [ 110.151831, 25.207694 ], [ 110.15178, 25.207676 ], [ 110.151738, 25.207673 ], [ 110.151683, 25.207672 ], [ 110.151658, 25.207679 ], [ 110.151618, 25.207693 ], [ 110.151592, 25.207706 ], [ 110.150166, 25.208858 ], [ 110.150214, 25.208882 ], [ 110.150156, 25.209001 ], [ 110.150079, 25.20897 ], [ 110.1498, 25.209215 ], [ 110.149626, 25.209356 ], [ 110.149483, 25.209471 ], [ 110.149443, 25.209524 ], [ 110.14944, 25.209572 ], [ 110.149469, 25.209619 ], [ 110.14947, 25.20962 ], [ 110.149524, 25.209635 ], [ 110.149656, 25.209692 ], [ 110.150058, 25.209849 ], [ 110.15044, 25.209999 ], [ 110.150821, 25.21015 ], [ 110.150978, 25.210212 ], [ 110.150944, 25.210052 ], [ 110.150895, 25.209961 ], [ 110.150804, 25.209761 ], [ 110.150805, 25.209632 ], [ 110.150905, 25.209446 ], [ 110.151202, 25.209119 ], [ 110.151498, 25.208792 ], [ 110.151674, 25.20848 ], [ 110.151849, 25.208169 ], [ 110.152066, 25.207798 ] ] ] } },
{ "type": "Feature", "properties": { "BSM": "450312211000092245", "DLBM": "0601", "DLMC": "工业用地", "图斑面积": 460.53, "坐落单位": "秧塘旧机场", "企业名称": null, "行业代码": null, "行业名称": null, "产值": 0.0, "行政区": null, "用地性": null }, "geometry": { "type": "Polygon", "coordinates": [ [ [ 110.1598, 25.208684 ], [ 110.159699, 25.208634 ], [ 110.159574, 25.208676 ], [ 110.159329, 25.208787 ], [ 110.159342, 25.208794 ], [ 110.15941, 25.208871 ], [ 110.15947, 25.20884 ], [ 110.159648, 25.20875 ], [ 110.1598, 25.208684 ] ] ] } },
{ "type": "Feature", "properties": { "BSM": "450312211000092250", "DLBM": "0601", "DLMC": "工业用地", "图斑面积": 594.1, "坐落单位": "秧塘旧机场", "企业名称": "桂林三金药业股份有限公司", "行业代码": "C27", "行业名称": "医药制造业", "产值": 21.93, "行政区": null, "用地性": null }, "geometry": { "type": "Polygon", "coordinates": [ [ [ 110.173044, 25.205913 ], [ 110.172962, 25.205716 ], [ 110.172847, 25.20544 ], [ 110.172846, 25.205438 ], [ 110.172812, 25.205457 ], [ 110.172686, 25.205478 ], [ 110.172644, 25.205494 ], [ 110.172704, 25.205555 ], [ 110.172873, 25.205734 ], [ 110.173042, 25.205914 ], [ 110.173044, 25.205913 ], [ 110.173044, 25.205913 ] ] ] } },
{ "type": "Feature", "properties": { "BSM": "450312211000106734", "DLBM": "0601", "DLMC": "工业用地", "图斑面积": 1372.78, "坐落单位": "秧塘旧机场", "企业名称": null, "行业代码": null, "行业名称": null, "产值": 0.0, "行政区": null, "用地性": null }, "geometry": { "type": "Polygon", "coordinates": [ [ [ 110.149879, 25.208951 ], [ 110.149864, 25.208937 ], [ 110.149862, 25.208909 ], [ 110.149879, 25.208871 ], [ 110.149959, 25.208814 ], [ 110.149978, 25.208777 ], [ 110.149963, 25.208615 ], [ 110.14995, 25.208594 ], [ 110.1499, 25.208582 ], [ 110.149782, 25.208574 ], [ 110.149757, 25.208583 ], [ 110.149727, 25.208616 ], [ 110.149691, 25.208745 ], [ 110.149688, 25.208787 ], [ 110.149637, 25.208873 ], [ 110.149593, 25.20897 ], [ 110.149586, 25.209016 ], [ 110.149596, 25.20906 ], [ 110.149632, 25.209083 ], [ 110.149676, 25.209081 ], [ 110.149716, 25.209091 ], [ 110.149811, 25.209009 ], [ 110.149879, 25.208951 ] ] ] } },
{ "type": "Feature", "properties": { "BSM": "450312211000092243", "DLBM": "0601", "DLMC": "工业用地", "图斑面积": 60224.7, "坐落单位": "秧塘旧机场", "企业名称": "桂林晟成机械有限公司", "行业代码": "C35", "行业名称": "专用设备制造业", "产值": 0.0, "行政区": null, "用地性": null }, "geometry": { "type": "Polygon", "coordinates": [ [ [ 110.148818, 25.20968 ], [ 110.148803, 25.209614 ], [ 110.148771, 25.209568 ], [ 110.148405, 25.209424 ], [ 110.148039, 25.20928 ], [ 110.147673, 25.209136 ], [ 110.147306, 25.208992 ], [ 110.147292, 25.208986 ], [ 110.147028, 25.208871 ], [ 110.146693, 25.20876 ], [ 110.146357, 25.208648 ], [ 110.146113, 25.208567 ], [ 110.145997, 25.208548 ], [ 110.145951, 25.208541 ], [ 110.145972, 25.208599 ], [ 110.145975, 25.208607 ], [ 110.145991, 25.20865 ], [ 110.146034, 25.208767 ], [ 110.146065, 25.208852 ], [ 110.146102, 25.208952 ], [ 110.146194, 25.209201 ], [ 110.146286, 25.209451 ], [ 110.146425, 25.209829 ], [ 110.146563, 25.210206 ], [ 110.146702, 25.210583 ], [ 110.146841, 25.210961 ], [ 110.146952, 25.211261 ], [ 110.146953, 25.211265 ], [ 110.147099, 25.211678 ], [ 110.147184, 25.211917 ], [ 110.147184, 25.211917 ], [ 110.147261, 25.211933 ], [ 110.147614, 25.212037 ], [ 110.147637, 25.212093 ], [ 110.147613, 25.212207 ], [ 110.147596, 25.212329 ], [ 110.147621, 25.212458 ], [ 110.147732, 25.212516 ], [ 110.147747, 25.212482 ], [ 110.147811, 25.212331 ], [ 110.14789, 25.21212 ], [ 110.148033, 25.211739 ], [ 110.148176, 25.211359 ], [ 110.148332, 25.210972 ], [ 110.148454, 25.210649 ], [ 110.148575, 25.210326 ], [ 110.148697, 25.210003 ], [ 110.148818, 25.20968 ] ] ] } },
{ "type": "Feature", "properties": { "BSM": "450312211000092248", "DLBM": "0601", "DLMC": "工业用地", "图斑面积": 16823.65, "坐落单位": "秧塘旧机场", "企业名称": "桂林三金药业股份有限公司", "行业代码": "C27", "行业名称": "医药制造业", "产值": 0.0, "行政区": null, "用地性": null }, "geometry": { "type": "Polygon", "coordinates": [ [ [ 110.172363, 25.20443 ], [ 110.172265, 25.204463 ], [ 110.172114, 25.204492 ], [ 110.171861, 25.204255 ], [ 110.171839, 25.204234 ], [ 110.171833, 25.204213 ], [ 110.171837, 25.204193 ], [ 110.171863, 25.204156 ], [ 110.172179, 25.204045 ], [ 110.172174, 25.204035 ], [ 110.172152, 25.203987 ], [ 110.17177, 25.204121 ], [ 110.171721, 25.204103 ], [ 110.171665, 25.204044 ], [ 110.171477, 25.203601 ], [ 110.171447, 25.203491 ], [ 110.171883, 25.203341 ], [ 110.171873, 25.203319 ], [ 110.171787, 25.20314 ], [ 110.171635, 25.202823 ], [ 110.171482, 25.202506 ], [ 110.171392, 25.202319 ], [ 110.171392, 25.202319 ], [ 110.171017, 25.202448 ], [ 110.170642, 25.202576 ], [ 110.17025, 25.202705 ], [ 110.170213, 25.202733 ], [ 110.170206, 25.202767 ], [ 110.17022, 25.202813 ], [ 110.170313, 25.202909 ], [ 110.1705, 25.203082 ], [ 110.170687, 25.203255 ], [ 110.170937, 25.20352 ], [ 110.170997, 25.203583 ], [ 110.171068, 25.203618 ], [ 110.171071, 25.203621 ], [ 110.171352, 25.203524 ], [ 110.17142, 25.203588 ], [ 110.17161, 25.204093 ], [ 110.171601, 25.204126 ], [ 110.171615, 25.204139 ], [ 110.171891, 25.204392 ], [ 110.172083, 25.204575 ], [ 110.172275, 25.204759 ], [ 110.172498, 25.204984 ], [ 110.172722, 25.205208 ], [ 110.172762, 25.205238 ], [ 110.172763, 25.205238 ], [ 110.172763, 25.205239 ], [ 110.172763, 25.205239 ], [ 110.172732, 25.205164 ], [ 110.172542, 25.204787 ], [ 110.172363, 25.20443 ] ] ] } },
{ "type": "Feature", "properties": { "BSM": "450312211000092254", "DLBM": "0601", "DLMC": "工业用地", "图斑面积": 6944.41, "坐落单位": "凤凰林场", "企业名称": null, "行业代码": null, "行业名称": null, "产值": 0.0, "行政区": null, "用地性": null }, "geometry": { "type": "Polygon", "coordinates": [ [ [ 110.09555, 25.210076 ], [ 110.095601, 25.209992 ], [ 110.095627, 25.209948 ], [ 110.095744, 25.209777 ], [ 110.095798, 25.209706 ], [ 110.095818, 25.209679 ], [ 110.095819, 25.209679 ], [ 110.095738, 25.209633 ], [ 110.095511, 25.20954 ], [ 110.095365, 25.20951 ], [ 110.095357, 25.20951 ], [ 110.095163, 25.209509 ], [ 110.095024, 25.209508 ], [ 110.094897, 25.209478 ], [ 110.094613, 25.209327 ], [ 110.094575, 25.209311 ], [ 110.094484, 25.209272 ], [ 110.094427, 25.209248 ], [ 110.094427, 25.209249 ], [ 110.094416, 25.20933 ], [ 110.094415, 25.20937 ], [ 110.094461, 25.209417 ], [ 110.094536, 25.209452 ], [ 110.094603, 25.209482 ], [ 110.09469, 25.209505 ], [ 110.094787, 25.209531 ], [ 110.094808, 25.209559 ], [ 110.094791, 25.209623 ], [ 110.094762, 25.209709 ], [ 110.09473, 25.20978 ], [ 110.094699, 25.20987 ], [ 110.094628, 25.210096 ], [ 110.094618, 25.21025 ], [ 110.094633, 25.210327 ], [ 110.094746, 25.210179 ], [ 110.094885, 25.210108 ], [ 110.094982, 25.210075 ], [ 110.095176, 25.21006 ], [ 110.09555, 25.210076 ] ] ] } },
{ "type": "Feature", "properties": { "BSM": "450312211000092334", "DLBM": "0601", "DLMC": "工业用地", "图斑面积": 20727.77, "坐落单位": "羊田村委会", "企业名称": null, "行业代码": null, "行业名称": null, "产值": 0.0, "行政区": null, "用地性": null }, "geometry": { "type": "Polygon", "coordinates": [ [ [ 110.285725, 25.016338 ], [ 110.285779, 25.016204 ], [ 110.285812, 25.016107 ], [ 110.285859, 25.015998 ], [ 110.285876, 25.015966 ], [ 110.285902, 25.015932 ], [ 110.285914, 25.015915 ], [ 110.285947, 25.015886 ], [ 110.286094, 25.01578 ], [ 110.286123, 25.015763 ], [ 110.286182, 25.015728 ], [ 110.286251, 25.015676 ], [ 110.286312, 25.015624 ], [ 110.286281, 25.015606 ], [ 110.286165, 25.015543 ], [ 110.285941, 25.015419 ], [ 110.285903, 25.015398 ], [ 110.285649, 25.015331 ], [ 110.285429, 25.015288 ], [ 110.285399, 25.015218 ], [ 110.285348, 25.015096 ], [ 110.285224, 25.015077 ], [ 110.285161, 25.015068 ], [ 110.285133, 25.015075 ], [ 110.284923, 25.015128 ], [ 110.28459, 25.015242 ], [ 110.284168, 25.015339 ], [ 110.284047, 25.015385 ], [ 110.284019, 25.015427 ], [ 110.284021, 25.015484 ], [ 110.284073, 25.015567 ], [ 110.284168, 25.015719 ], [ 110.284181, 25.015742 ], [ 110.284215, 25.015878 ], [ 110.284216, 25.015964 ], [ 110.284229, 25.015966 ], [ 110.284444, 25.015988 ], [ 110.284461, 25.016003 ], [ 110.284494, 25.016029 ], [ 110.284502, 25.016036 ], [ 110.28451, 25.016201 ], [ 110.284708, 25.016256 ], [ 110.285084, 25.016232 ], [ 110.285166, 25.016399 ], [ 110.285207, 25.016396 ], [ 110.285301, 25.016386 ], [ 110.285724, 25.016338 ], [ 110.285725, 25.016338 ] ] ] } },
{ "type": "Feature", "properties": { "BSM": "450312211000092336", "DLBM": "0601", "DLMC": "工业用地", "图斑面积": 2225.11, "坐落单位": "羊田村委会", "企业名称": null, "行业代码": null, "行业名称": null, "产值": 0.0, "行政区": null, "用地性": null }, "geometry": { "type": "Polygon", "coordinates": [ [ [ 110.288396, 25.030739 ], [ 110.288332, 25.030608 ], [ 110.288239, 25.030478 ], [ 110.288269, 25.030469 ], [ 110.288245, 25.030396 ], [ 110.287989, 25.030451 ], [ 110.287981, 25.030489 ], [ 110.287979, 25.030504 ], [ 110.287962, 25.030594 ], [ 110.287956, 25.030611 ], [ 110.287952, 25.030622 ], [ 110.287886, 25.030662 ], [ 110.287791, 25.030716 ], [ 110.287748, 25.030742 ], [ 110.287725, 25.030755 ], [ 110.287755, 25.030802 ], [ 110.287748, 25.030817 ], [ 110.287748, 25.030837 ], [ 110.287759, 25.030861 ], [ 110.287768, 25.03088 ], [ 110.287809, 25.030946 ], [ 110.287851, 25.030937 ], [ 110.287978, 25.0309 ], [ 110.288106, 25.030859 ], [ 110.288155, 25.030841 ], [ 110.288191, 25.030828 ], [ 110.288286, 25.030791 ], [ 110.288347, 25.030765 ], [ 110.288396, 25.030739 ] ] ] } },
{ "type": "Feature", "properties": { "BSM": "450312211000090741", "DLBM": "0601", "DLMC": "工业用地", "图斑面积": 647.59, "坐落单位": "岩岭村委会", "企业名称": null, "行业代码": null, "行业名称": null, "产值": 0.0, "行政区": null, "用地性": null }, "geometry": { "type": "Polygon", "coordinates": [ [ [ 110.226187, 24.980839 ], [ 110.226196, 24.980815 ], [ 110.226234, 24.980751 ], [ 110.226247, 24.980719 ], [ 110.226251, 24.980677 ], [ 110.226253, 24.980666 ], [ 110.226257, 24.980634 ], [ 110.226194, 24.980597 ], [ 110.226169, 24.980585 ], [ 110.226153, 24.980588 ], [ 110.226073, 24.980651 ], [ 110.225993, 24.980722 ], [ 110.225948, 24.980778 ], [ 110.225944, 24.980797 ], [ 110.225944, 24.980804 ], [ 110.225952, 24.980816 ], [ 110.226012, 24.980882 ], [ 110.226029, 24.980891 ], [ 110.226046, 24.980891 ], [ 110.226066, 24.980883 ], [ 110.226143, 24.98084 ], [ 110.226187, 24.980839 ] ] ] } },
{ "type": "Feature", "properties": { "BSM": "450312211000092337", "DLBM": "0601", "DLMC": "工业用地", "图斑面积": 513.1, "坐落单位": "罗塘村委会", "企业名称": null, "行业代码": null, "行业名称": null, "产值": 0.0, "行政区": null, "用地性": null }, "geometry": { "type": "Polygon", "coordinates": [ [ [ 110.267262, 24.970061 ], [ 110.267418, 24.969715 ], [ 110.267321, 24.96967 ], [ 110.267313, 24.969691 ], [ 110.267218, 24.969929 ], [ 110.267153, 24.96991 ], [ 110.267111, 24.970022 ], [ 110.267262, 24.970061 ] ] ] } },
{ "type": "Feature", "properties": { "BSM": "450312211000200410", "DLBM": "0601", "DLMC": "工业用地", "图斑面积": 3924.49, "坐落单位": "大村村委会", "企业名称": null, "行业代码": null, "行业名称": null, "产值": 0.0, "行政区": null, "用地性": null }, "geometry": { "type": "Polygon", "coordinates": [ [ [ 110.277122, 24.976805 ], [ 110.277056, 24.976779 ], [ 110.27694, 24.976734 ], [ 110.276886, 24.976711 ], [ 110.276826, 24.97668 ], [ 110.276792, 24.976645 ], [ 110.276752, 24.976587 ], [ 110.276733, 24.976541 ], [ 110.276746, 24.976454 ], [ 110.276743, 24.976408 ], [ 110.276745, 24.97638 ], [ 110.27675, 24.976325 ], [ 110.276764, 24.976292 ], [ 110.276784, 24.976271 ], [ 110.276816, 24.97626 ], [ 110.276858, 24.976257 ], [ 110.276855, 24.976254 ], [ 110.276761, 24.976135 ], [ 110.276759, 24.976133 ], [ 110.276504, 24.976353 ], [ 110.276494, 24.976363 ], [ 110.276459, 24.976399 ], [ 110.27639, 24.976471 ], [ 110.276251, 24.976617 ], [ 110.276237, 24.976632 ], [ 110.2763, 24.976718 ], [ 110.276361, 24.976803 ], [ 110.276553, 24.976926 ], [ 110.276574, 24.976939 ], [ 110.276737, 24.976997 ], [ 110.276866, 24.977068 ], [ 110.277016, 24.976913 ], [ 110.277047, 24.976881 ], [ 110.277122, 24.976805 ] ] ] } },
{ "type": "Feature", "properties": { "BSM": "450312211000029967", "DLBM": "0601", "DLMC": "工业用地", "图斑面积": 658.3, "坐落单位": "诚正村委会", "企业名称": null, "行业代码": null, "行业名称": null, "产值": 0.0, "行政区": null, "用地性": null }, "geometry": { "type": "Polygon", "coordinates": [ [ [ 110.323477, 25.002413 ], [ 110.323547, 25.0022 ], [ 110.323455, 25.002174 ], [ 110.323404, 25.002182 ], [ 110.323336, 25.0022 ], [ 110.323308, 25.002222 ], [ 110.323272, 25.002335 ], [ 110.323248, 25.002471 ], [ 110.323382, 25.002447 ], [ 110.323477, 25.002413 ] ] ] } },
{ "type": "Feature", "properties": { "BSM": "450312211000067088", "DLBM": "0601", "DLMC": "工业用地", "图斑面积": 1155.68, "坐落单位": "诚正村委会", "企业名称": null, "行业代码": null, "行业名称": null, "产值": 0.0, "行政区": null, "用地性": null }, "geometry": { "type": "Polygon", "coordinates": [ [ [ 110.328913, 24.998256 ], [ 110.328867, 24.998233 ], [ 110.328573, 24.998088 ], [ 110.328527, 24.99812 ], [ 110.328493, 24.998163 ], [ 110.328486, 24.998201 ], [ 110.328494, 24.998229 ], [ 110.328524, 24.998264 ], [ 110.32853, 24.998275 ], [ 110.328537, 24.998287 ], [ 110.328547, 24.998321 ], [ 110.328544, 24.998379 ], [ 110.328547, 24.998416 ], [ 110.328578, 24.99844 ], [ 110.328711, 24.998487 ], [ 110.328756, 24.998503 ], [ 110.328913, 24.998256 ] ] ] } },
{ "type": "Feature", "properties": { "BSM": "450312211000090761", "DLBM": "0601", "DLMC": "工业用地", "图斑面积": 534.38, "坐落单位": "诚正村委会", "企业名称": null, "行业代码": null, "行业名称": null, "产值": 0.0, "行政区": null, "用地性": null }, "geometry": { "type": "Polygon", "coordinates": [ [ [ 110.318112, 25.003499 ], [ 110.318128, 25.003409 ], [ 110.317979, 25.003391 ], [ 110.317976, 25.00339 ], [ 110.317857, 25.003378 ], [ 110.317854, 25.003401 ], [ 110.31783, 25.00353 ], [ 110.318082, 25.003581 ], [ 110.318076, 25.003607 ], [ 110.318131, 25.003614 ], [ 110.318142, 25.003567 ], [ 110.318101, 25.003561 ], [ 110.318112, 25.003499 ] ] ] } },
{ "type": "Feature", "properties": { "BSM": "450312211000092180", "DLBM": "0601", "DLMC": "工业用地", "图斑面积": 5611.52, "坐落单位": "诚正村委会", "企业名称": null, "行业代码": null, "行业名称": null, "产值": 0.0, "行政区": null, "用地性": null }, "geometry": { "type": "Polygon", "coordinates": [ [ [ 110.329489, 24.997358 ], [ 110.329463, 24.997344 ], [ 110.329478, 24.997325 ], [ 110.329237, 24.997216 ], [ 110.328997, 24.997106 ], [ 110.328937, 24.997078 ], [ 110.328751, 24.997356 ], [ 110.328494, 24.997737 ], [ 110.328582, 24.997778 ], [ 110.329007, 24.998003 ], [ 110.329047, 24.998023 ], [ 110.329159, 24.997878 ], [ 110.329324, 24.997618 ], [ 110.329489, 24.997358 ] ] ] } },
{ "type": "Feature", "properties": { "BSM": "450312211000092181", "DLBM": "0601", "DLMC": "工业用地", "图斑面积": 760.86, "坐落单位": "诚正村委会", "企业名称": null, "行业代码": null, "行业名称": null, "产值": 0.0, "行政区": null, "用地性": null }, "geometry": { "type": "Polygon", "coordinates": [ [ [ 110.324524, 25.001649 ], [ 110.324477, 25.001717 ], [ 110.324467, 25.001732 ], [ 110.324449, 25.001758 ], [ 110.324371, 25.00191 ], [ 110.324368, 25.001916 ], [ 110.324351, 25.001953 ], [ 110.32453, 25.002037 ], [ 110.324627, 25.001887 ], [ 110.324597, 25.001869 ], [ 110.32468, 25.00171 ], [ 110.324524, 25.001649 ] ] ] } },
{ "type": "Feature", "properties": { "BSM": "450312211000092340", "DLBM": "0601", "DLMC": "工业用地", "图斑面积": 437.96, "坐落单位": "诚正村委会", "企业名称": null, "行业代码": null, "行业名称": null, "产值": 0.0, "行政区": null, "用地性": null }, "geometry": { "type": "Polygon", "coordinates": [ [ [ 110.324834, 25.001131 ], [ 110.324833, 25.001132 ], [ 110.324821, 25.001152 ], [ 110.324696, 25.001365 ], [ 110.324627, 25.001485 ], [ 110.324796, 25.001555 ], [ 110.32483, 25.001428 ], [ 110.324747, 25.001376 ], [ 110.324867, 25.001202 ], [ 110.324901, 25.001153 ], [ 110.324834, 25.001131 ] ] ] } },
{ "type": "Feature", "properties": { "BSM": "450312211000092341", "DLBM": "0601", "DLMC": "工业用地", "图斑面积": 8134.49, "坐落单位": "诚正村委会", "企业名称": null, "行业代码": null, "行业名称": null, "产值": 0.0, "行政区": null, "用地性": null }, "geometry": { "type": "Polygon", "coordinates": [ [ [ 110.324045, 25.010148 ], [ 110.324067, 25.010048 ], [ 110.324065, 25.010038 ], [ 110.324051, 25.010027 ], [ 110.32402, 25.010019 ], [ 110.324004, 25.010015 ], [ 110.323994, 25.010008 ], [ 110.323986, 25.009996 ], [ 110.32398, 25.009971 ], [ 110.323988, 25.009912 ], [ 110.323993, 25.009871 ], [ 110.323979, 25.009862 ], [ 110.323897, 25.00984 ], [ 110.32382, 25.009823 ], [ 110.323793, 25.009801 ], [ 110.323741, 25.009725 ], [ 110.323709, 25.009698 ], [ 110.323697, 25.009672 ], [ 110.323684, 25.009646 ], [ 110.323633, 25.009553 ], [ 110.323599, 25.009404 ], [ 110.323589, 25.009351 ], [ 110.323578, 25.009337 ], [ 110.323577, 25.009334 ], [ 110.323343, 25.009296 ], [ 110.323343, 25.009296 ], [ 110.323146, 25.009264 ], [ 110.322728, 25.009184 ], [ 110.322689, 25.00918 ], [ 110.322659, 25.009248 ], [ 110.322589, 25.009416 ], [ 110.32254, 25.009543 ], [ 110.322529, 25.009617 ], [ 110.322632, 25.009652 ], [ 110.322804, 25.009715 ], [ 110.323019, 25.009787 ], [ 110.323259, 25.00987 ], [ 110.323401, 25.009922 ], [ 110.323556, 25.009982 ], [ 110.323627, 25.010023 ], [ 110.323763, 25.010103 ], [ 110.323885, 25.010186 ], [ 110.323934, 25.010226 ], [ 110.323961, 25.010253 ], [ 110.324002, 25.010293 ], [ 110.324035, 25.01019 ], [ 110.324045, 25.010148 ] ] ] } },
{ "type": "Feature", "properties": { "BSM": "450312211000092342", "DLBM": "0601", "DLMC": "工业用地", "图斑面积": 4103.7, "坐落单位": "诚正村委会", "企业名称": null, "行业代码": null, "行业名称": null, "产值": 0.0, "行政区": null, "用地性": null }, "geometry": { "type": "Polygon", "coordinates": [ [ [ 110.327303, 25.008411 ], [ 110.327269, 25.008507 ], [ 110.32721, 25.008674 ], [ 110.327095, 25.008923 ], [ 110.32706, 25.009028 ], [ 110.327016, 25.009212 ], [ 110.326991, 25.009401 ], [ 110.326977, 25.009586 ], [ 110.326964, 25.00965 ], [ 110.327236, 25.00969 ], [ 110.327273, 25.009682 ], [ 110.3273, 25.009655 ], [ 110.327332, 25.009585 ], [ 110.327364, 25.009461 ], [ 110.327386, 25.009209 ], [ 110.327425, 25.008873 ], [ 110.327449, 25.008754 ], [ 110.327474, 25.008699 ], [ 110.327459, 25.008668 ], [ 110.327429, 25.008653 ], [ 110.327376, 25.008642 ], [ 110.327354, 25.008623 ], [ 110.327347, 25.008559 ], [ 110.327337, 25.008472 ], [ 110.327323, 25.008437 ], [ 110.327303, 25.008411 ] ] ] } },
{ "type": "Feature", "properties": { "BSM": "450312211000092343", "DLBM": "0601", "DLMC": "工业用地", "图斑面积": 2114.42, "坐落单位": "诚正村委会", "企业名称": null, "行业代码": null, "行业名称": null, "产值": 0.0, "行政区": null, "用地性": null }, "geometry": { "type": "Polygon", "coordinates": [ [ [ 110.319805, 25.0045 ], [ 110.319883, 25.004452 ], [ 110.319977, 25.00438 ], [ 110.32009, 25.0043 ], [ 110.319983, 25.004241 ], [ 110.319942, 25.004217 ], [ 110.31984, 25.004153 ], [ 110.319679, 25.004051 ], [ 110.319575, 25.003987 ], [ 110.319559, 25.003977 ], [ 110.319503, 25.004059 ], [ 110.319435, 25.004199 ], [ 110.319416, 25.004258 ], [ 110.319538, 25.004364 ], [ 110.319664, 25.004492 ], [ 110.319716, 25.00452 ], [ 110.319779, 25.004515 ], [ 110.319805, 25.0045 ] ] ] } },
{ "type": "Feature", "properties": { "BSM": "450312211000092344", "DLBM": "0601", "DLMC": "工业用地", "图斑面积": 331.0, "坐落单位": "诚正村委会", "企业名称": null, "行业代码": null, "行业名称": null, "产值": 0.0, "行政区": null, "用地性": null }, "geometry": { "type": "Polygon", "coordinates": [ [ [ 110.319037, 25.00366 ], [ 110.318861, 25.003558 ], [ 110.318836, 25.003586 ], [ 110.318803, 25.00363 ], [ 110.318783, 25.003664 ], [ 110.318784, 25.003676 ], [ 110.318793, 25.003687 ], [ 110.318933, 25.003768 ], [ 110.318938, 25.003768 ], [ 110.318955, 25.003754 ], [ 110.318978, 25.003726 ], [ 110.318989, 25.003725 ], [ 110.319, 25.003717 ], [ 110.31903, 25.003686 ], [ 110.319037, 25.00366 ] ] ] } },
{ "type": "Feature", "properties": { "BSM": "450312211000092345", "DLBM": "0601", "DLMC": "工业用地", "图斑面积": 1154.73, "坐落单位": "诚正村委会", "企业名称": null, "行业代码": null, "行业名称": null, "产值": 0.0, "行政区": null, "用地性": null }, "geometry": { "type": "Polygon", "coordinates": [ [ [ 110.319573, 24.993731 ], [ 110.319473, 24.993554 ], [ 110.319469, 24.99354 ], [ 110.319472, 24.993523 ], [ 110.319377, 24.993525 ], [ 110.319154, 24.99354 ], [ 110.319103, 24.993552 ], [ 110.319098, 24.993573 ], [ 110.319099, 24.99365 ], [ 110.3191, 24.993663 ], [ 110.319067, 24.993701 ], [ 110.319066, 24.993723 ], [ 110.319066, 24.993745 ], [ 110.319088, 24.993796 ], [ 110.319151, 24.993788 ], [ 110.319185, 24.993784 ], [ 110.319285, 24.993775 ], [ 110.319439, 24.993757 ], [ 110.319562, 24.993733 ], [ 110.319573, 24.993731 ] ] ] } },
{ "type": "Feature", "properties": { "BSM": "450312211000092346", "DLBM": "0601", "DLMC": "工业用地", "图斑面积": 522.04, "坐落单位": "诚正村委会", "企业名称": null, "行业代码": null, "行业名称": null, "产值": 0.0, "行政区": null, "用地性": null }, "geometry": { "type": "Polygon", "coordinates": [ [ [ 110.322244, 24.993522 ], [ 110.322211, 24.99352 ], [ 110.322097, 24.993518 ], [ 110.321994, 24.993523 ], [ 110.321891, 24.99353 ], [ 110.321884, 24.993544 ], [ 110.321875, 24.993578 ], [ 110.321873, 24.993632 ], [ 110.321879, 24.993639 ], [ 110.321939, 24.993649 ], [ 110.322205, 24.993659 ], [ 110.322222, 24.993644 ], [ 110.322231, 24.993614 ], [ 110.322245, 24.993557 ], [ 110.322244, 24.993522 ] ] ] } },
{ "type": "Feature", "properties": { "BSM": "450312211000108597", "DLBM": "0601", "DLMC": "工业用地", "图斑面积": 2227.16, "坐落单位": "诚桂村委会", "企业名称": null, "行业代码": null, "行业名称": null, "产值": 0.0, "行政区": null, "用地性": null }, "geometry": { "type": "Polygon", "coordinates": [ [ [ 110.287609, 25.0106 ], [ 110.287444, 25.010587 ], [ 110.287349, 25.010605 ], [ 110.287333, 25.010638 ], [ 110.287311, 25.010682 ], [ 110.287312, 25.010738 ], [ 110.287397, 25.010774 ], [ 110.287492, 25.010798 ], [ 110.287624, 25.010803 ], [ 110.287793, 25.010853 ], [ 110.287898, 25.010903 ], [ 110.287992, 25.010973 ], [ 110.288082, 25.010983 ], [ 110.288135, 25.010904 ], [ 110.288167, 25.010845 ], [ 110.28819, 25.010802 ], [ 110.288192, 25.010758 ], [ 110.288098, 25.010694 ], [ 110.28804, 25.010658 ], [ 110.287928, 25.010625 ], [ 110.287806, 25.010615 ], [ 110.287717, 25.010601 ], [ 110.287609, 25.0106 ] ] ] } },
{ "type": "Feature", "properties": { "BSM": "450312211000108607", "DLBM": "0601", "DLMC": "工业用地", "图斑面积": 1213.39, "坐落单位": "诚桂村委会", "企业名称": null, "行业代码": null, "行业名称": null, "产值": 0.0, "行政区": null, "用地性": null }, "geometry": { "type": "Polygon", "coordinates": [ [ [ 110.288372, 25.010854 ], [ 110.288338, 25.010853 ], [ 110.288303, 25.010876 ], [ 110.28828, 25.010886 ], [ 110.288251, 25.010917 ], [ 110.288222, 25.010957 ], [ 110.288176, 25.011004 ], [ 110.28813, 25.011057 ], [ 110.288157, 25.011099 ], [ 110.288217, 25.011125 ], [ 110.288356, 25.011121 ], [ 110.288536, 25.011101 ], [ 110.288656, 25.011054 ], [ 110.288698, 25.010987 ], [ 110.288665, 25.010932 ], [ 110.288627, 25.010897 ], [ 110.288481, 25.010877 ], [ 110.288372, 25.010854 ] ] ] } },
{ "type": "Feature", "properties": { "BSM": "450312211000092183", "DLBM": "0601", "DLMC": "工业用地", "图斑面积": 3598.73, "坐落单位": "六塘村委会", "企业名称": null, "行业代码": null, "行业名称": null, "产值": 0.0, "行政区": null, "用地性": null }, "geometry": { "type": "Polygon", "coordinates": [ [ [ 110.283928, 24.99387 ], [ 110.283933, 24.993837 ], [ 110.283884, 24.99377 ], [ 110.283868, 24.99374 ], [ 110.283767, 24.993523 ], [ 110.283892, 24.993378 ], [ 110.283786, 24.993374 ], [ 110.283556, 24.993388 ], [ 110.283519, 24.993392 ], [ 110.283461, 24.993397 ], [ 110.283492, 24.993518 ], [ 110.28333, 24.993534 ], [ 110.283291, 24.993532 ], [ 110.283214, 24.993522 ], [ 110.283008, 24.993551 ], [ 110.282995, 24.993554 ], [ 110.282985, 24.993725 ], [ 110.283009, 24.993725 ], [ 110.283198, 24.993727 ], [ 110.283347, 24.993728 ], [ 110.283353, 24.993728 ], [ 110.283381, 24.993844 ], [ 110.283419, 24.99396 ], [ 110.283469, 24.993957 ], [ 110.283519, 24.993962 ], [ 110.283697, 24.993966 ], [ 110.283709, 24.993966 ], [ 110.283733, 24.993955 ], [ 110.283809, 24.99386 ], [ 110.283928, 24.99387 ] ] ] } },
{ "type": "Feature", "properties": { "BSM": "450312211000092184", "DLBM": "0601", "DLMC": "工业用地", "图斑面积": 1437.74, "坐落单位": "六塘村委会", "企业名称": null, "行业代码": null, "行业名称": null, "产值": 0.0, "行政区": null, "用地性": null }, "geometry": { "type": "Polygon", "coordinates": [ [ [ 110.285794, 24.994416 ], [ 110.28578, 24.994397 ], [ 110.285776, 24.994391 ], [ 110.285756, 24.994364 ], [ 110.28567, 24.994254 ], [ 110.28565, 24.994232 ], [ 110.285632, 24.994211 ], [ 110.285623, 24.9942 ], [ 110.285621, 24.994198 ], [ 110.285616, 24.994191 ], [ 110.285613, 24.994188 ], [ 110.285608, 24.994182 ], [ 110.285604, 24.994175 ], [ 110.285565, 24.994103 ], [ 110.285559, 24.994091 ], [ 110.285558, 24.994093 ], [ 110.285395, 24.994218 ], [ 110.28531, 24.994242 ], [ 110.285335, 24.994424 ], [ 110.285464, 24.994424 ], [ 110.285487, 24.994507 ], [ 110.285382, 24.994516 ], [ 110.285407, 24.994617 ], [ 110.285442, 24.994606 ], [ 110.2856, 24.994519 ], [ 110.285794, 24.994416 ] ] ] } },
{ "type": "Feature", "properties": { "BSM": "450312211000092186", "DLBM": "0601", "DLMC": "工业用地", "图斑面积": 456.39, "坐落单位": "六塘村委会", "企业名称": null, "行业代码": null, "行业名称": null, "产值": 0.0, "行政区": null, "用地性": null }, "geometry": { "type": "Polygon", "coordinates": [ [ [ 110.287689, 25.005332 ], [ 110.287632, 25.005334 ], [ 110.287458, 25.005349 ], [ 110.287457, 25.005467 ], [ 110.287477, 25.005465 ], [ 110.287526, 25.005459 ], [ 110.287553, 25.005457 ], [ 110.287569, 25.005549 ], [ 110.287714, 25.005529 ], [ 110.287702, 25.005438 ], [ 110.287692, 25.005373 ], [ 110.287689, 25.005332 ] ] ] } },
{ "type": "Feature", "properties": { "BSM": "450312211000092349", "DLBM": "0601", "DLMC": "工业用地", "图斑面积": 5076.46, "坐落单位": "六塘村委会", "企业名称": null, "行业代码": null, "行业名称": null, "产值": 0.0, "行政区": null, "用地性": null }, "geometry": { "type": "Polygon", "coordinates": [ [ [ 110.283956, 24.987479 ], [ 110.283952, 24.987465 ], [ 110.283926, 24.987392 ], [ 110.283915, 24.987361 ], [ 110.283896, 24.987198 ], [ 110.283885, 24.987017 ], [ 110.283882, 24.986969 ], [ 110.283875, 24.98692 ], [ 110.283874, 24.986917 ], [ 110.283872, 24.986901 ], [ 110.28387, 24.986885 ], [ 110.283851, 24.986744 ], [ 110.28383, 24.986579 ], [ 110.283815, 24.986421 ], [ 110.283812, 24.986393 ], [ 110.283812, 24.986393 ], [ 110.283809, 24.986361 ], [ 110.283716, 24.986397 ], [ 110.283605, 24.98644 ], [ 110.28359, 24.986445 ], [ 110.283565, 24.986454 ], [ 110.283548, 24.98646 ], [ 110.283347, 24.986495 ], [ 110.283253, 24.986513 ], [ 110.28322, 24.98652 ], [ 110.283226, 24.986541 ], [ 110.283259, 24.986676 ], [ 110.283324, 24.986664 ], [ 110.283593, 24.986612 ], [ 110.283666, 24.986904 ], [ 110.28347, 24.986949 ], [ 110.2835, 24.987095 ], [ 110.283534, 24.987244 ], [ 110.283455, 24.987259 ], [ 110.283486, 24.987384 ], [ 110.283507, 24.987466 ], [ 110.283516, 24.987497 ], [ 110.283579, 24.98748 ], [ 110.283702, 24.987675 ], [ 110.283742, 24.987726 ], [ 110.283847, 24.98771 ], [ 110.28384, 24.987611 ], [ 110.28386, 24.987563 ], [ 110.283925, 24.987492 ], [ 110.283938, 24.98748 ], [ 110.283956, 24.987479 ] ] ] } },
{ "type": "Feature", "properties": { "BSM": "450312211000092350", "DLBM": "0601", "DLMC": "工业用地", "图斑面积": 2697.08, "坐落单位": "六塘村委会", "企业名称": null, "行业代码": null, "行业名称": null, "产值": 0.0, "行政区": null, "用地性": null }, "geometry": { "type": "Polygon", "coordinates": [ [ [ 110.289253, 24.988408 ], [ 110.289223, 24.988377 ], [ 110.289203, 24.988357 ], [ 110.28916, 24.988177 ], [ 110.289157, 24.988026 ], [ 110.289119, 24.987998 ], [ 110.289087, 24.988002 ], [ 110.289078, 24.987999 ], [ 110.289004, 24.987982 ], [ 110.288845, 24.987947 ], [ 110.288771, 24.98793 ], [ 110.288749, 24.987925 ], [ 110.288724, 24.988003 ], [ 110.288705, 24.988129 ], [ 110.288701, 24.988222 ], [ 110.288696, 24.988323 ], [ 110.2887, 24.988361 ], [ 110.288698, 24.988409 ], [ 110.288709, 24.988454 ], [ 110.288794, 24.988454 ], [ 110.288848, 24.988467 ], [ 110.288899, 24.988491 ], [ 110.28896, 24.988523 ], [ 110.28897, 24.988532 ], [ 110.289253, 24.988408 ] ] ] } },
{ "type": "Feature", "properties": { "BSM": "450312211000092351", "DLBM": "0601", "DLMC": "工业用地", "图斑面积": 893.13, "坐落单位": "六塘村委会", "企业名称": null, "行业代码": null, "行业名称": null, "产值": 0.0, "行政区": null, "用地性": null }, "geometry": { "type": "Polygon", "coordinates": [ [ [ 110.284924, 24.989361 ], [ 110.284917, 24.989338 ], [ 110.28491, 24.989298 ], [ 110.284874, 24.989159 ], [ 110.284854, 24.989163 ], [ 110.284599, 24.989231 ], [ 110.284516, 24.989253 ], [ 110.284489, 24.98926 ], [ 110.284545, 24.989443 ], [ 110.284596, 24.98944 ], [ 110.28463, 24.989431 ], [ 110.284904, 24.989364 ], [ 110.284924, 24.989361 ] ] ] } },
{ "type": "Feature", "properties": { "BSM": "450312211000092352", "DLBM": "0601", "DLMC": "工业用地", "图斑面积": 1575.29, "坐落单位": "六塘村委会", "企业名称": null, "行业代码": null, "行业名称": null, "产值": 0.0, "行政区": null, "用地性": null }, "geometry": { "type": "Polygon", "coordinates": [ [ [ 110.282991, 25.001531 ], [ 110.282985, 25.001508 ], [ 110.282982, 25.001418 ], [ 110.282946, 25.001413 ], [ 110.282746, 25.001411 ], [ 110.282549, 25.001409 ], [ 110.282536, 25.001724 ], [ 110.282829, 25.001731 ], [ 110.282903, 25.001733 ], [ 110.282979, 25.001736 ], [ 110.282988, 25.001587 ], [ 110.282991, 25.001531 ] ] ] } },
{ "type": "Feature", "properties": { "BSM": "450312211000105464", "DLBM": "0601", "DLMC": "工业用地", "图斑面积": 1967.06, "坐落单位": "六塘村委会", "企业名称": null, "行业代码": null, "行业名称": null, "产值": 0.0, "行政区": null, "用地性": null }, "geometry": { "type": "Polygon", "coordinates": [ [ [ 110.286532, 25.002427 ], [ 110.286626, 25.002421 ], [ 110.28663, 25.002421 ], [ 110.28668, 25.002419 ], [ 110.286674, 25.002315 ], [ 110.286674, 25.002287 ], [ 110.286683, 25.002288 ], [ 110.286896, 25.002287 ], [ 110.28695, 25.002287 ], [ 110.287005, 25.002284 ], [ 110.287008, 25.002189 ], [ 110.28699, 25.00219 ], [ 110.286986, 25.00219 ], [ 110.286927, 25.00219 ], [ 110.286925, 25.002191 ], [ 110.286912, 25.002191 ], [ 110.28691, 25.002152 ], [ 110.286909, 25.002124 ], [ 110.286906, 25.002054 ], [ 110.286785, 25.002049 ], [ 110.286746, 25.002047 ], [ 110.286647, 25.002042 ], [ 110.286406, 25.002032 ], [ 110.286377, 25.00203 ], [ 110.286381, 25.002139 ], [ 110.286386, 25.002201 ], [ 110.286389, 25.002241 ], [ 110.286391, 25.002261 ], [ 110.286405, 25.002408 ], [ 110.286405, 25.002427 ], [ 110.28644, 25.002425 ], [ 110.286532, 25.002427 ] ] ] } },
{ "type": "Feature", "properties": { "BSM": "450312211000119817", "DLBM": "0601", "DLMC": "工业用地", "图斑面积": 223.59, "坐落单位": "新立村委会", "企业名称": null, "行业代码": null, "行业名称": null, "产值": 0.0, "行政区": null, "用地性": null }, "geometry": { "type": "Polygon", "coordinates": [ [ [ 110.266187, 25.149912 ], [ 110.26604, 25.149868 ], [ 110.266015, 25.149949 ], [ 110.266, 25.149998 ], [ 110.266148, 25.150033 ], [ 110.266172, 25.149959 ], [ 110.266187, 25.149912 ] ] ] } },
{ "type": "Feature", "properties": { "BSM": "450312211000091848", "DLBM": "0601", "DLMC": "工业用地", "图斑面积": 1046.83, "坐落单位": "新立村委会", "企业名称": null, "行业代码": null, "行业名称": null, "产值": 0.0, "行政区": null, "用地性": null }, "geometry": { "type": "Polygon", "coordinates": [ [ [ 110.257187, 25.163833 ], [ 110.256911, 25.163764 ], [ 110.256817, 25.164103 ], [ 110.256809, 25.16414 ], [ 110.256977, 25.164203 ], [ 110.257016, 25.164141 ], [ 110.257128, 25.163932 ], [ 110.257187, 25.163833 ] ] ] } },
{ "type": "Feature", "properties": { "BSM": "450312211000092356", "DLBM": "0601", "DLMC": "工业用地", "图斑面积": 199.01, "坐落单位": "新立村委会", "企业名称": null, "行业代码": null, "行业名称": null, "产值": 0.0, "行政区": null, "用地性": null }, "geometry": { "type": "Polygon", "coordinates": [ [ [ 110.270408, 25.152162 ], [ 110.27041, 25.15216 ], [ 110.2703, 25.152054 ], [ 110.2703, 25.152054 ], [ 110.270214, 25.152129 ], [ 110.270316, 25.152239 ], [ 110.270408, 25.152162 ] ] ] } },
{ "type": "Feature", "properties": { "BSM": "450312211000092357", "DLBM": "0601", "DLMC": "工业用地", "图斑面积": 623.59, "坐落单位": "新立村委会", "企业名称": null, "行业代码": null, "行业名称": null, "产值": 0.0, "行政区": null, "用地性": null }, "geometry": { "type": "Polygon", "coordinates": [ [ [ 110.266609, 25.150713 ], [ 110.266604, 25.150719 ], [ 110.266459, 25.150875 ], [ 110.266714, 25.151004 ], [ 110.266718, 25.151005 ], [ 110.266821, 25.150846 ], [ 110.26681, 25.150825 ], [ 110.266751, 25.150792 ], [ 110.266609, 25.150713 ] ] ] } },
{ "type": "Feature", "properties": { "BSM": "450312211000092360", "DLBM": "0601", "DLMC": "工业用地", "图斑面积": 2237.8, "坐落单位": "新立村委会", "企业名称": null, "行业代码": null, "行业名称": null, "产值": 0.0, "行政区": null, "用地性": null }, "geometry": { "type": "Polygon", "coordinates": [ [ [ 110.268992, 25.151621 ], [ 110.268561, 25.151433 ], [ 110.268377, 25.151811 ], [ 110.268376, 25.151835 ], [ 110.268727, 25.152004 ], [ 110.268758, 25.151974 ], [ 110.26878, 25.151955 ], [ 110.268793, 25.151945 ], [ 110.268992, 25.151622 ], [ 110.268992, 25.151621 ] ] ] } },
{ "type": "Feature", "properties": { "BSM": "450312211000092363", "DLBM": "0601", "DLMC": "工业用地", "图斑面积": 323.35, "坐落单位": "新立村委会", "企业名称": null, "行业代码": null, "行业名称": null, "产值": 0.0, "行政区": null, "用地性": null }, "geometry": { "type": "Polygon", "coordinates": [ [ [ 110.268736, 25.155293 ], [ 110.268725, 25.155297 ], [ 110.268578, 25.155348 ], [ 110.268562, 25.155357 ], [ 110.26857, 25.155413 ], [ 110.268575, 25.155444 ], [ 110.268717, 25.155504 ], [ 110.268741, 25.155494 ], [ 110.268764, 25.155374 ], [ 110.268736, 25.155293 ] ] ] } },
{ "type": "Feature", "properties": { "BSM": "450312211000092364", "DLBM": "0601", "DLMC": "工业用地", "图斑面积": 364.73, "坐落单位": "新立村委会", "企业名称": null, "行业代码": null, "行业名称": null, "产值": 0.0, "行政区": null, "用地性": null }, "geometry": { "type": "Polygon", "coordinates": [ [ [ 110.269309, 25.155619 ], [ 110.269352, 25.155358 ], [ 110.269309, 25.155359 ], [ 110.269229, 25.155362 ], [ 110.269182, 25.155591 ], [ 110.269183, 25.155607 ], [ 110.269291, 25.155625 ], [ 110.269309, 25.155619 ] ] ] } },
{ "type": "Feature", "properties": { "BSM": "450312211000092365", "DLBM": "0601", "DLMC": "工业用地", "图斑面积": 105.51, "坐落单位": "马面村委会", "企业名称": null, "行业代码": null, "行业名称": null, "产值": 0.0, "行政区": null, "用地性": null }, "geometry": { "type": "Polygon", "coordinates": [ [ [ 110.229408, 25.139766 ], [ 110.229337, 25.139744 ], [ 110.229306, 25.139876 ], [ 110.229378, 25.13989 ], [ 110.229391, 25.139821 ], [ 110.229408, 25.139766 ] ] ] } },
{ "type": "Feature", "properties": { "BSM": "450312211000092369", "DLBM": "0601", "DLMC": "工业用地", "图斑面积": 3368.46, "坐落单位": "燕山村委会", "企业名称": null, "行业代码": null, "行业名称": null, "产值": 0.0, "行政区": null, "用地性": null }, "geometry": { "type": "Polygon", "coordinates": [ [ [ 110.172674, 25.067564 ], [ 110.172691, 25.067565 ], [ 110.172684, 25.067247 ], [ 110.172606, 25.067253 ], [ 110.172554, 25.067253 ], [ 110.17246, 25.067254 ], [ 110.172456, 25.067254 ], [ 110.172456, 25.067253 ], [ 110.172452, 25.067197 ], [ 110.172433, 25.067029 ], [ 110.172429, 25.066938 ], [ 110.172428, 25.066921 ], [ 110.172327, 25.066926 ], [ 110.172288, 25.066955 ], [ 110.172262, 25.066975 ], [ 110.172063, 25.067186 ], [ 110.171865, 25.067397 ], [ 110.171931, 25.067397 ], [ 110.171966, 25.067388 ], [ 110.172204, 25.067385 ], [ 110.172246, 25.067384 ], [ 110.172241, 25.067626 ], [ 110.172322, 25.067625 ], [ 110.172369, 25.067611 ], [ 110.172381, 25.067618 ], [ 110.172488, 25.067709 ], [ 110.172545, 25.067651 ], [ 110.17258, 25.067605 ], [ 110.172621, 25.067552 ], [ 110.172621, 25.067552 ], [ 110.172632, 25.067558 ], [ 110.172637, 25.067559 ], [ 110.172667, 25.067564 ], [ 110.172674, 25.067564 ] ] ] } },
{ "type": "Feature", "properties": { "BSM": "450312211000092370", "DLBM": "0601", "DLMC": "工业用地", "图斑面积": 1991.03, "坐落单位": "矮山村委会", "企业名称": null, "行业代码": null, "行业名称": null, "产值": 0.0, "行政区": null, "用地性": null }, "geometry": { "type": "Polygon", "coordinates": [ [ [ 110.16156, 25.068658 ], [ 110.16151, 25.068637 ], [ 110.161406, 25.068598 ], [ 110.161295, 25.068559 ], [ 110.161231, 25.068502 ], [ 110.161218, 25.068465 ], [ 110.161186, 25.068478 ], [ 110.161154, 25.068484 ], [ 110.161117, 25.068489 ], [ 110.161089, 25.068483 ], [ 110.160977, 25.068445 ], [ 110.160944, 25.068562 ], [ 110.160892, 25.068707 ], [ 110.16087, 25.068788 ], [ 110.160992, 25.068767 ], [ 110.161219, 25.068757 ], [ 110.16124, 25.06876 ], [ 110.161276, 25.06881 ], [ 110.161301, 25.068866 ], [ 110.161352, 25.06893 ], [ 110.161378, 25.069014 ], [ 110.161391, 25.068991 ], [ 110.161481, 25.068844 ], [ 110.161506, 25.068793 ], [ 110.161514, 25.068774 ], [ 110.16156, 25.068658 ] ] ] } },
{ "type": "Feature", "properties": { "BSM": "450312211000092372", "DLBM": "0601", "DLMC": "工业用地", "图斑面积": 18791.63, "坐落单位": "陶淑村委会", "企业名称": null, "行业代码": null, "行业名称": null, "产值": 0.0, "行政区": null, "用地性": null }, "geometry": { "type": "Polygon", "coordinates": [ [ [ 110.131696, 25.044934 ], [ 110.131715, 25.044889 ], [ 110.131807, 25.044669 ], [ 110.131815, 25.044648 ], [ 110.131884, 25.044482 ], [ 110.132022, 25.044225 ], [ 110.131779, 25.044154 ], [ 110.131633, 25.044087 ], [ 110.131359, 25.043926 ], [ 110.131191, 25.043838 ], [ 110.13118, 25.043833 ], [ 110.130772, 25.04362 ], [ 110.130752, 25.043597 ], [ 110.130719, 25.04359 ], [ 110.130649, 25.043654 ], [ 110.130551, 25.043755 ], [ 110.130467, 25.043898 ], [ 110.130404, 25.044042 ], [ 110.130406, 25.044087 ], [ 110.130402, 25.044148 ], [ 110.130387, 25.04422 ], [ 110.130363, 25.044263 ], [ 110.130266, 25.044438 ], [ 110.1302, 25.044517 ], [ 110.130185, 25.044522 ], [ 110.130137, 25.0446 ], [ 110.130152, 25.044654 ], [ 110.130184, 25.04471 ], [ 110.130278, 25.044758 ], [ 110.13028, 25.044758 ], [ 110.130477, 25.044847 ], [ 110.130552, 25.044854 ], [ 110.130719, 25.044924 ], [ 110.130899, 25.04496 ], [ 110.131138, 25.045016 ], [ 110.131262, 25.045046 ], [ 110.131308, 25.045082 ], [ 110.131445, 25.045134 ], [ 110.131488, 25.045083 ], [ 110.131535, 25.044949 ], [ 110.131571, 25.044881 ], [ 110.131627, 25.044887 ], [ 110.131696, 25.044934 ] ] ] } },
{ "type": "Feature", "properties": { "BSM": "450312211000092374", "DLBM": "0601", "DLMC": "工业用地", "图斑面积": 291.19, "坐落单位": "陶淑村委会", "企业名称": null, "行业代码": null, "行业名称": null, "产值": 0.0, "行政区": null, "用地性": null }, "geometry": { "type": "Polygon", "coordinates": [ [ [ 110.139787, 25.050025 ], [ 110.139814, 25.049983 ], [ 110.139853, 25.049954 ], [ 110.139834, 25.04992 ], [ 110.139822, 25.049918 ], [ 110.139781, 25.049937 ], [ 110.139739, 25.049958 ], [ 110.139659, 25.049979 ], [ 110.139551, 25.05 ], [ 110.139534, 25.050005 ], [ 110.139498, 25.050016 ], [ 110.139491, 25.050024 ], [ 110.139512, 25.050087 ], [ 110.13952, 25.05009 ], [ 110.139538, 25.050089 ], [ 110.139692, 25.050042 ], [ 110.139727, 25.050036 ], [ 110.139787, 25.050025 ] ] ] } },
{ "type": "Feature", "properties": { "BSM": "450312211000092375", "DLBM": "0601", "DLMC": "工业用地", "图斑面积": 3777.3, "坐落单位": "陶淑村委会", "企业名称": null, "行业代码": null, "行业名称": null, "产值": 0.0, "行政区": null, "用地性": null }, "geometry": { "type": "Polygon", "coordinates": [ [ [ 110.139167, 25.048305 ], [ 110.139162, 25.048233 ], [ 110.139145, 25.048191 ], [ 110.139107, 25.048157 ], [ 110.139061, 25.04813 ], [ 110.13898, 25.048094 ], [ 110.138873, 25.048066 ], [ 110.138805, 25.048032 ], [ 110.13871, 25.047967 ], [ 110.138668, 25.047924 ], [ 110.138668, 25.047923 ], [ 110.138645, 25.04792 ], [ 110.138622, 25.04792 ], [ 110.138581, 25.047955 ], [ 110.138492, 25.048048 ], [ 110.138341, 25.048157 ], [ 110.138271, 25.048218 ], [ 110.138403, 25.048458 ], [ 110.138484, 25.048601 ], [ 110.138825, 25.048454 ], [ 110.139166, 25.048306 ], [ 110.139167, 25.048305 ] ] ] } },
{ "type": "Feature", "properties": { "BSM": "450312211000092378", "DLBM": "0601", "DLMC": "工业用地", "图斑面积": 827.45, "坐落单位": "七里村委会", "企业名称": null, "行业代码": null, "行业名称": null, "产值": 0.0, "行政区": null, "用地性": null }, "geometry": { "type": "Polygon", "coordinates": [ [ [ 110.168685, 25.029981 ], [ 110.168718, 25.029836 ], [ 110.168711, 25.029795 ], [ 110.168706, 25.029779 ], [ 110.16843, 25.029786 ], [ 110.168366, 25.029787 ], [ 110.168412, 25.029913 ], [ 110.168413, 25.029916 ], [ 110.168443, 25.030065 ], [ 110.168442, 25.030086 ], [ 110.168576, 25.030064 ], [ 110.168567, 25.029994 ], [ 110.168685, 25.029981 ] ] ] } },
{ "type": "Feature", "properties": { "BSM": "450312211000092379", "DLBM": "0601", "DLMC": "工业用地", "图斑面积": 3304.75, "坐落单位": "大联村委会", "企业名称": null, "行业代码": null, "行业名称": null, "产值": 0.0, "行政区": null, "用地性": null }, "geometry": { "type": "Polygon", "coordinates": [ [ [ 110.196734, 25.061384 ], [ 110.196717, 25.061371 ], [ 110.196675, 25.061328 ], [ 110.196667, 25.061319 ], [ 110.196647, 25.061273 ], [ 110.196643, 25.061206 ], [ 110.196619, 25.061139 ], [ 110.196559, 25.061051 ], [ 110.19653, 25.061023 ], [ 110.196494, 25.061014 ], [ 110.196427, 25.061038 ], [ 110.196336, 25.061054 ], [ 110.196294, 25.061054 ], [ 110.196244, 25.061044 ], [ 110.196193, 25.061009 ], [ 110.196129, 25.06095 ], [ 110.196069, 25.060897 ], [ 110.196032, 25.060876 ], [ 110.196004, 25.060871 ], [ 110.195963, 25.061106 ], [ 110.195922, 25.061341 ], [ 110.195913, 25.06139 ], [ 110.196112, 25.061373 ], [ 110.196126, 25.061466 ], [ 110.19649, 25.061432 ], [ 110.196502, 25.06143 ], [ 110.196505, 25.06143 ], [ 110.19657, 25.061423 ], [ 110.19657, 25.061423 ], [ 110.196646, 25.061414 ], [ 110.19665, 25.061433 ], [ 110.196698, 25.061423 ], [ 110.196734, 25.061384 ] ] ] } },
{ "type": "Feature", "properties": { "BSM": "450312211000092194", "DLBM": "0601", "DLMC": "工业用地", "图斑面积": 1364.2, "坐落单位": "会仙村委会", "企业名称": null, "行业代码": null, "行业名称": null, "产值": 0.0, "行政区": null, "用地性": null }, "geometry": { "type": "Polygon", "coordinates": [ [ [ 110.212976, 25.064366 ], [ 110.212935, 25.064343 ], [ 110.212788, 25.064254 ], [ 110.212774, 25.064237 ], [ 110.212753, 25.064222 ], [ 110.212745, 25.064215 ], [ 110.212746, 25.064205 ], [ 110.212759, 25.064184 ], [ 110.212754, 25.064143 ], [ 110.2127, 25.064116 ], [ 110.212659, 25.064096 ], [ 110.212595, 25.064064 ], [ 110.212588, 25.06406 ], [ 110.212584, 25.064068 ], [ 110.21258, 25.064075 ], [ 110.21255, 25.064122 ], [ 110.212542, 25.06414 ], [ 110.21254, 25.064144 ], [ 110.212527, 25.064175 ], [ 110.212525, 25.064179 ], [ 110.2125, 25.064214 ], [ 110.212418, 25.064349 ], [ 110.212464, 25.064373 ], [ 110.212492, 25.064387 ], [ 110.212548, 25.064395 ], [ 110.212584, 25.064404 ], [ 110.212608, 25.064412 ], [ 110.212691, 25.064451 ], [ 110.212772, 25.064482 ], [ 110.212845, 25.06451 ], [ 110.212973, 25.06437 ], [ 110.212976, 25.064366 ] ] ] } },
{ "type": "Feature", "properties": { "BSM": "450312211000092195", "DLBM": "0601", "DLMC": "工业用地", "图斑面积": 10097.22, "坐落单位": "会仙村委会", "企业名称": null, "行业代码": null, "行业名称": null, "产值": 0.0, "行政区": null, "用地性": null }, "geometry": { "type": "Polygon", "coordinates": [ [ [ 110.211298, 25.070286 ], [ 110.211325, 25.070269 ], [ 110.21138, 25.070234 ], [ 110.211391, 25.070227 ], [ 110.211461, 25.070175 ], [ 110.211526, 25.070127 ], [ 110.211655, 25.070028 ], [ 110.211797, 25.070066 ], [ 110.211798, 25.070067 ], [ 110.212019, 25.070145 ], [ 110.212088, 25.070161 ], [ 110.212263, 25.070198 ], [ 110.212292, 25.070197 ], [ 110.212313, 25.070176 ], [ 110.212321, 25.070167 ], [ 110.212378, 25.0701 ], [ 110.21238, 25.070097 ], [ 110.212409, 25.070063 ], [ 110.212561, 25.069942 ], [ 110.212794, 25.069781 ], [ 110.212855, 25.069735 ], [ 110.212797, 25.069644 ], [ 110.212736, 25.069558 ], [ 110.212608, 25.069382 ], [ 110.212472, 25.069242 ], [ 110.212448, 25.069265 ], [ 110.212307, 25.069363 ], [ 110.212271, 25.069382 ], [ 110.212034, 25.069506 ], [ 110.211789, 25.069637 ], [ 110.211637, 25.069724 ], [ 110.211615, 25.069691 ], [ 110.21161, 25.069695 ], [ 110.211336, 25.069874 ], [ 110.211303, 25.069838 ], [ 110.21126, 25.069878 ], [ 110.211191, 25.069815 ], [ 110.211148, 25.069872 ], [ 110.211059, 25.070017 ], [ 110.211043, 25.070041 ], [ 110.211021, 25.070077 ], [ 110.21102, 25.070079 ], [ 110.211002, 25.070109 ], [ 110.210936, 25.070215 ], [ 110.210982, 25.070252 ], [ 110.211001, 25.070288 ], [ 110.21108, 25.070269 ], [ 110.211114, 25.07026 ], [ 110.211106, 25.070247 ], [ 110.21119, 25.070216 ], [ 110.211274, 25.070186 ], [ 110.211296, 25.070277 ], [ 110.211298, 25.070286 ] ] ] } },
{ "type": "Feature", "properties": { "BSM": "450312211000092196", "DLBM": "0601", "DLMC": "工业用地", "图斑面积": 1559.45, "坐落单位": "会仙村委会", "企业名称": null, "行业代码": null, "行业名称": null, "产值": 0.0, "行政区": null, "用地性": null }, "geometry": { "type": "Polygon", "coordinates": [ [ [ 110.206568, 25.066601 ], [ 110.206548, 25.066553 ], [ 110.206542, 25.066536 ], [ 110.206535, 25.066532 ], [ 110.206504, 25.06654 ], [ 110.206424, 25.06656 ], [ 110.206416, 25.066562 ], [ 110.206409, 25.066573 ], [ 110.206394, 25.066593 ], [ 110.20636, 25.066605 ], [ 110.20635, 25.066609 ], [ 110.206346, 25.066615 ], [ 110.206233, 25.066643 ], [ 110.206145, 25.066465 ], [ 110.206116, 25.066406 ], [ 110.206127, 25.066694 ], [ 110.206139, 25.066981 ], [ 110.206329, 25.06698 ], [ 110.206326, 25.066899 ], [ 110.206432, 25.066891 ], [ 110.206422, 25.066761 ], [ 110.206603, 25.066719 ], [ 110.206586, 25.066642 ], [ 110.206568, 25.066601 ] ] ] } },
{ "type": "Feature", "properties": { "BSM": "450312211000092380", "DLBM": "0601", "DLMC": "工业用地", "图斑面积": 891.39, "坐落单位": "会仙村委会", "企业名称": null, "行业代码": null, "行业名称": null, "产值": 0.0, "行政区": null, "用地性": null }, "geometry": { "type": "Polygon", "coordinates": [ [ [ 110.208431, 25.064826 ], [ 110.208462, 25.064798 ], [ 110.208518, 25.064748 ], [ 110.208301, 25.064562 ], [ 110.208273, 25.064544 ], [ 110.208247, 25.064564 ], [ 110.208005, 25.064743 ], [ 110.20801, 25.064749 ], [ 110.208036, 25.064781 ], [ 110.208042, 25.064789 ], [ 110.2081, 25.064863 ], [ 110.208113, 25.064879 ], [ 110.208116, 25.064883 ], [ 110.208333, 25.064731 ], [ 110.20835, 25.064743 ], [ 110.208431, 25.064826 ] ] ] } },
{ "type": "Feature", "properties": { "BSM": "450312211000092382", "DLBM": "0601", "DLMC": "工业用地", "图斑面积": 976.85, "坐落单位": "会仙村委会", "企业名称": null, "行业代码": null, "行业名称": null, "产值": 0.0, "行政区": null, "用地性": null }, "geometry": { "type": "Polygon", "coordinates": [ [ [ 110.212358, 25.064344 ], [ 110.212334, 25.064338 ], [ 110.212334, 25.064338 ], [ 110.212334, 25.064338 ], [ 110.212331, 25.064338 ], [ 110.212149, 25.064243 ], [ 110.212132, 25.064234 ], [ 110.212044, 25.064347 ], [ 110.212016, 25.064384 ], [ 110.211984, 25.064413 ], [ 110.211974, 25.064429 ], [ 110.21195, 25.064465 ], [ 110.21194, 25.064482 ], [ 110.211944, 25.064491 ], [ 110.21197, 25.064502 ], [ 110.212074, 25.064526 ], [ 110.212196, 25.064557 ], [ 110.21222, 25.064563 ], [ 110.21222, 25.064563 ], [ 110.212294, 25.064581 ], [ 110.212304, 25.064578 ], [ 110.212312, 25.064571 ], [ 110.212333, 25.06447 ], [ 110.212358, 25.064344 ] ] ] } },
{ "type": "Feature", "properties": { "BSM": "450312211000092383", "DLBM": "0601", "DLMC": "工业用地", "图斑面积": 2372.56, "坐落单位": "会仙村委会", "企业名称": null, "行业代码": null, "行业名称": null, "产值": 0.0, "行政区": null, "用地性": null }, "geometry": { "type": "Polygon", "coordinates": [ [ [ 110.211514, 25.075515 ], [ 110.211532, 25.075393 ], [ 110.21157, 25.075296 ], [ 110.211576, 25.075281 ], [ 110.21154, 25.075258 ], [ 110.211483, 25.075238 ], [ 110.211425, 25.075222 ], [ 110.211325, 25.075209 ], [ 110.211225, 25.075192 ], [ 110.211148, 25.075166 ], [ 110.211125, 25.075157 ], [ 110.211105, 25.075143 ], [ 110.211089, 25.075129 ], [ 110.21107, 25.075125 ], [ 110.211048, 25.075129 ], [ 110.211018, 25.075147 ], [ 110.210997, 25.075168 ], [ 110.21095, 25.075209 ], [ 110.210849, 25.075252 ], [ 110.21087, 25.075367 ], [ 110.210876, 25.07544 ], [ 110.210879, 25.075476 ], [ 110.21093, 25.075506 ], [ 110.210984, 25.075537 ], [ 110.211002, 25.075554 ], [ 110.21125, 25.07545 ], [ 110.211325, 25.075545 ], [ 110.211341, 25.075545 ], [ 110.211514, 25.075515 ] ] ] } },
{ "type": "Feature", "properties": { "BSM": "450312211000092384", "DLBM": "0601", "DLMC": "工业用地", "图斑面积": 342.97, "坐落单位": "陂头村委会", "企业名称": null, "行业代码": null, "行业名称": null, "产值": 0.0, "行政区": null, "用地性": null }, "geometry": { "type": "Polygon", "coordinates": [ [ [ 110.255417, 25.062999 ], [ 110.255249, 25.06287 ], [ 110.255212, 25.062912 ], [ 110.255161, 25.06297 ], [ 110.255165, 25.062984 ], [ 110.255165, 25.062986 ], [ 110.255299, 25.063097 ], [ 110.255336, 25.063092 ], [ 110.255417, 25.062999 ] ] ] } },
{ "type": "Feature", "properties": { "BSM": "450312211000092492", "DLBM": "0601", "DLMC": "工业用地", "图斑面积": 1025.01, "坐落单位": "朗联村委会", "企业名称": null, "行业代码": null, "行业名称": null, "产值": 0.0, "行政区": null, "用地性": null }, "geometry": { "type": "Polygon", "coordinates": [ [ [ 110.261695, 24.967692 ], [ 110.261464, 24.967692 ], [ 110.261465, 24.96752 ], [ 110.261269, 24.967523 ], [ 110.26126, 24.967756 ], [ 110.261423, 24.967813 ], [ 110.261678, 24.967881 ], [ 110.261697, 24.967802 ], [ 110.2617, 24.967789 ], [ 110.261695, 24.967692 ] ] ] } },
{ "type": "Feature", "properties": { "BSM": "450312211000092494", "DLBM": "0601", "DLMC": "工业用地", "图斑面积": 9715.47, "坐落单位": "南新村委会", "企业名称": null, "行业代码": null, "行业名称": null, "产值": 0.0, "行政区": null, "用地性": null }, "geometry": { "type": "Polygon", "coordinates": [ [ [ 110.274066, 24.952002 ], [ 110.274043, 24.951985 ], [ 110.274001, 24.952005 ], [ 110.273929, 24.952043 ], [ 110.273877, 24.952082 ], [ 110.273869, 24.952089 ], [ 110.273852, 24.952104 ], [ 110.273838, 24.952117 ], [ 110.273721, 24.952261 ], [ 110.273668, 24.952356 ], [ 110.273626, 24.952484 ], [ 110.273567, 24.952695 ], [ 110.273482, 24.95285 ], [ 110.273397, 24.952952 ], [ 110.273364, 24.952997 ], [ 110.273278, 24.953175 ], [ 110.273291, 24.953176 ], [ 110.27352, 24.953194 ], [ 110.273727, 24.95321 ], [ 110.27397, 24.953222 ], [ 110.27412, 24.953223 ], [ 110.274218, 24.952899 ], [ 110.274247, 24.952901 ], [ 110.274364, 24.952535 ], [ 110.274329, 24.952521 ], [ 110.274397, 24.952293 ], [ 110.274466, 24.952065 ], [ 110.274206, 24.952028 ], [ 110.274167, 24.952024 ], [ 110.274066, 24.952002 ] ] ] } },
{ "type": "Feature", "properties": { "BSM": "450312211000092495", "DLBM": "0601", "DLMC": "工业用地", "图斑面积": 839.51, "坐落单位": "玉联村委会", "企业名称": null, "行业代码": null, "行业名称": null, "产值": 0.0, "行政区": null, "用地性": null }, "geometry": { "type": "Polygon", "coordinates": [ [ [ 110.283647, 24.909809 ], [ 110.283546, 24.909801 ], [ 110.283546, 24.909785 ], [ 110.283563, 24.909534 ], [ 110.283579, 24.909251 ], [ 110.283464, 24.909215 ], [ 110.283463, 24.909215 ], [ 110.28345, 24.90933 ], [ 110.283464, 24.909506 ], [ 110.283471, 24.909641 ], [ 110.283485, 24.90979 ], [ 110.283507, 24.909865 ], [ 110.283561, 24.90993 ], [ 110.283599, 24.909992 ], [ 110.283624, 24.910022 ], [ 110.283632, 24.909961 ], [ 110.283647, 24.909809 ] ] ] } },
{ "type": "Feature", "properties": { "BSM": "450312211000092496", "DLBM": "0601", "DLMC": "工业用地", "图斑面积": 7535.53, "坐落单位": "富汴村委会", "企业名称": null, "行业代码": null, "行业名称": null, "产值": 0.0, "行政区": null, "用地性": null }, "geometry": { "type": "Polygon", "coordinates": [ [ [ 110.28361, 24.910122 ], [ 110.283624, 24.910022 ], [ 110.283599, 24.909992 ], [ 110.283561, 24.90993 ], [ 110.283507, 24.909865 ], [ 110.283485, 24.90979 ], [ 110.283471, 24.909641 ], [ 110.283464, 24.909506 ], [ 110.28345, 24.90933 ], [ 110.283463, 24.909215 ], [ 110.283466, 24.909188 ], [ 110.283486, 24.909081 ], [ 110.283489, 24.909066 ], [ 110.283494, 24.908994 ], [ 110.283449, 24.908943 ], [ 110.283405, 24.908902 ], [ 110.283327, 24.908859 ], [ 110.283233, 24.908852 ], [ 110.283186, 24.908871 ], [ 110.283174, 24.908875 ], [ 110.283164, 24.90888 ], [ 110.283163, 24.90888 ], [ 110.283029, 24.909008 ], [ 110.283006, 24.909061 ], [ 110.282964, 24.909175 ], [ 110.282922, 24.909321 ], [ 110.28284, 24.90959 ], [ 110.28284, 24.909591 ], [ 110.282841, 24.909591 ], [ 110.282947, 24.909592 ], [ 110.283008, 24.909597 ], [ 110.283079, 24.909604 ], [ 110.283198, 24.90961 ], [ 110.283248, 24.909633 ], [ 110.283267, 24.909737 ], [ 110.283269, 24.909747 ], [ 110.283268, 24.909768 ], [ 110.283262, 24.909779 ], [ 110.283255, 24.909785 ], [ 110.28324, 24.909794 ], [ 110.282937, 24.909792 ], [ 110.282925, 24.909814 ], [ 110.282903, 24.909874 ], [ 110.282931, 24.910065 ], [ 110.282946, 24.910173 ], [ 110.282947, 24.910204 ], [ 110.283095, 24.910196 ], [ 110.283206, 24.910213 ], [ 110.283294, 24.910213 ], [ 110.283294, 24.91024 ], [ 110.283339, 24.910242 ], [ 110.283378, 24.910245 ], [ 110.283414, 24.910225 ], [ 110.283431, 24.910214 ], [ 110.283467, 24.910181 ], [ 110.283523, 24.910146 ], [ 110.28361, 24.910122 ] ] ] } },
{ "type": "Feature", "properties": { "BSM": "450312211000092497", "DLBM": "0601", "DLMC": "工业用地", "图斑面积": 270.06, "坐落单位": "塘头村委会", "企业名称": null, "行业代码": null, "行业名称": null, "产值": 0.0, "行政区": null, "用地性": null }, "geometry": { "type": "Polygon", "coordinates": [ [ [ 110.285292, 24.901791 ], [ 110.28513, 24.901703 ], [ 110.28513, 24.901707 ], [ 110.285126, 24.901729 ], [ 110.285098, 24.901888 ], [ 110.285093, 24.90192 ], [ 110.285166, 24.901935 ], [ 110.285175, 24.901935 ], [ 110.285178, 24.901931 ], [ 110.285189, 24.901902 ], [ 110.285235, 24.901827 ], [ 110.285247, 24.901829 ], [ 110.285292, 24.901791 ] ] ] } },
{ "type": "Feature", "properties": { "BSM": "450312211000092498", "DLBM": "0601", "DLMC": "工业用地", "图斑面积": 3258.66, "坐落单位": "塘头村委会", "企业名称": null, "行业代码": null, "行业名称": null, "产值": 0.0, "行政区": null, "用地性": null }, "geometry": { "type": "Polygon", "coordinates": [ [ [ 110.288847, 24.891424 ], [ 110.288533, 24.891476 ], [ 110.288532, 24.891476 ], [ 110.288539, 24.891558 ], [ 110.288588, 24.891805 ], [ 110.288568, 24.891837 ], [ 110.288568, 24.891838 ], [ 110.288573, 24.891864 ], [ 110.288573, 24.891908 ], [ 110.28874, 24.891963 ], [ 110.28895, 24.892057 ], [ 110.288976, 24.892 ], [ 110.289223, 24.892153 ], [ 110.28928, 24.892171 ], [ 110.289322, 24.892094 ], [ 110.289115, 24.89197 ], [ 110.289081, 24.891924 ], [ 110.289084, 24.891882 ], [ 110.289131, 24.891805 ], [ 110.289184, 24.891743 ], [ 110.289049, 24.891605 ], [ 110.288962, 24.89159 ], [ 110.288914, 24.891559 ], [ 110.288884, 24.891519 ], [ 110.288875, 24.891494 ], [ 110.288847, 24.891431 ], [ 110.288847, 24.891424 ] ] ] } },
{ "type": "Feature", "properties": { "BSM": "450312211000091936", "DLBM": "0601", "DLMC": "工业用地", "图斑面积": 2111.28, "坐落单位": "靖远村委会", "企业名称": null, "行业代码": null, "行业名称": null, "产值": 0.0, "行政区": null, "用地性": null }, "geometry": { "type": "Polygon", "coordinates": [ [ [ 110.223416, 24.913275 ], [ 110.223183, 24.91338 ], [ 110.222949, 24.913485 ], [ 110.222905, 24.913613 ], [ 110.222887, 24.913664 ], [ 110.222807, 24.913898 ], [ 110.222926, 24.913924 ], [ 110.222997, 24.913705 ], [ 110.223156, 24.913671 ], [ 110.223505, 24.913491 ], [ 110.223635, 24.913419 ], [ 110.223589, 24.91334 ], [ 110.223544, 24.913365 ], [ 110.223496, 24.913318 ], [ 110.223416, 24.913275 ] ] ] } },
{ "type": "Feature", "properties": { "BSM": "450312211000092209", "DLBM": "0601", "DLMC": "工业用地", "图斑面积": 779.94, "坐落单位": "五通村委会", "企业名称": null, "行业代码": null, "行业名称": null, "产值": 0.0, "行政区": null, "用地性": null }, "geometry": { "type": "Polygon", "coordinates": [ [ [ 110.069201, 25.367324 ], [ 110.069122, 25.367294 ], [ 110.069086, 25.367348 ], [ 110.068946, 25.367294 ], [ 110.06894, 25.367304 ], [ 110.068935, 25.367313 ], [ 110.0689, 25.367388 ], [ 110.068877, 25.36745 ], [ 110.068873, 25.367458 ], [ 110.068884, 25.367478 ], [ 110.068913, 25.367509 ], [ 110.068932, 25.367529 ], [ 110.068955, 25.367547 ], [ 110.068993, 25.367565 ], [ 110.069002, 25.367571 ], [ 110.069003, 25.367581 ], [ 110.068959, 25.367669 ], [ 110.069041, 25.367706 ], [ 110.069069, 25.367611 ], [ 110.069141, 25.36746 ], [ 110.069196, 25.367334 ], [ 110.069201, 25.367324 ] ] ] } },
{ "type": "Feature", "properties": { "BSM": "450312211000092210", "DLBM": "0601", "DLMC": "工业用地", "图斑面积": 1451.39, "坐落单位": "五通村委会", "企业名称": null, "行业代码": null, "行业名称": null, "产值": 0.0, "行政区": null, "用地性": null }, "geometry": { "type": "Polygon", "coordinates": [ [ [ 110.069282, 25.367801 ], [ 110.069465, 25.367423 ], [ 110.069503, 25.367355 ], [ 110.069341, 25.367299 ], [ 110.069309, 25.367287 ], [ 110.069267, 25.367272 ], [ 110.069194, 25.36748 ], [ 110.069132, 25.367615 ], [ 110.06909, 25.367711 ], [ 110.069088, 25.367727 ], [ 110.069098, 25.367776 ], [ 110.069122, 25.367851 ], [ 110.069167, 25.367927 ], [ 110.069211, 25.367903 ], [ 110.069264, 25.367837 ], [ 110.069282, 25.367801 ] ] ] } },
{ "type": "Feature", "properties": { "BSM": "450312211000092211", "DLBM": "0601", "DLMC": "工业用地", "图斑面积": 1549.31, "坐落单位": "五通村委会", "企业名称": null, "行业代码": null, "行业名称": null, "产值": 0.0, "行政区": null, "用地性": null }, "geometry": { "type": "Polygon", "coordinates": [ [ [ 110.069452, 25.370048 ], [ 110.069154, 25.369814 ], [ 110.069052, 25.36996 ], [ 110.068928, 25.370106 ], [ 110.068855, 25.370195 ], [ 110.068855, 25.370207 ], [ 110.068864, 25.370218 ], [ 110.06891, 25.370252 ], [ 110.068919, 25.370252 ], [ 110.068926, 25.370246 ], [ 110.068988, 25.370181 ], [ 110.068993, 25.370188 ], [ 110.069005, 25.3702 ], [ 110.069008, 25.370197 ], [ 110.069018, 25.370186 ], [ 110.069022, 25.370189 ], [ 110.06904, 25.3702 ], [ 110.069043, 25.370197 ], [ 110.069069, 25.370166 ], [ 110.069075, 25.37017 ], [ 110.069223, 25.370309 ], [ 110.069264, 25.370258 ], [ 110.069452, 25.370048 ] ] ] } },
{ "type": "Feature", "properties": { "BSM": "450312211000092212", "DLBM": "0601", "DLMC": "工业用地", "图斑面积": 1109.53, "坐落单位": "五通村委会", "企业名称": null, "行业代码": null, "行业名称": null, "产值": 0.0, "行政区": null, "用地性": null }, "geometry": { "type": "Polygon", "coordinates": [ [ [ 110.069275, 25.371193 ], [ 110.069297, 25.371184 ], [ 110.069301, 25.371176 ], [ 110.069309, 25.37107 ], [ 110.069313, 25.371038 ], [ 110.069325, 25.370987 ], [ 110.069326, 25.370961 ], [ 110.069326, 25.37096 ], [ 110.069323, 25.370955 ], [ 110.069307, 25.370949 ], [ 110.069267, 25.370945 ], [ 110.069227, 25.370948 ], [ 110.069084, 25.370964 ], [ 110.068943, 25.370969 ], [ 110.068899, 25.370959 ], [ 110.068868, 25.37102 ], [ 110.068967, 25.371042 ], [ 110.068973, 25.371277 ], [ 110.068998, 25.371265 ], [ 110.069043, 25.371256 ], [ 110.069144, 25.371234 ], [ 110.069259, 25.371199 ], [ 110.069275, 25.371193 ] ] ] } },
{ "type": "Feature", "properties": { "BSM": "450312211000092213", "DLBM": "0601", "DLMC": "工业用地", "图斑面积": 470.85, "坐落单位": "五通村委会", "企业名称": null, "行业代码": null, "行业名称": null, "产值": 0.0, "行政区": null, "用地性": null }, "geometry": { "type": "Polygon", "coordinates": [ [ [ 110.065616, 25.371843 ], [ 110.065524, 25.3718 ], [ 110.065507, 25.371792 ], [ 110.065489, 25.371783 ], [ 110.06548, 25.371778 ], [ 110.065361, 25.371716 ], [ 110.065361, 25.371716 ], [ 110.065338, 25.371759 ], [ 110.065326, 25.371787 ], [ 110.065287, 25.371862 ], [ 110.065292, 25.371865 ], [ 110.065391, 25.371906 ], [ 110.065428, 25.371923 ], [ 110.065454, 25.371934 ], [ 110.06547, 25.371941 ], [ 110.065525, 25.371966 ], [ 110.065595, 25.371875 ], [ 110.065616, 25.371843 ] ] ] } },
{ "type": "Feature", "properties": { "BSM": "450312211000092214", "DLBM": "0601", "DLMC": "工业用地", "图斑面积": 18581.55, "坐落单位": "五通村委会", "企业名称": null, "行业代码": null, "行业名称": null, "产值": 0.0, "行政区": null, "用地性": null }, "geometry": { "type": "Polygon", "coordinates": [ [ [ 110.062616, 25.372205 ], [ 110.062741, 25.372205 ], [ 110.062891, 25.372205 ], [ 110.063008, 25.372209 ], [ 110.06303, 25.372207 ], [ 110.063034, 25.372207 ], [ 110.063301, 25.372192 ], [ 110.063332, 25.37219 ], [ 110.063337, 25.37219 ], [ 110.06343, 25.372198 ], [ 110.06345, 25.372176 ], [ 110.063448, 25.372166 ], [ 110.063438, 25.372103 ], [ 110.063427, 25.37203 ], [ 110.063409, 25.37195 ], [ 110.063426, 25.371818 ], [ 110.06343, 25.371763 ], [ 110.063431, 25.371751 ], [ 110.063432, 25.371749 ], [ 110.063432, 25.371746 ], [ 110.063422, 25.371337 ], [ 110.063412, 25.37124 ], [ 110.063397, 25.371151 ], [ 110.063342, 25.370989 ], [ 110.063279, 25.370812 ], [ 110.06323, 25.370669 ], [ 110.063214, 25.370622 ], [ 110.063203, 25.370587 ], [ 110.063187, 25.370561 ], [ 110.063165, 25.37054 ], [ 110.063128, 25.370507 ], [ 110.063062, 25.370465 ], [ 110.063005, 25.370433 ], [ 110.062964, 25.37041 ], [ 110.062933, 25.370394 ], [ 110.062905, 25.370374 ], [ 110.062784, 25.37028 ], [ 110.062775, 25.370288 ], [ 110.062626, 25.370495 ], [ 110.062512, 25.37067 ], [ 110.062461, 25.370798 ], [ 110.062422, 25.370897 ], [ 110.062384, 25.371033 ], [ 110.062365, 25.371165 ], [ 110.062336, 25.371481 ], [ 110.062347, 25.371544 ], [ 110.06241, 25.371715 ], [ 110.062442, 25.371821 ], [ 110.062441, 25.371981 ], [ 110.062447, 25.372206 ], [ 110.062447, 25.372208 ], [ 110.062457, 25.372206 ], [ 110.062469, 25.372205 ], [ 110.062486, 25.372205 ], [ 110.062616, 25.372205 ] ] ] } },
{ "type": "Feature", "properties": { "BSM": "450312211000092215", "DLBM": "0601", "DLMC": "工业用地", "图斑面积": 240.08, "坐落单位": "五通村委会", "企业名称": null, "行业代码": null, "行业名称": null, "产值": 0.0, "行政区": null, "用地性": null }, "geometry": { "type": "Polygon", "coordinates": [ [ [ 110.066537, 25.377924 ], [ 110.066479, 25.377918 ], [ 110.066403, 25.377904 ], [ 110.066399, 25.377903 ], [ 110.066372, 25.378009 ], [ 110.06635, 25.378032 ], [ 110.066355, 25.378046 ], [ 110.066534, 25.378053 ], [ 110.066536, 25.377963 ], [ 110.066537, 25.377924 ] ] ] } },
{ "type": "Feature", "properties": { "BSM": "450312211000092469", "DLBM": "0601", "DLMC": "工业用地", "图斑面积": 5603.26, "坐落单位": "五通村委会", "企业名称": null, "行业代码": null, "行业名称": null, "产值": 0.0, "行政区": null, "用地性": null }, "geometry": { "type": "Polygon", "coordinates": [ [ [ 110.069567, 25.384988 ], [ 110.069575, 25.384715 ], [ 110.069802, 25.384579 ], [ 110.069821, 25.384543 ], [ 110.069802, 25.384485 ], [ 110.069679, 25.384389 ], [ 110.069484, 25.384546 ], [ 110.069434, 25.384456 ], [ 110.069467, 25.384386 ], [ 110.069535, 25.384296 ], [ 110.069642, 25.384209 ], [ 110.069693, 25.384143 ], [ 110.069698, 25.384064 ], [ 110.069436, 25.384069 ], [ 110.06914, 25.384075 ], [ 110.069134, 25.384395 ], [ 110.069133, 25.384452 ], [ 110.069125, 25.384625 ], [ 110.06911, 25.38495 ], [ 110.069098, 25.385204 ], [ 110.069491, 25.385023 ], [ 110.069567, 25.384988 ] ] ] } },
{ "type": "Feature", "properties": { "BSM": "450312211000093069", "DLBM": "0601", "DLMC": "工业用地", "图斑面积": 4056.18, "坐落单位": "五通村委会", "企业名称": null, "行业代码": null, "行业名称": null, "产值": 0.0, "行政区": null, "用地性": null }, "geometry": { "type": "Polygon", "coordinates": [ [ [ 110.080714, 25.369398 ], [ 110.080528, 25.369388 ], [ 110.080512, 25.369523 ], [ 110.080502, 25.369627 ], [ 110.080409, 25.369638 ], [ 110.080254, 25.369627 ], [ 110.080252, 25.369608 ], [ 110.080252, 25.369558 ], [ 110.080106, 25.369551 ], [ 110.080106, 25.369624 ], [ 110.080066, 25.370076 ], [ 110.08017, 25.370086 ], [ 110.080169, 25.370176 ], [ 110.080344, 25.37019 ], [ 110.080633, 25.37021 ], [ 110.080642, 25.370003 ], [ 110.080642, 25.369922 ], [ 110.08065, 25.369855 ], [ 110.080653, 25.369841 ], [ 110.080669, 25.369743 ], [ 110.080677, 25.36969 ], [ 110.0807, 25.369493 ], [ 110.080714, 25.369398 ] ] ] } },
{ "type": "Feature", "properties": { "BSM": "450312211000105298", "DLBM": "0601", "DLMC": "工业用地", "图斑面积": 3574.78, "坐落单位": "五通村委会", "企业名称": null, "行业代码": null, "行业名称": null, "产值": 0.0, "行政区": null, "用地性": null }, "geometry": { "type": "Polygon", "coordinates": [ [ [ 110.067484, 25.386806 ], [ 110.067469, 25.386822 ], [ 110.067361, 25.386873 ], [ 110.067264, 25.386898 ], [ 110.067139, 25.386914 ], [ 110.06704, 25.386932 ], [ 110.066955, 25.386925 ], [ 110.066852, 25.386914 ], [ 110.066824, 25.386908 ], [ 110.066806, 25.386941 ], [ 110.066803, 25.386964 ], [ 110.066806, 25.386999 ], [ 110.066826, 25.387116 ], [ 110.066853, 25.387301 ], [ 110.066868, 25.387362 ], [ 110.066884, 25.387384 ], [ 110.067342, 25.387333 ], [ 110.067348, 25.387365 ], [ 110.06735, 25.387372 ], [ 110.06735, 25.387375 ], [ 110.067355, 25.387389 ], [ 110.06755, 25.387353 ], [ 110.067532, 25.387249 ], [ 110.067503, 25.386976 ], [ 110.067499, 25.386933 ], [ 110.067498, 25.386926 ], [ 110.067486, 25.386817 ], [ 110.067484, 25.386806 ] ] ] } },
{ "type": "Feature", "properties": { "BSM": "450312211000092471", "DLBM": "0601", "DLMC": "工业用地", "图斑面积": 981.72, "坐落单位": "泗江村委会", "企业名称": null, "行业代码": null, "行业名称": null, "产值": 0.0, "行政区": null, "用地性": null }, "geometry": { "type": "Polygon", "coordinates": [ [ [ 110.062268, 25.398112 ], [ 110.062255, 25.398087 ], [ 110.06224, 25.397993 ], [ 110.062241, 25.397909 ], [ 110.062232, 25.397895 ], [ 110.062049, 25.397855 ], [ 110.06201, 25.397963 ], [ 110.061998, 25.397994 ], [ 110.061978, 25.398 ], [ 110.061983, 25.398022 ], [ 110.062042, 25.398269 ], [ 110.062259, 25.398229 ], [ 110.062237, 25.398125 ], [ 110.062268, 25.398112 ] ] ] } },
{ "type": "Feature", "properties": { "BSM": "450312211000092473", "DLBM": "0601", "DLMC": "工业用地", "图斑面积": 419.47, "坐落单位": "泗江村委会", "企业名称": null, "行业代码": null, "行业名称": null, "产值": 0.0, "行政区": null, "用地性": null }, "geometry": { "type": "Polygon", "coordinates": [ [ [ 110.07042, 25.393769 ], [ 110.070491, 25.39388 ], [ 110.070721, 25.393793 ], [ 110.070701, 25.393757 ], [ 110.070729, 25.393743 ], [ 110.070673, 25.393652 ], [ 110.07042, 25.393769 ] ] ] } },
{ "type": "Feature", "properties": { "BSM": "450312211000092475", "DLBM": "0601", "DLMC": "工业用地", "图斑面积": 7383.26, "坐落单位": "罗江村委会", "企业名称": null, "行业代码": null, "行业名称": null, "产值": 0.0, "行政区": null, "用地性": null }, "geometry": { "type": "Polygon", "coordinates": [ [ [ 110.065892, 25.368307 ], [ 110.065948, 25.368294 ], [ 110.066023, 25.368256 ], [ 110.066029, 25.368232 ], [ 110.066033, 25.368119 ], [ 110.066044, 25.368106 ], [ 110.066133, 25.36809 ], [ 110.066141, 25.368074 ], [ 110.066105, 25.367887 ], [ 110.066114, 25.367869 ], [ 110.06618, 25.367857 ], [ 110.066153, 25.367715 ], [ 110.06612, 25.36754 ], [ 110.066067, 25.36729 ], [ 110.065744, 25.367327 ], [ 110.065473, 25.367358 ], [ 110.065459, 25.367379 ], [ 110.06548, 25.367587 ], [ 110.0655, 25.367736 ], [ 110.065513, 25.367815 ], [ 110.06551, 25.367827 ], [ 110.065498, 25.367832 ], [ 110.065383, 25.367824 ], [ 110.065383, 25.367824 ], [ 110.065373, 25.367885 ], [ 110.06535, 25.367912 ], [ 110.065341, 25.367924 ], [ 110.065342, 25.367925 ], [ 110.065346, 25.367933 ], [ 110.065327, 25.367991 ], [ 110.065324, 25.368018 ], [ 110.065348, 25.368155 ], [ 110.06535, 25.368163 ], [ 110.065363, 25.368182 ], [ 110.065488, 25.368272 ], [ 110.065534, 25.368283 ], [ 110.065695, 25.368309 ], [ 110.065776, 25.368317 ], [ 110.065874, 25.368311 ], [ 110.065892, 25.368307 ] ] ] } },
{ "type": "Feature", "properties": { "BSM": "450312211000092476", "DLBM": "0601", "DLMC": "工业用地", "图斑面积": 18844.5, "坐落单位": "罗江村委会", "企业名称": null, "行业代码": null, "行业名称": null, "产值": 0.0, "行政区": null, "用地性": null }, "geometry": { "type": "Polygon", "coordinates": [ [ [ 110.060516, 25.349956 ], [ 110.06051, 25.349938 ], [ 110.060472, 25.349906 ], [ 110.06042, 25.350008 ], [ 110.060395, 25.350045 ], [ 110.060382, 25.350065 ], [ 110.060371, 25.350073 ], [ 110.060341, 25.350079 ], [ 110.060142, 25.350081 ], [ 110.060072, 25.35007 ], [ 110.060002, 25.35005 ], [ 110.059938, 25.35002 ], [ 110.059859, 25.349971 ], [ 110.059787, 25.349909 ], [ 110.059704, 25.349837 ], [ 110.059646, 25.349797 ], [ 110.05956, 25.349753 ], [ 110.059491, 25.349727 ], [ 110.059481, 25.349745 ], [ 110.059457, 25.34979 ], [ 110.059447, 25.34981 ], [ 110.05935, 25.350011 ], [ 110.059329, 25.35006 ], [ 110.059327, 25.350063 ], [ 110.059329, 25.350067 ], [ 110.059329, 25.350109 ], [ 110.059329, 25.350133 ], [ 110.059396, 25.350222 ], [ 110.059422, 25.350271 ], [ 110.059442, 25.350284 ], [ 110.059462, 25.350297 ], [ 110.059491, 25.350303 ], [ 110.059702, 25.350344 ], [ 110.059789, 25.350354 ], [ 110.059812, 25.350367 ], [ 110.059819, 25.35037 ], [ 110.059821, 25.350391 ], [ 110.059771, 25.350486 ], [ 110.059703, 25.350539 ], [ 110.059672, 25.350564 ], [ 110.059611, 25.350623 ], [ 110.059539, 25.350741 ], [ 110.05953, 25.350775 ], [ 110.059539, 25.350817 ], [ 110.059696, 25.351 ], [ 110.059785, 25.351034 ], [ 110.059959, 25.351086 ], [ 110.060055, 25.351099 ], [ 110.060194, 25.351112 ], [ 110.060226, 25.351139 ], [ 110.060254, 25.351204 ], [ 110.060323, 25.351368 ], [ 110.060325, 25.351372 ], [ 110.060326, 25.351372 ], [ 110.060415, 25.351457 ], [ 110.060469, 25.351508 ], [ 110.060509, 25.351534 ], [ 110.060636, 25.351618 ], [ 110.060686, 25.351651 ], [ 110.060738, 25.351657 ], [ 110.060851, 25.351668 ], [ 110.060855, 25.351669 ], [ 110.06094, 25.351661 ], [ 110.060991, 25.351612 ], [ 110.061027, 25.351509 ], [ 110.061035, 25.351486 ], [ 110.061038, 25.351466 ], [ 110.061048, 25.351411 ], [ 110.061056, 25.351106 ], [ 110.06103, 25.350958 ], [ 110.060985, 25.350884 ], [ 110.060965, 25.350852 ], [ 110.060859, 25.350696 ], [ 110.060732, 25.350537 ], [ 110.060602, 25.350397 ], [ 110.060511, 25.350231 ], [ 110.060454, 25.35014 ], [ 110.060452, 25.350115 ], [ 110.060516, 25.349956 ] ] ] } },
{ "type": "Feature", "properties": { "BSM": "450312211000092478", "DLBM": "0601", "DLMC": "工业用地", "图斑面积": 2058.61, "坐落单位": "仁和村委会", "企业名称": null, "行业代码": null, "行业名称": null, "产值": 0.0, "行政区": null, "用地性": null }, "geometry": { "type": "Polygon", "coordinates": [ [ [ 110.055696, 25.397552 ], [ 110.055713, 25.397413 ], [ 110.055752, 25.397306 ], [ 110.055768, 25.397271 ], [ 110.055761, 25.397224 ], [ 110.05554, 25.397247 ], [ 110.055447, 25.397256 ], [ 110.05542, 25.397258 ], [ 110.055292, 25.397281 ], [ 110.055177, 25.397293 ], [ 110.055242, 25.397672 ], [ 110.055696, 25.397552 ] ] ] } },
{ "type": "Feature", "properties": { "BSM": "450312211000092479", "DLBM": "0601", "DLMC": "工业用地", "图斑面积": 778.74, "坐落单位": "大塘村委会", "企业名称": null, "行业代码": null, "行业名称": null, "产值": 0.0, "行政区": null, "用地性": null }, "geometry": { "type": "Polygon", "coordinates": [ [ [ 110.00679, 25.383678 ], [ 110.006706, 25.383708 ], [ 110.006589, 25.383768 ], [ 110.006589, 25.383784 ], [ 110.006624, 25.383873 ], [ 110.006717, 25.384037 ], [ 110.006926, 25.383939 ], [ 110.006819, 25.383733 ], [ 110.00679, 25.383678 ] ] ] } },
{ "type": "Feature", "properties": { "BSM": "450312211000092482", "DLBM": "0601", "DLMC": "工业用地", "图斑面积": 571.05, "坐落单位": "西山村委会", "企业名称": null, "行业代码": null, "行业名称": null, "产值": 0.0, "行政区": null, "用地性": null }, "geometry": { "type": "Polygon", "coordinates": [ [ [ 110.100652, 25.359946 ], [ 110.100587, 25.359847 ], [ 110.100477, 25.35989 ], [ 110.100257, 25.359976 ], [ 110.100348, 25.360124 ], [ 110.100543, 25.36001 ], [ 110.100652, 25.359946 ] ] ] } },
{ "type": "Feature", "properties": { "BSM": "450312211000092483", "DLBM": "0601", "DLMC": "工业用地", "图斑面积": 772.4, "坐落单位": "保宁村委会", "企业名称": null, "行业代码": null, "行业名称": null, "产值": 0.0, "行政区": null, "用地性": null }, "geometry": { "type": "Polygon", "coordinates": [ [ [ 110.038809, 25.352371 ], [ 110.038731, 25.352294 ], [ 110.038698, 25.352354 ], [ 110.038684, 25.352378 ], [ 110.038488, 25.352314 ], [ 110.03847, 25.352352 ], [ 110.038404, 25.352488 ], [ 110.038713, 25.352586 ], [ 110.038756, 25.352502 ], [ 110.038804, 25.352385 ], [ 110.038809, 25.352371 ] ] ] } },
{ "type": "Feature", "properties": { "BSM": "450312211000092484", "DLBM": "0601", "DLMC": "工业用地", "图斑面积": 3037.28, "坐落单位": "保宁村委会", "企业名称": null, "行业代码": null, "行业名称": null, "产值": 0.0, "行政区": null, "用地性": null }, "geometry": { "type": "Polygon", "coordinates": [ [ [ 110.030684, 25.339667 ], [ 110.030628, 25.339434 ], [ 110.030627, 25.339407 ], [ 110.030648, 25.339365 ], [ 110.030641, 25.339312 ], [ 110.030591, 25.339074 ], [ 110.030596, 25.339054 ], [ 110.030607, 25.339005 ], [ 110.03043, 25.339017 ], [ 110.03036, 25.339022 ], [ 110.030322, 25.339045 ], [ 110.030201, 25.339136 ], [ 110.030203, 25.339201 ], [ 110.030205, 25.339319 ], [ 110.030198, 25.339342 ], [ 110.030173, 25.339374 ], [ 110.030282, 25.339697 ], [ 110.03029, 25.339699 ], [ 110.030358, 25.339686 ], [ 110.030378, 25.339687 ], [ 110.030391, 25.339711 ], [ 110.030452, 25.339683 ], [ 110.030526, 25.339674 ], [ 110.030684, 25.339667 ] ] ] } },
{ "type": "Feature", "properties": { "BSM": "450312211000092486", "DLBM": "0601", "DLMC": "工业用地", "图斑面积": 557.38, "坐落单位": "上祥村委会", "企业名称": null, "行业代码": null, "行业名称": null, "产值": 0.0, "行政区": null, "用地性": null }, "geometry": { "type": "Polygon", "coordinates": [ [ [ 110.012066, 25.355862 ], [ 110.011963, 25.355785 ], [ 110.011806, 25.355925 ], [ 110.011881, 25.356 ], [ 110.011981, 25.356102 ], [ 110.012, 25.356101 ], [ 110.012073, 25.356052 ], [ 110.012072, 25.356038 ], [ 110.012027, 25.355972 ], [ 110.012028, 25.355956 ], [ 110.012097, 25.355915 ], [ 110.012099, 25.355898 ], [ 110.012066, 25.355862 ] ] ] } },
{ "type": "Feature", "properties": { "BSM": "450312211000092487", "DLBM": "0601", "DLMC": "工业用地", "图斑面积": 575.49, "坐落单位": "浔江村委会", "企业名称": null, "行业代码": null, "行业名称": null, "产值": 0.0, "行政区": null, "用地性": null }, "geometry": { "type": "Polygon", "coordinates": [ [ [ 109.990239, 25.362178 ], [ 109.990243, 25.36218 ], [ 109.99041, 25.362274 ], [ 109.990404, 25.361984 ], [ 109.990397, 25.361908 ], [ 109.990329, 25.361912 ], [ 109.990243, 25.361927 ], [ 109.990238, 25.361929 ], [ 109.990239, 25.362178 ] ] ] } },
{ "type": "Feature", "properties": { "BSM": "450312211000092526", "DLBM": "0601", "DLMC": "工业用地", "图斑面积": 746.82, "坐落单位": "护山村委会", "企业名称": null, "行业代码": null, "行业名称": null, "产值": 0.0, "行政区": null, "用地性": null }, "geometry": { "type": "Polygon", "coordinates": [ [ [ 109.992606, 25.20664 ], [ 109.992611, 25.206596 ], [ 109.992611, 25.206582 ], [ 109.992593, 25.206571 ], [ 109.992587, 25.206566 ], [ 109.992479, 25.206479 ], [ 109.992474, 25.206429 ], [ 109.992474, 25.206428 ], [ 109.992442, 25.206411 ], [ 109.992315, 25.206759 ], [ 109.992537, 25.206808 ], [ 109.992558, 25.206756 ], [ 109.992605, 25.206651 ], [ 109.992605, 25.206648 ], [ 109.992606, 25.20664 ] ] ] } },
{ "type": "Feature", "properties": { "BSM": "450312211000092527", "DLBM": "0601", "DLMC": "工业用地", "图斑面积": 2045.48, "坐落单位": "护山村委会", "企业名称": null, "行业代码": null, "行业名称": null, "产值": 0.0, "行政区": null, "用地性": null }, "geometry": { "type": "Polygon", "coordinates": [ [ [ 109.980812, 25.214021 ], [ 109.980855, 25.213998 ], [ 109.980951, 25.213948 ], [ 109.981222, 25.213807 ], [ 109.981198, 25.213751 ], [ 109.981083, 25.213571 ], [ 109.981037, 25.213499 ], [ 109.980991, 25.213531 ], [ 109.980915, 25.213584 ], [ 109.980914, 25.213584 ], [ 109.980863, 25.213612 ], [ 109.980829, 25.21363 ], [ 109.980727, 25.213682 ], [ 109.980726, 25.213682 ], [ 109.980646, 25.213708 ], [ 109.980645, 25.213709 ], [ 109.98062, 25.213725 ], [ 109.980604, 25.213737 ], [ 109.980579, 25.213755 ], [ 109.980557, 25.213775 ], [ 109.980549, 25.213783 ], [ 109.980791, 25.214033 ], [ 109.980791, 25.214034 ], [ 109.980812, 25.214021 ], [ 109.980812, 25.214021 ] ] ] } },
{ "type": "Feature", "properties": { "BSM": "450312211000092528", "DLBM": "0601", "DLMC": "工业用地", "图斑面积": 1620.81, "坐落单位": "护山村委会", "企业名称": null, "行业代码": null, "行业名称": null, "产值": 0.0, "行政区": null, "用地性": null }, "geometry": { "type": "Polygon", "coordinates": [ [ [ 109.996559, 25.200896 ], [ 109.996562, 25.200882 ], [ 109.996564, 25.200871 ], [ 109.99658, 25.200822 ], [ 109.996586, 25.20079 ], [ 109.996587, 25.20079 ], [ 109.9966, 25.200734 ], [ 109.9966, 25.200732 ], [ 109.996601, 25.20073 ], [ 109.996633, 25.20068 ], [ 109.996634, 25.20068 ], [ 109.996722, 25.200562 ], [ 109.996722, 25.200561 ], [ 109.996769, 25.20051 ], [ 109.996795, 25.200456 ], [ 109.996795, 25.200455 ], [ 109.996849, 25.200369 ], [ 109.996849, 25.200368 ], [ 109.996899, 25.200293 ], [ 109.996725, 25.200226 ], [ 109.996529, 25.200626 ], [ 109.996212, 25.200853 ], [ 109.99627, 25.200935 ], [ 109.996319, 25.200934 ], [ 109.996356, 25.200942 ], [ 109.996396, 25.200944 ], [ 109.99644, 25.200938 ], [ 109.99648, 25.200915 ], [ 109.996498, 25.200905 ], [ 109.996516, 25.200901 ], [ 109.996559, 25.200896 ] ] ] } },
{ "type": "Feature", "properties": { "BSM": "450312211000092529", "DLBM": "0601", "DLMC": "工业用地", "图斑面积": 1429.05, "坐落单位": "护山村委会", "企业名称": null, "行业代码": null, "行业名称": null, "产值": 0.0, "行政区": null, "用地性": null }, "geometry": { "type": "Polygon", "coordinates": [ [ [ 109.996944, 25.200299 ], [ 109.996915, 25.20035 ], [ 109.996866, 25.200398 ], [ 109.99684, 25.200432 ], [ 109.996819, 25.200467 ], [ 109.996793, 25.200521 ], [ 109.996792, 25.200523 ], [ 109.996748, 25.200581 ], [ 109.996644, 25.200729 ], [ 109.996839, 25.200838 ], [ 109.997066, 25.200589 ], [ 109.997119, 25.200407 ], [ 109.997025, 25.200322 ], [ 109.996944, 25.200299 ] ] ] } },
{ "type": "Feature", "properties": { "BSM": "450312211000102707", "DLBM": "0601", "DLMC": "工业用地", "图斑面积": 1846.76, "坐落单位": "仁义村委会", "企业名称": null, "行业代码": null, "行业名称": null, "产值": 0.0, "行政区": null, "用地性": null }, "geometry": { "type": "Polygon", "coordinates": [ [ [ 109.947846, 25.322178 ], [ 109.947825, 25.322129 ], [ 109.947803, 25.322087 ], [ 109.94779, 25.322062 ], [ 109.947714, 25.321937 ], [ 109.947632, 25.322003 ], [ 109.94752, 25.321904 ], [ 109.947426, 25.321837 ], [ 109.947362, 25.32179 ], [ 109.947348, 25.32182 ], [ 109.947351, 25.321843 ], [ 109.947366, 25.321874 ], [ 109.947372, 25.321884 ], [ 109.947318, 25.321954 ], [ 109.947213, 25.322113 ], [ 109.947236, 25.322134 ], [ 109.947368, 25.322195 ], [ 109.947412, 25.322213 ], [ 109.947524, 25.322259 ], [ 109.947694, 25.322306 ], [ 109.947752, 25.322195 ], [ 109.947846, 25.322178 ] ] ] } },
{ "type": "Feature", "properties": { "BSM": "450312211000092532", "DLBM": "0601", "DLMC": "工业用地", "图斑面积": 1446.0, "坐落单位": "华境村委会", "企业名称": null, "行业代码": null, "行业名称": null, "产值": 0.0, "行政区": null, "用地性": null }, "geometry": { "type": "Polygon", "coordinates": [ [ [ 110.064409, 25.470791 ], [ 110.064303, 25.470822 ], [ 110.06424, 25.470833 ], [ 110.064134, 25.470829 ], [ 110.064104, 25.470824 ], [ 110.064103, 25.471004 ], [ 110.064107, 25.471004 ], [ 110.064222, 25.471006 ], [ 110.064342, 25.471204 ], [ 110.064423, 25.471148 ], [ 110.064434, 25.47115 ], [ 110.064528, 25.471098 ], [ 110.064629, 25.471042 ], [ 110.064468, 25.470776 ], [ 110.064409, 25.470791 ] ] ] } },
{ "type": "Feature", "properties": { "BSM": "450312211000092257", "DLBM": "0601", "DLMC": "工业用地", "图斑面积": 1053.82, "坐落单位": "中庸村委会", "企业名称": null, "行业代码": null, "行业名称": null, "产值": 0.0, "行政区": null, "用地性": null }, "geometry": { "type": "Polygon", "coordinates": [ [ [ 110.077319, 25.464991 ], [ 110.077284, 25.46493 ], [ 110.077257, 25.464897 ], [ 110.077221, 25.464864 ], [ 110.077205, 25.464847 ], [ 110.077202, 25.464843 ], [ 110.077178, 25.464802 ], [ 110.077154, 25.464767 ], [ 110.077147, 25.464742 ], [ 110.077144, 25.464722 ], [ 110.077135, 25.464724 ], [ 110.077097, 25.464734 ], [ 110.076941, 25.464769 ], [ 110.076802, 25.464793 ], [ 110.076807, 25.464874 ], [ 110.076908, 25.464871 ], [ 110.07698, 25.464904 ], [ 110.077022, 25.464923 ], [ 110.077069, 25.464957 ], [ 110.077122, 25.464996 ], [ 110.077039, 25.465119 ], [ 110.077029, 25.465134 ], [ 110.077028, 25.465135 ], [ 110.07703, 25.465136 ], [ 110.077068, 25.465158 ], [ 110.077069, 25.465159 ], [ 110.077082, 25.465165 ], [ 110.077091, 25.465164 ], [ 110.077138, 25.46512 ], [ 110.077196, 25.46507 ], [ 110.077207, 25.465061 ], [ 110.077319, 25.464991 ] ] ] } },
{ "type": "Feature", "properties": { "BSM": "450312211000092534", "DLBM": "0601", "DLMC": "工业用地", "图斑面积": 6283.82, "坐落单位": "中庸村委会", "企业名称": null, "行业代码": null, "行业名称": null, "产值": 0.0, "行政区": null, "用地性": null }, "geometry": { "type": "Polygon", "coordinates": [ [ [ 110.078135, 25.461465 ], [ 110.078126, 25.461439 ], [ 110.078049, 25.461257 ], [ 110.077943, 25.46105 ], [ 110.077868, 25.460908 ], [ 110.077796, 25.460802 ], [ 110.077729, 25.460712 ], [ 110.077709, 25.460681 ], [ 110.077707, 25.460682 ], [ 110.077622, 25.460729 ], [ 110.077605, 25.460739 ], [ 110.07758, 25.460739 ], [ 110.077391, 25.460745 ], [ 110.077372, 25.460753 ], [ 110.077367, 25.460753 ], [ 110.077345, 25.460764 ], [ 110.077335, 25.460781 ], [ 110.077333, 25.460782 ], [ 110.07731, 25.460821 ], [ 110.077224, 25.461157 ], [ 110.077216, 25.461202 ], [ 110.077232, 25.46128 ], [ 110.077238, 25.461323 ], [ 110.077238, 25.461323 ], [ 110.077237, 25.461325 ], [ 110.077216, 25.461345 ], [ 110.077198, 25.461364 ], [ 110.077164, 25.461397 ], [ 110.077157, 25.461404 ], [ 110.077147, 25.461472 ], [ 110.07716, 25.461472 ], [ 110.077203, 25.461482 ], [ 110.077309, 25.461504 ], [ 110.077355, 25.461514 ], [ 110.077376, 25.461519 ], [ 110.077399, 25.461523 ], [ 110.077468, 25.461536 ], [ 110.077475, 25.461538 ], [ 110.077476, 25.461549 ], [ 110.077476, 25.461549 ], [ 110.077476, 25.461553 ], [ 110.077632, 25.461535 ], [ 110.077817, 25.461507 ], [ 110.077933, 25.46149 ], [ 110.078074, 25.461473 ], [ 110.078077, 25.461472 ], [ 110.078135, 25.461465 ] ] ] } },
{ "type": "Feature", "properties": { "BSM": "450312211000092535", "DLBM": "0601", "DLMC": "工业用地", "图斑面积": 3880.55, "坐落单位": "中庸村委会", "企业名称": null, "行业代码": null, "行业名称": null, "产值": 0.0, "行政区": null, "用地性": null }, "geometry": { "type": "Polygon", "coordinates": [ [ [ 110.078459, 25.465517 ], [ 110.078475, 25.465501 ], [ 110.078477, 25.46546 ], [ 110.078483, 25.465324 ], [ 110.078554, 25.465339 ], [ 110.078602, 25.465162 ], [ 110.078656, 25.464964 ], [ 110.078711, 25.464765 ], [ 110.078546, 25.464728 ], [ 110.078445, 25.464714 ], [ 110.078297, 25.464684 ], [ 110.078264, 25.464679 ], [ 110.078171, 25.465046 ], [ 110.078137, 25.465278 ], [ 110.078107, 25.465409 ], [ 110.078225, 25.465561 ], [ 110.078459, 25.465517 ] ] ] } },
{ "type": "Feature", "properties": { "BSM": "450312211000092536", "DLBM": "0601", "DLMC": "工业用地", "图斑面积": 2995.56, "坐落单位": "中庸村委会", "企业名称": null, "行业代码": null, "行业名称": null, "产值": 0.0, "行政区": null, "用地性": null }, "geometry": { "type": "Polygon", "coordinates": [ [ [ 110.077793, 25.466185 ], [ 110.077806, 25.466093 ], [ 110.077837, 25.465855 ], [ 110.07786, 25.465749 ], [ 110.077797, 25.465739 ], [ 110.077666, 25.465711 ], [ 110.077648, 25.465704 ], [ 110.077655, 25.465667 ], [ 110.077616, 25.465659 ], [ 110.07763, 25.465604 ], [ 110.07749, 25.465568 ], [ 110.077434, 25.46555 ], [ 110.077433, 25.465552 ], [ 110.077428, 25.465566 ], [ 110.077401, 25.465634 ], [ 110.077383, 25.46568 ], [ 110.077381, 25.465685 ], [ 110.07738, 25.465689 ], [ 110.07738, 25.465689 ], [ 110.077346, 25.465833 ], [ 110.077346, 25.465833 ], [ 110.077225, 25.465902 ], [ 110.077445, 25.466213 ], [ 110.077793, 25.466185 ] ] ] } },
{ "type": "Feature", "properties": { "BSM": "450312211000092545", "DLBM": "0601", "DLMC": "工业用地", "图斑面积": 1545.85, "坐落单位": "宛田村委会", "企业名称": null, "行业代码": null, "行业名称": null, "产值": 0.0, "行政区": null, "用地性": null }, "geometry": { "type": "Polygon", "coordinates": [ [ [ 110.062324, 25.549208 ], [ 110.062253, 25.549151 ], [ 110.06206, 25.548978 ], [ 110.062018, 25.548959 ], [ 110.062011, 25.54895 ], [ 110.061948, 25.54899 ], [ 110.061977, 25.549016 ], [ 110.061984, 25.549038 ], [ 110.061966, 25.549148 ], [ 110.061943, 25.549241 ], [ 110.061939, 25.549291 ], [ 110.061943, 25.549375 ], [ 110.061953, 25.549408 ], [ 110.061986, 25.549453 ], [ 110.061995, 25.549462 ], [ 110.062035, 25.549465 ], [ 110.062101, 25.549457 ], [ 110.062176, 25.549466 ], [ 110.062198, 25.549458 ], [ 110.062283, 25.549396 ], [ 110.062305, 25.549348 ], [ 110.062315, 25.549297 ], [ 110.062323, 25.549219 ], [ 110.062324, 25.549208 ] ] ] } },
{ "type": "Feature", "properties": { "BSM": "450312211000092546", "DLBM": "0601", "DLMC": "工业用地", "图斑面积": 1833.75, "坐落单位": "宛田村委会", "企业名称": null, "行业代码": null, "行业名称": null, "产值": 0.0, "行政区": null, "用地性": null }, "geometry": { "type": "Polygon", "coordinates": [ [ [ 110.062234, 25.553814 ], [ 110.06226, 25.553804 ], [ 110.062288, 25.55379 ], [ 110.062194, 25.553644 ], [ 110.062072, 25.553441 ], [ 110.062063, 25.553423 ], [ 110.062046, 25.553375 ], [ 110.062039, 25.55334 ], [ 110.062036, 25.553338 ], [ 110.062021, 25.55333 ], [ 110.062001, 25.553331 ], [ 110.061999, 25.553331 ], [ 110.061943, 25.55343 ], [ 110.061915, 25.553484 ], [ 110.061899, 25.553505 ], [ 110.061875, 25.553526 ], [ 110.061868, 25.553541 ], [ 110.061852, 25.553592 ], [ 110.061838, 25.553642 ], [ 110.061829, 25.553676 ], [ 110.061786, 25.553685 ], [ 110.061727, 25.553696 ], [ 110.06167, 25.55371 ], [ 110.061598, 25.553734 ], [ 110.061567, 25.553751 ], [ 110.06157, 25.553759 ], [ 110.061614, 25.553881 ], [ 110.061804, 25.553857 ], [ 110.061827, 25.553967 ], [ 110.061896, 25.553947 ], [ 110.061953, 25.553923 ], [ 110.061945, 25.55391 ], [ 110.061937, 25.553881 ], [ 110.061933, 25.553829 ], [ 110.061922, 25.553785 ], [ 110.062187, 25.553694 ], [ 110.062234, 25.553814 ] ] ] } },
{ "type": "Feature", "properties": { "BSM": "450312211000092547", "DLBM": "0601", "DLMC": "工业用地", "图斑面积": 417.72, "坐落单位": "宛田村委会", "企业名称": null, "行业代码": null, "行业名称": null, "产值": 0.0, "行政区": null, "用地性": null }, "geometry": { "type": "Polygon", "coordinates": [ [ [ 110.062486, 25.539104 ], [ 110.062471, 25.539091 ], [ 110.062367, 25.539001 ], [ 110.062237, 25.538887 ], [ 110.06222, 25.538873 ], [ 110.062148, 25.538943 ], [ 110.062313, 25.539091 ], [ 110.062432, 25.539196 ], [ 110.062486, 25.539104 ] ] ] } },
{ "type": "Feature", "properties": { "BSM": "450312211000092548", "DLBM": "0601", "DLMC": "工业用地", "图斑面积": 2594.46, "坐落单位": "宛田村委会", "企业名称": null, "行业代码": null, "行业名称": null, "产值": 0.0, "行政区": null, "用地性": null }, "geometry": { "type": "Polygon", "coordinates": [ [ [ 110.06251, 25.539336 ], [ 110.062436, 25.539319 ], [ 110.062415, 25.539304 ], [ 110.062403, 25.53928 ], [ 110.062306, 25.539285 ], [ 110.062243, 25.539255 ], [ 110.062093, 25.539116 ], [ 110.061993, 25.53899 ], [ 110.061961, 25.538961 ], [ 110.061868, 25.538938 ], [ 110.061804, 25.539059 ], [ 110.061862, 25.539107 ], [ 110.061998, 25.5392 ], [ 110.061866, 25.539365 ], [ 110.061844, 25.539401 ], [ 110.061829, 25.539431 ], [ 110.061812, 25.539473 ], [ 110.061842, 25.539485 ], [ 110.061863, 25.539498 ], [ 110.061907, 25.539547 ], [ 110.061983, 25.539631 ], [ 110.061938, 25.539785 ], [ 110.061977, 25.539793 ], [ 110.062028, 25.539803 ], [ 110.062049, 25.539686 ], [ 110.062055, 25.53967 ], [ 110.062093, 25.539627 ], [ 110.062128, 25.539584 ], [ 110.062219, 25.5395 ], [ 110.06224, 25.53947 ], [ 110.062253, 25.539432 ], [ 110.062265, 25.539421 ], [ 110.062449, 25.539459 ], [ 110.062474, 25.539399 ], [ 110.062496, 25.539357 ], [ 110.06251, 25.539336 ] ] ] } },
{ "type": "Feature", "properties": { "BSM": "450312211000092549", "DLBM": "0601", "DLMC": "工业用地", "图斑面积": 1325.14, "坐落单位": "宛田村委会", "企业名称": null, "行业代码": null, "行业名称": null, "产值": 0.0, "行政区": null, "用地性": null }, "geometry": { "type": "Polygon", "coordinates": [ [ [ 110.069007, 25.558637 ], [ 110.069007, 25.558646 ], [ 110.069003, 25.558775 ], [ 110.069036, 25.558783 ], [ 110.06905, 25.558799 ], [ 110.069052, 25.558814 ], [ 110.069375, 25.55888 ], [ 110.069481, 25.558919 ], [ 110.069495, 25.558864 ], [ 110.069514, 25.558831 ], [ 110.069539, 25.55882 ], [ 110.069559, 25.558797 ], [ 110.069564, 25.558768 ], [ 110.069557, 25.558745 ], [ 110.0695, 25.55873 ], [ 110.069492, 25.558718 ], [ 110.069498, 25.558675 ], [ 110.069499, 25.558602 ], [ 110.069489, 25.558576 ], [ 110.069378, 25.558559 ], [ 110.069338, 25.55856 ], [ 110.06932, 25.55856 ], [ 110.069302, 25.558576 ], [ 110.06928, 25.558669 ], [ 110.069275, 25.55869 ], [ 110.069007, 25.558637 ] ] ] } },
{ "type": "Feature", "properties": { "BSM": "450312211000092551", "DLBM": "0601", "DLMC": "工业用地", "图斑面积": 2383.94, "坐落单位": "宛田村委会", "企业名称": null, "行业代码": null, "行业名称": null, "产值": 0.0, "行政区": null, "用地性": null }, "geometry": { "type": "Polygon", "coordinates": [ [ [ 110.068791, 25.535764 ], [ 110.068802, 25.53574 ], [ 110.068827, 25.535688 ], [ 110.068832, 25.535646 ], [ 110.068816, 25.535616 ], [ 110.068812, 25.535601 ], [ 110.06881, 25.535591 ], [ 110.068803, 25.535529 ], [ 110.068803, 25.535524 ], [ 110.0688, 25.53551 ], [ 110.068411, 25.535367 ], [ 110.068392, 25.53536 ], [ 110.068287, 25.535459 ], [ 110.068225, 25.535468 ], [ 110.068207, 25.535488 ], [ 110.068233, 25.535502 ], [ 110.06822, 25.535525 ], [ 110.068177, 25.535602 ], [ 110.068146, 25.535658 ], [ 110.068099, 25.535741 ], [ 110.068074, 25.535784 ], [ 110.068069, 25.535793 ], [ 110.068126, 25.535819 ], [ 110.068301, 25.5359 ], [ 110.068313, 25.535906 ], [ 110.068467, 25.535621 ], [ 110.068526, 25.535653 ], [ 110.068532, 25.535666 ], [ 110.068539, 25.535674 ], [ 110.06856, 25.535688 ], [ 110.068622, 25.535702 ], [ 110.068628, 25.53571 ], [ 110.068616, 25.535749 ], [ 110.068762, 25.53575 ], [ 110.068791, 25.535764 ] ] ] } },
{ "type": "Feature", "properties": { "BSM": "450312211000092552", "DLBM": "0601", "DLMC": "工业用地", "图斑面积": 2279.16, "坐落单位": "宛田村委会", "企业名称": null, "行业代码": null, "行业名称": null, "产值": 0.0, "行政区": null, "用地性": null }, "geometry": { "type": "Polygon", "coordinates": [ [ [ 110.063414, 25.53899 ], [ 110.063384, 25.538984 ], [ 110.063149, 25.538943 ], [ 110.063143, 25.538967 ], [ 110.062889, 25.538935 ], [ 110.062867, 25.538932 ], [ 110.062864, 25.538967 ], [ 110.062852, 25.539134 ], [ 110.062866, 25.539296 ], [ 110.062865, 25.53931 ], [ 110.062867, 25.53931 ], [ 110.062939, 25.539311 ], [ 110.062938, 25.539331 ], [ 110.063269, 25.539344 ], [ 110.063342, 25.539345 ], [ 110.063382, 25.539345 ], [ 110.063391, 25.539273 ], [ 110.063411, 25.539037 ], [ 110.063414, 25.53899 ] ] ] } },
{ "type": "Feature", "properties": { "BSM": "450312211000092554", "DLBM": "0601", "DLMC": "工业用地", "图斑面积": 2278.11, "坐落单位": "宛田村委会", "企业名称": null, "行业代码": null, "行业名称": null, "产值": 0.0, "行政区": null, "用地性": null }, "geometry": { "type": "Polygon", "coordinates": [ [ [ 110.065128, 25.540639 ], [ 110.065092, 25.540644 ], [ 110.065033, 25.540639 ], [ 110.064982, 25.540641 ], [ 110.064911, 25.540657 ], [ 110.064807, 25.540705 ], [ 110.064787, 25.540717 ], [ 110.064764, 25.540747 ], [ 110.064745, 25.540778 ], [ 110.064726, 25.540829 ], [ 110.064698, 25.540948 ], [ 110.064685, 25.541052 ], [ 110.064698, 25.54108 ], [ 110.064719, 25.541114 ], [ 110.06475, 25.541137 ], [ 110.064786, 25.541147 ], [ 110.0648, 25.541132 ], [ 110.064805, 25.541114 ], [ 110.064802, 25.54109 ], [ 110.064797, 25.541086 ], [ 110.064782, 25.541079 ], [ 110.064778, 25.541073 ], [ 110.064784, 25.54106 ], [ 110.064803, 25.541043 ], [ 110.064821, 25.541039 ], [ 110.065023, 25.54108 ], [ 110.065161, 25.541106 ], [ 110.065225, 25.540838 ], [ 110.065254, 25.540736 ], [ 110.065252, 25.540717 ], [ 110.065225, 25.540698 ], [ 110.065142, 25.540667 ], [ 110.065134, 25.540656 ], [ 110.065129, 25.540642 ], [ 110.065128, 25.540639 ] ] ] } },
{ "type": "Feature", "properties": { "BSM": "450312211000092559", "DLBM": "0601", "DLMC": "工业用地", "图斑面积": 1108.39, "坐落单位": "宛田村委会", "企业名称": null, "行业代码": null, "行业名称": null, "产值": 0.0, "行政区": null, "用地性": null }, "geometry": { "type": "Polygon", "coordinates": [ [ [ 110.057825, 25.540806 ], [ 110.057699, 25.540803 ], [ 110.057673, 25.541019 ], [ 110.057656, 25.541156 ], [ 110.057882, 25.5412 ], [ 110.05795, 25.541214 ], [ 110.057968, 25.541214 ], [ 110.057968, 25.541208 ], [ 110.057967, 25.541197 ], [ 110.057959, 25.541038 ], [ 110.057932, 25.540929 ], [ 110.057897, 25.54086 ], [ 110.057874, 25.540823 ], [ 110.057825, 25.540806 ] ] ] } },
{ "type": "Feature", "properties": { "BSM": "450312211000103583", "DLBM": "0601", "DLMC": "工业用地", "图斑面积": 455.9, "坐落单位": "宛田村委会", "企业名称": null, "行业代码": null, "行业名称": null, "产值": 0.0, "行政区": null, "用地性": null }, "geometry": { "type": "Polygon", "coordinates": [ [ [ 110.068898, 25.558545 ], [ 110.068808, 25.558531 ], [ 110.06878, 25.558527 ], [ 110.068651, 25.558508 ], [ 110.068648, 25.558519 ], [ 110.068643, 25.558583 ], [ 110.068643, 25.558609 ], [ 110.068644, 25.558677 ], [ 110.068892, 25.558701 ], [ 110.068898, 25.558545 ] ] ] } },
{ "type": "Feature", "properties": { "BSM": "450312211000092560", "DLBM": "0601", "DLMC": "工业用地", "图斑面积": 1236.08, "坐落单位": "瓮洲村委会", "企业名称": null, "行业代码": null, "行业名称": null, "产值": 0.0, "行政区": null, "用地性": null }, "geometry": { "type": "Polygon", "coordinates": [ [ [ 110.066289, 25.516443 ], [ 110.066233, 25.516431 ], [ 110.066225, 25.516455 ], [ 110.066116, 25.5164 ], [ 110.066101, 25.516114 ], [ 110.0661, 25.516099 ], [ 110.066094, 25.51596 ], [ 110.065972, 25.515983 ], [ 110.065953, 25.515996 ], [ 110.065947, 25.516038 ], [ 110.065936, 25.516055 ], [ 110.065906, 25.51607 ], [ 110.065856, 25.51608 ], [ 110.065867, 25.51611 ], [ 110.065782, 25.516142 ], [ 110.065797, 25.516176 ], [ 110.065765, 25.516188 ], [ 110.065782, 25.516228 ], [ 110.065803, 25.516273 ], [ 110.065845, 25.516331 ], [ 110.065893, 25.516318 ], [ 110.065915, 25.516318 ], [ 110.066022, 25.516378 ], [ 110.066088, 25.516421 ], [ 110.066099, 25.516427 ], [ 110.0662, 25.516481 ], [ 110.066199, 25.516517 ], [ 110.066291, 25.516543 ], [ 110.066292, 25.516538 ], [ 110.066289, 25.516443 ] ] ] } },
{ "type": "Feature", "properties": { "BSM": "450312211000092561", "DLBM": "0601", "DLMC": "工业用地", "图斑面积": 10859.03, "坐落单位": "瓮洲村委会", "企业名称": null, "行业代码": null, "行业名称": null, "产值": 0.0, "行政区": null, "用地性": null }, "geometry": { "type": "Polygon", "coordinates": [ [ [ 110.067801, 25.510626 ], [ 110.067676, 25.510615 ], [ 110.067541, 25.510601 ], [ 110.067463, 25.510594 ], [ 110.067349, 25.510598 ], [ 110.067283, 25.510606 ], [ 110.067197, 25.510596 ], [ 110.067113, 25.510581 ], [ 110.067024, 25.510549 ], [ 110.067027, 25.510509 ], [ 110.066965, 25.510504 ], [ 110.066923, 25.510504 ], [ 110.066877, 25.510505 ], [ 110.066863, 25.510505 ], [ 110.0668, 25.510533 ], [ 110.066757, 25.510581 ], [ 110.066723, 25.51066 ], [ 110.066751, 25.51066 ], [ 110.066772, 25.51066 ], [ 110.066783, 25.510667 ], [ 110.066787, 25.510682 ], [ 110.066772, 25.510791 ], [ 110.066711, 25.511171 ], [ 110.066768, 25.511178 ], [ 110.066766, 25.511202 ], [ 110.066762, 25.511249 ], [ 110.066795, 25.511255 ], [ 110.066751, 25.511453 ], [ 110.066744, 25.511483 ], [ 110.066747, 25.511498 ], [ 110.066922, 25.511544 ], [ 110.067169, 25.511595 ], [ 110.067163, 25.511615 ], [ 110.067197, 25.511629 ], [ 110.067203, 25.511635 ], [ 110.067205, 25.511644 ], [ 110.067202, 25.51166 ], [ 110.067312, 25.51169 ], [ 110.067429, 25.511727 ], [ 110.06749, 25.511753 ], [ 110.067541, 25.511769 ], [ 110.067609, 25.51178 ], [ 110.067659, 25.511785 ], [ 110.067719, 25.511678 ], [ 110.067749, 25.511618 ], [ 110.067769, 25.511585 ], [ 110.067778, 25.511574 ], [ 110.067807, 25.511535 ], [ 110.067816, 25.511509 ], [ 110.067808, 25.511495 ], [ 110.067718, 25.511447 ], [ 110.067398, 25.511293 ], [ 110.067428, 25.511251 ], [ 110.067468, 25.511222 ], [ 110.067513, 25.511193 ], [ 110.06758, 25.51112 ], [ 110.067628, 25.511056 ], [ 110.067664, 25.510989 ], [ 110.067718, 25.510831 ], [ 110.067749, 25.510773 ], [ 110.067768, 25.510733 ], [ 110.06779, 25.510672 ], [ 110.067801, 25.510626 ] ] ] } },
{ "type": "Feature", "properties": { "BSM": "450312211000092562", "DLBM": "0601", "DLMC": "工业用地", "图斑面积": 2392.95, "坐落单位": "瓮洲村委会", "企业名称": null, "行业代码": null, "行业名称": null, "产值": 0.0, "行政区": null, "用地性": null }, "geometry": { "type": "Polygon", "coordinates": [ [ [ 110.066372, 25.511347 ], [ 110.066225, 25.511325 ], [ 110.066169, 25.511314 ], [ 110.06614, 25.511296 ], [ 110.06611, 25.511276 ], [ 110.066105, 25.511273 ], [ 110.066043, 25.511224 ], [ 110.065983, 25.511175 ], [ 110.065969, 25.511195 ], [ 110.065964, 25.511231 ], [ 110.065972, 25.511281 ], [ 110.065972, 25.511321 ], [ 110.065965, 25.511366 ], [ 110.065925, 25.511487 ], [ 110.065917, 25.511519 ], [ 110.065922, 25.511583 ], [ 110.065932, 25.511605 ], [ 110.065967, 25.511628 ], [ 110.065993, 25.511644 ], [ 110.066019, 25.511659 ], [ 110.066037, 25.511676 ], [ 110.066055, 25.511694 ], [ 110.066085, 25.511774 ], [ 110.066121, 25.511873 ], [ 110.066136, 25.511881 ], [ 110.06634, 25.511888 ], [ 110.066344, 25.511835 ], [ 110.066345, 25.511808 ], [ 110.066357, 25.511608 ], [ 110.066363, 25.51152 ], [ 110.066372, 25.511347 ] ] ] } },
{ "type": "Feature", "properties": { "BSM": "450312211000092563", "DLBM": "0601", "DLMC": "工业用地", "图斑面积": 545.16, "坐落单位": "中江村委会", "企业名称": null, "行业代码": null, "行业名称": null, "产值": 0.0, "行政区": null, "用地性": null }, "geometry": { "type": "Polygon", "coordinates": [ [ [ 110.031676, 25.549025 ], [ 110.031683, 25.549033 ], [ 110.03169, 25.549045 ], [ 110.031714, 25.549069 ], [ 110.031722, 25.549084 ], [ 110.031727, 25.549097 ], [ 110.031715, 25.549114 ], [ 110.031663, 25.549187 ], [ 110.031656, 25.549197 ], [ 110.031706, 25.549217 ], [ 110.031746, 25.54924 ], [ 110.031811, 25.549163 ], [ 110.031819, 25.549155 ], [ 110.03196, 25.549029 ], [ 110.031839, 25.548905 ], [ 110.031676, 25.549025 ] ] ] } },
{ "type": "Feature", "properties": { "BSM": "450312211000092565", "DLBM": "0601", "DLMC": "工业用地", "图斑面积": 180.11, "坐落单位": "中江村委会", "企业名称": null, "行业代码": null, "行业名称": null, "产值": 0.0, "行政区": null, "用地性": null }, "geometry": { "type": "Polygon", "coordinates": [ [ [ 110.021763, 25.556574 ], [ 110.021669, 25.556559 ], [ 110.021639, 25.556706 ], [ 110.02166, 25.556711 ], [ 110.021718, 25.556722 ], [ 110.021757, 25.556671 ], [ 110.021785, 25.556577 ], [ 110.021763, 25.556574 ] ] ] } },
{ "type": "Feature", "properties": { "BSM": "450312211000092566", "DLBM": "0601", "DLMC": "工业用地", "图斑面积": 720.54, "坐落单位": "中江村委会", "企业名称": null, "行业代码": null, "行业名称": null, "产值": 0.0, "行政区": null, "用地性": null }, "geometry": { "type": "Polygon", "coordinates": [ [ [ 109.995974, 25.559614 ], [ 109.995944, 25.559596 ], [ 109.995931, 25.559589 ], [ 109.995847, 25.559543 ], [ 109.995748, 25.559502 ], [ 109.995678, 25.559474 ], [ 109.995644, 25.559462 ], [ 109.995589, 25.559443 ], [ 109.995566, 25.559437 ], [ 109.995465, 25.559409 ], [ 109.995459, 25.559428 ], [ 109.995492, 25.559443 ], [ 109.995484, 25.559466 ], [ 109.995489, 25.559476 ], [ 109.995499, 25.559481 ], [ 109.995521, 25.559486 ], [ 109.995537, 25.559464 ], [ 109.995617, 25.559502 ], [ 109.995562, 25.559558 ], [ 109.995844, 25.559758 ], [ 109.995917, 25.559676 ], [ 109.995974, 25.559614 ] ] ] } },
{ "type": "Feature", "properties": { "BSM": "450312211000092564", "DLBM": "0601", "DLMC": "工业用地", "图斑面积": 362.11, "坐落单位": "中江村委会", "企业名称": null, "行业代码": null, "行业名称": null, "产值": 0.0, "行政区": null, "用地性": null }, "geometry": { "type": "Polygon", "coordinates": [ [ [ 110.050404, 25.541356 ], [ 110.050396, 25.541277 ], [ 110.050383, 25.541239 ], [ 110.050372, 25.54122 ], [ 110.050346, 25.541209 ], [ 110.050278, 25.541172 ], [ 110.050203, 25.541146 ], [ 110.050192, 25.541164 ], [ 110.050179, 25.541184 ], [ 110.050133, 25.541255 ], [ 110.050218, 25.54126 ], [ 110.050227, 25.54132 ], [ 110.050228, 25.541321 ], [ 110.050233, 25.541326 ], [ 110.050256, 25.541332 ], [ 110.05039, 25.541361 ], [ 110.050402, 25.541361 ], [ 110.050404, 25.541356 ] ] ] } },
{ "type": "Feature", "properties": { "BSM": "450312211000092567", "DLBM": "0601", "DLMC": "工业用地", "图斑面积": 901.47, "坐落单位": "庙坪村委会", "企业名称": null, "行业代码": null, "行业名称": null, "产值": 0.0, "行政区": null, "用地性": null }, "geometry": { "type": "Polygon", "coordinates": [ [ [ 110.043799, 25.624282 ], [ 110.043787, 25.624128 ], [ 110.043769, 25.624109 ], [ 110.04374, 25.624099 ], [ 110.043602, 25.624082 ], [ 110.043509, 25.624091 ], [ 110.043377, 25.624121 ], [ 110.043368, 25.624156 ], [ 110.043356, 25.624265 ], [ 110.043546, 25.624294 ], [ 110.04367, 25.624295 ], [ 110.04368, 25.624294 ], [ 110.043799, 25.624282 ] ] ] } },
{ "type": "Feature", "properties": { "BSM": "450312211000092569", "DLBM": "0601", "DLMC": "工业用地", "图斑面积": 1196.86, "坐落单位": "庙坪村委会", "企业名称": null, "行业代码": null, "行业名称": null, "产值": 0.0, "行政区": null, "用地性": null }, "geometry": { "type": "Polygon", "coordinates": [ [ [ 110.050619, 25.65006 ], [ 110.050617, 25.650053 ], [ 110.050613, 25.650036 ], [ 110.050625, 25.649995 ], [ 110.050661, 25.649941 ], [ 110.050658, 25.649895 ], [ 110.050623, 25.649864 ], [ 110.050579, 25.64984 ], [ 110.050528, 25.649835 ], [ 110.050511, 25.649841 ], [ 110.050433, 25.649868 ], [ 110.050364, 25.649893 ], [ 110.05027, 25.649893 ], [ 110.050187, 25.64989 ], [ 110.050186, 25.649897 ], [ 110.050176, 25.650025 ], [ 110.05019, 25.650167 ], [ 110.050447, 25.650092 ], [ 110.050619, 25.65006 ] ] ] } },
{ "type": "Feature", "properties": { "BSM": "450312211000092570", "DLBM": "0601", "DLMC": "工业用地", "图斑面积": 680.69, "坐落单位": "庙坪村委会", "企业名称": null, "行业代码": null, "行业名称": null, "产值": 0.0, "行政区": null, "用地性": null }, "geometry": { "type": "Polygon", "coordinates": [ [ [ 110.048516, 25.651169 ], [ 110.048546, 25.651221 ], [ 110.048558, 25.651265 ], [ 110.048557, 25.651324 ], [ 110.048548, 25.651407 ], [ 110.04852, 25.651511 ], [ 110.048498, 25.651544 ], [ 110.048584, 25.651547 ], [ 110.048652, 25.651519 ], [ 110.048734, 25.651483 ], [ 110.048766, 25.651451 ], [ 110.048775, 25.651384 ], [ 110.048734, 25.65129 ], [ 110.048702, 25.651258 ], [ 110.048604, 25.651213 ], [ 110.048516, 25.651169 ] ] ] } },
{ "type": "Feature", "properties": { "BSM": "450312211000091560", "DLBM": "0601", "DLMC": "工业用地", "图斑面积": 1214.02, "坐落单位": "永安村委会", "企业名称": null, "行业代码": null, "行业名称": null, "产值": 0.0, "行政区": null, "用地性": null }, "geometry": { "type": "Polygon", "coordinates": [ [ [ 110.055355, 25.636473 ], [ 110.055381, 25.636526 ], [ 110.055423, 25.636604 ], [ 110.055431, 25.636618 ], [ 110.055467, 25.6367 ], [ 110.055479, 25.636756 ], [ 110.055481, 25.636816 ], [ 110.055473, 25.636853 ], [ 110.055498, 25.636928 ], [ 110.055588, 25.636974 ], [ 110.055611, 25.636976 ], [ 110.05565, 25.636959 ], [ 110.055686, 25.636934 ], [ 110.055714, 25.636904 ], [ 110.055728, 25.636869 ], [ 110.055751, 25.636803 ], [ 110.055768, 25.636722 ], [ 110.055772, 25.63667 ], [ 110.055772, 25.636658 ], [ 110.055765, 25.636634 ], [ 110.05574, 25.636628 ], [ 110.05572, 25.636626 ], [ 110.055665, 25.636621 ], [ 110.055589, 25.636614 ], [ 110.055541, 25.636593 ], [ 110.055506, 25.636561 ], [ 110.05549, 25.636538 ], [ 110.055458, 25.636485 ], [ 110.055451, 25.636464 ], [ 110.055422, 25.63644 ], [ 110.055401, 25.636441 ], [ 110.055372, 25.636461 ], [ 110.055355, 25.636473 ] ] ] } },
{ "type": "Feature", "properties": { "BSM": "450312211000092571", "DLBM": "0601", "DLMC": "工业用地", "图斑面积": 646.27, "坐落单位": "洞头村委会", "企业名称": null, "行业代码": null, "行业名称": null, "产值": 0.0, "行政区": null, "用地性": null }, "geometry": { "type": "Polygon", "coordinates": [ [ [ 110.066418, 25.623929 ], [ 110.066322, 25.623956 ], [ 110.066174, 25.624007 ], [ 110.066154, 25.624013 ], [ 110.066084, 25.624049 ], [ 110.066074, 25.624067 ], [ 110.066069, 25.624097 ], [ 110.066126, 25.624112 ], [ 110.066228, 25.624141 ], [ 110.066369, 25.624157 ], [ 110.066465, 25.62416 ], [ 110.066444, 25.624054 ], [ 110.066418, 25.623929 ] ] ] } },
{ "type": "Feature", "properties": { "BSM": "450312211000092572", "DLBM": "0601", "DLMC": "工业用地", "图斑面积": 1065.83, "坐落单位": "洞头村委会", "企业名称": null, "行业代码": null, "行业名称": null, "产值": 0.0, "行政区": null, "用地性": null }, "geometry": { "type": "Polygon", "coordinates": [ [ [ 110.064789, 25.625493 ], [ 110.064768, 25.625488 ], [ 110.064705, 25.625466 ], [ 110.064681, 25.625449 ], [ 110.064666, 25.62542 ], [ 110.064685, 25.625377 ], [ 110.064688, 25.625329 ], [ 110.064752, 25.625175 ], [ 110.064726, 25.625127 ], [ 110.064686, 25.625111 ], [ 110.064631, 25.625133 ], [ 110.064589, 25.625195 ], [ 110.064525, 25.6253 ], [ 110.064458, 25.625443 ], [ 110.064449, 25.625512 ], [ 110.064446, 25.62557 ], [ 110.064452, 25.625601 ], [ 110.064475, 25.625633 ], [ 110.064514, 25.625624 ], [ 110.064575, 25.625608 ], [ 110.064633, 25.625577 ], [ 110.064789, 25.625493 ] ] ] } },
{ "type": "Feature", "properties": { "BSM": "450312211000092573", "DLBM": "0601", "DLMC": "工业用地", "图斑面积": 117.11, "坐落单位": "洞头村委会", "企业名称": null, "行业代码": null, "行业名称": null, "产值": 0.0, "行政区": null, "用地性": null }, "geometry": { "type": "Polygon", "coordinates": [ [ [ 110.065922, 25.624329 ], [ 110.065892, 25.624295 ], [ 110.06592, 25.624266 ], [ 110.065939, 25.624247 ], [ 110.065912, 25.624224 ], [ 110.065873, 25.624253 ], [ 110.065836, 25.624275 ], [ 110.065794, 25.624279 ], [ 110.065829, 25.62432 ], [ 110.065812, 25.624338 ], [ 110.065872, 25.62438 ], [ 110.065922, 25.624329 ] ] ] } },
{ "type": "Feature", "properties": { "BSM": "450312211000092574", "DLBM": "0601", "DLMC": "工业用地", "图斑面积": 438.84, "坐落单位": "洞头村委会", "企业名称": null, "行业代码": null, "行业名称": null, "产值": 0.0, "行政区": null, "用地性": null }, "geometry": { "type": "Polygon", "coordinates": [ [ [ 110.081631, 25.58797 ], [ 110.081534, 25.587966 ], [ 110.081466, 25.58796 ], [ 110.081452, 25.588001 ], [ 110.081391, 25.588085 ], [ 110.081401, 25.588115 ], [ 110.081443, 25.588165 ], [ 110.081498, 25.588204 ], [ 110.081515, 25.58821 ], [ 110.081528, 25.588199 ], [ 110.081554, 25.588178 ], [ 110.081619, 25.588063 ], [ 110.081631, 25.58797 ] ] ] } },
{ "type": "Feature", "properties": { "BSM": "450312211000092575", "DLBM": "0601", "DLMC": "工业用地", "图斑面积": 351.73, "坐落单位": "洞头村委会", "企业名称": null, "行业代码": null, "行业名称": null, "产值": 0.0, "行政区": null, "用地性": null }, "geometry": { "type": "Polygon", "coordinates": [ [ [ 110.064984, 25.625664 ], [ 110.064984, 25.625663 ], [ 110.065001, 25.625625 ], [ 110.065028, 25.625567 ], [ 110.065051, 25.625485 ], [ 110.065058, 25.625435 ], [ 110.065045, 25.625404 ], [ 110.065015, 25.62538 ], [ 110.06498, 25.625404 ], [ 110.064962, 25.625417 ], [ 110.06495, 25.625466 ], [ 110.064874, 25.625664 ], [ 110.064872, 25.62567 ], [ 110.06489, 25.625679 ], [ 110.064946, 25.625702 ], [ 110.064953, 25.625703 ], [ 110.064961, 25.625701 ], [ 110.064967, 25.625699 ], [ 110.06497, 25.625695 ], [ 110.064984, 25.625664 ] ] ] } },
{ "type": "Feature", "properties": { "BSM": "450312211000092576", "DLBM": "0601", "DLMC": "工业用地", "图斑面积": 2095.89, "坐落单位": "洞头村委会", "企业名称": null, "行业代码": null, "行业名称": null, "产值": 0.0, "行政区": null, "用地性": null }, "geometry": { "type": "Polygon", "coordinates": [ [ [ 110.064893, 25.625464 ], [ 110.06487, 25.625481 ], [ 110.064829, 25.625509 ], [ 110.064593, 25.625644 ], [ 110.064524, 25.625663 ], [ 110.064498, 25.625668 ], [ 110.064429, 25.625684 ], [ 110.0644, 25.625691 ], [ 110.064365, 25.625699 ], [ 110.064268, 25.625723 ], [ 110.064336, 25.625896 ], [ 110.064383, 25.625956 ], [ 110.064408, 25.626001 ], [ 110.064432, 25.626044 ], [ 110.064471, 25.626092 ], [ 110.064505, 25.626133 ], [ 110.064543, 25.626148 ], [ 110.064552, 25.62615 ], [ 110.064602, 25.626127 ], [ 110.064626, 25.626091 ], [ 110.064662, 25.62601 ], [ 110.064664, 25.626007 ], [ 110.064748, 25.62584 ], [ 110.064773, 25.625778 ], [ 110.064851, 25.625597 ], [ 110.064893, 25.625464 ] ] ] } },
{ "type": "Feature", "properties": { "BSM": "450312211000092578", "DLBM": "0601", "DLMC": "工业用地", "图斑面积": 4711.65, "坐落单位": "洞头村委会", "企业名称": null, "行业代码": null, "行业名称": null, "产值": 0.0, "行政区": null, "用地性": null }, "geometry": { "type": "Polygon", "coordinates": [ [ [ 110.071993, 25.614973 ], [ 110.071952, 25.615064 ], [ 110.071896, 25.61521 ], [ 110.0718, 25.615478 ], [ 110.071703, 25.615745 ], [ 110.071667, 25.615891 ], [ 110.071732, 25.615906 ], [ 110.071754, 25.615911 ], [ 110.071699, 25.61609 ], [ 110.071827, 25.616103 ], [ 110.071844, 25.616087 ], [ 110.071872, 25.616059 ], [ 110.071889, 25.616037 ], [ 110.071894, 25.61602 ], [ 110.071913, 25.615952 ], [ 110.071987, 25.615963 ], [ 110.071996, 25.615953 ], [ 110.072006, 25.615935 ], [ 110.072019, 25.615929 ], [ 110.072042, 25.615933 ], [ 110.072076, 25.615944 ], [ 110.072082, 25.615938 ], [ 110.072103, 25.615878 ], [ 110.072127, 25.61582 ], [ 110.07219, 25.615663 ], [ 110.072279, 25.615442 ], [ 110.072341, 25.6153 ], [ 110.07238, 25.615288 ], [ 110.07237, 25.615199 ], [ 110.072325, 25.615202 ], [ 110.072322, 25.615193 ], [ 110.07232, 25.615186 ], [ 110.07229, 25.615143 ], [ 110.072256, 25.615114 ], [ 110.072117, 25.615019 ], [ 110.072027, 25.614985 ], [ 110.072025, 25.614984 ], [ 110.071993, 25.614973 ] ] ] } },
{ "type": "Feature", "properties": { "BSM": "450312211000092580", "DLBM": "0601", "DLMC": "工业用地", "图斑面积": 7049.31, "坐落单位": "合作村委会", "企业名称": null, "行业代码": null, "行业名称": null, "产值": 0.0, "行政区": null, "用地性": null }, "geometry": { "type": "Polygon", "coordinates": [ [ [ 110.047747, 25.583523 ], [ 110.047744, 25.583491 ], [ 110.047732, 25.583478 ], [ 110.047699, 25.583464 ], [ 110.047669, 25.583443 ], [ 110.047634, 25.583388 ], [ 110.047609, 25.583313 ], [ 110.047599, 25.583186 ], [ 110.047607, 25.583118 ], [ 110.047621, 25.583086 ], [ 110.047654, 25.583063 ], [ 110.047713, 25.583054 ], [ 110.047802, 25.583054 ], [ 110.047966, 25.583082 ], [ 110.048199, 25.583127 ], [ 110.048283, 25.583144 ], [ 110.0483, 25.583054 ], [ 110.048305, 25.582991 ], [ 110.048312, 25.5829 ], [ 110.048316, 25.582854 ], [ 110.048306, 25.582857 ], [ 110.048255, 25.582872 ], [ 110.048086, 25.582919 ], [ 110.047975, 25.582948 ], [ 110.047904, 25.582954 ], [ 110.047831, 25.582934 ], [ 110.047756, 25.582878 ], [ 110.047715, 25.582827 ], [ 110.047685, 25.582749 ], [ 110.04769, 25.582696 ], [ 110.047683, 25.58257 ], [ 110.047566, 25.582563 ], [ 110.047109, 25.582626 ], [ 110.047017, 25.582646 ], [ 110.046962, 25.582643 ], [ 110.046875, 25.582629 ], [ 110.046885, 25.582648 ], [ 110.046886, 25.582671 ], [ 110.046887, 25.5827 ], [ 110.046875, 25.582741 ], [ 110.046803, 25.582868 ], [ 110.046883, 25.582891 ], [ 110.046963, 25.582918 ], [ 110.047053, 25.582968 ], [ 110.047128, 25.583019 ], [ 110.04716, 25.583068 ], [ 110.047185, 25.583139 ], [ 110.047246, 25.583264 ], [ 110.047306, 25.583434 ], [ 110.047314, 25.583483 ], [ 110.047306, 25.583538 ], [ 110.047471, 25.583499 ], [ 110.047568, 25.583481 ], [ 110.047597, 25.583488 ], [ 110.04762, 25.583508 ], [ 110.047642, 25.583517 ], [ 110.047667, 25.58353 ], [ 110.047747, 25.583523 ] ] ] } },
{ "type": "Feature", "properties": { "BSM": "450312211000092581", "DLBM": "0601", "DLMC": "工业用地", "图斑面积": 932.04, "坐落单位": "合作村委会", "企业名称": null, "行业代码": null, "行业名称": null, "产值": 0.0, "行政区": null, "用地性": null }, "geometry": { "type": "Polygon", "coordinates": [ [ [ 110.0444, 25.56937 ], [ 110.044238, 25.569378 ], [ 110.044249, 25.569511 ], [ 110.04408, 25.569521 ], [ 110.044094, 25.569654 ], [ 110.04415, 25.569664 ], [ 110.044192, 25.569677 ], [ 110.044211, 25.56969 ], [ 110.044268, 25.569733 ], [ 110.04436, 25.56977 ], [ 110.0444, 25.569784 ], [ 110.044399, 25.569631 ], [ 110.044398, 25.569578 ], [ 110.0444, 25.56937 ] ] ] } },
{ "type": "Feature", "properties": { "BSM": "450312211000092582", "DLBM": "0601", "DLMC": "工业用地", "图斑面积": 1557.72, "坐落单位": "合作村委会", "企业名称": null, "行业代码": null, "行业名称": null, "产值": 0.0, "行政区": null, "用地性": null }, "geometry": { "type": "Polygon", "coordinates": [ [ [ 110.042523, 25.57981 ], [ 110.042561, 25.579622 ], [ 110.042662, 25.579642 ], [ 110.042702, 25.579537 ], [ 110.042533, 25.579482 ], [ 110.042525, 25.579503 ], [ 110.042517, 25.579526 ], [ 110.042462, 25.579663 ], [ 110.042436, 25.579816 ], [ 110.042445, 25.579943 ], [ 110.042474, 25.580089 ], [ 110.042524, 25.580233 ], [ 110.042536, 25.580268 ], [ 110.042581, 25.580266 ], [ 110.042729, 25.580242 ], [ 110.042751, 25.580234 ], [ 110.042762, 25.580184 ], [ 110.042766, 25.580113 ], [ 110.042783, 25.580046 ], [ 110.042783, 25.580017 ], [ 110.042765, 25.579983 ], [ 110.042716, 25.579967 ], [ 110.042628, 25.579978 ], [ 110.042611, 25.579935 ], [ 110.042588, 25.579904 ], [ 110.042526, 25.579838 ], [ 110.042523, 25.57981 ] ] ] } },
{ "type": "Feature", "properties": { "BSM": "450312211000359216", "DLBM": "0601", "DLMC": "工业用地", "图斑面积": 335.89, "坐落单位": "古定村委会", "企业名称": null, "行业代码": null, "行业名称": null, "产值": 0.0, "行政区": null, "用地性": null }, "geometry": { "type": "Polygon", "coordinates": [ [ [ 110.013484, 25.177551 ], [ 110.013407, 25.177467 ], [ 110.013266, 25.17749 ], [ 110.013254, 25.177581 ], [ 110.013247, 25.177594 ], [ 110.013335, 25.177676 ], [ 110.013344, 25.177668 ], [ 110.013392, 25.177629 ], [ 110.013484, 25.177551 ] ] ] } },
{ "type": "Feature", "properties": { "BSM": "450312211000359354", "DLBM": "0601", "DLMC": "工业用地", "图斑面积": 22342.39, "坐落单位": "宝山村委会", "企业名称": null, "行业代码": null, "行业名称": null, "产值": 0.0, "行政区": null, "用地性": null }, "geometry": { "type": "Polygon", "coordinates": [ [ [ 110.018104, 25.171968 ], [ 110.018069, 25.171806 ], [ 110.018124, 25.17176 ], [ 110.018169, 25.171752 ], [ 110.018149, 25.171633 ], [ 110.018145, 25.171606 ], [ 110.018141, 25.171575 ], [ 110.018097, 25.171238 ], [ 110.018093, 25.17121 ], [ 110.018084, 25.171159 ], [ 110.018059, 25.171028 ], [ 110.018048, 25.17091 ], [ 110.01802, 25.170647 ], [ 110.017991, 25.170384 ], [ 110.017983, 25.170332 ], [ 110.017947, 25.170074 ], [ 110.017932, 25.169974 ], [ 110.017791, 25.169938 ], [ 110.017676, 25.169923 ], [ 110.017597, 25.16996 ], [ 110.017534, 25.170024 ], [ 110.017448, 25.170186 ], [ 110.017366, 25.17025 ], [ 110.017251, 25.170276 ], [ 110.017125, 25.170249 ], [ 110.016992, 25.170147 ], [ 110.016917, 25.170018 ], [ 110.016861, 25.169999 ], [ 110.016829, 25.170062 ], [ 110.016825, 25.170136 ], [ 110.016818, 25.170193 ], [ 110.016816, 25.170234 ], [ 110.016807, 25.170263 ], [ 110.016807, 25.170287 ], [ 110.016849, 25.170445 ], [ 110.016868, 25.170519 ], [ 110.016933, 25.170689 ], [ 110.017014, 25.170785 ], [ 110.017169, 25.170938 ], [ 110.017198, 25.171018 ], [ 110.017209, 25.171096 ], [ 110.017201, 25.171149 ], [ 110.017143, 25.171271 ], [ 110.01714, 25.171276 ], [ 110.017098, 25.171351 ], [ 110.017052, 25.171386 ], [ 110.017014, 25.17144 ], [ 110.017005, 25.171497 ], [ 110.01694, 25.171544 ], [ 110.016863, 25.171568 ], [ 110.016841, 25.1716 ], [ 110.016841, 25.17168 ], [ 110.016861, 25.171744 ], [ 110.016887, 25.171799 ], [ 110.016912, 25.171812 ], [ 110.016961, 25.171832 ], [ 110.016991, 25.171878 ], [ 110.017047, 25.171877 ], [ 110.017321, 25.17187 ], [ 110.017659, 25.171891 ], [ 110.017638, 25.171973 ], [ 110.017797, 25.171993 ], [ 110.017794, 25.172054 ], [ 110.01801, 25.17209 ], [ 110.018093, 25.172016 ], [ 110.018104, 25.171968 ] ] ] } },
{ "type": "Feature", "properties": { "BSM": "450312211000359464", "DLBM": "0601", "DLMC": "工业用地", "图斑面积": 2601.24, "坐落单位": "宝山村委会", "企业名称": null, "行业代码": null, "行业名称": null, "产值": 0.0, "行政区": null, "用地性": null }, "geometry": { "type": "Polygon", "coordinates": [ [ [ 110.01878, 25.171795 ], [ 110.018779, 25.171707 ], [ 110.01881, 25.171533 ], [ 110.018541, 25.171532 ], [ 110.018272, 25.171532 ], [ 110.018286, 25.171724 ], [ 110.01831, 25.17172 ], [ 110.018432, 25.172155 ], [ 110.018555, 25.172143 ], [ 110.018537, 25.172104 ], [ 110.01854, 25.172068 ], [ 110.018625, 25.172039 ], [ 110.01867, 25.172006 ], [ 110.018745, 25.171889 ], [ 110.01878, 25.171795 ] ] ] } },
{ "type": "Feature", "properties": { "BSM": "450312211000359890", "DLBM": "0601", "DLMC": "工业用地", "图斑面积": 3035.34, "坐落单位": "城联村委会", "企业名称": null, "行业代码": null, "行业名称": null, "产值": 0.0, "行政区": null, "用地性": null }, "geometry": { "type": "Polygon", "coordinates": [ [ [ 110.007053, 25.200766 ], [ 110.00707, 25.200716 ], [ 110.007069, 25.200685 ], [ 110.00711, 25.200628 ], [ 110.007036, 25.200594 ], [ 110.006837, 25.200516 ], [ 110.006717, 25.200467 ], [ 110.006665, 25.200454 ], [ 110.006638, 25.20045 ], [ 110.006629, 25.200455 ], [ 110.006604, 25.200511 ], [ 110.006579, 25.200521 ], [ 110.006563, 25.200523 ], [ 110.006561, 25.200523 ], [ 110.006517, 25.200513 ], [ 110.006406, 25.200489 ], [ 110.00631, 25.200472 ], [ 110.006277, 25.200478 ], [ 110.006224, 25.200489 ], [ 110.006097, 25.200541 ], [ 110.006084, 25.200554 ], [ 110.00607, 25.200596 ], [ 110.006049, 25.200668 ], [ 110.006053, 25.20069 ], [ 110.006057, 25.200711 ], [ 110.00606, 25.200731 ], [ 110.00606, 25.200738 ], [ 110.006168, 25.200733 ], [ 110.006275, 25.200758 ], [ 110.00636, 25.200776 ], [ 110.006398, 25.200775 ], [ 110.006453, 25.200755 ], [ 110.00648, 25.200719 ], [ 110.006511, 25.200723 ], [ 110.006609, 25.200736 ], [ 110.006742, 25.200778 ], [ 110.006751, 25.200795 ], [ 110.006753, 25.20082 ], [ 110.006839, 25.200866 ], [ 110.006897, 25.200888 ], [ 110.00692, 25.200891 ], [ 110.006975, 25.200855 ], [ 110.007053, 25.200766 ] ] ] } },
{ "type": "Feature", "properties": { "BSM": "450312211000359899", "DLBM": "0601", "DLMC": "工业用地", "图斑面积": 624.79, "坐落单位": "城联村委会", "企业名称": null, "行业代码": null, "行业名称": null, "产值": 0.0, "行政区": null, "用地性": null }, "geometry": { "type": "Polygon", "coordinates": [ [ [ 110.010265, 25.200006 ], [ 110.010228, 25.199783 ], [ 110.009902, 25.199934 ], [ 110.00991, 25.199952 ], [ 110.009918, 25.199959 ], [ 110.009945, 25.199969 ], [ 110.00996, 25.199978 ], [ 110.009976, 25.199988 ], [ 110.009994, 25.200008 ], [ 110.010004, 25.200045 ], [ 110.010004, 25.200045 ], [ 110.010198, 25.200029 ], [ 110.010265, 25.200006 ] ] ] } },
{ "type": "Feature", "properties": { "BSM": "450312211000359951", "DLBM": "0601", "DLMC": "工业用地", "图斑面积": 9106.69, "坐落单位": "城联村委会", "企业名称": null, "行业代码": null, "行业名称": null, "产值": 0.0, "行政区": null, "用地性": null }, "geometry": { "type": "Polygon", "coordinates": [ [ [ 110.007263, 25.197621 ], [ 110.007244, 25.19755 ], [ 110.006963, 25.197565 ], [ 110.00685, 25.197271 ], [ 110.006816, 25.197182 ], [ 110.006774, 25.197196 ], [ 110.006718, 25.197046 ], [ 110.006666, 25.197007 ], [ 110.006641, 25.196988 ], [ 110.006522, 25.197038 ], [ 110.006546, 25.197087 ], [ 110.00655, 25.1971 ], [ 110.006618, 25.197328 ], [ 110.00667, 25.197493 ], [ 110.006727, 25.197678 ], [ 110.006786, 25.197917 ], [ 110.006822, 25.198101 ], [ 110.006852, 25.198173 ], [ 110.006917, 25.19828 ], [ 110.006984, 25.198389 ], [ 110.007077, 25.198533 ], [ 110.007097, 25.198564 ], [ 110.007258, 25.19884 ], [ 110.007306, 25.198851 ], [ 110.007385, 25.198876 ], [ 110.007484, 25.198898 ], [ 110.007556, 25.198914 ], [ 110.007574, 25.19892 ], [ 110.007588, 25.198846 ], [ 110.007589, 25.198782 ], [ 110.00759, 25.198758 ], [ 110.007585, 25.198734 ], [ 110.007541, 25.198488 ], [ 110.007512, 25.198363 ], [ 110.007463, 25.198212 ], [ 110.00737, 25.197937 ], [ 110.007277, 25.197663 ], [ 110.007276, 25.197662 ], [ 110.007263, 25.197621 ] ] ] } },
{ "type": "Feature", "properties": { "BSM": "450312211000359965", "DLBM": "0601", "DLMC": "工业用地", "图斑面积": 957.62, "坐落单位": "城联村委会", "企业名称": null, "行业代码": null, "行业名称": null, "产值": 0.0, "行政区": null, "用地性": null }, "geometry": { "type": "Polygon", "coordinates": [ [ [ 110.016783, 25.17766 ], [ 110.016779, 25.177585 ], [ 110.016788, 25.177422 ], [ 110.016505, 25.177411 ], [ 110.0164, 25.177415 ], [ 110.016386, 25.177419 ], [ 110.016372, 25.177423 ], [ 110.016376, 25.177466 ], [ 110.016429, 25.177469 ], [ 110.016432, 25.177592 ], [ 110.016432, 25.177642 ], [ 110.016433, 25.177642 ], [ 110.016433, 25.177643 ], [ 110.016783, 25.17766 ] ] ] } },
{ "type": "Feature", "properties": { "BSM": "450312211000360018", "DLBM": "0601", "DLMC": "工业用地", "图斑面积": 43765.68, "坐落单位": "城联村委会", "企业名称": null, "行业代码": null, "行业名称": null, "产值": 0.0, "行政区": null, "用地性": null }, "geometry": { "type": "Polygon", "coordinates": [ [ [ 110.023857, 25.185465 ], [ 110.023976, 25.185354 ], [ 110.024138, 25.185277 ], [ 110.024215, 25.185224 ], [ 110.024317, 25.185144 ], [ 110.02452, 25.18513 ], [ 110.024505, 25.184966 ], [ 110.024526, 25.184818 ], [ 110.024534, 25.184765 ], [ 110.024555, 25.184623 ], [ 110.024634, 25.18445 ], [ 110.024706, 25.184366 ], [ 110.02473, 25.184339 ], [ 110.024558, 25.184102 ], [ 110.02431, 25.183899 ], [ 110.024149, 25.183702 ], [ 110.024087, 25.183578 ], [ 110.023764, 25.183635 ], [ 110.023791, 25.183771 ], [ 110.023829, 25.183958 ], [ 110.023854, 25.184095 ], [ 110.023869, 25.184173 ], [ 110.023885, 25.18426 ], [ 110.023827, 25.184293 ], [ 110.023627, 25.184265 ], [ 110.023493, 25.184656 ], [ 110.023415, 25.18502 ], [ 110.023408, 25.185052 ], [ 110.023449, 25.18521 ], [ 110.023417, 25.185348 ], [ 110.023345, 25.1854 ], [ 110.023256, 25.185375 ], [ 110.023191, 25.185308 ], [ 110.023073, 25.185132 ], [ 110.022989, 25.185008 ], [ 110.022849, 25.184801 ], [ 110.022774, 25.18468 ], [ 110.022694, 25.18462 ], [ 110.022618, 25.184696 ], [ 110.022578, 25.184737 ], [ 110.022286, 25.184571 ], [ 110.022237, 25.184553 ], [ 110.022217, 25.18455 ], [ 110.022179, 25.184525 ], [ 110.022131, 25.184494 ], [ 110.022275, 25.184232 ], [ 110.022371, 25.184061 ], [ 110.022395, 25.183972 ], [ 110.022281, 25.18392 ], [ 110.022288, 25.183834 ], [ 110.022313, 25.183627 ], [ 110.022307, 25.18361 ], [ 110.022301, 25.183569 ], [ 110.022301, 25.183538 ], [ 110.022304, 25.183529 ], [ 110.022329, 25.183497 ], [ 110.02235, 25.183475 ], [ 110.022357, 25.18345 ], [ 110.02235, 25.183384 ], [ 110.022347, 25.183362 ], [ 110.022336, 25.183311 ], [ 110.022336, 25.18331 ], [ 110.022336, 25.18331 ], [ 110.022277, 25.183302 ], [ 110.022116, 25.183321 ], [ 110.021945, 25.183369 ], [ 110.021839, 25.183385 ], [ 110.021726, 25.183404 ], [ 110.021663, 25.18343 ], [ 110.021659, 25.183432 ], [ 110.021637, 25.183451 ], [ 110.021623, 25.183463 ], [ 110.021567, 25.183513 ], [ 110.021541, 25.183536 ], [ 110.021516, 25.183559 ], [ 110.021457, 25.183625 ], [ 110.021429, 25.183654 ], [ 110.021414, 25.18367 ], [ 110.02144, 25.183784 ], [ 110.021443, 25.183915 ], [ 110.021426, 25.184144 ], [ 110.02139, 25.184208 ], [ 110.021361, 25.184249 ], [ 110.021314, 25.184291 ], [ 110.021212, 25.184358 ], [ 110.021092, 25.184424 ], [ 110.021038, 25.184471 ], [ 110.021019, 25.18452 ], [ 110.021016, 25.184539 ], [ 110.021163, 25.184624 ], [ 110.021541, 25.184833 ], [ 110.021951, 25.185056 ], [ 110.022201, 25.185194 ], [ 110.022451, 25.185332 ], [ 110.022782, 25.185504 ], [ 110.023207, 25.185732 ], [ 110.023632, 25.185961 ], [ 110.023705, 25.186004 ], [ 110.023775, 25.186039 ], [ 110.023821, 25.186066 ], [ 110.023821, 25.186066 ], [ 110.023834, 25.185915 ], [ 110.023799, 25.185851 ], [ 110.023832, 25.185733 ], [ 110.023857, 25.185465 ] ] ] } },
{ "type": "Feature", "properties": { "BSM": "450312211000360129", "DLBM": "0601", "DLMC": "工业用地", "图斑面积": 569.04, "坐落单位": "高寨村委会", "企业名称": null, "行业代码": null, "行业名称": null, "产值": 0.0, "行政区": null, "用地性": null }, "geometry": { "type": "Polygon", "coordinates": [ [ [ 110.001485, 25.208082 ], [ 110.0015, 25.207883 ], [ 110.001221, 25.207918 ], [ 110.00122, 25.207949 ], [ 110.00122, 25.207951 ], [ 110.001217, 25.208091 ], [ 110.001235, 25.20809 ], [ 110.00127, 25.20809 ], [ 110.0013, 25.208089 ], [ 110.001361, 25.208088 ], [ 110.001485, 25.208082 ] ] ] } },
{ "type": "Feature", "properties": { "BSM": "450312211000360429", "DLBM": "0601", "DLMC": "工业用地", "图斑面积": 4418.26, "坐落单位": "车梁村委会", "企业名称": null, "行业代码": null, "行业名称": null, "产值": 0.0, "行政区": null, "用地性": null }, "geometry": { "type": "Polygon", "coordinates": [ [ [ 110.024183, 25.230492 ], [ 110.024156, 25.23045 ], [ 110.024132, 25.230415 ], [ 110.02402, 25.230256 ], [ 110.024046, 25.230224 ], [ 110.024109, 25.230217 ], [ 110.024167, 25.230221 ], [ 110.024223, 25.23021 ], [ 110.024248, 25.230187 ], [ 110.024253, 25.230162 ], [ 110.02421, 25.230058 ], [ 110.024198, 25.230034 ], [ 110.024206, 25.229936 ], [ 110.02415, 25.229901 ], [ 110.024005, 25.229856 ], [ 110.023879, 25.229805 ], [ 110.02376, 25.229981 ], [ 110.023743, 25.229989 ], [ 110.023684, 25.230015 ], [ 110.023541, 25.23008 ], [ 110.023444, 25.230124 ], [ 110.023492, 25.230225 ], [ 110.023532, 25.23029 ], [ 110.023621, 25.230368 ], [ 110.023694, 25.230337 ], [ 110.023727, 25.230418 ], [ 110.023748, 25.230469 ], [ 110.023769, 25.23052 ], [ 110.023788, 25.230536 ], [ 110.023805, 25.230539 ], [ 110.023818, 25.230532 ], [ 110.023878, 25.230505 ], [ 110.02391, 25.230494 ], [ 110.023923, 25.23049 ], [ 110.023939, 25.230491 ], [ 110.023953, 25.230502 ], [ 110.024029, 25.230659 ], [ 110.024092, 25.230758 ], [ 110.024156, 25.230726 ], [ 110.024195, 25.230706 ], [ 110.02427, 25.230655 ], [ 110.024315, 25.230604 ], [ 110.024183, 25.230492 ] ] ] } },
{ "type": "Feature", "properties": { "BSM": "450312211000360653", "DLBM": "0601", "DLMC": "工业用地", "图斑面积": 903.33, "坐落单位": "两江村委会", "企业名称": null, "行业代码": null, "行业名称": null, "产值": 0.0, "行政区": null, "用地性": null }, "geometry": { "type": "Polygon", "coordinates": [ [ [ 110.031176, 25.193117 ], [ 110.03098, 25.192875 ], [ 110.030795, 25.193005 ], [ 110.030925, 25.193284 ], [ 110.031059, 25.193196 ], [ 110.031138, 25.193139 ], [ 110.031176, 25.193117 ] ] ] } },
{ "type": "Feature", "properties": { "BSM": "450312211000361304", "DLBM": "0601", "DLMC": "工业用地", "图斑面积": 8368.67, "坐落单位": "茶洞村委会", "企业名称": null, "行业代码": null, "行业名称": null, "产值": 0.0, "行政区": null, "用地性": null }, "geometry": { "type": "Polygon", "coordinates": [ [ [ 109.960634, 25.245182 ], [ 109.960659, 25.245123 ], [ 109.960762, 25.245157 ], [ 109.960793, 25.245109 ], [ 109.960819, 25.245075 ], [ 109.96082, 25.245075 ], [ 109.960877, 25.245001 ], [ 109.960941, 25.244903 ], [ 109.960985, 25.244844 ], [ 109.961031, 25.244791 ], [ 109.961059, 25.244744 ], [ 109.961064, 25.244716 ], [ 109.961092, 25.244628 ], [ 109.961093, 25.244564 ], [ 109.961094, 25.244505 ], [ 109.961092, 25.244434 ], [ 109.961089, 25.244321 ], [ 109.961086, 25.244222 ], [ 109.961079, 25.243984 ], [ 109.961078, 25.243961 ], [ 109.961077, 25.243939 ], [ 109.960976, 25.243936 ], [ 109.960883, 25.243924 ], [ 109.960823, 25.243911 ], [ 109.960785, 25.243884 ], [ 109.960758, 25.243854 ], [ 109.960753, 25.24375 ], [ 109.960715, 25.243736 ], [ 109.960543, 25.243735 ], [ 109.960553, 25.243804 ], [ 109.960553, 25.243883 ], [ 109.960553, 25.24391 ], [ 109.960541, 25.244248 ], [ 109.960226, 25.244241 ], [ 109.960207, 25.244411 ], [ 109.960186, 25.244495 ], [ 109.960269, 25.244512 ], [ 109.96059, 25.24465 ], [ 109.960535, 25.24483 ], [ 109.960521, 25.244877 ], [ 109.960464, 25.244907 ], [ 109.96047, 25.244934 ], [ 109.960471, 25.244969 ], [ 109.960471, 25.244976 ], [ 109.960475, 25.245026 ], [ 109.960486, 25.245056 ], [ 109.960498, 25.245086 ], [ 109.960504, 25.245117 ], [ 109.960576, 25.245137 ], [ 109.960566, 25.24516 ], [ 109.960634, 25.245182 ] ] ] } },
{ "type": "Feature", "properties": { "BSM": "450312211000361596", "DLBM": "0601", "DLMC": "工业用地", "图斑面积": 930.22, "坐落单位": "护山村委会", "企业名称": null, "行业代码": null, "行业名称": null, "产值": 0.0, "行政区": null, "用地性": null }, "geometry": { "type": "Polygon", "coordinates": [ [ [ 109.992056, 25.206856 ], [ 109.991974, 25.206813 ], [ 109.99185, 25.206792 ], [ 109.991826, 25.20682 ], [ 109.991644, 25.206794 ], [ 109.9916, 25.206788 ], [ 109.991562, 25.206874 ], [ 109.991562, 25.206875 ], [ 109.991529, 25.206944 ], [ 109.991694, 25.206973 ], [ 109.99188, 25.207 ], [ 109.992032, 25.206982 ], [ 109.992037, 25.20693 ], [ 109.992038, 25.206916 ], [ 109.992056, 25.206856 ] ] ] } },
{ "type": "Feature", "properties": { "BSM": "450312211000362871", "DLBM": "0601", "DLMC": "工业用地", "图斑面积": 4273.54, "坐落单位": "大律村委会", "企业名称": null, "行业代码": null, "行业名称": null, "产值": 0.0, "行政区": null, "用地性": null }, "geometry": { "type": "Polygon", "coordinates": [ [ [ 110.19838, 25.241495 ], [ 110.198588, 25.24132 ], [ 110.198659, 25.241357 ], [ 110.198681, 25.241338 ], [ 110.198801, 25.241235 ], [ 110.198823, 25.2412 ], [ 110.198824, 25.241198 ], [ 110.198826, 25.241197 ], [ 110.198795, 25.241152 ], [ 110.198783, 25.241132 ], [ 110.198699, 25.240996 ], [ 110.198599, 25.240803 ], [ 110.198556, 25.240718 ], [ 110.198514, 25.240624 ], [ 110.198462, 25.240503 ], [ 110.19837, 25.240301 ], [ 110.198252, 25.240134 ], [ 110.19825, 25.240134 ], [ 110.198219, 25.240134 ], [ 110.198165, 25.240136 ], [ 110.198174, 25.240187 ], [ 110.198184, 25.240252 ], [ 110.198186, 25.240266 ], [ 110.198247, 25.240651 ], [ 110.198308, 25.241036 ], [ 110.198308, 25.241036 ], [ 110.198308, 25.241039 ], [ 110.198358, 25.241352 ], [ 110.198359, 25.241364 ], [ 110.19836, 25.241366 ], [ 110.198367, 25.241411 ], [ 110.19838, 25.241495 ] ] ] } },
{ "type": "Feature", "properties": { "BSM": "450312211000362951", "DLBM": "0601", "DLMC": "工业用地", "图斑面积": 19791.77, "坐落单位": "大律村委会", "企业名称": null, "行业代码": null, "行业名称": null, "产值": 0.0, "行政区": null, "用地性": null }, "geometry": { "type": "Polygon", "coordinates": [ [ [ 110.195145, 25.235413 ], [ 110.194915, 25.235031 ], [ 110.19458, 25.235212 ], [ 110.194365, 25.235328 ], [ 110.194154, 25.235046 ], [ 110.193944, 25.234765 ], [ 110.193736, 25.234857 ], [ 110.193625, 25.234906 ], [ 110.193541, 25.234944 ], [ 110.193551, 25.234978 ], [ 110.193571, 25.235019 ], [ 110.19367, 25.235207 ], [ 110.193778, 25.235397 ], [ 110.193822, 25.235476 ], [ 110.194003, 25.23581 ], [ 110.194045, 25.23588 ], [ 110.194203, 25.236104 ], [ 110.194362, 25.236328 ], [ 110.19453, 25.236575 ], [ 110.194562, 25.236584 ], [ 110.194598, 25.236584 ], [ 110.194805, 25.236461 ], [ 110.195014, 25.236372 ], [ 110.195256, 25.236261 ], [ 110.195456, 25.236165 ], [ 110.19556, 25.23615 ], [ 110.195355, 25.235787 ], [ 110.195145, 25.235413 ] ] ] } },
{ "type": "Feature", "properties": { "BSM": "450312211000363052", "DLBM": "0601", "DLMC": "工业用地", "图斑面积": 13384.35, "坐落单位": "大律村委会", "企业名称": null, "行业代码": null, "行业名称": null, "产值": 0.0, "行政区": null, "用地性": null }, "geometry": { "type": "Polygon", "coordinates": [ [ [ 110.201822, 25.241318 ], [ 110.201861, 25.241222 ], [ 110.202416, 25.241356 ], [ 110.202453, 25.241134 ], [ 110.202449, 25.241135 ], [ 110.202387, 25.241134 ], [ 110.202323, 25.241128 ], [ 110.20228, 25.241118 ], [ 110.202082, 25.241056 ], [ 110.201844, 25.240976 ], [ 110.201825, 25.241077 ], [ 110.201782, 25.241196 ], [ 110.201516, 25.241033 ], [ 110.201275, 25.240906 ], [ 110.200972, 25.240806 ], [ 110.201032, 25.240648 ], [ 110.200955, 25.240613 ], [ 110.200661, 25.240463 ], [ 110.200371, 25.240317 ], [ 110.20008, 25.240171 ], [ 110.199856, 25.240063 ], [ 110.19976, 25.240017 ], [ 110.199713, 25.23999 ], [ 110.199563, 25.239904 ], [ 110.199198, 25.239682 ], [ 110.199112, 25.239634 ], [ 110.198873, 25.239502 ], [ 110.198819, 25.239457 ], [ 110.198715, 25.239351 ], [ 110.198699, 25.23934 ], [ 110.198671, 25.23934 ], [ 110.198924, 25.239666 ], [ 110.198955, 25.239646 ], [ 110.199141, 25.23981 ], [ 110.19926, 25.239966 ], [ 110.199294, 25.240011 ], [ 110.199306, 25.240062 ], [ 110.199364, 25.240136 ], [ 110.199658, 25.240479 ], [ 110.199734, 25.240573 ], [ 110.199742, 25.240588 ], [ 110.200013, 25.240613 ], [ 110.200284, 25.240639 ], [ 110.200556, 25.240702 ], [ 110.200834, 25.240814 ], [ 110.20078, 25.24095 ], [ 110.201182, 25.24122 ], [ 110.201693, 25.241526 ], [ 110.201715, 25.241499 ], [ 110.201776, 25.241417 ], [ 110.201822, 25.241318 ] ] ] } },
{ "type": "Feature", "properties": { "BSM": "450312211000363058", "DLBM": "0601", "DLMC": "工业用地", "图斑面积": 6930.26, "坐落单位": "大律村委会", "企业名称": null, "行业代码": null, "行业名称": null, "产值": 0.0, "行政区": null, "用地性": null }, "geometry": { "type": "Polygon", "coordinates": [ [ [ 110.18623, 25.225858 ], [ 110.186134, 25.225556 ], [ 110.185823, 25.225621 ], [ 110.185549, 25.225689 ], [ 110.185322, 25.225724 ], [ 110.185311, 25.225758 ], [ 110.185294, 25.225811 ], [ 110.18527, 25.225852 ], [ 110.185212, 25.225918 ], [ 110.185203, 25.225986 ], [ 110.185211, 25.226035 ], [ 110.185067, 25.226036 ], [ 110.185069, 25.226103 ], [ 110.185068, 25.226168 ], [ 110.185072, 25.226201 ], [ 110.185082, 25.226243 ], [ 110.185121, 25.226371 ], [ 110.185125, 25.226389 ], [ 110.185127, 25.226431 ], [ 110.185125, 25.226478 ], [ 110.185123, 25.226501 ], [ 110.185118, 25.226512 ], [ 110.18513, 25.226538 ], [ 110.185431, 25.226397 ], [ 110.185489, 25.226369 ], [ 110.185609, 25.226313 ], [ 110.185977, 25.226131 ], [ 110.185984, 25.226128 ], [ 110.186076, 25.226082 ], [ 110.185997, 25.225967 ], [ 110.186142, 25.225882 ], [ 110.18623, 25.225858 ] ] ] } },
{ "type": "Feature", "properties": { "BSM": "450312211000363298", "DLBM": "0601", "DLMC": "工业用地", "图斑面积": 2357.52, "坐落单位": "二塘村委会", "企业名称": null, "行业代码": null, "行业名称": null, "产值": 0.0, "行政区": null, "用地性": null }, "geometry": { "type": "Polygon", "coordinates": [ [ [ 110.198627, 25.221624 ], [ 110.198549, 25.221456 ], [ 110.198554, 25.221454 ], [ 110.198585, 25.221443 ], [ 110.198619, 25.221436 ], [ 110.198597, 25.221417 ], [ 110.198563, 25.221386 ], [ 110.198557, 25.221381 ], [ 110.198554, 25.221377 ], [ 110.198473, 25.221252 ], [ 110.198471, 25.221248 ], [ 110.198423, 25.221136 ], [ 110.198001, 25.221298 ], [ 110.198113, 25.221513 ], [ 110.198079, 25.221538 ], [ 110.198089, 25.221545 ], [ 110.198097, 25.221571 ], [ 110.198102, 25.221615 ], [ 110.198113, 25.221643 ], [ 110.198121, 25.22165 ], [ 110.198153, 25.221654 ], [ 110.198243, 25.221631 ], [ 110.198297, 25.221616 ], [ 110.198332, 25.221604 ], [ 110.198348, 25.221602 ], [ 110.198361, 25.221601 ], [ 110.198371, 25.221601 ], [ 110.198378, 25.221601 ], [ 110.198409, 25.221615 ], [ 110.198438, 25.221642 ], [ 110.198471, 25.221689 ], [ 110.198627, 25.221624 ] ] ] } },
{ "type": "Feature", "properties": { "BSM": "450312211000363408", "DLBM": "0601", "DLMC": "工业用地", "图斑面积": 8018.55, "坐落单位": "二塘村委会", "企业名称": null, "行业代码": null, "行业名称": null, "产值": 0.0, "行政区": null, "用地性": null }, "geometry": { "type": "Polygon", "coordinates": [ [ [ 110.195099, 25.2181 ], [ 110.195088, 25.218063 ], [ 110.19491, 25.218096 ], [ 110.194896, 25.218099 ], [ 110.194867, 25.217988 ], [ 110.194877, 25.217986 ], [ 110.194933, 25.217972 ], [ 110.194922, 25.217753 ], [ 110.194855, 25.217572 ], [ 110.194733, 25.217326 ], [ 110.194641, 25.217141 ], [ 110.194598, 25.21716 ], [ 110.194376, 25.21726 ], [ 110.194247, 25.217316 ], [ 110.194134, 25.217435 ], [ 110.194065, 25.217577 ], [ 110.194086, 25.217584 ], [ 110.194087, 25.217584 ], [ 110.194141, 25.217611 ], [ 110.194142, 25.217612 ], [ 110.194143, 25.217613 ], [ 110.194176, 25.217641 ], [ 110.194176, 25.217642 ], [ 110.194203, 25.217669 ], [ 110.194229, 25.217695 ], [ 110.19423, 25.217696 ], [ 110.19423, 25.217696 ], [ 110.194253, 25.217723 ], [ 110.194294, 25.217765 ], [ 110.194294, 25.217766 ], [ 110.194296, 25.217767 ], [ 110.194316, 25.2178 ], [ 110.194341, 25.217836 ], [ 110.194385, 25.2179 ], [ 110.194392, 25.217909 ], [ 110.194396, 25.217915 ], [ 110.194401, 25.217923 ], [ 110.194405, 25.217929 ], [ 110.194445, 25.217988 ], [ 110.194478, 25.218049 ], [ 110.19453, 25.218147 ], [ 110.19456, 25.218205 ], [ 110.19457, 25.218224 ], [ 110.194582, 25.218249 ], [ 110.194612, 25.218309 ], [ 110.194676, 25.218448 ], [ 110.194681, 25.21846 ], [ 110.194692, 25.218468 ], [ 110.194736, 25.218498 ], [ 110.194785, 25.21851 ], [ 110.194787, 25.21851 ], [ 110.19479, 25.218512 ], [ 110.194792, 25.218513 ], [ 110.194795, 25.218515 ], [ 110.194796, 25.218517 ], [ 110.194824, 25.218501 ], [ 110.194866, 25.218484 ], [ 110.194905, 25.218458 ], [ 110.194939, 25.218454 ], [ 110.194959, 25.218452 ], [ 110.19509, 25.21844 ], [ 110.195148, 25.218437 ], [ 110.19514, 25.218295 ], [ 110.195164, 25.218292 ], [ 110.195145, 25.2181 ], [ 110.195099, 25.2181 ] ] ] } },
{ "type": "Feature", "properties": { "BSM": "450312211000365112", "DLBM": "0601", "DLMC": "工业用地", "图斑面积": 6094.23, "坐落单位": "花堽村委会", "企业名称": null, "行业代码": null, "行业名称": null, "产值": 0.0, "行政区": null, "用地性": null }, "geometry": { "type": "Polygon", "coordinates": [ [ [ 110.154986, 25.253162 ], [ 110.154908, 25.253132 ], [ 110.154719, 25.253153 ], [ 110.154686, 25.253155 ], [ 110.154522, 25.253167 ], [ 110.154402, 25.253173 ], [ 110.154322, 25.253178 ], [ 110.154339, 25.253288 ], [ 110.154439, 25.253888 ], [ 110.154808, 25.253839 ], [ 110.155177, 25.25379 ], [ 110.155254, 25.253782 ], [ 110.155182, 25.253435 ], [ 110.155135, 25.25328 ], [ 110.155049, 25.253191 ], [ 110.154986, 25.253162 ] ] ] } },
{ "type": "Feature", "properties": { "BSM": "450312211000365263", "DLBM": "0601", "DLMC": "工业用地", "图斑面积": 8454.73, "坐落单位": "沙塘村委会", "企业名称": null, "行业代码": null, "行业名称": null, "产值": 0.0, "行政区": null, "用地性": null }, "geometry": { "type": "Polygon", "coordinates": [ [ [ 110.208663, 25.254967 ], [ 110.208548, 25.254879 ], [ 110.20852, 25.254857 ], [ 110.208515, 25.254854 ], [ 110.208467, 25.254816 ], [ 110.208389, 25.254757 ], [ 110.208325, 25.254707 ], [ 110.208215, 25.254923 ], [ 110.207603, 25.254879 ], [ 110.207607, 25.25476 ], [ 110.207553, 25.254754 ], [ 110.20754, 25.254938 ], [ 110.207514, 25.255426 ], [ 110.207589, 25.255438 ], [ 110.207587, 25.255495 ], [ 110.207726, 25.255522 ], [ 110.207933, 25.255561 ], [ 110.207933, 25.255627 ], [ 110.208269, 25.25568 ], [ 110.208305, 25.255635 ], [ 110.208485, 25.255403 ], [ 110.208666, 25.255171 ], [ 110.208692, 25.255148 ], [ 110.208747, 25.255034 ], [ 110.20868, 25.25498 ], [ 110.208663, 25.254967 ] ] ] } },
{ "type": "Feature", "properties": { "BSM": "450312211000365427", "DLBM": "0601", "DLMC": "工业用地", "图斑面积": 198268.68, "坐落单位": "秧塘旧机场", "企业名称": "广西广大印务有限责任公司", "行业代码": "C23", "行业名称": "印刷和记录媒介复制业", "产值": 0.0, "行政区": null, "用地性": null }, "geometry": { "type": "Polygon", "coordinates": [ [ [ 110.162515, 25.22174 ], [ 110.162662, 25.221539 ], [ 110.162808, 25.221338 ], [ 110.162855, 25.221272 ], [ 110.162886, 25.221229 ], [ 110.162929, 25.221172 ], [ 110.163018, 25.221052 ], [ 110.163079, 25.220973 ], [ 110.163224, 25.220797 ], [ 110.163319, 25.220675 ], [ 110.163334, 25.220652 ], [ 110.163341, 25.220636 ], [ 110.163383, 25.220508 ], [ 110.163388, 25.220477 ], [ 110.163386, 25.220446 ], [ 110.163376, 25.220405 ], [ 110.163272, 25.220308 ], [ 110.163092, 25.220144 ], [ 110.162852, 25.219916 ], [ 110.162611, 25.219688 ], [ 110.162382, 25.219475 ], [ 110.162152, 25.219262 ], [ 110.161886, 25.219015 ], [ 110.161621, 25.218767 ], [ 110.161355, 25.21852 ], [ 110.161124, 25.218353 ], [ 110.160864, 25.218718 ], [ 110.160557, 25.21851 ], [ 110.160126, 25.218251 ], [ 110.159695, 25.217992 ], [ 110.159257, 25.217713 ], [ 110.158819, 25.217434 ], [ 110.1583, 25.21713 ], [ 110.158262, 25.217198 ], [ 110.158125, 25.217434 ], [ 110.157988, 25.21767 ], [ 110.157824, 25.217955 ], [ 110.157709, 25.218173 ], [ 110.157595, 25.218391 ], [ 110.157527, 25.218548 ], [ 110.157756, 25.218754 ], [ 110.158076, 25.218978 ], [ 110.158288, 25.219122 ], [ 110.158434, 25.219221 ], [ 110.1585, 25.219266 ], [ 110.158378, 25.219432 ], [ 110.158589, 25.219551 ], [ 110.158434, 25.219824 ], [ 110.158278, 25.220097 ], [ 110.158137, 25.220363 ], [ 110.158676, 25.220583 ], [ 110.159215, 25.220804 ], [ 110.159004, 25.221167 ], [ 110.158899, 25.221367 ], [ 110.15887, 25.221415 ], [ 110.158894, 25.22143 ], [ 110.158916, 25.221442 ], [ 110.159055, 25.221516 ], [ 110.159075, 25.22153 ], [ 110.15912, 25.22152 ], [ 110.159157, 25.221521 ], [ 110.159223, 25.221569 ], [ 110.159567, 25.221833 ], [ 110.159879, 25.222068 ], [ 110.160073, 25.222213 ], [ 110.160268, 25.222358 ], [ 110.160544, 25.222564 ], [ 110.16082, 25.222769 ], [ 110.160863, 25.222804 ], [ 110.161186, 25.223044 ], [ 110.161373, 25.223181 ], [ 110.16144, 25.223267 ], [ 110.161503, 25.22338 ], [ 110.16152, 25.22345 ], [ 110.161733, 25.223066 ], [ 110.16191, 25.222775 ], [ 110.162026, 25.222566 ], [ 110.162142, 25.222357 ], [ 110.162322, 25.222049 ], [ 110.162515, 25.22174 ] ] ] } },
{ "type": "Feature", "properties": { "BSM": "450312211000365452", "DLBM": "0601", "DLMC": "工业用地", "图斑面积": 11142.97, "坐落单位": "秧塘旧机场", "企业名称": null, "行业代码": null, "行业名称": null, "产值": 0.0, "行政区": null, "用地性": null }, "geometry": { "type": "Polygon", "coordinates": [ [ [ 110.155742, 25.21371 ], [ 110.155935, 25.213392 ], [ 110.155961, 25.213406 ], [ 110.155983, 25.213365 ], [ 110.155957, 25.213355 ], [ 110.156188, 25.212977 ], [ 110.156329, 25.212747 ], [ 110.156224, 25.212694 ], [ 110.15613, 25.212647 ], [ 110.156109, 25.212637 ], [ 110.156084, 25.212638 ], [ 110.156067, 25.212639 ], [ 110.156047, 25.212641 ], [ 110.156013, 25.21265 ], [ 110.155988, 25.212664 ], [ 110.155956, 25.212692 ], [ 110.155886, 25.21277 ], [ 110.155697, 25.212987 ], [ 110.155658, 25.213031 ], [ 110.15562, 25.213076 ], [ 110.15533, 25.21341 ], [ 110.155098, 25.213674 ], [ 110.154834, 25.213973 ], [ 110.1548, 25.214019 ], [ 110.154788, 25.214036 ], [ 110.154838, 25.214095 ], [ 110.154853, 25.214107 ], [ 110.155101, 25.214213 ], [ 110.155376, 25.214332 ], [ 110.15565, 25.21445 ], [ 110.155681, 25.214403 ], [ 110.155789, 25.214224 ], [ 110.155557, 25.214108 ], [ 110.155543, 25.214093 ], [ 110.155535, 25.214072 ], [ 110.155541, 25.214047 ], [ 110.155742, 25.21371 ] ] ] } },
{ "type": "Feature", "properties": { "BSM": "450312211000367518", "DLBM": "0601", "DLMC": "工业用地", "图斑面积": 35104.91, "坐落单位": "秧塘旧机场", "企业名称": "桂林市双好门窗有限公司", "行业代码": "C33", "行业名称": "金属制品业", "产值": 0.0, "行政区": null, "用地性": null }, "geometry": { "type": "Polygon", "coordinates": [ [ [ 110.149329, 25.209807 ], [ 110.149275, 25.209793 ], [ 110.149233, 25.209802 ], [ 110.149223, 25.209803 ], [ 110.149208, 25.209806 ], [ 110.149179, 25.20983 ], [ 110.149149, 25.209909 ], [ 110.149038, 25.210198 ], [ 110.149021, 25.210242 ], [ 110.148921, 25.210502 ], [ 110.148805, 25.210806 ], [ 110.148689, 25.21111 ], [ 110.148601, 25.211368 ], [ 110.148971, 25.211458 ], [ 110.148972, 25.211458 ], [ 110.149106, 25.211491 ], [ 110.149339, 25.21164 ], [ 110.149523, 25.211712 ], [ 110.149849, 25.211714 ], [ 110.150139, 25.211716 ], [ 110.150355, 25.211678 ], [ 110.150355, 25.211678 ], [ 110.150375, 25.211674 ], [ 110.150412, 25.211668 ], [ 110.150423, 25.211666 ], [ 110.150693, 25.211545 ], [ 110.150793, 25.211423 ], [ 110.15085, 25.21125 ], [ 110.15087, 25.211157 ], [ 110.150879, 25.211112 ], [ 110.150906, 25.210984 ], [ 110.150932, 25.210856 ], [ 110.150941, 25.210812 ], [ 110.15098, 25.210627 ], [ 110.15099, 25.21058 ], [ 110.150992, 25.210518 ], [ 110.150667, 25.210376 ], [ 110.150395, 25.210256 ], [ 110.150334, 25.210229 ], [ 110.150122, 25.210135 ], [ 110.150096, 25.210125 ], [ 110.14982, 25.210013 ], [ 110.149544, 25.209902 ], [ 110.149532, 25.209897 ], [ 110.14936, 25.209821 ], [ 110.149329, 25.209807 ] ] ] } },
{ "type": "Feature", "properties": { "BSM": "450312211000370326", "DLBM": "0601", "DLMC": "工业用地", "图斑面积": 398.66, "坐落单位": "大联村委会", "企业名称": null, "行业代码": null, "行业名称": null, "产值": 0.0, "行政区": null, "用地性": null }, "geometry": { "type": "Polygon", "coordinates": [ [ [ 110.205323, 25.06427 ], [ 110.205276, 25.064186 ], [ 110.205237, 25.064205 ], [ 110.20516, 25.064242 ], [ 110.205038, 25.064294 ], [ 110.205119, 25.06441 ], [ 110.205345, 25.064315 ], [ 110.205323, 25.06427 ] ] ] } },
{ "type": "Feature", "properties": { "BSM": "450312211000370439", "DLBM": "0601", "DLMC": "工业用地", "图斑面积": 3398.44, "坐落单位": "会仙村委会", "企业名称": null, "行业代码": null, "行业名称": null, "产值": 0.0, "行政区": null, "用地性": null }, "geometry": { "type": "Polygon", "coordinates": [ [ [ 110.215411, 25.061638 ], [ 110.215475, 25.061429 ], [ 110.215454, 25.061353 ], [ 110.215381, 25.06135 ], [ 110.21535, 25.061368 ], [ 110.215326, 25.06139 ], [ 110.215305, 25.061421 ], [ 110.215304, 25.061424 ], [ 110.215291, 25.061443 ], [ 110.215292, 25.06146 ], [ 110.215311, 25.06147 ], [ 110.215328, 25.061481 ], [ 110.215317, 25.061494 ], [ 110.215283, 25.061521 ], [ 110.215263, 25.061529 ], [ 110.21525, 25.061572 ], [ 110.215175, 25.061541 ], [ 110.215061, 25.06153 ], [ 110.215007, 25.061521 ], [ 110.214983, 25.061515 ], [ 110.214954, 25.061551 ], [ 110.214935, 25.061594 ], [ 110.214939, 25.061616 ], [ 110.214956, 25.061671 ], [ 110.21497, 25.061704 ], [ 110.214977, 25.061746 ], [ 110.214975, 25.061785 ], [ 110.214972, 25.061862 ], [ 110.214987, 25.061897 ], [ 110.21501, 25.061954 ], [ 110.215022, 25.062037 ], [ 110.215019, 25.062057 ], [ 110.215004, 25.06217 ], [ 110.214995, 25.062277 ], [ 110.214994, 25.062346 ], [ 110.214997, 25.062416 ], [ 110.214997, 25.062422 ], [ 110.214998, 25.062431 ], [ 110.214997, 25.062451 ], [ 110.214995, 25.06246 ], [ 110.214993, 25.062462 ], [ 110.214985, 25.062462 ], [ 110.214975, 25.062462 ], [ 110.214967, 25.062463 ], [ 110.214967, 25.062464 ], [ 110.214967, 25.062478 ], [ 110.214966, 25.06251 ], [ 110.21497, 25.062511 ], [ 110.214982, 25.062515 ], [ 110.215068, 25.062541 ], [ 110.215083, 25.062546 ], [ 110.215134, 25.062404 ], [ 110.215142, 25.062378 ], [ 110.215228, 25.062137 ], [ 110.215353, 25.061782 ], [ 110.215409, 25.061646 ], [ 110.215412, 25.061639 ], [ 110.215411, 25.061638 ] ] ] } },
{ "type": "Feature", "properties": { "BSM": "450312211000370624", "DLBM": "0601", "DLMC": "工业用地", "图斑面积": 649.01, "坐落单位": "新立村委会", "企业名称": null, "行业代码": null, "行业名称": null, "产值": 0.0, "行政区": null, "用地性": null }, "geometry": { "type": "Polygon", "coordinates": [ [ [ 110.256552, 25.170302 ], [ 110.256515, 25.1703 ], [ 110.256528, 25.170562 ], [ 110.256529, 25.170588 ], [ 110.256728, 25.170583 ], [ 110.256729, 25.17055 ], [ 110.256733, 25.170317 ], [ 110.256711, 25.170315 ], [ 110.256672, 25.17031 ], [ 110.256552, 25.170302 ] ] ] } },
{ "type": "Feature", "properties": { "BSM": "450312211000370720", "DLBM": "0601", "DLMC": "工业用地", "图斑面积": 507.88, "坐落单位": "新立村委会", "企业名称": null, "行业代码": null, "行业名称": null, "产值": 0.0, "行政区": null, "用地性": null }, "geometry": { "type": "Polygon", "coordinates": [ [ [ 110.26953, 25.155343 ], [ 110.269434, 25.155325 ], [ 110.269382, 25.15569 ], [ 110.269509, 25.155725 ], [ 110.269542, 25.155406 ], [ 110.26953, 25.155343 ] ] ] } },
{ "type": "Feature", "properties": { "BSM": "450312211000370907", "DLBM": "0601", "DLMC": "工业用地", "图斑面积": 113931.72, "坐落单位": "新民村委会", "企业名称": null, "行业代码": null, "行业名称": null, "产值": 0.0, "行政区": null, "用地性": null }, "geometry": { "type": "Polygon", "coordinates": [ [ [ 110.255737, 25.095081 ], [ 110.255733, 25.095079 ], [ 110.255726, 25.095081 ], [ 110.255679, 25.095112 ], [ 110.255508, 25.09522 ], [ 110.255465, 25.095248 ], [ 110.255203, 25.095413 ], [ 110.254942, 25.095578 ], [ 110.254802, 25.095662 ], [ 110.254596, 25.095787 ], [ 110.254527, 25.095826 ], [ 110.254284, 25.095967 ], [ 110.254276, 25.095971 ], [ 110.254396, 25.096285 ], [ 110.254515, 25.096599 ], [ 110.254635, 25.096914 ], [ 110.254678, 25.097015 ], [ 110.254293, 25.097132 ], [ 110.254424, 25.097522 ], [ 110.254555, 25.097912 ], [ 110.254261, 25.098005 ], [ 110.253966, 25.098098 ], [ 110.253752, 25.098165 ], [ 110.253786, 25.098251 ], [ 110.253883, 25.098497 ], [ 110.25398, 25.098743 ], [ 110.253986, 25.098759 ], [ 110.254096, 25.099057 ], [ 110.254179, 25.099285 ], [ 110.254263, 25.099513 ], [ 110.254414, 25.099907 ], [ 110.254457, 25.099949 ], [ 110.254529, 25.099992 ], [ 110.254583, 25.100003 ], [ 110.255008, 25.099878 ], [ 110.255285, 25.099792 ], [ 110.255563, 25.099706 ], [ 110.256013, 25.099573 ], [ 110.256275, 25.09949 ], [ 110.256538, 25.099408 ], [ 110.25679, 25.099327 ], [ 110.257043, 25.099246 ], [ 110.25748, 25.099112 ], [ 110.257432, 25.098976 ], [ 110.257355, 25.09876 ], [ 110.257278, 25.098544 ], [ 110.257135, 25.098136 ], [ 110.257023, 25.097867 ], [ 110.257003, 25.097831 ], [ 110.256984, 25.097806 ], [ 110.256937, 25.097763 ], [ 110.256901, 25.097739 ], [ 110.256869, 25.097724 ], [ 110.256841, 25.097708 ], [ 110.256819, 25.097699 ], [ 110.25679, 25.097694 ], [ 110.256765, 25.097684 ], [ 110.256753, 25.097677 ], [ 110.256721, 25.097636 ], [ 110.256652, 25.097495 ], [ 110.256559, 25.097271 ], [ 110.256466, 25.097047 ], [ 110.256341, 25.096674 ], [ 110.256254, 25.096443 ], [ 110.256167, 25.096211 ], [ 110.256066, 25.095946 ], [ 110.255965, 25.095681 ], [ 110.255871, 25.09543 ], [ 110.255777, 25.095179 ], [ 110.255741, 25.095084 ], [ 110.255737, 25.095081 ] ] ] } },
{ "type": "Feature", "properties": { "BSM": "450312211000370989", "DLBM": "0601", "DLMC": "工业用地", "图斑面积": 381.57, "坐落单位": "睦洞村委会", "企业名称": null, "行业代码": null, "行业名称": null, "产值": 0.0, "行政区": null, "用地性": null }, "geometry": { "type": "Polygon", "coordinates": [ [ [ 110.18834, 25.092294 ], [ 110.188324, 25.092163 ], [ 110.188301, 25.092165 ], [ 110.188194, 25.092173 ], [ 110.188117, 25.092181 ], [ 110.188152, 25.092326 ], [ 110.188263, 25.092364 ], [ 110.188313, 25.092339 ], [ 110.18834, 25.092294 ] ] ] } },
{ "type": "Feature", "properties": { "BSM": "450312211000371219", "DLBM": "0601", "DLMC": "工业用地", "图斑面积": 754.67, "坐落单位": "燕山村委会", "企业名称": null, "行业代码": null, "行业名称": null, "产值": 0.0, "行政区": null, "用地性": null }, "geometry": { "type": "Polygon", "coordinates": [ [ [ 110.179143, 25.072622 ], [ 110.179041, 25.07251 ], [ 110.179035, 25.072514 ], [ 110.178932, 25.072535 ], [ 110.178801, 25.072571 ], [ 110.17878, 25.072635 ], [ 110.178839, 25.07272 ], [ 110.178893, 25.072784 ], [ 110.178924, 25.072805 ], [ 110.178938, 25.072802 ], [ 110.17897, 25.072792 ], [ 110.179001, 25.072785 ], [ 110.179023, 25.072762 ], [ 110.179132, 25.072651 ], [ 110.179143, 25.072622 ] ] ] } },
{ "type": "Feature", "properties": { "BSM": "450312211000373960", "DLBM": "0601", "DLMC": "工业用地", "图斑面积": 1732.97, "坐落单位": "羊田村委会", "企业名称": null, "行业代码": null, "行业名称": null, "产值": 0.0, "行政区": null, "用地性": null }, "geometry": { "type": "Polygon", "coordinates": [ [ [ 110.285725, 25.016338 ], [ 110.285725, 25.016338 ], [ 110.285724, 25.016338 ], [ 110.285301, 25.016386 ], [ 110.285207, 25.016396 ], [ 110.285166, 25.016399 ], [ 110.285215, 25.01653 ], [ 110.285269, 25.016707 ], [ 110.285321, 25.016752 ], [ 110.285574, 25.016733 ], [ 110.285589, 25.016684 ], [ 110.285626, 25.016578 ], [ 110.28569, 25.016427 ], [ 110.285725, 25.016338 ] ] ] } },
{ "type": "Feature", "properties": { "BSM": "450312211000373969", "DLBM": "0601", "DLMC": "工业用地", "图斑面积": 803.37, "坐落单位": "羊田村委会", "企业名称": null, "行业代码": null, "行业名称": null, "产值": 0.0, "行政区": null, "用地性": null }, "geometry": { "type": "Polygon", "coordinates": [ [ [ 110.289172, 25.030648 ], [ 110.28912, 25.030558 ], [ 110.289076, 25.030572 ], [ 110.288948, 25.030612 ], [ 110.288849, 25.030641 ], [ 110.288805, 25.030654 ], [ 110.288735, 25.030675 ], [ 110.288911, 25.030872 ], [ 110.288952, 25.030931 ], [ 110.288973, 25.030913 ], [ 110.289038, 25.030857 ], [ 110.288996, 25.030809 ], [ 110.289065, 25.030719 ], [ 110.289172, 25.030648 ] ] ] } },
{ "type": "Feature", "properties": { "BSM": "450312211000375560", "DLBM": "0601", "DLMC": "工业用地", "图斑面积": 136.1, "坐落单位": "诚正村委会", "企业名称": null, "行业代码": null, "行业名称": null, "产值": 0.0, "行政区": null, "用地性": null }, "geometry": { "type": "Polygon", "coordinates": [ [ [ 110.324884, 25.000156 ], [ 110.324775, 25.000119 ], [ 110.324743, 25.000235 ], [ 110.324838, 25.000256 ], [ 110.324884, 25.000156 ] ] ] } },
{ "type": "Feature", "properties": { "BSM": "450312211000375586", "DLBM": "0601", "DLMC": "工业用地", "图斑面积": 18133.38, "坐落单位": "诚正村委会", "企业名称": null, "行业代码": null, "行业名称": null, "产值": 0.0, "行政区": null, "用地性": null }, "geometry": { "type": "Polygon", "coordinates": [ [ [ 110.325565, 25.002629 ], [ 110.325623, 25.002496 ], [ 110.325197, 25.002291 ], [ 110.324771, 25.002086 ], [ 110.3247, 25.002212 ], [ 110.324307, 25.002043 ], [ 110.32425, 25.002152 ], [ 110.324028, 25.002065 ], [ 110.323929, 25.002046 ], [ 110.32383, 25.002064 ], [ 110.323786, 25.002091 ], [ 110.323761, 25.002136 ], [ 110.32374, 25.00219 ], [ 110.32372, 25.002226 ], [ 110.323691, 25.002252 ], [ 110.323702, 25.002269 ], [ 110.323704, 25.002298 ], [ 110.3237, 25.002332 ], [ 110.323672, 25.002375 ], [ 110.323645, 25.002414 ], [ 110.323544, 25.002415 ], [ 110.323477, 25.002413 ], [ 110.323382, 25.002447 ], [ 110.323248, 25.002471 ], [ 110.323237, 25.002529 ], [ 110.323429, 25.002594 ], [ 110.323583, 25.002679 ], [ 110.32343, 25.002946 ], [ 110.323437, 25.002954 ], [ 110.323508, 25.002976 ], [ 110.323733, 25.00306 ], [ 110.323831, 25.002892 ], [ 110.323967, 25.002662 ], [ 110.324003, 25.0026 ], [ 110.324385, 25.002765 ], [ 110.324766, 25.00293 ], [ 110.325148, 25.003095 ], [ 110.32553, 25.003259 ], [ 110.325689, 25.003013 ], [ 110.325847, 25.002766 ], [ 110.325565, 25.002629 ] ] ] } },
{ "type": "Feature", "properties": { "BSM": "450312211000375601", "DLBM": "0601", "DLMC": "工业用地", "图斑面积": 738.28, "坐落单位": "诚正村委会", "企业名称": null, "行业代码": null, "行业名称": null, "产值": 0.0, "行政区": null, "用地性": null }, "geometry": { "type": "Polygon", "coordinates": [ [ [ 110.325238, 24.995202 ], [ 110.32519, 24.995178 ], [ 110.325126, 24.995222 ], [ 110.325055, 24.995373 ], [ 110.325057, 24.995374 ], [ 110.3251, 24.995409 ], [ 110.325199, 24.995486 ], [ 110.32525, 24.995533 ], [ 110.32537, 24.995324 ], [ 110.325384, 24.995295 ], [ 110.325384, 24.995276 ], [ 110.325354, 24.995258 ], [ 110.325238, 24.995202 ] ] ] } },
{ "type": "Feature", "properties": { "BSM": "450312211000375637", "DLBM": "0601", "DLMC": "工业用地", "图斑面积": 1004.95, "坐落单位": "诚正村委会", "企业名称": null, "行业代码": null, "行业名称": null, "产值": 0.0, "行政区": null, "用地性": null }, "geometry": { "type": "Polygon", "coordinates": [ [ [ 110.325943, 25.006315 ], [ 110.325965, 25.006095 ], [ 110.325897, 25.006099 ], [ 110.325844, 25.006102 ], [ 110.325582, 25.006105 ], [ 110.325572, 25.006332 ], [ 110.325582, 25.00634 ], [ 110.325654, 25.006341 ], [ 110.325824, 25.006344 ], [ 110.32587, 25.006345 ], [ 110.325909, 25.006338 ], [ 110.325939, 25.006332 ], [ 110.325943, 25.006315 ] ] ] } },
{ "type": "Feature", "properties": { "BSM": "450312211000376069", "DLBM": "0601", "DLMC": "工业用地", "图斑面积": 2568.14, "坐落单位": "六塘村委会", "企业名称": null, "行业代码": null, "行业名称": null, "产值": 0.0, "行政区": null, "用地性": null }, "geometry": { "type": "Polygon", "coordinates": [ [ [ 110.286288, 24.993755 ], [ 110.286071, 24.993726 ], [ 110.286138, 24.993848 ], [ 110.286143, 24.993861 ], [ 110.286164, 24.993918 ], [ 110.286188, 24.99398 ], [ 110.28619, 24.993985 ], [ 110.286205, 24.994027 ], [ 110.286211, 24.99404 ], [ 110.286212, 24.994044 ], [ 110.286214, 24.994048 ], [ 110.286217, 24.994054 ], [ 110.28622, 24.994062 ], [ 110.286222, 24.994066 ], [ 110.286225, 24.994069 ], [ 110.286228, 24.994071 ], [ 110.286231, 24.994073 ], [ 110.286235, 24.994074 ], [ 110.286276, 24.994087 ], [ 110.286328, 24.994151 ], [ 110.286453, 24.99424 ], [ 110.286585, 24.994288 ], [ 110.286639, 24.994266 ], [ 110.286728, 24.994228 ], [ 110.286826, 24.994126 ], [ 110.286846, 24.993979 ], [ 110.286749, 24.993956 ], [ 110.286737, 24.993952 ], [ 110.286643, 24.993928 ], [ 110.286594, 24.993907 ], [ 110.286566, 24.993892 ], [ 110.286566, 24.993892 ], [ 110.286432, 24.993823 ], [ 110.286372, 24.99379 ], [ 110.286343, 24.993774 ], [ 110.286288, 24.993755 ] ] ] } },
{ "type": "Feature", "properties": { "BSM": "450312211000376105", "DLBM": "0601", "DLMC": "工业用地", "图斑面积": 1644.79, "坐落单位": "六塘村委会", "企业名称": null, "行业代码": null, "行业名称": null, "产值": 0.0, "行政区": null, "用地性": null }, "geometry": { "type": "Polygon", "coordinates": [ [ [ 110.287905, 25.005371 ], [ 110.288126, 25.005327 ], [ 110.288148, 25.005323 ], [ 110.288129, 25.005223 ], [ 110.288137, 25.005165 ], [ 110.288152, 25.005135 ], [ 110.288364, 25.00512 ], [ 110.288366, 25.005076 ], [ 110.288366, 25.00506 ], [ 110.288368, 25.005026 ], [ 110.288371, 25.004995 ], [ 110.28837, 25.004971 ], [ 110.288319, 25.004974 ], [ 110.287956, 25.004961 ], [ 110.28795, 25.004912 ], [ 110.287922, 25.004919 ], [ 110.287901, 25.004923 ], [ 110.287894, 25.004925 ], [ 110.287876, 25.00501 ], [ 110.287874, 25.005059 ], [ 110.287869, 25.005155 ], [ 110.287861, 25.005156 ], [ 110.287849, 25.005156 ], [ 110.287849, 25.005156 ], [ 110.287836, 25.005156 ], [ 110.287795, 25.005155 ], [ 110.287795, 25.005157 ], [ 110.287792, 25.005207 ], [ 110.287833, 25.005208 ], [ 110.287846, 25.005209 ], [ 110.287843, 25.005322 ], [ 110.287843, 25.005327 ], [ 110.287906, 25.005327 ], [ 110.287907, 25.005342 ], [ 110.287906, 25.005348 ], [ 110.287905, 25.005371 ] ] ] } },
{ "type": "Feature", "properties": { "BSM": "450312211000376106", "DLBM": "0601", "DLMC": "工业用地", "图斑面积": 492.32, "坐落单位": "六塘村委会", "企业名称": null, "行业代码": null, "行业名称": null, "产值": 0.0, "行政区": null, "用地性": null }, "geometry": { "type": "Polygon", "coordinates": [ [ [ 110.288511, 25.005141 ], [ 110.288509, 25.005129 ], [ 110.288492, 25.005133 ], [ 110.288362, 25.005159 ], [ 110.28837, 25.005241 ], [ 110.288387, 25.005358 ], [ 110.288401, 25.005416 ], [ 110.288402, 25.005416 ], [ 110.288403, 25.005415 ], [ 110.288404, 25.005415 ], [ 110.288405, 25.005415 ], [ 110.288406, 25.005415 ], [ 110.288407, 25.005414 ], [ 110.288408, 25.005414 ], [ 110.288409, 25.005414 ], [ 110.28841, 25.005414 ], [ 110.288411, 25.005414 ], [ 110.288412, 25.005413 ], [ 110.288413, 25.005413 ], [ 110.288414, 25.005413 ], [ 110.288415, 25.005413 ], [ 110.288416, 25.005412 ], [ 110.288417, 25.005412 ], [ 110.288418, 25.005412 ], [ 110.288419, 25.005412 ], [ 110.28842, 25.005411 ], [ 110.288421, 25.005411 ], [ 110.288422, 25.005411 ], [ 110.288423, 25.005411 ], [ 110.288424, 25.005411 ], [ 110.288425, 25.00541 ], [ 110.288426, 25.00541 ], [ 110.288427, 25.00541 ], [ 110.288578, 25.005375 ], [ 110.288573, 25.005361 ], [ 110.288557, 25.005294 ], [ 110.288551, 25.00527 ], [ 110.288548, 25.00526 ], [ 110.288542, 25.005237 ], [ 110.288525, 25.005167 ], [ 110.288523, 25.005159 ], [ 110.288511, 25.005141 ] ] ] } },
{ "type": "Feature", "properties": { "BSM": "450312211000376428", "DLBM": "0601", "DLMC": "工业用地", "图斑面积": 15301.22, "坐落单位": "朗联村委会", "企业名称": null, "行业代码": null, "行业名称": null, "产值": 0.0, "行政区": null, "用地性": null }, "geometry": { "type": "Polygon", "coordinates": [ [ [ 110.27444, 24.954307 ], [ 110.274826, 24.954271 ], [ 110.274826, 24.954296 ], [ 110.274826, 24.954373 ], [ 110.275278, 24.954339 ], [ 110.275494, 24.954323 ], [ 110.27573, 24.954306 ], [ 110.27572, 24.954056 ], [ 110.275712, 24.953835 ], [ 110.275702, 24.953798 ], [ 110.275455, 24.953808 ], [ 110.275247, 24.953812 ], [ 110.275093, 24.953805 ], [ 110.275011, 24.953798 ], [ 110.274635, 24.95378 ], [ 110.274128, 24.953822 ], [ 110.273755, 24.953876 ], [ 110.273587, 24.95389 ], [ 110.273538, 24.953871 ], [ 110.27354, 24.953819 ], [ 110.273552, 24.953804 ], [ 110.273687, 24.95378 ], [ 110.273684, 24.953729 ], [ 110.273543, 24.953746 ], [ 110.273291, 24.953777 ], [ 110.273143, 24.953785 ], [ 110.273153, 24.953859 ], [ 110.273177, 24.954136 ], [ 110.273201, 24.954414 ], [ 110.273627, 24.954379 ], [ 110.274054, 24.954343 ], [ 110.27444, 24.954307 ] ] ] } },
{ "type": "Feature", "properties": { "BSM": "450312211000376966", "DLBM": "0601", "DLMC": "工业用地", "图斑面积": 517.81, "坐落单位": "玉联村委会", "企业名称": null, "行业代码": null, "行业名称": null, "产值": 0.0, "行政区": null, "用地性": null }, "geometry": { "type": "Polygon", "coordinates": [ [ [ 110.287081, 24.933171 ], [ 110.287119, 24.933172 ], [ 110.287149, 24.933176 ], [ 110.287157, 24.933138 ], [ 110.287153, 24.933101 ], [ 110.287139, 24.933026 ], [ 110.287118, 24.932906 ], [ 110.287092, 24.932916 ], [ 110.286999, 24.932954 ], [ 110.286935, 24.932976 ], [ 110.28695, 24.933073 ], [ 110.286952, 24.933086 ], [ 110.286971, 24.933197 ], [ 110.287004, 24.933188 ], [ 110.287038, 24.93318 ], [ 110.287081, 24.933171 ] ] ] } },
{ "type": "Feature", "properties": { "BSM": "450312211000378019", "DLBM": "0601", "DLMC": "工业用地", "图斑面积": 33222.82, "坐落单位": "新民村委会", "企业名称": null, "行业代码": null, "行业名称": null, "产值": 0.0, "行政区": null, "用地性": null }, "geometry": { "type": "Polygon", "coordinates": [ [ [ 110.263841, 25.096081 ], [ 110.264023, 25.095937 ], [ 110.264024, 25.095939 ], [ 110.264024, 25.095938 ], [ 110.263996, 25.095895 ], [ 110.263787, 25.09566 ], [ 110.263579, 25.095425 ], [ 110.263441, 25.095248 ], [ 110.263396, 25.095178 ], [ 110.263396, 25.095178 ], [ 110.263388, 25.095182 ], [ 110.263341, 25.095156 ], [ 110.263189, 25.095 ], [ 110.263012, 25.09482 ], [ 110.263007, 25.094815 ], [ 110.26283, 25.094597 ], [ 110.262744, 25.094474 ], [ 110.262674, 25.094374 ], [ 110.262549, 25.094197 ], [ 110.262493, 25.094092 ], [ 110.261889, 25.094273 ], [ 110.261986, 25.094528 ], [ 110.262116, 25.094894 ], [ 110.262239, 25.095254 ], [ 110.262331, 25.095538 ], [ 110.262399, 25.095739 ], [ 110.26253, 25.096059 ], [ 110.26264, 25.096351 ], [ 110.262727, 25.096613 ], [ 110.262814, 25.096876 ], [ 110.262903, 25.097171 ], [ 110.262915, 25.097206 ], [ 110.263048, 25.09755 ], [ 110.263065, 25.097592 ], [ 110.263086, 25.097591 ], [ 110.263099, 25.09757 ], [ 110.263192, 25.097214 ], [ 110.263333, 25.096829 ], [ 110.263462, 25.096557 ], [ 110.263552, 25.096377 ], [ 110.263619, 25.096275 ], [ 110.263841, 25.096081 ] ] ] } },
{ "type": "Feature", "properties": { "BSM": "450312211000378038", "DLBM": "0601", "DLMC": "工业用地", "图斑面积": 232.55, "坐落单位": "新立村委会", "企业名称": null, "行业代码": null, "行业名称": null, "产值": 0.0, "行政区": null, "用地性": null }, "geometry": { "type": "Polygon", "coordinates": [ [ [ 110.269757, 25.155364 ], [ 110.269748, 25.155272 ], [ 110.269676, 25.15528 ], [ 110.269601, 25.155312 ], [ 110.26961, 25.15537 ], [ 110.269609, 25.155419 ], [ 110.269759, 25.155433 ], [ 110.269757, 25.155364 ] ] ] } },
{ "type": "Feature", "properties": { "BSM": "450312211000378147", "DLBM": "0601", "DLMC": "工业用地", "图斑面积": 2198.23, "坐落单位": "高妙村委会", "企业名称": null, "行业代码": null, "行业名称": null, "产值": 0.0, "行政区": null, "用地性": null }, "geometry": { "type": "Polygon", "coordinates": [ [ [ 110.052736, 25.201809 ], [ 110.052736, 25.201656 ], [ 110.052629, 25.201643 ], [ 110.052595, 25.20168 ], [ 110.052582, 25.201691 ], [ 110.052556, 25.201714 ], [ 110.052533, 25.201732 ], [ 110.052522, 25.201746 ], [ 110.052466, 25.201723 ], [ 110.052443, 25.201724 ], [ 110.052405, 25.201745 ], [ 110.052363, 25.201757 ], [ 110.0523, 25.201761 ], [ 110.052273, 25.201781 ], [ 110.052221, 25.201845 ], [ 110.052185, 25.201893 ], [ 110.052142, 25.201921 ], [ 110.052074, 25.201975 ], [ 110.052033, 25.202022 ], [ 110.052058, 25.202032 ], [ 110.052168, 25.202103 ], [ 110.052291, 25.202212 ], [ 110.05234, 25.202231 ], [ 110.052604, 25.202035 ], [ 110.052533, 25.201955 ], [ 110.052582, 25.201847 ], [ 110.052627, 25.201825 ], [ 110.052736, 25.201809 ] ] ] } },
{ "type": "Feature", "properties": { "BSM": "450312211000380316", "DLBM": "0601", "DLMC": "工业用地", "图斑面积": 247.04, "坐落单位": "江洲村委会", "企业名称": null, "行业代码": null, "行业名称": null, "产值": 0.0, "行政区": null, "用地性": null }, "geometry": { "type": "Polygon", "coordinates": [ [ [ 109.946358, 25.300087 ], [ 109.946251, 25.300074 ], [ 109.946197, 25.30009 ], [ 109.946187, 25.300144 ], [ 109.946188, 25.300198 ], [ 109.946199, 25.300222 ], [ 109.946321, 25.300237 ], [ 109.946334, 25.30018 ], [ 109.946334, 25.30018 ], [ 109.946355, 25.300096 ], [ 109.946358, 25.300087 ] ] ] } },
{ "type": "Feature", "properties": { "BSM": "450312211000382854", "DLBM": "0601", "DLMC": "工业用地", "图斑面积": 569.41, "坐落单位": "保宁村委会", "企业名称": null, "行业代码": null, "行业名称": null, "产值": 0.0, "行政区": null, "用地性": null }, "geometry": { "type": "Polygon", "coordinates": [ [ [ 110.030089, 25.339571 ], [ 110.029776, 25.339479 ], [ 110.029654, 25.339586 ], [ 110.029666, 25.339589 ], [ 110.029949, 25.339665 ], [ 110.03009, 25.339702 ], [ 110.030089, 25.339571 ] ] ] } },
{ "type": "Feature", "properties": { "BSM": "450312211000387727", "DLBM": "0601", "DLMC": "工业用地", "图斑面积": 39905.38, "坐落单位": "宛田村委会", "企业名称": null, "行业代码": null, "行业名称": null, "产值": 0.0, "行政区": null, "用地性": null }, "geometry": { "type": "Polygon", "coordinates": [ [ [ 110.059789, 25.547115 ], [ 110.059898, 25.547108 ], [ 110.059986, 25.547111 ], [ 110.060111, 25.547111 ], [ 110.060153, 25.547106 ], [ 110.060232, 25.547093 ], [ 110.060298, 25.547098 ], [ 110.060366, 25.547097 ], [ 110.060425, 25.547086 ], [ 110.060428, 25.547066 ], [ 110.060409, 25.547 ], [ 110.060381, 25.546919 ], [ 110.060382, 25.546898 ], [ 110.060394, 25.546841 ], [ 110.060403, 25.546791 ], [ 110.060438, 25.546673 ], [ 110.060454, 25.5466 ], [ 110.060475, 25.546459 ], [ 110.060489, 25.546427 ], [ 110.060514, 25.546392 ], [ 110.060523, 25.546382 ], [ 110.060551, 25.546364 ], [ 110.060566, 25.546354 ], [ 110.060609, 25.546342 ], [ 110.060623, 25.546321 ], [ 110.060684, 25.546069 ], [ 110.06072, 25.545954 ], [ 110.060779, 25.545784 ], [ 110.06079, 25.545771 ], [ 110.060797, 25.545761 ], [ 110.060835, 25.545741 ], [ 110.061039, 25.545628 ], [ 110.061375, 25.545718 ], [ 110.061378, 25.545719 ], [ 110.061397, 25.545669 ], [ 110.061468, 25.545481 ], [ 110.061463, 25.54548 ], [ 110.061053, 25.545364 ], [ 110.061048, 25.545362 ], [ 110.060992, 25.545509 ], [ 110.06095, 25.545561 ], [ 110.06088, 25.545624 ], [ 110.060864, 25.545631 ], [ 110.06085, 25.545626 ], [ 110.060846, 25.545624 ], [ 110.060811, 25.545591 ], [ 110.060759, 25.545571 ], [ 110.060657, 25.545542 ], [ 110.060461, 25.545485 ], [ 110.060316, 25.545443 ], [ 110.060304, 25.545443 ], [ 110.060298, 25.545455 ], [ 110.06028, 25.545486 ], [ 110.060266, 25.545489 ], [ 110.060201, 25.545477 ], [ 110.059967, 25.545413 ], [ 110.059762, 25.545357 ], [ 110.059575, 25.545371 ], [ 110.059463, 25.545379 ], [ 110.05899, 25.545393 ], [ 110.05894, 25.545378 ], [ 110.058935, 25.545373 ], [ 110.058918, 25.545354 ], [ 110.058912, 25.545233 ], [ 110.058911, 25.545174 ], [ 110.058906, 25.545165 ], [ 110.058835, 25.545162 ], [ 110.058798, 25.545144 ], [ 110.058691, 25.545042 ], [ 110.058649, 25.545023 ], [ 110.058524, 25.544955 ], [ 110.058417, 25.544891 ], [ 110.058364, 25.544865 ], [ 110.05835, 25.544861 ], [ 110.058325, 25.544862 ], [ 110.058201, 25.544902 ], [ 110.058145, 25.544936 ], [ 110.058155, 25.544942 ], [ 110.058224, 25.544993 ], [ 110.058288, 25.545049 ], [ 110.058417, 25.545198 ], [ 110.058533, 25.545417 ], [ 110.058592, 25.545836 ], [ 110.058629, 25.546111 ], [ 110.058733, 25.546606 ], [ 110.058796, 25.54708 ], [ 110.058876, 25.547051 ], [ 110.058877, 25.547047 ], [ 110.058888, 25.547047 ], [ 110.059068, 25.547048 ], [ 110.059134, 25.547059 ], [ 110.059253, 25.547091 ], [ 110.05938, 25.547117 ], [ 110.059424, 25.547121 ], [ 110.059489, 25.547128 ], [ 110.059725, 25.547118 ], [ 110.059789, 25.547115 ] ] ] } },
{ "type": "Feature", "properties": { "BSM": "450312211000387753", "DLBM": "0601", "DLMC": "工业用地", "图斑面积": 8584.87, "坐落单位": "宛田村委会", "企业名称": null, "行业代码": null, "行业名称": null, "产值": 0.0, "行政区": null, "用地性": null }, "geometry": { "type": "Polygon", "coordinates": [ [ [ 110.069831, 25.545445 ], [ 110.070024, 25.545435 ], [ 110.070187, 25.545449 ], [ 110.070277, 25.54545 ], [ 110.070424, 25.545425 ], [ 110.070472, 25.545402 ], [ 110.070555, 25.545363 ], [ 110.070556, 25.545346 ], [ 110.070565, 25.545164 ], [ 110.07038, 25.54502 ], [ 110.070257, 25.544954 ], [ 110.069969, 25.544937 ], [ 110.069961, 25.544834 ], [ 110.070198, 25.544829 ], [ 110.070223, 25.544455 ], [ 110.069971, 25.54444 ], [ 110.069602, 25.54443 ], [ 110.069577, 25.544434 ], [ 110.069561, 25.544449 ], [ 110.069546, 25.544471 ], [ 110.069531, 25.544508 ], [ 110.069516, 25.544547 ], [ 110.069508, 25.544573 ], [ 110.069505, 25.544594 ], [ 110.069532, 25.544796 ], [ 110.069548, 25.544914 ], [ 110.069577, 25.545105 ], [ 110.069585, 25.545152 ], [ 110.069602, 25.545254 ], [ 110.069602, 25.545254 ], [ 110.069613, 25.545324 ], [ 110.0696, 25.545425 ], [ 110.069589, 25.54544 ], [ 110.069554, 25.545452 ], [ 110.069485, 25.545467 ], [ 110.069464, 25.545475 ], [ 110.069462, 25.545483 ], [ 110.069459, 25.5455 ], [ 110.06949, 25.545498 ], [ 110.069638, 25.545476 ], [ 110.069831, 25.545445 ] ] ] } },
{ "type": "Feature", "properties": { "BSM": "450312211000387754", "DLBM": "0601", "DLMC": "工业用地", "图斑面积": 2164.27, "坐落单位": "宛田村委会", "企业名称": null, "行业代码": null, "行业名称": null, "产值": 0.0, "行政区": null, "用地性": null }, "geometry": { "type": "Polygon", "coordinates": [ [ [ 110.069828, 25.538729 ], [ 110.06966, 25.538691 ], [ 110.06962, 25.538715 ], [ 110.06956, 25.538789 ], [ 110.06954, 25.538914 ], [ 110.06955, 25.538956 ], [ 110.069579, 25.538995 ], [ 110.069583, 25.539045 ], [ 110.069592, 25.539111 ], [ 110.070081, 25.539149 ], [ 110.070071, 25.539052 ], [ 110.070061, 25.538983 ], [ 110.070054, 25.538937 ], [ 110.070048, 25.538899 ], [ 110.070031, 25.538784 ], [ 110.070028, 25.538771 ], [ 110.069828, 25.538729 ] ] ] } },
{ "type": "Feature", "properties": { "BSM": "450312211000390282", "DLBM": "0601", "DLMC": "工业用地", "图斑面积": 802.05, "坐落单位": "凤凰林场", "企业名称": null, "行业代码": null, "行业名称": null, "产值": 0.0, "行政区": null, "用地性": null }, "geometry": { "type": "Polygon", "coordinates": [ [ [ 110.108745, 25.349228 ], [ 110.108651, 25.34922 ], [ 110.108647, 25.349245 ], [ 110.108624, 25.349377 ], [ 110.108562, 25.349498 ], [ 110.108531, 25.349552 ], [ 110.108574, 25.349602 ], [ 110.108584, 25.349639 ], [ 110.108766, 25.349654 ], [ 110.108779, 25.349451 ], [ 110.108773, 25.349401 ], [ 110.108745, 25.349228 ] ] ] } },
{ "type": "Feature", "properties": { "BSM": "450312211000393454", "DLBM": "0601", "DLMC": "工业用地", "图斑面积": 34377.84, "坐落单位": "宝山村委会", "企业名称": null, "行业代码": null, "行业名称": null, "产值": 0.0, "行政区": null, "用地性": null }, "geometry": { "type": "Polygon", "coordinates": [ [ [ 110.018811, 25.171482 ], [ 110.018815, 25.171359 ], [ 110.018442, 25.171362 ], [ 110.01846, 25.171246 ], [ 110.018462, 25.171233 ], [ 110.018655, 25.171076 ], [ 110.01875, 25.170963 ], [ 110.018842, 25.170819 ], [ 110.018964, 25.170555 ], [ 110.01907, 25.170264 ], [ 110.01911, 25.170266 ], [ 110.019163, 25.17027 ], [ 110.019152, 25.170211 ], [ 110.019237, 25.169975 ], [ 110.019287, 25.169899 ], [ 110.019367, 25.169843 ], [ 110.019484, 25.16967 ], [ 110.01953, 25.169589 ], [ 110.019591, 25.169504 ], [ 110.019702, 25.169381 ], [ 110.019635, 25.169391 ], [ 110.019631, 25.169392 ], [ 110.019663, 25.169317 ], [ 110.019713, 25.169204 ], [ 110.01971, 25.169186 ], [ 110.019687, 25.169163 ], [ 110.01969, 25.169131 ], [ 110.019737, 25.169081 ], [ 110.019766, 25.169045 ], [ 110.019597, 25.168946 ], [ 110.019601, 25.168939 ], [ 110.019557, 25.168915 ], [ 110.019458, 25.168862 ], [ 110.019249, 25.168727 ], [ 110.018866, 25.168672 ], [ 110.018685, 25.16865 ], [ 110.018515, 25.168628 ], [ 110.017914, 25.168616 ], [ 110.017925, 25.168712 ], [ 110.017929, 25.16874 ], [ 110.017932, 25.168768 ], [ 110.017962, 25.169004 ], [ 110.017991, 25.16924 ], [ 110.017994, 25.169261 ], [ 110.018038, 25.169579 ], [ 110.01806, 25.169739 ], [ 110.018086, 25.169945 ], [ 110.018099, 25.170055 ], [ 110.018105, 25.170102 ], [ 110.018108, 25.17012 ], [ 110.01814, 25.170392 ], [ 110.018179, 25.170684 ], [ 110.018206, 25.170868 ], [ 110.018243, 25.171225 ], [ 110.018264, 25.171426 ], [ 110.018272, 25.171532 ], [ 110.018541, 25.171532 ], [ 110.01881, 25.171533 ], [ 110.018811, 25.171482 ] ] ] } },
{ "type": "Feature", "properties": { "BSM": "450312211000393956", "DLBM": "0601", "DLMC": "工业用地", "图斑面积": 836.38, "坐落单位": "板屋村委会", "企业名称": null, "行业代码": null, "行业名称": null, "产值": 0.0, "行政区": null, "用地性": null }, "geometry": { "type": "Polygon", "coordinates": [ [ [ 110.13583, 25.37664 ], [ 110.135702, 25.376335 ], [ 110.135487, 25.376409 ], [ 110.135615, 25.376714 ], [ 110.135667, 25.376696 ], [ 110.13583, 25.37664 ] ] ] } },
{ "type": "Feature", "properties": { "BSM": "450312211000394966", "DLBM": "0601", "DLMC": "工业用地", "图斑面积": 54589.25, "坐落单位": "秧塘旧机场", "企业名称": "桂林三养胶麦生态食疗产业有限公司", "行业代码": "C14", "行业名称": "食品制造业", "产值": 0.0, "行政区": null, "用地性": null }, "geometry": { "type": "Polygon", "coordinates": [ [ [ 110.160608, 25.215003 ], [ 110.160604, 25.215001 ], [ 110.160508, 25.215142 ], [ 110.16027, 25.215472 ], [ 110.160005, 25.215853 ], [ 110.159739, 25.216234 ], [ 110.159705, 25.216285 ], [ 110.159454, 25.216679 ], [ 110.159645, 25.216795 ], [ 110.159985, 25.217002 ], [ 110.160201, 25.217132 ], [ 110.160317, 25.217196 ], [ 110.160632, 25.217388 ], [ 110.161031, 25.21763 ], [ 110.161331, 25.217809 ], [ 110.161401, 25.21785 ], [ 110.16141, 25.217856 ], [ 110.161431, 25.217852 ], [ 110.161443, 25.217846 ], [ 110.161464, 25.217831 ], [ 110.161472, 25.217821 ], [ 110.161506, 25.217776 ], [ 110.161591, 25.21767 ], [ 110.161682, 25.217551 ], [ 110.161777, 25.217431 ], [ 110.161868, 25.217317 ], [ 110.161978, 25.21717 ], [ 110.162034, 25.217108 ], [ 110.162131, 25.216983 ], [ 110.162239, 25.216847 ], [ 110.162352, 25.216705 ], [ 110.162414, 25.216625 ], [ 110.162689, 25.216274 ], [ 110.162702, 25.216258 ], [ 110.162698, 25.216236 ], [ 110.162692, 25.216225 ], [ 110.162678, 25.216211 ], [ 110.162614, 25.216172 ], [ 110.162272, 25.215974 ], [ 110.161894, 25.215752 ], [ 110.161889, 25.215748 ], [ 110.161804, 25.215699 ], [ 110.1617, 25.215637 ], [ 110.161551, 25.215552 ], [ 110.161472, 25.215504 ], [ 110.161382, 25.215451 ], [ 110.161262, 25.215383 ], [ 110.16114, 25.215313 ], [ 110.160984, 25.215222 ], [ 110.160869, 25.215157 ], [ 110.160746, 25.215085 ], [ 110.160608, 25.215003 ] ] ] } },
{ "type": "Feature", "properties": { "BSM": "450312211000395154", "DLBM": "0601", "DLMC": "工业用地", "图斑面积": 5758.85, "坐落单位": "城联村委会", "企业名称": null, "行业代码": null, "行业名称": null, "产值": 0.0, "行政区": null, "用地性": null }, "geometry": { "type": "Polygon", "coordinates": [ [ [ 110.00905, 25.200251 ], [ 110.009209, 25.200157 ], [ 110.009254, 25.200133 ], [ 110.009413, 25.200052 ], [ 110.009239, 25.199868 ], [ 110.009265, 25.199635 ], [ 110.009236, 25.199633 ], [ 110.009188, 25.19963 ], [ 110.009156, 25.199613 ], [ 110.009114, 25.199608 ], [ 110.008959, 25.199589 ], [ 110.008954, 25.199607 ], [ 110.008954, 25.199608 ], [ 110.008934, 25.199685 ], [ 110.008913, 25.199883 ], [ 110.008911, 25.199899 ], [ 110.008926, 25.200006 ], [ 110.008926, 25.20001 ], [ 110.008927, 25.200016 ], [ 110.008936, 25.200087 ], [ 110.008935, 25.200099 ], [ 110.008884, 25.20012 ], [ 110.008848, 25.20013 ], [ 110.008761, 25.200146 ], [ 110.008678, 25.200149 ], [ 110.008632, 25.200155 ], [ 110.008629, 25.200155 ], [ 110.008582, 25.200153 ], [ 110.008553, 25.200152 ], [ 110.008403, 25.200131 ], [ 110.008359, 25.200125 ], [ 110.008208, 25.200181 ], [ 110.00829, 25.200338 ], [ 110.008132, 25.200428 ], [ 110.008154, 25.200467 ], [ 110.008285, 25.200701 ], [ 110.008326, 25.200738 ], [ 110.008382, 25.200697 ], [ 110.008391, 25.20069 ], [ 110.008532, 25.200602 ], [ 110.008588, 25.200568 ], [ 110.008825, 25.200389 ], [ 110.00905, 25.200251 ] ] ] } },
{ "type": "Feature", "properties": { "BSM": "450312211000395156", "DLBM": "0601", "DLMC": "工业用地", "图斑面积": 1015.05, "坐落单位": "城联村委会", "企业名称": null, "行业代码": null, "行业名称": null, "产值": 0.0, "行政区": null, "用地性": null }, "geometry": { "type": "Polygon", "coordinates": [ [ [ 110.012739, 25.198502 ], [ 110.012795, 25.198481 ], [ 110.012855, 25.198548 ], [ 110.012902, 25.198537 ], [ 110.012901, 25.198305 ], [ 110.012872, 25.198172 ], [ 110.012857, 25.198148 ], [ 110.0128, 25.198168 ], [ 110.012772, 25.198205 ], [ 110.012759, 25.198254 ], [ 110.01272, 25.198321 ], [ 110.012643, 25.198372 ], [ 110.012528, 25.198422 ], [ 110.012508, 25.19847 ], [ 110.012529, 25.198485 ], [ 110.012533, 25.198488 ], [ 110.012548, 25.198497 ], [ 110.012679, 25.198591 ], [ 110.012718, 25.198581 ], [ 110.012768, 25.198569 ], [ 110.012742, 25.198526 ], [ 110.012739, 25.198502 ] ] ] } },
{ "type": "Feature", "properties": { "BSM": "450312211000395162", "DLBM": "0601", "DLMC": "工业用地", "图斑面积": 28898.11, "坐落单位": "车梁村委会", "企业名称": null, "行业代码": null, "行业名称": null, "产值": 0.0, "行政区": null, "用地性": null }, "geometry": { "type": "Polygon", "coordinates": [ [ [ 110.022346, 25.226321 ], [ 110.022335, 25.226226 ], [ 110.022318, 25.226138 ], [ 110.022268, 25.226062 ], [ 110.022189, 25.225952 ], [ 110.022187, 25.225948 ], [ 110.022134, 25.225852 ], [ 110.022138, 25.225836 ], [ 110.022163, 25.225807 ], [ 110.022301, 25.225702 ], [ 110.022336, 25.225678 ], [ 110.022366, 25.225657 ], [ 110.022441, 25.225606 ], [ 110.022454, 25.225624 ], [ 110.022487, 25.225696 ], [ 110.022468, 25.225708 ], [ 110.022506, 25.225768 ], [ 110.022533, 25.225753 ], [ 110.022555, 25.225801 ], [ 110.022557, 25.225838 ], [ 110.022567, 25.225897 ], [ 110.022615, 25.225905 ], [ 110.022661, 25.225918 ], [ 110.022702, 25.225941 ], [ 110.022772, 25.225997 ], [ 110.022852, 25.226077 ], [ 110.022906, 25.226115 ], [ 110.022933, 25.226122 ], [ 110.022968, 25.226121 ], [ 110.023088, 25.226084 ], [ 110.023258, 25.225991 ], [ 110.023459, 25.225867 ], [ 110.02346, 25.225867 ], [ 110.023459, 25.225866 ], [ 110.023376, 25.225751 ], [ 110.023328, 25.225533 ], [ 110.023229, 25.225245 ], [ 110.023207, 25.225249 ], [ 110.02319, 25.225253 ], [ 110.023171, 25.225258 ], [ 110.023145, 25.225266 ], [ 110.022938, 25.225035 ], [ 110.022897, 25.224994 ], [ 110.02287, 25.224969 ], [ 110.022812, 25.224825 ], [ 110.022774, 25.224739 ], [ 110.022764, 25.22465 ], [ 110.022765, 25.224589 ], [ 110.022762, 25.224539 ], [ 110.022733, 25.224487 ], [ 110.022512, 25.224299 ], [ 110.022502, 25.224309 ], [ 110.0224, 25.224421 ], [ 110.022388, 25.224442 ], [ 110.022341, 25.22454 ], [ 110.022323, 25.224585 ], [ 110.022294, 25.22464 ], [ 110.02226, 25.224669 ], [ 110.022183, 25.224721 ], [ 110.022141, 25.224759 ], [ 110.021988, 25.224975 ], [ 110.021983, 25.224982 ], [ 110.021944, 25.22505 ], [ 110.021932, 25.225103 ], [ 110.021917, 25.225163 ], [ 110.021897, 25.225253 ], [ 110.021857, 25.225305 ], [ 110.021833, 25.225315 ], [ 110.02178, 25.225338 ], [ 110.021746, 25.225354 ], [ 110.021742, 25.225356 ], [ 110.021717, 25.225369 ], [ 110.021701, 25.225378 ], [ 110.02169, 25.225384 ], [ 110.021653, 25.225431 ], [ 110.021641, 25.22546 ], [ 110.021642, 25.22547 ], [ 110.021641, 25.22551 ], [ 110.021652, 25.225552 ], [ 110.021712, 25.225894 ], [ 110.021768, 25.226214 ], [ 110.021767, 25.226242 ], [ 110.021736, 25.226265 ], [ 110.021698, 25.226267 ], [ 110.021682, 25.226264 ], [ 110.021624, 25.226165 ], [ 110.021557, 25.225994 ], [ 110.021534, 25.225875 ], [ 110.0215, 25.225806 ], [ 110.021412, 25.225718 ], [ 110.02134, 25.225735 ], [ 110.021257, 25.225779 ], [ 110.02122, 25.22584 ], [ 110.021231, 25.225868 ], [ 110.021246, 25.225892 ], [ 110.021171, 25.225941 ], [ 110.021139, 25.225941 ], [ 110.02108, 25.225942 ], [ 110.021085, 25.226035 ], [ 110.0211, 25.226285 ], [ 110.021114, 25.226535 ], [ 110.021127, 25.226774 ], [ 110.021128, 25.226798 ], [ 110.021233, 25.226805 ], [ 110.021283, 25.226805 ], [ 110.021495, 25.226773 ], [ 110.021545, 25.226758 ], [ 110.021609, 25.226722 ], [ 110.02167, 25.226674 ], [ 110.021734, 25.226636 ], [ 110.021949, 25.226557 ], [ 110.022143, 25.226492 ], [ 110.022287, 25.226427 ], [ 110.022332, 25.226397 ], [ 110.022345, 25.226366 ], [ 110.022346, 25.226321 ] ] ] } },
{ "type": "Feature", "properties": { "BSM": "450312211000395872", "DLBM": "0601", "DLMC": "工业用地", "图斑面积": 6564.12, "坐落单位": "护山村委会", "企业名称": null, "行业代码": null, "行业名称": null, "产值": 0.0, "行政区": null, "用地性": null }, "geometry": { "type": "Polygon", "coordinates": [ [ [ 109.995832, 25.200998 ], [ 109.995877, 25.200844 ], [ 109.995983, 25.200761 ], [ 109.99618, 25.200715 ], [ 109.996238, 25.200679 ], [ 109.996385, 25.200425 ], [ 109.996375, 25.200334 ], [ 109.996352, 25.200283 ], [ 109.99626, 25.200218 ], [ 109.996182, 25.20018 ], [ 109.996103, 25.200191 ], [ 109.995664, 25.200173 ], [ 109.995633, 25.200246 ], [ 109.995581, 25.200237 ], [ 109.99543, 25.200541 ], [ 109.995279, 25.200845 ], [ 109.995325, 25.200863 ], [ 109.995327, 25.200863 ], [ 109.995352, 25.200875 ], [ 109.995414, 25.200904 ], [ 109.995496, 25.200932 ], [ 109.995564, 25.200951 ], [ 109.995566, 25.200952 ], [ 109.995638, 25.200976 ], [ 109.995722, 25.200993 ], [ 109.995725, 25.200993 ], [ 109.995728, 25.200993 ], [ 109.995731, 25.200993 ], [ 109.995778, 25.201001 ], [ 109.995832, 25.200998 ] ] ] } },
{ "type": "Feature", "properties": { "BSM": "450312211000396573", "DLBM": "0601", "DLMC": "工业用地", "图斑面积": 1098.25, "坐落单位": "城联村委会", "企业名称": null, "行业代码": null, "行业名称": null, "产值": 0.0, "行政区": null, "用地性": null }, "geometry": { "type": "Polygon", "coordinates": [ [ [ 110.015422, 25.180281 ], [ 110.015238, 25.179985 ], [ 110.015068, 25.180044 ], [ 110.015079, 25.180085 ], [ 110.015126, 25.180269 ], [ 110.015179, 25.180421 ], [ 110.015185, 25.18044 ], [ 110.015465, 25.180338 ], [ 110.015424, 25.180284 ], [ 110.015422, 25.180281 ] ] ] } },
{ "type": "Feature", "properties": { "BSM": "450312211000396833", "DLBM": "0601", "DLMC": "工业用地", "图斑面积": 6504.53, "坐落单位": "两江村委会", "企业名称": null, "行业代码": null, "行业名称": null, "产值": 0.0, "行政区": null, "用地性": null }, "geometry": { "type": "Polygon", "coordinates": [ [ [ 110.022633, 25.204888 ], [ 110.022643, 25.204888 ], [ 110.022647, 25.204889 ], [ 110.022766, 25.204939 ], [ 110.022822, 25.20496 ], [ 110.022836, 25.204959 ], [ 110.022845, 25.204949 ], [ 110.022879, 25.20485 ], [ 110.022911, 25.204688 ], [ 110.022928, 25.204633 ], [ 110.022967, 25.204354 ], [ 110.022968, 25.204315 ], [ 110.022965, 25.204298 ], [ 110.023028, 25.203944 ], [ 110.02309, 25.203589 ], [ 110.02299, 25.203565 ], [ 110.022953, 25.203558 ], [ 110.022918, 25.203564 ], [ 110.022909, 25.203574 ], [ 110.022903, 25.203596 ], [ 110.022897, 25.203608 ], [ 110.022887, 25.203631 ], [ 110.022842, 25.203712 ], [ 110.022835, 25.20373 ], [ 110.022811, 25.203777 ], [ 110.022736, 25.203886 ], [ 110.022707, 25.203946 ], [ 110.022697, 25.203967 ], [ 110.02269, 25.203985 ], [ 110.022676, 25.204008 ], [ 110.022644, 25.204038 ], [ 110.022623, 25.204047 ], [ 110.022567, 25.204039 ], [ 110.022563, 25.204069 ], [ 110.022561, 25.204159 ], [ 110.02256, 25.204176 ], [ 110.022609, 25.204177 ], [ 110.022624, 25.204179 ], [ 110.02263, 25.204183 ], [ 110.022603, 25.204323 ], [ 110.022594, 25.204348 ], [ 110.022588, 25.204353 ], [ 110.022576, 25.204355 ], [ 110.022375, 25.20434 ], [ 110.022371, 25.204339 ], [ 110.02237, 25.204345 ], [ 110.022358, 25.204451 ], [ 110.022311, 25.204765 ], [ 110.022375, 25.204789 ], [ 110.022396, 25.204801 ], [ 110.022402, 25.204824 ], [ 110.022402, 25.204824 ], [ 110.022408, 25.204834 ], [ 110.022403, 25.204892 ], [ 110.022399, 25.204916 ], [ 110.022529, 25.205043 ], [ 110.022539, 25.205049 ], [ 110.022547, 25.205048 ], [ 110.022553, 25.205036 ], [ 110.022568, 25.204989 ], [ 110.022589, 25.204943 ], [ 110.022596, 25.20493 ], [ 110.022604, 25.204916 ], [ 110.022621, 25.204893 ], [ 110.022626, 25.20489 ], [ 110.022633, 25.204888 ] ] ] } },
{ "type": "Feature", "properties": { "BSM": "450312211000396933", "DLBM": "0601", "DLMC": "工业用地", "图斑面积": 76808.06, "坐落单位": "大律村委会", "企业名称": null, "行业代码": null, "行业名称": null, "产值": 0.0, "行政区": null, "用地性": null }, "geometry": { "type": "Polygon", "coordinates": [ [ [ 110.195183, 25.240257 ], [ 110.195336, 25.240107 ], [ 110.195338, 25.240108 ], [ 110.195379, 25.240147 ], [ 110.19538, 25.240146 ], [ 110.19552, 25.240035 ], [ 110.19556, 25.239944 ], [ 110.195524, 25.239884 ], [ 110.195632, 25.239789 ], [ 110.195967, 25.239531 ], [ 110.196131, 25.239388 ], [ 110.196258, 25.239279 ], [ 110.196493, 25.239097 ], [ 110.196615, 25.239025 ], [ 110.196606, 25.239011 ], [ 110.196597, 25.238998 ], [ 110.196589, 25.238982 ], [ 110.196545, 25.238912 ], [ 110.196534, 25.238893 ], [ 110.196474, 25.238798 ], [ 110.196462, 25.238782 ], [ 110.196414, 25.238695 ], [ 110.196361, 25.238598 ], [ 110.196362, 25.238577 ], [ 110.196476, 25.238491 ], [ 110.196453, 25.238399 ], [ 110.196436, 25.238255 ], [ 110.196436, 25.238239 ], [ 110.196147, 25.237879 ], [ 110.195941, 25.237655 ], [ 110.195734, 25.237431 ], [ 110.195482, 25.237155 ], [ 110.195229, 25.236879 ], [ 110.195575, 25.236655 ], [ 110.195617, 25.236692 ], [ 110.195747, 25.2366 ], [ 110.195775, 25.23658 ], [ 110.195666, 25.236361 ], [ 110.195617, 25.236354 ], [ 110.195568, 25.236346 ], [ 110.195527, 25.236349 ], [ 110.195462, 25.236365 ], [ 110.195305, 25.236412 ], [ 110.194823, 25.236696 ], [ 110.194799, 25.23671 ], [ 110.19458, 25.236884 ], [ 110.194363, 25.237005 ], [ 110.194376, 25.237026 ], [ 110.194272, 25.237086 ], [ 110.194137, 25.237165 ], [ 110.194414, 25.237463 ], [ 110.194508, 25.237564 ], [ 110.194688, 25.237756 ], [ 110.194596, 25.237811 ], [ 110.194202, 25.238054 ], [ 110.193807, 25.238297 ], [ 110.193732, 25.238343 ], [ 110.193413, 25.23854 ], [ 110.193019, 25.238783 ], [ 110.193003, 25.238793 ], [ 110.19299, 25.238803 ], [ 110.192982, 25.238808 ], [ 110.193065, 25.238875 ], [ 110.193231, 25.239 ], [ 110.193325, 25.239068 ], [ 110.193542, 25.239215 ], [ 110.193764, 25.239367 ], [ 110.193984, 25.239508 ], [ 110.194094, 25.239589 ], [ 110.194335, 25.239762 ], [ 110.19435, 25.239772 ], [ 110.194493, 25.239858 ], [ 110.194711, 25.23999 ], [ 110.194811, 25.240057 ], [ 110.19487, 25.240105 ], [ 110.194935, 25.240171 ], [ 110.195049, 25.240314 ], [ 110.195069, 25.240344 ], [ 110.19507, 25.240344 ], [ 110.1951, 25.24032 ], [ 110.195103, 25.240317 ], [ 110.195183, 25.240257 ] ] ] } },
{ "type": "Feature", "properties": { "BSM": "450312211000397049", "DLBM": "0601", "DLMC": "工业用地", "图斑面积": 122205.18, "坐落单位": "二塘村委会", "企业名称": null, "行业代码": null, "行业名称": null, "产值": 0.0, "行政区": null, "用地性": null }, "geometry": { "type": "Polygon", "coordinates": [ [ [ 110.203822, 25.228138 ], [ 110.204081, 25.228022 ], [ 110.204082, 25.228021 ], [ 110.204528, 25.227788 ], [ 110.204703, 25.227649 ], [ 110.204777, 25.227619 ], [ 110.204911, 25.227595 ], [ 110.205058, 25.227596 ], [ 110.205125, 25.227572 ], [ 110.20524, 25.22742 ], [ 110.205322, 25.227268 ], [ 110.205558, 25.226977 ], [ 110.205593, 25.226944 ], [ 110.205666, 25.226874 ], [ 110.205707, 25.226801 ], [ 110.205696, 25.226441 ], [ 110.205669, 25.226362 ], [ 110.205616, 25.226288 ], [ 110.205576, 25.226245 ], [ 110.205572, 25.226243 ], [ 110.205511, 25.226205 ], [ 110.205513, 25.226204 ], [ 110.205342, 25.226153 ], [ 110.205075, 25.226073 ], [ 110.20502, 25.226061 ], [ 110.204759, 25.226003 ], [ 110.204553, 25.225875 ], [ 110.204347, 25.225746 ], [ 110.204287, 25.22561 ], [ 110.204254, 25.225535 ], [ 110.204192, 25.225428 ], [ 110.204056, 25.225195 ], [ 110.203938, 25.225134 ], [ 110.203773, 25.225171 ], [ 110.203759, 25.225174 ], [ 110.203658, 25.225197 ], [ 110.203637, 25.2252 ], [ 110.203447, 25.225226 ], [ 110.203205, 25.22526 ], [ 110.20318, 25.225314 ], [ 110.203114, 25.225444 ], [ 110.203022, 25.225597 ], [ 110.202913, 25.225663 ], [ 110.202829, 25.225691 ], [ 110.202813, 25.225696 ], [ 110.202731, 25.225718 ], [ 110.202705, 25.225724 ], [ 110.20266, 25.225736 ], [ 110.202461, 25.225792 ], [ 110.202282, 25.225808 ], [ 110.202053, 25.22581 ], [ 110.201936, 25.225795 ], [ 110.201869, 25.225754 ], [ 110.201796, 25.225739 ], [ 110.201641, 25.22577 ], [ 110.201458, 25.225806 ], [ 110.201293, 25.225839 ], [ 110.20123, 25.225849 ], [ 110.201124, 25.225866 ], [ 110.201012, 25.225879 ], [ 110.200908, 25.225874 ], [ 110.200704, 25.22585 ], [ 110.200538, 25.225831 ], [ 110.200359, 25.22579 ], [ 110.200212, 25.22576 ], [ 110.200133, 25.225748 ], [ 110.199929, 25.225719 ], [ 110.199755, 25.225697 ], [ 110.199623, 25.225685 ], [ 110.199582, 25.225688 ], [ 110.19951, 25.225732 ], [ 110.199488, 25.225746 ], [ 110.199336, 25.225862 ], [ 110.19918, 25.226008 ], [ 110.199049, 25.226141 ], [ 110.198956, 25.226229 ], [ 110.198823, 25.226361 ], [ 110.198809, 25.226375 ], [ 110.198709, 25.226476 ], [ 110.198618, 25.226568 ], [ 110.198579, 25.226623 ], [ 110.198509, 25.226721 ], [ 110.198482, 25.226705 ], [ 110.198418, 25.226759 ], [ 110.198332, 25.226885 ], [ 110.198308, 25.226916 ], [ 110.19836, 25.226942 ], [ 110.198402, 25.226942 ], [ 110.198654, 25.226941 ], [ 110.198695, 25.22691 ], [ 110.198769, 25.226852 ], [ 110.198793, 25.226833 ], [ 110.198887, 25.226724 ], [ 110.199025, 25.226566 ], [ 110.199293, 25.226338 ], [ 110.199426, 25.226219 ], [ 110.199531, 25.226181 ], [ 110.199583, 25.226174 ], [ 110.199642, 25.226194 ], [ 110.199928, 25.226326 ], [ 110.200337, 25.226539 ], [ 110.20057, 25.226653 ], [ 110.200631, 25.226655 ], [ 110.200673, 25.22665 ], [ 110.20071, 25.226666 ], [ 110.200784, 25.226711 ], [ 110.200796, 25.22674 ], [ 110.200787, 25.226786 ], [ 110.200739, 25.226914 ], [ 110.200737, 25.226973 ], [ 110.200764, 25.227023 ], [ 110.200833, 25.227128 ], [ 110.200889, 25.227247 ], [ 110.2009, 25.227322 ], [ 110.200925, 25.227418 ], [ 110.200984, 25.227355 ], [ 110.201076, 25.227326 ], [ 110.201153, 25.227301 ], [ 110.201193, 25.227222 ], [ 110.201231, 25.22725 ], [ 110.201296, 25.227274 ], [ 110.201342, 25.227276 ], [ 110.20139, 25.227293 ], [ 110.201447, 25.227315 ], [ 110.201497, 25.227326 ], [ 110.201559, 25.227348 ], [ 110.201611, 25.227373 ], [ 110.201647, 25.22739 ], [ 110.201649, 25.227391 ], [ 110.201704, 25.227431 ], [ 110.201705, 25.227432 ], [ 110.201764, 25.227474 ], [ 110.201954, 25.22758 ], [ 110.202112, 25.227712 ], [ 110.202182, 25.227782 ], [ 110.202191, 25.227775 ], [ 110.20224, 25.227737 ], [ 110.202262, 25.227726 ], [ 110.202297, 25.22771 ], [ 110.202324, 25.227703 ], [ 110.202359, 25.227715 ], [ 110.202406, 25.227733 ], [ 110.20244, 25.227751 ], [ 110.202492, 25.227778 ], [ 110.202554, 25.22782 ], [ 110.2026, 25.227885 ], [ 110.202674, 25.227939 ], [ 110.202715, 25.227966 ], [ 110.202764, 25.227967 ], [ 110.202802, 25.227967 ], [ 110.202833, 25.227971 ], [ 110.202858, 25.227977 ], [ 110.202889, 25.227988 ], [ 110.202987, 25.22806 ], [ 110.203055, 25.228094 ], [ 110.203115, 25.228124 ], [ 110.203115, 25.228124 ], [ 110.203346, 25.228166 ], [ 110.2036, 25.228192 ], [ 110.203822, 25.228138 ] ] ] } },
{ "type": "Feature", "properties": { "BSM": "450312211000397396", "DLBM": "0601", "DLMC": "工业用地", "图斑面积": 5057.0, "坐落单位": "独峰村委会", "企业名称": null, "行业代码": null, "行业名称": null, "产值": 0.0, "行政区": null, "用地性": null }, "geometry": { "type": "Polygon", "coordinates": [ [ [ 110.132026, 25.246886 ], [ 110.131967, 25.246879 ], [ 110.131966, 25.24688 ], [ 110.13192, 25.246886 ], [ 110.13191, 25.246907 ], [ 110.131916, 25.246948 ], [ 110.13193, 25.246973 ], [ 110.131805, 25.247045 ], [ 110.13194, 25.247266 ], [ 110.132008, 25.247379 ], [ 110.132022, 25.247406 ], [ 110.132223, 25.247456 ], [ 110.132548, 25.247589 ], [ 110.132874, 25.247722 ], [ 110.132897, 25.24768 ], [ 110.132968, 25.247547 ], [ 110.132778, 25.247413 ], [ 110.13283, 25.24734 ], [ 110.132782, 25.247315 ], [ 110.132719, 25.247283 ], [ 110.132718, 25.247282 ], [ 110.132656, 25.247237 ], [ 110.132607, 25.247206 ], [ 110.132606, 25.247205 ], [ 110.132605, 25.247204 ], [ 110.132572, 25.247166 ], [ 110.132571, 25.247165 ], [ 110.132517, 25.247082 ], [ 110.132457, 25.247057 ], [ 110.132457, 25.247056 ], [ 110.132358, 25.247012 ], [ 110.132259, 25.246971 ], [ 110.132066, 25.246898 ], [ 110.132026, 25.246886 ] ] ] } },
{ "type": "Feature", "properties": { "BSM": "450312211000399033", "DLBM": "0601", "DLMC": "工业用地", "图斑面积": 940.06, "坐落单位": "保联村委会", "企业名称": null, "行业代码": null, "行业名称": null, "产值": 0.0, "行政区": null, "用地性": null }, "geometry": { "type": "Polygon", "coordinates": [ [ [ 110.331083, 24.986135 ], [ 110.330975, 24.986083 ], [ 110.330856, 24.986089 ], [ 110.330776, 24.986108 ], [ 110.330771, 24.986339 ], [ 110.330895, 24.986325 ], [ 110.331107, 24.9863 ], [ 110.331175, 24.9863 ], [ 110.331187, 24.986212 ], [ 110.331192, 24.986169 ], [ 110.331137, 24.986156 ], [ 110.331083, 24.986135 ] ] ] } },
{ "type": "Feature", "properties": { "BSM": "450312211000401028", "DLBM": "0601", "DLMC": "工业用地", "图斑面积": 503.29, "坐落单位": "横山村委会", "企业名称": null, "行业代码": null, "行业名称": null, "产值": 0.0, "行政区": null, "用地性": null }, "geometry": { "type": "Polygon", "coordinates": [ [ [ 110.152142, 25.201009 ], [ 110.152142, 25.201009 ], [ 110.152152, 25.201025 ], [ 110.152142, 25.20104 ], [ 110.152126, 25.201054 ], [ 110.152127, 25.201069 ], [ 110.152137, 25.201093 ], [ 110.15218, 25.201167 ], [ 110.152274, 25.201298 ], [ 110.152319, 25.201314 ], [ 110.152452, 25.201364 ], [ 110.152395, 25.201249 ], [ 110.152324, 25.20111 ], [ 110.152142, 25.201009 ] ] ] } },
{ "type": "Feature", "properties": { "BSM": "450312211000401093", "DLBM": "0601", "DLMC": "工业用地", "图斑面积": 115.33, "坐落单位": "刘村村委会", "企业名称": null, "行业代码": null, "行业名称": null, "产值": 0.0, "行政区": null, "用地性": null }, "geometry": { "type": "Polygon", "coordinates": [ [ [ 110.128225, 25.206826 ], [ 110.128119, 25.206806 ], [ 110.128119, 25.206807 ], [ 110.128117, 25.206862 ], [ 110.128111, 25.207033 ], [ 110.128121, 25.207023 ], [ 110.128169, 25.20689 ], [ 110.128225, 25.206826 ] ] ] } },
{ "type": "Feature", "properties": { "BSM": "450312211000401815", "DLBM": "0601", "DLMC": "工业用地", "图斑面积": 332267.21, "坐落单位": "秧塘旧机场", "企业名称": "桂林福达股份有限公司", "行业代码": "C36", "行业名称": "汽车制造业", "产值": 0.0, "行政区": null, "用地性": null }, "geometry": { "type": "Polygon", "coordinates": [ [ [ 110.153875, 25.207151 ], [ 110.154076, 25.207133 ], [ 110.154224, 25.207187 ], [ 110.154393, 25.207243 ], [ 110.154406, 25.207248 ], [ 110.154564, 25.206936 ], [ 110.154629, 25.206813 ], [ 110.154686, 25.206702 ], [ 110.154689, 25.206663 ], [ 110.154518, 25.206312 ], [ 110.154525, 25.206272 ], [ 110.15451, 25.206189 ], [ 110.154421, 25.205807 ], [ 110.154397, 25.205708 ], [ 110.154306, 25.205328 ], [ 110.154302, 25.205312 ], [ 110.154214, 25.204947 ], [ 110.154118, 25.204503 ], [ 110.154023, 25.204058 ], [ 110.153691, 25.203619 ], [ 110.15383, 25.203574 ], [ 110.153632, 25.203277 ], [ 110.153425, 25.203058 ], [ 110.153425, 25.203058 ], [ 110.153268, 25.202893 ], [ 110.153268, 25.202893 ], [ 110.153112, 25.202672 ], [ 110.152885, 25.202222 ], [ 110.152627, 25.201711 ], [ 110.152452, 25.201364 ], [ 110.152319, 25.201314 ], [ 110.152274, 25.201298 ], [ 110.152024, 25.201205 ], [ 110.151704, 25.201087 ], [ 110.151385, 25.200969 ], [ 110.150995, 25.200825 ], [ 110.150658, 25.2007 ], [ 110.15032, 25.200575 ], [ 110.150039, 25.200471 ], [ 110.149916, 25.200654 ], [ 110.149746, 25.200909 ], [ 110.149576, 25.201164 ], [ 110.149405, 25.201419 ], [ 110.149229, 25.201683 ], [ 110.149052, 25.201947 ], [ 110.149025, 25.201988 ], [ 110.148832, 25.202276 ], [ 110.148639, 25.202565 ], [ 110.148447, 25.202853 ], [ 110.148428, 25.202881 ], [ 110.148404, 25.202917 ], [ 110.148202, 25.20322 ], [ 110.148, 25.203522 ], [ 110.147757, 25.203885 ], [ 110.147526, 25.204231 ], [ 110.147527, 25.204232 ], [ 110.147858, 25.204475 ], [ 110.148189, 25.204719 ], [ 110.14852, 25.204962 ], [ 110.148875, 25.205223 ], [ 110.149231, 25.205485 ], [ 110.149587, 25.205746 ], [ 110.149942, 25.206007 ], [ 110.150298, 25.206269 ], [ 110.150653, 25.20653 ], [ 110.15093, 25.206734 ], [ 110.151207, 25.206938 ], [ 110.151551, 25.207225 ], [ 110.151792, 25.207369 ], [ 110.151822, 25.207382 ], [ 110.151827, 25.207384 ], [ 110.151877, 25.207406 ], [ 110.152019, 25.207471 ], [ 110.152276, 25.207578 ], [ 110.152335, 25.207546 ], [ 110.152347, 25.207542 ], [ 110.152391, 25.207528 ], [ 110.152704, 25.207426 ], [ 110.153078, 25.207336 ], [ 110.153452, 25.207246 ], [ 110.153825, 25.207155 ], [ 110.153875, 25.207151 ] ] ] } },
{ "type": "Feature", "properties": { "BSM": "450312211000403362", "DLBM": "0601", "DLMC": "工业用地", "图斑面积": 1025.15, "坐落单位": "新立村委会", "企业名称": null, "行业代码": null, "行业名称": null, "产值": 0.0, "行政区": null, "用地性": null }, "geometry": { "type": "Polygon", "coordinates": [ [ [ 110.26616, 25.149587 ], [ 110.266234, 25.149547 ], [ 110.266235, 25.149547 ], [ 110.266185, 25.14943 ], [ 110.266153, 25.149364 ], [ 110.2658, 25.149402 ], [ 110.265774, 25.149446 ], [ 110.265794, 25.149601 ], [ 110.266109, 25.149615 ], [ 110.26616, 25.149587 ] ] ] } },
{ "type": "Feature", "properties": { "BSM": "450312211000403365", "DLBM": "0601", "DLMC": "工业用地", "图斑面积": 1366.6, "坐落单位": "新立村委会", "企业名称": null, "行业代码": null, "行业名称": null, "产值": 0.0, "行政区": null, "用地性": null }, "geometry": { "type": "Polygon", "coordinates": [ [ [ 110.266933, 25.150145 ], [ 110.266745, 25.15008 ], [ 110.2667, 25.150184 ], [ 110.266885, 25.150261 ], [ 110.266871, 25.150297 ], [ 110.266868, 25.150303 ], [ 110.266818, 25.15041 ], [ 110.266818, 25.150411 ], [ 110.267122, 25.150539 ], [ 110.267201, 25.150416 ], [ 110.267196, 25.150315 ], [ 110.267231, 25.150254 ], [ 110.267226, 25.150252 ], [ 110.266969, 25.150158 ], [ 110.266954, 25.150152 ], [ 110.266933, 25.150145 ] ] ] } },
{ "type": "Feature", "properties": { "BSM": "450312211000404911", "DLBM": "0601", "DLMC": "工业用地", "图斑面积": 229.6, "坐落单位": "陂头村委会", "企业名称": null, "行业代码": null, "行业名称": null, "产值": 0.0, "行政区": null, "用地性": null }, "geometry": { "type": "Polygon", "coordinates": [ [ [ 110.243967, 25.05229 ], [ 110.244041, 25.052281 ], [ 110.244063, 25.052281 ], [ 110.244116, 25.052276 ], [ 110.244141, 25.052261 ], [ 110.244147, 25.052219 ], [ 110.244139, 25.052164 ], [ 110.243959, 25.052169 ], [ 110.243967, 25.05229 ] ] ] } },
{ "type": "Feature", "properties": { "BSM": "450312211000405098", "DLBM": "0601", "DLMC": "工业用地", "图斑面积": 161797.41, "坐落单位": "新民村委会", "企业名称": null, "行业代码": null, "行业名称": null, "产值": 0.0, "行政区": null, "用地性": null }, "geometry": { "type": "Polygon", "coordinates": [ [ [ 110.252992, 25.096885 ], [ 110.2529, 25.096636 ], [ 110.252754, 25.096678 ], [ 110.252337, 25.09682 ], [ 110.252031, 25.096927 ], [ 110.251659, 25.09705 ], [ 110.251283, 25.09717 ], [ 110.250953, 25.097283 ], [ 110.2507, 25.097374 ], [ 110.250646, 25.097393 ], [ 110.250467, 25.097447 ], [ 110.250306, 25.097496 ], [ 110.249982, 25.097594 ], [ 110.249953, 25.097601 ], [ 110.249948, 25.097623 ], [ 110.24994, 25.097658 ], [ 110.249938, 25.097664 ], [ 110.249945, 25.097701 ], [ 110.250046, 25.097969 ], [ 110.250066, 25.098019 ], [ 110.25018, 25.098326 ], [ 110.250291, 25.098625 ], [ 110.25043, 25.098984 ], [ 110.250445, 25.099024 ], [ 110.250483, 25.099126 ], [ 110.250483, 25.099126 ], [ 110.250534, 25.099256 ], [ 110.250556, 25.099313 ], [ 110.250416, 25.099356 ], [ 110.24996, 25.099499 ], [ 110.249716, 25.099577 ], [ 110.249471, 25.099655 ], [ 110.249086, 25.09978 ], [ 110.249136, 25.099944 ], [ 110.249193, 25.100136 ], [ 110.249324, 25.100478 ], [ 110.249421, 25.100732 ], [ 110.24952, 25.100983 ], [ 110.249592, 25.1012 ], [ 110.249661, 25.101382 ], [ 110.249717, 25.101531 ], [ 110.249719, 25.101537 ], [ 110.249722, 25.101535 ], [ 110.250128, 25.101399 ], [ 110.250527, 25.101263 ], [ 110.250874, 25.101155 ], [ 110.251159, 25.101073 ], [ 110.251443, 25.10099 ], [ 110.251858, 25.100858 ], [ 110.252299, 25.100711 ], [ 110.252602, 25.100619 ], [ 110.252885, 25.100532 ], [ 110.253168, 25.100444 ], [ 110.253581, 25.100311 ], [ 110.253993, 25.100179 ], [ 110.254135, 25.100124 ], [ 110.254173, 25.100055 ], [ 110.254155, 25.099981 ], [ 110.254036, 25.099665 ], [ 110.253917, 25.099349 ], [ 110.25377, 25.098962 ], [ 110.253678, 25.098712 ], [ 110.253587, 25.098462 ], [ 110.253463, 25.098122 ], [ 110.253362, 25.097865 ], [ 110.253262, 25.097607 ], [ 110.253172, 25.09737 ], [ 110.253083, 25.097134 ], [ 110.252992, 25.096885 ] ] ] } },
{ "type": "Feature", "properties": { "BSM": "450312211000405144", "DLBM": "0601", "DLMC": "工业用地", "图斑面积": 6767.32, "坐落单位": "新民村委会", "企业名称": null, "行业代码": null, "行业名称": null, "产值": 0.0, "行政区": null, "用地性": null }, "geometry": { "type": "Polygon", "coordinates": [ [ [ 110.257412, 25.101959 ], [ 110.257268, 25.10176 ], [ 110.256794, 25.101943 ], [ 110.256319, 25.102126 ], [ 110.256101, 25.102234 ], [ 110.256285, 25.102514 ], [ 110.256469, 25.102793 ], [ 110.256498, 25.102768 ], [ 110.256632, 25.102679 ], [ 110.256732, 25.102612 ], [ 110.256839, 25.10253 ], [ 110.257056, 25.1023 ], [ 110.257241, 25.102123 ], [ 110.257412, 25.101959 ] ] ] } },
{ "type": "Feature", "properties": { "BSM": "450312211000405400", "DLBM": "0601", "DLMC": "工业用地", "图斑面积": 1568.65, "坐落单位": "陶淑村委会", "企业名称": null, "行业代码": null, "行业名称": null, "产值": 0.0, "行政区": null, "用地性": null }, "geometry": { "type": "Polygon", "coordinates": [ [ [ 110.139396, 25.050638 ], [ 110.139284, 25.050437 ], [ 110.138875, 25.050558 ], [ 110.138872, 25.050645 ], [ 110.138901, 25.050746 ], [ 110.138935, 25.05079 ], [ 110.139005, 25.050796 ], [ 110.139223, 25.050764 ], [ 110.139317, 25.050755 ], [ 110.139404, 25.050746 ], [ 110.139411, 25.050746 ], [ 110.139415, 25.050745 ], [ 110.139416, 25.050745 ], [ 110.139453, 25.050741 ], [ 110.139396, 25.050638 ] ] ] } },
{ "type": "Feature", "properties": { "BSM": "450312211000405603", "DLBM": "0601", "DLMC": "工业用地", "图斑面积": 1879.5, "坐落单位": "陂头村委会", "企业名称": null, "行业代码": null, "行业名称": null, "产值": 0.0, "行政区": null, "用地性": null }, "geometry": { "type": "Polygon", "coordinates": [ [ [ 110.262221, 25.062624 ], [ 110.262079, 25.062601 ], [ 110.261974, 25.062609 ], [ 110.261818, 25.062613 ], [ 110.261648, 25.062667 ], [ 110.261643, 25.062905 ], [ 110.261736, 25.062926 ], [ 110.261896, 25.062927 ], [ 110.262222, 25.062888 ], [ 110.262207, 25.062867 ], [ 110.262189, 25.062808 ], [ 110.262191, 25.062753 ], [ 110.262263, 25.062667 ], [ 110.262221, 25.062624 ] ] ] } },
{ "type": "Feature", "properties": { "BSM": "450312211000406500", "DLBM": "0601", "DLMC": "工业用地", "图斑面积": 3830.37, "坐落单位": "玉联村委会", "企业名称": null, "行业代码": null, "行业名称": null, "产值": 0.0, "行政区": null, "用地性": null }, "geometry": { "type": "Polygon", "coordinates": [ [ [ 110.274875, 24.93652 ], [ 110.274835, 24.936236 ], [ 110.27473, 24.936241 ], [ 110.274707, 24.936044 ], [ 110.274707, 24.936044 ], [ 110.274667, 24.936026 ], [ 110.274609, 24.936005 ], [ 110.274579, 24.935995 ], [ 110.274554, 24.935988 ], [ 110.274528, 24.935968 ], [ 110.274522, 24.935955 ], [ 110.274505, 24.935924 ], [ 110.27448, 24.935891 ], [ 110.274445, 24.935846 ], [ 110.274409, 24.935816 ], [ 110.274398, 24.935804 ], [ 110.274398, 24.935788 ], [ 110.27436, 24.935766 ], [ 110.274329, 24.935743 ], [ 110.274299, 24.935707 ], [ 110.274287, 24.93569 ], [ 110.274262, 24.935652 ], [ 110.274246, 24.935619 ], [ 110.274233, 24.935595 ], [ 110.274222, 24.935576 ], [ 110.27422, 24.935588 ], [ 110.274219, 24.935589 ], [ 110.274216, 24.935605 ], [ 110.274215, 24.935623 ], [ 110.274219, 24.935668 ], [ 110.274221, 24.935733 ], [ 110.274225, 24.935857 ], [ 110.274234, 24.936064 ], [ 110.274281, 24.936234 ], [ 110.274302, 24.936335 ], [ 110.274329, 24.936453 ], [ 110.274424, 24.936436 ], [ 110.274482, 24.936505 ], [ 110.274524, 24.936597 ], [ 110.274586, 24.936618 ], [ 110.274653, 24.936599 ], [ 110.27467, 24.936594 ], [ 110.2747, 24.936584 ], [ 110.274796, 24.936555 ], [ 110.274875, 24.93652 ] ] ] } },
{ "type": "Feature", "properties": { "BSM": "450312211000406707", "DLBM": "0601", "DLMC": "工业用地", "图斑面积": 476.08, "坐落单位": "玉联村委会", "企业名称": null, "行业代码": null, "行业名称": null, "产值": 0.0, "行政区": null, "用地性": null }, "geometry": { "type": "Polygon", "coordinates": [ [ [ 110.277826, 24.929208 ], [ 110.277887, 24.92903 ], [ 110.277821, 24.92904 ], [ 110.277635, 24.928999 ], [ 110.277582, 24.929105 ], [ 110.277572, 24.929137 ], [ 110.277571, 24.929139 ], [ 110.277599, 24.929147 ], [ 110.277696, 24.929177 ], [ 110.277808, 24.929213 ], [ 110.277826, 24.929208 ] ] ] } },
{ "type": "Feature", "properties": { "BSM": "450312211000409044", "DLBM": "0601", "DLMC": "工业用地", "图斑面积": 973.39, "坐落单位": "城联村委会", "企业名称": null, "行业代码": null, "行业名称": null, "产值": 0.0, "行政区": null, "用地性": null }, "geometry": { "type": "Polygon", "coordinates": [ [ [ 110.016506, 25.188637 ], [ 110.01679, 25.18858 ], [ 110.016785, 25.188556 ], [ 110.016672, 25.188244 ], [ 110.016533, 25.188294 ], [ 110.01646, 25.188323 ], [ 110.01644, 25.188342 ], [ 110.016445, 25.188375 ], [ 110.016497, 25.188517 ], [ 110.016522, 25.188613 ], [ 110.016506, 25.188637 ] ] ] } },
{ "type": "Feature", "properties": { "BSM": "450312211000409579", "DLBM": "0601", "DLMC": "工业用地", "图斑面积": 4019.03, "坐落单位": "温良村委会", "企业名称": null, "行业代码": null, "行业名称": null, "产值": 0.0, "行政区": null, "用地性": null }, "geometry": { "type": "Polygon", "coordinates": [ [ [ 109.884717, 25.376413 ], [ 109.884743, 25.376414 ], [ 109.884745, 25.376414 ], [ 109.884748, 25.376415 ], [ 109.88475, 25.376416 ], [ 109.884773, 25.376425 ], [ 109.884808, 25.376439 ], [ 109.884811, 25.37644 ], [ 109.884813, 25.376442 ], [ 109.884815, 25.376443 ], [ 109.884845, 25.376473 ], [ 109.884847, 25.376475 ], [ 109.884848, 25.376477 ], [ 109.884849, 25.37648 ], [ 109.88485, 25.376482 ], [ 109.884853, 25.376497 ], [ 109.884857, 25.376512 ], [ 109.884857, 25.376513 ], [ 109.884857, 25.376515 ], [ 109.884858, 25.376549 ], [ 109.884858, 25.37655 ], [ 109.884856, 25.376568 ], [ 109.884855, 25.376586 ], [ 109.884854, 25.376587 ], [ 109.884851, 25.376651 ], [ 109.884954, 25.376647 ], [ 109.885185, 25.376547 ], [ 109.885397, 25.376411 ], [ 109.88547, 25.376316 ], [ 109.885517, 25.376209 ], [ 109.885504, 25.376126 ], [ 109.885446, 25.37606 ], [ 109.885282, 25.375993 ], [ 109.885, 25.375949 ], [ 109.884781, 25.376242 ], [ 109.884779, 25.376244 ], [ 109.884707, 25.376341 ], [ 109.884717, 25.376413 ] ] ] } },
{ "type": "Feature", "properties": { "BSM": "450312211000409632", "DLBM": "0601", "DLMC": "工业用地", "图斑面积": 723.04, "坐落单位": "护山村委会", "企业名称": null, "行业代码": null, "行业名称": null, "产值": 0.0, "行政区": null, "用地性": null }, "geometry": { "type": "Polygon", "coordinates": [ [ [ 109.992119, 25.205936 ], [ 109.992288, 25.206044 ], [ 109.992363, 25.206092 ], [ 109.992452, 25.206 ], [ 109.992487, 25.205957 ], [ 109.992417, 25.205906 ], [ 109.992363, 25.205867 ], [ 109.992345, 25.205841 ], [ 109.99216, 25.205749 ], [ 109.992141, 25.20583 ], [ 109.992129, 25.205886 ], [ 109.992119, 25.205936 ] ] ] } },
{ "type": "Feature", "properties": { "BSM": "450312211000411226", "DLBM": "0601", "DLMC": "工业用地", "图斑面积": 1835.58, "坐落单位": "城联村委会", "企业名称": null, "行业代码": null, "行业名称": null, "产值": 0.0, "行政区": null, "用地性": null }, "geometry": { "type": "Polygon", "coordinates": [ [ [ 110.018906, 25.194759 ], [ 110.019173, 25.194617 ], [ 110.019179, 25.194602 ], [ 110.01915, 25.194556 ], [ 110.019092, 25.194504 ], [ 110.019023, 25.194459 ], [ 110.018962, 25.194463 ], [ 110.018863, 25.194489 ], [ 110.018771, 25.194505 ], [ 110.018531, 25.19456 ], [ 110.018523, 25.194562 ], [ 110.018504, 25.194582 ], [ 110.018505, 25.194612 ], [ 110.018505, 25.194614 ], [ 110.018544, 25.194813 ], [ 110.018568, 25.194832 ], [ 110.018608, 25.194836 ], [ 110.018746, 25.194815 ], [ 110.018863, 25.194782 ], [ 110.018906, 25.194759 ] ] ] } },
{ "type": "Feature", "properties": { "BSM": "450312211000411228", "DLBM": "0601", "DLMC": "工业用地", "图斑面积": 7246.46, "坐落单位": "城联村委会", "企业名称": null, "行业代码": null, "行业名称": null, "产值": 0.0, "行政区": null, "用地性": null }, "geometry": { "type": "Polygon", "coordinates": [ [ [ 110.015555, 25.179867 ], [ 110.015728, 25.179725 ], [ 110.015352, 25.179457 ], [ 110.015378, 25.179427 ], [ 110.015346, 25.179406 ], [ 110.015312, 25.179377 ], [ 110.015257, 25.179331 ], [ 110.015091, 25.179192 ], [ 110.014892, 25.17931 ], [ 110.01506, 25.179565 ], [ 110.015146, 25.179692 ], [ 110.015276, 25.179884 ], [ 110.015291, 25.179906 ], [ 110.015292, 25.179907 ], [ 110.015499, 25.180239 ], [ 110.015708, 25.180515 ], [ 110.01571, 25.180518 ], [ 110.015917, 25.18085 ], [ 110.015944, 25.180822 ], [ 110.015965, 25.180799 ], [ 110.015977, 25.180764 ], [ 110.015974, 25.180738 ], [ 110.016013, 25.180688 ], [ 110.016126, 25.180559 ], [ 110.016311, 25.180323 ], [ 110.016102, 25.180147 ], [ 110.016017, 25.180171 ], [ 110.015886, 25.180243 ], [ 110.015698, 25.180038 ], [ 110.015644, 25.179975 ], [ 110.015555, 25.179867 ] ] ] } },
{ "type": "Feature", "properties": { "BSM": "450312211000411230", "DLBM": "0601", "DLMC": "工业用地", "图斑面积": 1617.86, "坐落单位": "车梁村委会", "企业名称": null, "行业代码": null, "行业名称": null, "产值": 0.0, "行政区": null, "用地性": null }, "geometry": { "type": "Polygon", "coordinates": [ [ [ 110.023641, 25.23202 ], [ 110.02372, 25.2319 ], [ 110.023812, 25.231745 ], [ 110.023716, 25.231742 ], [ 110.023697, 25.231696 ], [ 110.0237, 25.231667 ], [ 110.023673, 25.231668 ], [ 110.02355, 25.231665 ], [ 110.023527, 25.231655 ], [ 110.023515, 25.231649 ], [ 110.02347, 25.231624 ], [ 110.023427, 25.231679 ], [ 110.023347, 25.231822 ], [ 110.023319, 25.231872 ], [ 110.023307, 25.231881 ], [ 110.023245, 25.23193 ], [ 110.023281, 25.231953 ], [ 110.023267, 25.23198 ], [ 110.023266, 25.231987 ], [ 110.023272, 25.231992 ], [ 110.023309, 25.232008 ], [ 110.023362, 25.23202 ], [ 110.02345, 25.232038 ], [ 110.023473, 25.232043 ], [ 110.02349, 25.232047 ], [ 110.023517, 25.232051 ], [ 110.023573, 25.232051 ], [ 110.023625, 25.232046 ], [ 110.023628, 25.232041 ], [ 110.023641, 25.23202 ] ] ] } },
{ "type": "Feature", "properties": { "BSM": "450312211000411231", "DLBM": "0601", "DLMC": "工业用地", "图斑面积": 16892.41, "坐落单位": "渡头村委会", "企业名称": null, "行业代码": null, "行业名称": null, "产值": 0.0, "行政区": null, "用地性": null }, "geometry": { "type": "Polygon", "coordinates": [ [ [ 110.018995, 25.269742 ], [ 110.018906, 25.269718 ], [ 110.018906, 25.269718 ], [ 110.018986, 25.269788 ], [ 110.01904, 25.269835 ], [ 110.019054, 25.269847 ], [ 110.019054, 25.269847 ], [ 110.019072, 25.269863 ], [ 110.019213, 25.269881 ], [ 110.019218, 25.269902 ], [ 110.019211, 25.269963 ], [ 110.019229, 25.270026 ], [ 110.019239, 25.270044 ], [ 110.019251, 25.27011 ], [ 110.019258, 25.27027 ], [ 110.019287, 25.270397 ], [ 110.019284, 25.270436 ], [ 110.019264, 25.270572 ], [ 110.019223, 25.27074 ], [ 110.019177, 25.270736 ], [ 110.019142, 25.270906 ], [ 110.019119, 25.271021 ], [ 110.019121, 25.271056 ], [ 110.019172, 25.271062 ], [ 110.019199, 25.271063 ], [ 110.019204, 25.271093 ], [ 110.019191, 25.271124 ], [ 110.019171, 25.271145 ], [ 110.01915, 25.271176 ], [ 110.019143, 25.271192 ], [ 110.019266, 25.271287 ], [ 110.019343, 25.271206 ], [ 110.019437, 25.271074 ], [ 110.019477, 25.270998 ], [ 110.019542, 25.270849 ], [ 110.019621, 25.270656 ], [ 110.019694, 25.270506 ], [ 110.019758, 25.270345 ], [ 110.019839, 25.270139 ], [ 110.019888, 25.270004 ], [ 110.019954, 25.269725 ], [ 110.019997, 25.269548 ], [ 110.020024, 25.26928 ], [ 110.020067, 25.268951 ], [ 110.020066, 25.268951 ], [ 110.020075, 25.268867 ], [ 110.019799, 25.268829 ], [ 110.019739, 25.268821 ], [ 110.019446, 25.268775 ], [ 110.019405, 25.268764 ], [ 110.019366, 25.268761 ], [ 110.01936, 25.26877 ], [ 110.019356, 25.268804 ], [ 110.019356, 25.268816 ], [ 110.019344, 25.268981 ], [ 110.019394, 25.268993 ], [ 110.019396, 25.268999 ], [ 110.019376, 25.269 ], [ 110.019336, 25.26908 ], [ 110.019296, 25.269122 ], [ 110.019224, 25.269168 ], [ 110.01919, 25.269203 ], [ 110.019164, 25.269226 ], [ 110.019117, 25.269325 ], [ 110.019052, 25.269483 ], [ 110.018995, 25.269742 ] ] ] } },
{ "type": "Feature", "properties": { "BSM": "450312211000411232", "DLBM": "0601", "DLMC": "工业用地", "图斑面积": 3739.52, "坐落单位": "渡头村委会", "企业名称": null, "行业代码": null, "行业名称": null, "产值": 0.0, "行政区": null, "用地性": null }, "geometry": { "type": "Polygon", "coordinates": [ [ [ 110.023725, 25.278529 ], [ 110.023618, 25.278764 ], [ 110.023585, 25.278835 ], [ 110.023799, 25.278948 ], [ 110.023854, 25.278976 ], [ 110.023982, 25.279024 ], [ 110.024017, 25.279041 ], [ 110.02414, 25.279108 ], [ 110.024165, 25.279074 ], [ 110.02417, 25.279068 ], [ 110.024199, 25.279025 ], [ 110.02419, 25.278987 ], [ 110.024166, 25.278965 ], [ 110.024158, 25.278871 ], [ 110.024154, 25.278781 ], [ 110.024159, 25.278725 ], [ 110.024221, 25.278571 ], [ 110.024261, 25.278404 ], [ 110.024251, 25.278374 ], [ 110.024105, 25.278381 ], [ 110.024016, 25.278364 ], [ 110.023936, 25.278325 ], [ 110.02386, 25.278234 ], [ 110.023789, 25.27839 ], [ 110.023725, 25.278529 ] ] ] } },
{ "type": "Feature", "properties": { "BSM": "450312211000411233", "DLBM": "0601", "DLMC": "工业用地", "图斑面积": 3363.02, "坐落单位": "护山村委会", "企业名称": null, "行业代码": null, "行业名称": null, "产值": 0.0, "行政区": null, "用地性": null }, "geometry": { "type": "Polygon", "coordinates": [ [ [ 109.991329, 25.206309 ], [ 109.991359, 25.206323 ], [ 109.991508, 25.206627 ], [ 109.991582, 25.206679 ], [ 109.991587, 25.206658 ], [ 109.991588, 25.206655 ], [ 109.99159, 25.206652 ], [ 109.991624, 25.206595 ], [ 109.991626, 25.206592 ], [ 109.991628, 25.20659 ], [ 109.991651, 25.206566 ], [ 109.991704, 25.206514 ], [ 109.991704, 25.206514 ], [ 109.991752, 25.206468 ], [ 109.991801, 25.206423 ], [ 109.991803, 25.206421 ], [ 109.991806, 25.206419 ], [ 109.991875, 25.206384 ], [ 109.991878, 25.206383 ], [ 109.992031, 25.206329 ], [ 109.992103, 25.206294 ], [ 109.992147, 25.206263 ], [ 109.992097, 25.206077 ], [ 109.992037, 25.206086 ], [ 109.991977, 25.206102 ], [ 109.991978, 25.206136 ], [ 109.991772, 25.206189 ], [ 109.99173, 25.206057 ], [ 109.991631, 25.206075 ], [ 109.991555, 25.206086 ], [ 109.991535, 25.206103 ], [ 109.991503, 25.206093 ], [ 109.991474, 25.206069 ], [ 109.991448, 25.206067 ], [ 109.991352, 25.206121 ], [ 109.991352, 25.206122 ], [ 109.991285, 25.20616 ], [ 109.991177, 25.206222 ], [ 109.991157, 25.20621 ], [ 109.99114, 25.206202 ], [ 109.991118, 25.206246 ], [ 109.991144, 25.206339 ], [ 109.991329, 25.206309 ] ] ] } },
{ "type": "Feature", "properties": { "BSM": "450312211000411466", "DLBM": "0601", "DLMC": "工业用地", "图斑面积": 81979.53, "坐落单位": "宝山村委会", "企业名称": null, "行业代码": null, "行业名称": null, "产值": 0.0, "行政区": null, "用地性": null }, "geometry": { "type": "Polygon", "coordinates": [ [ [ 110.018202, 25.167056 ], [ 110.018242, 25.167056 ], [ 110.01825, 25.167056 ], [ 110.01842, 25.167058 ], [ 110.018583, 25.167052 ], [ 110.018648, 25.167049 ], [ 110.018821, 25.167037 ], [ 110.018971, 25.167038 ], [ 110.019058, 25.167062 ], [ 110.019262, 25.167133 ], [ 110.019316, 25.167139 ], [ 110.019413, 25.167134 ], [ 110.019432, 25.167129 ], [ 110.019625, 25.167054 ], [ 110.01966, 25.167041 ], [ 110.019813, 25.166975 ], [ 110.019943, 25.166936 ], [ 110.020138, 25.166889 ], [ 110.020229, 25.166876 ], [ 110.020298, 25.166869 ], [ 110.020366, 25.166845 ], [ 110.020426, 25.166808 ], [ 110.020644, 25.166649 ], [ 110.020841, 25.166499 ], [ 110.020849, 25.166494 ], [ 110.020859, 25.166469 ], [ 110.020884, 25.16634 ], [ 110.020965, 25.166075 ], [ 110.021002, 25.165935 ], [ 110.021024, 25.165811 ], [ 110.021034, 25.165731 ], [ 110.020941, 25.165721 ], [ 110.020915, 25.165718 ], [ 110.020894, 25.165715 ], [ 110.020901, 25.16565 ], [ 110.020916, 25.165492 ], [ 110.020924, 25.165417 ], [ 110.020947, 25.165121 ], [ 110.020947, 25.16511 ], [ 110.020947, 25.165108 ], [ 110.020955, 25.164901 ], [ 110.020955, 25.164901 ], [ 110.020945, 25.164735 ], [ 110.020932, 25.164433 ], [ 110.020931, 25.164397 ], [ 110.020864, 25.164397 ], [ 110.020779, 25.164411 ], [ 110.020725, 25.164426 ], [ 110.020723, 25.164473 ], [ 110.020717, 25.164641 ], [ 110.02034, 25.164644 ], [ 110.019964, 25.164648 ], [ 110.019587, 25.164651 ], [ 110.019522, 25.164652 ], [ 110.019501, 25.164652 ], [ 110.019318, 25.164651 ], [ 110.018909, 25.16465 ], [ 110.018611, 25.16465 ], [ 110.018339, 25.164654 ], [ 110.018097, 25.164658 ], [ 110.017987, 25.164659 ], [ 110.01792, 25.164708 ], [ 110.017864, 25.164819 ], [ 110.017818, 25.165149 ], [ 110.017821, 25.165403 ], [ 110.017825, 25.165657 ], [ 110.017791, 25.165967 ], [ 110.017757, 25.166277 ], [ 110.017735, 25.166507 ], [ 110.017713, 25.166737 ], [ 110.017712, 25.166747 ], [ 110.017711, 25.166748 ], [ 110.017711, 25.16675 ], [ 110.017697, 25.166836 ], [ 110.017694, 25.166865 ], [ 110.017693, 25.166882 ], [ 110.017685, 25.167076 ], [ 110.017684, 25.16713 ], [ 110.01781, 25.167087 ], [ 110.017884, 25.167068 ], [ 110.018002, 25.167058 ], [ 110.018202, 25.167056 ] ] ] } },
{ "type": "Feature", "properties": { "BSM": "450312211000411547", "DLBM": "0601", "DLMC": "工业用地", "图斑面积": 215.33, "坐落单位": "仁义村委会", "企业名称": null, "行业代码": null, "行业名称": null, "产值": 0.0, "行政区": null, "用地性": null }, "geometry": { "type": "Polygon", "coordinates": [ [ [ 109.948478, 25.337987 ], [ 109.948624, 25.338388 ], [ 109.948629, 25.338385 ], [ 109.948678, 25.338367 ], [ 109.948592, 25.338167 ], [ 109.948511, 25.337979 ], [ 109.948478, 25.337987 ] ] ] } },
{ "type": "Feature", "properties": { "BSM": "450312211000411620", "DLBM": "0601", "DLMC": "工业用地", "图斑面积": 1255.04, "坐落单位": "永平村委会", "企业名称": null, "行业代码": null, "行业名称": null, "产值": 0.0, "行政区": null, "用地性": null }, "geometry": { "type": "Polygon", "coordinates": [ [ [ 110.265168, 24.858789 ], [ 110.26517, 24.858788 ], [ 110.265025, 24.858726 ], [ 110.264956, 24.8587 ], [ 110.264813, 24.858655 ], [ 110.264748, 24.858643 ], [ 110.264689, 24.858643 ], [ 110.26462, 24.858656 ], [ 110.264598, 24.858662 ], [ 110.264599, 24.858835 ], [ 110.264601, 24.858899 ], [ 110.264632, 24.858918 ], [ 110.264664, 24.858937 ], [ 110.264664, 24.858918 ], [ 110.265022, 24.858921 ], [ 110.265026, 24.858836 ], [ 110.265026, 24.8588 ], [ 110.265166, 24.858788 ], [ 110.265168, 24.858789 ] ] ] } },
{ "type": "Feature", "properties": { "BSM": "450312211000411903", "DLBM": "0601", "DLMC": "工业用地", "图斑面积": 1023.07, "坐落单位": "清塘村委会", "企业名称": null, "行业代码": null, "行业名称": null, "产值": 0.0, "行政区": null, "用地性": null }, "geometry": { "type": "Polygon", "coordinates": [ [ [ 110.244511, 24.998403 ], [ 110.24461, 24.998574 ], [ 110.245061, 24.998447 ], [ 110.24501, 24.998273 ], [ 110.244511, 24.998403 ] ] ] } },
{ "type": "Feature", "properties": { "BSM": "450312211000411939", "DLBM": "0601", "DLMC": "工业用地", "图斑面积": 430.3, "坐落单位": "大村村委会", "企业名称": null, "行业代码": null, "行业名称": null, "产值": 0.0, "行政区": null, "用地性": null }, "geometry": { "type": "Polygon", "coordinates": [ [ [ 110.276866, 24.977068 ], [ 110.276755, 24.977193 ], [ 110.276863, 24.97728 ], [ 110.2769, 24.977309 ], [ 110.277068, 24.977151 ], [ 110.277038, 24.977138 ], [ 110.276866, 24.977068 ] ] ] } },
{ "type": "Feature", "properties": { "BSM": "450312211000411949", "DLBM": "0601", "DLMC": "工业用地", "图斑面积": 4963.63, "坐落单位": "羊田村委会", "企业名称": null, "行业代码": null, "行业名称": null, "产值": 0.0, "行政区": null, "用地性": null }, "geometry": { "type": "Polygon", "coordinates": [ [ [ 110.286021, 25.015058 ], [ 110.285996, 25.015053 ], [ 110.285889, 25.015035 ], [ 110.28574, 25.01501 ], [ 110.285637, 25.01499 ], [ 110.285481, 25.014959 ], [ 110.285353, 25.014934 ], [ 110.285337, 25.014931 ], [ 110.285273, 25.014919 ], [ 110.28514, 25.014893 ], [ 110.285015, 25.014862 ], [ 110.284894, 25.015017 ], [ 110.284923, 25.015128 ], [ 110.285133, 25.015075 ], [ 110.285161, 25.015068 ], [ 110.285224, 25.015077 ], [ 110.285337, 25.015094 ], [ 110.285348, 25.015096 ], [ 110.285399, 25.015218 ], [ 110.285429, 25.015288 ], [ 110.285574, 25.015317 ], [ 110.285649, 25.015331 ], [ 110.285829, 25.015379 ], [ 110.285903, 25.015398 ], [ 110.285941, 25.015419 ], [ 110.286165, 25.015543 ], [ 110.286281, 25.015606 ], [ 110.286312, 25.015624 ], [ 110.286337, 25.015602 ], [ 110.286444, 25.015508 ], [ 110.286492, 25.015464 ], [ 110.286475, 25.01545 ], [ 110.286423, 25.015405 ], [ 110.286259, 25.015263 ], [ 110.286043, 25.015077 ], [ 110.286023, 25.015059 ], [ 110.286021, 25.015058 ] ] ] } },
{ "type": "Feature", "properties": { "BSM": "450312211000412082", "DLBM": "0601", "DLMC": "工业用地", "图斑面积": 2781.76, "坐落单位": "诚正村委会", "企业名称": null, "行业代码": null, "行业名称": null, "产值": 0.0, "行政区": null, "用地性": null }, "geometry": { "type": "Polygon", "coordinates": [ [ [ 110.326036, 25.000292 ], [ 110.326195, 25.000135 ], [ 110.32637, 24.999915 ], [ 110.32646, 24.999796 ], [ 110.326383, 24.999767 ], [ 110.326211, 24.999707 ], [ 110.326017, 24.99964 ], [ 110.325901, 24.999599 ], [ 110.325895, 24.999608 ], [ 110.325894, 24.99961 ], [ 110.325797, 24.999824 ], [ 110.325741, 24.999946 ], [ 110.325847, 24.999999 ], [ 110.326015, 25.000069 ], [ 110.325941, 25.000218 ], [ 110.325945, 25.000223 ], [ 110.325987, 25.000269 ], [ 110.326008, 25.00028 ], [ 110.32602, 25.000286 ], [ 110.326036, 25.000292 ] ] ] } },
{ "type": "Feature", "properties": { "BSM": "450312211000413595", "DLBM": "0601", "DLMC": "工业用地", "图斑面积": 6467.61, "坐落单位": "广洞村委会", "企业名称": null, "行业代码": null, "行业名称": null, "产值": 0.0, "行政区": null, "用地性": null }, "geometry": { "type": "Polygon", "coordinates": [ [ [ 110.225191, 25.01623 ], [ 110.225262, 25.016123 ], [ 110.225343, 25.016093 ], [ 110.225424, 25.016063 ], [ 110.225559, 25.016029 ], [ 110.225708, 25.016001 ], [ 110.225805, 25.015996 ], [ 110.225882, 25.015966 ], [ 110.225919, 25.015925 ], [ 110.225927, 25.015916 ], [ 110.225996, 25.015868 ], [ 110.225976, 25.015825 ], [ 110.22598, 25.015717 ], [ 110.226008, 25.015607 ], [ 110.225953, 25.015586 ], [ 110.225861, 25.015527 ], [ 110.225742, 25.015411 ], [ 110.225626, 25.015291 ], [ 110.225598, 25.015263 ], [ 110.22551, 25.015276 ], [ 110.225452, 25.015312 ], [ 110.225447, 25.015485 ], [ 110.225422, 25.015513 ], [ 110.225369, 25.015518 ], [ 110.22527, 25.015471 ], [ 110.225229, 25.015483 ], [ 110.2252, 25.015514 ], [ 110.225077, 25.015558 ], [ 110.225095, 25.015631 ], [ 110.225128, 25.01566 ], [ 110.225159, 25.015749 ], [ 110.225087, 25.015828 ], [ 110.225061, 25.015878 ], [ 110.225033, 25.015931 ], [ 110.22503, 25.016092 ], [ 110.225055, 25.016128 ], [ 110.224983, 25.016253 ], [ 110.224976, 25.016288 ], [ 110.225, 25.016351 ], [ 110.225167, 25.016323 ], [ 110.225167, 25.016323 ], [ 110.225165, 25.016271 ], [ 110.225191, 25.01623 ] ] ] } },
{ "type": "Feature", "properties": { "BSM": "450312211000414965", "DLBM": "0601", "DLMC": "工业用地", "图斑面积": 881.42, "坐落单位": "庙坪村委会", "企业名称": null, "行业代码": null, "行业名称": null, "产值": 0.0, "行政区": null, "用地性": null }, "geometry": { "type": "Polygon", "coordinates": [ [ [ 110.043649, 25.624394 ], [ 110.043568, 25.624393 ], [ 110.043476, 25.624385 ], [ 110.043417, 25.624376 ], [ 110.043328, 25.624361 ], [ 110.043177, 25.624339 ], [ 110.043171, 25.624338 ], [ 110.043155, 25.624446 ], [ 110.04316, 25.624471 ], [ 110.043244, 25.624501 ], [ 110.043249, 25.62451 ], [ 110.043508, 25.624562 ], [ 110.04365, 25.624556 ], [ 110.043649, 25.624394 ] ] ] } },
{ "type": "Feature", "properties": { "BSM": "450312211000415709", "DLBM": "0601", "DLMC": "工业用地", "图斑面积": 550.69, "坐落单位": "翻水村委会", "企业名称": null, "行业代码": null, "行业名称": null, "产值": 0.0, "行政区": null, "用地性": null }, "geometry": { "type": "Polygon", "coordinates": [ [ [ 109.957201, 25.460295 ], [ 109.957296, 25.460239 ], [ 109.957138, 25.459992 ], [ 109.957034, 25.460062 ], [ 109.956984, 25.460095 ], [ 109.957161, 25.460319 ], [ 109.957201, 25.460295 ] ] ] } },
{ "type": "Feature", "properties": { "BSM": "450312211000416479", "DLBM": "0601", "DLMC": "工业用地", "图斑面积": 392.09, "坐落单位": "新立村委会", "企业名称": null, "行业代码": null, "行业名称": null, "产值": 0.0, "行政区": null, "用地性": null }, "geometry": { "type": "Polygon", "coordinates": [ [ [ 110.266277, 25.150081 ], [ 110.266498, 25.150118 ], [ 110.266529, 25.150131 ], [ 110.26653, 25.15013 ], [ 110.266655, 25.150052 ], [ 110.266433, 25.149986 ], [ 110.26637, 25.149967 ], [ 110.266333, 25.149956 ], [ 110.266277, 25.15008 ], [ 110.266277, 25.150081 ] ] ] } },
{ "type": "Feature", "properties": { "BSM": "450312211000417058", "DLBM": "0601", "DLMC": "工业用地", "图斑面积": 926.9, "坐落单位": "新立村委会", "企业名称": null, "行业代码": null, "行业名称": null, "产值": 0.0, "行政区": null, "用地性": null }, "geometry": { "type": "Polygon", "coordinates": [ [ [ 110.269713, 25.155214 ], [ 110.269905, 25.155193 ], [ 110.270024, 25.155189 ], [ 110.269922, 25.155021 ], [ 110.269883, 25.154986 ], [ 110.269762, 25.154986 ], [ 110.26972, 25.154946 ], [ 110.269555, 25.155098 ], [ 110.269573, 25.155121 ], [ 110.26959, 25.155235 ], [ 110.269713, 25.155214 ] ] ] } },
{ "type": "Feature", "properties": { "BSM": "450312211000417060", "DLBM": "0601", "DLMC": "工业用地", "图斑面积": 12107.07, "坐落单位": "陶淑村委会", "企业名称": null, "行业代码": null, "行业名称": null, "产值": 0.0, "行政区": null, "用地性": null }, "geometry": { "type": "Polygon", "coordinates": [ [ [ 110.133423, 25.040405 ], [ 110.133401, 25.040414 ], [ 110.133317, 25.040464 ], [ 110.13321, 25.040559 ], [ 110.133127, 25.040704 ], [ 110.133278, 25.040767 ], [ 110.133459, 25.040843 ], [ 110.133627, 25.040937 ], [ 110.13377, 25.041017 ], [ 110.133889, 25.041084 ], [ 110.134007, 25.04115 ], [ 110.134244, 25.041283 ], [ 110.134442, 25.041422 ], [ 110.134446, 25.041413 ], [ 110.134491, 25.041316 ], [ 110.134504, 25.041193 ], [ 110.134472, 25.040959 ], [ 110.134468, 25.040925 ], [ 110.134442, 25.04074 ], [ 110.134423, 25.04049 ], [ 110.134404, 25.040241 ], [ 110.134403, 25.040236 ], [ 110.134401, 25.040203 ], [ 110.134232, 25.040222 ], [ 110.134051, 25.040243 ], [ 110.133983, 25.040251 ], [ 110.133983, 25.0402 ], [ 110.133976, 25.040196 ], [ 110.134009, 25.040156 ], [ 110.133949, 25.04011 ], [ 110.133883, 25.040069 ], [ 110.13382, 25.04003 ], [ 110.133785, 25.040008 ], [ 110.133767, 25.039997 ], [ 110.133791, 25.039956 ], [ 110.133691, 25.039911 ], [ 110.133629, 25.040017 ], [ 110.13362, 25.040072 ], [ 110.133408, 25.04024 ], [ 110.133401, 25.040341 ], [ 110.133401, 25.040342 ], [ 110.133423, 25.040405 ] ] ] } },
{ "type": "Feature", "properties": { "BSM": "450312211000417246", "DLBM": "0601", "DLMC": "工业用地", "图斑面积": 1448.53, "坐落单位": "刘村村委会", "企业名称": null, "行业代码": null, "行业名称": null, "产值": 0.0, "行政区": null, "用地性": null }, "geometry": { "type": "Polygon", "coordinates": [ [ [ 110.128038, 25.207108 ], [ 110.128045, 25.207101 ], [ 110.128091, 25.207054 ], [ 110.128111, 25.207033 ], [ 110.128117, 25.206862 ], [ 110.128119, 25.206807 ], [ 110.128002, 25.206792 ], [ 110.128008, 25.206735 ], [ 110.128037, 25.206629 ], [ 110.127955, 25.206605 ], [ 110.127836, 25.206572 ], [ 110.127836, 25.206576 ], [ 110.127806, 25.206737 ], [ 110.127797, 25.206761 ], [ 110.127799, 25.206981 ], [ 110.127798, 25.207027 ], [ 110.127849, 25.207059 ], [ 110.127898, 25.207091 ], [ 110.127967, 25.207099 ], [ 110.128038, 25.207108 ] ] ] } },
{ "type": "Feature", "properties": { "BSM": "450312211000417613", "DLBM": "0601", "DLMC": "工业用地", "图斑面积": 260.7, "坐落单位": "李家村委会", "企业名称": null, "行业代码": null, "行业名称": null, "产值": 0.0, "行政区": null, "用地性": null }, "geometry": { "type": "Polygon", "coordinates": [ [ [ 110.130564, 25.109097 ], [ 110.130543, 25.109126 ], [ 110.130543, 25.109129 ], [ 110.130524, 25.109278 ], [ 110.130659, 25.109293 ], [ 110.130665, 25.109103 ], [ 110.130564, 25.109097 ] ] ] } },
{ "type": "Feature", "properties": { "BSM": "450312211000419691", "DLBM": "0601", "DLMC": "工业用地", "图斑面积": 477.77, "坐落单位": "独峰村委会", "企业名称": null, "行业代码": null, "行业名称": null, "产值": 0.0, "行政区": null, "用地性": null }, "geometry": { "type": "Polygon", "coordinates": [ [ [ 110.130861, 25.236094 ], [ 110.130539, 25.236078 ], [ 110.130538, 25.236094 ], [ 110.130537, 25.236207 ], [ 110.130584, 25.23621 ], [ 110.130609, 25.236212 ], [ 110.13086, 25.23623 ], [ 110.130861, 25.236094 ] ] ] } },
{ "type": "Feature", "properties": { "BSM": "450312211000419744", "DLBM": "0601", "DLMC": "工业用地", "图斑面积": 232.99, "坐落单位": "秧塘村委会", "企业名称": null, "行业代码": null, "行业名称": null, "产值": 0.0, "行政区": null, "用地性": null }, "geometry": { "type": "Polygon", "coordinates": [ [ [ 110.13122, 25.218059 ], [ 110.13122, 25.21806 ], [ 110.131225, 25.218081 ], [ 110.131342, 25.218092 ], [ 110.131405, 25.2181 ], [ 110.131556, 25.218055 ], [ 110.131648, 25.217998 ], [ 110.131665, 25.217988 ], [ 110.131681, 25.217933 ], [ 110.131672, 25.217819 ], [ 110.131659, 25.21777 ], [ 110.131636, 25.217775 ], [ 110.131638, 25.217779 ], [ 110.131643, 25.217784 ], [ 110.131637, 25.217912 ], [ 110.131625, 25.217968 ], [ 110.131592, 25.218005 ], [ 110.131523, 25.218034 ], [ 110.131363, 25.218068 ], [ 110.13122, 25.218059 ] ] ] } },
{ "type": "Feature", "properties": { "BSM": "450312211000420955", "DLBM": "0601", "DLMC": "工业用地", "图斑面积": 6568.81, "坐落单位": "四塘村委会", "企业名称": null, "行业代码": null, "行业名称": null, "产值": 0.0, "行政区": null, "用地性": null }, "geometry": { "type": "Polygon", "coordinates": [ [ [ 110.124092, 25.15509 ], [ 110.124151, 25.155065 ], [ 110.12419, 25.154983 ], [ 110.124219, 25.154966 ], [ 110.124254, 25.154968 ], [ 110.124248, 25.154905 ], [ 110.12422, 25.154607 ], [ 110.123968, 25.154656 ], [ 110.123973, 25.154676 ], [ 110.123904, 25.15469 ], [ 110.123899, 25.15467 ], [ 110.123845, 25.15468 ], [ 110.123779, 25.154436 ], [ 110.123757, 25.154437 ], [ 110.123727, 25.154439 ], [ 110.123688, 25.154441 ], [ 110.123667, 25.15436 ], [ 110.123643, 25.154268 ], [ 110.123626, 25.154267 ], [ 110.123586, 25.154272 ], [ 110.123497, 25.15431 ], [ 110.123512, 25.154336 ], [ 110.123525, 25.154382 ], [ 110.123526, 25.154434 ], [ 110.123513, 25.154481 ], [ 110.123504, 25.154497 ], [ 110.123481, 25.154504 ], [ 110.123472, 25.154506 ], [ 110.123455, 25.154507 ], [ 110.12336, 25.154484 ], [ 110.123358, 25.154553 ], [ 110.123382, 25.155037 ], [ 110.123403, 25.155149 ], [ 110.123411, 25.155246 ], [ 110.123428, 25.155246 ], [ 110.123881, 25.155245 ], [ 110.124084, 25.155245 ], [ 110.124087, 25.155182 ], [ 110.124092, 25.15509 ] ] ] } },
{ "type": "Feature", "properties": { "BSM": "450312211000420963", "DLBM": "0601", "DLMC": "工业用地", "图斑面积": 10031.65, "坐落单位": "刘村村委会", "企业名称": "广西实丽玻璃科技有限公司", "行业代码": "C30", "行业名称": "非金属矿物制品业", "产值": 0.0, "行政区": null, "用地性": null }, "geometry": { "type": "Polygon", "coordinates": [ [ [ 110.140744, 25.206309 ], [ 110.140803, 25.205828 ], [ 110.1404, 25.205773 ], [ 110.140132, 25.205736 ], [ 110.140043, 25.206386 ], [ 110.140024, 25.206527 ], [ 110.139955, 25.207034 ], [ 110.140042, 25.207046 ], [ 110.140338, 25.207084 ], [ 110.140459, 25.2071 ], [ 110.140646, 25.207124 ], [ 110.140665, 25.206965 ], [ 110.140744, 25.206309 ] ] ] } },
{ "type": "Feature", "properties": { "BSM": "450312211000420968", "DLBM": "0601", "DLMC": "工业用地", "图斑面积": 1513.58, "坐落单位": "江西村委会", "企业名称": "桂林青网科技园有限公司", "行业代码": "L72", "行业名称": "商业服务业", "产值": 0.0, "行政区": null, "用地性": null }, "geometry": { "type": "Polygon", "coordinates": [ [ [ 110.131603, 25.217782 ], [ 110.1312, 25.217822 ], [ 110.131167, 25.217812 ], [ 110.131082, 25.217824 ], [ 110.131083, 25.217969 ], [ 110.131083, 25.218089 ], [ 110.131083, 25.218089 ], [ 110.131083, 25.21809 ], [ 110.131083, 25.218089 ], [ 110.131132, 25.218065 ], [ 110.131133, 25.218064 ], [ 110.131161, 25.218057 ], [ 110.131193, 25.218057 ], [ 110.13122, 25.218059 ], [ 110.131363, 25.218068 ], [ 110.131523, 25.218034 ], [ 110.131592, 25.218005 ], [ 110.131625, 25.217968 ], [ 110.131637, 25.217912 ], [ 110.131643, 25.217784 ], [ 110.131638, 25.217779 ], [ 110.131636, 25.217775 ], [ 110.131603, 25.217782 ] ] ] } },
{ "type": "Feature", "properties": { "BSM": "450312211000420972", "DLBM": "0601", "DLMC": "工业用地", "图斑面积": 32717.72, "坐落单位": "秧塘村委会", "企业名称": "梅珍珠医学研究院", "行业代码": "M73", "行业名称": "研究和试验发展", "产值": 0.0, "行政区": null, "用地性": null }, "geometry": { "type": "Polygon", "coordinates": [ [ [ 110.132019, 25.216991 ], [ 110.13199, 25.217013 ], [ 110.131985, 25.217017 ], [ 110.131964, 25.217035 ], [ 110.131938, 25.217048 ], [ 110.131909, 25.217056 ], [ 110.131881, 25.217058 ], [ 110.131714, 25.217007 ], [ 110.131635, 25.216953 ], [ 110.131617, 25.216941 ], [ 110.131502, 25.216825 ], [ 110.13141, 25.216747 ], [ 110.13141, 25.216746 ], [ 110.131352, 25.21668 ], [ 110.131329, 25.216657 ], [ 110.131297, 25.216649 ], [ 110.13128, 25.21665 ], [ 110.131259, 25.21665 ], [ 110.131241, 25.216652 ], [ 110.13122, 25.216665 ], [ 110.131201, 25.216692 ], [ 110.13116, 25.216752 ], [ 110.13114, 25.216784 ], [ 110.131128, 25.216802 ], [ 110.131114, 25.216817 ], [ 110.131106, 25.216827 ], [ 110.131106, 25.216827 ], [ 110.131112, 25.216835 ], [ 110.131117, 25.216972 ], [ 110.131119, 25.217031 ], [ 110.131158, 25.217051 ], [ 110.131215, 25.217092 ], [ 110.131231, 25.217126 ], [ 110.131226, 25.217186 ], [ 110.131212, 25.217284 ], [ 110.131198, 25.217439 ], [ 110.13115, 25.217558 ], [ 110.131183, 25.217564 ], [ 110.131182, 25.217556 ], [ 110.135184, 25.217507 ], [ 110.135238, 25.217506 ], [ 110.135242, 25.217276 ], [ 110.135244, 25.217137 ], [ 110.135245, 25.217081 ], [ 110.13525, 25.216763 ], [ 110.135251, 25.216727 ], [ 110.13522, 25.216583 ], [ 110.135188, 25.216604 ], [ 110.135132, 25.216626 ], [ 110.134911, 25.216716 ], [ 110.134898, 25.216721 ], [ 110.134835, 25.216747 ], [ 110.134469, 25.216765 ], [ 110.134107, 25.216784 ], [ 110.134104, 25.216784 ], [ 110.134079, 25.216785 ], [ 110.133793, 25.2168 ], [ 110.133776, 25.216801 ], [ 110.133775, 25.216801 ], [ 110.133611, 25.216809 ], [ 110.133465, 25.216808 ], [ 110.133319, 25.216807 ], [ 110.133302, 25.216806 ], [ 110.133218, 25.216801 ], [ 110.133077, 25.216793 ], [ 110.133059, 25.216792 ], [ 110.13294, 25.216799 ], [ 110.132809, 25.216808 ], [ 110.132672, 25.216827 ], [ 110.132564, 25.216842 ], [ 110.132318, 25.216877 ], [ 110.132053, 25.216966 ], [ 110.132019, 25.216991 ] ] ] } },
{ "type": "Feature", "properties": { "BSM": "450312211000422280", "DLBM": "0601", "DLMC": "工业用地", "图斑面积": 11577.32, "坐落单位": "城联村委会", "企业名称": null, "行业代码": null, "行业名称": null, "产值": 0.0, "行政区": null, "用地性": null }, "geometry": { "type": "Polygon", "coordinates": [ [ [ 110.006623, 25.200396 ], [ 110.006774, 25.200421 ], [ 110.00689, 25.200456 ], [ 110.006932, 25.200469 ], [ 110.007052, 25.200521 ], [ 110.007202, 25.200588 ], [ 110.007237, 25.200604 ], [ 110.007276, 25.200621 ], [ 110.007464, 25.200713 ], [ 110.007558, 25.20076 ], [ 110.007615, 25.200788 ], [ 110.007698, 25.200824 ], [ 110.00786, 25.200896 ], [ 110.008019, 25.200968 ], [ 110.0081, 25.200906 ], [ 110.008254, 25.200792 ], [ 110.008207, 25.200673 ], [ 110.00811, 25.200486 ], [ 110.008012, 25.2003 ], [ 110.007897, 25.200106 ], [ 110.007884, 25.200083 ], [ 110.007771, 25.199894 ], [ 110.007669, 25.199678 ], [ 110.007662, 25.199666 ], [ 110.007591, 25.199525 ], [ 110.007587, 25.199518 ], [ 110.007527, 25.1994 ], [ 110.007114, 25.199506 ], [ 110.007114, 25.199509 ], [ 110.007129, 25.199545 ], [ 110.007139, 25.19959 ], [ 110.007132, 25.199613 ], [ 110.00711, 25.199632 ], [ 110.007062, 25.199649 ], [ 110.007153, 25.199948 ], [ 110.007315, 25.199909 ], [ 110.007292, 25.199828 ], [ 110.007225, 25.199841 ], [ 110.007181, 25.199686 ], [ 110.007268, 25.199669 ], [ 110.007284, 25.199714 ], [ 110.007398, 25.199684 ], [ 110.007433, 25.199782 ], [ 110.007439, 25.200025 ], [ 110.007271, 25.199978 ], [ 110.007261, 25.200029 ], [ 110.007255, 25.200054 ], [ 110.007227, 25.200059 ], [ 110.007171, 25.20007 ], [ 110.007171, 25.20007 ], [ 110.007179, 25.200101 ], [ 110.007187, 25.200131 ], [ 110.007136, 25.200286 ], [ 110.007077, 25.200264 ], [ 110.007032, 25.20026 ], [ 110.006965, 25.200262 ], [ 110.006948, 25.200273 ], [ 110.006934, 25.200306 ], [ 110.006917, 25.200352 ], [ 110.006893, 25.200361 ], [ 110.006867, 25.200357 ], [ 110.006733, 25.20033 ], [ 110.006686, 25.200354 ], [ 110.006623, 25.200365 ], [ 110.006623, 25.200396 ] ] ] } },
{ "type": "Feature", "properties": { "BSM": "450312211000422403", "DLBM": "0601", "DLMC": "工业用地", "图斑面积": 5919.63, "坐落单位": "城联村委会", "企业名称": null, "行业代码": null, "行业名称": null, "产值": 0.0, "行政区": null, "用地性": null }, "geometry": { "type": "Polygon", "coordinates": [ [ [ 110.016528, 25.188636 ], [ 110.016528, 25.189041 ], [ 110.016614, 25.189039 ], [ 110.016653, 25.189039 ], [ 110.016676, 25.189038 ], [ 110.01668, 25.189038 ], [ 110.016876, 25.189005 ], [ 110.0169, 25.189001 ], [ 110.017282, 25.188953 ], [ 110.017336, 25.188946 ], [ 110.017476, 25.188938 ], [ 110.017608, 25.188936 ], [ 110.017694, 25.188903 ], [ 110.017691, 25.188875 ], [ 110.017632, 25.188442 ], [ 110.017593, 25.188444 ], [ 110.017532, 25.188448 ], [ 110.017509, 25.18845 ], [ 110.017422, 25.188456 ], [ 110.017285, 25.188475 ], [ 110.01716, 25.188491 ], [ 110.017053, 25.188506 ], [ 110.016877, 25.188539 ], [ 110.016872, 25.188539 ], [ 110.016785, 25.188556 ], [ 110.01679, 25.18858 ], [ 110.016528, 25.188632 ], [ 110.016528, 25.188636 ] ] ] } },
{ "type": "Feature", "properties": { "BSM": "450312211000422405", "DLBM": "0601", "DLMC": "工业用地", "图斑面积": 1745.19, "坐落单位": "城联村委会", "企业名称": null, "行业代码": null, "行业名称": null, "产值": 0.0, "行政区": null, "用地性": null }, "geometry": { "type": "Polygon", "coordinates": [ [ [ 110.017232, 25.191771 ], [ 110.017245, 25.191765 ], [ 110.017259, 25.191762 ], [ 110.017311, 25.191751 ], [ 110.017365, 25.191917 ], [ 110.017523, 25.191891 ], [ 110.01754, 25.191928 ], [ 110.01763, 25.191926 ], [ 110.017642, 25.191925 ], [ 110.017699, 25.191904 ], [ 110.01776, 25.191894 ], [ 110.017791, 25.191895 ], [ 110.017824, 25.191902 ], [ 110.017839, 25.191816 ], [ 110.01787, 25.191618 ], [ 110.017882, 25.191545 ], [ 110.01776, 25.191596 ], [ 110.01763, 25.191616 ], [ 110.017497, 25.19164 ], [ 110.017403, 25.191657 ], [ 110.017315, 25.191679 ], [ 110.01726, 25.191694 ], [ 110.017203, 25.191709 ], [ 110.017227, 25.191759 ], [ 110.017232, 25.191771 ] ] ] } },
{ "type": "Feature", "properties": { "BSM": "450312211000422441", "DLBM": "0601", "DLMC": "工业用地", "图斑面积": 1786.56, "坐落单位": "车梁村委会", "企业名称": null, "行业代码": null, "行业名称": null, "产值": 0.0, "行政区": null, "用地性": null }, "geometry": { "type": "Polygon", "coordinates": [ [ [ 110.02413, 25.221694 ], [ 110.023954, 25.221781 ], [ 110.023699, 25.221873 ], [ 110.023579, 25.221914 ], [ 110.023611, 25.222036 ], [ 110.023625, 25.222104 ], [ 110.023914, 25.222074 ], [ 110.024196, 25.221951 ], [ 110.024232, 25.221935 ], [ 110.02429, 25.2219 ], [ 110.02429, 25.2219 ], [ 110.024283, 25.221889 ], [ 110.024245, 25.221834 ], [ 110.024168, 25.221721 ], [ 110.024155, 25.221702 ], [ 110.02413, 25.221694 ] ] ] } },
{ "type": "Feature", "properties": { "BSM": "450312211000422853", "DLBM": "0601", "DLMC": "工业用地", "图斑面积": 8279.88, "坐落单位": "渡头村委会", "企业名称": null, "行业代码": null, "行业名称": null, "产值": 0.0, "行政区": null, "用地性": null }, "geometry": { "type": "Polygon", "coordinates": [ [ [ 110.020336, 25.269626 ], [ 110.020346, 25.269566 ], [ 110.020351, 25.269536 ], [ 110.020321, 25.269531 ], [ 110.020181, 25.269506 ], [ 110.02006, 25.269498 ], [ 110.020045, 25.269596 ], [ 110.019991, 25.269812 ], [ 110.019936, 25.270018 ], [ 110.019931, 25.270037 ], [ 110.019826, 25.270318 ], [ 110.019735, 25.270542 ], [ 110.019685, 25.270642 ], [ 110.019661, 25.270702 ], [ 110.019686, 25.270707 ], [ 110.019698, 25.270712 ], [ 110.019707, 25.270721 ], [ 110.019706, 25.27073 ], [ 110.019705, 25.270742 ], [ 110.019703, 25.270754 ], [ 110.019596, 25.27103 ], [ 110.019533, 25.271119 ], [ 110.019524, 25.271153 ], [ 110.019542, 25.27117 ], [ 110.019636, 25.271212 ], [ 110.019604, 25.271286 ], [ 110.01955, 25.271423 ], [ 110.019462, 25.27138 ], [ 110.019442, 25.271365 ], [ 110.019422, 25.27135 ], [ 110.019409, 25.271339 ], [ 110.019394, 25.271329 ], [ 110.019335, 25.271294 ], [ 110.019246, 25.271391 ], [ 110.019249, 25.271393 ], [ 110.019331, 25.271457 ], [ 110.019392, 25.271479 ], [ 110.019431, 25.271473 ], [ 110.019651, 25.271522 ], [ 110.019717, 25.271522 ], [ 110.01979, 25.271495 ], [ 110.019825, 25.271477 ], [ 110.019831, 25.271456 ], [ 110.020006, 25.271042 ], [ 110.020013, 25.271022 ], [ 110.020119, 25.270783 ], [ 110.020202, 25.270617 ], [ 110.020195, 25.270614 ], [ 110.020151, 25.270595 ], [ 110.020206, 25.270403 ], [ 110.020217, 25.270365 ], [ 110.020226, 25.270331 ], [ 110.020245, 25.270237 ], [ 110.020271, 25.270104 ], [ 110.020206, 25.270093 ], [ 110.020217, 25.270027 ], [ 110.02022, 25.27002 ], [ 110.020234, 25.26998 ], [ 110.020252, 25.26993 ], [ 110.020274, 25.269855 ], [ 110.020265, 25.269841 ], [ 110.020035, 25.269799 ], [ 110.020053, 25.26973 ], [ 110.02029, 25.269774 ], [ 110.020315, 25.269696 ], [ 110.020336, 25.269626 ] ] ] } },
{ "type": "Feature", "properties": { "BSM": "450312211000422877", "DLBM": "0601", "DLMC": "工业用地", "图斑面积": 36032.08, "坐落单位": "罗城村委会", "企业名称": null, "行业代码": null, "行业名称": null, "产值": 0.0, "行政区": null, "用地性": null }, "geometry": { "type": "Polygon", "coordinates": [ [ [ 109.991409, 25.317087 ], [ 109.991422, 25.317068 ], [ 109.991438, 25.317026 ], [ 109.991466, 25.316953 ], [ 109.991469, 25.316938 ], [ 109.991478, 25.316897 ], [ 109.991493, 25.316839 ], [ 109.991506, 25.316775 ], [ 109.991509, 25.316716 ], [ 109.991511, 25.316657 ], [ 109.991518, 25.316547 ], [ 109.991534, 25.316444 ], [ 109.991546, 25.316326 ], [ 109.991552, 25.316229 ], [ 109.991558, 25.31612 ], [ 109.991255, 25.316061 ], [ 109.991232, 25.31599 ], [ 109.991156, 25.315966 ], [ 109.991048, 25.315803 ], [ 109.991011, 25.315844 ], [ 109.990967, 25.315889 ], [ 109.990917, 25.315925 ], [ 109.990855, 25.315961 ], [ 109.990804, 25.31599 ], [ 109.990785, 25.316 ], [ 109.990713, 25.316037 ], [ 109.990624, 25.316085 ], [ 109.99053, 25.316133 ], [ 109.990462, 25.316174 ], [ 109.990413, 25.316199 ], [ 109.990363, 25.31623 ], [ 109.990315, 25.316256 ], [ 109.990271, 25.316284 ], [ 109.9902, 25.316325 ], [ 109.990149, 25.316355 ], [ 109.990088, 25.316384 ], [ 109.990037, 25.316405 ], [ 109.989972, 25.316426 ], [ 109.989958, 25.31643 ], [ 109.989951, 25.316432 ], [ 109.989935, 25.316435 ], [ 109.989931, 25.316436 ], [ 109.989942, 25.316445 ], [ 109.989952, 25.316453 ], [ 109.98996, 25.316465 ], [ 109.989968, 25.316484 ], [ 109.989969, 25.316504 ], [ 109.989963, 25.316544 ], [ 109.989948, 25.316586 ], [ 109.989941, 25.316614 ], [ 109.989939, 25.316634 ], [ 109.989941, 25.316646 ], [ 109.989944, 25.316665 ], [ 109.989957, 25.316691 ], [ 109.989867, 25.31694 ], [ 109.989889, 25.317032 ], [ 109.989513, 25.317964 ], [ 109.989331, 25.31836 ], [ 109.989326, 25.31836 ], [ 109.989158, 25.318358 ], [ 109.989057, 25.31837 ], [ 109.989001, 25.31845 ], [ 109.989015, 25.318456 ], [ 109.989064, 25.318486 ], [ 109.989114, 25.318522 ], [ 109.989152, 25.318545 ], [ 109.989139, 25.318564 ], [ 109.989172, 25.318581 ], [ 109.989217, 25.318601 ], [ 109.989233, 25.318592 ], [ 109.989275, 25.318578 ], [ 109.989283, 25.318577 ], [ 109.989298, 25.318574 ], [ 109.989308, 25.318572 ], [ 109.989341, 25.31857 ], [ 109.98942, 25.318559 ], [ 109.989492, 25.318549 ], [ 109.989579, 25.318539 ], [ 109.989632, 25.31853 ], [ 109.989688, 25.318523 ], [ 109.989759, 25.318513 ], [ 109.989788, 25.318504 ], [ 109.989825, 25.318501 ], [ 109.989879, 25.318502 ], [ 109.989925, 25.318504 ], [ 109.990192, 25.318506 ], [ 109.990194, 25.318413 ], [ 109.990205, 25.318366 ], [ 109.9902, 25.318251 ], [ 109.990154, 25.318146 ], [ 109.989988, 25.318006 ], [ 109.99004, 25.317968 ], [ 109.990026, 25.317781 ], [ 109.990404, 25.31778 ], [ 109.99055, 25.317924 ], [ 109.990628, 25.317982 ], [ 109.990765, 25.317935 ], [ 109.990808, 25.317816 ], [ 109.990846, 25.317735 ], [ 109.991136, 25.317768 ], [ 109.991177, 25.317677 ], [ 109.991259, 25.317503 ], [ 109.991314, 25.317386 ], [ 109.991371, 25.317221 ], [ 109.991395, 25.317145 ], [ 109.991402, 25.317119 ], [ 109.991409, 25.317087 ] ] ] } },
{ "type": "Feature", "properties": { "BSM": "450312211000423045", "DLBM": "0601", "DLMC": "工业用地", "图斑面积": 1429.04, "坐落单位": "宝山村委会", "企业名称": null, "行业代码": null, "行业名称": null, "产值": 0.0, "行政区": null, "用地性": null }, "geometry": { "type": "Polygon", "coordinates": [ [ [ 110.026202, 25.166094 ], [ 110.026222, 25.166104 ], [ 110.026324, 25.166154 ], [ 110.026555, 25.166062 ], [ 110.027126, 25.165834 ], [ 110.027144, 25.165808 ], [ 110.027133, 25.165796 ], [ 110.026979, 25.165796 ], [ 110.026949, 25.165796 ], [ 110.026853, 25.165844 ], [ 110.026766, 25.165866 ], [ 110.026684, 25.165882 ], [ 110.02657, 25.165889 ], [ 110.02648, 25.165893 ], [ 110.026416, 25.165907 ], [ 110.026356, 25.165923 ], [ 110.026282, 25.16596 ], [ 110.026232, 25.165997 ], [ 110.026186, 25.166049 ], [ 110.026161, 25.166067 ], [ 110.026145, 25.166066 ], [ 110.026177, 25.166082 ], [ 110.026188, 25.166079 ], [ 110.026202, 25.166094 ] ] ] } },
{ "type": "Feature", "properties": { "BSM": "450312211000423113", "DLBM": "0601", "DLMC": "工业用地", "图斑面积": 13167.13, "坐落单位": "城联村委会", "企业名称": null, "行业代码": null, "行业名称": null, "产值": 0.0, "行政区": null, "用地性": null }, "geometry": { "type": "Polygon", "coordinates": [ [ [ 110.017592, 25.176604 ], [ 110.017474, 25.176603 ], [ 110.017381, 25.1766 ], [ 110.017369, 25.176599 ], [ 110.017205, 25.176598 ], [ 110.017158, 25.176598 ], [ 110.017146, 25.176598 ], [ 110.017123, 25.176738 ], [ 110.017061, 25.177146 ], [ 110.017009, 25.177403 ], [ 110.017025, 25.177404 ], [ 110.017126, 25.177409 ], [ 110.017152, 25.177411 ], [ 110.017158, 25.177411 ], [ 110.017329, 25.177421 ], [ 110.017349, 25.177422 ], [ 110.017374, 25.177424 ], [ 110.017572, 25.177441 ], [ 110.017826, 25.177462 ], [ 110.017929, 25.177467 ], [ 110.017991, 25.17747 ], [ 110.018333, 25.177487 ], [ 110.018412, 25.177233 ], [ 110.018426, 25.177188 ], [ 110.018459, 25.177084 ], [ 110.01849, 25.176987 ], [ 110.018536, 25.176811 ], [ 110.018544, 25.176767 ], [ 110.018553, 25.176717 ], [ 110.018563, 25.176666 ], [ 110.018569, 25.176607 ], [ 110.018256, 25.176596 ], [ 110.017817, 25.176603 ], [ 110.01779, 25.176607 ], [ 110.017592, 25.176604 ] ] ] } },
{ "type": "Feature", "properties": { "BSM": "450312211000423116", "DLBM": "0601", "DLMC": "工业用地", "图斑面积": 2097.77, "坐落单位": "车梁村委会", "企业名称": null, "行业代码": null, "行业名称": null, "产值": 0.0, "行政区": null, "用地性": null }, "geometry": { "type": "Polygon", "coordinates": [ [ [ 110.025467, 25.207234 ], [ 110.025629, 25.207228 ], [ 110.025807, 25.207197 ], [ 110.025878, 25.207178 ], [ 110.025893, 25.207173 ], [ 110.025996, 25.207147 ], [ 110.026104, 25.207111 ], [ 110.026196, 25.207072 ], [ 110.02628, 25.207042 ], [ 110.026367, 25.207005 ], [ 110.026358, 25.206992 ], [ 110.02622, 25.206796 ], [ 110.026075, 25.206841 ], [ 110.026074, 25.206879 ], [ 110.02601, 25.206918 ], [ 110.025745, 25.206977 ], [ 110.025589, 25.20701 ], [ 110.025549, 25.20701 ], [ 110.025522, 25.207113 ], [ 110.025467, 25.207234 ] ] ] } },
{ "type": "Feature", "properties": { "BSM": "450312211000423281", "DLBM": "0601", "DLMC": "工业用地", "图斑面积": 9098.27, "坐落单位": "大洲村委会", "企业名称": null, "行业代码": null, "行业名称": null, "产值": 0.0, "行政区": null, "用地性": null }, "geometry": { "type": "Polygon", "coordinates": [ [ [ 110.021259, 25.172136 ], [ 110.021053, 25.172109 ], [ 110.021052, 25.172111 ], [ 110.021025, 25.172156 ], [ 110.020912, 25.172691 ], [ 110.021064, 25.172708 ], [ 110.021049, 25.172862 ], [ 110.021179, 25.172879 ], [ 110.021344, 25.172909 ], [ 110.021367, 25.172947 ], [ 110.02129, 25.173209 ], [ 110.021427, 25.173253 ], [ 110.021446, 25.173231 ], [ 110.021627, 25.173023 ], [ 110.021828, 25.172801 ], [ 110.021748, 25.172749 ], [ 110.021735, 25.172741 ], [ 110.021773, 25.172597 ], [ 110.021839, 25.172308 ], [ 110.021952, 25.172306 ], [ 110.021976, 25.172275 ], [ 110.022044, 25.172076 ], [ 110.02187, 25.172015 ], [ 110.021832, 25.172002 ], [ 110.021827, 25.171992 ], [ 110.021833, 25.171968 ], [ 110.021677, 25.171923 ], [ 110.021645, 25.171946 ], [ 110.021569, 25.17209 ], [ 110.021545, 25.172094 ], [ 110.0213, 25.172025 ], [ 110.021281, 25.172044 ], [ 110.021259, 25.172136 ] ] ] } },
{ "type": "Feature", "properties": { "BSM": "450312211000423610", "DLBM": "0601", "DLMC": "工业用地", "图斑面积": 2812.7, "坐落单位": "宝山村委会", "企业名称": null, "行业代码": null, "行业名称": null, "产值": 0.0, "行政区": null, "用地性": null }, "geometry": { "type": "Polygon", "coordinates": [ [ [ 110.027134, 25.161225 ], [ 110.027203, 25.161268 ], [ 110.027372, 25.161386 ], [ 110.027392, 25.1614 ], [ 110.027443, 25.161334 ], [ 110.027579, 25.161375 ], [ 110.027596, 25.161332 ], [ 110.027633, 25.161289 ], [ 110.027688, 25.161236 ], [ 110.02778, 25.161184 ], [ 110.027819, 25.161163 ], [ 110.027909, 25.161122 ], [ 110.027981, 25.161063 ], [ 110.028052, 25.161001 ], [ 110.028052, 25.160997 ], [ 110.027929, 25.160992 ], [ 110.02744, 25.160973 ], [ 110.027396, 25.160975 ], [ 110.027308, 25.160952 ], [ 110.027261, 25.16094 ], [ 110.027191, 25.160989 ], [ 110.027128, 25.161034 ], [ 110.027067, 25.161183 ], [ 110.027134, 25.161225 ] ] ] } },
{ "type": "Feature", "properties": { "BSM": "450312211000423905", "DLBM": "0601", "DLMC": "工业用地", "图斑面积": 938.43, "坐落单位": "凤凰林场", "企业名称": null, "行业代码": null, "行业名称": null, "产值": 0.0, "行政区": null, "用地性": null }, "geometry": { "type": "Polygon", "coordinates": [ [ [ 110.090392, 25.20519 ], [ 110.090354, 25.2053 ], [ 110.090339, 25.205329 ], [ 110.090329, 25.205348 ], [ 110.090302, 25.205392 ], [ 110.090282, 25.205458 ], [ 110.090262, 25.205526 ], [ 110.090229, 25.20569 ], [ 110.090214, 25.205729 ], [ 110.090278, 25.205757 ], [ 110.090362, 25.205746 ], [ 110.090357, 25.205641 ], [ 110.090458, 25.205631 ], [ 110.090463, 25.205438 ], [ 110.090473, 25.205225 ], [ 110.090425, 25.205209 ], [ 110.090392, 25.20519 ] ] ] } },
{ "type": "Feature", "properties": { "BSM": "450312211000424487", "DLBM": "0601", "DLMC": "工业用地", "图斑面积": 1073.58, "坐落单位": "宝山村委会", "企业名称": null, "行业代码": null, "行业名称": null, "产值": 0.0, "行政区": null, "用地性": null }, "geometry": { "type": "Polygon", "coordinates": [ [ [ 110.026787, 25.161391 ], [ 110.026731, 25.161458 ], [ 110.027124, 25.161764 ], [ 110.027124, 25.161763 ], [ 110.027253, 25.161578 ], [ 110.027216, 25.161594 ], [ 110.027196, 25.161592 ], [ 110.027168, 25.161584 ], [ 110.027138, 25.161554 ], [ 110.027135, 25.161551 ], [ 110.026988, 25.161403 ], [ 110.026963, 25.161378 ], [ 110.026882, 25.161277 ], [ 110.026787, 25.161391 ] ] ] } },
{ "type": "Feature", "properties": { "BSM": "450312211000424489", "DLBM": "0601", "DLMC": "工业用地", "图斑面积": 3670.23, "坐落单位": "宝山村委会", "企业名称": null, "行业代码": null, "行业名称": null, "产值": 0.0, "行政区": null, "用地性": null }, "geometry": { "type": "Polygon", "coordinates": [ [ [ 110.014233, 25.179038 ], [ 110.014147, 25.178921 ], [ 110.01396, 25.179118 ], [ 110.013875, 25.179237 ], [ 110.013856, 25.179285 ], [ 110.013784, 25.17946 ], [ 110.013806, 25.179507 ], [ 110.013806, 25.179507 ], [ 110.013922, 25.179461 ], [ 110.014113, 25.179509 ], [ 110.014191, 25.179512 ], [ 110.014238, 25.179514 ], [ 110.014305, 25.179516 ], [ 110.014318, 25.179512 ], [ 110.014478, 25.179459 ], [ 110.014484, 25.179456 ], [ 110.014527, 25.179435 ], [ 110.014389, 25.179247 ], [ 110.014434, 25.179212 ], [ 110.014541, 25.179154 ], [ 110.014571, 25.179172 ], [ 110.014599, 25.179191 ], [ 110.014636, 25.179181 ], [ 110.014673, 25.17914 ], [ 110.014632, 25.179079 ], [ 110.014599, 25.17903 ], [ 110.014529, 25.178928 ], [ 110.014502, 25.178888 ], [ 110.014233, 25.179038 ] ] ] } },
{ "type": "Feature", "properties": { "BSM": "450312211000424491", "DLBM": "0601", "DLMC": "工业用地", "图斑面积": 3334.03, "坐落单位": "城联村委会", "企业名称": null, "行业代码": null, "行业名称": null, "产值": 0.0, "行政区": null, "用地性": null }, "geometry": { "type": "Polygon", "coordinates": [ [ [ 110.016251, 25.181276 ], [ 110.016308, 25.18136 ], [ 110.016312, 25.181365 ], [ 110.016393, 25.181357 ], [ 110.01649, 25.181366 ], [ 110.0165, 25.181369 ], [ 110.016584, 25.181399 ], [ 110.016699, 25.181435 ], [ 110.016707, 25.181438 ], [ 110.016701, 25.181478 ], [ 110.016697, 25.181485 ], [ 110.016697, 25.181487 ], [ 110.016703, 25.181529 ], [ 110.016723, 25.181548 ], [ 110.016751, 25.181566 ], [ 110.016745, 25.18162 ], [ 110.016754, 25.181627 ], [ 110.016768, 25.181572 ], [ 110.016821, 25.181588 ], [ 110.017067, 25.181661 ], [ 110.017102, 25.181554 ], [ 110.017106, 25.181541 ], [ 110.017141, 25.181434 ], [ 110.01704, 25.181419 ], [ 110.017037, 25.181435 ], [ 110.016942, 25.181417 ], [ 110.016972, 25.181327 ], [ 110.01691, 25.181315 ], [ 110.016886, 25.181297 ], [ 110.016887, 25.181264 ], [ 110.016886, 25.181225 ], [ 110.01685, 25.1812 ], [ 110.016799, 25.1812 ], [ 110.016775, 25.181167 ], [ 110.016775, 25.181112 ], [ 110.016776, 25.181073 ], [ 110.016514, 25.180896 ], [ 110.016444, 25.180929 ], [ 110.016251, 25.181276 ] ] ] } },
{ "type": "Feature", "properties": { "BSM": "450312211000424492", "DLBM": "0601", "DLMC": "工业用地", "图斑面积": 39156.79, "坐落单位": "城联村委会", "企业名称": null, "行业代码": null, "行业名称": null, "产值": 0.0, "行政区": null, "用地性": null }, "geometry": { "type": "Polygon", "coordinates": [ [ [ 110.018648, 25.175596 ], [ 110.018648, 25.175597 ], [ 110.018672, 25.175901 ], [ 110.018675, 25.175938 ], [ 110.018696, 25.176325 ], [ 110.018686, 25.176551 ], [ 110.018657, 25.176754 ], [ 110.018636, 25.176841 ], [ 110.018598, 25.177002 ], [ 110.018555, 25.177136 ], [ 110.018437, 25.17751 ], [ 110.018364, 25.17773 ], [ 110.018321, 25.177861 ], [ 110.018317, 25.177873 ], [ 110.018314, 25.177882 ], [ 110.018309, 25.177897 ], [ 110.018232, 25.178132 ], [ 110.018205, 25.178215 ], [ 110.018177, 25.178293 ], [ 110.018116, 25.178461 ], [ 110.018071, 25.178606 ], [ 110.017969, 25.17894 ], [ 110.017889, 25.179185 ], [ 110.017857, 25.179281 ], [ 110.017765, 25.179573 ], [ 110.017733, 25.179673 ], [ 110.017679, 25.179848 ], [ 110.01762, 25.180041 ], [ 110.017608, 25.18008 ], [ 110.018035, 25.180207 ], [ 110.018614, 25.180372 ], [ 110.018947, 25.180458 ], [ 110.018948, 25.180457 ], [ 110.018979, 25.180353 ], [ 110.018983, 25.180317 ], [ 110.019003, 25.180158 ], [ 110.019016, 25.180102 ], [ 110.018992, 25.180046 ], [ 110.018919, 25.180035 ], [ 110.018895, 25.180034 ], [ 110.018751, 25.180041 ], [ 110.018596, 25.180001 ], [ 110.018527, 25.179951 ], [ 110.018527, 25.17995 ], [ 110.018527, 25.179948 ], [ 110.018533, 25.179774 ], [ 110.018533, 25.17977 ], [ 110.018534, 25.179767 ], [ 110.018564, 25.179716 ], [ 110.018638, 25.179595 ], [ 110.01865, 25.179575 ], [ 110.018652, 25.179572 ], [ 110.018496, 25.179519 ], [ 110.018504, 25.179516 ], [ 110.01855, 25.179406 ], [ 110.018583, 25.17941 ], [ 110.018602, 25.179344 ], [ 110.018647, 25.179191 ], [ 110.018649, 25.179153 ], [ 110.018666, 25.179067 ], [ 110.018567, 25.17905 ], [ 110.018662, 25.178745 ], [ 110.018673, 25.178696 ], [ 110.018973, 25.178781 ], [ 110.018975, 25.178762 ], [ 110.01899, 25.178743 ], [ 110.019022, 25.178702 ], [ 110.019178, 25.178501 ], [ 110.019231, 25.178433 ], [ 110.019241, 25.178351 ], [ 110.019265, 25.178167 ], [ 110.019272, 25.178113 ], [ 110.019271, 25.178078 ], [ 110.01927, 25.178055 ], [ 110.019268, 25.177978 ], [ 110.019361, 25.177826 ], [ 110.019446, 25.177689 ], [ 110.019513, 25.177483 ], [ 110.019489, 25.177391 ], [ 110.019421, 25.177352 ], [ 110.019176, 25.177212 ], [ 110.019114, 25.177177 ], [ 110.019071, 25.176973 ], [ 110.019008, 25.176686 ], [ 110.01905, 25.176454 ], [ 110.01906, 25.176396 ], [ 110.019115, 25.176056 ], [ 110.019118, 25.176036 ], [ 110.019114, 25.175896 ], [ 110.019123, 25.175889 ], [ 110.018778, 25.175675 ], [ 110.018671, 25.175609 ], [ 110.018648, 25.175596 ] ] ] } },
{ "type": "Feature", "properties": { "BSM": "450312211000424493", "DLBM": "0601", "DLMC": "工业用地", "图斑面积": 1854.05, "坐落单位": "城联村委会", "企业名称": null, "行业代码": null, "行业名称": null, "产值": 0.0, "行政区": null, "用地性": null }, "geometry": { "type": "Polygon", "coordinates": [ [ [ 110.009258, 25.20071 ], [ 110.009276, 25.200688 ], [ 110.009298, 25.200672 ], [ 110.00932, 25.200667 ], [ 110.009328, 25.200664 ], [ 110.009332, 25.200659 ], [ 110.009337, 25.200646 ], [ 110.009342, 25.200607 ], [ 110.009336, 25.200534 ], [ 110.009323, 25.200445 ], [ 110.009323, 25.200429 ], [ 110.009326, 25.200385 ], [ 110.009325, 25.200367 ], [ 110.009325, 25.200355 ], [ 110.009329, 25.200342 ], [ 110.009343, 25.200323 ], [ 110.00936, 25.200297 ], [ 110.00936, 25.200286 ], [ 110.009358, 25.200268 ], [ 110.009349, 25.200245 ], [ 110.009321, 25.200203 ], [ 110.00917, 25.200279 ], [ 110.008993, 25.200383 ], [ 110.008962, 25.200404 ], [ 110.008951, 25.200412 ], [ 110.008967, 25.200431 ], [ 110.009054, 25.200478 ], [ 110.009015, 25.20051 ], [ 110.008936, 25.20062 ], [ 110.008936, 25.20067 ], [ 110.008936, 25.200723 ], [ 110.00909, 25.200783 ], [ 110.009141, 25.200786 ], [ 110.009196, 25.200786 ], [ 110.009221, 25.200765 ], [ 110.00923, 25.200746 ], [ 110.00924, 25.200717 ], [ 110.009258, 25.20071 ] ] ] } },
{ "type": "Feature", "properties": { "BSM": "450312211000425119", "DLBM": "0601", "DLMC": "工业用地", "图斑面积": 577.55, "坐落单位": "新立村委会", "企业名称": null, "行业代码": null, "行业名称": null, "产值": 0.0, "行政区": null, "用地性": null }, "geometry": { "type": "Polygon", "coordinates": [ [ [ 110.268903, 25.155203 ], [ 110.268895, 25.15531 ], [ 110.268905, 25.155319 ], [ 110.269002, 25.155333 ], [ 110.269018, 25.155321 ], [ 110.269018, 25.155321 ], [ 110.26911, 25.155333 ], [ 110.26912, 25.155299 ], [ 110.269157, 25.155183 ], [ 110.269184, 25.155109 ], [ 110.269139, 25.155041 ], [ 110.269038, 25.155111 ], [ 110.269023, 25.155121 ], [ 110.268946, 25.155174 ], [ 110.268903, 25.155203 ] ] ] } },
{ "type": "Feature", "properties": { "BSM": "450312211000425158", "DLBM": "0601", "DLMC": "工业用地", "图斑面积": 172770.19, "坐落单位": "新民村委会", "企业名称": null, "行业代码": null, "行业名称": null, "产值": 0.0, "行政区": null, "用地性": null }, "geometry": { "type": "Polygon", "coordinates": [ [ [ 110.261922, 25.095084 ], [ 110.261861, 25.09489 ], [ 110.261732, 25.094519 ], [ 110.261628, 25.094215 ], [ 110.261559, 25.093996 ], [ 110.26149, 25.093778 ], [ 110.261387, 25.093505 ], [ 110.261378, 25.093485 ], [ 110.261232, 25.09358 ], [ 110.26111, 25.093678 ], [ 110.260892, 25.093845 ], [ 110.260751, 25.093956 ], [ 110.260554, 25.0941 ], [ 110.260448, 25.094185 ], [ 110.260314, 25.094288 ], [ 110.260029, 25.094505 ], [ 110.259685, 25.094756 ], [ 110.259514, 25.094871 ], [ 110.259285, 25.095045 ], [ 110.259055, 25.095219 ], [ 110.259, 25.095262 ], [ 110.258934, 25.095296 ], [ 110.258815, 25.095334 ], [ 110.258463, 25.095447 ], [ 110.258191, 25.095531 ], [ 110.25792, 25.095615 ], [ 110.257731, 25.095671 ], [ 110.257831, 25.095889 ], [ 110.257957, 25.096091 ], [ 110.258093, 25.096342 ], [ 110.258274, 25.096587 ], [ 110.258359, 25.09675 ], [ 110.258343, 25.0968 ], [ 110.258294, 25.096835 ], [ 110.258111, 25.09693 ], [ 110.258063, 25.096916 ], [ 110.258047, 25.096888 ], [ 110.257967, 25.096667 ], [ 110.257935, 25.096633 ], [ 110.257906, 25.096624 ], [ 110.257562, 25.096751 ], [ 110.257528, 25.096741 ], [ 110.257466, 25.096581 ], [ 110.257327, 25.09621 ], [ 110.257188, 25.095839 ], [ 110.256923, 25.09592 ], [ 110.256658, 25.096001 ], [ 110.25637, 25.09609 ], [ 110.25636, 25.096098 ], [ 110.256354, 25.096109 ], [ 110.256475, 25.096426 ], [ 110.256556, 25.096642 ], [ 110.256636, 25.096858 ], [ 110.256764, 25.097191 ], [ 110.256858, 25.09745 ], [ 110.256877, 25.097495 ], [ 110.256898, 25.097527 ], [ 110.256927, 25.097557 ], [ 110.256962, 25.097588 ], [ 110.257095, 25.097694 ], [ 110.257101, 25.097697 ], [ 110.257167, 25.097671 ], [ 110.25757, 25.097514 ], [ 110.25764, 25.097769 ], [ 110.257709, 25.098024 ], [ 110.257721, 25.09804 ], [ 110.25809, 25.098045 ], [ 110.258459, 25.098051 ], [ 110.258489, 25.098043 ], [ 110.2585, 25.098021 ], [ 110.258495, 25.097629 ], [ 110.258445, 25.097372 ], [ 110.258378, 25.096994 ], [ 110.258341, 25.096867 ], [ 110.258419, 25.096827 ], [ 110.258471, 25.09682 ], [ 110.258526, 25.096951 ], [ 110.258539, 25.097053 ], [ 110.258564, 25.097245 ], [ 110.258571, 25.09737 ], [ 110.258589, 25.097635 ], [ 110.258601, 25.097933 ], [ 110.258618, 25.098212 ], [ 110.258635, 25.09849 ], [ 110.258629, 25.098509 ], [ 110.258617, 25.098516 ], [ 110.258487, 25.098517 ], [ 110.258007, 25.098514 ], [ 110.257745, 25.098518 ], [ 110.257483, 25.098523 ], [ 110.257569, 25.098827 ], [ 110.257651, 25.099053 ], [ 110.257658, 25.09907 ], [ 110.257677, 25.099065 ], [ 110.25771, 25.099061 ], [ 110.257978, 25.098983 ], [ 110.258246, 25.098905 ], [ 110.258522, 25.098818 ], [ 110.258799, 25.09873 ], [ 110.259037, 25.09867 ], [ 110.259283, 25.098598 ], [ 110.25953, 25.098525 ], [ 110.259794, 25.098445 ], [ 110.260058, 25.098364 ], [ 110.26038, 25.098266 ], [ 110.260701, 25.098169 ], [ 110.261023, 25.098071 ], [ 110.261062, 25.098058 ], [ 110.260982, 25.097827 ], [ 110.260123, 25.098062 ], [ 110.259962, 25.097549 ], [ 110.259941, 25.097529 ], [ 110.259859, 25.097301 ], [ 110.259778, 25.097073 ], [ 110.259794, 25.097047 ], [ 110.26023, 25.096906 ], [ 110.260293, 25.096892 ], [ 110.260351, 25.096883 ], [ 110.260387, 25.096871 ], [ 110.260414, 25.096813 ], [ 110.260966, 25.096623 ], [ 110.261298, 25.09757 ], [ 110.261318, 25.09766 ], [ 110.26136, 25.097757 ], [ 110.261406, 25.097858 ], [ 110.261493, 25.097759 ], [ 110.261557, 25.097678 ], [ 110.261611, 25.097619 ], [ 110.26177, 25.097474 ], [ 110.261904, 25.097354 ], [ 110.261988, 25.097279 ], [ 110.262225, 25.097068 ], [ 110.262329, 25.096973 ], [ 110.262442, 25.096869 ], [ 110.262514, 25.096803 ], [ 110.26241, 25.096498 ], [ 110.262363, 25.096359 ], [ 110.262271, 25.096103 ], [ 110.26222, 25.095962 ], [ 110.262191, 25.095874 ], [ 110.262073, 25.095516 ], [ 110.262068, 25.095503 ], [ 110.262045, 25.095425 ], [ 110.261934, 25.095124 ], [ 110.261922, 25.095084 ] ] ] } },
{ "type": "Feature", "properties": { "BSM": "450312211000425231", "DLBM": "0601", "DLMC": "工业用地", "图斑面积": 14427.79, "坐落单位": "大联村委会", "企业名称": null, "行业代码": null, "行业名称": null, "产值": 0.0, "行政区": null, "用地性": null }, "geometry": { "type": "Polygon", "coordinates": [ [ [ 110.196519, 25.045019 ], [ 110.196622, 25.044904 ], [ 110.196679, 25.044882 ], [ 110.196704, 25.044897 ], [ 110.19679, 25.045067 ], [ 110.196908, 25.045201 ], [ 110.197026, 25.045236 ], [ 110.197124, 25.045244 ], [ 110.197194, 25.045232 ], [ 110.197302, 25.045169 ], [ 110.197371, 25.045106 ], [ 110.197388, 25.045031 ], [ 110.197434, 25.044934 ], [ 110.19743, 25.044863 ], [ 110.197428, 25.044826 ], [ 110.197463, 25.044768 ], [ 110.197534, 25.044716 ], [ 110.197756, 25.044605 ], [ 110.197844, 25.04451 ], [ 110.197876, 25.044406 ], [ 110.197667, 25.044201 ], [ 110.197631, 25.04415 ], [ 110.197629, 25.044148 ], [ 110.197726, 25.044067 ], [ 110.197723, 25.044022 ], [ 110.197465, 25.043806 ], [ 110.19744, 25.043814 ], [ 110.197376, 25.04388 ], [ 110.197287, 25.043773 ], [ 110.197259, 25.043798 ], [ 110.197116, 25.04393 ], [ 110.197071, 25.043973 ], [ 110.197029, 25.044012 ], [ 110.196884, 25.044146 ], [ 110.196882, 25.044148 ], [ 110.196835, 25.044192 ], [ 110.196756, 25.044266 ], [ 110.196656, 25.044359 ], [ 110.196476, 25.044517 ], [ 110.196297, 25.044675 ], [ 110.196176, 25.04479 ], [ 110.196328, 25.044913 ], [ 110.196519, 25.045019 ] ] ] } },
{ "type": "Feature", "properties": { "BSM": "450312211000425269", "DLBM": "0601", "DLMC": "工业用地", "图斑面积": 11658.01, "坐落单位": "寺山村委会", "企业名称": null, "行业代码": null, "行业名称": null, "产值": 0.0, "行政区": null, "用地性": null }, "geometry": { "type": "Polygon", "coordinates": [ [ [ 110.207642, 25.032439 ], [ 110.207686, 25.03243 ], [ 110.207714, 25.032442 ], [ 110.20772, 25.032451 ], [ 110.207769, 25.032514 ], [ 110.207829, 25.032613 ], [ 110.207853, 25.032649 ], [ 110.208005, 25.032672 ], [ 110.208134, 25.032675 ], [ 110.208275, 25.032683 ], [ 110.208459, 25.032689 ], [ 110.208543, 25.032721 ], [ 110.208596, 25.032742 ], [ 110.208622, 25.032628 ], [ 110.208638, 25.032521 ], [ 110.208645, 25.032472 ], [ 110.208651, 25.032405 ], [ 110.208659, 25.032175 ], [ 110.208663, 25.032042 ], [ 110.208664, 25.032024 ], [ 110.208665, 25.03197 ], [ 110.208667, 25.031937 ], [ 110.208674, 25.031766 ], [ 110.208674, 25.03176 ], [ 110.20869, 25.031343 ], [ 110.208692, 25.031285 ], [ 110.208602, 25.03127 ], [ 110.20856, 25.031315 ], [ 110.208605, 25.031633 ], [ 110.208564, 25.031755 ], [ 110.208517, 25.031784 ], [ 110.208438, 25.031776 ], [ 110.208369, 25.031568 ], [ 110.208349, 25.031549 ], [ 110.208353, 25.0316 ], [ 110.208344, 25.031659 ], [ 110.208293, 25.031722 ], [ 110.208206, 25.031776 ], [ 110.208204, 25.031774 ], [ 110.208015, 25.031736 ], [ 110.207832, 25.031692 ], [ 110.207818, 25.031689 ], [ 110.207759, 25.031707 ], [ 110.207738, 25.031729 ], [ 110.207717, 25.03173 ], [ 110.20769, 25.031719 ], [ 110.207657, 25.0317 ], [ 110.207634, 25.031748 ], [ 110.207592, 25.031831 ], [ 110.207548, 25.032044 ], [ 110.207498, 25.032216 ], [ 110.207496, 25.032314 ], [ 110.207492, 25.032358 ], [ 110.207472, 25.032387 ], [ 110.207616, 25.032403 ], [ 110.207624, 25.032415 ], [ 110.207642, 25.032439 ] ] ] } },
{ "type": "Feature", "properties": { "BSM": "450312211000425305", "DLBM": "0601", "DLMC": "工业用地", "图斑面积": 22057.53, "坐落单位": "新民村委会", "企业名称": null, "行业代码": null, "行业名称": null, "产值": 0.0, "行政区": null, "用地性": null }, "geometry": { "type": "Polygon", "coordinates": [ [ [ 110.259669, 25.091204 ], [ 110.259762, 25.091286 ], [ 110.259615, 25.091402 ], [ 110.259464, 25.091546 ], [ 110.259437, 25.091587 ], [ 110.259463, 25.091677 ], [ 110.258897, 25.092218 ], [ 110.25913, 25.09241 ], [ 110.259364, 25.092603 ], [ 110.259431, 25.092657 ], [ 110.259438, 25.09265 ], [ 110.259466, 25.092637 ], [ 110.259487, 25.092645 ], [ 110.259531, 25.092686 ], [ 110.259591, 25.092767 ], [ 110.259658, 25.09286 ], [ 110.259664, 25.092866 ], [ 110.25979, 25.092966 ], [ 110.259929, 25.093026 ], [ 110.260008, 25.093022 ], [ 110.260102, 25.093021 ], [ 110.26031, 25.092922 ], [ 110.260421, 25.09287 ], [ 110.260554, 25.092737 ], [ 110.260724, 25.092557 ], [ 110.260686, 25.092532 ], [ 110.2607, 25.09251 ], [ 110.260642, 25.092471 ], [ 110.260738, 25.092342 ], [ 110.260806, 25.092388 ], [ 110.26081, 25.092385 ], [ 110.260865, 25.092346 ], [ 110.260852, 25.092328 ], [ 110.2607, 25.092129 ], [ 110.26055, 25.09193 ], [ 110.260371, 25.091723 ], [ 110.260193, 25.091516 ], [ 110.259891, 25.091181 ], [ 110.259823, 25.091102 ], [ 110.259714, 25.091169 ], [ 110.259669, 25.091204 ] ] ] } },
{ "type": "Feature", "properties": { "BSM": "450312211000425442", "DLBM": "0601", "DLMC": "工业用地", "图斑面积": 2305.1, "坐落单位": "新立村委会", "企业名称": null, "行业代码": null, "行业名称": null, "产值": 0.0, "行政区": null, "用地性": null }, "geometry": { "type": "Polygon", "coordinates": [ [ [ 110.26579, 25.149793 ], [ 110.265666, 25.149756 ], [ 110.265531, 25.149886 ], [ 110.265489, 25.149927 ], [ 110.265455, 25.149959 ], [ 110.26527, 25.150138 ], [ 110.265274, 25.150151 ], [ 110.265323, 25.150214 ], [ 110.265411, 25.150196 ], [ 110.265783, 25.150049 ], [ 110.265855, 25.150046 ], [ 110.265944, 25.150067 ], [ 110.266042, 25.150098 ], [ 110.266104, 25.150074 ], [ 110.266262, 25.150078 ], [ 110.266277, 25.150081 ], [ 110.266277, 25.15008 ], [ 110.266333, 25.149956 ], [ 110.266187, 25.149912 ], [ 110.266172, 25.149959 ], [ 110.266148, 25.150033 ], [ 110.266, 25.149998 ], [ 110.266015, 25.149949 ], [ 110.26604, 25.149868 ], [ 110.266018, 25.149861 ], [ 110.26579, 25.149793 ] ] ] } },
{ "type": "Feature", "properties": { "BSM": "450312211000425511", "DLBM": "0601", "DLMC": "工业用地", "图斑面积": 13234.16, "坐落单位": "新民村委会", "企业名称": null, "行业代码": null, "行业名称": null, "产值": 0.0, "行政区": null, "用地性": null }, "geometry": { "type": "Polygon", "coordinates": [ [ [ 110.249491, 25.099648 ], [ 110.249672, 25.099591 ], [ 110.249716, 25.099577 ], [ 110.24996, 25.099499 ], [ 110.250416, 25.099356 ], [ 110.250556, 25.099313 ], [ 110.250534, 25.099256 ], [ 110.250483, 25.099126 ], [ 110.250483, 25.099126 ], [ 110.250445, 25.099024 ], [ 110.25043, 25.098984 ], [ 110.250291, 25.098625 ], [ 110.25018, 25.098326 ], [ 110.250066, 25.098019 ], [ 110.250046, 25.097969 ], [ 110.249988, 25.097814 ], [ 110.249869, 25.097851 ], [ 110.249851, 25.097943 ], [ 110.249766, 25.098166 ], [ 110.249773, 25.098186 ], [ 110.249531, 25.098857 ], [ 110.24927, 25.099578 ], [ 110.249491, 25.099648 ] ] ] } },
{ "type": "Feature", "properties": { "BSM": "450312211000426541", "DLBM": "0601", "DLMC": "工业用地", "图斑面积": 47698.75, "坐落单位": "横山村委会", "企业名称": "桂林赛尔康电子技术有限公司", "行业代码": "C39", "行业名称": "计算机、通信和其他电子设备制造业", "产值": 6.62, "行政区": null, "用地性": null }, "geometry": { "type": "Polygon", "coordinates": [ [ [ 110.133998, 25.201046 ], [ 110.134149, 25.201178 ], [ 110.13431, 25.201034 ], [ 110.134489, 25.200909 ], [ 110.134772, 25.200822 ], [ 110.134778, 25.20082 ], [ 110.134937, 25.200785 ], [ 110.135086, 25.200741 ], [ 110.135166, 25.200669 ], [ 110.135196, 25.200615 ], [ 110.135276, 25.200543 ], [ 110.135304, 25.20053 ], [ 110.135316, 25.200525 ], [ 110.135385, 25.200562 ], [ 110.135464, 25.200634 ], [ 110.135513, 25.200617 ], [ 110.135653, 25.200491 ], [ 110.135698, 25.200471 ], [ 110.135733, 25.200456 ], [ 110.135847, 25.200423 ], [ 110.135919, 25.200402 ], [ 110.135921, 25.200401 ], [ 110.136071, 25.200358 ], [ 110.136071, 25.20034 ], [ 110.136084, 25.200132 ], [ 110.136084, 25.200131 ], [ 110.136063, 25.200109 ], [ 110.136058, 25.200066 ], [ 110.13608, 25.200002 ], [ 110.136076, 25.199968 ], [ 110.136072, 25.199926 ], [ 110.136114, 25.199877 ], [ 110.136148, 25.199843 ], [ 110.136158, 25.199838 ], [ 110.136183, 25.199829 ], [ 110.136185, 25.199828 ], [ 110.136211, 25.199805 ], [ 110.136261, 25.199737 ], [ 110.136324, 25.199696 ], [ 110.13653, 25.19959 ], [ 110.136608, 25.199544 ], [ 110.136629, 25.199491 ], [ 110.136345, 25.1993 ], [ 110.135971, 25.19905 ], [ 110.135318, 25.198612 ], [ 110.134896, 25.198329 ], [ 110.134789, 25.19845 ], [ 110.134517, 25.198759 ], [ 110.134398, 25.198895 ], [ 110.134111, 25.199221 ], [ 110.134059, 25.199149 ], [ 110.133985, 25.199201 ], [ 110.134027, 25.199779 ], [ 110.134028, 25.199793 ], [ 110.134032, 25.199858 ], [ 110.134029, 25.199981 ], [ 110.133998, 25.201046 ] ] ] } },
{ "type": "Feature", "properties": { "BSM": "450312211000426595", "DLBM": "0601", "DLMC": "工业用地", "图斑面积": 17775.86, "坐落单位": "刘村村委会", "企业名称": "桂林市阳天特箱新能源有限公司", "行业代码": "C38", "行业名称": "电气机械和器材制造业", "产值": 45.0, "行政区": null, "用地性": null }, "geometry": { "type": "Polygon", "coordinates": [ [ [ 110.144113, 25.207508 ], [ 110.144105, 25.207531 ], [ 110.144096, 25.207566 ], [ 110.144097, 25.207577 ], [ 110.144369, 25.207691 ], [ 110.144497, 25.207745 ], [ 110.144617, 25.207795 ], [ 110.144627, 25.2078 ], [ 110.144715, 25.207831 ], [ 110.144785, 25.20786 ], [ 110.14491, 25.207912 ], [ 110.144939, 25.207923 ], [ 110.145226, 25.208042 ], [ 110.145293, 25.208069 ], [ 110.145351, 25.208093 ], [ 110.145384, 25.208107 ], [ 110.145506, 25.208157 ], [ 110.145839, 25.208291 ], [ 110.145862, 25.208299 ], [ 110.145859, 25.208292 ], [ 110.145855, 25.208281 ], [ 110.145841, 25.208243 ], [ 110.145745, 25.207983 ], [ 110.145636, 25.207686 ], [ 110.145636, 25.207685 ], [ 110.145619, 25.207641 ], [ 110.145611, 25.207617 ], [ 110.145527, 25.207389 ], [ 110.145523, 25.207378 ], [ 110.145487, 25.207282 ], [ 110.145508, 25.207251 ], [ 110.145605, 25.207106 ], [ 110.145656, 25.20703 ], [ 110.145804, 25.206808 ], [ 110.145886, 25.206685 ], [ 110.146041, 25.206453 ], [ 110.146141, 25.206304 ], [ 110.146035, 25.206189 ], [ 110.146033, 25.206197 ], [ 110.145846, 25.206377 ], [ 110.145766, 25.206454 ], [ 110.145751, 25.206468 ], [ 110.145731, 25.206488 ], [ 110.145712, 25.206499 ], [ 110.145669, 25.206517 ], [ 110.14562, 25.206538 ], [ 110.145444, 25.206619 ], [ 110.145354, 25.206665 ], [ 110.145343, 25.20667 ], [ 110.145311, 25.206687 ], [ 110.14519, 25.206757 ], [ 110.145048, 25.206837 ], [ 110.144919, 25.20691 ], [ 110.144915, 25.206913 ], [ 110.144895, 25.206927 ], [ 110.144747, 25.207035 ], [ 110.144746, 25.207035 ], [ 110.14458, 25.207149 ], [ 110.144463, 25.207236 ], [ 110.144371, 25.207304 ], [ 110.144258, 25.207383 ], [ 110.144131, 25.207489 ], [ 110.144113, 25.207508 ] ] ] } },
{ "type": "Feature", "properties": { "BSM": "450312211000426603", "DLBM": "0601", "DLMC": "工业用地", "图斑面积": 2019.81, "坐落单位": "刘村村委会", "企业名称": null, "行业代码": null, "行业名称": null, "产值": 0.0, "行政区": null, "用地性": null }, "geometry": { "type": "Polygon", "coordinates": [ [ [ 110.137313, 25.200066 ], [ 110.137335, 25.200097 ], [ 110.137349, 25.200087 ], [ 110.137349, 25.200087 ], [ 110.137348, 25.200085 ], [ 110.137281, 25.199967 ], [ 110.137191, 25.199808 ], [ 110.137238, 25.199788 ], [ 110.137255, 25.199747 ], [ 110.137257, 25.199704 ], [ 110.137245, 25.199678 ], [ 110.137236, 25.199656 ], [ 110.137235, 25.199655 ], [ 110.137189, 25.199625 ], [ 110.137128, 25.199577 ], [ 110.137111, 25.199563 ], [ 110.136994, 25.199487 ], [ 110.136919, 25.199467 ], [ 110.136815, 25.199466 ], [ 110.136748, 25.19948 ], [ 110.136743, 25.199481 ], [ 110.136726, 25.199485 ], [ 110.136689, 25.199492 ], [ 110.136676, 25.199501 ], [ 110.136665, 25.199509 ], [ 110.136639, 25.199526 ], [ 110.136608, 25.199544 ], [ 110.136591, 25.199589 ], [ 110.13702, 25.199847 ], [ 110.137313, 25.200066 ] ] ] } },
{ "type": "Feature", "properties": { "BSM": "450312211000426608", "DLBM": "0601", "DLMC": "工业用地", "图斑面积": 322.63, "坐落单位": "刘村村委会", "企业名称": null, "行业代码": null, "行业名称": null, "产值": 0.0, "行政区": null, "用地性": null }, "geometry": { "type": "Polygon", "coordinates": [ [ [ 110.135145, 25.208442 ], [ 110.135248, 25.20849 ], [ 110.135367, 25.208544 ], [ 110.135357, 25.208437 ], [ 110.13531, 25.208364 ], [ 110.135249, 25.208332 ], [ 110.135225, 25.208319 ], [ 110.135182, 25.20832 ], [ 110.135145, 25.208442 ] ] ] } },
{ "type": "Feature", "properties": { "BSM": "450312211000426645", "DLBM": "0601", "DLMC": "工业用地", "图斑面积": 32389.68, "坐落单位": "江西村委会", "企业名称": null, "行业代码": null, "行业名称": null, "产值": 0.0, "行政区": null, "用地性": null }, "geometry": { "type": "Polygon", "coordinates": [ [ [ 110.101675, 25.210349 ], [ 110.101703, 25.210353 ], [ 110.101722, 25.210356 ], [ 110.101796, 25.210255 ], [ 110.102041, 25.209785 ], [ 110.102043, 25.209743 ], [ 110.102025, 25.209668 ], [ 110.101976, 25.209502 ], [ 110.101935, 25.209316 ], [ 110.101886, 25.20914 ], [ 110.101865, 25.209092 ], [ 110.101838, 25.209073 ], [ 110.101591, 25.208936 ], [ 110.101493, 25.208843 ], [ 110.101383, 25.208699 ], [ 110.101267, 25.208481 ], [ 110.101164, 25.208377 ], [ 110.10114, 25.208362 ], [ 110.10109, 25.20833 ], [ 110.101043, 25.208268 ], [ 110.101009, 25.208214 ], [ 110.100969, 25.208191 ], [ 110.100949, 25.208195 ], [ 110.100883, 25.208213 ], [ 110.100795, 25.208251 ], [ 110.100513, 25.208366 ], [ 110.100336, 25.208472 ], [ 110.100238, 25.208573 ], [ 110.100168, 25.208654 ], [ 110.100071, 25.208718 ], [ 110.100058, 25.20873 ], [ 110.100293, 25.208814 ], [ 110.099834, 25.209713 ], [ 110.100104, 25.209814 ], [ 110.100173, 25.209813 ], [ 110.100184, 25.209856 ], [ 110.100515, 25.209986 ], [ 110.100529, 25.209989 ], [ 110.100567, 25.209999 ], [ 110.100922, 25.210151 ], [ 110.100952, 25.210109 ], [ 110.100962, 25.210094 ], [ 110.100997, 25.210082 ], [ 110.100997, 25.210082 ], [ 110.100998, 25.210082 ], [ 110.101675, 25.210349 ] ] ] } },
{ "type": "Feature", "properties": { "BSM": "450312211000426704", "DLBM": "0601", "DLMC": "工业用地", "图斑面积": 145696.07, "坐落单位": "秧塘旧机场", "企业名称": "桂林市阳天特箱新能源有限公司", "行业代码": "C38", "行业名称": "电气机械和器材制造业", "产值": 45.0, "行政区": null, "用地性": null }, "geometry": { "type": "Polygon", "coordinates": [ [ [ 110.146601, 25.205615 ], [ 110.146396, 25.205922 ], [ 110.146358, 25.205979 ], [ 110.14635, 25.205991 ], [ 110.146324, 25.20603 ], [ 110.146196, 25.206221 ], [ 110.146157, 25.20628 ], [ 110.146141, 25.206304 ], [ 110.146041, 25.206453 ], [ 110.145886, 25.206685 ], [ 110.145804, 25.206808 ], [ 110.145656, 25.20703 ], [ 110.145605, 25.207106 ], [ 110.145508, 25.207251 ], [ 110.145487, 25.207282 ], [ 110.145523, 25.207378 ], [ 110.145527, 25.207389 ], [ 110.145611, 25.207617 ], [ 110.145619, 25.207641 ], [ 110.145636, 25.207685 ], [ 110.145636, 25.207686 ], [ 110.145745, 25.207983 ], [ 110.145841, 25.208243 ], [ 110.145855, 25.208281 ], [ 110.145859, 25.208292 ], [ 110.145862, 25.208299 ], [ 110.145878, 25.208285 ], [ 110.146031, 25.208227 ], [ 110.146132, 25.208267 ], [ 110.146481, 25.208408 ], [ 110.14683, 25.208549 ], [ 110.147179, 25.20869 ], [ 110.147395, 25.208777 ], [ 110.14759, 25.208855 ], [ 110.147728, 25.208911 ], [ 110.148061, 25.209045 ], [ 110.14824, 25.209135 ], [ 110.148564, 25.209253 ], [ 110.148829, 25.209352 ], [ 110.148855, 25.209355 ], [ 110.148867, 25.209356 ], [ 110.1489, 25.209359 ], [ 110.148939, 25.20936 ], [ 110.148953, 25.209322 ], [ 110.148958, 25.209309 ], [ 110.149102, 25.208934 ], [ 110.149246, 25.20856 ], [ 110.149391, 25.208186 ], [ 110.149535, 25.207812 ], [ 110.149679, 25.207437 ], [ 110.149823, 25.207063 ], [ 110.149903, 25.206849 ], [ 110.149982, 25.206634 ], [ 110.150021, 25.206525 ], [ 110.15002, 25.206513 ], [ 110.150017, 25.206459 ], [ 110.149997, 25.206405 ], [ 110.149948, 25.206368 ], [ 110.149574, 25.206094 ], [ 110.149201, 25.20582 ], [ 110.148828, 25.205545 ], [ 110.148455, 25.205271 ], [ 110.148082, 25.204996 ], [ 110.147709, 25.204722 ], [ 110.14762, 25.204657 ], [ 110.147367, 25.204471 ], [ 110.147366, 25.20447 ], [ 110.147309, 25.204556 ], [ 110.147257, 25.204633 ], [ 110.147147, 25.204798 ], [ 110.146955, 25.205085 ], [ 110.146932, 25.205119 ], [ 110.146897, 25.205173 ], [ 110.146646, 25.205547 ], [ 110.146643, 25.205552 ], [ 110.146601, 25.205615 ] ] ] } },
{ "type": "Feature", "properties": { "BSM": "450312211000426800", "DLBM": "0601", "DLMC": "工业用地", "图斑面积": 600.75, "坐落单位": "江西村委会", "企业名称": null, "行业代码": null, "行业名称": null, "产值": 0.0, "行政区": null, "用地性": null }, "geometry": { "type": "Polygon", "coordinates": [ [ [ 110.128679, 25.209496 ], [ 110.128673, 25.209527 ], [ 110.128665, 25.209642 ], [ 110.128664, 25.209722 ], [ 110.128676, 25.209848 ], [ 110.128676, 25.209863 ], [ 110.128677, 25.209871 ], [ 110.128678, 25.209903 ], [ 110.128679, 25.20992 ], [ 110.128681, 25.20997 ], [ 110.128687, 25.209999 ], [ 110.128703, 25.210034 ], [ 110.128762, 25.209998 ], [ 110.128811, 25.210008 ], [ 110.128808, 25.209729 ], [ 110.128808, 25.209718 ], [ 110.128731, 25.209718 ], [ 110.128736, 25.209495 ], [ 110.128679, 25.209496 ] ] ] } },
{ "type": "Feature", "properties": { "BSM": "450312211000426953", "DLBM": "0601", "DLMC": "工业用地", "图斑面积": 9543.43, "坐落单位": "江西村委会", "企业名称": "曲度医疗器械有限公司", "行业代码": "C35", "行业名称": "专用设备制造业", "产值": 0.0, "行政区": null, "用地性": null }, "geometry": { "type": "Polygon", "coordinates": [ [ [ 110.131116, 25.213996 ], [ 110.131113, 25.213998 ], [ 110.131072, 25.214023 ], [ 110.131073, 25.214501 ], [ 110.131074, 25.214889 ], [ 110.131075, 25.215278 ], [ 110.131075, 25.215311 ], [ 110.131076, 25.215427 ], [ 110.131131, 25.21543 ], [ 110.131342, 25.215444 ], [ 110.131462, 25.215452 ], [ 110.131454, 25.215426 ], [ 110.13145, 25.215372 ], [ 110.131468, 25.215346 ], [ 110.13151, 25.215285 ], [ 110.131534, 25.215253 ], [ 110.131535, 25.215253 ], [ 110.131558, 25.215161 ], [ 110.131559, 25.215149 ], [ 110.131569, 25.215055 ], [ 110.131522, 25.214925 ], [ 110.131481, 25.214839 ], [ 110.131417, 25.214734 ], [ 110.131407, 25.214648 ], [ 110.131402, 25.214611 ], [ 110.13142, 25.214523 ], [ 110.131421, 25.214522 ], [ 110.131499, 25.214451 ], [ 110.131524, 25.214444 ], [ 110.13155, 25.214436 ], [ 110.131581, 25.214431 ], [ 110.131583, 25.214431 ], [ 110.131628, 25.21443 ], [ 110.131697, 25.21446 ], [ 110.131796, 25.214477 ], [ 110.131849, 25.214461 ], [ 110.131852, 25.21446 ], [ 110.131859, 25.214408 ], [ 110.131864, 25.214377 ], [ 110.131866, 25.214362 ], [ 110.131948, 25.21423 ], [ 110.131947, 25.214146 ], [ 110.131915, 25.214053 ], [ 110.131854, 25.21396 ], [ 110.131835, 25.21393 ], [ 110.131799, 25.2139 ], [ 110.131777, 25.213885 ], [ 110.131742, 25.213854 ], [ 110.131715, 25.213838 ], [ 110.131697, 25.213832 ], [ 110.131686, 25.213832 ], [ 110.131663, 25.213831 ], [ 110.131641, 25.213827 ], [ 110.131617, 25.213841 ], [ 110.131565, 25.213877 ], [ 110.131478, 25.213917 ], [ 110.131454, 25.213922 ], [ 110.131434, 25.213925 ], [ 110.131296, 25.213933 ], [ 110.131251, 25.213926 ], [ 110.131246, 25.213927 ], [ 110.131246, 25.213927 ], [ 110.131233, 25.213928 ], [ 110.131223, 25.213928 ], [ 110.131181, 25.213944 ], [ 110.13118, 25.213944 ], [ 110.131116, 25.213996 ] ] ] } },
{ "type": "Feature", "properties": { "BSM": "450312211000426977", "DLBM": "0601", "DLMC": "工业用地", "图斑面积": 503.43, "坐落单位": "江西村委会", "企业名称": "梅珍珠医学研究院", "行业代码": "M73", "行业名称": "研究和试验发展", "产值": 0.0, "行政区": null, "用地性": null }, "geometry": { "type": "Polygon", "coordinates": [ [ [ 110.13115, 25.217558 ], [ 110.131198, 25.217439 ], [ 110.131209, 25.217319 ], [ 110.131212, 25.217284 ], [ 110.131226, 25.217186 ], [ 110.131231, 25.217126 ], [ 110.131215, 25.217092 ], [ 110.131211, 25.217089 ], [ 110.131158, 25.217051 ], [ 110.131119, 25.217031 ], [ 110.131116, 25.217208 ], [ 110.13111, 25.217551 ], [ 110.13115, 25.217558 ] ] ] } },
{ "type": "Feature", "properties": { "BSM": "450312211000427035", "DLBM": "0601", "DLMC": "工业用地", "图斑面积": 10541.3, "坐落单位": "江西村委会", "企业名称": "梅珍珠医学研究院", "行业代码": "M73", "行业名称": "研究和试验发展", "产值": 0.0, "行政区": null, "用地性": null }, "geometry": { "type": "Polygon", "coordinates": [ [ [ 110.131077, 25.215615 ], [ 110.131081, 25.215743 ], [ 110.131081, 25.215757 ], [ 110.131092, 25.216124 ], [ 110.131124, 25.216738 ], [ 110.131114, 25.216817 ], [ 110.131128, 25.216802 ], [ 110.13114, 25.216784 ], [ 110.13116, 25.216752 ], [ 110.131201, 25.216692 ], [ 110.13122, 25.216665 ], [ 110.131241, 25.216652 ], [ 110.131259, 25.21665 ], [ 110.13128, 25.21665 ], [ 110.131297, 25.216649 ], [ 110.131329, 25.216657 ], [ 110.131352, 25.21668 ], [ 110.13141, 25.216746 ], [ 110.13141, 25.216747 ], [ 110.131502, 25.216825 ], [ 110.131617, 25.216941 ], [ 110.131635, 25.216953 ], [ 110.131714, 25.217007 ], [ 110.131881, 25.217058 ], [ 110.131909, 25.217056 ], [ 110.131938, 25.217048 ], [ 110.131964, 25.217035 ], [ 110.131985, 25.217017 ], [ 110.13199, 25.217013 ], [ 110.131976, 25.216956 ], [ 110.131975, 25.216917 ], [ 110.131983, 25.216687 ], [ 110.13198, 25.216589 ], [ 110.131936, 25.216547 ], [ 110.13188, 25.216503 ], [ 110.131844, 25.216388 ], [ 110.131843, 25.216386 ], [ 110.131765, 25.216268 ], [ 110.131755, 25.216238 ], [ 110.131729, 25.21615 ], [ 110.131715, 25.216011 ], [ 110.131738, 25.215884 ], [ 110.131768, 25.215873 ], [ 110.131783, 25.215868 ], [ 110.131807, 25.215859 ], [ 110.13192, 25.215811 ], [ 110.132038, 25.215748 ], [ 110.132039, 25.215748 ], [ 110.132095, 25.215701 ], [ 110.132119, 25.21567 ], [ 110.131135, 25.215618 ], [ 110.131077, 25.215615 ] ] ] } },
{ "type": "Feature", "properties": { "BSM": "450312211000427049", "DLBM": "0601", "DLMC": "工业用地", "图斑面积": 1654.26, "坐落单位": "江西村委会", "企业名称": "桂林青网科技园有限公司", "行业代码": "L72", "行业名称": "商业服务业", "产值": 0.0, "行政区": null, "用地性": null }, "geometry": { "type": "Polygon", "coordinates": [ [ [ 110.131494, 25.219287 ], [ 110.131581, 25.219246 ], [ 110.131711, 25.21914 ], [ 110.131732, 25.219123 ], [ 110.131765, 25.2191 ], [ 110.131765, 25.219099 ], [ 110.131782, 25.219021 ], [ 110.13177, 25.218921 ], [ 110.131714, 25.218837 ], [ 110.131607, 25.218684 ], [ 110.131606, 25.218682 ], [ 110.131605, 25.218681 ], [ 110.131558, 25.218639 ], [ 110.131514, 25.2186 ], [ 110.131458, 25.218544 ], [ 110.131382, 25.218424 ], [ 110.131391, 25.218652 ], [ 110.131487, 25.218664 ], [ 110.131494, 25.219287 ] ] ] } },
{ "type": "Feature", "properties": { "BSM": "450312211000427091", "DLBM": "0601", "DLMC": "工业用地", "图斑面积": 39096.82, "坐落单位": "刘村村委会", "企业名称": "梅珍珠医学研究院", "行业代码": "M73", "行业名称": "研究和试验发展", "产值": 0.0, "行政区": null, "用地性": null }, "geometry": { "type": "Polygon", "coordinates": [ [ [ 110.13521, 25.21598 ], [ 110.135195, 25.215965 ], [ 110.13507, 25.21584 ], [ 110.134666, 25.215817 ], [ 110.132489, 25.21569 ], [ 110.132372, 25.215684 ], [ 110.132119, 25.21567 ], [ 110.132095, 25.215701 ], [ 110.132039, 25.215748 ], [ 110.132038, 25.215748 ], [ 110.13192, 25.215811 ], [ 110.131807, 25.215859 ], [ 110.131783, 25.215868 ], [ 110.131768, 25.215873 ], [ 110.131738, 25.215884 ], [ 110.131715, 25.216011 ], [ 110.131729, 25.21615 ], [ 110.131755, 25.216238 ], [ 110.131765, 25.216268 ], [ 110.131843, 25.216386 ], [ 110.131844, 25.216388 ], [ 110.13188, 25.216503 ], [ 110.131936, 25.216547 ], [ 110.13198, 25.216589 ], [ 110.131983, 25.216687 ], [ 110.131975, 25.216917 ], [ 110.131976, 25.216956 ], [ 110.13199, 25.217013 ], [ 110.132019, 25.216991 ], [ 110.132053, 25.216966 ], [ 110.132318, 25.216877 ], [ 110.132363, 25.216871 ], [ 110.132564, 25.216842 ], [ 110.132672, 25.216827 ], [ 110.132809, 25.216808 ], [ 110.13294, 25.216799 ], [ 110.133059, 25.216792 ], [ 110.133077, 25.216793 ], [ 110.133218, 25.216801 ], [ 110.133302, 25.216806 ], [ 110.133319, 25.216807 ], [ 110.133465, 25.216808 ], [ 110.133611, 25.216809 ], [ 110.133775, 25.216801 ], [ 110.133776, 25.216801 ], [ 110.133793, 25.2168 ], [ 110.134079, 25.216785 ], [ 110.134104, 25.216784 ], [ 110.134107, 25.216784 ], [ 110.134469, 25.216765 ], [ 110.13466, 25.216756 ], [ 110.134835, 25.216747 ], [ 110.134898, 25.216721 ], [ 110.134911, 25.216716 ], [ 110.135132, 25.216626 ], [ 110.135188, 25.216604 ], [ 110.135191, 25.216602 ], [ 110.13522, 25.216583 ], [ 110.135218, 25.21611 ], [ 110.135212, 25.216048 ], [ 110.13521, 25.21598 ] ] ] } },
{ "type": "Feature", "properties": { "BSM": "450312211000427223", "DLBM": "0601", "DLMC": "工业用地", "图斑面积": 457.4, "坐落单位": "凤凰林场", "企业名称": null, "行业代码": null, "行业名称": null, "产值": 0.0, "行政区": null, "用地性": null }, "geometry": { "type": "Polygon", "coordinates": [ [ [ 110.09641, 25.211306 ], [ 110.096366, 25.211225 ], [ 110.096324, 25.211148 ], [ 110.096289, 25.211092 ], [ 110.096275, 25.211051 ], [ 110.096259, 25.21098 ], [ 110.096198, 25.211008 ], [ 110.09616, 25.211073 ], [ 110.096154, 25.211183 ], [ 110.096173, 25.211203 ], [ 110.09622, 25.211228 ], [ 110.09628, 25.211261 ], [ 110.096276, 25.2113 ], [ 110.09641, 25.211306 ] ] ] } },
{ "type": "Feature", "properties": { "BSM": "450312211000429963", "DLBM": "0601", "DLMC": "工业用地", "图斑面积": 38782.17, "坐落单位": "刘村村委会", "企业名称": "桂林市微恒自动化设备有限公司", "行业代码": "C35", "行业名称": "专用设备制造业", "产值": 0.0, "行政区": null, "用地性": null }, "geometry": { "type": "Polygon", "coordinates": [ [ [ 110.137843, 25.206973 ], [ 110.137848, 25.206881 ], [ 110.137791, 25.206835 ], [ 110.137518, 25.206662 ], [ 110.137311, 25.206531 ], [ 110.137286, 25.20656 ], [ 110.137264, 25.206584 ], [ 110.137161, 25.206546 ], [ 110.136803, 25.207065 ], [ 110.136795, 25.207077 ], [ 110.136767, 25.20707 ], [ 110.136766, 25.207071 ], [ 110.136702, 25.207197 ], [ 110.13667, 25.207259 ], [ 110.136658, 25.207274 ], [ 110.136626, 25.207317 ], [ 110.136137, 25.207956 ], [ 110.136088, 25.207904 ], [ 110.13608, 25.207894 ], [ 110.136113, 25.207844 ], [ 110.136028, 25.207784 ], [ 110.135977, 25.207735 ], [ 110.135952, 25.207737 ], [ 110.135926, 25.207738 ], [ 110.13589, 25.207718 ], [ 110.135882, 25.207713 ], [ 110.135877, 25.207711 ], [ 110.135846, 25.207699 ], [ 110.135811, 25.207679 ], [ 110.135803, 25.207674 ], [ 110.135759, 25.207636 ], [ 110.135735, 25.207615 ], [ 110.13571, 25.207588 ], [ 110.135534, 25.207715 ], [ 110.135492, 25.20774 ], [ 110.135461, 25.207736 ], [ 110.135433, 25.207717 ], [ 110.135328, 25.207578 ], [ 110.135255, 25.207487 ], [ 110.135203, 25.207423 ], [ 110.135198, 25.207415 ], [ 110.135159, 25.207401 ], [ 110.135062, 25.207367 ], [ 110.135073, 25.207399 ], [ 110.135046, 25.207497 ], [ 110.135009, 25.207599 ], [ 110.134761, 25.207967 ], [ 110.134722, 25.207991 ], [ 110.134636, 25.208044 ], [ 110.134629, 25.208206 ], [ 110.13472, 25.208248 ], [ 110.134885, 25.208324 ], [ 110.135182, 25.20832 ], [ 110.135225, 25.208319 ], [ 110.135249, 25.208332 ], [ 110.13531, 25.208364 ], [ 110.135357, 25.208437 ], [ 110.135367, 25.208544 ], [ 110.135479, 25.208595 ], [ 110.135636, 25.208667 ], [ 110.135724, 25.208708 ], [ 110.13648, 25.209059 ], [ 110.136522, 25.209004 ], [ 110.136639, 25.208822 ], [ 110.136777, 25.208619 ], [ 110.13701, 25.208353 ], [ 110.137043, 25.208317 ], [ 110.137143, 25.208185 ], [ 110.137221, 25.208081 ], [ 110.137404, 25.20784 ], [ 110.137587, 25.207599 ], [ 110.137589, 25.207597 ], [ 110.137612, 25.207566 ], [ 110.137779, 25.207321 ], [ 110.137866, 25.207209 ], [ 110.137877, 25.207195 ], [ 110.137982, 25.207058 ], [ 110.138077, 25.206935 ], [ 110.13808, 25.206931 ], [ 110.138023, 25.206893 ], [ 110.137979, 25.20695 ], [ 110.137928, 25.207025 ], [ 110.137843, 25.206973 ] ] ] } },
{ "type": "Feature", "properties": { "BSM": "450312211000430092", "DLBM": "0601", "DLMC": "工业用地", "图斑面积": 9206.27, "坐落单位": "凤凰林场", "企业名称": null, "行业代码": null, "行业名称": null, "产值": 0.0, "行政区": null, "用地性": null }, "geometry": { "type": "Polygon", "coordinates": [ [ [ 110.097767, 25.210359 ], [ 110.097702, 25.20976 ], [ 110.097489, 25.209826 ], [ 110.097246, 25.209985 ], [ 110.097241, 25.210162 ], [ 110.097331, 25.210517 ], [ 110.097439, 25.210905 ], [ 110.097511, 25.211184 ], [ 110.097631, 25.21129 ], [ 110.09782, 25.211375 ], [ 110.098256, 25.211165 ], [ 110.098097, 25.210901 ], [ 110.097877, 25.210558 ], [ 110.097767, 25.210359 ] ] ] } },
{ "type": "Feature", "properties": { "BSM": "450312211000431497", "DLBM": "0601", "DLMC": "工业用地", "图斑面积": 683.18, "坐落单位": "三联村委会", "企业名称": null, "行业代码": null, "行业名称": null, "产值": 0.0, "行政区": null, "用地性": null }, "geometry": { "type": "Polygon", "coordinates": [ [ [ 110.050541, 25.462191 ], [ 110.050543, 25.46222 ], [ 110.050556, 25.462238 ], [ 110.050564, 25.462253 ], [ 110.050579, 25.462268 ], [ 110.050622, 25.462292 ], [ 110.050665, 25.462314 ], [ 110.050723, 25.46234 ], [ 110.050762, 25.462358 ], [ 110.050765, 25.46236 ], [ 110.050795, 25.462327 ], [ 110.050812, 25.462309 ], [ 110.050838, 25.462285 ], [ 110.050847, 25.46227 ], [ 110.050862, 25.462246 ], [ 110.050864, 25.462229 ], [ 110.050883, 25.462205 ], [ 110.0509, 25.462183 ], [ 110.050896, 25.462168 ], [ 110.050753, 25.462082 ], [ 110.050745, 25.462076 ], [ 110.050681, 25.462101 ], [ 110.050611, 25.462136 ], [ 110.050558, 25.46217 ], [ 110.050541, 25.462191 ] ] ] } },
{ "type": "Feature", "properties": { "BSM": "450312211000434062", "DLBM": "0601", "DLMC": "工业用地", "图斑面积": 19199.4, "坐落单位": "朗联村委会", "企业名称": null, "行业代码": null, "行业名称": null, "产值": 0.0, "行政区": null, "用地性": null }, "geometry": { "type": "Polygon", "coordinates": [ [ [ 110.264952, 24.964469 ], [ 110.264978, 24.964452 ], [ 110.265063, 24.964509 ], [ 110.265189, 24.964563 ], [ 110.265268, 24.964584 ], [ 110.265306, 24.964602 ], [ 110.265334, 24.964615 ], [ 110.265359, 24.964635 ], [ 110.265366, 24.964642 ], [ 110.265367, 24.964642 ], [ 110.265369, 24.964642 ], [ 110.265385, 24.964635 ], [ 110.265457, 24.964604 ], [ 110.265632, 24.964532 ], [ 110.26563, 24.964485 ], [ 110.265751, 24.964427 ], [ 110.265774, 24.964416 ], [ 110.265807, 24.9644 ], [ 110.265987, 24.964287 ], [ 110.26609, 24.964221 ], [ 110.266097, 24.964217 ], [ 110.26586, 24.963911 ], [ 110.265548, 24.964021 ], [ 110.265534, 24.964026 ], [ 110.26552, 24.964031 ], [ 110.265513, 24.964022 ], [ 110.265513, 24.964022 ], [ 110.265512, 24.964021 ], [ 110.265509, 24.964016 ], [ 110.265466, 24.963961 ], [ 110.265465, 24.963959 ], [ 110.265447, 24.963936 ], [ 110.265306, 24.963752 ], [ 110.265092, 24.963473 ], [ 110.265082, 24.963458 ], [ 110.265071, 24.963442 ], [ 110.265046, 24.963407 ], [ 110.264984, 24.963413 ], [ 110.264983, 24.963413 ], [ 110.264903, 24.96342 ], [ 110.264886, 24.963421 ], [ 110.264783, 24.963425 ], [ 110.264733, 24.96342 ], [ 110.264611, 24.963386 ], [ 110.264463, 24.963355 ], [ 110.264379, 24.963345 ], [ 110.264341, 24.963338 ], [ 110.264274, 24.963283 ], [ 110.264253, 24.963251 ], [ 110.264242, 24.963203 ], [ 110.264242, 24.963203 ], [ 110.264246, 24.96317 ], [ 110.264255, 24.963106 ], [ 110.264262, 24.963036 ], [ 110.26425, 24.962981 ], [ 110.264235, 24.962952 ], [ 110.264214, 24.962911 ], [ 110.264139, 24.962841 ], [ 110.263933, 24.962703 ], [ 110.263817, 24.962626 ], [ 110.263698, 24.962782 ], [ 110.263562, 24.962923 ], [ 110.263332, 24.963172 ], [ 110.263277, 24.963256 ], [ 110.263256, 24.963287 ], [ 110.263528, 24.963469 ], [ 110.2638, 24.963651 ], [ 110.263811, 24.96364 ], [ 110.264068, 24.963388 ], [ 110.264069, 24.963387 ], [ 110.264171, 24.963296 ], [ 110.264244, 24.963371 ], [ 110.264287, 24.963422 ], [ 110.264283, 24.963467 ], [ 110.264286, 24.963501 ], [ 110.264287, 24.963522 ], [ 110.264329, 24.963584 ], [ 110.264399, 24.96368 ], [ 110.264405, 24.963689 ], [ 110.264422, 24.963712 ], [ 110.264429, 24.963722 ], [ 110.264434, 24.963729 ], [ 110.264452, 24.963754 ], [ 110.264484, 24.963796 ], [ 110.264484, 24.963796 ], [ 110.264666, 24.96404 ], [ 110.264847, 24.964307 ], [ 110.264876, 24.964349 ], [ 110.264876, 24.964349 ], [ 110.264934, 24.964456 ], [ 110.264951, 24.964468 ], [ 110.264952, 24.964469 ] ] ] } },
{ "type": "Feature", "properties": { "BSM": "450312211000434066", "DLBM": "0601", "DLMC": "工业用地", "图斑面积": 21240.57, "坐落单位": "朗联村委会", "企业名称": null, "行业代码": null, "行业名称": null, "产值": 0.0, "行政区": null, "用地性": null }, "geometry": { "type": "Polygon", "coordinates": [ [ [ 110.26141, 24.964188 ], [ 110.261423, 24.964185 ], [ 110.261769, 24.964064 ], [ 110.261794, 24.964055 ], [ 110.2618, 24.964078 ], [ 110.261826, 24.964178 ], [ 110.261845, 24.96426 ], [ 110.261867, 24.964367 ], [ 110.261889, 24.964483 ], [ 110.26205, 24.96449 ], [ 110.262115, 24.964488 ], [ 110.262119, 24.964498 ], [ 110.262142, 24.964562 ], [ 110.262293, 24.964872 ], [ 110.262314, 24.964914 ], [ 110.262334, 24.964946 ], [ 110.262372, 24.96502 ], [ 110.262409, 24.965092 ], [ 110.26245, 24.965177 ], [ 110.262463, 24.965198 ], [ 110.262529, 24.965342 ], [ 110.262558, 24.965405 ], [ 110.26268, 24.965378 ], [ 110.262827, 24.965344 ], [ 110.263227, 24.965261 ], [ 110.263368, 24.965229 ], [ 110.263362, 24.965202 ], [ 110.263289, 24.964962 ], [ 110.263119, 24.964558 ], [ 110.262992, 24.964245 ], [ 110.262935, 24.964154 ], [ 110.262806, 24.963991 ], [ 110.262649, 24.963825 ], [ 110.262544, 24.963735 ], [ 110.26251, 24.963704 ], [ 110.262331, 24.96354 ], [ 110.262298, 24.963511 ], [ 110.26227, 24.963515 ], [ 110.262223, 24.96351 ], [ 110.262153, 24.963497 ], [ 110.262081, 24.963494 ], [ 110.262056, 24.963496 ], [ 110.262038, 24.963497 ], [ 110.262001, 24.963598 ], [ 110.261968, 24.963725 ], [ 110.261903, 24.963879 ], [ 110.261812, 24.963912 ], [ 110.261794, 24.963815 ], [ 110.261733, 24.963696 ], [ 110.261745, 24.963557 ], [ 110.261747, 24.963529 ], [ 110.26175, 24.963507 ], [ 110.261728, 24.963507 ], [ 110.261728, 24.963507 ], [ 110.261493, 24.9635 ], [ 110.261491, 24.9635 ], [ 110.261491, 24.9635 ], [ 110.261491, 24.9635 ], [ 110.261473, 24.963519 ], [ 110.261459, 24.963559 ], [ 110.261482, 24.963557 ], [ 110.261571, 24.963548 ], [ 110.261618, 24.963555 ], [ 110.261659, 24.963567 ], [ 110.261667, 24.963614 ], [ 110.261645, 24.963645 ], [ 110.26162, 24.96367 ], [ 110.261602, 24.963686 ], [ 110.261499, 24.963719 ], [ 110.261486, 24.963725 ], [ 110.261391, 24.963769 ], [ 110.261393, 24.963772 ], [ 110.261389, 24.963782 ], [ 110.261357, 24.963816 ], [ 110.261348, 24.96383 ], [ 110.261315, 24.963849 ], [ 110.2613, 24.963858 ], [ 110.261269, 24.963877 ], [ 110.261323, 24.964032 ], [ 110.261341, 24.964086 ], [ 110.261348, 24.964108 ], [ 110.261191, 24.964161 ], [ 110.261039, 24.964221 ], [ 110.261081, 24.964315 ], [ 110.261214, 24.964263 ], [ 110.261398, 24.964191 ], [ 110.26141, 24.964188 ] ] ] } },
{ "type": "Feature", "properties": { "BSM": "450312211000434819", "DLBM": "0601", "DLMC": "工业用地", "图斑面积": 7550.96, "坐落单位": "朗联村委会", "企业名称": null, "行业代码": null, "行业名称": null, "产值": 0.0, "行政区": null, "用地性": null }, "geometry": { "type": "Polygon", "coordinates": [ [ [ 110.264697, 24.961839 ], [ 110.264754, 24.961869 ], [ 110.264879, 24.961739 ], [ 110.264864, 24.961697 ], [ 110.264864, 24.961695 ], [ 110.264746, 24.961377 ], [ 110.264707, 24.961394 ], [ 110.264606, 24.96141 ], [ 110.264499, 24.961423 ], [ 110.264328, 24.961428 ], [ 110.264232, 24.961442 ], [ 110.264145, 24.961457 ], [ 110.263982, 24.961498 ], [ 110.263796, 24.96155 ], [ 110.263677, 24.961585 ], [ 110.263658, 24.961596 ], [ 110.263661, 24.961616 ], [ 110.263767, 24.961909 ], [ 110.26386, 24.962155 ], [ 110.263881, 24.962256 ], [ 110.263889, 24.962305 ], [ 110.263895, 24.962351 ], [ 110.263894, 24.962376 ], [ 110.26412, 24.962343 ], [ 110.26411, 24.962302 ], [ 110.264079, 24.962172 ], [ 110.264079, 24.96217 ], [ 110.264067, 24.962122 ], [ 110.264315, 24.962057 ], [ 110.264492, 24.962011 ], [ 110.264563, 24.961992 ], [ 110.264607, 24.961913 ], [ 110.264647, 24.961877 ], [ 110.264697, 24.961839 ] ] ] } },
{ "type": "Feature", "properties": { "BSM": "450312211000436798", "DLBM": "0601", "DLMC": "工业用地", "图斑面积": 3935.83, "坐落单位": "六塘村委会", "企业名称": null, "行业代码": null, "行业名称": null, "产值": 0.0, "行政区": null, "用地性": null }, "geometry": { "type": "Polygon", "coordinates": [ [ [ 110.288867, 25.007371 ], [ 110.288994, 25.00739 ], [ 110.289031, 25.007254 ], [ 110.289001, 25.007107 ], [ 110.288866, 25.006841 ], [ 110.288594, 25.006807 ], [ 110.288498, 25.006907 ], [ 110.288438, 25.006956 ], [ 110.288529, 25.007013 ], [ 110.288528, 25.007034 ], [ 110.28852, 25.007184 ], [ 110.288515, 25.007268 ], [ 110.288501, 25.007269 ], [ 110.288403, 25.007271 ], [ 110.288374, 25.007288 ], [ 110.288372, 25.007352 ], [ 110.288377, 25.007423 ], [ 110.288423, 25.007454 ], [ 110.288493, 25.007459 ], [ 110.288534, 25.007471 ], [ 110.288555, 25.007563 ], [ 110.288583, 25.007614 ], [ 110.288739, 25.007606 ], [ 110.288745, 25.007605 ], [ 110.288767, 25.007602 ], [ 110.288816, 25.007601 ], [ 110.288866, 25.007512 ], [ 110.288867, 25.007371 ] ] ] } },
{ "type": "Feature", "properties": { "BSM": "450312211000437274", "DLBM": "0601", "DLMC": "工业用地", "图斑面积": 2437.47, "坐落单位": "翻水村委会", "企业名称": null, "行业代码": null, "行业名称": null, "产值": 0.0, "行政区": null, "用地性": null }, "geometry": { "type": "Polygon", "coordinates": [ [ [ 109.95758, 25.460317 ], [ 109.957596, 25.46033 ], [ 109.957596, 25.460375 ], [ 109.957604, 25.460397 ], [ 109.95762, 25.460424 ], [ 109.957623, 25.460436 ], [ 109.957636, 25.460469 ], [ 109.957643, 25.460491 ], [ 109.957657, 25.460501 ], [ 109.957696, 25.460518 ], [ 109.957753, 25.460541 ], [ 109.957787, 25.460558 ], [ 109.957821, 25.460574 ], [ 109.95783, 25.46058 ], [ 109.957848, 25.460584 ], [ 109.958165, 25.460603 ], [ 109.958483, 25.460622 ], [ 109.958494, 25.460617 ], [ 109.958506, 25.460608 ], [ 109.958515, 25.460539 ], [ 109.958545, 25.460536 ], [ 109.958545, 25.46052 ], [ 109.958551, 25.460418 ], [ 109.958248, 25.46042 ], [ 109.958246, 25.460473 ], [ 109.958243, 25.460473 ], [ 109.958198, 25.460475 ], [ 109.958054, 25.460464 ], [ 109.958019, 25.460463 ], [ 109.957979, 25.460461 ], [ 109.957963, 25.460453 ], [ 109.957947, 25.46044 ], [ 109.957935, 25.460427 ], [ 109.957915, 25.460403 ], [ 109.957908, 25.460343 ], [ 109.957931, 25.460307 ], [ 109.957915, 25.460256 ], [ 109.957876, 25.460173 ], [ 109.957856, 25.46013 ], [ 109.957844, 25.460108 ], [ 109.95782, 25.460102 ], [ 109.957809, 25.460103 ], [ 109.957781, 25.46011 ], [ 109.957738, 25.460098 ], [ 109.957731, 25.460115 ], [ 109.957697, 25.460167 ], [ 109.957669, 25.460203 ], [ 109.957651, 25.460227 ], [ 109.95758, 25.460317 ] ] ] } },
{ "type": "Feature", "properties": { "BSM": "450312211000438494", "DLBM": "0601", "DLMC": "工业用地", "图斑面积": 5234.69, "坐落单位": "二塘村委会", "企业名称": null, "行业代码": null, "行业名称": null, "产值": 0.0, "行政区": null, "用地性": null }, "geometry": { "type": "Polygon", "coordinates": [ [ [ 110.195077, 25.225386 ], [ 110.194987, 25.225406 ], [ 110.19494, 25.225316 ], [ 110.194889, 25.225336 ], [ 110.194679, 25.225445 ], [ 110.194756, 25.225561 ], [ 110.194757, 25.225565 ], [ 110.194788, 25.225637 ], [ 110.194795, 25.225677 ], [ 110.194808, 25.225752 ], [ 110.19484, 25.22595 ], [ 110.195243, 25.225952 ], [ 110.195736, 25.225953 ], [ 110.195953, 25.225924 ], [ 110.195978, 25.22592 ], [ 110.196076, 25.225898 ], [ 110.196204, 25.225846 ], [ 110.196078, 25.225763 ], [ 110.196032, 25.225749 ], [ 110.195858, 25.225766 ], [ 110.195721, 25.225739 ], [ 110.195587, 25.225668 ], [ 110.195523, 25.225595 ], [ 110.195503, 25.225572 ], [ 110.195504, 25.22557 ], [ 110.195491, 25.225576 ], [ 110.19536, 25.225589 ], [ 110.195242, 25.225584 ], [ 110.195241, 25.225586 ], [ 110.195147, 25.225582 ], [ 110.195077, 25.225386 ] ] ] } },
{ "type": "Feature", "properties": { "BSM": "450312211000438561", "DLBM": "0601", "DLMC": "工业用地", "图斑面积": 64390.41, "坐落单位": "秧塘旧机场", "企业名称": "广西圣泰医药有限公司", "行业代码": "F51", "行业名称": "批发业", "产值": 0.0, "行政区": null, "用地性": null }, "geometry": { "type": "Polygon", "coordinates": [ [ [ 110.156177, 25.209618 ], [ 110.155875, 25.209487 ], [ 110.155724, 25.209422 ], [ 110.155508, 25.209329 ], [ 110.155244, 25.209213 ], [ 110.155071, 25.209137 ], [ 110.154948, 25.209076 ], [ 110.154927, 25.209082 ], [ 110.154909, 25.209092 ], [ 110.15489, 25.209112 ], [ 110.154765, 25.209262 ], [ 110.154531, 25.209529 ], [ 110.154275, 25.209822 ], [ 110.154019, 25.210115 ], [ 110.154012, 25.210123 ], [ 110.153734, 25.210441 ], [ 110.153457, 25.210759 ], [ 110.153447, 25.21077 ], [ 110.153225, 25.211024 ], [ 110.153216, 25.211035 ], [ 110.153213, 25.211044 ], [ 110.153212, 25.21105 ], [ 110.153213, 25.211064 ], [ 110.15322, 25.21108 ], [ 110.153226, 25.21109 ], [ 110.153242, 25.211105 ], [ 110.153247, 25.211113 ], [ 110.153248, 25.211118 ], [ 110.153276, 25.211128 ], [ 110.153414, 25.211188 ], [ 110.153755, 25.211327 ], [ 110.154059, 25.211454 ], [ 110.154363, 25.21158 ], [ 110.154668, 25.211707 ], [ 110.15496, 25.211827 ], [ 110.155252, 25.211948 ], [ 110.155645, 25.212115 ], [ 110.155761, 25.212162 ], [ 110.155823, 25.212185 ], [ 110.155932, 25.212234 ], [ 110.155942, 25.212233 ], [ 110.155987, 25.212229 ], [ 110.156024, 25.212217 ], [ 110.156064, 25.212188 ], [ 110.156216, 25.212015 ], [ 110.156301, 25.211918 ], [ 110.156538, 25.211647 ], [ 110.156774, 25.211377 ], [ 110.15685, 25.211291 ], [ 110.156445, 25.211123 ], [ 110.156223, 25.21103 ], [ 110.156041, 25.210955 ], [ 110.155646, 25.210791 ], [ 110.156177, 25.209618 ] ] ] } },
{ "type": "Feature", "properties": { "BSM": "450312211000438611", "DLBM": "0601", "DLMC": "工业用地", "图斑面积": 1102.82, "坐落单位": "二塘村委会", "企业名称": null, "行业代码": null, "行业名称": null, "产值": 0.0, "行政区": null, "用地性": null }, "geometry": { "type": "Polygon", "coordinates": [ [ [ 110.206332, 25.213791 ], [ 110.206439, 25.213764 ], [ 110.206507, 25.213739 ], [ 110.206504, 25.213719 ], [ 110.20649, 25.213625 ], [ 110.20649, 25.213621 ], [ 110.206489, 25.213544 ], [ 110.20649, 25.21354 ], [ 110.206504, 25.213453 ], [ 110.206504, 25.213452 ], [ 110.206504, 25.213451 ], [ 110.206508, 25.213437 ], [ 110.206513, 25.213416 ], [ 110.206178, 25.213444 ], [ 110.206166, 25.213494 ], [ 110.206159, 25.213592 ], [ 110.206219, 25.213612 ], [ 110.206228, 25.213725 ], [ 110.20628, 25.213715 ], [ 110.206332, 25.213791 ] ] ] } },
{ "type": "Feature", "properties": { "BSM": "450312211000438984", "DLBM": "0601", "DLMC": "工业用地", "图斑面积": 53.82, "坐落单位": "大律村委会", "企业名称": null, "行业代码": null, "行业名称": null, "产值": 0.0, "行政区": null, "用地性": null }, "geometry": { "type": "Polygon", "coordinates": [ [ [ 110.190294, 25.234652 ], [ 110.190244, 25.234615 ], [ 110.190207, 25.234662 ], [ 110.190191, 25.234682 ], [ 110.190184, 25.234715 ], [ 110.19018, 25.234734 ], [ 110.190223, 25.234698 ], [ 110.190294, 25.234652 ] ] ] } },
{ "type": "Feature", "properties": { "BSM": "450312211000439351", "DLBM": "0601", "DLMC": "工业用地", "图斑面积": 2263.74, "坐落单位": "天华村委会", "企业名称": null, "行业代码": null, "行业名称": null, "产值": 0.0, "行政区": null, "用地性": null }, "geometry": { "type": "Polygon", "coordinates": [ [ [ 110.168931, 25.343637 ], [ 110.16892, 25.343588 ], [ 110.168902, 25.343498 ], [ 110.168874, 25.3434 ], [ 110.16884, 25.343316 ], [ 110.168799, 25.343206 ], [ 110.168766, 25.343115 ], [ 110.168731, 25.343042 ], [ 110.16872, 25.343021 ], [ 110.168693, 25.343037 ], [ 110.168683, 25.343046 ], [ 110.168673, 25.343056 ], [ 110.168666, 25.34308 ], [ 110.168663, 25.34309 ], [ 110.168663, 25.34309 ], [ 110.16865, 25.343129 ], [ 110.16865, 25.34313 ], [ 110.168649, 25.343131 ], [ 110.168635, 25.343153 ], [ 110.168618, 25.343181 ], [ 110.168612, 25.343193 ], [ 110.1686, 25.343217 ], [ 110.1686, 25.343218 ], [ 110.168599, 25.343218 ], [ 110.168575, 25.343252 ], [ 110.168574, 25.343253 ], [ 110.168573, 25.343253 ], [ 110.168527, 25.343296 ], [ 110.168527, 25.343296 ], [ 110.168526, 25.343296 ], [ 110.168493, 25.34332 ], [ 110.168466, 25.34334 ], [ 110.168464, 25.343341 ], [ 110.168462, 25.343341 ], [ 110.16846, 25.343342 ], [ 110.168458, 25.343342 ], [ 110.168456, 25.343342 ], [ 110.16844, 25.343371 ], [ 110.16842, 25.343398 ], [ 110.168401, 25.343419 ], [ 110.168596, 25.343529 ], [ 110.168722, 25.343619 ], [ 110.168645, 25.343814 ], [ 110.168718, 25.34383 ], [ 110.168771, 25.343836 ], [ 110.1688, 25.343824 ], [ 110.168802, 25.343822 ], [ 110.168824, 25.343807 ], [ 110.168862, 25.343774 ], [ 110.168874, 25.343763 ], [ 110.168898, 25.343741 ], [ 110.16892, 25.343709 ], [ 110.168926, 25.343699 ], [ 110.168926, 25.343699 ], [ 110.168938, 25.343681 ], [ 110.168938, 25.34368 ], [ 110.168939, 25.343679 ], [ 110.16894, 25.343679 ], [ 110.168941, 25.343678 ], [ 110.168938, 25.343671 ], [ 110.168931, 25.343637 ] ] ] } },
{ "type": "Feature", "properties": { "BSM": "450312211000440803", "DLBM": "0601", "DLMC": "工业用地", "图斑面积": 79164.23, "坐落单位": "秧塘村委会", "企业名称": "桂林青网科技园有限公司", "行业代码": "L72", "行业名称": "商业服务业", "产值": 0.0, "行政区": null, "用地性": null }, "geometry": { "type": "Polygon", "coordinates": [ [ [ 110.133011, 25.217743 ], [ 110.132335, 25.217757 ], [ 110.131659, 25.21777 ], [ 110.131672, 25.217819 ], [ 110.131681, 25.217933 ], [ 110.131665, 25.217988 ], [ 110.131648, 25.217998 ], [ 110.131556, 25.218055 ], [ 110.131405, 25.2181 ], [ 110.131342, 25.218092 ], [ 110.131225, 25.218081 ], [ 110.13122, 25.21806 ], [ 110.13122, 25.218059 ], [ 110.131193, 25.218057 ], [ 110.131161, 25.218057 ], [ 110.131133, 25.218064 ], [ 110.131132, 25.218066 ], [ 110.131084, 25.218134 ], [ 110.131109, 25.218177 ], [ 110.131202, 25.21823 ], [ 110.13132, 25.218336 ], [ 110.131421, 25.218451 ], [ 110.131478, 25.218539 ], [ 110.131573, 25.218568 ], [ 110.131656, 25.218576 ], [ 110.131707, 25.218641 ], [ 110.131747, 25.218737 ], [ 110.1318, 25.218844 ], [ 110.131799, 25.218912 ], [ 110.131798, 25.219035 ], [ 110.131881, 25.219112 ], [ 110.131914, 25.219178 ], [ 110.131939, 25.219223 ], [ 110.131969, 25.219243 ], [ 110.132034, 25.219284 ], [ 110.132085, 25.219313 ], [ 110.132149, 25.219392 ], [ 110.13223, 25.219503 ], [ 110.132335, 25.219636 ], [ 110.132418, 25.219692 ], [ 110.132527, 25.219656 ], [ 110.132695, 25.219599 ], [ 110.132853, 25.219564 ], [ 110.132989, 25.21958 ], [ 110.133069, 25.219613 ], [ 110.133151, 25.219673 ], [ 110.133204, 25.219802 ], [ 110.13321, 25.219901 ], [ 110.133195, 25.219978 ], [ 110.133143, 25.22005 ], [ 110.13397, 25.219973 ], [ 110.134555, 25.219878 ], [ 110.134966, 25.219832 ], [ 110.135012, 25.219821 ], [ 110.135088, 25.219753 ], [ 110.135138, 25.219672 ], [ 110.135151, 25.218663 ], [ 110.135177, 25.218485 ], [ 110.135186, 25.218428 ], [ 110.135187, 25.21781 ], [ 110.135182, 25.217798 ], [ 110.135171, 25.217768 ], [ 110.135135, 25.217713 ], [ 110.133011, 25.217743 ] ] ] } },
{ "type": "Feature", "properties": { "BSM": "450312211000442253", "DLBM": "0601", "DLMC": "工业用地", "图斑面积": 4464.3, "坐落单位": "三友村委会", "企业名称": null, "行业代码": null, "行业名称": null, "产值": 0.0, "行政区": null, "用地性": null }, "geometry": { "type": "Polygon", "coordinates": [ [ [ 110.044699, 25.38885 ], [ 110.044686, 25.388813 ], [ 110.044649, 25.388745 ], [ 110.044596, 25.388649 ], [ 110.044526, 25.388522 ], [ 110.044454, 25.388391 ], [ 110.044339, 25.388232 ], [ 110.04413, 25.388347 ], [ 110.044109, 25.388373 ], [ 110.044111, 25.388419 ], [ 110.044142, 25.388506 ], [ 110.044181, 25.388569 ], [ 110.044225, 25.388608 ], [ 110.044294, 25.388639 ], [ 110.044365, 25.388653 ], [ 110.04438, 25.388673 ], [ 110.044358, 25.388701 ], [ 110.044184, 25.388787 ], [ 110.044126, 25.388795 ], [ 110.044097, 25.388785 ], [ 110.044087, 25.388724 ], [ 110.044072, 25.388611 ], [ 110.044026, 25.388568 ], [ 110.043979, 25.388562 ], [ 110.043939, 25.388588 ], [ 110.043866, 25.388666 ], [ 110.044177, 25.389176 ], [ 110.044413, 25.389094 ], [ 110.044481, 25.38907 ], [ 110.044608, 25.388991 ], [ 110.044724, 25.38892 ], [ 110.044699, 25.38885 ] ] ] } },
{ "type": "Feature", "properties": { "BSM": "450312211000445125", "DLBM": "0601", "DLMC": "工业用地", "图斑面积": 12953.51, "坐落单位": "五通茶场", "企业名称": null, "行业代码": null, "行业名称": null, "产值": 0.0, "行政区": null, "用地性": null }, "geometry": { "type": "Polygon", "coordinates": [ [ [ 110.089424, 25.365915 ], [ 110.089381, 25.365896 ], [ 110.089341, 25.365878 ], [ 110.089032, 25.365776 ], [ 110.088911, 25.365748 ], [ 110.088848, 25.365707 ], [ 110.08883, 25.365653 ], [ 110.088776, 25.365617 ], [ 110.088752, 25.365602 ], [ 110.088532, 25.365883 ], [ 110.088195, 25.366306 ], [ 110.088111, 25.36641 ], [ 110.088146, 25.366426 ], [ 110.08827, 25.366483 ], [ 110.088415, 25.366546 ], [ 110.088388, 25.366632 ], [ 110.088589, 25.366706 ], [ 110.08878, 25.366754 ], [ 110.088805, 25.366693 ], [ 110.089058, 25.366797 ], [ 110.089359, 25.366926 ], [ 110.089437, 25.366948 ], [ 110.089481, 25.366868 ], [ 110.089515, 25.366794 ], [ 110.089579, 25.366631 ], [ 110.089607, 25.366503 ], [ 110.089548, 25.366444 ], [ 110.089523, 25.366388 ], [ 110.089492, 25.366326 ], [ 110.089467, 25.366212 ], [ 110.089489, 25.3661 ], [ 110.089488, 25.365943 ], [ 110.089469, 25.365935 ], [ 110.089424, 25.365915 ] ] ] } },
{ "type": "Feature", "properties": { "BSM": "450312211000447166", "DLBM": "0601", "DLMC": "工业用地", "图斑面积": 34811.71, "坐落单位": "秧塘旧机场", "企业名称": "汇通药业", "行业代码": "F51", "行业名称": "批发业", "产值": 0.0, "行政区": null, "用地性": null }, "geometry": { "type": "Polygon", "coordinates": [ [ [ 110.168664, 25.215526 ], [ 110.168614, 25.215503 ], [ 110.168321, 25.215358 ], [ 110.168247, 25.215326 ], [ 110.168228, 25.215317 ], [ 110.16821, 25.215297 ], [ 110.168175, 25.215223 ], [ 110.16813, 25.21513 ], [ 110.168126, 25.215075 ], [ 110.168204, 25.215052 ], [ 110.168171, 25.214918 ], [ 110.168117, 25.214856 ], [ 110.168007, 25.214774 ], [ 110.167957, 25.214785 ], [ 110.167839, 25.214744 ], [ 110.167528, 25.214544 ], [ 110.167355, 25.214824 ], [ 110.167042, 25.214582 ], [ 110.16684, 25.214461 ], [ 110.166639, 25.21471 ], [ 110.166633, 25.214705 ], [ 110.166546, 25.214792 ], [ 110.166411, 25.214928 ], [ 110.166318, 25.215022 ], [ 110.16619, 25.215151 ], [ 110.166018, 25.21533 ], [ 110.166207, 25.215464 ], [ 110.166486, 25.215663 ], [ 110.166689, 25.215807 ], [ 110.166978, 25.216014 ], [ 110.167268, 25.216221 ], [ 110.167375, 25.216293 ], [ 110.167412, 25.216317 ], [ 110.167472, 25.216351 ], [ 110.167517, 25.21637 ], [ 110.167548, 25.216377 ], [ 110.167566, 25.216378 ], [ 110.167629, 25.21638 ], [ 110.167678, 25.216377 ], [ 110.167697, 25.216377 ], [ 110.167706, 25.21638 ], [ 110.167823, 25.216334 ], [ 110.167886, 25.216309 ], [ 110.168034, 25.216254 ], [ 110.168149, 25.216219 ], [ 110.168254, 25.21619 ], [ 110.168398, 25.216153 ], [ 110.168531, 25.216119 ], [ 110.168578, 25.216109 ], [ 110.168526, 25.215961 ], [ 110.168512, 25.21592 ], [ 110.16892, 25.215855 ], [ 110.16943, 25.215813 ], [ 110.169176, 25.215739 ], [ 110.168816, 25.215598 ], [ 110.168699, 25.215543 ], [ 110.168685, 25.215536 ], [ 110.168664, 25.215526 ] ] ] } },
{ "type": "Feature", "properties": { "BSM": "450312211000428500", "DLBM": "0601", "DLMC": "工业用地", "图斑面积": 70.35, "坐落单位": "横山村委会", "企业名称": null, "行业代码": null, "行业名称": null, "产值": 0.0, "行政区": null, "用地性": null }, "geometry": { "type": "Polygon", "coordinates": [ [ [ 110.140965, 25.196177 ], [ 110.140987, 25.196196 ], [ 110.141114, 25.196061 ], [ 110.141085, 25.196036 ], [ 110.141043, 25.196085 ], [ 110.140965, 25.196177 ] ] ] } },
{ "type": "Feature", "properties": { "BSM": "450312211000449176", "DLBM": "0601", "DLMC": "工业用地", "图斑面积": 47446.08, "坐落单位": "二塘村委会", "企业名称": "桂林登普乐医疗器械有限公司", "行业代码": "C35", "行业名称": "专用设备制造业", "产值": 0.0, "行政区": null, "用地性": null }, "geometry": { "type": "Polygon", "coordinates": [ [ [ 110.180124, 25.211875 ], [ 110.180285, 25.211827 ], [ 110.180286, 25.211828 ], [ 110.180686, 25.211875 ], [ 110.180803, 25.211909 ], [ 110.180847, 25.211921 ], [ 110.180958, 25.211953 ], [ 110.181011, 25.211968 ], [ 110.18108, 25.212004 ], [ 110.181081, 25.212005 ], [ 110.181112, 25.212021 ], [ 110.181143, 25.212037 ], [ 110.181258, 25.211973 ], [ 110.181618, 25.211804 ], [ 110.181687, 25.21177 ], [ 110.181681, 25.211761 ], [ 110.181866, 25.211677 ], [ 110.181895, 25.211662 ], [ 110.181595, 25.211127 ], [ 110.181295, 25.210592 ], [ 110.180995, 25.210057 ], [ 110.180773, 25.209671 ], [ 110.180551, 25.209284 ], [ 110.18033, 25.208898 ], [ 110.180292, 25.208931 ], [ 110.180115, 25.209193 ], [ 110.180013, 25.209386 ], [ 110.180013, 25.2094 ], [ 110.180012, 25.20958 ], [ 110.180028, 25.209649 ], [ 110.180033, 25.20967 ], [ 110.180085, 25.209899 ], [ 110.180109, 25.21007 ], [ 110.180083, 25.210184 ], [ 110.180044, 25.210314 ], [ 110.180039, 25.210331 ], [ 110.179969, 25.2104 ], [ 110.179956, 25.210407 ], [ 110.179917, 25.210429 ], [ 110.179881, 25.210448 ], [ 110.179769, 25.21051 ], [ 110.179742, 25.210525 ], [ 110.179718, 25.210541 ], [ 110.179491, 25.210694 ], [ 110.179369, 25.210767 ], [ 110.179226, 25.210852 ], [ 110.179124, 25.211103 ], [ 110.179093, 25.211317 ], [ 110.17909, 25.211341 ], [ 110.179085, 25.211376 ], [ 110.179115, 25.211508 ], [ 110.179121, 25.211536 ], [ 110.179231, 25.211609 ], [ 110.179245, 25.211619 ], [ 110.179259, 25.211628 ], [ 110.179409, 25.211629 ], [ 110.179554, 25.211658 ], [ 110.179584, 25.211664 ], [ 110.179647, 25.211715 ], [ 110.179736, 25.211709 ], [ 110.179914, 25.211748 ], [ 110.180014, 25.211791 ], [ 110.180124, 25.211875 ] ] ] } },
{ "type": "Feature", "properties": { "BSM": "450312211000449253", "DLBM": "0601", "DLMC": "工业用地", "图斑面积": 3508.87, "坐落单位": "大律村委会", "企业名称": "桂林登普乐医疗器械有限公司", "行业代码": "C35", "行业名称": "专用设备制造业", "产值": 0.0, "行政区": null, "用地性": null }, "geometry": { "type": "Polygon", "coordinates": [ [ [ 110.180362, 25.212351 ], [ 110.180366, 25.212356 ], [ 110.180414, 25.212417 ], [ 110.180527, 25.212361 ], [ 110.180566, 25.212341 ], [ 110.180618, 25.212312 ], [ 110.18083, 25.212203 ], [ 110.181, 25.212115 ], [ 110.181103, 25.21206 ], [ 110.181143, 25.212037 ], [ 110.181112, 25.212021 ], [ 110.181081, 25.212005 ], [ 110.18108, 25.212004 ], [ 110.181011, 25.211968 ], [ 110.180958, 25.211953 ], [ 110.180847, 25.211921 ], [ 110.180803, 25.211909 ], [ 110.180686, 25.211875 ], [ 110.180286, 25.211828 ], [ 110.180285, 25.211827 ], [ 110.180124, 25.211875 ], [ 110.180145, 25.211892 ], [ 110.180197, 25.211953 ], [ 110.18031, 25.212185 ], [ 110.180294, 25.212266 ], [ 110.180362, 25.212351 ] ] ] } },
{ "type": "Feature", "properties": { "BSM": "450312211000449323", "DLBM": "0601", "DLMC": "工业用地", "图斑面积": 9474.99, "坐落单位": "秧塘村委会", "企业名称": "桂林青网科技园有限公司", "行业代码": "L72", "行业名称": "商业服务业", "产值": 0.0, "行政区": null, "用地性": null }, "geometry": { "type": "Polygon", "coordinates": [ [ [ 110.132723, 25.220157 ], [ 110.132811, 25.220158 ], [ 110.132908, 25.220158 ], [ 110.13301, 25.220159 ], [ 110.133008, 25.22016 ], [ 110.132956, 25.220203 ], [ 110.132939, 25.220228 ], [ 110.132924, 25.220271 ], [ 110.132917, 25.220351 ], [ 110.132917, 25.22036 ], [ 110.13308, 25.220325 ], [ 110.133073, 25.220129 ], [ 110.133093, 25.22012 ], [ 110.133143, 25.22005 ], [ 110.133195, 25.219978 ], [ 110.13321, 25.219901 ], [ 110.133204, 25.219802 ], [ 110.133151, 25.219673 ], [ 110.133069, 25.219613 ], [ 110.132989, 25.21958 ], [ 110.132853, 25.219564 ], [ 110.132695, 25.219599 ], [ 110.132527, 25.219656 ], [ 110.132418, 25.219692 ], [ 110.132335, 25.219636 ], [ 110.13223, 25.219503 ], [ 110.132149, 25.219392 ], [ 110.132085, 25.219313 ], [ 110.132034, 25.219284 ], [ 110.131969, 25.219243 ], [ 110.131939, 25.219223 ], [ 110.131914, 25.219178 ], [ 110.131881, 25.219112 ], [ 110.131798, 25.219035 ], [ 110.131799, 25.218912 ], [ 110.1318, 25.218844 ], [ 110.131747, 25.218737 ], [ 110.131707, 25.218641 ], [ 110.131656, 25.218576 ], [ 110.131573, 25.218568 ], [ 110.131478, 25.218539 ], [ 110.131421, 25.218451 ], [ 110.13132, 25.218336 ], [ 110.131202, 25.21823 ], [ 110.131109, 25.218177 ], [ 110.131084, 25.218134 ], [ 110.131132, 25.218066 ], [ 110.131133, 25.218064 ], [ 110.131132, 25.218065 ], [ 110.131083, 25.218089 ], [ 110.131083, 25.21809 ], [ 110.13108, 25.218091 ], [ 110.131059, 25.218114 ], [ 110.13105, 25.218131 ], [ 110.131044, 25.218152 ], [ 110.131044, 25.218156 ], [ 110.131044, 25.218158 ], [ 110.131037, 25.218192 ], [ 110.131062, 25.218213 ], [ 110.131083, 25.218224 ], [ 110.131102, 25.218233 ], [ 110.131178, 25.218264 ], [ 110.131226, 25.218289 ], [ 110.131249, 25.218301 ], [ 110.131275, 25.218325 ], [ 110.131323, 25.218369 ], [ 110.131382, 25.218424 ], [ 110.131458, 25.218544 ], [ 110.131514, 25.2186 ], [ 110.131558, 25.218639 ], [ 110.131605, 25.218681 ], [ 110.131606, 25.218682 ], [ 110.131607, 25.218684 ], [ 110.131714, 25.218837 ], [ 110.13177, 25.218921 ], [ 110.131782, 25.219021 ], [ 110.131765, 25.219099 ], [ 110.131765, 25.2191 ], [ 110.131732, 25.219123 ], [ 110.131711, 25.21914 ], [ 110.131581, 25.219246 ], [ 110.131494, 25.219287 ], [ 110.131444, 25.219311 ], [ 110.131516, 25.219402 ], [ 110.131606, 25.219516 ], [ 110.131675, 25.219578 ], [ 110.131675, 25.219578 ], [ 110.131908, 25.219722 ], [ 110.132228, 25.219915 ], [ 110.132279, 25.219938 ], [ 110.132281, 25.219884 ], [ 110.132685, 25.220078 ], [ 110.132657, 25.220118 ], [ 110.132723, 25.220157 ] ] ] } },
{ "type": "Feature", "properties": { "BSM": "450312211000452179", "DLBM": "0601", "DLMC": "工业用地", "图斑面积": 1373.79, "坐落单位": "西山村委会", "企业名称": null, "行业代码": null, "行业名称": null, "产值": 0.0, "行政区": null, "用地性": null }, "geometry": { "type": "Polygon", "coordinates": [ [ [ 110.130838, 25.347803 ], [ 110.130837, 25.347814 ], [ 110.130805, 25.348139 ], [ 110.130805, 25.348175 ], [ 110.130908, 25.348184 ], [ 110.130904, 25.348301 ], [ 110.131057, 25.348307 ], [ 110.131069, 25.348227 ], [ 110.131074, 25.348198 ], [ 110.13113, 25.347833 ], [ 110.13101, 25.347821 ], [ 110.130975, 25.347817 ], [ 110.130838, 25.347803 ] ] ] } },
{ "type": "Feature", "properties": { "BSM": "450312211000452224", "DLBM": "0601", "DLMC": "工业用地", "图斑面积": 45000.78, "坐落单位": "三友村委会", "企业名称": null, "行业代码": null, "行业名称": null, "产值": 0.0, "行政区": null, "用地性": null }, "geometry": { "type": "Polygon", "coordinates": [ [ [ 110.042296, 25.389339 ], [ 110.042116, 25.38934 ], [ 110.042088, 25.389341 ], [ 110.042086, 25.389395 ], [ 110.042089, 25.389554 ], [ 110.041998, 25.389556 ], [ 110.041946, 25.389561 ], [ 110.041894, 25.389565 ], [ 110.041929, 25.389625 ], [ 110.041944, 25.389667 ], [ 110.041944, 25.389667 ], [ 110.041956, 25.389709 ], [ 110.041956, 25.38971 ], [ 110.041963, 25.389753 ], [ 110.041963, 25.389755 ], [ 110.041986, 25.389865 ], [ 110.041988, 25.389875 ], [ 110.04201, 25.389985 ], [ 110.042033, 25.390119 ], [ 110.042052, 25.39015 ], [ 110.042068, 25.390166 ], [ 110.0421, 25.390179 ], [ 110.042173, 25.390185 ], [ 110.042331, 25.390166 ], [ 110.042481, 25.390147 ], [ 110.042712, 25.390137 ], [ 110.042889, 25.390146 ], [ 110.043039, 25.390163 ], [ 110.04314, 25.390157 ], [ 110.043196, 25.390153 ], [ 110.043251, 25.390149 ], [ 110.043298, 25.390137 ], [ 110.043309, 25.390134 ], [ 110.043347, 25.39011 ], [ 110.043398, 25.390071 ], [ 110.043433, 25.390029 ], [ 110.043496, 25.38999 ], [ 110.043582, 25.389968 ], [ 110.043565, 25.389952 ], [ 110.043517, 25.389944 ], [ 110.04342, 25.38994 ], [ 110.043405, 25.389925 ], [ 110.043395, 25.389908 ], [ 110.043394, 25.389764 ], [ 110.043393, 25.389741 ], [ 110.043393, 25.38971 ], [ 110.043392, 25.389672 ], [ 110.043772, 25.389521 ], [ 110.043934, 25.389458 ], [ 110.043943, 25.389239 ], [ 110.043383, 25.389245 ], [ 110.043381, 25.389245 ], [ 110.043377, 25.389206 ], [ 110.043374, 25.389166 ], [ 110.04338, 25.388747 ], [ 110.043386, 25.388329 ], [ 110.043394, 25.388134 ], [ 110.0434, 25.387998 ], [ 110.043396, 25.387915 ], [ 110.043389, 25.387672 ], [ 110.043387, 25.387575 ], [ 110.043383, 25.38738 ], [ 110.04338, 25.387221 ], [ 110.043377, 25.387066 ], [ 110.043378, 25.386892 ], [ 110.04338, 25.386554 ], [ 110.043381, 25.386257 ], [ 110.043352, 25.386167 ], [ 110.043264, 25.386101 ], [ 110.043191, 25.386076 ], [ 110.043041, 25.386063 ], [ 110.042933, 25.386068 ], [ 110.04283, 25.386124 ], [ 110.042709, 25.38615 ], [ 110.042585, 25.386168 ], [ 110.042334, 25.386167 ], [ 110.042247, 25.386152 ], [ 110.042232, 25.386154 ], [ 110.042229, 25.38635 ], [ 110.042793, 25.386365 ], [ 110.0428, 25.3869 ], [ 110.041875, 25.386873 ], [ 110.041905, 25.387044 ], [ 110.041972, 25.387546 ], [ 110.042004, 25.388062 ], [ 110.042154, 25.388058 ], [ 110.042167, 25.388455 ], [ 110.042318, 25.388457 ], [ 110.042511, 25.38846 ], [ 110.042548, 25.38846 ], [ 110.042622, 25.388462 ], [ 110.042682, 25.388463 ], [ 110.042754, 25.388464 ], [ 110.042944, 25.388468 ], [ 110.043082, 25.38847 ], [ 110.043141, 25.388472 ], [ 110.043182, 25.388472 ], [ 110.0433, 25.388475 ], [ 110.043297, 25.388894 ], [ 110.043295, 25.389216 ], [ 110.043294, 25.389313 ], [ 110.043261, 25.389317 ], [ 110.043263, 25.389423 ], [ 110.04318, 25.389428 ], [ 110.043152, 25.389453 ], [ 110.043153, 25.389492 ], [ 110.043221, 25.389557 ], [ 110.043264, 25.389575 ], [ 110.043265, 25.389671 ], [ 110.04321, 25.38967 ], [ 110.042942, 25.389666 ], [ 110.042919, 25.389666 ], [ 110.042926, 25.389337 ], [ 110.042738, 25.389338 ], [ 110.042673, 25.389338 ], [ 110.042621, 25.389338 ], [ 110.042615, 25.389338 ], [ 110.042607, 25.389338 ], [ 110.042334, 25.389339 ], [ 110.042296, 25.389339 ] ] ] } },
{ "type": "Feature", "properties": { "BSM": "450312211000453009", "DLBM": "0601", "DLMC": "工业用地", "图斑面积": 655.19, "坐落单位": "伍家村委会", "企业名称": null, "行业代码": null, "行业名称": null, "产值": 0.0, "行政区": null, "用地性": null }, "geometry": { "type": "Polygon", "coordinates": [ [ [ 110.018815, 25.306287 ], [ 110.018698, 25.306207 ], [ 110.01854, 25.306609 ], [ 110.018538, 25.306613 ], [ 110.018571, 25.306624 ], [ 110.018632, 25.306641 ], [ 110.018693, 25.306662 ], [ 110.018701, 25.30664 ], [ 110.018707, 25.306576 ], [ 110.018708, 25.306573 ], [ 110.018712, 25.306548 ], [ 110.018815, 25.306287 ] ] ] } },
{ "type": "Feature", "properties": { "BSM": "450312211000453023", "DLBM": "0601", "DLMC": "工业用地", "图斑面积": 718.89, "坐落单位": "罗江村委会", "企业名称": null, "行业代码": null, "行业名称": null, "产值": 0.0, "行政区": null, "用地性": null }, "geometry": { "type": "Polygon", "coordinates": [ [ [ 110.062275, 25.351812 ], [ 110.062294, 25.351921 ], [ 110.062629, 25.351878 ], [ 110.062654, 25.351865 ], [ 110.062696, 25.351815 ], [ 110.062694, 25.351799 ], [ 110.062609, 25.351695 ], [ 110.062611, 25.351677 ], [ 110.062577, 25.35167 ], [ 110.062275, 25.351812 ] ] ] } },
{ "type": "Feature", "properties": { "BSM": "450312211000453037", "DLBM": "0601", "DLMC": "工业用地", "图斑面积": 1984.57, "坐落单位": "泗江村委会", "企业名称": null, "行业代码": null, "行业名称": null, "产值": 0.0, "行政区": null, "用地性": null }, "geometry": { "type": "Polygon", "coordinates": [ [ [ 110.072245, 25.3958 ], [ 110.07225, 25.395923 ], [ 110.07235, 25.395922 ], [ 110.072685, 25.395917 ], [ 110.07287, 25.395915 ], [ 110.072865, 25.395652 ], [ 110.07286, 25.395643 ], [ 110.072852, 25.395638 ], [ 110.072829, 25.395636 ], [ 110.072483, 25.395638 ], [ 110.072218, 25.39565 ], [ 110.072177, 25.395664 ], [ 110.072165, 25.395688 ], [ 110.072243, 25.395728 ], [ 110.072245, 25.3958 ] ] ] } },
{ "type": "Feature", "properties": { "BSM": "450312211000453087", "DLBM": "0601", "DLMC": "工业用地", "图斑面积": 462.8, "坐落单位": "伍家村委会", "企业名称": null, "行业代码": null, "行业名称": null, "产值": 0.0, "行政区": null, "用地性": null }, "geometry": { "type": "Polygon", "coordinates": [ [ [ 110.037501, 25.318256 ], [ 110.03751, 25.318244 ], [ 110.037525, 25.318245 ], [ 110.037629, 25.318248 ], [ 110.037642, 25.318267 ], [ 110.037636, 25.318344 ], [ 110.037689, 25.318348 ], [ 110.037775, 25.318355 ], [ 110.037776, 25.318168 ], [ 110.037767, 25.318168 ], [ 110.037693, 25.318205 ], [ 110.037514, 25.318225 ], [ 110.037501, 25.318216 ], [ 110.037494, 25.318164 ], [ 110.037483, 25.318152 ], [ 110.037314, 25.318116 ], [ 110.037304, 25.318125 ], [ 110.037319, 25.318213 ], [ 110.037385, 25.318217 ], [ 110.037454, 25.318222 ], [ 110.037501, 25.318256 ] ] ] } },
{ "type": "Feature", "properties": { "BSM": "450312211000453151", "DLBM": "0601", "DLMC": "工业用地", "图斑面积": 157.84, "坐落单位": "三友村委会", "企业名称": null, "行业代码": null, "行业名称": null, "产值": 0.0, "行政区": null, "用地性": null }, "geometry": { "type": "Polygon", "coordinates": [ [ [ 110.04229, 25.388683 ], [ 110.042069, 25.388682 ], [ 110.04207, 25.388743 ], [ 110.042289, 25.38875 ], [ 110.04229, 25.388683 ] ] ] } },
{ "type": "Feature", "properties": { "BSM": "450312211000453445", "DLBM": "0601", "DLMC": "工业用地", "图斑面积": 278.07, "坐落单位": "江门村委会", "企业名称": null, "行业代码": null, "行业名称": null, "产值": 0.0, "行政区": null, "用地性": null }, "geometry": { "type": "Polygon", "coordinates": [ [ [ 110.040499, 25.423331 ], [ 110.040357, 25.423317 ], [ 110.040343, 25.423481 ], [ 110.040407, 25.423494 ], [ 110.040485, 25.423497 ], [ 110.040509, 25.423348 ], [ 110.040499, 25.423339 ], [ 110.040499, 25.423331 ] ] ] } },
{ "type": "Feature", "properties": { "BSM": "450312211000453449", "DLBM": "0601", "DLMC": "工业用地", "图斑面积": 9069.04, "坐落单位": "大塘村委会", "企业名称": null, "行业代码": null, "行业名称": null, "产值": 0.0, "行政区": null, "用地性": null }, "geometry": { "type": "Polygon", "coordinates": [ [ [ 110.033765, 25.399715 ], [ 110.033973, 25.39955 ], [ 110.034198, 25.399372 ], [ 110.034199, 25.399372 ], [ 110.034204, 25.399367 ], [ 110.034336, 25.39926 ], [ 110.034336, 25.39926 ], [ 110.03437, 25.399234 ], [ 110.034371, 25.399233 ], [ 110.034372, 25.399232 ], [ 110.034393, 25.399215 ], [ 110.034368, 25.399189 ], [ 110.034333, 25.399188 ], [ 110.034287, 25.399003 ], [ 110.034282, 25.398953 ], [ 110.034297, 25.398678 ], [ 110.034288, 25.398443 ], [ 110.034276, 25.398434 ], [ 110.034274, 25.398293 ], [ 110.033769, 25.398291 ], [ 110.03374, 25.398326 ], [ 110.033733, 25.398566 ], [ 110.033697, 25.398627 ], [ 110.033635, 25.398625 ], [ 110.033624, 25.398692 ], [ 110.033615, 25.398827 ], [ 110.033637, 25.399143 ], [ 110.033619, 25.399245 ], [ 110.033586, 25.399362 ], [ 110.033523, 25.399463 ], [ 110.033765, 25.399715 ] ] ] } },
{ "type": "Feature", "properties": { "BSM": "450312211000453457", "DLBM": "0601", "DLMC": "工业用地", "图斑面积": 860.71, "坐落单位": "浔江村委会", "企业名称": null, "行业代码": null, "行业名称": null, "产值": 0.0, "行政区": null, "用地性": null }, "geometry": { "type": "Polygon", "coordinates": [ [ [ 110.005632, 25.363494 ], [ 110.00564, 25.363398 ], [ 110.005569, 25.363326 ], [ 110.005505, 25.363399 ], [ 110.0054, 25.363328 ], [ 110.005367, 25.363362 ], [ 110.005402, 25.363404 ], [ 110.005403, 25.36348 ], [ 110.005418, 25.363575 ], [ 110.005463, 25.363622 ], [ 110.005507, 25.363669 ], [ 110.005542, 25.363702 ], [ 110.005572, 25.363711 ], [ 110.005605, 25.363718 ], [ 110.005713, 25.363561 ], [ 110.005671, 25.363526 ], [ 110.005632, 25.363494 ] ] ] } },
{ "type": "Feature", "properties": { "BSM": "450312211000453923", "DLBM": "0601", "DLMC": "工业用地", "图斑面积": 1068.37, "坐落单位": "泗江村委会", "企业名称": null, "行业代码": null, "行业名称": null, "产值": 0.0, "行政区": null, "用地性": null }, "geometry": { "type": "Polygon", "coordinates": [ [ [ 110.071137, 25.39429 ], [ 110.071164, 25.394346 ], [ 110.07119, 25.394411 ], [ 110.071243, 25.394496 ], [ 110.071304, 25.394581 ], [ 110.071322, 25.394676 ], [ 110.071386, 25.394632 ], [ 110.071439, 25.394595 ], [ 110.071395, 25.394459 ], [ 110.071437, 25.394443 ], [ 110.071411, 25.394363 ], [ 110.071424, 25.39436 ], [ 110.071374, 25.394227 ], [ 110.071369, 25.39421 ], [ 110.071291, 25.394213 ], [ 110.071249, 25.394109 ], [ 110.071148, 25.394142 ], [ 110.071172, 25.39421 ], [ 110.071124, 25.394253 ], [ 110.071137, 25.39429 ] ] ] } },
{ "type": "Feature", "properties": { "BSM": "450312211000455099", "DLBM": "0601", "DLMC": "工业用地", "图斑面积": 9848.09, "坐落单位": "五通茶场", "企业名称": null, "行业代码": null, "行业名称": null, "产值": 0.0, "行政区": null, "用地性": null }, "geometry": { "type": "Polygon", "coordinates": [ [ [ 110.088858, 25.363696 ], [ 110.088906, 25.363624 ], [ 110.088925, 25.363609 ], [ 110.089161, 25.363413 ], [ 110.089354, 25.363325 ], [ 110.089503, 25.3639 ], [ 110.089515, 25.363945 ], [ 110.089535, 25.364021 ], [ 110.089515, 25.364085 ], [ 110.089618, 25.364148 ], [ 110.089659, 25.364091 ], [ 110.089497, 25.3633 ], [ 110.089552, 25.363291 ], [ 110.089644, 25.363292 ], [ 110.089664, 25.363136 ], [ 110.089682, 25.362968 ], [ 110.08968, 25.362939 ], [ 110.089712, 25.362913 ], [ 110.089717, 25.362908 ], [ 110.089735, 25.36289 ], [ 110.089742, 25.362833 ], [ 110.089596, 25.362875 ], [ 110.089465, 25.362908 ], [ 110.0894, 25.362911 ], [ 110.089302, 25.362896 ], [ 110.089262, 25.36288 ], [ 110.089203, 25.362837 ], [ 110.089146, 25.362833 ], [ 110.08904, 25.362826 ], [ 110.088902, 25.362849 ], [ 110.088773, 25.362864 ], [ 110.088725, 25.362869 ], [ 110.08866, 25.362876 ], [ 110.088641, 25.362863 ], [ 110.088613, 25.362842 ], [ 110.088656, 25.36283 ], [ 110.088788, 25.362793 ], [ 110.088794, 25.362764 ], [ 110.088798, 25.362746 ], [ 110.08873, 25.362745 ], [ 110.088677, 25.362763 ], [ 110.088652, 25.362774 ], [ 110.088628, 25.362783 ], [ 110.088539, 25.362807 ], [ 110.088503, 25.36283 ], [ 110.08845, 25.362866 ], [ 110.088432, 25.362893 ], [ 110.08841, 25.3629 ], [ 110.088406, 25.36304 ], [ 110.088432, 25.363252 ], [ 110.088471, 25.363349 ], [ 110.088464, 25.363456 ], [ 110.088448, 25.363498 ], [ 110.088517, 25.363531 ], [ 110.088733, 25.363701 ], [ 110.088776, 25.363656 ], [ 110.088858, 25.363696 ] ] ] } },
{ "type": "Feature", "properties": { "BSM": "450312211000455105", "DLBM": "0601", "DLMC": "工业用地", "图斑面积": 2937.04, "坐落单位": "桐山村委会", "企业名称": null, "行业代码": null, "行业名称": null, "产值": 0.0, "行政区": null, "用地性": null }, "geometry": { "type": "Polygon", "coordinates": [ [ [ 110.096576, 25.378378 ], [ 110.096568, 25.378357 ], [ 110.096539, 25.378347 ], [ 110.096437, 25.378311 ], [ 110.096412, 25.378352 ], [ 110.096393, 25.378382 ], [ 110.096378, 25.378407 ], [ 110.096358, 25.378441 ], [ 110.096324, 25.378501 ], [ 110.096304, 25.378543 ], [ 110.096304, 25.378544 ], [ 110.096297, 25.378556 ], [ 110.096294, 25.378564 ], [ 110.0963, 25.378566 ], [ 110.096304, 25.37857 ], [ 110.096308, 25.378573 ], [ 110.096322, 25.378579 ], [ 110.096325, 25.37858 ], [ 110.096462, 25.378608 ], [ 110.096463, 25.378608 ], [ 110.096562, 25.37864 ], [ 110.096563, 25.37864 ], [ 110.096627, 25.378667 ], [ 110.096628, 25.378667 ], [ 110.096701, 25.378706 ], [ 110.096737, 25.378721 ], [ 110.096773, 25.378728 ], [ 110.096816, 25.378715 ], [ 110.096838, 25.378703 ], [ 110.0969, 25.378669 ], [ 110.096902, 25.378668 ], [ 110.09697, 25.378632 ], [ 110.096972, 25.378631 ], [ 110.096972, 25.378631 ], [ 110.096974, 25.378631 ], [ 110.096974, 25.378631 ], [ 110.096975, 25.378631 ], [ 110.096975, 25.378631 ], [ 110.096977, 25.378631 ], [ 110.097042, 25.378631 ], [ 110.097042, 25.378631 ], [ 110.097138, 25.378633 ], [ 110.097139, 25.378633 ], [ 110.097186, 25.378636 ], [ 110.097211, 25.378544 ], [ 110.097137, 25.378478 ], [ 110.097104, 25.37847 ], [ 110.096989, 25.378439 ], [ 110.096992, 25.378361 ], [ 110.096887, 25.37829 ], [ 110.09672, 25.378177 ], [ 110.096691, 25.378234 ], [ 110.096637, 25.378336 ], [ 110.096576, 25.378378 ] ] ] } },
{ "type": "Feature", "properties": { "BSM": "450312211000455376", "DLBM": "0601", "DLMC": "工业用地", "图斑面积": 1001.07, "坐落单位": "板屋村委会", "企业名称": null, "行业代码": null, "行业名称": null, "产值": 0.0, "行政区": null, "用地性": null }, "geometry": { "type": "Polygon", "coordinates": [ [ [ 110.124347, 25.406905 ], [ 110.124348, 25.406903 ], [ 110.124347, 25.406903 ], [ 110.124315, 25.406873 ], [ 110.124062, 25.40683 ], [ 110.12394, 25.406838 ], [ 110.123907, 25.406841 ], [ 110.123931, 25.406925 ], [ 110.124042, 25.407022 ], [ 110.124047, 25.407037 ], [ 110.124059, 25.40707 ], [ 110.124067, 25.407092 ], [ 110.124071, 25.407123 ], [ 110.124074, 25.407124 ], [ 110.124123, 25.407137 ], [ 110.124149, 25.407134 ], [ 110.124151, 25.407134 ], [ 110.124164, 25.407133 ], [ 110.124184, 25.407124 ], [ 110.124132, 25.407098 ], [ 110.124181, 25.407085 ], [ 110.124294, 25.40707 ], [ 110.124295, 25.40707 ], [ 110.124341, 25.407064 ], [ 110.12434, 25.407043 ], [ 110.124402, 25.407031 ], [ 110.1244, 25.407007 ], [ 110.124336, 25.406999 ], [ 110.124336, 25.406999 ], [ 110.124337, 25.40699 ], [ 110.124342, 25.406952 ], [ 110.124347, 25.406905 ] ] ] } },
{ "type": "Feature", "properties": { "BSM": "450312211000455536", "DLBM": "0601", "DLMC": "工业用地", "图斑面积": 13552.87, "坐落单位": "朗联村委会", "企业名称": null, "行业代码": null, "行业名称": null, "产值": 0.0, "行政区": null, "用地性": null }, "geometry": { "type": "Polygon", "coordinates": [ [ [ 110.279853, 24.954004 ], [ 110.279829, 24.954043 ], [ 110.279793, 24.954103 ], [ 110.279564, 24.953996 ], [ 110.279336, 24.953888 ], [ 110.279208, 24.954116 ], [ 110.279433, 24.95423 ], [ 110.279588, 24.954308 ], [ 110.279505, 24.954516 ], [ 110.279764, 24.954717 ], [ 110.27979, 24.954899 ], [ 110.279791, 24.954959 ], [ 110.279717, 24.955047 ], [ 110.279771, 24.95508 ], [ 110.279828, 24.955097 ], [ 110.279855, 24.955096 ], [ 110.279878, 24.955086 ], [ 110.279927, 24.955085 ], [ 110.279975, 24.95509 ], [ 110.279993, 24.955106 ], [ 110.280014, 24.95518 ], [ 110.280023, 24.955253 ], [ 110.280023, 24.955254 ], [ 110.280016, 24.955334 ], [ 110.280091, 24.955354 ], [ 110.280258, 24.955337 ], [ 110.280379, 24.955325 ], [ 110.280482, 24.95535 ], [ 110.280539, 24.955347 ], [ 110.280696, 24.955264 ], [ 110.280697, 24.955263 ], [ 110.280675, 24.955247 ], [ 110.280619, 24.955209 ], [ 110.280961, 24.954799 ], [ 110.280976, 24.954785 ], [ 110.280971, 24.954779 ], [ 110.280956, 24.954767 ], [ 110.280905, 24.954723 ], [ 110.280674, 24.954561 ], [ 110.280453, 24.954409 ], [ 110.280232, 24.954258 ], [ 110.279853, 24.954004 ] ] ] } },
{ "type": "Feature", "properties": { "BSM": "450312211000456430", "DLBM": "0601", "DLMC": "工业用地", "图斑面积": 10632.25, "坐落单位": "高寨村委会", "企业名称": null, "行业代码": null, "行业名称": null, "产值": 0.0, "行政区": null, "用地性": null }, "geometry": { "type": "Polygon", "coordinates": [ [ [ 110.002338, 25.205478 ], [ 110.002324, 25.205513 ], [ 110.00231, 25.205556 ], [ 110.002299, 25.205607 ], [ 110.002297, 25.205695 ], [ 110.002292, 25.205773 ], [ 110.002286, 25.205857 ], [ 110.002233, 25.206024 ], [ 110.00214, 25.206218 ], [ 110.00208, 25.206387 ], [ 110.002077, 25.206394 ], [ 110.002043, 25.206476 ], [ 110.002024, 25.206502 ], [ 110.001971, 25.206559 ], [ 110.001866, 25.206678 ], [ 110.001832, 25.206695 ], [ 110.001818, 25.206703 ], [ 110.001811, 25.20673 ], [ 110.001791, 25.206803 ], [ 110.001786, 25.206852 ], [ 110.00179, 25.206858 ], [ 110.001801, 25.206873 ], [ 110.001852, 25.206929 ], [ 110.001866, 25.206938 ], [ 110.001916, 25.206845 ], [ 110.001935, 25.206809 ], [ 110.001937, 25.206794 ], [ 110.001939, 25.206769 ], [ 110.002022, 25.206785 ], [ 110.002087, 25.206705 ], [ 110.002092, 25.206707 ], [ 110.002203, 25.206754 ], [ 110.00224, 25.206658 ], [ 110.002245, 25.206444 ], [ 110.002286, 25.206439 ], [ 110.002303, 25.206417 ], [ 110.002321, 25.206361 ], [ 110.002341, 25.206309 ], [ 110.002361, 25.206287 ], [ 110.002401, 25.206273 ], [ 110.002498, 25.206277 ], [ 110.00258, 25.206296 ], [ 110.002632, 25.206236 ], [ 110.002659, 25.206231 ], [ 110.002665, 25.20623 ], [ 110.002722, 25.20623 ], [ 110.002761, 25.206233 ], [ 110.002797, 25.206237 ], [ 110.002929, 25.20629 ], [ 110.002988, 25.206308 ], [ 110.003063, 25.206317 ], [ 110.003095, 25.206303 ], [ 110.003145, 25.206266 ], [ 110.003198, 25.20621 ], [ 110.003228, 25.206188 ], [ 110.00326, 25.206163 ], [ 110.003279, 25.206149 ], [ 110.003347, 25.20611 ], [ 110.003418, 25.20607 ], [ 110.003572, 25.205987 ], [ 110.00362, 25.205936 ], [ 110.003667, 25.205843 ], [ 110.0037, 25.205781 ], [ 110.003712, 25.205759 ], [ 110.003731, 25.205751 ], [ 110.003754, 25.205742 ], [ 110.003794, 25.205736 ], [ 110.00383, 25.20571 ], [ 110.00385, 25.205682 ], [ 110.003864, 25.205637 ], [ 110.003868, 25.205599 ], [ 110.003876, 25.205536 ], [ 110.00389, 25.205505 ], [ 110.003938, 25.20545 ], [ 110.004, 25.205409 ], [ 110.004015, 25.205394 ], [ 110.004035, 25.205359 ], [ 110.004035, 25.205307 ], [ 110.004002, 25.205251 ], [ 110.003951, 25.205209 ], [ 110.003932, 25.205187 ], [ 110.003916, 25.20516 ], [ 110.003875, 25.205131 ], [ 110.003704, 25.20533 ], [ 110.003577, 25.205503 ], [ 110.003538, 25.205529 ], [ 110.003538, 25.205582 ], [ 110.003525, 25.205651 ], [ 110.00351, 25.205673 ], [ 110.003468, 25.205727 ], [ 110.003348, 25.205816 ], [ 110.003206, 25.205906 ], [ 110.003155, 25.205926 ], [ 110.003098, 25.205948 ], [ 110.003044, 25.205948 ], [ 110.003002, 25.205948 ], [ 110.002967, 25.20594 ], [ 110.00287, 25.205918 ], [ 110.002825, 25.205897 ], [ 110.002768, 25.205853 ], [ 110.00269, 25.205768 ], [ 110.002627, 25.205681 ], [ 110.00253, 25.205562 ], [ 110.002491, 25.205524 ], [ 110.002364, 25.205479 ], [ 110.002338, 25.205478 ] ] ] } },
{ "type": "Feature", "properties": { "BSM": "450312211000458071", "DLBM": "0601", "DLMC": "工业用地", "图斑面积": 1393.78, "坐落单位": "六塘村委会", "企业名称": null, "行业代码": null, "行业名称": null, "产值": 0.0, "行政区": null, "用地性": null }, "geometry": { "type": "Polygon", "coordinates": [ [ [ 110.286004, 25.004948 ], [ 110.286006, 25.004947 ], [ 110.285943, 25.004676 ], [ 110.285943, 25.004672 ], [ 110.28589, 25.004446 ], [ 110.285617, 25.004506 ], [ 110.285697, 25.004834 ], [ 110.285809, 25.004882 ], [ 110.285939, 25.00498 ], [ 110.286004, 25.004948 ] ] ] } },
{ "type": "Feature", "properties": { "BSM": "450312211000458487", "DLBM": "0601", "DLMC": "工业用地", "图斑面积": 10505.18, "坐落单位": "羊田村委会", "企业名称": null, "行业代码": null, "行业名称": null, "产值": 0.0, "行政区": null, "用地性": null }, "geometry": { "type": "Polygon", "coordinates": [ [ [ 110.271664, 25.035172 ], [ 110.271684, 25.03501 ], [ 110.271534, 25.034971 ], [ 110.271486, 25.034975 ], [ 110.271387, 25.034975 ], [ 110.271371, 25.034889 ], [ 110.271293, 25.034852 ], [ 110.271265, 25.034797 ], [ 110.271276, 25.034714 ], [ 110.271327, 25.034552 ], [ 110.271292, 25.034519 ], [ 110.271249, 25.034516 ], [ 110.2712, 25.034569 ], [ 110.27116, 25.034666 ], [ 110.271097, 25.034709 ], [ 110.271029, 25.03477 ], [ 110.270934, 25.034745 ], [ 110.270934, 25.034745 ], [ 110.270811, 25.034712 ], [ 110.270728, 25.034947 ], [ 110.270663, 25.035101 ], [ 110.270844, 25.035174 ], [ 110.270859, 25.035269 ], [ 110.270931, 25.035314 ], [ 110.27102, 25.035371 ], [ 110.271022, 25.035371 ], [ 110.271072, 25.035369 ], [ 110.271159, 25.035374 ], [ 110.271174, 25.035382 ], [ 110.271186, 25.035397 ], [ 110.271202, 25.035407 ], [ 110.271234, 25.035411 ], [ 110.271151, 25.035656 ], [ 110.271163, 25.035992 ], [ 110.271175, 25.036328 ], [ 110.271333, 25.036323 ], [ 110.271383, 25.036325 ], [ 110.271609, 25.036297 ], [ 110.271723, 25.036283 ], [ 110.271727, 25.03581 ], [ 110.271603, 25.035799 ], [ 110.271545, 25.035802 ], [ 110.271548, 25.035718 ], [ 110.271553, 25.035591 ], [ 110.271548, 25.035508 ], [ 110.271544, 25.035455 ], [ 110.271549, 25.035439 ], [ 110.271569, 25.035376 ], [ 110.271584, 25.035352 ], [ 110.271614, 25.035302 ], [ 110.27166, 25.035203 ], [ 110.271664, 25.035172 ] ] ] } },
{ "type": "Feature", "properties": { "BSM": "450312211000458778", "DLBM": "0601", "DLMC": "工业用地", "图斑面积": 2235.93, "坐落单位": "清泰村委会", "企业名称": null, "行业代码": null, "行业名称": null, "产值": 0.0, "行政区": null, "用地性": null }, "geometry": { "type": "Polygon", "coordinates": [ [ [ 110.207707, 24.938968 ], [ 110.207887, 24.938782 ], [ 110.207939, 24.938797 ], [ 110.20813, 24.93854 ], [ 110.207696, 24.938361 ], [ 110.207526, 24.938685 ], [ 110.207615, 24.938738 ], [ 110.207535, 24.93889 ], [ 110.207538, 24.938891 ], [ 110.207634, 24.938935 ], [ 110.207707, 24.938968 ] ] ] } },
{ "type": "Feature", "properties": { "BSM": "450312211000458989", "DLBM": "0601", "DLMC": "工业用地", "图斑面积": 766.88, "坐落单位": "诚正村委会", "企业名称": null, "行业代码": null, "行业名称": null, "产值": 0.0, "行政区": null, "用地性": null }, "geometry": { "type": "Polygon", "coordinates": [ [ [ 110.324034, 24.999022 ], [ 110.323991, 24.999029 ], [ 110.323965, 24.99903 ], [ 110.32393, 24.999038 ], [ 110.323899, 24.999061 ], [ 110.323866, 24.999101 ], [ 110.323854, 24.999126 ], [ 110.323844, 24.99915 ], [ 110.323842, 24.999174 ], [ 110.323846, 24.999197 ], [ 110.323866, 24.99923 ], [ 110.323914, 24.999263 ], [ 110.323868, 24.999345 ], [ 110.324021, 24.999377 ], [ 110.324135, 24.99906 ], [ 110.324034, 24.999022 ] ] ] } },
{ "type": "Feature", "properties": { "BSM": "450312211000459148", "DLBM": "0601", "DLMC": "工业用地", "图斑面积": 11117.49, "坐落单位": "信果村委会", "企业名称": null, "行业代码": null, "行业名称": null, "产值": 0.0, "行政区": null, "用地性": null }, "geometry": { "type": "Polygon", "coordinates": [ [ [ 109.987071, 25.164295 ], [ 109.987115, 25.164267 ], [ 109.987166, 25.164225 ], [ 109.987222, 25.164194 ], [ 109.987303, 25.164185 ], [ 109.987336, 25.164145 ], [ 109.987405, 25.164041 ], [ 109.987412, 25.164033 ], [ 109.987448, 25.163954 ], [ 109.987489, 25.163847 ], [ 109.987505, 25.163779 ], [ 109.987522, 25.16365 ], [ 109.987497, 25.163648 ], [ 109.987357, 25.163616 ], [ 109.987316, 25.163615 ], [ 109.987274, 25.163606 ], [ 109.987153, 25.163599 ], [ 109.98707, 25.163554 ], [ 109.986974, 25.163494 ], [ 109.986942, 25.163419 ], [ 109.98692, 25.163411 ], [ 109.986808, 25.163367 ], [ 109.986625, 25.163295 ], [ 109.98652, 25.163254 ], [ 109.986395, 25.163206 ], [ 109.986393, 25.163208 ], [ 109.986372, 25.16323 ], [ 109.986322, 25.163305 ], [ 109.986302, 25.163348 ], [ 109.986296, 25.163363 ], [ 109.986289, 25.163377 ], [ 109.986289, 25.163377 ], [ 109.986284, 25.163442 ], [ 109.986278, 25.163512 ], [ 109.986277, 25.163522 ], [ 109.986277, 25.163522 ], [ 109.986272, 25.163584 ], [ 109.986271, 25.163669 ], [ 109.986271, 25.16374 ], [ 109.986271, 25.163773 ], [ 109.98627, 25.163793 ], [ 109.98627, 25.163817 ], [ 109.986269, 25.163824 ], [ 109.986268, 25.163828 ], [ 109.986247, 25.163895 ], [ 109.986246, 25.163897 ], [ 109.986245, 25.163899 ], [ 109.986244, 25.163902 ], [ 109.986217, 25.16395 ], [ 109.986212, 25.163959 ], [ 109.986211, 25.163961 ], [ 109.986209, 25.163963 ], [ 109.986196, 25.16398 ], [ 109.986199, 25.163991 ], [ 109.98622, 25.16398 ], [ 109.986222, 25.163979 ], [ 109.986247, 25.163966 ], [ 109.986277, 25.16395 ], [ 109.986279, 25.163949 ], [ 109.986285, 25.163976 ], [ 109.986312, 25.164092 ], [ 109.986346, 25.164166 ], [ 109.986421, 25.16425 ], [ 109.986467, 25.164285 ], [ 109.986597, 25.164336 ], [ 109.986633, 25.164346 ], [ 109.986763, 25.164372 ], [ 109.986836, 25.164371 ], [ 109.986878, 25.164362 ], [ 109.986946, 25.164345 ], [ 109.987071, 25.164295 ] ] ] } },
{ "type": "Feature", "properties": { "BSM": "450312211000459351", "DLBM": "0601", "DLMC": "工业用地", "图斑面积": 3313.12, "坐落单位": "河沙村委会", "企业名称": null, "行业代码": null, "行业名称": null, "产值": 0.0, "行政区": null, "用地性": null }, "geometry": { "type": "Polygon", "coordinates": [ [ [ 110.030177, 25.295005 ], [ 110.030198, 25.294945 ], [ 110.030318, 25.294626 ], [ 110.029599, 25.294293 ], [ 110.029532, 25.29446 ], [ 110.029442, 25.294458 ], [ 110.02948, 25.294527 ], [ 110.029532, 25.294623 ], [ 110.029541, 25.294639 ], [ 110.029562, 25.294678 ], [ 110.029579, 25.294672 ], [ 110.029922, 25.294862 ], [ 110.02994, 25.294862 ], [ 110.03002, 25.294908 ], [ 110.030177, 25.295005 ] ] ] } },
{ "type": "Feature", "properties": { "BSM": "450312211000460174", "DLBM": "0601", "DLMC": "工业用地", "图斑面积": 239.92, "坐落单位": "信果村委会", "企业名称": null, "行业代码": null, "行业名称": null, "产值": 0.0, "行政区": null, "用地性": null }, "geometry": { "type": "Polygon", "coordinates": [ [ [ 110.007872, 25.172102 ], [ 110.007735, 25.172061 ], [ 110.007692, 25.172047 ], [ 110.007651, 25.172128 ], [ 110.007645, 25.172139 ], [ 110.007843, 25.172205 ], [ 110.007888, 25.172107 ], [ 110.007872, 25.172102 ] ] ] } },
{ "type": "Feature", "properties": { "BSM": "450312211000460204", "DLBM": "0601", "DLMC": "工业用地", "图斑面积": 438.37, "坐落单位": "宝山村委会", "企业名称": null, "行业代码": null, "行业名称": null, "产值": 0.0, "行政区": null, "用地性": null }, "geometry": { "type": "Polygon", "coordinates": [ [ [ 110.012628, 25.175623 ], [ 110.012624, 25.175574 ], [ 110.012466, 25.175584 ], [ 110.012461, 25.175819 ], [ 110.012629, 25.175816 ], [ 110.012628, 25.175623 ] ] ] } },
{ "type": "Feature", "properties": { "BSM": "450312211000460206", "DLBM": "0601", "DLMC": "工业用地", "图斑面积": 378.13, "坐落单位": "城联村委会", "企业名称": null, "行业代码": null, "行业名称": null, "产值": 0.0, "行政区": null, "用地性": null }, "geometry": { "type": "Polygon", "coordinates": [ [ [ 110.014583, 25.179407 ], [ 110.014527, 25.179435 ], [ 110.014484, 25.179456 ], [ 110.014652, 25.17972 ], [ 110.014745, 25.179659 ], [ 110.014583, 25.179407 ] ] ] } },
{ "type": "Feature", "properties": { "BSM": "450312211000460323", "DLBM": "0601", "DLMC": "工业用地", "图斑面积": 430.17, "坐落单位": "渡头村委会", "企业名称": null, "行业代码": null, "行业名称": null, "产值": 0.0, "行政区": null, "用地性": null }, "geometry": { "type": "Polygon", "coordinates": [ [ [ 110.026, 25.272589 ], [ 110.025989, 25.272592 ], [ 110.025866, 25.272607 ], [ 110.025817, 25.272614 ], [ 110.025858, 25.272786 ], [ 110.025866, 25.272795 ], [ 110.025899, 25.272792 ], [ 110.025914, 25.272791 ], [ 110.026082, 25.272778 ], [ 110.026, 25.272589 ] ] ] } },
{ "type": "Feature", "properties": { "BSM": "450312211000461119", "DLBM": "0601", "DLMC": "工业用地", "图斑面积": 337.28, "坐落单位": "罗城村委会", "企业名称": null, "行业代码": null, "行业名称": null, "产值": 0.0, "行政区": null, "用地性": null }, "geometry": { "type": "Polygon", "coordinates": [ [ [ 109.991821, 25.315573 ], [ 109.991625, 25.315445 ], [ 109.991546, 25.315541 ], [ 109.991753, 25.315681 ], [ 109.991806, 25.315593 ], [ 109.991821, 25.315573 ] ] ] } },
{ "type": "Feature", "properties": { "BSM": "450312211000461398", "DLBM": "0601", "DLMC": "工业用地", "图斑面积": 52452.33, "坐落单位": "自信村委会", "企业名称": "同盛生物科技", "行业代码": "M73", "行业名称": "研究和试验发展", "产值": 0.0, "行政区": null, "用地性": null }, "geometry": { "type": "Polygon", "coordinates": [ [ [ 110.162517, 25.199258 ], [ 110.16252, 25.199231 ], [ 110.162501, 25.199217 ], [ 110.162499, 25.199183 ], [ 110.162579, 25.199024 ], [ 110.162623, 25.199043 ], [ 110.162631, 25.199025 ], [ 110.162851, 25.199107 ], [ 110.163024, 25.199167 ], [ 110.163092, 25.199197 ], [ 110.163103, 25.199201 ], [ 110.163371, 25.199296 ], [ 110.163393, 25.199194 ], [ 110.163371, 25.199185 ], [ 110.163175, 25.199112 ], [ 110.163034, 25.199058 ], [ 110.162947, 25.199021 ], [ 110.162935, 25.199016 ], [ 110.162912, 25.199008 ], [ 110.162763, 25.198951 ], [ 110.162599, 25.198883 ], [ 110.162539, 25.198857 ], [ 110.16248, 25.198835 ], [ 110.162313, 25.198771 ], [ 110.162221, 25.198737 ], [ 110.162165, 25.198717 ], [ 110.162093, 25.198681 ], [ 110.161988, 25.198636 ], [ 110.161947, 25.19862 ], [ 110.161919, 25.198605 ], [ 110.161878, 25.198589 ], [ 110.161692, 25.198506 ], [ 110.161441, 25.198393 ], [ 110.161092, 25.198237 ], [ 110.160907, 25.198147 ], [ 110.160736, 25.198072 ], [ 110.160531, 25.197981 ], [ 110.160369, 25.197908 ], [ 110.160104, 25.197789 ], [ 110.159666, 25.197593 ], [ 110.15966, 25.197598 ], [ 110.159627, 25.197632 ], [ 110.15946, 25.197794 ], [ 110.159368, 25.197883 ], [ 110.15911, 25.198133 ], [ 110.159109, 25.198135 ], [ 110.159109, 25.198135 ], [ 110.15883, 25.198387 ], [ 110.158552, 25.198638 ], [ 110.158275, 25.198888 ], [ 110.158291, 25.198903 ], [ 110.15845, 25.199049 ], [ 110.158614, 25.199188 ], [ 110.158745, 25.199298 ], [ 110.158892, 25.19944 ], [ 110.159052, 25.199587 ], [ 110.159133, 25.199649 ], [ 110.159193, 25.199695 ], [ 110.159335, 25.199774 ], [ 110.159514, 25.199865 ], [ 110.159765, 25.199995 ], [ 110.159877, 25.200053 ], [ 110.160012, 25.20009 ], [ 110.160043, 25.200098 ], [ 110.160087, 25.200117 ], [ 110.160111, 25.200127 ], [ 110.160139, 25.200139 ], [ 110.160172, 25.200143 ], [ 110.160232, 25.200056 ], [ 110.160259, 25.200016 ], [ 110.160288, 25.20003 ], [ 110.160389, 25.1999 ], [ 110.160412, 25.199895 ], [ 110.160555, 25.199705 ], [ 110.160984, 25.199989 ], [ 110.161015, 25.199951 ], [ 110.160586, 25.199662 ], [ 110.160813, 25.199372 ], [ 110.160741, 25.199329 ], [ 110.160885, 25.199127 ], [ 110.160948, 25.199037 ], [ 110.161148, 25.198776 ], [ 110.161278, 25.198606 ], [ 110.161317, 25.198626 ], [ 110.161356, 25.198646 ], [ 110.161422, 25.19856 ], [ 110.161517, 25.198556 ], [ 110.161559, 25.198563 ], [ 110.162042, 25.198778 ], [ 110.162259, 25.198869 ], [ 110.162513, 25.198974 ], [ 110.162365, 25.19919 ], [ 110.16247, 25.19925 ], [ 110.162508, 25.199271 ], [ 110.16251, 25.199272 ], [ 110.162517, 25.199258 ] ] ] } },
{ "type": "Feature", "properties": { "BSM": "450312211000461435", "DLBM": "0601", "DLMC": "工业用地", "图斑面积": 296642.89, "坐落单位": "自信村委会", "企业名称": "桂林莱茵生物生物科技股份有限公司", "行业代码": "C13", "行业名称": "农副食品加工业", "产值": 10.0, "行政区": null, "用地性": null }, "geometry": { "type": "Polygon", "coordinates": [ [ [ 110.166369, 25.195586 ], [ 110.166325, 25.195572 ], [ 110.166278, 25.195549 ], [ 110.166082, 25.195442 ], [ 110.166066, 25.195424 ], [ 110.165842, 25.195315 ], [ 110.165755, 25.195273 ], [ 110.165593, 25.195195 ], [ 110.165338, 25.195071 ], [ 110.165305, 25.195055 ], [ 110.165119, 25.194967 ], [ 110.164859, 25.19484 ], [ 110.164669, 25.194752 ], [ 110.164596, 25.194718 ], [ 110.164577, 25.194709 ], [ 110.164544, 25.194693 ], [ 110.164457, 25.194652 ], [ 110.164457, 25.194652 ], [ 110.164445, 25.194647 ], [ 110.164264, 25.19456 ], [ 110.164177, 25.194519 ], [ 110.164174, 25.194518 ], [ 110.164165, 25.194513 ], [ 110.163974, 25.194422 ], [ 110.163963, 25.194417 ], [ 110.163959, 25.194415 ], [ 110.163739, 25.19431 ], [ 110.163645, 25.194264 ], [ 110.163596, 25.194241 ], [ 110.163495, 25.194192 ], [ 110.163282, 25.194093 ], [ 110.163183, 25.194045 ], [ 110.163155, 25.194031 ], [ 110.163152, 25.19403 ], [ 110.163149, 25.194029 ], [ 110.163138, 25.194023 ], [ 110.16306, 25.193986 ], [ 110.163024, 25.193968 ], [ 110.162974, 25.193944 ], [ 110.162816, 25.193869 ], [ 110.162681, 25.193804 ], [ 110.162674, 25.19381 ], [ 110.162673, 25.19381 ], [ 110.162673, 25.19381 ], [ 110.162628, 25.193852 ], [ 110.162346, 25.19412 ], [ 110.162063, 25.194388 ], [ 110.161822, 25.194616 ], [ 110.161581, 25.194844 ], [ 110.16134, 25.195072 ], [ 110.161007, 25.195388 ], [ 110.160674, 25.195703 ], [ 110.160366, 25.195994 ], [ 110.160128, 25.19622 ], [ 110.160059, 25.196285 ], [ 110.160058, 25.196286 ], [ 110.159749, 25.196578 ], [ 110.159663, 25.19666 ], [ 110.159534, 25.196781 ], [ 110.159441, 25.19687 ], [ 110.159321, 25.197017 ], [ 110.15944, 25.197061 ], [ 110.159464, 25.19707 ], [ 110.159774, 25.19721 ], [ 110.160085, 25.197351 ], [ 110.160503, 25.19754 ], [ 110.16092, 25.197729 ], [ 110.160932, 25.197735 ], [ 110.161222, 25.197866 ], [ 110.161512, 25.197997 ], [ 110.161804, 25.19813 ], [ 110.161901, 25.198173 ], [ 110.161913, 25.198179 ], [ 110.161999, 25.198218 ], [ 110.161999, 25.198218 ], [ 110.162025, 25.19823 ], [ 110.162206, 25.198307 ], [ 110.162206, 25.198307 ], [ 110.162561, 25.198458 ], [ 110.162916, 25.19861 ], [ 110.163106, 25.198672 ], [ 110.163303, 25.198737 ], [ 110.163702, 25.198883 ], [ 110.164102, 25.199029 ], [ 110.164199, 25.199068 ], [ 110.164515, 25.199193 ], [ 110.164554, 25.199205 ], [ 110.164904, 25.199362 ], [ 110.164911, 25.199366 ], [ 110.165128, 25.199485 ], [ 110.165184, 25.199527 ], [ 110.165207, 25.199544 ], [ 110.165423, 25.199693 ], [ 110.165529, 25.199775 ], [ 110.165551, 25.199736 ], [ 110.165572, 25.199724 ], [ 110.165611, 25.199625 ], [ 110.165647, 25.199491 ], [ 110.165704, 25.199323 ], [ 110.165732, 25.199249 ], [ 110.16576, 25.199195 ], [ 110.165787, 25.199141 ], [ 110.16579, 25.199136 ], [ 110.16581, 25.199091 ], [ 110.16584, 25.198982 ], [ 110.165888, 25.198844 ], [ 110.165931, 25.1987 ], [ 110.165958, 25.198616 ], [ 110.165964, 25.198597 ], [ 110.166002, 25.198499 ], [ 110.166029, 25.198404 ], [ 110.166088, 25.198212 ], [ 110.166115, 25.198125 ], [ 110.166131, 25.198073 ], [ 110.166171, 25.197964 ], [ 110.166215, 25.197855 ], [ 110.166244, 25.197774 ], [ 110.166265, 25.197713 ], [ 110.16629, 25.197636 ], [ 110.166298, 25.197615 ], [ 110.166354, 25.197632 ], [ 110.166321, 25.197723 ], [ 110.166307, 25.197762 ], [ 110.166288, 25.197815 ], [ 110.166236, 25.197956 ], [ 110.166197, 25.198072 ], [ 110.166135, 25.19826 ], [ 110.166125, 25.198294 ], [ 110.166118, 25.198319 ], [ 110.166101, 25.198386 ], [ 110.166083, 25.198437 ], [ 110.166065, 25.198496 ], [ 110.166033, 25.198587 ], [ 110.166024, 25.198612 ], [ 110.166007, 25.198661 ], [ 110.166342, 25.198361 ], [ 110.16674, 25.198004 ], [ 110.166829, 25.197925 ], [ 110.167898, 25.196967 ], [ 110.16811, 25.196777 ], [ 110.168323, 25.196587 ], [ 110.16818, 25.196514 ], [ 110.168104, 25.196475 ], [ 110.167853, 25.196347 ], [ 110.167603, 25.19622 ], [ 110.167601, 25.196219 ], [ 110.167251, 25.19604 ], [ 110.166852, 25.195841 ], [ 110.166852, 25.195841 ], [ 110.166417, 25.195623 ], [ 110.166369, 25.195586 ] ] ] } },
{ "type": "Feature", "properties": { "BSM": "450312211000461436", "DLBM": "0601", "DLMC": "工业用地", "图斑面积": 63161.25, "坐落单位": "刘村村委会", "企业名称": "曲度医疗器械有限公司", "行业代码": "C35", "行业名称": "专用设备制造业", "产值": 0.0, "行政区": null, "用地性": null }, "geometry": { "type": "Polygon", "coordinates": [ [ [ 110.131027, 25.213557 ], [ 110.13102, 25.213612 ], [ 110.131011, 25.213682 ], [ 110.131028, 25.213699 ], [ 110.13107, 25.213711 ], [ 110.131072, 25.213955 ], [ 110.131116, 25.213996 ], [ 110.13118, 25.213944 ], [ 110.131181, 25.213944 ], [ 110.131223, 25.213928 ], [ 110.131233, 25.213928 ], [ 110.131246, 25.213927 ], [ 110.131246, 25.213927 ], [ 110.131251, 25.213926 ], [ 110.131296, 25.213933 ], [ 110.131434, 25.213925 ], [ 110.131454, 25.213922 ], [ 110.131478, 25.213917 ], [ 110.131565, 25.213877 ], [ 110.131617, 25.213841 ], [ 110.131641, 25.213827 ], [ 110.131663, 25.213831 ], [ 110.131686, 25.213832 ], [ 110.131697, 25.213832 ], [ 110.131715, 25.213838 ], [ 110.131742, 25.213854 ], [ 110.131777, 25.213885 ], [ 110.131799, 25.2139 ], [ 110.131835, 25.21393 ], [ 110.131854, 25.21396 ], [ 110.131915, 25.214053 ], [ 110.131947, 25.214146 ], [ 110.131948, 25.21423 ], [ 110.131866, 25.214362 ], [ 110.131864, 25.214377 ], [ 110.131859, 25.214408 ], [ 110.131852, 25.21446 ], [ 110.131849, 25.214461 ], [ 110.131796, 25.214477 ], [ 110.131697, 25.21446 ], [ 110.131628, 25.21443 ], [ 110.131583, 25.214431 ], [ 110.131581, 25.214431 ], [ 110.13155, 25.214436 ], [ 110.131524, 25.214444 ], [ 110.131499, 25.214451 ], [ 110.131421, 25.214522 ], [ 110.13142, 25.214523 ], [ 110.131402, 25.214611 ], [ 110.131407, 25.214648 ], [ 110.131417, 25.214734 ], [ 110.131481, 25.214839 ], [ 110.131522, 25.214925 ], [ 110.131569, 25.215055 ], [ 110.131559, 25.215149 ], [ 110.131558, 25.215161 ], [ 110.131535, 25.215253 ], [ 110.131534, 25.215253 ], [ 110.13151, 25.215285 ], [ 110.131468, 25.215346 ], [ 110.13145, 25.215372 ], [ 110.131454, 25.215426 ], [ 110.131462, 25.215452 ], [ 110.131737, 25.21547 ], [ 110.131728, 25.215477 ], [ 110.131779, 25.215473 ], [ 110.131799, 25.215471 ], [ 110.131929, 25.21546 ], [ 110.132008, 25.215483 ], [ 110.13202, 25.215489 ], [ 110.132373, 25.215511 ], [ 110.134668, 25.215649 ], [ 110.135111, 25.215676 ], [ 110.135146, 25.215658 ], [ 110.135198, 25.21562 ], [ 110.135207, 25.215613 ], [ 110.135208, 25.215432 ], [ 110.13521, 25.215101 ], [ 110.135213, 25.21477 ], [ 110.135204, 25.214773 ], [ 110.135168, 25.214783 ], [ 110.13483, 25.214787 ], [ 110.134674, 25.214789 ], [ 110.134492, 25.214791 ], [ 110.134154, 25.214795 ], [ 110.134163, 25.214563 ], [ 110.134164, 25.214563 ], [ 110.134174, 25.214315 ], [ 110.134176, 25.214064 ], [ 110.134178, 25.213812 ], [ 110.134178, 25.213807 ], [ 110.133558, 25.213797 ], [ 110.132656, 25.213724 ], [ 110.132439, 25.213701 ], [ 110.132422, 25.213699 ], [ 110.132386, 25.213695 ], [ 110.132163, 25.213671 ], [ 110.131946, 25.213648 ], [ 110.131789, 25.213631 ], [ 110.131709, 25.213623 ], [ 110.131356, 25.213618 ], [ 110.131268, 25.213608 ], [ 110.131242, 25.213602 ], [ 110.131027, 25.213557 ] ] ] } },
{ "type": "Feature", "properties": { "BSM": "450312211000461621", "DLBM": "0601", "DLMC": "工业用地", "图斑面积": 12966.95, "坐落单位": "刘村村委会", "企业名称": "桂林兴城门业有限公司", "行业代码": "C33", "行业名称": "金属制品业", "产值": 0.0, "行政区": null, "用地性": null }, "geometry": { "type": "Polygon", "coordinates": [ [ [ 110.141862, 25.204634 ], [ 110.141857, 25.204626 ], [ 110.141825, 25.204581 ], [ 110.141739, 25.204364 ], [ 110.141694, 25.204251 ], [ 110.141694, 25.204251 ], [ 110.141669, 25.204137 ], [ 110.141655, 25.204076 ], [ 110.141655, 25.204075 ], [ 110.141628, 25.203913 ], [ 110.141621, 25.203845 ], [ 110.141607, 25.203705 ], [ 110.141594, 25.203548 ], [ 110.141593, 25.203541 ], [ 110.141593, 25.203529 ], [ 110.141593, 25.203463 ], [ 110.141592, 25.203459 ], [ 110.141589, 25.203416 ], [ 110.141583, 25.203331 ], [ 110.141582, 25.203268 ], [ 110.141583, 25.203253 ], [ 110.141587, 25.203184 ], [ 110.141589, 25.203148 ], [ 110.141598, 25.202997 ], [ 110.141598, 25.202987 ], [ 110.141598, 25.202985 ], [ 110.141593, 25.202972 ], [ 110.141587, 25.202961 ], [ 110.141569, 25.202945 ], [ 110.14153, 25.202912 ], [ 110.141521, 25.202904 ], [ 110.141521, 25.202905 ], [ 110.141366, 25.203113 ], [ 110.141329, 25.203162 ], [ 110.141267, 25.203246 ], [ 110.141069, 25.203499 ], [ 110.14087, 25.203753 ], [ 110.140671, 25.204006 ], [ 110.140529, 25.204198 ], [ 110.140386, 25.204389 ], [ 110.140382, 25.204395 ], [ 110.141862, 25.204634 ] ] ] } },
{ "type": "Feature", "properties": { "BSM": "450312211000461636", "DLBM": "0601", "DLMC": "工业用地", "图斑面积": 181.53, "坐落单位": "大约村委会", "企业名称": null, "行业代码": null, "行业名称": null, "产值": 0.0, "行政区": null, "用地性": null }, "geometry": { "type": "Polygon", "coordinates": [ [ [ 110.07814, 25.181512 ], [ 110.078158, 25.181528 ], [ 110.078156, 25.181531 ], [ 110.078171, 25.181541 ], [ 110.078387, 25.181744 ], [ 110.078404, 25.18176 ], [ 110.078441, 25.181741 ], [ 110.078413, 25.18174 ], [ 110.078393, 25.181699 ], [ 110.078362, 25.181643 ], [ 110.078323, 25.181607 ], [ 110.078258, 25.181552 ], [ 110.078155, 25.181493 ], [ 110.07814, 25.181512 ] ] ] } },
{ "type": "Feature", "properties": { "BSM": "450312211000461697", "DLBM": "0601", "DLMC": "工业用地", "图斑面积": 316.97, "坐落单位": "横山村委会", "企业名称": null, "行业代码": null, "行业名称": null, "产值": 0.0, "行政区": null, "用地性": null }, "geometry": { "type": "Polygon", "coordinates": [ [ [ 110.138076, 25.201299 ], [ 110.138078, 25.201298 ], [ 110.13808, 25.201295 ], [ 110.138101, 25.201276 ], [ 110.138201, 25.201183 ], [ 110.138313, 25.201095 ], [ 110.138363, 25.201066 ], [ 110.138377, 25.201054 ], [ 110.138376, 25.201033 ], [ 110.138264, 25.200984 ], [ 110.138049, 25.201286 ], [ 110.138076, 25.201299 ] ] ] } },
{ "type": "Feature", "properties": { "BSM": "450312211000461700", "DLBM": "0601", "DLMC": "工业用地", "图斑面积": 931.0, "坐落单位": "江西村委会", "企业名称": null, "行业代码": null, "行业名称": null, "产值": 0.0, "行政区": null, "用地性": null }, "geometry": { "type": "Polygon", "coordinates": [ [ [ 110.114303, 25.216496 ], [ 110.114304, 25.216669 ], [ 110.114676, 25.216643 ], [ 110.114856, 25.21663 ], [ 110.114844, 25.216499 ], [ 110.114555, 25.216497 ], [ 110.114513, 25.216497 ], [ 110.114303, 25.216496 ] ] ] } },
{ "type": "Feature", "properties": { "BSM": "450312211000463520", "DLBM": "0601", "DLMC": "工业用地", "图斑面积": 84481.55, "坐落单位": "新民村委会", "企业名称": null, "行业代码": null, "行业名称": null, "产值": 0.0, "行政区": null, "用地性": null }, "geometry": { "type": "Polygon", "coordinates": [ [ [ 110.259311, 25.093236 ], [ 110.259262, 25.093283 ], [ 110.259167, 25.093377 ], [ 110.259063, 25.093528 ], [ 110.259019, 25.0936 ], [ 110.259023, 25.093638 ], [ 110.259036, 25.093712 ], [ 110.259076, 25.093801 ], [ 110.259074, 25.093846 ], [ 110.259064, 25.093872 ], [ 110.258999, 25.093917 ], [ 110.258864, 25.093996 ], [ 110.258814, 25.094027 ], [ 110.258813, 25.094061 ], [ 110.258836, 25.094112 ], [ 110.25886, 25.094223 ], [ 110.258839, 25.094269 ], [ 110.258759, 25.094308 ], [ 110.258676, 25.094308 ], [ 110.258521, 25.09426 ], [ 110.258375, 25.094184 ], [ 110.2583, 25.094127 ], [ 110.258275, 25.094079 ], [ 110.258254, 25.094051 ], [ 110.258232, 25.094051 ], [ 110.258195, 25.094063 ], [ 110.25818, 25.094081 ], [ 110.257983, 25.094213 ], [ 110.257678, 25.094375 ], [ 110.257503, 25.094473 ], [ 110.257401, 25.09453 ], [ 110.257398, 25.094594 ], [ 110.25738, 25.094632 ], [ 110.257376, 25.094662 ], [ 110.257335, 25.094646 ], [ 110.2573, 25.094564 ], [ 110.25721, 25.094326 ], [ 110.257182, 25.094254 ], [ 110.256991, 25.093741 ], [ 110.256973, 25.093758 ], [ 110.256777, 25.093945 ], [ 110.256438, 25.094205 ], [ 110.25614, 25.094384 ], [ 110.25594, 25.09459 ], [ 110.255791, 25.094707 ], [ 110.255731, 25.094754 ], [ 110.255709, 25.094771 ], [ 110.25578, 25.094806 ], [ 110.255804, 25.094817 ], [ 110.25587, 25.094828 ], [ 110.255878, 25.094851 ], [ 110.255935, 25.094997 ], [ 110.255939, 25.095009 ], [ 110.255993, 25.09516 ], [ 110.256084, 25.09539 ], [ 110.256175, 25.095621 ], [ 110.256301, 25.095961 ], [ 110.256309, 25.095966 ], [ 110.256317, 25.095969 ], [ 110.256334, 25.095969 ], [ 110.256715, 25.09586 ], [ 110.257044, 25.095759 ], [ 110.257488, 25.095614 ], [ 110.257563, 25.095588 ], [ 110.257887, 25.095496 ], [ 110.258049, 25.095444 ], [ 110.258176, 25.095407 ], [ 110.258439, 25.095326 ], [ 110.258702, 25.095245 ], [ 110.258853, 25.095199 ], [ 110.258904, 25.095179 ], [ 110.258972, 25.095137 ], [ 110.259044, 25.095085 ], [ 110.259348, 25.094875 ], [ 110.259393, 25.094842 ], [ 110.259594, 25.094687 ], [ 110.259792, 25.094537 ], [ 110.25999, 25.094387 ], [ 110.26002, 25.094363 ], [ 110.260216, 25.094208 ], [ 110.260454, 25.094031 ], [ 110.260763, 25.093789 ], [ 110.260903, 25.093688 ], [ 110.261118, 25.093526 ], [ 110.261314, 25.093388 ], [ 110.261332, 25.093376 ], [ 110.26133, 25.093372 ], [ 110.26131, 25.093323 ], [ 110.261214, 25.093139 ], [ 110.261088, 25.09289 ], [ 110.260962, 25.092641 ], [ 110.260942, 25.092606 ], [ 110.260922, 25.09252 ], [ 110.260903, 25.092428 ], [ 110.260865, 25.092346 ], [ 110.26081, 25.092385 ], [ 110.260806, 25.092388 ], [ 110.260738, 25.092342 ], [ 110.260642, 25.092471 ], [ 110.2607, 25.09251 ], [ 110.260686, 25.092532 ], [ 110.260724, 25.092557 ], [ 110.260554, 25.092737 ], [ 110.260421, 25.09287 ], [ 110.26031, 25.092922 ], [ 110.260102, 25.093021 ], [ 110.260008, 25.093022 ], [ 110.259929, 25.093026 ], [ 110.25979, 25.092966 ], [ 110.259664, 25.092866 ], [ 110.259658, 25.09286 ], [ 110.259591, 25.092767 ], [ 110.259531, 25.092686 ], [ 110.259487, 25.092645 ], [ 110.259466, 25.092637 ], [ 110.259438, 25.09265 ], [ 110.259431, 25.092657 ], [ 110.259364, 25.092603 ], [ 110.25913, 25.09241 ], [ 110.258897, 25.092218 ], [ 110.258767, 25.092349 ], [ 110.259015, 25.092546 ], [ 110.259035, 25.092562 ], [ 110.258815, 25.092784 ], [ 110.25882, 25.092841 ], [ 110.259311, 25.093236 ] ] ] } },
{ "type": "Feature", "properties": { "BSM": "450312211000463522", "DLBM": "0601", "DLMC": "工业用地", "图斑面积": 46970.94, "坐落单位": "刘村村委会", "企业名称": "桂林鑫康包装材料有限公司", "行业代码": "C22", "行业名称": "造纸和纸制品业", "产值": 0.0, "行政区": null, "用地性": null }, "geometry": { "type": "Polygon", "coordinates": [ [ [ 110.143293, 25.208188 ], [ 110.143318, 25.208162 ], [ 110.143376, 25.208142 ], [ 110.143461, 25.208083 ], [ 110.143529, 25.208054 ], [ 110.143553, 25.208013 ], [ 110.143556, 25.207978 ], [ 110.143541, 25.207918 ], [ 110.143594, 25.207866 ], [ 110.143696, 25.2078 ], [ 110.143709, 25.207721 ], [ 110.143699, 25.207725 ], [ 110.143569, 25.207783 ], [ 110.143408, 25.207851 ], [ 110.143235, 25.207906 ], [ 110.143135, 25.207922 ], [ 110.143032, 25.207944 ], [ 110.142984, 25.207948 ], [ 110.142861, 25.207949 ], [ 110.14283, 25.207946 ], [ 110.142779, 25.207941 ], [ 110.142585, 25.207911 ], [ 110.142283, 25.207857 ], [ 110.142284, 25.207848 ], [ 110.142289, 25.207823 ], [ 110.14229, 25.207822 ], [ 110.142297, 25.207785 ], [ 110.142305, 25.207768 ], [ 110.142345, 25.207686 ], [ 110.142388, 25.207596 ], [ 110.142403, 25.207565 ], [ 110.142497, 25.207433 ], [ 110.14255, 25.207359 ], [ 110.142556, 25.207351 ], [ 110.142582, 25.207282 ], [ 110.142598, 25.207222 ], [ 110.142626, 25.207116 ], [ 110.14263, 25.2071 ], [ 110.142643, 25.207061 ], [ 110.142655, 25.20704 ], [ 110.142691, 25.20696 ], [ 110.142703, 25.206934 ], [ 110.142707, 25.206911 ], [ 110.142716, 25.206821 ], [ 110.142717, 25.206742 ], [ 110.142717, 25.206708 ], [ 110.142726, 25.20667 ], [ 110.142791, 25.206516 ], [ 110.142809, 25.206477 ], [ 110.142847, 25.206394 ], [ 110.142851, 25.206375 ], [ 110.142858, 25.206222 ], [ 110.142863, 25.206032 ], [ 110.142863, 25.205817 ], [ 110.142863, 25.205781 ], [ 110.142863, 25.205781 ], [ 110.142863, 25.205781 ], [ 110.142861, 25.205778 ], [ 110.142816, 25.205726 ], [ 110.142797, 25.205704 ], [ 110.142774, 25.205677 ], [ 110.142652, 25.205535 ], [ 110.142644, 25.205521 ], [ 110.142562, 25.205372 ], [ 110.142529, 25.205249 ], [ 110.142534, 25.205222 ], [ 110.142577, 25.204976 ], [ 110.142583, 25.204945 ], [ 110.14261, 25.204799 ], [ 110.142643, 25.204754 ], [ 110.142671, 25.204723 ], [ 110.142741, 25.204691 ], [ 110.142746, 25.20468 ], [ 110.142732, 25.204655 ], [ 110.142724, 25.204641 ], [ 110.14267, 25.204553 ], [ 110.142633, 25.204485 ], [ 110.142618, 25.204458 ], [ 110.14261, 25.204451 ], [ 110.142597, 25.204455 ], [ 110.142383, 25.204627 ], [ 110.142321, 25.204673 ], [ 110.142309, 25.204681 ], [ 110.142301, 25.204687 ], [ 110.142285, 25.204698 ], [ 110.14227, 25.204696 ], [ 110.142255, 25.204694 ], [ 110.141988, 25.204653 ], [ 110.141792, 25.205756 ], [ 110.14179, 25.205764 ], [ 110.141543, 25.205737 ], [ 110.141534, 25.20585 ], [ 110.141534, 25.20585 ], [ 110.141517, 25.206014 ], [ 110.141488, 25.206285 ], [ 110.14146, 25.206557 ], [ 110.141426, 25.206812 ], [ 110.141419, 25.20686 ], [ 110.141411, 25.206921 ], [ 110.141391, 25.207067 ], [ 110.141387, 25.207186 ], [ 110.141387, 25.207186 ], [ 110.141335, 25.20765 ], [ 110.141312, 25.207852 ], [ 110.141268, 25.20825 ], [ 110.141383, 25.208259 ], [ 110.141563, 25.208273 ], [ 110.141876, 25.208306 ], [ 110.142029, 25.208322 ], [ 110.142189, 25.208339 ], [ 110.142199, 25.20834 ], [ 110.142202, 25.20834 ], [ 110.142225, 25.208217 ], [ 110.14224, 25.20812 ], [ 110.142249, 25.208062 ], [ 110.142275, 25.207924 ], [ 110.142277, 25.207908 ], [ 110.142288, 25.207923 ], [ 110.142298, 25.20804 ], [ 110.142337, 25.20816 ], [ 110.142376, 25.20822 ], [ 110.142428, 25.208217 ], [ 110.142491, 25.208189 ], [ 110.142562, 25.208173 ], [ 110.142592, 25.208085 ], [ 110.142621, 25.208018 ], [ 110.142674, 25.208021 ], [ 110.142689, 25.208104 ], [ 110.142683, 25.208171 ], [ 110.142725, 25.208188 ], [ 110.142809, 25.208222 ], [ 110.142867, 25.208201 ], [ 110.142846, 25.208141 ], [ 110.142878, 25.208098 ], [ 110.142917, 25.208109 ], [ 110.142988, 25.208198 ], [ 110.143041, 25.208215 ], [ 110.143101, 25.208206 ], [ 110.143172, 25.208187 ], [ 110.14323, 25.20818 ], [ 110.143293, 25.208188 ] ] ] } },
{ "type": "Feature", "properties": { "BSM": "450312211000463524", "DLBM": "0601", "DLMC": "工业用地", "图斑面积": 6301.33, "坐落单位": "古定村委会", "企业名称": null, "行业代码": null, "行业名称": null, "产值": 0.0, "行政区": null, "用地性": null }, "geometry": { "type": "Polygon", "coordinates": [ [ [ 110.011024, 25.172879 ], [ 110.010963, 25.172771 ], [ 110.010886, 25.172666 ], [ 110.010906, 25.172655 ], [ 110.010911, 25.172643 ], [ 110.010965, 25.172514 ], [ 110.010967, 25.172431 ], [ 110.010847, 25.172433 ], [ 110.010824, 25.172425 ], [ 110.010739, 25.172395 ], [ 110.010661, 25.172367 ], [ 110.010623, 25.172353 ], [ 110.010601, 25.172346 ], [ 110.010456, 25.172409 ], [ 110.01042, 25.172449 ], [ 110.010178, 25.172607 ], [ 110.010196, 25.172631 ], [ 110.010245, 25.172699 ], [ 110.010311, 25.172858 ], [ 110.010315, 25.172871 ], [ 110.010334, 25.172931 ], [ 110.01034, 25.172952 ], [ 110.010384, 25.173012 ], [ 110.010384, 25.173016 ], [ 110.010402, 25.173026 ], [ 110.010537, 25.17311 ], [ 110.010541, 25.173112 ], [ 110.01056, 25.173124 ], [ 110.01062, 25.173164 ], [ 110.01066, 25.17319 ], [ 110.010743, 25.173264 ], [ 110.010794, 25.173216 ], [ 110.010771, 25.173156 ], [ 110.01085, 25.1731 ], [ 110.010897, 25.173147 ], [ 110.010936, 25.173186 ], [ 110.010975, 25.173225 ], [ 110.011312, 25.173009 ], [ 110.0112, 25.172835 ], [ 110.011176, 25.172799 ], [ 110.011024, 25.172879 ] ] ] } },
{ "type": "Feature", "properties": { "BSM": "450312211000463526", "DLBM": "0601", "DLMC": "工业用地", "图斑面积": 3750.8, "坐落单位": "宝山村委会", "企业名称": null, "行业代码": null, "行业名称": null, "产值": 0.0, "行政区": null, "用地性": null }, "geometry": { "type": "Polygon", "coordinates": [ [ [ 110.018626, 25.171276 ], [ 110.018687, 25.17128 ], [ 110.018754, 25.171272 ], [ 110.018816, 25.171253 ], [ 110.018849, 25.171253 ], [ 110.018926, 25.171265 ], [ 110.019015, 25.171283 ], [ 110.019046, 25.171142 ], [ 110.019054, 25.171108 ], [ 110.019173, 25.171036 ], [ 110.019205, 25.170984 ], [ 110.019209, 25.170941 ], [ 110.019248, 25.170915 ], [ 110.019202, 25.17075 ], [ 110.019175, 25.17058 ], [ 110.019205, 25.17057 ], [ 110.0192, 25.170548 ], [ 110.019172, 25.170317 ], [ 110.019163, 25.17027 ], [ 110.01911, 25.170266 ], [ 110.01907, 25.170264 ], [ 110.018964, 25.170555 ], [ 110.018842, 25.170819 ], [ 110.01875, 25.170963 ], [ 110.018655, 25.171076 ], [ 110.018462, 25.171233 ], [ 110.01846, 25.171246 ], [ 110.018495, 25.171239 ], [ 110.018576, 25.171267 ], [ 110.018626, 25.171276 ] ] ] } },
{ "type": "Feature", "properties": { "BSM": "450312211000463528", "DLBM": "0601", "DLMC": "工业用地", "图斑面积": 1187.97, "坐落单位": "城联村委会", "企业名称": null, "行业代码": null, "行业名称": null, "产值": 0.0, "行政区": null, "用地性": null }, "geometry": { "type": "Polygon", "coordinates": [ [ [ 110.017142, 25.177701 ], [ 110.017315, 25.177723 ], [ 110.017339, 25.177728 ], [ 110.017364, 25.177733 ], [ 110.017371, 25.177734 ], [ 110.017391, 25.177737 ], [ 110.017399, 25.177668 ], [ 110.017401, 25.177652 ], [ 110.017438, 25.177651 ], [ 110.017441, 25.177693 ], [ 110.017579, 25.177703 ], [ 110.017592, 25.17756 ], [ 110.0176, 25.177479 ], [ 110.017586, 25.177479 ], [ 110.017459, 25.177471 ], [ 110.017217, 25.177456 ], [ 110.017182, 25.177453 ], [ 110.017151, 25.17745 ], [ 110.017142, 25.177701 ] ] ] } },
{ "type": "Feature", "properties": { "BSM": "450312211000472265", "DLBM": "0601", "DLMC": "工业用地", "图斑面积": 6525.91, "坐落单位": "大村村委会", "企业名称": null, "行业代码": null, "行业名称": null, "产值": 0.0, "行政区": null, "用地性": null }, "geometry": { "type": "Polygon", "coordinates": [ [ [ 110.27646, 24.975619 ], [ 110.276444, 24.975637 ], [ 110.276461, 24.975655 ], [ 110.276548, 24.97576 ], [ 110.276597, 24.975819 ], [ 110.276654, 24.975887 ], [ 110.27672, 24.97597 ], [ 110.276782, 24.976043 ], [ 110.276823, 24.976096 ], [ 110.276882, 24.976162 ], [ 110.276936, 24.976233 ], [ 110.277, 24.976307 ], [ 110.277074, 24.976402 ], [ 110.277098, 24.976429 ], [ 110.277151, 24.976489 ], [ 110.277194, 24.976541 ], [ 110.277255, 24.976616 ], [ 110.277309, 24.976676 ], [ 110.277443, 24.976824 ], [ 110.277513, 24.976897 ], [ 110.277525, 24.976909 ], [ 110.277558, 24.97686 ], [ 110.277571, 24.976831 ], [ 110.277573, 24.976813 ], [ 110.277606, 24.9768 ], [ 110.277453, 24.976672 ], [ 110.27749, 24.976621 ], [ 110.277499, 24.976609 ], [ 110.277648, 24.976377 ], [ 110.277522, 24.976278 ], [ 110.277533, 24.976265 ], [ 110.277479, 24.976223 ], [ 110.277357, 24.976125 ], [ 110.277444, 24.976022 ], [ 110.277388, 24.975989 ], [ 110.277283, 24.975918 ], [ 110.277158, 24.975836 ], [ 110.277157, 24.975835 ], [ 110.277077, 24.975784 ], [ 110.27694, 24.975695 ], [ 110.276922, 24.975683 ], [ 110.276743, 24.97557 ], [ 110.276631, 24.975491 ], [ 110.276593, 24.975469 ], [ 110.27646, 24.975619 ] ] ] } },
{ "type": "Feature", "properties": { "BSM": "450312211000535676", "DLBM": "0601", "DLMC": "工业用地", "图斑面积": 1884.39, "坐落单位": "城联村委会", "企业名称": null, "行业代码": null, "行业名称": null, "产值": 0.0, "行政区": null, "用地性": null }, "geometry": { "type": "Polygon", "coordinates": [ [ [ 110.003104, 25.191816 ], [ 110.003087, 25.191771 ], [ 110.003084, 25.191725 ], [ 110.003053, 25.191677 ], [ 110.002985, 25.191608 ], [ 110.002946, 25.191574 ], [ 110.002907, 25.191559 ], [ 110.002865, 25.191542 ], [ 110.002847, 25.191533 ], [ 110.002805, 25.191544 ], [ 110.002763, 25.19157 ], [ 110.002658, 25.191583 ], [ 110.002642, 25.191614 ], [ 110.002606, 25.191653 ], [ 110.002575, 25.191677 ], [ 110.002573, 25.191691 ], [ 110.002615, 25.191714 ], [ 110.002629, 25.19175 ], [ 110.002634, 25.19179 ], [ 110.002625, 25.191818 ], [ 110.002613, 25.191831 ], [ 110.002599, 25.191846 ], [ 110.002639, 25.191863 ], [ 110.002669, 25.191867 ], [ 110.002693, 25.191872 ], [ 110.002752, 25.191895 ], [ 110.002784, 25.191909 ], [ 110.002785, 25.191955 ], [ 110.0028, 25.192006 ], [ 110.002848, 25.19205 ], [ 110.002868, 25.192096 ], [ 110.002883, 25.192141 ], [ 110.002902, 25.192141 ], [ 110.002926, 25.192139 ], [ 110.002951, 25.192137 ], [ 110.002943, 25.191952 ], [ 110.002964, 25.191904 ], [ 110.003027, 25.191861 ], [ 110.003104, 25.191816 ] ] ] } },
{ "type": "Feature", "properties": { "BSM": "450312211000535684", "DLBM": "0601", "DLMC": "工业用地", "图斑面积": 1300.2, "坐落单位": "城联村委会", "企业名称": null, "行业代码": null, "行业名称": null, "产值": 0.0, "行政区": null, "用地性": null }, "geometry": { "type": "Polygon", "coordinates": [ [ [ 110.002463, 25.192486 ], [ 110.002431, 25.192477 ], [ 110.002362, 25.192412 ], [ 110.002184, 25.192374 ], [ 110.002119, 25.192492 ], [ 110.002019, 25.192505 ], [ 110.00198, 25.192631 ], [ 110.002015, 25.19264 ], [ 110.002133, 25.19267 ], [ 110.002159, 25.192677 ], [ 110.002177, 25.192681 ], [ 110.002448, 25.192751 ], [ 110.002453, 25.192666 ], [ 110.002463, 25.192486 ] ] ] } },
{ "type": "Feature", "properties": { "BSM": "450312211000535687", "DLBM": "0601", "DLMC": "工业用地", "图斑面积": 858.59, "坐落单位": "城联村委会", "企业名称": null, "行业代码": null, "行业名称": null, "产值": 0.0, "行政区": null, "用地性": null }, "geometry": { "type": "Polygon", "coordinates": [ [ [ 110.016783, 25.17766 ], [ 110.016783, 25.177671 ], [ 110.016793, 25.177729 ], [ 110.016806, 25.17775 ], [ 110.016825, 25.17776 ], [ 110.016884, 25.17776 ], [ 110.016936, 25.177766 ], [ 110.016959, 25.177792 ], [ 110.016957, 25.17783 ], [ 110.01695, 25.17787 ], [ 110.016936, 25.177981 ], [ 110.016928, 25.177998 ], [ 110.017068, 25.17801 ], [ 110.017071, 25.17801 ], [ 110.017075, 25.177979 ], [ 110.017078, 25.177957 ], [ 110.017097, 25.17793 ], [ 110.017121, 25.177924 ], [ 110.017189, 25.177936 ], [ 110.017209, 25.177921 ], [ 110.017217, 25.177858 ], [ 110.017208, 25.177836 ], [ 110.017133, 25.17782 ], [ 110.017128, 25.17779 ], [ 110.017142, 25.177701 ], [ 110.016783, 25.17766 ] ] ] } },
{ "type": "Feature", "properties": { "BSM": "450312211000535702", "DLBM": "0601", "DLMC": "工业用地", "图斑面积": 2614.2, "坐落单位": "车梁村委会", "企业名称": null, "行业代码": null, "行业名称": null, "产值": 0.0, "行政区": null, "用地性": null }, "geometry": { "type": "Polygon", "coordinates": [ [ [ 110.026279, 25.224644 ], [ 110.02624, 25.22466 ], [ 110.026036, 25.224746 ], [ 110.026039, 25.22475 ], [ 110.026057, 25.224782 ], [ 110.026071, 25.224806 ], [ 110.026236, 25.225102 ], [ 110.026273, 25.225167 ], [ 110.026366, 25.225332 ], [ 110.026435, 25.225455 ], [ 110.026713, 25.22525 ], [ 110.026535, 25.225013 ], [ 110.026488, 25.224935 ], [ 110.026477, 25.224924 ], [ 110.026458, 25.224893 ], [ 110.026279, 25.224644 ] ] ] } },
{ "type": "Feature", "properties": { "BSM": "450312211000535776", "DLBM": "0601", "DLMC": "工业用地", "图斑面积": 1209.9, "坐落单位": "渡头村委会", "企业名称": null, "行业代码": null, "行业名称": null, "产值": 0.0, "行政区": null, "用地性": null }, "geometry": { "type": "Polygon", "coordinates": [ [ [ 110.020302, 25.268415 ], [ 110.020385, 25.268174 ], [ 110.020452, 25.267922 ], [ 110.020438, 25.267918 ], [ 110.020354, 25.267904 ], [ 110.020303, 25.26791 ], [ 110.0202, 25.267873 ], [ 110.020187, 25.267912 ], [ 110.020177, 25.268014 ], [ 110.020175, 25.2682 ], [ 110.020171, 25.268447 ], [ 110.020221, 25.26843 ], [ 110.020282, 25.268414 ], [ 110.020302, 25.268415 ] ] ] } },
{ "type": "Feature", "properties": { "BSM": "450312211000536215", "DLBM": "0601", "DLMC": "工业用地", "图斑面积": 76.52, "坐落单位": "诚正村委会", "企业名称": null, "行业代码": null, "行业名称": null, "产值": 0.0, "行政区": null, "用地性": null }, "geometry": { "type": "Polygon", "coordinates": [ [ [ 110.32018, 25.004101 ], [ 110.320179, 25.0041 ], [ 110.320173, 25.004058 ], [ 110.320168, 25.004025 ], [ 110.3201, 25.004049 ], [ 110.320035, 25.00411 ], [ 110.32018, 25.004101 ] ] ] } },
{ "type": "Feature", "properties": { "BSM": "450312211000536228", "DLBM": "0601", "DLMC": "工业用地", "图斑面积": 819.1, "坐落单位": "诚桂村委会", "企业名称": null, "行业代码": null, "行业名称": null, "产值": 0.0, "行政区": null, "用地性": null }, "geometry": { "type": "Polygon", "coordinates": [ [ [ 110.287221, 25.009217 ], [ 110.287211, 25.009152 ], [ 110.287282, 25.00916 ], [ 110.287277, 25.009098 ], [ 110.287334, 25.009094 ], [ 110.287336, 25.009002 ], [ 110.287404, 25.008994 ], [ 110.287401, 25.008855 ], [ 110.287116, 25.008871 ], [ 110.287119, 25.009151 ], [ 110.287149, 25.009159 ], [ 110.287148, 25.009211 ], [ 110.287221, 25.009217 ] ] ] } },
{ "type": "Feature", "properties": { "BSM": "450312211000536977", "DLBM": "0601", "DLMC": "工业用地", "图斑面积": 1844.99, "坐落单位": "保宁村委会", "企业名称": null, "行业代码": null, "行业名称": null, "产值": 0.0, "行政区": null, "用地性": null }, "geometry": { "type": "Polygon", "coordinates": [ [ [ 110.030659, 25.339564 ], [ 110.030699, 25.339561 ], [ 110.030736, 25.339513 ], [ 110.030768, 25.339447 ], [ 110.030795, 25.339409 ], [ 110.030863, 25.339385 ], [ 110.030921, 25.339362 ], [ 110.030979, 25.339333 ], [ 110.03099, 25.339286 ], [ 110.03099, 25.339257 ], [ 110.030975, 25.339253 ], [ 110.030972, 25.339237 ], [ 110.030971, 25.339195 ], [ 110.030981, 25.339157 ], [ 110.030987, 25.339138 ], [ 110.031002, 25.339124 ], [ 110.031002, 25.339119 ], [ 110.030992, 25.33908 ], [ 110.030913, 25.339032 ], [ 110.03085, 25.339032 ], [ 110.030798, 25.339017 ], [ 110.030772, 25.338979 ], [ 110.030741, 25.338935 ], [ 110.03071, 25.338892 ], [ 110.030649, 25.338878 ], [ 110.030642, 25.338884 ], [ 110.030607, 25.339005 ], [ 110.030596, 25.339054 ], [ 110.030591, 25.339074 ], [ 110.030641, 25.339312 ], [ 110.030648, 25.339365 ], [ 110.030627, 25.339407 ], [ 110.030628, 25.339434 ], [ 110.030659, 25.339564 ] ] ] } },
{ "type": "Feature", "properties": { "BSM": "450312211000536978", "DLBM": "0601", "DLMC": "工业用地", "图斑面积": 503.52, "坐落单位": "保宁村委会", "企业名称": null, "行业代码": null, "行业名称": null, "产值": 0.0, "行政区": null, "用地性": null }, "geometry": { "type": "Polygon", "coordinates": [ [ [ 110.030396, 25.3399 ], [ 110.030338, 25.339991 ], [ 110.030198, 25.339944 ], [ 110.030134, 25.340071 ], [ 110.030345, 25.340159 ], [ 110.030482, 25.339935 ], [ 110.030396, 25.3399 ] ] ] } },
{ "type": "Feature", "properties": { "BSM": "450312211000537101", "DLBM": "0601", "DLMC": "工业用地", "图斑面积": 594.07, "坐落单位": "护山村委会", "企业名称": null, "行业代码": null, "行业名称": null, "产值": 0.0, "行政区": null, "用地性": null }, "geometry": { "type": "Polygon", "coordinates": [ [ [ 109.998304, 25.204953 ], [ 109.998321, 25.205022 ], [ 109.998228, 25.205039 ], [ 109.998269, 25.205212 ], [ 109.998408, 25.205185 ], [ 109.998494, 25.205034 ], [ 109.998497, 25.205023 ], [ 109.998504, 25.204986 ], [ 109.998504, 25.204913 ], [ 109.998504, 25.204908 ], [ 109.998304, 25.204953 ] ] ] } },
{ "type": "Feature", "properties": { "BSM": "450312211000538065", "DLBM": "0601", "DLMC": "工业用地", "图斑面积": 579.44, "坐落单位": "二塘村委会", "企业名称": null, "行业代码": null, "行业名称": null, "产值": 0.0, "行政区": null, "用地性": null }, "geometry": { "type": "Polygon", "coordinates": [ [ [ 110.197567, 25.227927 ], [ 110.19771, 25.227745 ], [ 110.197534, 25.227621 ], [ 110.197374, 25.227782 ], [ 110.197567, 25.227927 ] ] ] } },
{ "type": "Feature", "properties": { "BSM": "450312211000538241", "DLBM": "0601", "DLMC": "工业用地", "图斑面积": 816.76, "坐落单位": "新立村委会", "企业名称": null, "行业代码": null, "行业名称": null, "产值": 0.0, "行政区": null, "用地性": null }, "geometry": { "type": "Polygon", "coordinates": [ [ [ 110.267226, 25.150827 ], [ 110.26719, 25.150766 ], [ 110.267164, 25.150688 ], [ 110.267168, 25.150467 ], [ 110.267122, 25.150539 ], [ 110.266818, 25.150411 ], [ 110.266798, 25.150454 ], [ 110.266809, 25.15062 ], [ 110.266866, 25.150598 ], [ 110.266944, 25.150605 ], [ 110.267059, 25.150704 ], [ 110.267074, 25.150762 ], [ 110.267226, 25.150827 ] ] ] } },
{ "type": "Feature", "properties": { "BSM": "450312211000538243", "DLBM": "0601", "DLMC": "工业用地", "图斑面积": 2519.94, "坐落单位": "新立村委会", "企业名称": null, "行业代码": null, "行业名称": null, "产值": 0.0, "行政区": null, "用地性": null }, "geometry": { "type": "Polygon", "coordinates": [ [ [ 110.267636, 25.151198 ], [ 110.267656, 25.151169 ], [ 110.26769, 25.15119 ], [ 110.267722, 25.151133 ], [ 110.267643, 25.151072 ], [ 110.267512, 25.150969 ], [ 110.26746, 25.151039 ], [ 110.267433, 25.151024 ], [ 110.267419, 25.151025 ], [ 110.26728, 25.150962 ], [ 110.267098, 25.1509 ], [ 110.267024, 25.150861 ], [ 110.267003, 25.150902 ], [ 110.266943, 25.150901 ], [ 110.266898, 25.15088 ], [ 110.266821, 25.150846 ], [ 110.266718, 25.151005 ], [ 110.266879, 25.151087 ], [ 110.26694, 25.15109 ], [ 110.267339, 25.151253 ], [ 110.267346, 25.151323 ], [ 110.267477, 25.151344 ], [ 110.267478, 25.151344 ], [ 110.267533, 25.151247 ], [ 110.267585, 25.151272 ], [ 110.267636, 25.151198 ] ] ] } },
{ "type": "Feature", "properties": { "BSM": "450312211000538246", "DLBM": "0601", "DLMC": "工业用地", "图斑面积": 1496.07, "坐落单位": "新立村委会", "企业名称": null, "行业代码": null, "行业名称": null, "产值": 0.0, "行政区": null, "用地性": null }, "geometry": { "type": "Polygon", "coordinates": [ [ [ 110.267547, 25.150914 ], [ 110.267466, 25.150853 ], [ 110.267476, 25.150833 ], [ 110.267601, 25.150554 ], [ 110.267567, 25.150545 ], [ 110.267567, 25.150544 ], [ 110.267548, 25.150523 ], [ 110.267485, 25.150485 ], [ 110.267354, 25.150403 ], [ 110.267274, 25.150361 ], [ 110.267245, 25.150317 ], [ 110.267234, 25.150437 ], [ 110.267207, 25.150535 ], [ 110.267212, 25.150685 ], [ 110.267237, 25.150752 ], [ 110.2673, 25.150815 ], [ 110.267433, 25.150884 ], [ 110.267462, 25.150899 ], [ 110.267511, 25.150916 ], [ 110.267537, 25.150925 ], [ 110.267547, 25.150914 ] ] ] } },
{ "type": "Feature", "properties": { "BSM": "450312211000538720", "DLBM": "0601", "DLMC": "工业用地", "图斑面积": 1538.31, "坐落单位": "车梁村委会", "企业名称": null, "行业代码": null, "行业名称": null, "产值": 0.0, "行政区": null, "用地性": null }, "geometry": { "type": "Polygon", "coordinates": [ [ [ 110.019373, 25.219576 ], [ 110.019312, 25.219505 ], [ 110.019227, 25.21943 ], [ 110.019116, 25.219363 ], [ 110.019026, 25.219327 ], [ 110.018943, 25.219348 ], [ 110.018883, 25.219396 ], [ 110.01885, 25.219488 ], [ 110.018849, 25.219628 ], [ 110.018858, 25.219682 ], [ 110.018924, 25.219744 ], [ 110.0192, 25.219648 ], [ 110.019345, 25.219589 ], [ 110.019373, 25.219576 ] ] ] } },
{ "type": "Feature", "properties": { "BSM": "450312211000539349", "DLBM": "0601", "DLMC": "工业用地", "图斑面积": 109.41, "坐落单位": "秧塘旧机场", "企业名称": null, "行业代码": null, "行业名称": null, "产值": 0.0, "行政区": null, "用地性": null }, "geometry": { "type": "Polygon", "coordinates": [ [ [ 110.17712, 25.219667 ], [ 110.177234, 25.219676 ], [ 110.177218, 25.219506 ], [ 110.177152, 25.219611 ], [ 110.17712, 25.219667 ] ] ] } },
{ "type": "Feature", "properties": { "BSM": "450312211000539350", "DLBM": "0601", "DLMC": "工业用地", "图斑面积": 129.56, "坐落单位": "秧塘旧机场", "企业名称": null, "行业代码": null, "行业名称": null, "产值": 0.0, "行政区": null, "用地性": null }, "geometry": { "type": "Polygon", "coordinates": [ [ [ 110.177574, 25.21966 ], [ 110.177535, 25.219636 ], [ 110.177407, 25.219557 ], [ 110.177405, 25.219556 ], [ 110.177397, 25.219551 ], [ 110.177364, 25.219593 ], [ 110.177376, 25.219601 ], [ 110.17753, 25.219705 ], [ 110.177574, 25.21966 ] ] ] } },
{ "type": "Feature", "properties": { "BSM": "450312211000540046", "DLBM": "0601", "DLMC": "工业用地", "图斑面积": 258.45, "坐落单位": "三联村委会", "企业名称": null, "行业代码": null, "行业名称": null, "产值": 0.0, "行政区": null, "用地性": null }, "geometry": { "type": "Polygon", "coordinates": [ [ [ 110.052732, 25.461082 ], [ 110.052714, 25.461019 ], [ 110.052707, 25.460997 ], [ 110.052617, 25.460964 ], [ 110.0526, 25.460958 ], [ 110.052543, 25.461038 ], [ 110.052562, 25.461087 ], [ 110.05257, 25.461128 ], [ 110.052617, 25.461131 ], [ 110.052642, 25.461131 ], [ 110.052651, 25.46113 ], [ 110.052666, 25.461129 ], [ 110.052696, 25.461112 ], [ 110.052732, 25.461082 ] ] ] } },
{ "type": "Feature", "properties": { "BSM": "450312211000540448", "DLBM": "0601", "DLMC": "工业用地", "图斑面积": 5385.13, "坐落单位": "新民村委会", "企业名称": null, "行业代码": null, "行业名称": null, "产值": 0.0, "行政区": null, "用地性": null }, "geometry": { "type": "Polygon", "coordinates": [ [ [ 110.258832, 25.092401 ], [ 110.25815, 25.093034 ], [ 110.257599, 25.093546 ], [ 110.257171, 25.093943 ], [ 110.257323, 25.094068 ], [ 110.257751, 25.093683 ], [ 110.258333, 25.093159 ], [ 110.259015, 25.092546 ], [ 110.258832, 25.092401 ] ] ] } },
{ "type": "Feature", "properties": { "BSM": "450312211000541148", "DLBM": "0601", "DLMC": "工业用地", "图斑面积": 1134.58, "坐落单位": "新立村委会", "企业名称": null, "行业代码": null, "行业名称": null, "产值": 0.0, "行政区": null, "用地性": null }, "geometry": { "type": "Polygon", "coordinates": [ [ [ 110.270316, 25.152239 ], [ 110.270214, 25.152129 ], [ 110.270147, 25.152194 ], [ 110.270029, 25.1523 ], [ 110.269984, 25.152363 ], [ 110.269972, 25.152396 ], [ 110.269963, 25.152437 ], [ 110.269948, 25.152478 ], [ 110.269943, 25.152493 ], [ 110.269981, 25.152524 ], [ 110.270039, 25.152477 ], [ 110.27011, 25.152546 ], [ 110.270411, 25.152357 ], [ 110.270416, 25.152354 ], [ 110.270316, 25.152239 ] ] ] } },
{ "type": "Feature", "properties": { "BSM": "450312211000541767", "DLBM": "0601", "DLMC": "工业用地", "图斑面积": 91.98, "坐落单位": "横山村委会", "企业名称": null, "行业代码": null, "行业名称": null, "产值": 0.0, "行政区": null, "用地性": null }, "geometry": { "type": "Polygon", "coordinates": [ [ [ 110.134867, 25.178529 ], [ 110.134732, 25.17842 ], [ 110.134693, 25.178446 ], [ 110.134819, 25.178557 ], [ 110.134867, 25.178529 ] ] ] } },
{ "type": "Feature", "properties": { "BSM": "450312211000542674", "DLBM": "0601", "DLMC": "工业用地", "图斑面积": 119.44, "坐落单位": "诚桂村委会", "企业名称": null, "行业代码": null, "行业名称": null, "产值": 0.0, "行政区": null, "用地性": null }, "geometry": { "type": "Polygon", "coordinates": [ [ [ 110.288881, 25.01124 ], [ 110.288874, 25.011252 ], [ 110.288866, 25.011263 ], [ 110.288865, 25.011264 ], [ 110.288835, 25.011308 ], [ 110.288831, 25.011314 ], [ 110.288825, 25.011404 ], [ 110.288841, 25.011453 ], [ 110.28889, 25.011465 ], [ 110.288892, 25.011465 ], [ 110.288892, 25.011412 ], [ 110.288881, 25.01124 ] ] ] } },
{ "type": "Feature", "properties": { "BSM": "450312211000542675", "DLBM": "0601", "DLMC": "工业用地", "图斑面积": 73.61, "坐落单位": "诚桂村委会", "企业名称": null, "行业代码": null, "行业名称": null, "产值": 0.0, "行政区": null, "用地性": null }, "geometry": { "type": "Polygon", "coordinates": [ [ [ 110.288582, 25.010448 ], [ 110.288583, 25.010512 ], [ 110.288596, 25.010565 ], [ 110.2886, 25.010589 ], [ 110.288602, 25.010604 ], [ 110.28868, 25.010588 ], [ 110.288635, 25.010527 ], [ 110.288582, 25.010448 ] ] ] } },
{ "type": "Feature", "properties": { "BSM": "450312211000545517", "DLBM": "0601", "DLMC": "工业用地", "图斑面积": 4738.48, "坐落单位": "李家村委会", "企业名称": null, "行业代码": null, "行业名称": null, "产值": 0.0, "行政区": null, "用地性": null }, "geometry": { "type": "Polygon", "coordinates": [ [ [ 110.130403, 25.110215 ], [ 110.130404, 25.110168 ], [ 110.130401, 25.109961 ], [ 110.130421, 25.109768 ], [ 110.130443, 25.10955 ], [ 110.130443, 25.109545 ], [ 110.13008, 25.10948 ], [ 110.130076, 25.109511 ], [ 110.130068, 25.109562 ], [ 110.13003, 25.109665 ], [ 110.129987, 25.109736 ], [ 110.129985, 25.10974 ], [ 110.129983, 25.109743 ], [ 110.129906, 25.109849 ], [ 110.129866, 25.109916 ], [ 110.129862, 25.109922 ], [ 110.129851, 25.10994 ], [ 110.129814, 25.110025 ], [ 110.129778, 25.110102 ], [ 110.129734, 25.110159 ], [ 110.129662, 25.110239 ], [ 110.129569, 25.11032 ], [ 110.129565, 25.110326 ], [ 110.129537, 25.110347 ], [ 110.129463, 25.110391 ], [ 110.129415, 25.110428 ], [ 110.129379, 25.110461 ], [ 110.129402, 25.110496 ], [ 110.12947, 25.110523 ], [ 110.129522, 25.11053 ], [ 110.129538, 25.11053 ], [ 110.129562, 25.110507 ], [ 110.129586, 25.110447 ], [ 110.12962, 25.110397 ], [ 110.129655, 25.110369 ], [ 110.129707, 25.110355 ], [ 110.129809, 25.110341 ], [ 110.129854, 25.110336 ], [ 110.12992, 25.110308 ], [ 110.129967, 25.110275 ], [ 110.13002, 25.11023 ], [ 110.130057, 25.110182 ], [ 110.130077, 25.110179 ], [ 110.130118, 25.110171 ], [ 110.130361, 25.110199 ], [ 110.130368, 25.110201 ], [ 110.130403, 25.110215 ] ] ] } },
{ "type": "Feature", "properties": { "BSM": "450312211000545518", "DLBM": "0601", "DLMC": "工业用地", "图斑面积": 218.11, "坐落单位": "李家村委会", "企业名称": null, "行业代码": null, "行业名称": null, "产值": 0.0, "行政区": null, "用地性": null }, "geometry": { "type": "Polygon", "coordinates": [ [ [ 110.130176, 25.110307 ], [ 110.130235, 25.110318 ], [ 110.130226, 25.110383 ], [ 110.130292, 25.110393 ], [ 110.130337, 25.110399 ], [ 110.130354, 25.110257 ], [ 110.130185, 25.110244 ], [ 110.130176, 25.110307 ] ] ] } },
{ "type": "Feature", "properties": { "BSM": "450312211000548341", "DLBM": "0601", "DLMC": "工业用地", "图斑面积": 55420.17, "坐落单位": "大洲村委会", "企业名称": null, "行业代码": null, "行业名称": null, "产值": 0.0, "行政区": null, "用地性": null }, "geometry": { "type": "Polygon", "coordinates": [ [ [ 110.029749, 25.162092 ], [ 110.029486, 25.162337 ], [ 110.029394, 25.16244 ], [ 110.029177, 25.162722 ], [ 110.029175, 25.162725 ], [ 110.029113, 25.162805 ], [ 110.028891, 25.163195 ], [ 110.028804, 25.163375 ], [ 110.02872, 25.16359 ], [ 110.028901, 25.163702 ], [ 110.02916, 25.163789 ], [ 110.02916, 25.16379 ], [ 110.029123, 25.163845 ], [ 110.029086, 25.163899 ], [ 110.029064, 25.163933 ], [ 110.029063, 25.163933 ], [ 110.029053, 25.163948 ], [ 110.029054, 25.163949 ], [ 110.02918, 25.164017 ], [ 110.029318, 25.164101 ], [ 110.029492, 25.164179 ], [ 110.029636, 25.164214 ], [ 110.029731, 25.164263 ], [ 110.02973, 25.164263 ], [ 110.029712, 25.164266 ], [ 110.029571, 25.164286 ], [ 110.029412, 25.1643 ], [ 110.029199, 25.164293 ], [ 110.029066, 25.164312 ], [ 110.028944, 25.16434 ], [ 110.028704, 25.164421 ], [ 110.028473, 25.164495 ], [ 110.028453, 25.164501 ], [ 110.028435, 25.164514 ], [ 110.028218, 25.164664 ], [ 110.028218, 25.164664 ], [ 110.028217, 25.164664 ], [ 110.028219, 25.164665 ], [ 110.02842, 25.164748 ], [ 110.028515, 25.164804 ], [ 110.028622, 25.164832 ], [ 110.029029, 25.164853 ], [ 110.029273, 25.164917 ], [ 110.029562, 25.165018 ], [ 110.02985, 25.165118 ], [ 110.029889, 25.165101 ], [ 110.030215, 25.165308 ], [ 110.030259, 25.165374 ], [ 110.030305, 25.165295 ], [ 110.030469, 25.165255 ], [ 110.03054, 25.165251 ], [ 110.030542, 25.16525 ], [ 110.030346, 25.165158 ], [ 110.029912, 25.165044 ], [ 110.029634, 25.164975 ], [ 110.029484, 25.164936 ], [ 110.029387, 25.1649 ], [ 110.029125, 25.164834 ], [ 110.029088, 25.164834 ], [ 110.02881, 25.164762 ], [ 110.028535, 25.164691 ], [ 110.028566, 25.164547 ], [ 110.029565, 25.164784 ], [ 110.029608, 25.164798 ], [ 110.029686, 25.164778 ], [ 110.029736, 25.164743 ], [ 110.029753, 25.16471 ], [ 110.02975, 25.164653 ], [ 110.02975, 25.164606 ], [ 110.029806, 25.16454 ], [ 110.029892, 25.164511 ], [ 110.029981, 25.164488 ], [ 110.030066, 25.16447 ], [ 110.030148, 25.164459 ], [ 110.03023, 25.164439 ], [ 110.03028, 25.164442 ], [ 110.030355, 25.164422 ], [ 110.030486, 25.164276 ], [ 110.030226, 25.164194 ], [ 110.030188, 25.16405 ], [ 110.030275, 25.163902 ], [ 110.030439, 25.163879 ], [ 110.030714, 25.16394 ], [ 110.030865, 25.163959 ], [ 110.030898, 25.163852 ], [ 110.030972, 25.163662 ], [ 110.031064, 25.163638 ], [ 110.031575, 25.163785 ], [ 110.031732, 25.163786 ], [ 110.031998, 25.163495 ], [ 110.031942, 25.16345 ], [ 110.031942, 25.163449 ], [ 110.031828, 25.16337 ], [ 110.031618, 25.163228 ], [ 110.031408, 25.163085 ], [ 110.031233, 25.16286 ], [ 110.031165, 25.162773 ], [ 110.030974, 25.162506 ], [ 110.030783, 25.162239 ], [ 110.030782, 25.162238 ], [ 110.030719, 25.162231 ], [ 110.030664, 25.162224 ], [ 110.030491, 25.162201 ], [ 110.030356, 25.162191 ], [ 110.030307, 25.162196 ], [ 110.030097, 25.162217 ], [ 110.030097, 25.162217 ], [ 110.029959, 25.162162 ], [ 110.029916, 25.162145 ], [ 110.029868, 25.162125 ], [ 110.029837, 25.162113 ], [ 110.029786, 25.162092 ], [ 110.029749, 25.162092 ] ] ] } },
{ "type": "Feature", "properties": { "BSM": "450312211000548383", "DLBM": "0601", "DLMC": "工业用地", "图斑面积": 446.95, "坐落单位": "宝山村委会", "企业名称": null, "行业代码": null, "行业名称": null, "产值": 0.0, "行政区": null, "用地性": null }, "geometry": { "type": "Polygon", "coordinates": [ [ [ 110.02139, 25.164661 ], [ 110.021164, 25.164661 ], [ 110.021163, 25.164661 ], [ 110.021158, 25.164748 ], [ 110.021158, 25.164758 ], [ 110.021156, 25.164789 ], [ 110.021155, 25.164803 ], [ 110.021154, 25.164813 ], [ 110.021154, 25.164819 ], [ 110.021154, 25.16482 ], [ 110.021153, 25.164831 ], [ 110.021227, 25.164831 ], [ 110.021395, 25.164833 ], [ 110.021394, 25.16483 ], [ 110.021393, 25.164771 ], [ 110.021392, 25.164742 ], [ 110.02139, 25.164661 ] ] ] } },
{ "type": "Feature", "properties": { "BSM": "450312211000548384", "DLBM": "0601", "DLMC": "工业用地", "图斑面积": 30563.53, "坐落单位": "宝山村委会", "企业名称": null, "行业代码": null, "行业名称": null, "产值": 0.0, "行政区": null, "用地性": null }, "geometry": { "type": "Polygon", "coordinates": [ [ [ 110.025836, 25.164977 ], [ 110.025765, 25.165231 ], [ 110.025595, 25.165206 ], [ 110.025585, 25.16524 ], [ 110.025707, 25.165277 ], [ 110.02571, 25.165295 ], [ 110.025723, 25.165392 ], [ 110.025872, 25.165378 ], [ 110.025912, 25.165427 ], [ 110.02594, 25.165556 ], [ 110.02594, 25.165556 ], [ 110.025939, 25.16562 ], [ 110.025939, 25.165709 ], [ 110.025924, 25.165783 ], [ 110.025903, 25.165947 ], [ 110.026046, 25.166017 ], [ 110.026045, 25.166029 ], [ 110.02605, 25.166031 ], [ 110.026113, 25.166056 ], [ 110.026137, 25.166065 ], [ 110.026145, 25.166066 ], [ 110.026161, 25.166067 ], [ 110.026186, 25.166049 ], [ 110.026232, 25.165997 ], [ 110.026282, 25.16596 ], [ 110.026356, 25.165923 ], [ 110.026416, 25.165907 ], [ 110.02648, 25.165893 ], [ 110.02657, 25.165889 ], [ 110.026684, 25.165882 ], [ 110.026766, 25.165866 ], [ 110.026853, 25.165844 ], [ 110.026949, 25.165796 ], [ 110.026979, 25.165796 ], [ 110.027133, 25.165796 ], [ 110.027387, 25.165796 ], [ 110.027387, 25.165669 ], [ 110.027384, 25.165668 ], [ 110.027387, 25.165634 ], [ 110.027411, 25.16564 ], [ 110.027425, 25.165632 ], [ 110.027433, 25.165614 ], [ 110.027441, 25.165573 ], [ 110.027464, 25.165551 ], [ 110.027546, 25.165386 ], [ 110.027534, 25.165239 ], [ 110.027532, 25.16501 ], [ 110.027596, 25.1649 ], [ 110.027727, 25.164888 ], [ 110.027804, 25.164906 ], [ 110.027824, 25.164877 ], [ 110.027941, 25.164758 ], [ 110.028106, 25.164615 ], [ 110.028217, 25.164664 ], [ 110.028218, 25.164664 ], [ 110.028218, 25.164664 ], [ 110.028435, 25.164514 ], [ 110.028453, 25.164501 ], [ 110.028473, 25.164495 ], [ 110.028704, 25.164421 ], [ 110.028944, 25.16434 ], [ 110.029066, 25.164312 ], [ 110.029199, 25.164293 ], [ 110.029412, 25.1643 ], [ 110.029571, 25.164286 ], [ 110.029712, 25.164266 ], [ 110.02973, 25.164263 ], [ 110.029731, 25.164263 ], [ 110.029636, 25.164214 ], [ 110.029492, 25.164179 ], [ 110.029318, 25.164101 ], [ 110.02918, 25.164017 ], [ 110.029054, 25.163949 ], [ 110.029053, 25.163948 ], [ 110.029063, 25.163933 ], [ 110.029064, 25.163933 ], [ 110.029086, 25.163899 ], [ 110.029123, 25.163845 ], [ 110.02916, 25.16379 ], [ 110.02916, 25.163789 ], [ 110.028901, 25.163702 ], [ 110.02872, 25.16359 ], [ 110.028606, 25.163878 ], [ 110.028591, 25.163952 ], [ 110.028541, 25.164193 ], [ 110.028487, 25.164355 ], [ 110.028177, 25.164329 ], [ 110.028071, 25.164445 ], [ 110.027934, 25.164536 ], [ 110.027791, 25.164583 ], [ 110.027737, 25.164604 ], [ 110.027613, 25.164635 ], [ 110.026863, 25.164654 ], [ 110.026854, 25.164654 ], [ 110.026714, 25.164655 ], [ 110.026676, 25.164655 ], [ 110.025898, 25.164656 ], [ 110.025902, 25.164751 ], [ 110.025891, 25.164975 ], [ 110.025891, 25.164989 ], [ 110.025836, 25.164977 ] ] ] } },
{ "type": "Feature", "properties": { "BSM": "450312211000548426", "DLBM": "0601", "DLMC": "工业用地", "图斑面积": 170.76, "坐落单位": "新立村委会", "企业名称": null, "行业代码": null, "行业名称": null, "产值": 0.0, "行政区": null, "用地性": null }, "geometry": { "type": "Polygon", "coordinates": [ [ [ 110.267537, 25.150925 ], [ 110.267569, 25.150957 ], [ 110.267863, 25.151064 ], [ 110.267942, 25.151023 ], [ 110.267988, 25.150957 ], [ 110.267958, 25.150937 ], [ 110.267898, 25.151005 ], [ 110.2678, 25.15101 ], [ 110.267695, 25.15098 ], [ 110.267571, 25.150932 ], [ 110.267547, 25.150914 ], [ 110.267537, 25.150925 ] ] ] } },
{ "type": "Feature", "properties": { "BSM": "450312211000548429", "DLBM": "0601", "DLMC": "工业用地", "图斑面积": 333.31, "坐落单位": "新立村委会", "企业名称": null, "行业代码": null, "行业名称": null, "产值": 0.0, "行政区": null, "用地性": null }, "geometry": { "type": "Polygon", "coordinates": [ [ [ 110.268137, 25.151242 ], [ 110.26825, 25.151305 ], [ 110.268267, 25.151303 ], [ 110.268281, 25.151285 ], [ 110.268308, 25.151249 ], [ 110.268307, 25.151229 ], [ 110.268161, 25.151136 ], [ 110.268133, 25.151149 ], [ 110.268116, 25.151195 ], [ 110.268083, 25.151176 ], [ 110.268003, 25.15113 ], [ 110.267992, 25.151104 ], [ 110.268042, 25.150992 ], [ 110.268017, 25.150977 ], [ 110.267941, 25.151105 ], [ 110.267972, 25.15115 ], [ 110.268111, 25.151227 ], [ 110.268137, 25.151242 ] ] ] } },
{ "type": "Feature", "properties": { "BSM": "450312211000548459", "DLBM": "0601", "DLMC": "工业用地", "图斑面积": 118635.91, "坐落单位": "横山村委会", "企业名称": "桂林领益制造有限公司", "行业代码": "C39", "行业名称": "计算机、通信和其他电子设备制造业", "产值": 16.5, "行政区": null, "用地性": null }, "geometry": { "type": "Polygon", "coordinates": [ [ [ 110.137433, 25.20037 ], [ 110.137478, 25.200318 ], [ 110.137688, 25.200071 ], [ 110.137926, 25.199734 ], [ 110.138072, 25.199535 ], [ 110.138355, 25.199149 ], [ 110.138416, 25.199066 ], [ 110.138512, 25.198936 ], [ 110.138538, 25.198906 ], [ 110.138586, 25.198849 ], [ 110.1386, 25.198802 ], [ 110.138604, 25.198787 ], [ 110.138707, 25.198727 ], [ 110.13881, 25.198594 ], [ 110.138867, 25.198521 ], [ 110.138956, 25.198404 ], [ 110.138965, 25.198371 ], [ 110.139002, 25.198332 ], [ 110.138979, 25.198315 ], [ 110.138761, 25.198155 ], [ 110.138726, 25.19813 ], [ 110.138396, 25.197887 ], [ 110.138263, 25.197789 ], [ 110.138144, 25.197702 ], [ 110.137979, 25.197581 ], [ 110.137891, 25.197516 ], [ 110.137845, 25.197482 ], [ 110.137584, 25.197289 ], [ 110.137277, 25.197062 ], [ 110.13697, 25.196834 ], [ 110.136969, 25.19683 ], [ 110.136967, 25.196829 ], [ 110.136861, 25.196751 ], [ 110.136867, 25.196556 ], [ 110.136837, 25.19656 ], [ 110.136798, 25.19656 ], [ 110.136586, 25.196402 ], [ 110.136252, 25.196237 ], [ 110.136203, 25.196288 ], [ 110.135455, 25.195782 ], [ 110.135337, 25.195921 ], [ 110.135134, 25.196161 ], [ 110.13513, 25.196239 ], [ 110.134987, 25.196458 ], [ 110.134977, 25.196576 ], [ 110.135014, 25.196601 ], [ 110.135022, 25.196606 ], [ 110.134864, 25.196818 ], [ 110.134878, 25.196849 ], [ 110.13443, 25.197534 ], [ 110.134334, 25.197682 ], [ 110.134257, 25.197865 ], [ 110.13425, 25.197891 ], [ 110.134112, 25.198371 ], [ 110.134003, 25.199006 ], [ 110.133985, 25.199201 ], [ 110.134059, 25.199149 ], [ 110.134111, 25.199221 ], [ 110.134398, 25.198895 ], [ 110.134517, 25.198759 ], [ 110.134789, 25.19845 ], [ 110.134896, 25.198329 ], [ 110.135318, 25.198612 ], [ 110.135971, 25.19905 ], [ 110.136345, 25.1993 ], [ 110.136629, 25.199491 ], [ 110.136608, 25.199544 ], [ 110.136639, 25.199526 ], [ 110.136665, 25.199509 ], [ 110.136676, 25.199501 ], [ 110.136689, 25.199492 ], [ 110.136726, 25.199485 ], [ 110.136743, 25.199481 ], [ 110.136748, 25.19948 ], [ 110.136815, 25.199466 ], [ 110.136919, 25.199467 ], [ 110.136994, 25.199487 ], [ 110.137111, 25.199563 ], [ 110.137128, 25.199577 ], [ 110.137189, 25.199625 ], [ 110.137235, 25.199655 ], [ 110.137236, 25.199656 ], [ 110.137245, 25.199678 ], [ 110.137257, 25.199704 ], [ 110.137255, 25.199747 ], [ 110.137238, 25.199788 ], [ 110.137191, 25.199808 ], [ 110.137281, 25.199967 ], [ 110.137348, 25.200085 ], [ 110.137349, 25.200087 ], [ 110.137352, 25.200092 ], [ 110.137424, 25.200283 ], [ 110.137433, 25.20037 ] ] ] } },
{ "type": "Feature", "properties": { "BSM": "450312211000548500", "DLBM": "0601", "DLMC": "工业用地", "图斑面积": 52085.96, "坐落单位": "刘村村委会", "企业名称": "桂林深科技有限公司", "行业代码": "C39", "行业名称": "计算机、通信和其他电子设备制造业", "产值": 41.0, "行政区": null, "用地性": null }, "geometry": { "type": "Polygon", "coordinates": [ [ [ 110.130128, 25.206677 ], [ 110.130116, 25.206722 ], [ 110.130099, 25.206842 ], [ 110.130069, 25.20689 ], [ 110.130034, 25.206904 ], [ 110.130009, 25.20691 ], [ 110.129984, 25.206916 ], [ 110.129793, 25.206957 ], [ 110.129731, 25.206971 ], [ 110.129553, 25.206996 ], [ 110.129474, 25.20699 ], [ 110.129446, 25.206918 ], [ 110.129109, 25.206927 ], [ 110.12917, 25.207018 ], [ 110.129263, 25.207104 ], [ 110.129345, 25.20719 ], [ 110.129355, 25.207323 ], [ 110.129337, 25.207483 ], [ 110.129301, 25.207571 ], [ 110.129284, 25.207612 ], [ 110.129283, 25.207616 ], [ 110.129235, 25.207733 ], [ 110.129205, 25.207818 ], [ 110.129211, 25.207845 ], [ 110.129217, 25.207877 ], [ 110.129234, 25.207947 ], [ 110.129268, 25.208059 ], [ 110.129346, 25.208222 ], [ 110.12941, 25.208357 ], [ 110.129413, 25.208359 ], [ 110.129446, 25.208384 ], [ 110.129447, 25.208385 ], [ 110.129459, 25.208394 ], [ 110.12947, 25.208399 ], [ 110.12952, 25.20842 ], [ 110.129614, 25.208436 ], [ 110.129657, 25.208439 ], [ 110.129797, 25.208449 ], [ 110.129869, 25.208455 ], [ 110.12996, 25.208546 ], [ 110.129987, 25.208621 ], [ 110.129977, 25.208688 ], [ 110.129949, 25.208787 ], [ 110.129871, 25.208864 ], [ 110.129753, 25.208927 ], [ 110.129753, 25.208928 ], [ 110.129739, 25.209108 ], [ 110.129791, 25.209259 ], [ 110.129896, 25.209335 ], [ 110.129927, 25.209379 ], [ 110.130275, 25.20943 ], [ 110.130357, 25.209442 ], [ 110.130787, 25.209505 ], [ 110.131215, 25.209556 ], [ 110.131253, 25.209331 ], [ 110.131263, 25.209299 ], [ 110.131261, 25.209298 ], [ 110.131266, 25.209273 ], [ 110.131387, 25.208722 ], [ 110.131432, 25.208516 ], [ 110.131704, 25.207301 ], [ 110.130292, 25.207039 ], [ 110.130144, 25.207012 ], [ 110.130208, 25.206688 ], [ 110.130128, 25.206677 ] ] ] } },
{ "type": "Feature", "properties": { "BSM": "450312211000548507", "DLBM": "0601", "DLMC": "工业用地", "图斑面积": 38674.26, "坐落单位": "横山村委会", "企业名称": "桂林阳天特箱新能源有限公司", "行业代码": "C38", "行业名称": "电气机械和器材制造业", "产值": 5.36, "行政区": null, "用地性": null }, "geometry": { "type": "Polygon", "coordinates": [ [ [ 110.141367, 25.198033 ], [ 110.141511, 25.197874 ], [ 110.141575, 25.197803 ], [ 110.141577, 25.197806 ], [ 110.141937, 25.197404 ], [ 110.141937, 25.197404 ], [ 110.141946, 25.197394 ], [ 110.141971, 25.197367 ], [ 110.142019, 25.197375 ], [ 110.140874, 25.196287 ], [ 110.140837, 25.196335 ], [ 110.140793, 25.196391 ], [ 110.140685, 25.196555 ], [ 110.140574, 25.196691 ], [ 110.140455, 25.196837 ], [ 110.140363, 25.196951 ], [ 110.140332, 25.19699 ], [ 110.140197, 25.19714 ], [ 110.140077, 25.197311 ], [ 110.139931, 25.197461 ], [ 110.139883, 25.197525 ], [ 110.139855, 25.197593 ], [ 110.139815, 25.197661 ], [ 110.139779, 25.197707 ], [ 110.139728, 25.197743 ], [ 110.139665, 25.197789 ], [ 110.139581, 25.197896 ], [ 110.139518, 25.197964 ], [ 110.139423, 25.198049 ], [ 110.139335, 25.198124 ], [ 110.139281, 25.198178 ], [ 110.139415, 25.198274 ], [ 110.139512, 25.198345 ], [ 110.139842, 25.198587 ], [ 110.139852, 25.198595 ], [ 110.14014, 25.198806 ], [ 110.140171, 25.198829 ], [ 110.140232, 25.198874 ], [ 110.14044, 25.199027 ], [ 110.140456, 25.199038 ], [ 110.140666, 25.198806 ], [ 110.140784, 25.198676 ], [ 110.140889, 25.198561 ], [ 110.141044, 25.198389 ], [ 110.141367, 25.198033 ] ] ] } },
{ "type": "Feature", "properties": { "BSM": "450312211000548510", "DLBM": "0601", "DLMC": "工业用地", "图斑面积": 61318.81, "坐落单位": "江西村委会", "企业名称": "桂林深科技有限公司", "行业代码": "C39", "行业名称": "计算机、通信和其他电子设备制造业", "产值": 41.0, "行政区": null, "用地性": null }, "geometry": { "type": "Polygon", "coordinates": [ [ [ 110.12825, 25.206781 ], [ 110.128234, 25.206816 ], [ 110.128225, 25.206826 ], [ 110.128169, 25.20689 ], [ 110.128121, 25.207023 ], [ 110.128111, 25.207033 ], [ 110.128091, 25.207054 ], [ 110.128045, 25.207101 ], [ 110.128038, 25.207108 ], [ 110.127967, 25.207099 ], [ 110.127898, 25.207091 ], [ 110.127849, 25.207059 ], [ 110.127798, 25.207027 ], [ 110.127798, 25.207027 ], [ 110.127797, 25.207119 ], [ 110.127777, 25.207198 ], [ 110.127734, 25.207313 ], [ 110.127711, 25.207376 ], [ 110.127663, 25.207448 ], [ 110.127554, 25.207555 ], [ 110.127382, 25.207735 ], [ 110.127255, 25.207914 ], [ 110.127166, 25.208044 ], [ 110.127118, 25.208124 ], [ 110.127094, 25.208209 ], [ 110.127088, 25.208251 ], [ 110.127082, 25.208292 ], [ 110.12708, 25.208344 ], [ 110.127078, 25.208358 ], [ 110.127066, 25.208436 ], [ 110.127051, 25.208574 ], [ 110.127029, 25.208714 ], [ 110.127021, 25.208775 ], [ 110.12702, 25.208783 ], [ 110.127004, 25.208922 ], [ 110.127003, 25.208926 ], [ 110.126965, 25.209059 ], [ 110.126931, 25.209108 ], [ 110.126957, 25.209138 ], [ 110.127067, 25.209196 ], [ 110.127164, 25.20919 ], [ 110.127214, 25.209187 ], [ 110.127326, 25.209225 ], [ 110.127387, 25.209245 ], [ 110.127665, 25.20928 ], [ 110.127833, 25.209277 ], [ 110.127883, 25.209279 ], [ 110.127933, 25.209282 ], [ 110.127938, 25.209282 ], [ 110.128082, 25.209312 ], [ 110.128242, 25.209346 ], [ 110.128371, 25.209448 ], [ 110.128408, 25.209445 ], [ 110.128456, 25.209443 ], [ 110.128489, 25.209448 ], [ 110.128566, 25.209467 ], [ 110.128623, 25.209483 ], [ 110.128642, 25.209483 ], [ 110.128679, 25.209496 ], [ 110.128736, 25.209495 ], [ 110.128805, 25.209493 ], [ 110.128836, 25.209492 ], [ 110.128867, 25.209528 ], [ 110.128952, 25.209514 ], [ 110.129072, 25.209494 ], [ 110.129121, 25.2095 ], [ 110.12914, 25.209524 ], [ 110.129313, 25.209555 ], [ 110.129337, 25.209579 ], [ 110.129387, 25.209665 ], [ 110.129412, 25.209593 ], [ 110.129425, 25.209533 ], [ 110.129465, 25.209344 ], [ 110.129469, 25.209321 ], [ 110.12952, 25.209327 ], [ 110.129582, 25.209335 ], [ 110.12965, 25.209344 ], [ 110.129712, 25.209365 ], [ 110.129927, 25.209379 ], [ 110.129896, 25.209335 ], [ 110.129791, 25.209259 ], [ 110.129739, 25.209108 ], [ 110.129753, 25.208928 ], [ 110.129753, 25.208927 ], [ 110.129871, 25.208864 ], [ 110.129949, 25.208787 ], [ 110.129977, 25.208688 ], [ 110.129987, 25.208621 ], [ 110.12996, 25.208546 ], [ 110.129869, 25.208455 ], [ 110.129797, 25.208449 ], [ 110.129657, 25.208439 ], [ 110.129614, 25.208436 ], [ 110.12952, 25.20842 ], [ 110.12947, 25.208399 ], [ 110.129459, 25.208394 ], [ 110.129447, 25.208385 ], [ 110.129446, 25.208384 ], [ 110.129413, 25.208359 ], [ 110.12941, 25.208357 ], [ 110.129346, 25.208222 ], [ 110.129268, 25.208059 ], [ 110.129234, 25.207947 ], [ 110.129217, 25.207877 ], [ 110.129211, 25.207845 ], [ 110.129205, 25.207818 ], [ 110.129235, 25.207733 ], [ 110.129283, 25.207616 ], [ 110.129284, 25.207612 ], [ 110.129301, 25.207571 ], [ 110.129337, 25.207483 ], [ 110.129355, 25.207323 ], [ 110.129345, 25.20719 ], [ 110.129263, 25.207104 ], [ 110.12917, 25.207018 ], [ 110.129109, 25.206927 ], [ 110.129103, 25.206918 ], [ 110.129098, 25.20691 ], [ 110.128911, 25.206883 ], [ 110.128847, 25.206872 ], [ 110.128818, 25.206866 ], [ 110.128722, 25.206846 ], [ 110.128509, 25.206801 ], [ 110.128462, 25.206792 ], [ 110.128264, 25.20675 ], [ 110.12825, 25.206781 ] ] ] } },
{ "type": "Feature", "properties": { "BSM": "450312211000548646", "DLBM": "0601", "DLMC": "工业用地", "图斑面积": 68348.45, "坐落单位": "刘村村委会", "企业名称": "桂林赛尔康电子技术有限公司", "行业代码": "C39", "行业名称": "计算机、通信和其他电子设备制造业", "产值": 6.62, "行政区": null, "用地性": null }, "geometry": { "type": "Polygon", "coordinates": [ [ [ 110.135041, 25.203612 ], [ 110.134753, 25.203607 ], [ 110.134752, 25.203607 ], [ 110.134752, 25.203552 ], [ 110.13475, 25.203336 ], [ 110.134675, 25.202223 ], [ 110.134763, 25.202169 ], [ 110.135122, 25.201949 ], [ 110.135293, 25.20205 ], [ 110.135855, 25.202378 ], [ 110.135864, 25.202355 ], [ 110.136208, 25.201928 ], [ 110.136554, 25.201474 ], [ 110.13659, 25.201432 ], [ 110.137433, 25.20037 ], [ 110.137424, 25.200283 ], [ 110.137352, 25.200092 ], [ 110.137349, 25.200087 ], [ 110.137349, 25.200087 ], [ 110.137335, 25.200097 ], [ 110.137313, 25.200066 ], [ 110.13702, 25.199847 ], [ 110.136591, 25.199589 ], [ 110.136608, 25.199544 ], [ 110.13653, 25.19959 ], [ 110.136324, 25.199696 ], [ 110.136261, 25.199737 ], [ 110.136211, 25.199805 ], [ 110.136185, 25.199828 ], [ 110.136183, 25.199829 ], [ 110.136158, 25.199838 ], [ 110.136148, 25.199843 ], [ 110.136114, 25.199877 ], [ 110.136072, 25.199926 ], [ 110.136076, 25.199968 ], [ 110.13608, 25.200002 ], [ 110.136058, 25.200066 ], [ 110.136063, 25.200109 ], [ 110.136084, 25.200131 ], [ 110.136084, 25.200132 ], [ 110.136071, 25.20034 ], [ 110.136071, 25.200358 ], [ 110.135921, 25.200401 ], [ 110.135919, 25.200402 ], [ 110.135847, 25.200423 ], [ 110.135733, 25.200456 ], [ 110.135698, 25.200471 ], [ 110.135653, 25.200491 ], [ 110.135513, 25.200617 ], [ 110.135464, 25.200634 ], [ 110.135385, 25.200562 ], [ 110.135316, 25.200525 ], [ 110.135304, 25.20053 ], [ 110.135276, 25.200543 ], [ 110.135196, 25.200615 ], [ 110.135166, 25.200669 ], [ 110.135086, 25.200741 ], [ 110.134937, 25.200785 ], [ 110.134778, 25.20082 ], [ 110.134772, 25.200822 ], [ 110.134489, 25.200909 ], [ 110.13431, 25.201034 ], [ 110.134149, 25.201178 ], [ 110.134044, 25.201086 ], [ 110.134015, 25.201229 ], [ 110.134014, 25.201243 ], [ 110.133959, 25.201227 ], [ 110.133857, 25.201173 ], [ 110.13381, 25.201123 ], [ 110.133755, 25.201108 ], [ 110.133712, 25.201162 ], [ 110.133695, 25.201265 ], [ 110.133718, 25.201351 ], [ 110.1338, 25.201398 ], [ 110.133835, 25.201456 ], [ 110.133827, 25.201563 ], [ 110.133798, 25.201667 ], [ 110.133778, 25.201775 ], [ 110.133765, 25.201893 ], [ 110.133879, 25.201979 ], [ 110.133996, 25.202091 ], [ 110.134078, 25.202174 ], [ 110.13418, 25.202303 ], [ 110.134218, 25.20244 ], [ 110.134213, 25.202628 ], [ 110.134238, 25.202767 ], [ 110.134242, 25.202905 ], [ 110.134257, 25.203073 ], [ 110.134266, 25.203211 ], [ 110.134366, 25.20348 ], [ 110.13441, 25.203599 ], [ 110.134495, 25.203889 ], [ 110.134581, 25.204178 ], [ 110.134584, 25.204186 ], [ 110.134638, 25.204318 ], [ 110.134705, 25.204482 ], [ 110.134746, 25.204584 ], [ 110.134829, 25.204786 ], [ 110.135105, 25.204988 ], [ 110.13511, 25.204953 ], [ 110.135107, 25.204787 ], [ 110.135098, 25.204741 ], [ 110.135071, 25.204712 ], [ 110.135056, 25.204689 ], [ 110.135017, 25.204617 ], [ 110.135013, 25.204598 ], [ 110.135027, 25.204573 ], [ 110.134992, 25.204534 ], [ 110.135, 25.204482 ], [ 110.135002, 25.204471 ], [ 110.135015, 25.204381 ], [ 110.135035, 25.204248 ], [ 110.134956, 25.204237 ], [ 110.13488, 25.204226 ], [ 110.134805, 25.204237 ], [ 110.134775, 25.204242 ], [ 110.134748, 25.204233 ], [ 110.134687, 25.204214 ], [ 110.134665, 25.204197 ], [ 110.134615, 25.204147 ], [ 110.13472, 25.204015 ], [ 110.13475, 25.203977 ], [ 110.134761, 25.203964 ], [ 110.135041, 25.203612 ] ] ] } },
{ "type": "Feature", "properties": { "BSM": "450312211000548885", "DLBM": "0601", "DLMC": "工业用地", "图斑面积": 424.07, "坐落单位": "二塘村委会", "企业名称": null, "行业代码": null, "行业名称": null, "产值": 0.0, "行政区": null, "用地性": null }, "geometry": { "type": "Polygon", "coordinates": [ [ [ 110.207808, 25.21048 ], [ 110.207915, 25.210435 ], [ 110.20799, 25.210399 ], [ 110.207999, 25.210394 ], [ 110.208018, 25.210385 ], [ 110.208016, 25.210385 ], [ 110.208014, 25.210255 ], [ 110.20802, 25.210243 ], [ 110.208017, 25.210199 ], [ 110.207925, 25.21022 ], [ 110.207825, 25.210281 ], [ 110.207827, 25.210336 ], [ 110.207848, 25.21038 ], [ 110.207814, 25.210432 ], [ 110.207808, 25.21048 ] ] ] } },
{ "type": "Feature", "properties": { "BSM": "450312211000548886", "DLBM": "0601", "DLMC": "工业用地", "图斑面积": 1510.0, "坐落单位": "二塘村委会", "企业名称": null, "行业代码": null, "行业名称": null, "产值": 0.0, "行政区": null, "用地性": null }, "geometry": { "type": "Polygon", "coordinates": [ [ [ 110.207451, 25.210587 ], [ 110.207443, 25.210559 ], [ 110.207506, 25.210523 ], [ 110.207679, 25.210484 ], [ 110.207698, 25.210455 ], [ 110.207626, 25.210259 ], [ 110.207657, 25.210242 ], [ 110.207663, 25.210214 ], [ 110.207645, 25.210154 ], [ 110.207608, 25.210111 ], [ 110.207569, 25.210082 ], [ 110.207549, 25.210063 ], [ 110.207538, 25.210053 ], [ 110.207498, 25.210038 ], [ 110.207443, 25.210048 ], [ 110.207366, 25.210085 ], [ 110.207392, 25.21019 ], [ 110.207392, 25.210191 ], [ 110.20738, 25.210214 ], [ 110.207342, 25.210286 ], [ 110.207337, 25.2103 ], [ 110.207325, 25.210331 ], [ 110.207402, 25.210569 ], [ 110.207432, 25.21059 ], [ 110.207451, 25.210587 ] ] ] } },
{ "type": "Feature", "properties": { "BSM": "450312211000548902", "DLBM": "0601", "DLMC": "工业用地", "图斑面积": 19379.4, "坐落单位": "秧塘旧机场", "企业名称": "广西桂林煜峰实业有限公司", "行业代码": "C30", "行业名称": "非金属矿物制品业", "产值": 0.0, "行政区": null, "用地性": null }, "geometry": { "type": "Polygon", "coordinates": [ [ [ 110.173363, 25.207643 ], [ 110.173294, 25.207569 ], [ 110.173234, 25.207505 ], [ 110.173049, 25.207296 ], [ 110.172864, 25.207087 ], [ 110.172671, 25.206863 ], [ 110.172669, 25.206862 ], [ 110.172576, 25.206846 ], [ 110.172443, 25.206767 ], [ 110.172278, 25.206576 ], [ 110.172063, 25.206229 ], [ 110.171955, 25.2061 ], [ 110.171879, 25.206084 ], [ 110.171798, 25.206128 ], [ 110.171727, 25.206187 ], [ 110.171699, 25.206286 ], [ 110.171695, 25.206335 ], [ 110.171911, 25.206586 ], [ 110.171887, 25.206634 ], [ 110.171807, 25.206696 ], [ 110.17164, 25.206757 ], [ 110.171636, 25.206774 ], [ 110.171618, 25.20681 ], [ 110.171581, 25.206884 ], [ 110.171554, 25.206937 ], [ 110.171515, 25.207015 ], [ 110.171515, 25.207016 ], [ 110.171502, 25.20703 ], [ 110.171503, 25.207031 ], [ 110.171505, 25.207034 ], [ 110.171539, 25.207079 ], [ 110.171547, 25.207107 ], [ 110.171661, 25.207221 ], [ 110.171713, 25.207275 ], [ 110.171783, 25.207366 ], [ 110.171875, 25.20746 ], [ 110.172002, 25.207589 ], [ 110.172248, 25.207839 ], [ 110.172323, 25.207916 ], [ 110.172468, 25.208064 ], [ 110.172558, 25.208155 ], [ 110.172788, 25.208326 ], [ 110.17284, 25.208363 ], [ 110.17285, 25.208349 ], [ 110.172847, 25.208332 ], [ 110.172727, 25.208034 ], [ 110.172858, 25.207961 ], [ 110.172873, 25.207985 ], [ 110.172909, 25.207954 ], [ 110.173099, 25.207771 ], [ 110.173128, 25.207764 ], [ 110.173177, 25.207716 ], [ 110.173265, 25.207682 ], [ 110.173283, 25.207674 ], [ 110.173328, 25.207657 ], [ 110.173363, 25.207643 ] ] ] } },
{ "type": "Feature", "properties": { "BSM": "450312211000549873", "DLBM": "0601", "DLMC": "工业用地", "图斑面积": 1125.7, "坐落单位": "马面村委会", "企业名称": null, "行业代码": null, "行业名称": null, "产值": 0.0, "行政区": null, "用地性": null }, "geometry": { "type": "Polygon", "coordinates": [ [ [ 110.218702, 25.137458 ], [ 110.218626, 25.137544 ], [ 110.218586, 25.137601 ], [ 110.218563, 25.137646 ], [ 110.218563, 25.137699 ], [ 110.218615, 25.137753 ], [ 110.218661, 25.137774 ], [ 110.218739, 25.137784 ], [ 110.218775, 25.13782 ], [ 110.218801, 25.137859 ], [ 110.218866, 25.137873 ], [ 110.218874, 25.137788 ], [ 110.218894, 25.137566 ], [ 110.218921, 25.137439 ], [ 110.218905, 25.13744 ], [ 110.218721, 25.137456 ], [ 110.218702, 25.137458 ] ] ] } },
{ "type": "Feature", "properties": { "BSM": "450312211000550047", "DLBM": "0601", "DLMC": "工业用地", "图斑面积": 13366.67, "坐落单位": "横山村委会", "企业名称": "桂林合胜医疗器械有限公司", "行业代码": "C35", "行业名称": "专用设备制造业", "产值": 0.0, "行政区": null, "用地性": null }, "geometry": { "type": "Polygon", "coordinates": [ [ [ 110.149182, 25.190618 ], [ 110.149134, 25.190554 ], [ 110.149065, 25.190462 ], [ 110.148984, 25.190354 ], [ 110.148816, 25.190109 ], [ 110.148508, 25.190262 ], [ 110.148435, 25.190321 ], [ 110.148364, 25.190377 ], [ 110.148358, 25.190383 ], [ 110.148378, 25.190406 ], [ 110.14847, 25.190521 ], [ 110.148487, 25.190542 ], [ 110.148448, 25.1906 ], [ 110.148447, 25.1906 ], [ 110.148463, 25.19061 ], [ 110.148485, 25.190637 ], [ 110.148503, 25.190658 ], [ 110.148596, 25.190712 ], [ 110.148607, 25.190734 ], [ 110.148637, 25.190791 ], [ 110.148718, 25.190898 ], [ 110.148815, 25.191014 ], [ 110.14884, 25.191043 ], [ 110.148915, 25.191132 ], [ 110.149109, 25.191267 ], [ 110.14914, 25.191346 ], [ 110.149171, 25.191428 ], [ 110.149174, 25.191493 ], [ 110.149186, 25.191564 ], [ 110.149186, 25.191632 ], [ 110.149231, 25.191629 ], [ 110.149236, 25.191628 ], [ 110.149238, 25.191628 ], [ 110.149272, 25.191626 ], [ 110.149599, 25.191928 ], [ 110.149927, 25.192229 ], [ 110.149995, 25.192164 ], [ 110.150167, 25.192022 ], [ 110.150231, 25.191964 ], [ 110.150066, 25.191754 ], [ 110.149933, 25.191605 ], [ 110.149802, 25.191417 ], [ 110.149704, 25.191302 ], [ 110.14962, 25.191193 ], [ 110.149504, 25.191058 ], [ 110.149366, 25.19091 ], [ 110.149306, 25.190818 ], [ 110.149166, 25.190629 ], [ 110.149182, 25.190618 ] ] ] } },
{ "type": "Feature", "properties": { "BSM": "450312211000550292", "DLBM": "0601", "DLMC": "工业用地", "图斑面积": 255387.73, "坐落单位": "横山村委会", "企业名称": "桂林大行环创新材料科技有限公司、", "行业代码": "C17、C33", "行业名称": "纺织业、金属制品业", "产值": 0.0, "行政区": null, "用地性": null }, "geometry": { "type": "Polygon", "coordinates": [ [ [ 110.141953, 25.191054 ], [ 110.141807, 25.191093 ], [ 110.141786, 25.191099 ], [ 110.14153, 25.191067 ], [ 110.141301, 25.191042 ], [ 110.141245, 25.191028 ], [ 110.14114, 25.191002 ], [ 110.141006, 25.191028 ], [ 110.140923, 25.190997 ], [ 110.140845, 25.190968 ], [ 110.140558, 25.190766 ], [ 110.140287, 25.190645 ], [ 110.140044, 25.19065 ], [ 110.139877, 25.190635 ], [ 110.139867, 25.190568 ], [ 110.13971, 25.190545 ], [ 110.13946, 25.190659 ], [ 110.139437, 25.19067 ], [ 110.139295, 25.190641 ], [ 110.139242, 25.190715 ], [ 110.139203, 25.190871 ], [ 110.139146, 25.191096 ], [ 110.139091, 25.191201 ], [ 110.139068, 25.19125 ], [ 110.139037, 25.191316 ], [ 110.13901, 25.191389 ], [ 110.139008, 25.191388 ], [ 110.138838, 25.191633 ], [ 110.138766, 25.191916 ], [ 110.138763, 25.191928 ], [ 110.138687, 25.192231 ], [ 110.138594, 25.1926 ], [ 110.138501, 25.19297 ], [ 110.138466, 25.193111 ], [ 110.138408, 25.19334 ], [ 110.138315, 25.19371 ], [ 110.138269, 25.193894 ], [ 110.138222, 25.19408 ], [ 110.138204, 25.1941 ], [ 110.138092, 25.194225 ], [ 110.138092, 25.194226 ], [ 110.138067, 25.194254 ], [ 110.138173, 25.194332 ], [ 110.138397, 25.194495 ], [ 110.13856, 25.194615 ], [ 110.138582, 25.194631 ], [ 110.138405, 25.194833 ], [ 110.138545, 25.194928 ], [ 110.138433, 25.195043 ], [ 110.138364, 25.195115 ], [ 110.13806, 25.19545 ], [ 110.137862, 25.195673 ], [ 110.137663, 25.195896 ], [ 110.137462, 25.196101 ], [ 110.137416, 25.196109 ], [ 110.137347, 25.196052 ], [ 110.137269, 25.19604 ], [ 110.13718, 25.196111 ], [ 110.137133, 25.196167 ], [ 110.137062, 25.196124 ], [ 110.136835, 25.196395 ], [ 110.136885, 25.196432 ], [ 110.136916, 25.196456 ], [ 110.136944, 25.196477 ], [ 110.136993, 25.196512 ], [ 110.13708, 25.196573 ], [ 110.137086, 25.196577 ], [ 110.137342, 25.196756 ], [ 110.137585, 25.196935 ], [ 110.137598, 25.196944 ], [ 110.137678, 25.197003 ], [ 110.138047, 25.197274 ], [ 110.138415, 25.197546 ], [ 110.138689, 25.197747 ], [ 110.139031, 25.197999 ], [ 110.139146, 25.198081 ], [ 110.139216, 25.197984 ], [ 110.139388, 25.19777 ], [ 110.13954, 25.19758 ], [ 110.139692, 25.197389 ], [ 110.139933, 25.197092 ], [ 110.140047, 25.196949 ], [ 110.140086, 25.196901 ], [ 110.140239, 25.19671 ], [ 110.140516, 25.19636 ], [ 110.140669, 25.196163 ], [ 110.140682, 25.19615 ], [ 110.140711, 25.196113 ], [ 110.140786, 25.19602 ], [ 110.141036, 25.195706 ], [ 110.141184, 25.195521 ], [ 110.141398, 25.195253 ], [ 110.141447, 25.195191 ], [ 110.141453, 25.195183 ], [ 110.141472, 25.195158 ], [ 110.141474, 25.195156 ], [ 110.141511, 25.195107 ], [ 110.141548, 25.195058 ], [ 110.14162, 25.194959 ], [ 110.141691, 25.194859 ], [ 110.141759, 25.194758 ], [ 110.141826, 25.194656 ], [ 110.14189, 25.194552 ], [ 110.141953, 25.194448 ], [ 110.141981, 25.1944 ], [ 110.142014, 25.194343 ], [ 110.142073, 25.194237 ], [ 110.142129, 25.194129 ], [ 110.142184, 25.194021 ], [ 110.142229, 25.193928 ], [ 110.142237, 25.193913 ], [ 110.142287, 25.193803 ], [ 110.142336, 25.193693 ], [ 110.142379, 25.193589 ], [ 110.142383, 25.193581 ], [ 110.142427, 25.19347 ], [ 110.142469, 25.193357 ], [ 110.142509, 25.193244 ], [ 110.142511, 25.19324 ], [ 110.142547, 25.19313 ], [ 110.14257, 25.193057 ], [ 110.142583, 25.193016 ], [ 110.1426, 25.192958 ], [ 110.142617, 25.192901 ], [ 110.142629, 25.192859 ], [ 110.142375, 25.192794 ], [ 110.142405, 25.192726 ], [ 110.142554, 25.192418 ], [ 110.142572, 25.192427 ], [ 110.142636, 25.192456 ], [ 110.142563, 25.192276 ], [ 110.142379, 25.1922 ], [ 110.142376, 25.192199 ], [ 110.142382, 25.192183 ], [ 110.142172, 25.192142 ], [ 110.142392, 25.191398 ], [ 110.142282, 25.191388 ], [ 110.142331, 25.191164 ], [ 110.142158, 25.191134 ], [ 110.142089, 25.191248 ], [ 110.142038, 25.19124 ], [ 110.142047, 25.191157 ], [ 110.142014, 25.191142 ], [ 110.141985, 25.191106 ], [ 110.141953, 25.191054 ] ] ] } },
{ "type": "Feature", "properties": { "BSM": "450312211000550313", "DLBM": "0601", "DLMC": "工业用地", "图斑面积": 281.48, "坐落单位": "马面村委会", "企业名称": null, "行业代码": null, "行业名称": null, "产值": 0.0, "行政区": null, "用地性": null }, "geometry": { "type": "Polygon", "coordinates": [ [ [ 110.21826, 25.138102 ], [ 110.218267, 25.138246 ], [ 110.218269, 25.138252 ], [ 110.218334, 25.138544 ], [ 110.21835, 25.138542 ], [ 110.218324, 25.138326 ], [ 110.218376, 25.138137 ], [ 110.218319, 25.138122 ], [ 110.218327, 25.138058 ], [ 110.21826, 25.138102 ] ] ] } },
{ "type": "Feature", "properties": { "BSM": "450312211000550647", "DLBM": "0601", "DLMC": "工业用地", "图斑面积": 808.05, "坐落单位": "二塘村委会", "企业名称": null, "行业代码": null, "行业名称": null, "产值": 0.0, "行政区": null, "用地性": null }, "geometry": { "type": "Polygon", "coordinates": [ [ [ 110.209039, 25.232798 ], [ 110.208989, 25.232765 ], [ 110.208942, 25.232702 ], [ 110.208752, 25.232655 ], [ 110.208736, 25.23265 ], [ 110.208715, 25.2327 ], [ 110.208712, 25.232712 ], [ 110.208678, 25.232879 ], [ 110.20867, 25.232917 ], [ 110.20869, 25.232911 ], [ 110.208885, 25.232912 ], [ 110.208968, 25.232904 ], [ 110.209053, 25.232889 ], [ 110.209039, 25.232798 ] ] ] } },
{ "type": "Feature", "properties": { "BSM": "450312211000557525", "DLBM": "0601", "DLMC": "工业用地", "图斑面积": 68903.56, "坐落单位": "二塘村委会", "企业名称": "桂林三金药业股份有限公司", "行业代码": "C27", "行业名称": "医药制造业", "产值": 21.93, "行政区": null, "用地性": null }, "geometry": { "type": "Polygon", "coordinates": [ [ [ 110.177871, 25.204728 ], [ 110.177674, 25.204383 ], [ 110.177638, 25.204318 ], [ 110.177623, 25.204291 ], [ 110.177549, 25.20416 ], [ 110.17753, 25.204126 ], [ 110.177237, 25.204184 ], [ 110.177113, 25.204214 ], [ 110.17673, 25.204375 ], [ 110.176584, 25.204432 ], [ 110.176487, 25.204471 ], [ 110.176407, 25.204503 ], [ 110.176137, 25.20457 ], [ 110.175866, 25.204636 ], [ 110.175647, 25.204663 ], [ 110.175326, 25.204628 ], [ 110.174888, 25.204541 ], [ 110.174444, 25.204476 ], [ 110.174182, 25.204448 ], [ 110.173935, 25.204426 ], [ 110.173808, 25.204436 ], [ 110.173618, 25.20446 ], [ 110.173329, 25.204496 ], [ 110.173181, 25.204528 ], [ 110.173076, 25.204551 ], [ 110.172954, 25.204593 ], [ 110.172874, 25.204614 ], [ 110.172816, 25.204651 ], [ 110.172781, 25.204723 ], [ 110.172795, 25.204816 ], [ 110.172868, 25.204947 ], [ 110.172884, 25.204974 ], [ 110.172891, 25.204976 ], [ 110.172953, 25.204994 ], [ 110.172996, 25.20502 ], [ 110.173091, 25.205084 ], [ 110.173207, 25.205149 ], [ 110.173481, 25.205289 ], [ 110.173529, 25.205305 ], [ 110.173639, 25.205343 ], [ 110.173757, 25.205352 ], [ 110.173818, 25.205356 ], [ 110.17389, 25.205362 ], [ 110.1741, 25.205459 ], [ 110.174172, 25.205551 ], [ 110.174277, 25.205688 ], [ 110.174354, 25.205739 ], [ 110.174476, 25.20578 ], [ 110.174491, 25.205785 ], [ 110.174565, 25.205811 ], [ 110.174698, 25.205837 ], [ 110.174719, 25.205843 ], [ 110.174804, 25.205868 ], [ 110.174838, 25.205878 ], [ 110.175096, 25.205955 ], [ 110.175189, 25.205979 ], [ 110.175272, 25.20598 ], [ 110.17535, 25.205942 ], [ 110.1754, 25.20589 ], [ 110.175442, 25.205799 ], [ 110.175644, 25.205596 ], [ 110.175737, 25.205547 ], [ 110.175873, 25.20554 ], [ 110.175962, 25.205546 ], [ 110.175998, 25.205569 ], [ 110.176017, 25.205591 ], [ 110.176033, 25.205779 ], [ 110.176034, 25.205822 ], [ 110.176042, 25.206037 ], [ 110.176057, 25.206254 ], [ 110.176082, 25.206363 ], [ 110.176094, 25.206387 ], [ 110.17626, 25.206338 ], [ 110.176303, 25.206321 ], [ 110.176312, 25.206354 ], [ 110.176497, 25.206295 ], [ 110.176497, 25.206262 ], [ 110.176813, 25.206156 ], [ 110.177129, 25.206049 ], [ 110.177445, 25.205943 ], [ 110.177465, 25.205978 ], [ 110.177635, 25.205877 ], [ 110.177627, 25.205861 ], [ 110.177542, 25.205687 ], [ 110.177307, 25.205325 ], [ 110.177287, 25.205271 ], [ 110.177587, 25.205169 ], [ 110.177581, 25.205158 ], [ 110.177998, 25.20496 ], [ 110.177886, 25.204755 ], [ 110.177871, 25.204728 ] ] ] } },
{ "type": "Feature", "properties": { "BSM": "450312211000557529", "DLBM": "0601", "DLMC": "工业用地", "图斑面积": 20595.01, "坐落单位": "羊田村委会", "企业名称": null, "行业代码": null, "行业名称": null, "产值": 0.0, "行政区": null, "用地性": null }, "geometry": { "type": "Polygon", "coordinates": [ [ [ 110.287036, 25.015284 ], [ 110.286894, 25.015264 ], [ 110.286828, 25.015254 ], [ 110.286825, 25.015254 ], [ 110.286778, 25.01524 ], [ 110.286777, 25.015241 ], [ 110.286666, 25.015348 ], [ 110.286646, 25.015369 ], [ 110.286388, 25.015633 ], [ 110.286313, 25.015709 ], [ 110.286253, 25.015772 ], [ 110.286198, 25.01581 ], [ 110.286207, 25.015819 ], [ 110.286312, 25.015926 ], [ 110.28638, 25.016018 ], [ 110.286452, 25.016154 ], [ 110.28653, 25.016298 ], [ 110.286609, 25.016424 ], [ 110.286684, 25.016459 ], [ 110.286739, 25.016454 ], [ 110.286794, 25.016448 ], [ 110.286971, 25.01643 ], [ 110.287065, 25.016427 ], [ 110.28717, 25.016454 ], [ 110.287374, 25.016506 ], [ 110.287441, 25.016521 ], [ 110.287656, 25.016567 ], [ 110.287706, 25.016381 ], [ 110.287721, 25.016326 ], [ 110.287722, 25.016324 ], [ 110.287728, 25.016301 ], [ 110.287745, 25.016103 ], [ 110.287746, 25.016101 ], [ 110.287747, 25.016089 ], [ 110.287748, 25.01584 ], [ 110.287761, 25.015801 ], [ 110.287761, 25.015799 ], [ 110.287851, 25.015519 ], [ 110.28787, 25.015462 ], [ 110.287889, 25.015306 ], [ 110.287834, 25.015282 ], [ 110.287838, 25.01512 ], [ 110.287838, 25.015113 ], [ 110.287859, 25.014997 ], [ 110.287707, 25.014958 ], [ 110.287653, 25.014916 ], [ 110.287597, 25.014886 ], [ 110.287541, 25.014874 ], [ 110.28746, 25.014856 ], [ 110.287386, 25.01483 ], [ 110.28728, 25.014776 ], [ 110.287271, 25.014771 ], [ 110.28727, 25.014771 ], [ 110.287269, 25.014787 ], [ 110.287258, 25.014898 ], [ 110.287245, 25.015035 ], [ 110.28723, 25.015062 ], [ 110.28721, 25.015099 ], [ 110.287198, 25.01512 ], [ 110.287174, 25.015162 ], [ 110.287118, 25.015219 ], [ 110.287097, 25.015236 ], [ 110.287036, 25.015284 ] ] ] } },
{ "type": "Feature", "properties": { "BSM": "450312211000557533", "DLBM": "0601", "DLMC": "工业用地", "图斑面积": 49302.63, "坐落单位": "横山村委会", "企业名称": "桂林景恒机器有限公司", "行业代码": "C34", "行业名称": "通用设备制造业", "产值": 0.0, "行政区": null, "用地性": null }, "geometry": { "type": "Polygon", "coordinates": [ [ [ 110.144622, 25.197471 ], [ 110.144535, 25.197498 ], [ 110.144451, 25.197513 ], [ 110.144392, 25.197524 ], [ 110.144306, 25.19754 ], [ 110.144113, 25.197578 ], [ 110.144086, 25.197583 ], [ 110.14402, 25.197596 ], [ 110.144081, 25.197865 ], [ 110.144102, 25.198029 ], [ 110.144131, 25.198095 ], [ 110.144138, 25.198143 ], [ 110.144116, 25.198281 ], [ 110.14396, 25.198161 ], [ 110.143793, 25.198032 ], [ 110.14374, 25.197991 ], [ 110.143537, 25.197824 ], [ 110.143496, 25.197789 ], [ 110.143413, 25.197721 ], [ 110.143398, 25.197709 ], [ 110.143335, 25.197657 ], [ 110.143302, 25.197656 ], [ 110.143265, 25.197655 ], [ 110.143175, 25.197645 ], [ 110.143106, 25.197635 ], [ 110.143091, 25.197635 ], [ 110.143086, 25.197635 ], [ 110.143078, 25.197635 ], [ 110.14303, 25.197638 ], [ 110.142944, 25.197651 ], [ 110.142942, 25.197652 ], [ 110.142906, 25.197676 ], [ 110.142903, 25.197679 ], [ 110.14283, 25.197773 ], [ 110.142808, 25.197801 ], [ 110.142743, 25.197891 ], [ 110.142715, 25.197946 ], [ 110.142715, 25.197956 ], [ 110.142714, 25.197965 ], [ 110.142712, 25.198 ], [ 110.142722, 25.198039 ], [ 110.14284, 25.198105 ], [ 110.142855, 25.198115 ], [ 110.143084, 25.198269 ], [ 110.143128, 25.198298 ], [ 110.143367, 25.198464 ], [ 110.143388, 25.198478 ], [ 110.143102, 25.19881 ], [ 110.142816, 25.199143 ], [ 110.14253, 25.199476 ], [ 110.142244, 25.199809 ], [ 110.141958, 25.200142 ], [ 110.142277, 25.200376 ], [ 110.142595, 25.20061 ], [ 110.142645, 25.200627 ], [ 110.142686, 25.200638 ], [ 110.142741, 25.200645 ], [ 110.142798, 25.200643 ], [ 110.142866, 25.200628 ], [ 110.14288, 25.200621 ], [ 110.14289, 25.20062 ], [ 110.142903, 25.200604 ], [ 110.143112, 25.200376 ], [ 110.143399, 25.200047 ], [ 110.143686, 25.199718 ], [ 110.143959, 25.19941 ], [ 110.143975, 25.199392 ], [ 110.144265, 25.199067 ], [ 110.144267, 25.199064 ], [ 110.144431, 25.198873 ], [ 110.144594, 25.198683 ], [ 110.144611, 25.198664 ], [ 110.144829, 25.198417 ], [ 110.145099, 25.198114 ], [ 110.144999, 25.198076 ], [ 110.144953, 25.198064 ], [ 110.14495, 25.198024 ], [ 110.144967, 25.198009 ], [ 110.144972, 25.197948 ], [ 110.145016, 25.197861 ], [ 110.145062, 25.197853 ], [ 110.145095, 25.197854 ], [ 110.145208, 25.197917 ], [ 110.145237, 25.197956 ], [ 110.145271, 25.197917 ], [ 110.145467, 25.197692 ], [ 110.145038, 25.197412 ], [ 110.145032, 25.197413 ], [ 110.145001, 25.197421 ], [ 110.144794, 25.197475 ], [ 110.144735, 25.197437 ], [ 110.144622, 25.197471 ] ] ] } },
{ "type": "Feature", "properties": { "BSM": "450312211000557542", "DLBM": "0601", "DLMC": "工业用地", "图斑面积": 124506.66, "坐落单位": "秧塘旧机场", "企业名称": "桂林市佳源混凝土有限公司、柳明公", "行业代码": "C29", "行业名称": "橡胶和塑料制品业", "产值": 0.0, "行政区": null, "用地性": null }, "geometry": { "type": "Polygon", "coordinates": [ [ [ 110.168847, 25.207074 ], [ 110.168764, 25.207126 ], [ 110.168936, 25.207277 ], [ 110.169245, 25.207279 ], [ 110.16944, 25.207373 ], [ 110.169613, 25.207456 ], [ 110.169625, 25.207456 ], [ 110.169637, 25.207455 ], [ 110.16977, 25.207361 ], [ 110.169766, 25.207352 ], [ 110.169553, 25.207108 ], [ 110.169311, 25.206827 ], [ 110.169036, 25.206501 ], [ 110.168976, 25.206427 ], [ 110.168969, 25.206419 ], [ 110.168858, 25.206284 ], [ 110.168823, 25.206241 ], [ 110.16881, 25.206227 ], [ 110.168767, 25.206179 ], [ 110.16855, 25.205939 ], [ 110.168428, 25.205806 ], [ 110.168267, 25.20564 ], [ 110.168193, 25.205523 ], [ 110.168147, 25.20547 ], [ 110.167892, 25.20511 ], [ 110.167876, 25.205088 ], [ 110.167816, 25.205003 ], [ 110.167739, 25.204894 ], [ 110.167703, 25.204828 ], [ 110.167591, 25.204621 ], [ 110.167553, 25.20455 ], [ 110.167445, 25.20436 ], [ 110.167415, 25.204299 ], [ 110.16738, 25.204228 ], [ 110.167345, 25.204158 ], [ 110.167223, 25.20414 ], [ 110.167075, 25.20386 ], [ 110.166916, 25.203567 ], [ 110.16679, 25.203639 ], [ 110.166728, 25.203675 ], [ 110.166703, 25.203759 ], [ 110.166699, 25.203769 ], [ 110.16665, 25.203891 ], [ 110.166586, 25.20399 ], [ 110.166531, 25.204028 ], [ 110.166348, 25.204156 ], [ 110.166329, 25.204195 ], [ 110.166263, 25.204224 ], [ 110.166162, 25.204293 ], [ 110.165854, 25.204456 ], [ 110.165341, 25.204824 ], [ 110.164828, 25.205191 ], [ 110.164546, 25.205412 ], [ 110.164265, 25.205632 ], [ 110.164198, 25.205636 ], [ 110.164036, 25.205662 ], [ 110.164014, 25.205665 ], [ 110.164023, 25.205685 ], [ 110.164046, 25.205762 ], [ 110.164086, 25.205876 ], [ 110.164092, 25.205891 ], [ 110.164099, 25.205903 ], [ 110.164111, 25.206009 ], [ 110.164115, 25.206153 ], [ 110.164122, 25.206268 ], [ 110.164128, 25.206399 ], [ 110.164145, 25.206557 ], [ 110.164164, 25.206728 ], [ 110.164168, 25.206811 ], [ 110.164173, 25.206831 ], [ 110.164187, 25.206837 ], [ 110.164222, 25.206844 ], [ 110.164299, 25.20684 ], [ 110.164342, 25.206831 ], [ 110.164362, 25.206821 ], [ 110.164373, 25.206808 ], [ 110.164371, 25.206764 ], [ 110.164378, 25.206757 ], [ 110.164523, 25.206831 ], [ 110.164532, 25.206838 ], [ 110.164538, 25.206841 ], [ 110.164531, 25.206846 ], [ 110.16439, 25.206963 ], [ 110.164373, 25.20698 ], [ 110.164373, 25.206999 ], [ 110.164384, 25.207057 ], [ 110.164393, 25.207169 ], [ 110.164445, 25.207213 ], [ 110.164514, 25.207227 ], [ 110.164674, 25.207261 ], [ 110.164741, 25.207278 ], [ 110.164801, 25.20727 ], [ 110.164902, 25.207245 ], [ 110.16511, 25.207253 ], [ 110.165294, 25.207271 ], [ 110.165574, 25.2073 ], [ 110.165794, 25.207392 ], [ 110.165866, 25.207431 ], [ 110.165875, 25.207448 ], [ 110.165883, 25.207473 ], [ 110.16589, 25.207488 ], [ 110.165908, 25.207497 ], [ 110.166084, 25.207551 ], [ 110.166117, 25.207566 ], [ 110.166125, 25.207574 ], [ 110.166129, 25.207595 ], [ 110.166134, 25.207606 ], [ 110.166148, 25.20761 ], [ 110.166183, 25.207609 ], [ 110.166213, 25.207609 ], [ 110.166244, 25.207606 ], [ 110.166328, 25.207587 ], [ 110.166382, 25.207574 ], [ 110.166398, 25.207561 ], [ 110.1664, 25.207548 ], [ 110.16636, 25.207458 ], [ 110.166348, 25.207423 ], [ 110.166369, 25.207418 ], [ 110.166401, 25.207408 ], [ 110.166539, 25.207347 ], [ 110.166577, 25.207326 ], [ 110.166673, 25.207223 ], [ 110.166755, 25.207125 ], [ 110.166767, 25.207117 ], [ 110.166818, 25.207084 ], [ 110.166868, 25.207063 ], [ 110.16709, 25.206962 ], [ 110.167116, 25.206951 ], [ 110.167251, 25.206841 ], [ 110.167354, 25.20677 ], [ 110.167435, 25.206717 ], [ 110.167469, 25.206697 ], [ 110.167495, 25.206694 ], [ 110.167557, 25.206704 ], [ 110.167589, 25.20671 ], [ 110.167678, 25.206761 ], [ 110.167742, 25.206772 ], [ 110.167888, 25.206752 ], [ 110.168224, 25.206715 ], [ 110.168224, 25.206747 ], [ 110.168467, 25.206769 ], [ 110.168472, 25.206873 ], [ 110.168526, 25.206884 ], [ 110.168565, 25.20691 ], [ 110.16864, 25.206959 ], [ 110.168676, 25.206983 ], [ 110.168847, 25.207074 ] ] ] } },
{ "type": "Feature", "properties": { "BSM": "450312211000557553", "DLBM": "0601", "DLMC": "工业用地", "图斑面积": 1211.04, "坐落单位": "小江村委会", "企业名称": null, "行业代码": null, "行业名称": null, "产值": 0.0, "行政区": null, "用地性": null }, "geometry": { "type": "Polygon", "coordinates": [ [ [ 110.260732, 24.968122 ], [ 110.260958, 24.968089 ], [ 110.26123, 24.968043 ], [ 110.261283, 24.968049 ], [ 110.261305, 24.968099 ], [ 110.261359, 24.968092 ], [ 110.261401, 24.968086 ], [ 110.261449, 24.968078 ], [ 110.261429, 24.968052 ], [ 110.261343, 24.967986 ], [ 110.26132, 24.967967 ], [ 110.261249, 24.967907 ], [ 110.261245, 24.967904 ], [ 110.261245, 24.967904 ], [ 110.261244, 24.967908 ], [ 110.261226, 24.967962 ], [ 110.260991, 24.967923 ], [ 110.260915, 24.96791 ], [ 110.260903, 24.967966 ], [ 110.260891, 24.968022 ], [ 110.260692, 24.967984 ], [ 110.2606, 24.967967 ], [ 110.260568, 24.967962 ], [ 110.260561, 24.968074 ], [ 110.260575, 24.968146 ], [ 110.260732, 24.968122 ] ] ] } },
{ "type": "Feature", "properties": { "BSM": "450312211000557554", "DLBM": "0601", "DLMC": "工业用地", "图斑面积": 1108.99, "坐落单位": "诚正村委会", "企业名称": null, "行业代码": null, "行业名称": null, "产值": 0.0, "行政区": null, "用地性": null }, "geometry": { "type": "Polygon", "coordinates": [ [ [ 110.324615, 24.99485 ], [ 110.324619, 24.994862 ], [ 110.324638, 24.994869 ], [ 110.324711, 24.994884 ], [ 110.324717, 24.994885 ], [ 110.324746, 24.994891 ], [ 110.324835, 24.994904 ], [ 110.324846, 24.994908 ], [ 110.32485, 24.994915 ], [ 110.32483, 24.994961 ], [ 110.324829, 24.99497 ], [ 110.324838, 24.994979 ], [ 110.324865, 24.994987 ], [ 110.324877, 24.994965 ], [ 110.324883, 24.994954 ], [ 110.324916, 24.994878 ], [ 110.324918, 24.994874 ], [ 110.324891, 24.994861 ], [ 110.324882, 24.994859 ], [ 110.324877, 24.994861 ], [ 110.324873, 24.994866 ], [ 110.324869, 24.994871 ], [ 110.324864, 24.994871 ], [ 110.324857, 24.994866 ], [ 110.324855, 24.994858 ], [ 110.324861, 24.994826 ], [ 110.324869, 24.994779 ], [ 110.324863, 24.994773 ], [ 110.32484, 24.994769 ], [ 110.324764, 24.994747 ], [ 110.324764, 24.994745 ], [ 110.324769, 24.994718 ], [ 110.324776, 24.994673 ], [ 110.324723, 24.994645 ], [ 110.324696, 24.99464 ], [ 110.324676, 24.99465 ], [ 110.324665, 24.994669 ], [ 110.324645, 24.994729 ], [ 110.324487, 24.994552 ], [ 110.324339, 24.994634 ], [ 110.324423, 24.99474 ], [ 110.324487, 24.994826 ], [ 110.32451, 24.99482 ], [ 110.324533, 24.994832 ], [ 110.324569, 24.994854 ], [ 110.324593, 24.994876 ], [ 110.324615, 24.99485 ] ] ] } },
{ "type": "Feature", "properties": { "BSM": "450312211000557555", "DLBM": "0601", "DLMC": "工业用地", "图斑面积": 9496.32, "坐落单位": "诚桂村委会", "企业名称": null, "行业代码": null, "行业名称": null, "产值": 0.0, "行政区": null, "用地性": null }, "geometry": { "type": "Polygon", "coordinates": [ [ [ 110.288742, 25.011675 ], [ 110.288734, 25.011625 ], [ 110.28872, 25.011542 ], [ 110.288303, 25.011394 ], [ 110.287866, 25.011266 ], [ 110.287639, 25.011266 ], [ 110.287612, 25.011266 ], [ 110.287596, 25.011266 ], [ 110.287558, 25.011272 ], [ 110.287215, 25.011331 ], [ 110.287142, 25.011332 ], [ 110.287103, 25.011332 ], [ 110.28708, 25.011333 ], [ 110.286746, 25.011325 ], [ 110.286736, 25.011325 ], [ 110.286646, 25.011323 ], [ 110.286632, 25.011386 ], [ 110.286606, 25.011597 ], [ 110.286605, 25.01164 ], [ 110.286639, 25.011649 ], [ 110.286689, 25.011657 ], [ 110.286865, 25.011646 ], [ 110.28704, 25.011658 ], [ 110.287242, 25.011659 ], [ 110.287646, 25.011623 ], [ 110.287845, 25.011641 ], [ 110.288012, 25.011708 ], [ 110.28818, 25.011783 ], [ 110.288494, 25.011895 ], [ 110.288675, 25.011975 ], [ 110.288729, 25.011998 ], [ 110.28881, 25.012016 ], [ 110.288836, 25.012006 ], [ 110.288858, 25.011937 ], [ 110.288882, 25.011863 ], [ 110.288927, 25.011813 ], [ 110.288961, 25.011766 ], [ 110.288964, 25.011718 ], [ 110.288906, 25.011684 ], [ 110.288898, 25.011652 ], [ 110.288841, 25.011662 ], [ 110.288742, 25.011675 ] ] ] } },
{ "type": "Feature", "properties": { "BSM": "450312211000557557", "DLBM": "0601", "DLMC": "工业用地", "图斑面积": 2141.37, "坐落单位": "新立村委会", "企业名称": null, "行业代码": null, "行业名称": null, "产值": 0.0, "行政区": null, "用地性": null }, "geometry": { "type": "Polygon", "coordinates": [ [ [ 110.267024, 25.150861 ], [ 110.267098, 25.1509 ], [ 110.26728, 25.150962 ], [ 110.267419, 25.151025 ], [ 110.267433, 25.151024 ], [ 110.26746, 25.151039 ], [ 110.267512, 25.150969 ], [ 110.267643, 25.151072 ], [ 110.267722, 25.151133 ], [ 110.26769, 25.15119 ], [ 110.267656, 25.151169 ], [ 110.267636, 25.151198 ], [ 110.267585, 25.151272 ], [ 110.267533, 25.151247 ], [ 110.267478, 25.151344 ], [ 110.267581, 25.151393 ], [ 110.267676, 25.151438 ], [ 110.267677, 25.151438 ], [ 110.267769, 25.151482 ], [ 110.267858, 25.151523 ], [ 110.267899, 25.151448 ], [ 110.267954, 25.151341 ], [ 110.268041, 25.151401 ], [ 110.268106, 25.151278 ], [ 110.267912, 25.151181 ], [ 110.267841, 25.151262 ], [ 110.267819, 25.151297 ], [ 110.267788, 25.151383 ], [ 110.267727, 25.151348 ], [ 110.267749, 25.151308 ], [ 110.267765, 25.151279 ], [ 110.267774, 25.151264 ], [ 110.267784, 25.151246 ], [ 110.267799, 25.15125 ], [ 110.2678, 25.151251 ], [ 110.267825, 25.151195 ], [ 110.267826, 25.151121 ], [ 110.267729, 25.15107 ], [ 110.267504, 25.15096 ], [ 110.267488, 25.15094 ], [ 110.267226, 25.150827 ], [ 110.267074, 25.150762 ], [ 110.266983, 25.150723 ], [ 110.266924, 25.150807 ], [ 110.267024, 25.150861 ] ] ] } },
{ "type": "Feature", "properties": { "BSM": "450312211000557559", "DLBM": "0601", "DLMC": "工业用地", "图斑面积": 5443.33, "坐落单位": "宝山村委会", "企业名称": null, "行业代码": null, "行业名称": null, "产值": 0.0, "行政区": null, "用地性": null }, "geometry": { "type": "Polygon", "coordinates": [ [ [ 110.018017, 25.151702 ], [ 110.018255, 25.151964 ], [ 110.018492, 25.152226 ], [ 110.018552, 25.152011 ], [ 110.018618, 25.15186 ], [ 110.018767, 25.15167 ], [ 110.018803, 25.151624 ], [ 110.018813, 25.151611 ], [ 110.01861, 25.151429 ], [ 110.018591, 25.151413 ], [ 110.018466, 25.1513 ], [ 110.01819, 25.151059 ], [ 110.018148, 25.151036 ], [ 110.018123, 25.151017 ], [ 110.018106, 25.151043 ], [ 110.017964, 25.151181 ], [ 110.017923, 25.151203 ], [ 110.017961, 25.15123 ], [ 110.018187, 25.151427 ], [ 110.018264, 25.151483 ], [ 110.018186, 25.151553 ], [ 110.018107, 25.151494 ], [ 110.01795, 25.151633 ], [ 110.018017, 25.151702 ] ] ] } },
{ "type": "Feature", "properties": { "BSM": "450312211000557562", "DLBM": "0601", "DLMC": "工业用地", "图斑面积": 3968.0, "坐落单位": "城联村委会", "企业名称": null, "行业代码": null, "行业名称": null, "产值": 0.0, "行政区": null, "用地性": null }, "geometry": { "type": "Polygon", "coordinates": [ [ [ 110.018019, 25.195134 ], [ 110.017983, 25.195005 ], [ 110.017967, 25.194904 ], [ 110.017866, 25.19492 ], [ 110.017667, 25.194951 ], [ 110.017591, 25.194963 ], [ 110.017298, 25.194916 ], [ 110.01727, 25.194913 ], [ 110.017235, 25.194912 ], [ 110.017202, 25.195016 ], [ 110.017497, 25.195085 ], [ 110.017533, 25.195116 ], [ 110.017538, 25.195182 ], [ 110.017525, 25.195228 ], [ 110.0175, 25.195275 ], [ 110.017482, 25.195314 ], [ 110.017455, 25.195318 ], [ 110.017429, 25.195312 ], [ 110.017429, 25.195341 ], [ 110.017508, 25.195414 ], [ 110.017507, 25.195486 ], [ 110.017586, 25.195522 ], [ 110.017765, 25.195488 ], [ 110.017806, 25.195416 ], [ 110.017945, 25.195362 ], [ 110.017945, 25.195308 ], [ 110.017939, 25.195277 ], [ 110.018013, 25.195427 ], [ 110.018083, 25.195379 ], [ 110.018332, 25.195216 ], [ 110.018352, 25.195196 ], [ 110.01835, 25.195177 ], [ 110.018317, 25.195118 ], [ 110.018204, 25.195176 ], [ 110.018136, 25.195088 ], [ 110.018131, 25.195082 ], [ 110.018032, 25.195125 ], [ 110.018019, 25.195134 ] ] ] } },
{ "type": "Feature", "properties": { "BSM": "450312211000557563", "DLBM": "0601", "DLMC": "工业用地", "图斑面积": 617.39, "坐落单位": "城联村委会", "企业名称": null, "行业代码": null, "行业名称": null, "产值": 0.0, "行政区": null, "用地性": null }, "geometry": { "type": "Polygon", "coordinates": [ [ [ 110.016487, 25.183576 ], [ 110.016498, 25.183602 ], [ 110.016535, 25.183688 ], [ 110.016655, 25.183654 ], [ 110.01664, 25.183575 ], [ 110.016557, 25.183505 ], [ 110.01659, 25.183451 ], [ 110.016618, 25.18341 ], [ 110.0166, 25.183402 ], [ 110.016551, 25.183382 ], [ 110.016503, 25.183308 ], [ 110.016502, 25.183306 ], [ 110.016429, 25.183281 ], [ 110.016409, 25.183275 ], [ 110.01636, 25.183286 ], [ 110.016487, 25.183576 ] ] ] } },
{ "type": "Feature", "properties": { "BSM": "450312211000557565", "DLBM": "0601", "DLMC": "工业用地", "图斑面积": 46803.0, "坐落单位": "城联村委会", "企业名称": null, "行业代码": null, "行业名称": null, "产值": 0.0, "行政区": null, "用地性": null }, "geometry": { "type": "Polygon", "coordinates": [ [ [ 110.020181, 25.194985 ], [ 110.020175, 25.194965 ], [ 110.020354, 25.194936 ], [ 110.020523, 25.194845 ], [ 110.020619, 25.194793 ], [ 110.02066, 25.194771 ], [ 110.02074, 25.194643 ], [ 110.020773, 25.194548 ], [ 110.020717, 25.194531 ], [ 110.020606, 25.194585 ], [ 110.020564, 25.19458 ], [ 110.02052, 25.194574 ], [ 110.020477, 25.194461 ], [ 110.020214, 25.194503 ], [ 110.020055, 25.194533 ], [ 110.020033, 25.19454 ], [ 110.020032, 25.194541 ], [ 110.019959, 25.194564 ], [ 110.019915, 25.194578 ], [ 110.019841, 25.194601 ], [ 110.019599, 25.194694 ], [ 110.019335, 25.194788 ], [ 110.019305, 25.194799 ], [ 110.019233, 25.194824 ], [ 110.018932, 25.194937 ], [ 110.018729, 25.195013 ], [ 110.01857, 25.195085 ], [ 110.018522, 25.195116 ], [ 110.018514, 25.195122 ], [ 110.018458, 25.195158 ], [ 110.018251, 25.195309 ], [ 110.017995, 25.19549 ], [ 110.017725, 25.195677 ], [ 110.017444, 25.19587 ], [ 110.017419, 25.195888 ], [ 110.017276, 25.195979 ], [ 110.017209, 25.196016 ], [ 110.01706, 25.196092 ], [ 110.016864, 25.196177 ], [ 110.016751, 25.196234 ], [ 110.016708, 25.196256 ], [ 110.016622, 25.196307 ], [ 110.016601, 25.19632 ], [ 110.016478, 25.196429 ], [ 110.01641, 25.196488 ], [ 110.016274, 25.196611 ], [ 110.016224, 25.196657 ], [ 110.016148, 25.196738 ], [ 110.016125, 25.196768 ], [ 110.016209, 25.19676 ], [ 110.016287, 25.196778 ], [ 110.016412, 25.196828 ], [ 110.016479, 25.196851 ], [ 110.016537, 25.196894 ], [ 110.016595, 25.196931 ], [ 110.016661, 25.196952 ], [ 110.016767, 25.196969 ], [ 110.016949, 25.197005 ], [ 110.016991, 25.197013 ], [ 110.017036, 25.197029 ], [ 110.017069, 25.196978 ], [ 110.017088, 25.19695 ], [ 110.017222, 25.197003 ], [ 110.017264, 25.19702 ], [ 110.01753, 25.197147 ], [ 110.017578, 25.19717 ], [ 110.01753, 25.197278 ], [ 110.017643, 25.197326 ], [ 110.017688, 25.197346 ], [ 110.017685, 25.197392 ], [ 110.017641, 25.197444 ], [ 110.017711, 25.197456 ], [ 110.017949, 25.197254 ], [ 110.018148, 25.197066 ], [ 110.018232, 25.196954 ], [ 110.018282, 25.196794 ], [ 110.018031, 25.196711 ], [ 110.018159, 25.196402 ], [ 110.018288, 25.196092 ], [ 110.018479, 25.196187 ], [ 110.01862, 25.195995 ], [ 110.018883, 25.196123 ], [ 110.019145, 25.196251 ], [ 110.019236, 25.196187 ], [ 110.019336, 25.196048 ], [ 110.019009, 25.195818 ], [ 110.019183, 25.195489 ], [ 110.019017, 25.195423 ], [ 110.019058, 25.195361 ], [ 110.019717, 25.195645 ], [ 110.01979, 25.19557 ], [ 110.019866, 25.195701 ], [ 110.019999, 25.195535 ], [ 110.020262, 25.195261 ], [ 110.020223, 25.195242 ], [ 110.020078, 25.195171 ], [ 110.02003, 25.195101 ], [ 110.020197, 25.195044 ], [ 110.020181, 25.194985 ] ] ] } },
{ "type": "Feature", "properties": { "BSM": "450312211000557566", "DLBM": "0601", "DLMC": "工业用地", "图斑面积": 23887.34, "坐落单位": "城联村委会", "企业名称": null, "行业代码": null, "行业名称": null, "产值": 0.0, "行政区": null, "用地性": null }, "geometry": { "type": "Polygon", "coordinates": [ [ [ 110.014439, 25.181316 ], [ 110.014407, 25.181272 ], [ 110.014486, 25.18124 ], [ 110.014391, 25.181145 ], [ 110.014481, 25.181088 ], [ 110.014447, 25.181027 ], [ 110.014347, 25.180728 ], [ 110.014342, 25.180717 ], [ 110.014331, 25.180691 ], [ 110.014188, 25.180358 ], [ 110.014169, 25.18026 ], [ 110.014191, 25.180222 ], [ 110.014281, 25.180195 ], [ 110.014421, 25.18013 ], [ 110.01466, 25.179995 ], [ 110.01476, 25.179949 ], [ 110.014715, 25.179909 ], [ 110.01468, 25.17988 ], [ 110.014543, 25.17976 ], [ 110.014422, 25.17965 ], [ 110.014318, 25.179512 ], [ 110.014305, 25.179516 ], [ 110.014238, 25.179514 ], [ 110.014191, 25.179512 ], [ 110.014113, 25.179509 ], [ 110.013922, 25.179461 ], [ 110.013806, 25.179507 ], [ 110.013806, 25.179507 ], [ 110.01377, 25.179565 ], [ 110.013741, 25.179611 ], [ 110.013687, 25.179764 ], [ 110.013655, 25.179825 ], [ 110.013576, 25.180129 ], [ 110.01355, 25.180241 ], [ 110.013546, 25.180259 ], [ 110.013517, 25.18036 ], [ 110.013477, 25.180504 ], [ 110.013538, 25.180777 ], [ 110.01377, 25.181032 ], [ 110.013795, 25.181059 ], [ 110.013996, 25.181316 ], [ 110.014037, 25.181352 ], [ 110.014161, 25.181282 ], [ 110.014265, 25.181409 ], [ 110.014332, 25.181372 ], [ 110.014484, 25.181553 ], [ 110.014494, 25.181562 ], [ 110.014545, 25.18155 ], [ 110.014601, 25.181661 ], [ 110.014624, 25.181665 ], [ 110.0147, 25.181691 ], [ 110.014789, 25.181714 ], [ 110.014862, 25.1817 ], [ 110.014898, 25.181661 ], [ 110.014935, 25.18162 ], [ 110.014925, 25.181612 ], [ 110.01485, 25.181167 ], [ 110.014834, 25.181166 ], [ 110.014805, 25.181169 ], [ 110.014781, 25.181175 ], [ 110.014753, 25.181182 ], [ 110.014723, 25.181087 ], [ 110.01479, 25.181061 ], [ 110.014748, 25.180967 ], [ 110.014831, 25.180932 ], [ 110.014988, 25.180875 ], [ 110.015064, 25.180862 ], [ 110.015119, 25.180857 ], [ 110.015172, 25.180855 ], [ 110.015201, 25.180847 ], [ 110.015295, 25.180795 ], [ 110.015229, 25.180668 ], [ 110.015202, 25.180616 ], [ 110.015186, 25.180634 ], [ 110.015162, 25.180673 ], [ 110.015129, 25.180701 ], [ 110.015112, 25.18072 ], [ 110.015085, 25.180737 ], [ 110.015076, 25.180739 ], [ 110.015063, 25.18073 ], [ 110.015056, 25.180717 ], [ 110.015044, 25.180705 ], [ 110.015035, 25.180701 ], [ 110.015023, 25.180702 ], [ 110.015013, 25.180707 ], [ 110.015005, 25.180716 ], [ 110.014995, 25.180716 ], [ 110.014995, 25.180689 ], [ 110.015063, 25.180655 ], [ 110.01498, 25.18056 ], [ 110.015146, 25.180441 ], [ 110.015124, 25.180364 ], [ 110.015119, 25.180346 ], [ 110.014981, 25.180407 ], [ 110.014964, 25.180414 ], [ 110.01488, 25.180457 ], [ 110.014855, 25.180473 ], [ 110.014853, 25.18047 ], [ 110.014837, 25.180444 ], [ 110.014805, 25.180391 ], [ 110.01474, 25.180294 ], [ 110.014679, 25.180315 ], [ 110.014602, 25.180341 ], [ 110.014551, 25.180225 ], [ 110.014744, 25.180133 ], [ 110.0147, 25.180079 ], [ 110.014677, 25.180037 ], [ 110.014263, 25.180274 ], [ 110.014246, 25.180315 ], [ 110.014251, 25.180358 ], [ 110.014309, 25.180512 ], [ 110.014395, 25.180707 ], [ 110.014432, 25.180846 ], [ 110.01447, 25.180956 ], [ 110.014505, 25.181023 ], [ 110.014525, 25.181061 ], [ 110.01453, 25.181071 ], [ 110.014625, 25.181219 ], [ 110.01457, 25.181247 ], [ 110.014439, 25.181316 ] ] ] } },
{ "type": "Feature", "properties": { "BSM": "450312211000557567", "DLBM": "0601", "DLMC": "工业用地", "图斑面积": 4550.86, "坐落单位": "高寨村委会", "企业名称": null, "行业代码": null, "行业名称": null, "产值": 0.0, "行政区": null, "用地性": null }, "geometry": { "type": "Polygon", "coordinates": [ [ [ 110.002363, 25.20524 ], [ 110.002373, 25.205215 ], [ 110.002409, 25.20514 ], [ 110.002444, 25.205069 ], [ 110.002494, 25.204977 ], [ 110.002531, 25.204932 ], [ 110.002633, 25.204818 ], [ 110.002536, 25.204701 ], [ 110.002675, 25.204561 ], [ 110.002439, 25.204177 ], [ 110.002364, 25.204213 ], [ 110.002317, 25.204236 ], [ 110.002276, 25.204254 ], [ 110.001988, 25.20438 ], [ 110.001943, 25.204403 ], [ 110.00193, 25.204409 ], [ 110.001911, 25.204416 ], [ 110.002172, 25.204553 ], [ 110.002198, 25.204561 ], [ 110.002279, 25.204528 ], [ 110.002275, 25.204571 ], [ 110.002426, 25.204804 ], [ 110.002328, 25.204873 ], [ 110.002262, 25.20492 ], [ 110.002228, 25.204963 ], [ 110.002134, 25.204956 ], [ 110.002086, 25.205056 ], [ 110.002111, 25.205151 ], [ 110.002165, 25.20517 ], [ 110.002142, 25.205224 ], [ 110.00213, 25.205304 ], [ 110.0021, 25.205327 ], [ 110.002059, 25.205342 ], [ 110.002054, 25.205355 ], [ 110.002056, 25.205381 ], [ 110.00207, 25.205405 ], [ 110.002098, 25.205441 ], [ 110.002134, 25.205472 ], [ 110.002223, 25.205534 ], [ 110.002257, 25.205552 ], [ 110.002272, 25.205478 ], [ 110.002296, 25.205415 ], [ 110.002363, 25.20524 ] ] ] } },
{ "type": "Feature", "properties": { "BSM": "450312211000557568", "DLBM": "0601", "DLMC": "工业用地", "图斑面积": 6378.0, "坐落单位": "车梁村委会", "企业名称": null, "行业代码": null, "行业名称": null, "产值": 0.0, "行政区": null, "用地性": null }, "geometry": { "type": "Polygon", "coordinates": [ [ [ 110.018594, 25.219309 ], [ 110.018517, 25.219357 ], [ 110.01868, 25.219832 ], [ 110.018763, 25.219802 ], [ 110.018731, 25.219736 ], [ 110.018772, 25.21968 ], [ 110.018783, 25.21959 ], [ 110.01879, 25.219442 ], [ 110.018809, 25.219358 ], [ 110.018856, 25.219304 ], [ 110.018938, 25.219266 ], [ 110.01911, 25.219246 ], [ 110.01916, 25.219325 ], [ 110.019205, 25.21933 ], [ 110.019222, 25.219358 ], [ 110.019324, 25.219446 ], [ 110.019441, 25.219536 ], [ 110.019491, 25.219505 ], [ 110.019502, 25.219499 ], [ 110.019598, 25.219434 ], [ 110.019691, 25.219372 ], [ 110.019829, 25.219274 ], [ 110.019923, 25.219207 ], [ 110.019977, 25.219173 ], [ 110.020135, 25.219074 ], [ 110.020184, 25.219046 ], [ 110.020165, 25.219018 ], [ 110.020142, 25.218998 ], [ 110.020117, 25.218992 ], [ 110.019973, 25.218976 ], [ 110.019848, 25.218965 ], [ 110.01974, 25.218955 ], [ 110.01974, 25.218955 ], [ 110.019733, 25.218955 ], [ 110.019639, 25.218946 ], [ 110.019581, 25.218934 ], [ 110.019558, 25.218927 ], [ 110.019485, 25.218894 ], [ 110.019476, 25.218889 ], [ 110.019412, 25.218915 ], [ 110.019196, 25.219026 ], [ 110.01912, 25.218987 ], [ 110.018978, 25.219037 ], [ 110.018962, 25.219043 ], [ 110.01891, 25.219066 ], [ 110.018789, 25.219125 ], [ 110.018705, 25.21921 ], [ 110.018594, 25.219309 ] ] ] } },
{ "type": "Feature", "properties": { "BSM": "450312211000557570", "DLBM": "0601", "DLMC": "工业用地", "图斑面积": 6947.89, "坐落单位": "车梁村委会", "企业名称": null, "行业代码": null, "行业名称": null, "产值": 0.0, "行政区": null, "用地性": null }, "geometry": { "type": "Polygon", "coordinates": [ [ [ 110.02536, 25.224675 ], [ 110.026206, 25.225417 ], [ 110.026309, 25.225363 ], [ 110.026243, 25.225266 ], [ 110.026082, 25.224961 ], [ 110.025944, 25.224716 ], [ 110.025861, 25.224563 ], [ 110.025834, 25.224513 ], [ 110.025788, 25.22442 ], [ 110.025715, 25.224275 ], [ 110.025565, 25.224029 ], [ 110.025517, 25.223958 ], [ 110.025509, 25.223945 ], [ 110.025195, 25.224141 ], [ 110.025086, 25.224194 ], [ 110.025001, 25.22421 ], [ 110.025185, 25.224464 ], [ 110.025339, 25.224654 ], [ 110.02536, 25.224675 ] ] ] } },
{ "type": "Feature", "properties": { "BSM": "450312211000557571", "DLBM": "0601", "DLMC": "工业用地", "图斑面积": 899.62, "坐落单位": "仁和村委会", "企业名称": null, "行业代码": null, "行业名称": null, "产值": 0.0, "行政区": null, "用地性": null }, "geometry": { "type": "Polygon", "coordinates": [ [ [ 110.060381, 25.403859 ], [ 110.060352, 25.403864 ], [ 110.060346, 25.403872 ], [ 110.06036, 25.403945 ], [ 110.060355, 25.403949 ], [ 110.060333, 25.403954 ], [ 110.060331, 25.403964 ], [ 110.06034, 25.404041 ], [ 110.060348, 25.404046 ], [ 110.060504, 25.404028 ], [ 110.060529, 25.403974 ], [ 110.060542, 25.403945 ], [ 110.060642, 25.403948 ], [ 110.060655, 25.403898 ], [ 110.060666, 25.403847 ], [ 110.06069, 25.403805 ], [ 110.060706, 25.403755 ], [ 110.060699, 25.4037 ], [ 110.060676, 25.403635 ], [ 110.060632, 25.403573 ], [ 110.060596, 25.403552 ], [ 110.06059, 25.403548 ], [ 110.060527, 25.403555 ], [ 110.060544, 25.403608 ], [ 110.060574, 25.403697 ], [ 110.060579, 25.403846 ], [ 110.060525, 25.403835 ], [ 110.060381, 25.403859 ] ] ] } },
{ "type": "Feature", "properties": { "BSM": "450312211000557573", "DLBM": "0601", "DLMC": "工业用地", "图斑面积": 6929.26, "坐落单位": "江西村委会", "企业名称": null, "行业代码": null, "行业名称": null, "产值": 0.0, "行政区": null, "用地性": null }, "geometry": { "type": "Polygon", "coordinates": [ [ [ 110.112918, 25.217237 ], [ 110.113037, 25.217222 ], [ 110.113041, 25.217228 ], [ 110.113043, 25.217231 ], [ 110.113049, 25.217221 ], [ 110.113063, 25.217197 ], [ 110.112989, 25.217077 ], [ 110.112932, 25.216843 ], [ 110.11295, 25.216489 ], [ 110.113018, 25.216249 ], [ 110.112942, 25.216231 ], [ 110.112989, 25.216024 ], [ 110.113008, 25.215942 ], [ 110.112823, 25.215833 ], [ 110.112743, 25.215855 ], [ 110.112549, 25.216017 ], [ 110.112547, 25.216019 ], [ 110.112491, 25.216408 ], [ 110.112492, 25.216486 ], [ 110.112494, 25.216677 ], [ 110.112502, 25.216759 ], [ 110.112503, 25.21677 ], [ 110.112503, 25.216773 ], [ 110.112518, 25.216916 ], [ 110.112518, 25.216916 ], [ 110.112518, 25.216918 ], [ 110.112518, 25.216931 ], [ 110.112519, 25.216946 ], [ 110.112523, 25.21712 ], [ 110.112521, 25.217249 ], [ 110.11252, 25.217278 ], [ 110.112526, 25.217277 ], [ 110.1128, 25.217251 ], [ 110.112817, 25.21725 ], [ 110.112916, 25.21724 ], [ 110.112918, 25.217237 ] ] ] } },
{ "type": "Feature", "properties": { "BSM": "450312211000557574", "DLBM": "0601", "DLMC": "工业用地", "图斑面积": 20144.68, "坐落单位": "宛田村委会", "企业名称": null, "行业代码": null, "行业名称": null, "产值": 0.0, "行政区": null, "用地性": null }, "geometry": { "type": "Polygon", "coordinates": [ [ [ 110.069189, 25.556124 ], [ 110.069217, 25.556032 ], [ 110.069223, 25.556012 ], [ 110.069315, 25.555735 ], [ 110.069347, 25.555647 ], [ 110.069319, 25.555632 ], [ 110.068976, 25.55545 ], [ 110.068672, 25.555353 ], [ 110.068362, 25.55527 ], [ 110.068052, 25.555186 ], [ 110.067857, 25.55514 ], [ 110.06762, 25.555127 ], [ 110.067646, 25.55539 ], [ 110.067671, 25.555654 ], [ 110.067752, 25.556089 ], [ 110.067815, 25.55632 ], [ 110.067922, 25.556426 ], [ 110.067972, 25.556476 ], [ 110.06812, 25.556516 ], [ 110.068185, 25.556528 ], [ 110.068221, 25.556516 ], [ 110.06834, 25.556476 ], [ 110.06857, 25.556365 ], [ 110.06868, 25.55644 ], [ 110.068677, 25.556492 ], [ 110.068621, 25.556635 ], [ 110.068661, 25.556656 ], [ 110.068659, 25.556678 ], [ 110.068567, 25.556687 ], [ 110.068705, 25.556889 ], [ 110.068738, 25.556945 ], [ 110.06892, 25.556859 ], [ 110.068959, 25.556908 ], [ 110.068991, 25.556904 ], [ 110.069, 25.556855 ], [ 110.069018, 25.556762 ], [ 110.069047, 25.556647 ], [ 110.06882, 25.556538 ], [ 110.068777, 25.556423 ], [ 110.068778, 25.556381 ], [ 110.068779, 25.556337 ], [ 110.06878, 25.556298 ], [ 110.069143, 25.556277 ], [ 110.069189, 25.556124 ] ] ] } },
{ "type": "Feature", "properties": { "BSM": "450312211000559316", "DLBM": "0601", "DLMC": "工业用地", "图斑面积": 1848.41, "坐落单位": "诚正村委会", "企业名称": null, "行业代码": null, "行业名称": null, "产值": 0.0, "行政区": null, "用地性": null }, "geometry": { "type": "Polygon", "coordinates": [ [ [ 110.326303, 25.000151 ], [ 110.326154, 25.000334 ], [ 110.326155, 25.000335 ], [ 110.326162, 25.000337 ], [ 110.32634, 25.000392 ], [ 110.326498, 25.00044 ], [ 110.326585, 25.000458 ], [ 110.326621, 25.000469 ], [ 110.3267, 25.000492 ], [ 110.326739, 25.000504 ], [ 110.326844, 25.000219 ], [ 110.326731, 25.000191 ], [ 110.326484, 25.000127 ], [ 110.326408, 25.000108 ], [ 110.326355, 25.000088 ], [ 110.326303, 25.000151 ] ] ] } },
{ "type": "Feature", "properties": { "BSM": "450312211000559409", "DLBM": "0601", "DLMC": "工业用地", "图斑面积": 603.85, "坐落单位": "泗江村委会", "企业名称": null, "行业代码": null, "行业名称": null, "产值": 0.0, "行政区": null, "用地性": null }, "geometry": { "type": "Polygon", "coordinates": [ [ [ 110.070844, 25.393832 ], [ 110.070818, 25.393791 ], [ 110.07079, 25.393742 ], [ 110.070781, 25.393735 ], [ 110.07077, 25.393728 ], [ 110.070761, 25.393724 ], [ 110.070748, 25.393722 ], [ 110.070729, 25.393743 ], [ 110.070701, 25.393757 ], [ 110.070711, 25.393775 ], [ 110.070721, 25.393793 ], [ 110.070593, 25.393842 ], [ 110.070547, 25.393859 ], [ 110.070492, 25.39388 ], [ 110.070492, 25.39388 ], [ 110.070491, 25.39388 ], [ 110.070491, 25.39388 ], [ 110.070528, 25.393938 ], [ 110.07059, 25.394034 ], [ 110.070593, 25.394039 ], [ 110.070594, 25.394039 ], [ 110.070636, 25.394018 ], [ 110.07065, 25.394011 ], [ 110.070668, 25.393999 ], [ 110.070744, 25.393947 ], [ 110.070745, 25.393946 ], [ 110.070749, 25.393943 ], [ 110.070801, 25.393902 ], [ 110.070824, 25.393882 ], [ 110.070849, 25.393861 ], [ 110.070852, 25.393858 ], [ 110.070844, 25.393832 ] ] ] } },
{ "type": "Feature", "properties": { "BSM": "450312211000559549", "DLBM": "0601", "DLMC": "工业用地", "图斑面积": 614.2, "坐落单位": "羊田村委会", "企业名称": null, "行业代码": null, "行业名称": null, "产值": 0.0, "行政区": null, "用地性": null }, "geometry": { "type": "Polygon", "coordinates": [ [ [ 110.267061, 25.026476 ], [ 110.267005, 25.026444 ], [ 110.266853, 25.026618 ], [ 110.266901, 25.026646 ], [ 110.267025, 25.026721 ], [ 110.267059, 25.026741 ], [ 110.267214, 25.026564 ], [ 110.267091, 25.026493 ], [ 110.267061, 25.026476 ] ] ] } },
{ "type": "Feature", "properties": { "BSM": "450312211000563077", "DLBM": "0601", "DLMC": "工业用地", "图斑面积": 1183.36, "坐落单位": "培塘村委会", "企业名称": null, "行业代码": null, "行业名称": null, "产值": 0.0, "行政区": null, "用地性": null }, "geometry": { "type": "Polygon", "coordinates": [ [ [ 110.044676, 25.186611 ], [ 110.044676, 25.186489 ], [ 110.044659, 25.186439 ], [ 110.04462, 25.186437 ], [ 110.044508, 25.1864 ], [ 110.044433, 25.186377 ], [ 110.044338, 25.186388 ], [ 110.044318, 25.186539 ], [ 110.044239, 25.186545 ], [ 110.044186, 25.186543 ], [ 110.044169, 25.186557 ], [ 110.044321, 25.186637 ], [ 110.044373, 25.186661 ], [ 110.04442, 25.186682 ], [ 110.044435, 25.186689 ], [ 110.04449, 25.186701 ], [ 110.044523, 25.186689 ], [ 110.044623, 25.186693 ], [ 110.044675, 25.186703 ], [ 110.044676, 25.186611 ] ] ] } },
{ "type": "Feature", "properties": { "BSM": "450312211000563485", "DLBM": "0601", "DLMC": "工业用地", "图斑面积": 459.93, "坐落单位": "粟村村委会", "企业名称": null, "行业代码": null, "行业名称": null, "产值": 0.0, "行政区": null, "用地性": null }, "geometry": { "type": "Polygon", "coordinates": [ [ [ 110.04584, 25.269242 ], [ 110.045886, 25.269164 ], [ 110.045899, 25.269142 ], [ 110.045835, 25.269024 ], [ 110.045737, 25.268912 ], [ 110.045678, 25.268808 ], [ 110.045601, 25.268845 ], [ 110.04569, 25.268992 ], [ 110.04584, 25.269242 ] ] ] } },
{ "type": "Feature", "properties": { "BSM": "450312211000565481", "DLBM": "0601", "DLMC": "工业用地", "图斑面积": 1372.12, "坐落单位": "二塘村委会", "企业名称": null, "行业代码": null, "行业名称": null, "产值": 0.0, "行政区": null, "用地性": null }, "geometry": { "type": "Polygon", "coordinates": [ [ [ 110.231033, 25.207915 ], [ 110.231033, 25.207916 ], [ 110.231032, 25.207916 ], [ 110.231032, 25.207916 ], [ 110.231031, 25.207916 ], [ 110.230887, 25.207986 ], [ 110.230833, 25.208047 ], [ 110.230832, 25.208048 ], [ 110.230832, 25.208049 ], [ 110.230832, 25.208049 ], [ 110.230818, 25.208157 ], [ 110.230818, 25.208268 ], [ 110.230851, 25.208359 ], [ 110.230885, 25.208403 ], [ 110.230958, 25.208548 ], [ 110.23096, 25.208553 ], [ 110.231077, 25.208466 ], [ 110.231088, 25.208235 ], [ 110.231071, 25.208182 ], [ 110.230983, 25.208126 ], [ 110.230977, 25.208092 ], [ 110.231132, 25.208014 ], [ 110.231096, 25.20794 ], [ 110.231059, 25.20793 ], [ 110.231033, 25.207915 ] ] ] } },
{ "type": "Feature", "properties": { "BSM": "450312211000565482", "DLBM": "0601", "DLMC": "工业用地", "图斑面积": 2072.86, "坐落单位": "二塘村委会", "企业名称": null, "行业代码": null, "行业名称": null, "产值": 0.0, "行政区": null, "用地性": null }, "geometry": { "type": "Polygon", "coordinates": [ [ [ 110.23205, 25.2076 ], [ 110.231948, 25.207642 ], [ 110.231882, 25.207669 ], [ 110.231874, 25.207673 ], [ 110.231618, 25.207779 ], [ 110.231512, 25.207819 ], [ 110.231507, 25.20782 ], [ 110.231486, 25.207828 ], [ 110.231366, 25.207869 ], [ 110.23135, 25.207874 ], [ 110.231342, 25.207877 ], [ 110.231302, 25.207971 ], [ 110.231283, 25.208009 ], [ 110.231278, 25.208072 ], [ 110.231269, 25.208133 ], [ 110.231523, 25.20803 ], [ 110.231597, 25.208004 ], [ 110.231654, 25.208002 ], [ 110.231679, 25.208035 ], [ 110.231714, 25.208073 ], [ 110.231745, 25.208076 ], [ 110.231781, 25.208057 ], [ 110.231807, 25.20803 ], [ 110.231811, 25.207982 ], [ 110.231809, 25.207942 ], [ 110.23182, 25.207908 ], [ 110.231854, 25.207872 ], [ 110.231909, 25.207832 ], [ 110.231944, 25.207826 ], [ 110.231953, 25.207847 ], [ 110.231957, 25.207887 ], [ 110.23198, 25.207918 ], [ 110.232032, 25.207934 ], [ 110.232054, 25.207799 ], [ 110.23205, 25.2076 ] ] ] } },
{ "type": "Feature", "properties": { "BSM": "450312211000565491", "DLBM": "0601", "DLMC": "工业用地", "图斑面积": 1113.69, "坐落单位": "大律村委会", "企业名称": null, "行业代码": null, "行业名称": null, "产值": 0.0, "行政区": null, "用地性": null }, "geometry": { "type": "Polygon", "coordinates": [ [ [ 110.183953, 25.235259 ], [ 110.184001, 25.235361 ], [ 110.184025, 25.235355 ], [ 110.184111, 25.23534 ], [ 110.184137, 25.235362 ], [ 110.184222, 25.23534 ], [ 110.184266, 25.235341 ], [ 110.184303, 25.235358 ], [ 110.184349, 25.235377 ], [ 110.18441, 25.235391 ], [ 110.184465, 25.235412 ], [ 110.1845, 25.235435 ], [ 110.184521, 25.235497 ], [ 110.184518, 25.235571 ], [ 110.184528, 25.235615 ], [ 110.184551, 25.235633 ], [ 110.184604, 25.235623 ], [ 110.184671, 25.235593 ], [ 110.184714, 25.235524 ], [ 110.184679, 25.235509 ], [ 110.184638, 25.235474 ], [ 110.184629, 25.235461 ], [ 110.184615, 25.235441 ], [ 110.184612, 25.235436 ], [ 110.184614, 25.235436 ], [ 110.18463, 25.235434 ], [ 110.184688, 25.235428 ], [ 110.184713, 25.235417 ], [ 110.184682, 25.235399 ], [ 110.184656, 25.235383 ], [ 110.184631, 25.235358 ], [ 110.184606, 25.235333 ], [ 110.184581, 25.235308 ], [ 110.184536, 25.235277 ], [ 110.184348, 25.23535 ], [ 110.184312, 25.235299 ], [ 110.18431, 25.235297 ], [ 110.184266, 25.235259 ], [ 110.184247, 25.235248 ], [ 110.184209, 25.235232 ], [ 110.184184, 25.235225 ], [ 110.18415, 25.235219 ], [ 110.184121, 25.235216 ], [ 110.184084, 25.235212 ], [ 110.183953, 25.235259 ] ] ] } },
{ "type": "Feature", "properties": { "BSM": "450312211000565499", "DLBM": "0601", "DLMC": "工业用地", "图斑面积": 752.45, "坐落单位": "二塘村委会", "企业名称": null, "行业代码": null, "行业名称": null, "产值": 0.0, "行政区": null, "用地性": null }, "geometry": { "type": "Polygon", "coordinates": [ [ [ 110.231031, 25.207916 ], [ 110.231026, 25.207913 ], [ 110.230987, 25.207879 ], [ 110.230955, 25.207842 ], [ 110.230921, 25.207796 ], [ 110.230855, 25.20769 ], [ 110.230808, 25.207597 ], [ 110.23075, 25.207621 ], [ 110.230711, 25.207718 ], [ 110.230702, 25.20778 ], [ 110.230719, 25.20783 ], [ 110.230768, 25.207885 ], [ 110.230802, 25.207952 ], [ 110.230832, 25.208048 ], [ 110.230833, 25.208047 ], [ 110.230887, 25.207986 ], [ 110.231031, 25.207916 ] ] ] } },
{ "type": "Feature", "properties": { "BSM": "450312211000566553", "DLBM": "0601", "DLMC": "工业用地", "图斑面积": 224.66, "坐落单位": "城联村委会", "企业名称": null, "行业代码": null, "行业名称": null, "产值": 0.0, "行政区": null, "用地性": null }, "geometry": { "type": "Polygon", "coordinates": [ [ [ 110.016776, 25.178168 ], [ 110.016802, 25.178162 ], [ 110.016808, 25.178163 ], [ 110.016817, 25.178165 ], [ 110.016871, 25.178174 ], [ 110.016874, 25.178175 ], [ 110.016877, 25.178175 ], [ 110.016885, 25.178127 ], [ 110.016894, 25.178079 ], [ 110.016986, 25.178096 ], [ 110.016994, 25.178097 ], [ 110.017002, 25.178045 ], [ 110.016818, 25.178021 ], [ 110.016799, 25.178041 ], [ 110.016791, 25.17805 ], [ 110.016785, 25.178057 ], [ 110.016776, 25.178168 ] ] ] } },
{ "type": "Feature", "properties": { "BSM": "450312211000566568", "DLBM": "0601", "DLMC": "工业用地", "图斑面积": 381.21, "坐落单位": "城联村委会", "企业名称": null, "行业代码": null, "行业名称": null, "产值": 0.0, "行政区": null, "用地性": null }, "geometry": { "type": "Polygon", "coordinates": [ [ [ 110.023536, 25.191033 ], [ 110.023545, 25.190996 ], [ 110.023646, 25.190606 ], [ 110.023629, 25.190599 ], [ 110.023628, 25.190599 ], [ 110.023626, 25.190598 ], [ 110.023585, 25.190581 ], [ 110.023566, 25.190573 ], [ 110.023517, 25.190821 ], [ 110.02346, 25.191012 ], [ 110.023536, 25.191033 ] ] ] } },
{ "type": "Feature", "properties": { "BSM": "450312211000566569", "DLBM": "0601", "DLMC": "工业用地", "图斑面积": 592.98, "坐落单位": "城联村委会", "企业名称": null, "行业代码": null, "行业名称": null, "产值": 0.0, "行政区": null, "用地性": null }, "geometry": { "type": "Polygon", "coordinates": [ [ [ 110.023765, 25.190885 ], [ 110.023772, 25.190844 ], [ 110.023774, 25.190833 ], [ 110.023777, 25.190816 ], [ 110.023781, 25.190795 ], [ 110.023799, 25.190762 ], [ 110.023824, 25.190715 ], [ 110.023758, 25.190652 ], [ 110.023696, 25.190626 ], [ 110.023595, 25.191028 ], [ 110.023591, 25.191043 ], [ 110.023706, 25.191075 ], [ 110.023765, 25.190885 ] ] ] } },
{ "type": "Feature", "properties": { "BSM": "450312211000567369", "DLBM": "0601", "DLMC": "工业用地", "图斑面积": 88.89, "坐落单位": "秧塘旧机场", "企业名称": null, "行业代码": null, "行业名称": null, "产值": 0.0, "行政区": null, "用地性": null }, "geometry": { "type": "Polygon", "coordinates": [ [ [ 110.150878, 25.207998 ], [ 110.151013, 25.207992 ], [ 110.151028, 25.207966 ], [ 110.151027, 25.20788 ], [ 110.150942, 25.20795 ], [ 110.150878, 25.207998 ] ] ] } },
{ "type": "Feature", "properties": { "BSM": "450312211000567370", "DLBM": "0601", "DLMC": "工业用地", "图斑面积": 1957.56, "坐落单位": "秧塘旧机场", "企业名称": null, "行业代码": null, "行业名称": null, "产值": 0.0, "行政区": null, "用地性": null }, "geometry": { "type": "Polygon", "coordinates": [ [ [ 110.150946, 25.207648 ], [ 110.150959, 25.207641 ], [ 110.150984, 25.207593 ], [ 110.150959, 25.207524 ], [ 110.150847, 25.207434 ], [ 110.150803, 25.207378 ], [ 110.150826, 25.207311 ], [ 110.150881, 25.207245 ], [ 110.150863, 25.207218 ], [ 110.150815, 25.207191 ], [ 110.150769, 25.20715 ], [ 110.150767, 25.207087 ], [ 110.150738, 25.207028 ], [ 110.150559, 25.206903 ], [ 110.150523, 25.206906 ], [ 110.150478, 25.206908 ], [ 110.150449, 25.206925 ], [ 110.150434, 25.206973 ], [ 110.150425, 25.207032 ], [ 110.150385, 25.207066 ], [ 110.150353, 25.207096 ], [ 110.150398, 25.207118 ], [ 110.150416, 25.207206 ], [ 110.150512, 25.207273 ], [ 110.150652, 25.207396 ], [ 110.150777, 25.20747 ], [ 110.150848, 25.207524 ], [ 110.150921, 25.207633 ], [ 110.150946, 25.207648 ] ] ] } },
{ "type": "Feature", "properties": { "BSM": "450312211000567781", "DLBM": "0601", "DLMC": "工业用地", "图斑面积": 3243.18, "坐落单位": "横山村委会", "企业名称": null, "行业代码": null, "行业名称": null, "产值": 0.0, "行政区": null, "用地性": null }, "geometry": { "type": "Polygon", "coordinates": [ [ [ 110.151818, 25.200752 ], [ 110.151902, 25.200586 ], [ 110.151937, 25.200483 ], [ 110.15192, 25.200413 ], [ 110.151906, 25.200325 ], [ 110.151913, 25.200281 ], [ 110.151918, 25.200221 ], [ 110.151898, 25.200007 ], [ 110.151896, 25.199937 ], [ 110.151866, 25.199895 ], [ 110.151847, 25.19987 ], [ 110.151803, 25.199848 ], [ 110.151802, 25.199849 ], [ 110.151794, 25.199864 ], [ 110.151792, 25.199867 ], [ 110.151786, 25.199876 ], [ 110.151776, 25.19989 ], [ 110.151767, 25.199904 ], [ 110.151764, 25.199908 ], [ 110.151761, 25.199913 ], [ 110.151758, 25.199917 ], [ 110.151738, 25.199947 ], [ 110.151717, 25.199978 ], [ 110.151715, 25.199981 ], [ 110.151684, 25.200026 ], [ 110.151682, 25.20003 ], [ 110.151644, 25.200087 ], [ 110.151599, 25.200154 ], [ 110.151573, 25.200251 ], [ 110.151562, 25.200292 ], [ 110.151532, 25.200405 ], [ 110.151507, 25.200501 ], [ 110.151505, 25.200508 ], [ 110.151486, 25.200579 ], [ 110.151472, 25.200637 ], [ 110.151465, 25.200668 ], [ 110.151453, 25.200716 ], [ 110.15145, 25.200731 ], [ 110.151449, 25.200731 ], [ 110.151448, 25.200739 ], [ 110.151446, 25.200744 ], [ 110.151446, 25.200746 ], [ 110.151445, 25.200749 ], [ 110.151444, 25.200752 ], [ 110.151444, 25.200754 ], [ 110.151444, 25.200754 ], [ 110.151444, 25.200754 ], [ 110.151444, 25.200755 ], [ 110.151444, 25.200755 ], [ 110.151444, 25.200755 ], [ 110.151444, 25.200755 ], [ 110.151461, 25.200762 ], [ 110.151481, 25.200769 ], [ 110.151526, 25.200774 ], [ 110.151592, 25.200778 ], [ 110.151657, 25.200777 ], [ 110.1517, 25.20077 ], [ 110.151733, 25.200747 ], [ 110.151755, 25.200735 ], [ 110.151785, 25.200737 ], [ 110.151818, 25.200752 ] ] ] } },
{ "type": "Feature", "properties": { "BSM": "450312211000570596", "DLBM": "0601", "DLMC": "工业用地", "图斑面积": 126.98, "坐落单位": "新立村委会", "企业名称": null, "行业代码": null, "行业名称": null, "产值": 0.0, "行政区": null, "用地性": null }, "geometry": { "type": "Polygon", "coordinates": [ [ [ 110.262916, 25.148869 ], [ 110.262868, 25.148851 ], [ 110.262805, 25.14898 ], [ 110.262888, 25.149009 ], [ 110.262914, 25.148969 ], [ 110.262917, 25.148939 ], [ 110.262917, 25.148936 ], [ 110.262919, 25.14889 ], [ 110.262916, 25.148869 ], [ 110.262916, 25.148869 ] ] ] } },
{ "type": "Feature", "properties": { "BSM": "450312211000570635", "DLBM": "0601", "DLMC": "工业用地", "图斑面积": 1053.77, "坐落单位": "马面村委会", "企业名称": null, "行业代码": null, "行业名称": null, "产值": 0.0, "行政区": null, "用地性": null }, "geometry": { "type": "Polygon", "coordinates": [ [ [ 110.241907, 25.134895 ], [ 110.241966, 25.134934 ], [ 110.242012, 25.134969 ], [ 110.242047, 25.134929 ], [ 110.242171, 25.13503 ], [ 110.242187, 25.135019 ], [ 110.242209, 25.135035 ], [ 110.242232, 25.135051 ], [ 110.242248, 25.135054 ], [ 110.242255, 25.135052 ], [ 110.242269, 25.135047 ], [ 110.242324, 25.134964 ], [ 110.242249, 25.13489 ], [ 110.242161, 25.134806 ], [ 110.241988, 25.13464 ], [ 110.241953, 25.134665 ], [ 110.241813, 25.134819 ], [ 110.241907, 25.134895 ] ] ] } },
{ "type": "Feature", "properties": { "BSM": "450312211000572206", "DLBM": "0601", "DLMC": "工业用地", "图斑面积": 17589.91, "坐落单位": "江西村委会", "企业名称": null, "行业代码": null, "行业名称": null, "产值": 0.0, "行政区": null, "用地性": null }, "geometry": { "type": "Polygon", "coordinates": [ [ [ 110.115333, 25.233041 ], [ 110.115241, 25.232961 ], [ 110.115227, 25.232967 ], [ 110.115159, 25.232887 ], [ 110.115109, 25.232805 ], [ 110.115025, 25.232686 ], [ 110.114948, 25.232651 ], [ 110.114846, 25.232608 ], [ 110.114732, 25.232591 ], [ 110.114595, 25.232574 ], [ 110.114573, 25.232583 ], [ 110.114436, 25.232652 ], [ 110.114418, 25.23266 ], [ 110.114345, 25.232712 ], [ 110.114282, 25.232758 ], [ 110.114226, 25.232804 ], [ 110.114163, 25.232844 ], [ 110.114083, 25.232873 ], [ 110.113945, 25.232851 ], [ 110.113919, 25.232892 ], [ 110.113906, 25.232888 ], [ 110.113583, 25.232895 ], [ 110.11358, 25.232839 ], [ 110.113574, 25.23282 ], [ 110.1133, 25.232835 ], [ 110.113217, 25.232929 ], [ 110.113215, 25.232932 ], [ 110.113256, 25.233058 ], [ 110.113301, 25.233228 ], [ 110.113362, 25.233366 ], [ 110.113459, 25.233587 ], [ 110.113612, 25.233845 ], [ 110.113736, 25.233882 ], [ 110.1139, 25.233871 ], [ 110.114068, 25.233758 ], [ 110.114319, 25.233586 ], [ 110.114336, 25.233575 ], [ 110.114483, 25.233504 ], [ 110.114515, 25.233489 ], [ 110.114596, 25.233451 ], [ 110.114724, 25.233408 ], [ 110.114881, 25.233379 ], [ 110.115079, 25.233317 ], [ 110.115145, 25.233277 ], [ 110.115227, 25.233184 ], [ 110.115312, 25.23306 ], [ 110.115333, 25.233041 ] ] ] } },
{ "type": "Feature", "properties": { "BSM": "450312211000578393", "DLBM": "0601", "DLMC": "工业用地", "图斑面积": 212.63, "坐落单位": "刘村村委会", "企业名称": null, "行业代码": null, "行业名称": null, "产值": 0.0, "行政区": null, "用地性": null }, "geometry": { "type": "Polygon", "coordinates": [ [ [ 110.141702, 25.202661 ], [ 110.141693, 25.202673 ], [ 110.141637, 25.202748 ], [ 110.141598, 25.202801 ], [ 110.141653, 25.202804 ], [ 110.141742, 25.202777 ], [ 110.141773, 25.202762 ], [ 110.141793, 25.202764 ], [ 110.141796, 25.202747 ], [ 110.141818, 25.202697 ], [ 110.141829, 25.202674 ], [ 110.141847, 25.202637 ], [ 110.141796, 25.20265 ], [ 110.141748, 25.202688 ], [ 110.141702, 25.202661 ] ] ] } },
{ "type": "Feature", "properties": { "BSM": "450312211000581652", "DLBM": "0601", "DLMC": "工业用地", "图斑面积": 112582.07, "坐落单位": "大律村委会", "企业名称": "广西天马钢结构安装工程有限公司", "行业代码": "C33", "行业名称": "金属制品业", "产值": 0.0, "行政区": null, "用地性": null }, "geometry": { "type": "Polygon", "coordinates": [ [ [ 110.177415, 25.209615 ], [ 110.177406, 25.209625 ], [ 110.17733, 25.209719 ], [ 110.177319, 25.20971 ], [ 110.177076, 25.209521 ], [ 110.177044, 25.209528 ], [ 110.177031, 25.209526 ], [ 110.177008, 25.20952 ], [ 110.176993, 25.209511 ], [ 110.176992, 25.209498 ], [ 110.176679, 25.209229 ], [ 110.176562, 25.209183 ], [ 110.176433, 25.209187 ], [ 110.176336, 25.209158 ], [ 110.176149, 25.209038 ], [ 110.176136, 25.209056 ], [ 110.176095, 25.209118 ], [ 110.176093, 25.20912 ], [ 110.175958, 25.209244 ], [ 110.175954, 25.209248 ], [ 110.17616, 25.209463 ], [ 110.176365, 25.209678 ], [ 110.176529, 25.209842 ], [ 110.17662, 25.209924 ], [ 110.176861, 25.210156 ], [ 110.176999, 25.210284 ], [ 110.177062, 25.210346 ], [ 110.177617, 25.209777 ], [ 110.177682, 25.209709 ], [ 110.177934, 25.209443 ], [ 110.178187, 25.209177 ], [ 110.178283, 25.209076 ], [ 110.178369, 25.208985 ], [ 110.178439, 25.208911 ], [ 110.178467, 25.208882 ], [ 110.178567, 25.208776 ], [ 110.178623, 25.208717 ], [ 110.178612, 25.208651 ], [ 110.17859, 25.208616 ], [ 110.178954, 25.208366 ], [ 110.179019, 25.208484 ], [ 110.179123, 25.208675 ], [ 110.179227, 25.208866 ], [ 110.179229, 25.20887 ], [ 110.179252, 25.208911 ], [ 110.178535, 25.209287 ], [ 110.178543, 25.209354 ], [ 110.178582, 25.209429 ], [ 110.178691, 25.209639 ], [ 110.178481, 25.209834 ], [ 110.178433, 25.209902 ], [ 110.17841, 25.209979 ], [ 110.178426, 25.210006 ], [ 110.178438, 25.210027 ], [ 110.178554, 25.210342 ], [ 110.178669, 25.210656 ], [ 110.178378, 25.210796 ], [ 110.178553, 25.211129 ], [ 110.178474, 25.211182 ], [ 110.178382, 25.211224 ], [ 110.178343, 25.211173 ], [ 110.178237, 25.211232 ], [ 110.178334, 25.211395 ], [ 110.17847, 25.211327 ], [ 110.178455, 25.211276 ], [ 110.178532, 25.211238 ], [ 110.178787, 25.211512 ], [ 110.178891, 25.211625 ], [ 110.178898, 25.211712 ], [ 110.179006, 25.211695 ], [ 110.179184, 25.211758 ], [ 110.179337, 25.211754 ], [ 110.179484, 25.211726 ], [ 110.179647, 25.211715 ], [ 110.179584, 25.211664 ], [ 110.179554, 25.211658 ], [ 110.179409, 25.211629 ], [ 110.179259, 25.211628 ], [ 110.179245, 25.211619 ], [ 110.179231, 25.211609 ], [ 110.179121, 25.211536 ], [ 110.179115, 25.211508 ], [ 110.179085, 25.211376 ], [ 110.17909, 25.211341 ], [ 110.179093, 25.211317 ], [ 110.179124, 25.211103 ], [ 110.179226, 25.210852 ], [ 110.179369, 25.210767 ], [ 110.179352, 25.210767 ], [ 110.179205, 25.210839 ], [ 110.17889, 25.210973 ], [ 110.178785, 25.210743 ], [ 110.178702, 25.210482 ], [ 110.178549, 25.210101 ], [ 110.178546, 25.210039 ], [ 110.17859, 25.209956 ], [ 110.178633, 25.209872 ], [ 110.178754, 25.209782 ], [ 110.179148, 25.209596 ], [ 110.179261, 25.209537 ], [ 110.179467, 25.20943 ], [ 110.179503, 25.209464 ], [ 110.179667, 25.20978 ], [ 110.179676, 25.209931 ], [ 110.179956, 25.210407 ], [ 110.179969, 25.2104 ], [ 110.180039, 25.210331 ], [ 110.180044, 25.210314 ], [ 110.180083, 25.210184 ], [ 110.180109, 25.21007 ], [ 110.180085, 25.209899 ], [ 110.180033, 25.20967 ], [ 110.180028, 25.209649 ], [ 110.180012, 25.20958 ], [ 110.180013, 25.2094 ], [ 110.180013, 25.209386 ], [ 110.180115, 25.209193 ], [ 110.180292, 25.208931 ], [ 110.18033, 25.208898 ], [ 110.179299, 25.207109 ], [ 110.179279, 25.207093 ], [ 110.179113, 25.206948 ], [ 110.178919, 25.206744 ], [ 110.178892, 25.206716 ], [ 110.178816, 25.206636 ], [ 110.178713, 25.206546 ], [ 110.178035, 25.206844 ], [ 110.177619, 25.207056 ], [ 110.176925, 25.207409 ], [ 110.17645, 25.207725 ], [ 110.176229, 25.207847 ], [ 110.175639, 25.20822 ], [ 110.175822, 25.208353 ], [ 110.175957, 25.208444 ], [ 110.176008, 25.208499 ], [ 110.176062, 25.208557 ], [ 110.176112, 25.208615 ], [ 110.176331, 25.208798 ], [ 110.176355, 25.208819 ], [ 110.176667, 25.209062 ], [ 110.176912, 25.209241 ], [ 110.177065, 25.209351 ], [ 110.177158, 25.209419 ], [ 110.177165, 25.209424 ], [ 110.177406, 25.209608 ], [ 110.177415, 25.209615 ] ] ] } },
{ "type": "Feature", "properties": { "BSM": "450312211000581653", "DLBM": "0601", "DLMC": "工业用地", "图斑面积": 43837.04, "坐落单位": "大律村委会", "企业名称": "桂林三金药业股份有限公司", "行业代码": "C27", "行业名称": "医药制造业", "产值": 0.0, "行政区": null, "用地性": null }, "geometry": { "type": "Polygon", "coordinates": [ [ [ 110.175522, 25.207119 ], [ 110.175509, 25.207059 ], [ 110.175453, 25.206999 ], [ 110.175415, 25.206971 ], [ 110.175355, 25.206972 ], [ 110.175297, 25.20681 ], [ 110.175191, 25.206843 ], [ 110.17504, 25.206456 ], [ 110.17514, 25.206464 ], [ 110.175313, 25.206465 ], [ 110.175388, 25.206452 ], [ 110.175423, 25.206539 ], [ 110.175446, 25.206596 ], [ 110.175488, 25.206583 ], [ 110.175555, 25.206563 ], [ 110.175564, 25.20656 ], [ 110.175653, 25.206531 ], [ 110.175829, 25.206473 ], [ 110.176094, 25.206387 ], [ 110.176094, 25.206387 ], [ 110.176082, 25.206363 ], [ 110.176057, 25.206254 ], [ 110.176042, 25.206037 ], [ 110.176034, 25.205822 ], [ 110.176033, 25.205779 ], [ 110.176017, 25.205591 ], [ 110.175998, 25.205569 ], [ 110.175962, 25.205546 ], [ 110.175873, 25.20554 ], [ 110.175737, 25.205547 ], [ 110.175644, 25.205596 ], [ 110.175442, 25.205799 ], [ 110.1754, 25.20589 ], [ 110.17535, 25.205942 ], [ 110.175272, 25.20598 ], [ 110.175189, 25.205979 ], [ 110.175096, 25.205955 ], [ 110.174838, 25.205878 ], [ 110.174804, 25.205868 ], [ 110.174719, 25.205843 ], [ 110.174698, 25.205837 ], [ 110.174565, 25.205811 ], [ 110.174491, 25.205785 ], [ 110.174476, 25.20578 ], [ 110.174354, 25.205739 ], [ 110.174277, 25.205688 ], [ 110.174172, 25.205551 ], [ 110.1741, 25.205459 ], [ 110.17389, 25.205362 ], [ 110.173818, 25.205356 ], [ 110.173757, 25.205352 ], [ 110.173639, 25.205343 ], [ 110.173529, 25.205305 ], [ 110.173481, 25.205289 ], [ 110.173207, 25.205149 ], [ 110.173091, 25.205084 ], [ 110.172996, 25.20502 ], [ 110.172953, 25.204994 ], [ 110.172891, 25.204976 ], [ 110.172884, 25.204974 ], [ 110.173022, 25.205214 ], [ 110.173145, 25.205433 ], [ 110.173171, 25.205479 ], [ 110.173227, 25.205685 ], [ 110.173224, 25.205742 ], [ 110.173224, 25.205743 ], [ 110.173516, 25.20607 ], [ 110.173808, 25.206397 ], [ 110.174179, 25.206271 ], [ 110.17455, 25.206145 ], [ 110.174862, 25.206034 ], [ 110.1749, 25.20602 ], [ 110.174904, 25.206033 ], [ 110.174909, 25.20604 ], [ 110.174917, 25.206058 ], [ 110.174893, 25.206066 ], [ 110.174631, 25.206155 ], [ 110.174369, 25.206244 ], [ 110.173981, 25.206384 ], [ 110.173794, 25.206442 ], [ 110.173675, 25.206319 ], [ 110.173514, 25.206134 ], [ 110.173353, 25.20595 ], [ 110.173221, 25.205798 ], [ 110.17322, 25.205797 ], [ 110.173208, 25.206001 ], [ 110.173194, 25.206077 ], [ 110.173195, 25.206077 ], [ 110.173362, 25.206264 ], [ 110.173531, 25.206462 ], [ 110.173821, 25.206794 ], [ 110.173831, 25.206804 ], [ 110.173924, 25.206895 ], [ 110.173936, 25.206907 ], [ 110.174088, 25.206806 ], [ 110.174091, 25.206803 ], [ 110.174086, 25.206875 ], [ 110.174168, 25.20692 ], [ 110.174207, 25.206986 ], [ 110.174252, 25.207055 ], [ 110.17431, 25.207151 ], [ 110.174313, 25.207231 ], [ 110.174278, 25.207309 ], [ 110.174324, 25.207363 ], [ 110.174369, 25.207279 ], [ 110.174431, 25.20728 ], [ 110.17446, 25.207355 ], [ 110.174581, 25.207421 ], [ 110.174696, 25.207475 ], [ 110.174705, 25.207553 ], [ 110.174757, 25.207645 ], [ 110.174826, 25.207675 ], [ 110.174838, 25.20771 ], [ 110.174816, 25.207757 ], [ 110.175113, 25.208141 ], [ 110.175522, 25.207863 ], [ 110.175455, 25.207807 ], [ 110.175384, 25.207803 ], [ 110.175261, 25.207687 ], [ 110.175404, 25.207539 ], [ 110.175519, 25.207427 ], [ 110.17551, 25.20737 ], [ 110.175471, 25.207329 ], [ 110.175429, 25.207306 ], [ 110.175383, 25.207274 ], [ 110.175373, 25.20723 ], [ 110.175404, 25.20722 ], [ 110.175499, 25.207223 ], [ 110.175585, 25.207236 ], [ 110.175633, 25.207237 ], [ 110.175673, 25.207201 ], [ 110.175695, 25.207163 ], [ 110.175674, 25.207126 ], [ 110.1756, 25.207107 ], [ 110.175522, 25.207119 ] ] ] } },
{ "type": "Feature", "properties": { "BSM": "450312211000581658", "DLBM": "0601", "DLMC": "工业用地", "图斑面积": 132953.46, "坐落单位": "新民村委会", "企业名称": null, "行业代码": null, "行业名称": null, "产值": 0.0, "行政区": null, "用地性": null }, "geometry": { "type": "Polygon", "coordinates": [ [ [ 110.256101, 25.102234 ], [ 110.256319, 25.102126 ], [ 110.256794, 25.101943 ], [ 110.257268, 25.10176 ], [ 110.257412, 25.101959 ], [ 110.257425, 25.101946 ], [ 110.257487, 25.101875 ], [ 110.257713, 25.101574 ], [ 110.257797, 25.101477 ], [ 110.258016, 25.101267 ], [ 110.258122, 25.101184 ], [ 110.258131, 25.101177 ], [ 110.258153, 25.101142 ], [ 110.258269, 25.101014 ], [ 110.258272, 25.101011 ], [ 110.258293, 25.101024 ], [ 110.258309, 25.101014 ], [ 110.258402, 25.100915 ], [ 110.258514, 25.100781 ], [ 110.258614, 25.100655 ], [ 110.258596, 25.10064 ], [ 110.258758, 25.100436 ], [ 110.258869, 25.100288 ], [ 110.258949, 25.100188 ], [ 110.259006, 25.100134 ], [ 110.259031, 25.100123 ], [ 110.259094, 25.100043 ], [ 110.259367, 25.099742 ], [ 110.25962, 25.099507 ], [ 110.259814, 25.099351 ], [ 110.260007, 25.099194 ], [ 110.260223, 25.09905 ], [ 110.260431, 25.098929 ], [ 110.260476, 25.098911 ], [ 110.260526, 25.098898 ], [ 110.260865, 25.098827 ], [ 110.261183, 25.098723 ], [ 110.261153, 25.09866 ], [ 110.261063, 25.098683 ], [ 110.261037, 25.098691 ], [ 110.260913, 25.098378 ], [ 110.261313, 25.098134 ], [ 110.26145, 25.09853 ], [ 110.261393, 25.098558 ], [ 110.261416, 25.098647 ], [ 110.261456, 25.098634 ], [ 110.261454, 25.098622 ], [ 110.261762, 25.098399 ], [ 110.26207, 25.098177 ], [ 110.26236, 25.098001 ], [ 110.262378, 25.097954 ], [ 110.26241, 25.097873 ], [ 110.262494, 25.097654 ], [ 110.262574, 25.097476 ], [ 110.262609, 25.097409 ], [ 110.262648, 25.097349 ], [ 110.26267, 25.097326 ], [ 110.262689, 25.097308 ], [ 110.262691, 25.097307 ], [ 110.262667, 25.097232 ], [ 110.26263, 25.097156 ], [ 110.262587, 25.097024 ], [ 110.26258, 25.09703 ], [ 110.262381, 25.097197 ], [ 110.262182, 25.097364 ], [ 110.261973, 25.097545 ], [ 110.261763, 25.097726 ], [ 110.26147, 25.097994 ], [ 110.261348, 25.098092 ], [ 110.261249, 25.098139 ], [ 110.260996, 25.098221 ], [ 110.260635, 25.098336 ], [ 110.260274, 25.09845 ], [ 110.259847, 25.098603 ], [ 110.259594, 25.098701 ], [ 110.259344, 25.098783 ], [ 110.259094, 25.098865 ], [ 110.258684, 25.099001 ], [ 110.258237, 25.099129 ], [ 110.257945, 25.099221 ], [ 110.257652, 25.099313 ], [ 110.2574, 25.09939 ], [ 110.257148, 25.099468 ], [ 110.2569, 25.099546 ], [ 110.256652, 25.099623 ], [ 110.25626, 25.09974 ], [ 110.255867, 25.099864 ], [ 110.255558, 25.099957 ], [ 110.255249, 25.100049 ], [ 110.25499, 25.100133 ], [ 110.25473, 25.100217 ], [ 110.254615, 25.100255 ], [ 110.254584, 25.100306 ], [ 110.254574, 25.100361 ], [ 110.254626, 25.10051 ], [ 110.254775, 25.100906 ], [ 110.254861, 25.101141 ], [ 110.254947, 25.101376 ], [ 110.255094, 25.101759 ], [ 110.255201, 25.102031 ], [ 110.255215, 25.102072 ], [ 110.255281, 25.102262 ], [ 110.255336, 25.102419 ], [ 110.255517, 25.102449 ], [ 110.255576, 25.102482 ], [ 110.255568, 25.102761 ], [ 110.255579, 25.102832 ], [ 110.255625, 25.102989 ], [ 110.25567, 25.1031 ], [ 110.255738, 25.103211 ], [ 110.255787, 25.103268 ], [ 110.255836, 25.103295 ], [ 110.255882, 25.103277 ], [ 110.255971, 25.103197 ], [ 110.256186, 25.102912 ], [ 110.256331, 25.102781 ], [ 110.256421, 25.102834 ], [ 110.256469, 25.102793 ], [ 110.256459, 25.102777 ], [ 110.256455, 25.102771 ], [ 110.256455, 25.102771 ], [ 110.256454, 25.10277 ], [ 110.256454, 25.102769 ], [ 110.256453, 25.102769 ], [ 110.256453, 25.102768 ], [ 110.256446, 25.102757 ], [ 110.25643, 25.102733 ], [ 110.256397, 25.102684 ], [ 110.256329, 25.102581 ], [ 110.256285, 25.102514 ], [ 110.256173, 25.102344 ], [ 110.25613, 25.102279 ], [ 110.256129, 25.102277 ], [ 110.256101, 25.102234 ] ] ] } },
{ "type": "Feature", "properties": { "BSM": "450312211000581659", "DLBM": "0601", "DLMC": "工业用地", "图斑面积": 5535.65, "坐落单位": "新民村委会", "企业名称": null, "行业代码": null, "行业名称": null, "产值": 0.0, "行政区": null, "用地性": null }, "geometry": { "type": "Polygon", "coordinates": [ [ [ 110.249029, 25.10132 ], [ 110.249084, 25.101419 ], [ 110.249285, 25.101381 ], [ 110.249354, 25.10149 ], [ 110.249564, 25.10141 ], [ 110.249492, 25.101287 ], [ 110.249427, 25.101143 ], [ 110.249393, 25.101065 ], [ 110.249367, 25.100966 ], [ 110.249314, 25.100819 ], [ 110.249248, 25.100626 ], [ 110.249208, 25.100486 ], [ 110.249132, 25.100501 ], [ 110.249073, 25.100443 ], [ 110.249056, 25.100426 ], [ 110.248979, 25.100375 ], [ 110.24887, 25.100676 ], [ 110.248878, 25.100716 ], [ 110.248843, 25.100752 ], [ 110.248711, 25.101116 ], [ 110.248774, 25.10117 ], [ 110.248805, 25.101216 ], [ 110.248849, 25.101262 ], [ 110.248901, 25.101291 ], [ 110.248956, 25.101302 ], [ 110.249029, 25.10132 ] ] ] } },
{ "type": "Feature", "properties": { "BSM": "450312211000581660", "DLBM": "0601", "DLMC": "工业用地", "图斑面积": 238046.58, "坐落单位": "横山村委会", "企业名称": "桂林福达股份有限公司", "行业代码": null, "行业名称": null, "产值": 0.0, "行政区": null, "用地性": null }, "geometry": { "type": "Polygon", "coordinates": [ [ [ 110.150531, 25.200094 ], [ 110.150515, 25.200083 ], [ 110.150423, 25.20002 ], [ 110.150388, 25.20001 ], [ 110.150383, 25.20001 ], [ 110.150366, 25.200012 ], [ 110.150347, 25.200024 ], [ 110.150323, 25.200042 ], [ 110.150293, 25.200054 ], [ 110.150265, 25.200054 ], [ 110.150221, 25.20002 ], [ 110.150052, 25.199913 ], [ 110.15003, 25.199903 ], [ 110.150014, 25.199905 ], [ 110.149896, 25.199945 ], [ 110.14987, 25.199944 ], [ 110.14983, 25.199923 ], [ 110.149579, 25.199737 ], [ 110.149418, 25.1996 ], [ 110.149411, 25.199584 ], [ 110.149419, 25.199565 ], [ 110.149431, 25.199547 ], [ 110.149436, 25.19953 ], [ 110.149424, 25.199504 ], [ 110.149288, 25.199298 ], [ 110.149204, 25.199125 ], [ 110.149106, 25.198891 ], [ 110.149102, 25.198848 ], [ 110.149094, 25.198832 ], [ 110.149069, 25.198813 ], [ 110.149056, 25.198794 ], [ 110.149053, 25.198767 ], [ 110.149059, 25.198725 ], [ 110.149058, 25.198699 ], [ 110.149051, 25.198677 ], [ 110.14902, 25.198616 ], [ 110.148961, 25.198479 ], [ 110.148936, 25.198388 ], [ 110.148898, 25.1983 ], [ 110.148871, 25.198235 ], [ 110.148839, 25.19818 ], [ 110.1488, 25.198133 ], [ 110.14879, 25.198122 ], [ 110.148771, 25.198107 ], [ 110.148859, 25.197966 ], [ 110.148841, 25.197965 ], [ 110.148822, 25.197964 ], [ 110.148784, 25.197961 ], [ 110.148669, 25.197961 ], [ 110.148262, 25.197859 ], [ 110.148196, 25.197842 ], [ 110.14804, 25.197804 ], [ 110.148005, 25.197795 ], [ 110.147982, 25.197792 ], [ 110.147927, 25.197784 ], [ 110.147906, 25.197766 ], [ 110.147867, 25.197733 ], [ 110.147836, 25.197692 ], [ 110.147797, 25.197635 ], [ 110.147778, 25.197607 ], [ 110.147771, 25.197598 ], [ 110.147766, 25.19759 ], [ 110.147687, 25.197443 ], [ 110.14759, 25.197297 ], [ 110.147569, 25.197287 ], [ 110.147295, 25.197345 ], [ 110.147239, 25.197074 ], [ 110.147057, 25.197113 ], [ 110.146785, 25.197171 ], [ 110.146514, 25.197229 ], [ 110.146376, 25.197259 ], [ 110.146211, 25.197294 ], [ 110.146191, 25.197317 ], [ 110.146026, 25.197505 ], [ 110.145861, 25.197692 ], [ 110.145772, 25.197795 ], [ 110.145574, 25.198022 ], [ 110.145376, 25.198249 ], [ 110.145134, 25.198529 ], [ 110.144892, 25.198808 ], [ 110.144649, 25.199088 ], [ 110.144595, 25.199151 ], [ 110.144485, 25.199278 ], [ 110.144251, 25.199538 ], [ 110.144226, 25.199566 ], [ 110.144223, 25.199569 ], [ 110.144257, 25.19959 ], [ 110.144378, 25.199682 ], [ 110.144422, 25.199716 ], [ 110.144582, 25.19984 ], [ 110.144827, 25.200017 ], [ 110.145067, 25.200194 ], [ 110.145311, 25.200371 ], [ 110.145215, 25.200422 ], [ 110.145201, 25.200413 ], [ 110.14509, 25.200356 ], [ 110.145031, 25.200344 ], [ 110.144952, 25.200367 ], [ 110.144915, 25.20041 ], [ 110.144932, 25.200415 ], [ 110.144978, 25.200427 ], [ 110.145105, 25.200479 ], [ 110.145158, 25.2005 ], [ 110.145335, 25.200564 ], [ 110.145403, 25.200621 ], [ 110.145426, 25.200641 ], [ 110.145485, 25.20069 ], [ 110.145592, 25.200789 ], [ 110.145614, 25.200764 ], [ 110.145616, 25.200762 ], [ 110.145709, 25.200655 ], [ 110.145798, 25.200718 ], [ 110.145929, 25.200807 ], [ 110.145936, 25.200812 ], [ 110.146016, 25.200866 ], [ 110.14622, 25.201007 ], [ 110.146278, 25.201042 ], [ 110.146283, 25.201053 ], [ 110.146279, 25.201064 ], [ 110.146115, 25.201252 ], [ 110.146104, 25.201259 ], [ 110.146088, 25.201255 ], [ 110.146049, 25.201226 ], [ 110.145863, 25.20109 ], [ 110.145635, 25.200925 ], [ 110.145632, 25.200923 ], [ 110.14556, 25.200869 ], [ 110.145485, 25.200811 ], [ 110.145466, 25.200804 ], [ 110.145455, 25.200814 ], [ 110.145381, 25.200901 ], [ 110.145363, 25.200921 ], [ 110.145366, 25.200934 ], [ 110.145389, 25.200955 ], [ 110.145435, 25.200992 ], [ 110.145458, 25.201018 ], [ 110.145468, 25.201045 ], [ 110.14548, 25.201115 ], [ 110.145487, 25.201164 ], [ 110.14549, 25.201179 ], [ 110.145511, 25.201206 ], [ 110.145531, 25.201222 ], [ 110.145636, 25.2013 ], [ 110.145652, 25.201307 ], [ 110.145675, 25.20131 ], [ 110.145695, 25.201313 ], [ 110.145721, 25.201318 ], [ 110.145732, 25.201325 ], [ 110.145733, 25.201325 ], [ 110.145752, 25.20134 ], [ 110.145756, 25.201348 ], [ 110.145773, 25.201407 ], [ 110.145781, 25.201434 ], [ 110.145815, 25.201484 ], [ 110.145843, 25.20152 ], [ 110.145863, 25.201537 ], [ 110.145877, 25.201537 ], [ 110.14589, 25.201524 ], [ 110.145926, 25.201482 ], [ 110.14594, 25.201474 ], [ 110.145945, 25.201475 ], [ 110.145949, 25.201476 ], [ 110.145999, 25.201514 ], [ 110.146058, 25.201556 ], [ 110.14602, 25.201598 ], [ 110.14603, 25.201599 ], [ 110.146069, 25.201601 ], [ 110.146128, 25.201603 ], [ 110.146321, 25.201641 ], [ 110.146453, 25.201708 ], [ 110.146613, 25.201933 ], [ 110.146752, 25.202128 ], [ 110.146792, 25.202185 ], [ 110.147035, 25.202504 ], [ 110.147069, 25.202663 ], [ 110.147073, 25.202679 ], [ 110.147183, 25.202839 ], [ 110.147494, 25.202858 ], [ 110.147609, 25.202834 ], [ 110.14764, 25.202827 ], [ 110.147731, 25.202808 ], [ 110.147928, 25.202861 ], [ 110.148117, 25.202959 ], [ 110.148145, 25.202974 ], [ 110.148271, 25.20296 ], [ 110.148447, 25.202853 ], [ 110.148639, 25.202565 ], [ 110.148832, 25.202276 ], [ 110.149025, 25.201988 ], [ 110.149052, 25.201947 ], [ 110.149229, 25.201683 ], [ 110.149405, 25.201419 ], [ 110.149576, 25.201164 ], [ 110.149746, 25.200909 ], [ 110.149916, 25.200654 ], [ 110.150039, 25.200471 ], [ 110.15032, 25.200575 ], [ 110.150658, 25.2007 ], [ 110.150995, 25.200825 ], [ 110.151385, 25.200969 ], [ 110.151704, 25.201087 ], [ 110.152024, 25.201205 ], [ 110.152274, 25.201298 ], [ 110.15218, 25.201167 ], [ 110.152137, 25.201093 ], [ 110.152127, 25.201069 ], [ 110.152126, 25.201054 ], [ 110.152142, 25.20104 ], [ 110.152152, 25.201025 ], [ 110.152142, 25.201009 ], [ 110.152142, 25.201009 ], [ 110.152142, 25.201009 ], [ 110.152083, 25.200964 ], [ 110.151918, 25.200835 ], [ 110.151818, 25.200752 ], [ 110.151785, 25.200737 ], [ 110.151755, 25.200735 ], [ 110.151733, 25.200747 ], [ 110.1517, 25.20077 ], [ 110.151657, 25.200777 ], [ 110.151592, 25.200778 ], [ 110.151526, 25.200774 ], [ 110.151481, 25.200769 ], [ 110.151444, 25.200755 ], [ 110.151444, 25.200755 ], [ 110.151444, 25.200755 ], [ 110.151444, 25.200754 ], [ 110.151444, 25.200754 ], [ 110.151444, 25.200754 ], [ 110.151444, 25.200752 ], [ 110.151445, 25.200749 ], [ 110.151446, 25.200746 ], [ 110.151446, 25.200744 ], [ 110.151448, 25.200739 ], [ 110.151449, 25.200731 ], [ 110.15145, 25.200731 ], [ 110.151453, 25.200716 ], [ 110.151465, 25.200668 ], [ 110.151472, 25.200637 ], [ 110.151486, 25.200579 ], [ 110.151505, 25.200508 ], [ 110.151507, 25.200501 ], [ 110.151532, 25.200405 ], [ 110.151562, 25.200292 ], [ 110.151573, 25.200251 ], [ 110.151599, 25.200154 ], [ 110.151644, 25.200087 ], [ 110.151682, 25.20003 ], [ 110.151684, 25.200026 ], [ 110.151715, 25.199981 ], [ 110.151717, 25.199978 ], [ 110.151738, 25.199947 ], [ 110.151758, 25.199917 ], [ 110.151761, 25.199913 ], [ 110.151764, 25.199908 ], [ 110.151767, 25.199904 ], [ 110.151776, 25.19989 ], [ 110.151786, 25.199876 ], [ 110.151792, 25.199867 ], [ 110.151794, 25.199864 ], [ 110.151802, 25.199849 ], [ 110.151803, 25.199848 ], [ 110.151803, 25.199847 ], [ 110.151809, 25.199836 ], [ 110.15181, 25.199834 ], [ 110.15182, 25.199817 ], [ 110.151824, 25.199809 ], [ 110.151833, 25.199794 ], [ 110.151858, 25.199748 ], [ 110.151859, 25.199746 ], [ 110.151876, 25.199716 ], [ 110.151905, 25.199662 ], [ 110.151908, 25.199656 ], [ 110.151909, 25.199655 ], [ 110.151874, 25.199658 ], [ 110.151874, 25.199658 ], [ 110.151809, 25.199665 ], [ 110.151779, 25.199658 ], [ 110.151746, 25.19965 ], [ 110.15169, 25.199595 ], [ 110.151562, 25.199682 ], [ 110.151531, 25.1997 ], [ 110.151505, 25.199715 ], [ 110.151454, 25.199737 ], [ 110.151428, 25.199734 ], [ 110.151408, 25.199732 ], [ 110.151417, 25.199714 ], [ 110.151388, 25.199686 ], [ 110.151385, 25.199668 ], [ 110.151365, 25.199676 ], [ 110.151254, 25.199674 ], [ 110.151249, 25.199704 ], [ 110.151288, 25.199749 ], [ 110.151288, 25.199803 ], [ 110.151317, 25.199848 ], [ 110.151306, 25.200011 ], [ 110.15132, 25.200021 ], [ 110.151317, 25.200025 ], [ 110.151311, 25.200033 ], [ 110.151284, 25.200038 ], [ 110.151257, 25.200035 ], [ 110.151181, 25.200026 ], [ 110.151123, 25.199975 ], [ 110.151123, 25.199952 ], [ 110.151123, 25.199946 ], [ 110.151123, 25.199931 ], [ 110.151123, 25.199929 ], [ 110.151123, 25.199929 ], [ 110.151125, 25.199871 ], [ 110.151125, 25.19986 ], [ 110.151125, 25.199859 ], [ 110.151122, 25.199853 ], [ 110.151105, 25.199822 ], [ 110.151101, 25.19981 ], [ 110.1511, 25.19981 ], [ 110.1511, 25.199809 ], [ 110.1511, 25.199808 ], [ 110.151094, 25.199792 ], [ 110.151092, 25.199785 ], [ 110.15109, 25.199778 ], [ 110.151067, 25.199773 ], [ 110.151059, 25.199771 ], [ 110.151046, 25.199768 ], [ 110.151035, 25.199765 ], [ 110.151001, 25.199761 ], [ 110.150966, 25.199756 ], [ 110.150961, 25.199752 ], [ 110.150846, 25.199756 ], [ 110.150825, 25.199775 ], [ 110.150725, 25.199883 ], [ 110.150707, 25.199899 ], [ 110.150669, 25.199951 ], [ 110.150538, 25.20002 ], [ 110.150536, 25.200083 ], [ 110.150531, 25.200094 ] ] ] } },
{ "type": "Feature", "properties": { "BSM": "450312211000581662", "DLBM": "0601", "DLMC": "工业用地", "图斑面积": 140035.07, "坐落单位": "刘村村委会", "企业名称": "桂林国际电线电缆集团有限责任公司", "行业代码": "C38", "行业名称": "电气机械和器材制造业", "产值": 52.0, "行政区": null, "用地性": null }, "geometry": { "type": "Polygon", "coordinates": [ [ [ 110.145042, 25.208541 ], [ 110.145024, 25.208607 ], [ 110.144996, 25.208601 ], [ 110.144867, 25.2086 ], [ 110.144797, 25.208604 ], [ 110.143854, 25.208646 ], [ 110.143091, 25.208681 ], [ 110.142213, 25.208636 ], [ 110.142225, 25.208855 ], [ 110.142236, 25.209049 ], [ 110.14226, 25.209461 ], [ 110.142279, 25.20979 ], [ 110.142298, 25.210118 ], [ 110.142316, 25.210338 ], [ 110.14232, 25.210399 ], [ 110.14232, 25.210407 ], [ 110.14232, 25.210407 ], [ 110.142323, 25.210454 ], [ 110.142559, 25.21046 ], [ 110.14281, 25.210462 ], [ 110.143061, 25.210463 ], [ 110.143314, 25.210473 ], [ 110.143567, 25.210484 ], [ 110.143796, 25.210465 ], [ 110.143796, 25.210465 ], [ 110.143798, 25.210464 ], [ 110.143927, 25.210421 ], [ 110.143933, 25.210419 ], [ 110.143993, 25.210394 ], [ 110.144028, 25.21039 ], [ 110.144061, 25.210386 ], [ 110.1441, 25.210388 ], [ 110.144372, 25.210387 ], [ 110.14443, 25.210395 ], [ 110.144458, 25.210404 ], [ 110.144473, 25.210422 ], [ 110.144471, 25.210838 ], [ 110.144469, 25.211255 ], [ 110.144469, 25.211272 ], [ 110.144564, 25.211423 ], [ 110.144561, 25.211811 ], [ 110.144558, 25.2122 ], [ 110.144555, 25.212588 ], [ 110.144715, 25.212594 ], [ 110.145034, 25.212607 ], [ 110.145115, 25.212609 ], [ 110.145117, 25.212609 ], [ 110.145375, 25.212615 ], [ 110.14542, 25.212616 ], [ 110.145806, 25.212625 ], [ 110.146035, 25.212631 ], [ 110.146193, 25.212634 ], [ 110.14626, 25.212627 ], [ 110.146317, 25.21262 ], [ 110.146446, 25.212585 ], [ 110.146726, 25.212369 ], [ 110.146846, 25.212239 ], [ 110.146914, 25.212166 ], [ 110.147325, 25.212317 ], [ 110.147216, 25.212009 ], [ 110.147203, 25.211972 ], [ 110.147004, 25.211907 ], [ 110.14695, 25.212022 ], [ 110.146962, 25.211931 ], [ 110.147005, 25.211881 ], [ 110.14708, 25.211896 ], [ 110.147184, 25.211917 ], [ 110.147099, 25.211678 ], [ 110.146953, 25.211265 ], [ 110.146952, 25.211261 ], [ 110.146841, 25.210961 ], [ 110.146702, 25.210583 ], [ 110.146563, 25.210206 ], [ 110.146425, 25.209829 ], [ 110.146286, 25.209451 ], [ 110.146194, 25.209201 ], [ 110.146102, 25.208952 ], [ 110.146065, 25.208852 ], [ 110.146034, 25.208767 ], [ 110.145991, 25.20865 ], [ 110.145975, 25.208607 ], [ 110.145972, 25.208599 ], [ 110.145951, 25.208541 ], [ 110.145923, 25.208536 ], [ 110.145881, 25.208529 ], [ 110.145816, 25.20851 ], [ 110.145778, 25.208499 ], [ 110.145766, 25.208497 ], [ 110.145747, 25.208556 ], [ 110.145727, 25.208618 ], [ 110.145716, 25.208667 ], [ 110.145696, 25.208686 ], [ 110.145665, 25.208688 ], [ 110.145619, 25.208672 ], [ 110.145615, 25.208695 ], [ 110.145279, 25.208626 ], [ 110.145287, 25.208518 ], [ 110.145235, 25.208515 ], [ 110.145046, 25.208505 ], [ 110.145042, 25.208541 ] ] ] } },
{ "type": "Feature", "properties": { "BSM": "450312211000581663", "DLBM": "0601", "DLMC": "工业用地", "图斑面积": 2700.19, "坐落单位": "大律村委会", "企业名称": "广西天马钢结构安装工程有限公司", "行业代码": "C33", "行业名称": "金属制品业", "产值": 0.0, "行政区": null, "用地性": null }, "geometry": { "type": "Polygon", "coordinates": [ [ [ 110.177158, 25.209419 ], [ 110.177065, 25.209351 ], [ 110.176912, 25.209241 ], [ 110.176667, 25.209062 ], [ 110.176355, 25.208819 ], [ 110.176331, 25.208798 ], [ 110.176149, 25.209038 ], [ 110.176336, 25.209158 ], [ 110.176433, 25.209187 ], [ 110.176562, 25.209183 ], [ 110.176679, 25.209229 ], [ 110.176992, 25.209498 ], [ 110.176993, 25.209511 ], [ 110.177008, 25.20952 ], [ 110.177031, 25.209526 ], [ 110.177044, 25.209528 ], [ 110.177076, 25.209521 ], [ 110.177319, 25.20971 ], [ 110.17733, 25.209719 ], [ 110.177406, 25.209625 ], [ 110.177415, 25.209615 ], [ 110.177406, 25.209608 ], [ 110.177165, 25.209424 ], [ 110.177158, 25.209419 ] ] ] } },
{ "type": "Feature", "properties": { "BSM": "450312211000581664", "DLBM": "0601", "DLMC": "工业用地", "图斑面积": 4576.62, "坐落单位": "二塘村委会", "企业名称": null, "行业代码": null, "行业名称": null, "产值": 0.0, "行政区": null, "用地性": null }, "geometry": { "type": "Polygon", "coordinates": [ [ [ 110.206578, 25.215347 ], [ 110.206607, 25.215394 ], [ 110.206503, 25.215396 ], [ 110.206377, 25.215397 ], [ 110.206399, 25.215629 ], [ 110.206499, 25.215626 ], [ 110.206525, 25.215625 ], [ 110.206662, 25.215621 ], [ 110.206707, 25.215615 ], [ 110.206687, 25.215458 ], [ 110.206693, 25.215401 ], [ 110.206726, 25.215348 ], [ 110.206726, 25.215348 ], [ 110.206729, 25.215349 ], [ 110.206826, 25.215184 ], [ 110.206885, 25.215184 ], [ 110.206968, 25.215182 ], [ 110.2071, 25.215128 ], [ 110.20717, 25.215099 ], [ 110.207172, 25.215098 ], [ 110.207125, 25.214996 ], [ 110.207096, 25.214933 ], [ 110.207045, 25.214818 ], [ 110.20702, 25.21476 ], [ 110.206872, 25.214822 ], [ 110.206804, 25.214837 ], [ 110.206763, 25.214846 ], [ 110.206687, 25.214884 ], [ 110.206642, 25.214938 ], [ 110.206611, 25.214937 ], [ 110.206555, 25.214933 ], [ 110.206574, 25.214798 ], [ 110.206539, 25.214791 ], [ 110.206367, 25.214759 ], [ 110.206314, 25.21475 ], [ 110.206224, 25.214733 ], [ 110.206221, 25.214745 ], [ 110.20618, 25.2149 ], [ 110.206265, 25.214914 ], [ 110.206232, 25.215094 ], [ 110.206266, 25.215101 ], [ 110.206305, 25.21511 ], [ 110.20637, 25.21506 ], [ 110.206391, 25.215067 ], [ 110.206438, 25.215125 ], [ 110.206519, 25.215147 ], [ 110.2067, 25.215162 ], [ 110.206669, 25.215192 ], [ 110.20665, 25.215203 ], [ 110.206627, 25.215211 ], [ 110.206598, 25.215209 ], [ 110.206544, 25.215189 ], [ 110.206504, 25.215331 ], [ 110.206513, 25.21535 ], [ 110.206578, 25.215347 ] ] ] } },
{ "type": "Feature", "properties": { "BSM": "450312211000581668", "DLBM": "0601", "DLMC": "工业用地", "图斑面积": 5006.56, "坐落单位": "诚正村委会", "企业名称": null, "行业代码": null, "行业名称": null, "产值": 0.0, "行政区": null, "用地性": null }, "geometry": { "type": "Polygon", "coordinates": [ [ [ 110.325201, 25.000515 ], [ 110.325214, 25.000494 ], [ 110.325401, 25.000156 ], [ 110.325404, 25.000127 ], [ 110.325391, 25.000109 ], [ 110.325372, 25.000097 ], [ 110.325287, 25.000076 ], [ 110.325077, 25.000021 ], [ 110.325069, 25.000019 ], [ 110.325059, 25.000015 ], [ 110.324858, 24.999953 ], [ 110.324823, 24.999946 ], [ 110.324775, 25.000119 ], [ 110.324884, 25.000156 ], [ 110.324838, 25.000256 ], [ 110.324743, 25.000235 ], [ 110.324696, 25.000306 ], [ 110.324684, 25.000342 ], [ 110.324572, 25.00069 ], [ 110.324588, 25.000738 ], [ 110.324575, 25.000793 ], [ 110.324522, 25.000879 ], [ 110.324503, 25.000959 ], [ 110.324524, 25.00099 ], [ 110.324585, 25.000996 ], [ 110.324713, 25.000968 ], [ 110.324769, 25.000943 ], [ 110.324779, 25.00093 ], [ 110.324882, 25.000783 ], [ 110.325071, 25.000516 ], [ 110.325175, 25.000559 ], [ 110.325201, 25.000515 ] ] ] } },
{ "type": "Feature", "properties": { "BSM": "450312211000581669", "DLBM": "0601", "DLMC": "工业用地", "图斑面积": 5818.3, "坐落单位": "诚正村委会", "企业名称": null, "行业代码": null, "行业名称": null, "产值": 0.0, "行政区": null, "用地性": null }, "geometry": { "type": "Polygon", "coordinates": [ [ [ 110.323313, 25.000681 ], [ 110.323451, 25.000731 ], [ 110.323453, 25.000727 ], [ 110.323518, 25.00049 ], [ 110.32363, 25.000132 ], [ 110.323718, 24.999871 ], [ 110.323728, 24.999834 ], [ 110.323691, 24.999832 ], [ 110.323668, 24.999824 ], [ 110.323655, 24.999819 ], [ 110.323609, 24.999798 ], [ 110.323563, 24.999845 ], [ 110.323476, 24.999903 ], [ 110.323389, 24.999909 ], [ 110.323302, 24.99989 ], [ 110.323281, 24.99988 ], [ 110.323195, 24.999841 ], [ 110.323138, 24.999808 ], [ 110.323086, 24.999779 ], [ 110.323011, 24.999761 ], [ 110.322947, 24.99978 ], [ 110.322941, 24.99979 ], [ 110.322931, 24.999803 ], [ 110.322925, 24.999812 ], [ 110.322875, 24.999891 ], [ 110.32285, 25.000023 ], [ 110.322846, 25.000039 ], [ 110.32274, 25.000436 ], [ 110.322768, 25.000464 ], [ 110.322914, 25.000522 ], [ 110.323137, 25.000615 ], [ 110.323376, 24.999919 ], [ 110.323482, 24.999942 ], [ 110.323486, 24.999943 ], [ 110.323488, 24.999944 ], [ 110.323255, 25.00066 ], [ 110.323313, 25.000681 ] ] ] } },
{ "type": "Feature", "properties": { "BSM": "450312211000581670", "DLBM": "0601", "DLMC": "工业用地", "图斑面积": 625.36, "坐落单位": "诚正村委会", "企业名称": null, "行业代码": null, "行业名称": null, "产值": 0.0, "行政区": null, "用地性": null }, "geometry": { "type": "Polygon", "coordinates": [ [ [ 110.326894, 24.996783 ], [ 110.326834, 24.996762 ], [ 110.326777, 24.996728 ], [ 110.326757, 24.99672 ], [ 110.326706, 24.996701 ], [ 110.326668, 24.996806 ], [ 110.326667, 24.996808 ], [ 110.326704, 24.996828 ], [ 110.326824, 24.99689 ], [ 110.326867, 24.996912 ], [ 110.326998, 24.996979 ], [ 110.327034, 24.996998 ], [ 110.327091, 24.996898 ], [ 110.327112, 24.99686 ], [ 110.327015, 24.996826 ], [ 110.326962, 24.996807 ], [ 110.326894, 24.996783 ] ] ] } },
{ "type": "Feature", "properties": { "BSM": "450312211000581671", "DLBM": "0601", "DLMC": "工业用地", "图斑面积": 11630.14, "坐落单位": "诚正村委会", "企业名称": null, "行业代码": null, "行业名称": null, "产值": 0.0, "行政区": null, "用地性": null }, "geometry": { "type": "Polygon", "coordinates": [ [ [ 110.326579, 24.997566 ], [ 110.326507, 24.997513 ], [ 110.326423, 24.997496 ], [ 110.326381, 24.997522 ], [ 110.326366, 24.997537 ], [ 110.326325, 24.99753 ], [ 110.326245, 24.997488 ], [ 110.326254, 24.997467 ], [ 110.326254, 24.997452 ], [ 110.326321, 24.997371 ], [ 110.326369, 24.997334 ], [ 110.326374, 24.997281 ], [ 110.326463, 24.997139 ], [ 110.326512, 24.997121 ], [ 110.326554, 24.997124 ], [ 110.326623, 24.997177 ], [ 110.326627, 24.997211 ], [ 110.326674, 24.997222 ], [ 110.326697, 24.997268 ], [ 110.32676, 24.997304 ], [ 110.326792, 24.997258 ], [ 110.326825, 24.997187 ], [ 110.326823, 24.997177 ], [ 110.326805, 24.997164 ], [ 110.326709, 24.997119 ], [ 110.326705, 24.997114 ], [ 110.326702, 24.997101 ], [ 110.326713, 24.997083 ], [ 110.326774, 24.996987 ], [ 110.326628, 24.996903 ], [ 110.326597, 24.996951 ], [ 110.326586, 24.996963 ], [ 110.326573, 24.996963 ], [ 110.326541, 24.99695 ], [ 110.326453, 24.996896 ], [ 110.326519, 24.996775 ], [ 110.326437, 24.996733 ], [ 110.326412, 24.996719 ], [ 110.326375, 24.9967 ], [ 110.32628, 24.996848 ], [ 110.326161, 24.996786 ], [ 110.326162, 24.996785 ], [ 110.32625, 24.996633 ], [ 110.326112, 24.99656 ], [ 110.326051, 24.996659 ], [ 110.325937, 24.996845 ], [ 110.325847, 24.996965 ], [ 110.325981, 24.997025 ], [ 110.325926, 24.997112 ], [ 110.325914, 24.997131 ], [ 110.325854, 24.997227 ], [ 110.325737, 24.997142 ], [ 110.325787, 24.997062 ], [ 110.325814, 24.997019 ], [ 110.3257, 24.996955 ], [ 110.325271, 24.997584 ], [ 110.325323, 24.997607 ], [ 110.325427, 24.997654 ], [ 110.325481, 24.99758 ], [ 110.325605, 24.997635 ], [ 110.325651, 24.997544 ], [ 110.325819, 24.997268 ], [ 110.32595, 24.997343 ], [ 110.325786, 24.997624 ], [ 110.325718, 24.997786 ], [ 110.325872, 24.997857 ], [ 110.325926, 24.997885 ], [ 110.325949, 24.997895 ], [ 110.326111, 24.997969 ], [ 110.326149, 24.997987 ], [ 110.326263, 24.998038 ], [ 110.326294, 24.998053 ], [ 110.326396, 24.9981 ], [ 110.326674, 24.997651 ], [ 110.326739, 24.99754 ], [ 110.326634, 24.997487 ], [ 110.326579, 24.997566 ] ] ] } },
{ "type": "Feature", "properties": { "BSM": "450312211000581672", "DLBM": "0601", "DLMC": "工业用地", "图斑面积": 8358.87, "坐落单位": "新立村委会", "企业名称": null, "行业代码": null, "行业名称": null, "产值": 0.0, "行政区": null, "用地性": null }, "geometry": { "type": "Polygon", "coordinates": [ [ [ 110.269269, 25.153189 ], [ 110.269361, 25.153238 ], [ 110.269511, 25.153304 ], [ 110.269648, 25.153364 ], [ 110.269764, 25.153415 ], [ 110.269997, 25.153517 ], [ 110.270121, 25.153572 ], [ 110.270193, 25.153476 ], [ 110.270196, 25.153472 ], [ 110.270084, 25.153438 ], [ 110.270057, 25.153349 ], [ 110.269897, 25.153274 ], [ 110.269802, 25.153235 ], [ 110.269808, 25.153202 ], [ 110.2699, 25.153126 ], [ 110.270177, 25.152963 ], [ 110.270187, 25.152955 ], [ 110.270366, 25.152817 ], [ 110.27038, 25.152806 ], [ 110.270385, 25.152795 ], [ 110.270108, 25.152608 ], [ 110.270036, 25.152566 ], [ 110.26996, 25.152587 ], [ 110.269942, 25.152543 ], [ 110.269943, 25.152493 ], [ 110.269891, 25.152457 ], [ 110.269861, 25.152491 ], [ 110.269777, 25.152558 ], [ 110.26948, 25.152731 ], [ 110.269446, 25.152737 ], [ 110.269402, 25.152696 ], [ 110.269384, 25.152692 ], [ 110.269262, 25.152769 ], [ 110.269251, 25.152793 ], [ 110.269271, 25.152827 ], [ 110.269267, 25.152841 ], [ 110.26917, 25.152922 ], [ 110.269149, 25.152927 ], [ 110.269121, 25.152911 ], [ 110.269115, 25.152911 ], [ 110.268958, 25.152824 ], [ 110.268875, 25.152778 ], [ 110.26881, 25.152812 ], [ 110.268696, 25.152785 ], [ 110.268656, 25.152867 ], [ 110.268809, 25.152947 ], [ 110.269023, 25.15306 ], [ 110.269269, 25.153189 ] ] ] } },
{ "type": "Feature", "properties": { "BSM": "450312211000581673", "DLBM": "0601", "DLMC": "工业用地", "图斑面积": 6948.55, "坐落单位": "新民村委会", "企业名称": null, "行业代码": null, "行业名称": null, "产值": 0.0, "行政区": null, "用地性": null }, "geometry": { "type": "Polygon", "coordinates": [ [ [ 110.259273, 25.093206 ], [ 110.259188, 25.093138 ], [ 110.25882, 25.092841 ], [ 110.258815, 25.092784 ], [ 110.259035, 25.092562 ], [ 110.259015, 25.092546 ], [ 110.258683, 25.092844 ], [ 110.258333, 25.093159 ], [ 110.258302, 25.093187 ], [ 110.258235, 25.093247 ], [ 110.258143, 25.09333 ], [ 110.258092, 25.093376 ], [ 110.258164, 25.09345 ], [ 110.258351, 25.093617 ], [ 110.258623, 25.09382 ], [ 110.259273, 25.093206 ] ] ] } },
{ "type": "Feature", "properties": { "BSM": "450312211000581674", "DLBM": "0601", "DLMC": "工业用地", "图斑面积": 18118.7, "坐落单位": "新民村委会", "企业名称": null, "行业代码": null, "行业名称": null, "产值": 0.0, "行政区": null, "用地性": null }, "geometry": { "type": "Polygon", "coordinates": [ [ [ 110.253201, 25.101467 ], [ 110.253174, 25.10147 ], [ 110.253162, 25.101484 ], [ 110.253125, 25.101529 ], [ 110.253068, 25.10166 ], [ 110.253013, 25.101746 ], [ 110.252984, 25.10179 ], [ 110.252984, 25.10179 ], [ 110.252956, 25.101833 ], [ 110.252903, 25.101949 ], [ 110.252882, 25.102068 ], [ 110.252842, 25.102155 ], [ 110.25279, 25.102193 ], [ 110.252681, 25.102202 ], [ 110.252635, 25.102208 ], [ 110.252722, 25.102391 ], [ 110.252911, 25.102385 ], [ 110.253029, 25.10239 ], [ 110.253119, 25.102384 ], [ 110.253119, 25.102384 ], [ 110.253123, 25.102383 ], [ 110.253188, 25.102379 ], [ 110.253236, 25.102376 ], [ 110.253264, 25.102368 ], [ 110.253318, 25.102353 ], [ 110.253353, 25.10235 ], [ 110.253437, 25.102281 ], [ 110.253606, 25.102202 ], [ 110.253714, 25.102151 ], [ 110.25374, 25.102128 ], [ 110.253749, 25.102111 ], [ 110.253859, 25.102094 ], [ 110.253859, 25.102094 ], [ 110.253859, 25.102094 ], [ 110.253954, 25.102051 ], [ 110.253969, 25.102042 ], [ 110.254019, 25.102013 ], [ 110.254105, 25.101962 ], [ 110.254106, 25.101962 ], [ 110.254508, 25.101803 ], [ 110.254847, 25.101641 ], [ 110.254772, 25.101422 ], [ 110.25468, 25.10119 ], [ 110.254588, 25.100958 ], [ 110.254528, 25.100806 ], [ 110.254398, 25.100833 ], [ 110.254355, 25.1009 ], [ 110.253982, 25.101104 ], [ 110.253947, 25.101128 ], [ 110.253845, 25.101199 ], [ 110.253845, 25.101199 ], [ 110.253845, 25.101199 ], [ 110.253845, 25.101199 ], [ 110.253834, 25.101203 ], [ 110.253797, 25.101218 ], [ 110.253733, 25.101221 ], [ 110.253736, 25.101249 ], [ 110.253723, 25.101293 ], [ 110.253841, 25.101421 ], [ 110.253652, 25.101571 ], [ 110.253674, 25.10153 ], [ 110.253753, 25.101428 ], [ 110.253759, 25.101365 ], [ 110.253744, 25.101332 ], [ 110.253716, 25.101314 ], [ 110.25365, 25.101377 ], [ 110.253587, 25.101472 ], [ 110.253571, 25.101514 ], [ 110.25352, 25.101517 ], [ 110.253494, 25.101492 ], [ 110.253527, 25.101473 ], [ 110.253379, 25.101335 ], [ 110.253351, 25.101341 ], [ 110.253292, 25.101391 ], [ 110.253201, 25.101467 ] ] ] } },
{ "type": "Feature", "properties": { "BSM": "450312211000581675", "DLBM": "0601", "DLMC": "工业用地", "图斑面积": 18781.0, "坐落单位": "新民村委会", "企业名称": null, "行业代码": null, "行业名称": null, "产值": 0.0, "行政区": null, "用地性": null }, "geometry": { "type": "Polygon", "coordinates": [ [ [ 110.2519, 25.086344 ], [ 110.251869, 25.086425 ], [ 110.251816, 25.086529 ], [ 110.251752, 25.086656 ], [ 110.251713, 25.086739 ], [ 110.251692, 25.086822 ], [ 110.251678, 25.086875 ], [ 110.251621, 25.087046 ], [ 110.251574, 25.087159 ], [ 110.251564, 25.087226 ], [ 110.251559, 25.087307 ], [ 110.251565, 25.08733 ], [ 110.251629, 25.087462 ], [ 110.251673, 25.087572 ], [ 110.251696, 25.087637 ], [ 110.251696, 25.087682 ], [ 110.251687, 25.087725 ], [ 110.251677, 25.087782 ], [ 110.251679, 25.08783 ], [ 110.251697, 25.087861 ], [ 110.251731, 25.087907 ], [ 110.251796, 25.087974 ], [ 110.251895, 25.088082 ], [ 110.251978, 25.088178 ], [ 110.252049, 25.088282 ], [ 110.252095, 25.088352 ], [ 110.252128, 25.08824 ], [ 110.252188, 25.08804 ], [ 110.252239, 25.087889 ], [ 110.252271, 25.087793 ], [ 110.25238, 25.087514 ], [ 110.252412, 25.087421 ], [ 110.25247, 25.087254 ], [ 110.252548, 25.087011 ], [ 110.252627, 25.086781 ], [ 110.252647, 25.086707 ], [ 110.252318, 25.086617 ], [ 110.252281, 25.086608 ], [ 110.252313, 25.086589 ], [ 110.252343, 25.086584 ], [ 110.252379, 25.086581 ], [ 110.252413, 25.086579 ], [ 110.252423, 25.08658 ], [ 110.252667, 25.086636 ], [ 110.252671, 25.086622 ], [ 110.252698, 25.086524 ], [ 110.252704, 25.086497 ], [ 110.252742, 25.086333 ], [ 110.252751, 25.08629 ], [ 110.252788, 25.086134 ], [ 110.252446, 25.085955 ], [ 110.252104, 25.085776 ], [ 110.252104, 25.085776 ], [ 110.252044, 25.08594 ], [ 110.252012, 25.086045 ], [ 110.251938, 25.086245 ], [ 110.2519, 25.086344 ] ] ] } },
{ "type": "Feature", "properties": { "BSM": "450312211000581676", "DLBM": "0601", "DLMC": "工业用地", "图斑面积": 11450.15, "坐落单位": "陶淑村委会", "企业名称": null, "行业代码": null, "行业名称": null, "产值": 0.0, "行政区": null, "用地性": null }, "geometry": { "type": "Polygon", "coordinates": [ [ [ 110.13335, 25.039628 ], [ 110.133332, 25.039614 ], [ 110.133235, 25.039589 ], [ 110.133124, 25.039596 ], [ 110.133048, 25.039698 ], [ 110.132993, 25.039705 ], [ 110.132935, 25.039721 ], [ 110.132898, 25.039766 ], [ 110.132867, 25.039814 ], [ 110.13279, 25.039837 ], [ 110.132717, 25.039846 ], [ 110.132667, 25.039844 ], [ 110.132631, 25.039817 ], [ 110.132591, 25.039793 ], [ 110.132534, 25.039805 ], [ 110.132502, 25.039848 ], [ 110.132504, 25.039914 ], [ 110.132517, 25.039941 ], [ 110.132569, 25.039941 ], [ 110.132622, 25.039941 ], [ 110.132663, 25.039952 ], [ 110.132347, 25.040148 ], [ 110.132333, 25.040132 ], [ 110.132332, 25.040139 ], [ 110.132332, 25.04014 ], [ 110.13233, 25.040158 ], [ 110.132318, 25.040275 ], [ 110.132251, 25.040565 ], [ 110.132251, 25.040565 ], [ 110.132241, 25.040606 ], [ 110.132241, 25.040606 ], [ 110.132242, 25.040606 ], [ 110.132268, 25.040609 ], [ 110.132276, 25.040599 ], [ 110.13229, 25.040589 ], [ 110.13233, 25.040544 ], [ 110.132332, 25.040528 ], [ 110.132331, 25.040516 ], [ 110.13233, 25.040501 ], [ 110.132524, 25.040341 ], [ 110.132526, 25.04034 ], [ 110.132627, 25.040257 ], [ 110.132741, 25.040341 ], [ 110.13276, 25.040328 ], [ 110.132808, 25.040368 ], [ 110.132866, 25.040423 ], [ 110.132883, 25.040492 ], [ 110.132914, 25.040534 ], [ 110.132977, 25.040586 ], [ 110.133044, 25.040623 ], [ 110.133077, 25.040625 ], [ 110.133127, 25.040704 ], [ 110.133148, 25.040666 ], [ 110.13321, 25.040559 ], [ 110.133317, 25.040464 ], [ 110.133384, 25.040424 ], [ 110.133401, 25.040414 ], [ 110.133423, 25.040405 ], [ 110.133401, 25.040342 ], [ 110.133401, 25.040341 ], [ 110.133408, 25.04024 ], [ 110.13362, 25.040072 ], [ 110.133629, 25.040017 ], [ 110.133691, 25.039911 ], [ 110.133734, 25.03993 ], [ 110.133929, 25.039734 ], [ 110.134049, 25.039609 ], [ 110.133868, 25.039377 ], [ 110.133857, 25.039382 ], [ 110.133832, 25.039392 ], [ 110.133739, 25.039408 ], [ 110.133708, 25.0394 ], [ 110.133587, 25.039491 ], [ 110.133574, 25.039501 ], [ 110.133454, 25.039583 ], [ 110.13335, 25.039628 ] ] ] } },
{ "type": "Feature", "properties": { "BSM": "450312211000581677", "DLBM": "0601", "DLMC": "工业用地", "图斑面积": 13500.91, "坐落单位": "古定村委会", "企业名称": null, "行业代码": null, "行业名称": null, "产值": 0.0, "行政区": null, "用地性": null }, "geometry": { "type": "Polygon", "coordinates": [ [ [ 110.000524, 25.191282 ], [ 110.000565, 25.191267 ], [ 110.000614, 25.191316 ], [ 110.000675, 25.191357 ], [ 110.000752, 25.191299 ], [ 110.000758, 25.191261 ], [ 110.000658, 25.191094 ], [ 110.000599, 25.191025 ], [ 110.000523, 25.191026 ], [ 110.000523, 25.190945 ], [ 110.000499, 25.190888 ], [ 110.000448, 25.190819 ], [ 110.000395, 25.190785 ], [ 110.000242, 25.190727 ], [ 110.0002, 25.190707 ], [ 110.000175, 25.190713 ], [ 110.000159, 25.190718 ], [ 110.000155, 25.190732 ], [ 110.000114, 25.190874 ], [ 110.000084, 25.191052 ], [ 110.000073, 25.191111 ], [ 110.000062, 25.191266 ], [ 110.000064, 25.191586 ], [ 110.000022, 25.191756 ], [ 109.999962, 25.191876 ], [ 109.999951, 25.191886 ], [ 109.999908, 25.191923 ], [ 109.999913, 25.192014 ], [ 109.999991, 25.19226 ], [ 110.000017, 25.192262 ], [ 110.000068, 25.192262 ], [ 110.000179, 25.192262 ], [ 110.000451, 25.192291 ], [ 110.000714, 25.192314 ], [ 110.00093, 25.192351 ], [ 110.00132, 25.192455 ], [ 110.001714, 25.192566 ], [ 110.001723, 25.192515 ], [ 110.001745, 25.192399 ], [ 110.001727, 25.192381 ], [ 110.001699, 25.192342 ], [ 110.001643, 25.192203 ], [ 110.001643, 25.192203 ], [ 110.001535, 25.192174 ], [ 110.001507, 25.192165 ], [ 110.001229, 25.192099 ], [ 110.00095, 25.192032 ], [ 110.000898, 25.192028 ], [ 110.000887, 25.192051 ], [ 110.000732, 25.192005 ], [ 110.000736, 25.191982 ], [ 110.000727, 25.191967 ], [ 110.000649, 25.191853 ], [ 110.000594, 25.191846 ], [ 110.000566, 25.191725 ], [ 110.000601, 25.191724 ], [ 110.000603, 25.191688 ], [ 110.000563, 25.191618 ], [ 110.000519, 25.191614 ], [ 110.000522, 25.191319 ], [ 110.000524, 25.191282 ] ] ] } },
{ "type": "Feature", "properties": { "BSM": "450312211000581680", "DLBM": "0601", "DLMC": "工业用地", "图斑面积": 3575.41, "坐落单位": "宝山村委会", "企业名称": null, "行业代码": null, "行业名称": null, "产值": 0.0, "行政区": null, "用地性": null }, "geometry": { "type": "Polygon", "coordinates": [ [ [ 110.020074, 25.146816 ], [ 110.020088, 25.146822 ], [ 110.02014, 25.146821 ], [ 110.020175, 25.14682 ], [ 110.020294, 25.146816 ], [ 110.020604, 25.146821 ], [ 110.020606, 25.146796 ], [ 110.020627, 25.146574 ], [ 110.02066, 25.146318 ], [ 110.02066, 25.146318 ], [ 110.020661, 25.146317 ], [ 110.020495, 25.146332 ], [ 110.020183, 25.146361 ], [ 110.019987, 25.146368 ], [ 110.019937, 25.14637 ], [ 110.01995, 25.146699 ], [ 110.019959, 25.14679 ], [ 110.019962, 25.146803 ], [ 110.019965, 25.14681 ], [ 110.02002, 25.146812 ], [ 110.020074, 25.146816 ] ] ] } },
{ "type": "Feature", "properties": { "BSM": "450312211000581681", "DLBM": "0601", "DLMC": "工业用地", "图斑面积": 6918.96, "坐落单位": "城联村委会", "企业名称": null, "行业代码": null, "行业名称": null, "产值": 0.0, "行政区": null, "用地性": null }, "geometry": { "type": "Polygon", "coordinates": [ [ [ 110.022574, 25.190193 ], [ 110.022396, 25.190255 ], [ 110.022474, 25.190454 ], [ 110.022185, 25.190574 ], [ 110.0221, 25.19063 ], [ 110.022205, 25.190679 ], [ 110.022532, 25.190831 ], [ 110.022678, 25.19089 ], [ 110.022829, 25.190973 ], [ 110.022856, 25.190986 ], [ 110.022974, 25.190991 ], [ 110.023066, 25.19099 ], [ 110.023171, 25.190949 ], [ 110.023235, 25.190873 ], [ 110.023262, 25.19082 ], [ 110.023311, 25.1908 ], [ 110.023317, 25.190759 ], [ 110.023339, 25.190586 ], [ 110.023352, 25.190463 ], [ 110.023352, 25.19046 ], [ 110.023358, 25.190407 ], [ 110.023377, 25.190225 ], [ 110.023377, 25.190221 ], [ 110.023126, 25.190265 ], [ 110.023184, 25.190465 ], [ 110.023042, 25.190466 ], [ 110.023021, 25.190466 ], [ 110.022903, 25.190496 ], [ 110.022855, 25.190342 ], [ 110.022777, 25.190115 ], [ 110.022742, 25.190133 ], [ 110.022574, 25.190193 ] ] ] } },
{ "type": "Feature", "properties": { "BSM": "450312211000581682", "DLBM": "0601", "DLMC": "工业用地", "图斑面积": 12387.83, "坐落单位": "城联村委会", "企业名称": null, "行业代码": null, "行业名称": null, "产值": 0.0, "行政区": null, "用地性": null }, "geometry": { "type": "Polygon", "coordinates": [ [ [ 110.006952, 25.202833 ], [ 110.006972, 25.202842 ], [ 110.007039, 25.202803 ], [ 110.00711, 25.202852 ], [ 110.007159, 25.20283 ], [ 110.007179, 25.202802 ], [ 110.007198, 25.202793 ], [ 110.007226, 25.202787 ], [ 110.007256, 25.202785 ], [ 110.007271, 25.202785 ], [ 110.007279, 25.202788 ], [ 110.007281, 25.202781 ], [ 110.007296, 25.202726 ], [ 110.007368, 25.20271 ], [ 110.007367, 25.202689 ], [ 110.007356, 25.202531 ], [ 110.00745, 25.202518 ], [ 110.007442, 25.202688 ], [ 110.007449, 25.202805 ], [ 110.007451, 25.202829 ], [ 110.007453, 25.202858 ], [ 110.007459, 25.202937 ], [ 110.007484, 25.20294 ], [ 110.007564, 25.202962 ], [ 110.007601, 25.20297 ], [ 110.007635, 25.202974 ], [ 110.007658, 25.202974 ], [ 110.007708, 25.20296 ], [ 110.007769, 25.20294 ], [ 110.00783, 25.202924 ], [ 110.007895, 25.202911 ], [ 110.00798, 25.202881 ], [ 110.008026, 25.202856 ], [ 110.008075, 25.202822 ], [ 110.008126, 25.202807 ], [ 110.00818, 25.202799 ], [ 110.008235, 25.202791 ], [ 110.008267, 25.202794 ], [ 110.008296, 25.202807 ], [ 110.0083, 25.202798 ], [ 110.008321, 25.202789 ], [ 110.008397, 25.202763 ], [ 110.008469, 25.202713 ], [ 110.008503, 25.202668 ], [ 110.008458, 25.202656 ], [ 110.008386, 25.202637 ], [ 110.008329, 25.202547 ], [ 110.008304, 25.202517 ], [ 110.008259, 25.202461 ], [ 110.008269, 25.202425 ], [ 110.008275, 25.202372 ], [ 110.008256, 25.202346 ], [ 110.008249, 25.202343 ], [ 110.008286, 25.202297 ], [ 110.008306, 25.202164 ], [ 110.008352, 25.202045 ], [ 110.008319, 25.202036 ], [ 110.008294, 25.202032 ], [ 110.008275, 25.202045 ], [ 110.008255, 25.202065 ], [ 110.008227, 25.202065 ], [ 110.008179, 25.202011 ], [ 110.008139, 25.201952 ], [ 110.00808, 25.201907 ], [ 110.008059, 25.201898 ], [ 110.008046, 25.201907 ], [ 110.008036, 25.201921 ], [ 110.008025, 25.201949 ], [ 110.008, 25.20196 ], [ 110.007968, 25.201952 ], [ 110.007909, 25.201927 ], [ 110.007892, 25.20192 ], [ 110.007873, 25.20193 ], [ 110.007829, 25.202004 ], [ 110.007806, 25.202032 ], [ 110.007776, 25.202052 ], [ 110.007754, 25.202059 ], [ 110.007679, 25.202057 ], [ 110.007639, 25.202042 ], [ 110.007616, 25.202015 ], [ 110.00761, 25.202012 ], [ 110.007599, 25.202016 ], [ 110.007592, 25.202024 ], [ 110.007586, 25.20202 ], [ 110.007574, 25.202009 ], [ 110.007571, 25.202006 ], [ 110.007523, 25.201937 ], [ 110.007481, 25.201877 ], [ 110.007457, 25.201918 ], [ 110.007391, 25.202034 ], [ 110.007249, 25.202251 ], [ 110.007073, 25.20248 ], [ 110.006963, 25.202561 ], [ 110.006715, 25.202742 ], [ 110.006649, 25.202778 ], [ 110.006571, 25.202819 ], [ 110.006672, 25.202914 ], [ 110.006684, 25.202954 ], [ 110.006699, 25.202954 ], [ 110.006802, 25.202956 ], [ 110.006905, 25.202969 ], [ 110.006944, 25.20298 ], [ 110.006937, 25.2029 ], [ 110.006945, 25.202858 ], [ 110.006952, 25.202833 ] ] ] } },
{ "type": "Feature", "properties": { "BSM": "450312211000581683", "DLBM": "0601", "DLMC": "工业用地", "图斑面积": 8634.62, "坐落单位": "高寨村委会", "企业名称": null, "行业代码": null, "行业名称": null, "产值": 0.0, "行政区": null, "用地性": null }, "geometry": { "type": "Polygon", "coordinates": [ [ [ 109.998783, 25.205469 ], [ 109.998819, 25.205639 ], [ 109.998827, 25.20567 ], [ 109.998854, 25.205681 ], [ 109.998976, 25.205674 ], [ 109.999004, 25.205673 ], [ 109.999122, 25.205667 ], [ 109.999411, 25.205642 ], [ 109.999432, 25.205625 ], [ 109.999432, 25.205596 ], [ 109.999391, 25.20546 ], [ 109.999376, 25.205357 ], [ 109.999341, 25.205156 ], [ 109.999343, 25.205128 ], [ 109.999358, 25.205048 ], [ 109.99939, 25.204978 ], [ 109.999416, 25.204954 ], [ 109.999472, 25.204938 ], [ 109.999504, 25.204934 ], [ 109.999499, 25.204893 ], [ 109.999513, 25.204862 ], [ 109.999553, 25.204821 ], [ 109.999591, 25.204808 ], [ 109.999658, 25.204794 ], [ 109.999821, 25.20475 ], [ 109.999831, 25.204748 ], [ 109.999893, 25.204733 ], [ 109.999911, 25.204722 ], [ 109.999915, 25.204706 ], [ 109.999797, 25.204707 ], [ 109.999621, 25.204707 ], [ 109.999487, 25.204714 ], [ 109.99947, 25.204716 ], [ 109.999389, 25.204727 ], [ 109.99932, 25.204736 ], [ 109.999258, 25.204743 ], [ 109.999095, 25.204774 ], [ 109.998768, 25.204851 ], [ 109.998693, 25.204868 ], [ 109.998631, 25.204883 ], [ 109.998621, 25.204886 ], [ 109.998504, 25.204908 ], [ 109.998504, 25.204913 ], [ 109.998504, 25.204986 ], [ 109.998497, 25.205023 ], [ 109.998494, 25.205034 ], [ 109.998402, 25.205195 ], [ 109.998372, 25.205231 ], [ 109.998372, 25.205232 ], [ 109.998423, 25.205363 ], [ 109.998455, 25.205399 ], [ 109.998501, 25.205413 ], [ 109.998517, 25.205409 ], [ 109.998522, 25.205451 ], [ 109.998653, 25.205455 ], [ 109.998654, 25.205472 ], [ 109.998783, 25.205469 ] ] ] } },
{ "type": "Feature", "properties": { "BSM": "450312211000581684", "DLBM": "0601", "DLMC": "工业用地", "图斑面积": 25517.53, "坐落单位": "车梁村委会", "企业名称": null, "行业代码": null, "行业名称": null, "产值": 0.0, "行政区": null, "用地性": null }, "geometry": { "type": "Polygon", "coordinates": [ [ [ 110.027433, 25.223927 ], [ 110.027363, 25.223785 ], [ 110.027243, 25.223847 ], [ 110.027194, 25.223754 ], [ 110.027161, 25.223759 ], [ 110.027022, 25.223822 ], [ 110.026916, 25.22387 ], [ 110.026896, 25.223881 ], [ 110.026768, 25.223751 ], [ 110.026785, 25.223744 ], [ 110.027005, 25.223634 ], [ 110.02707, 25.223591 ], [ 110.027129, 25.223553 ], [ 110.027394, 25.223443 ], [ 110.027399, 25.223442 ], [ 110.027605, 25.223365 ], [ 110.027735, 25.223317 ], [ 110.027785, 25.223281 ], [ 110.02779, 25.223277 ], [ 110.02795, 25.223186 ], [ 110.02804, 25.223156 ], [ 110.028053, 25.223152 ], [ 110.028285, 25.223083 ], [ 110.028439, 25.223047 ], [ 110.02862, 25.222995 ], [ 110.028592, 25.222982 ], [ 110.028438, 25.222846 ], [ 110.028324, 25.222728 ], [ 110.028243, 25.222653 ], [ 110.028164, 25.222596 ], [ 110.02794, 25.222649 ], [ 110.027705, 25.222698 ], [ 110.027626, 25.22273 ], [ 110.027353, 25.222865 ], [ 110.027174, 25.222931 ], [ 110.027071, 25.222958 ], [ 110.02696, 25.222984 ], [ 110.026784, 25.223049 ], [ 110.026552, 25.223124 ], [ 110.026446, 25.223179 ], [ 110.026438, 25.223195 ], [ 110.026436, 25.223223 ], [ 110.026432, 25.223236 ], [ 110.026411, 25.223242 ], [ 110.026396, 25.223236 ], [ 110.026368, 25.223231 ], [ 110.026354, 25.223244 ], [ 110.02633, 25.22329 ], [ 110.026315, 25.223368 ], [ 110.026297, 25.223458 ], [ 110.026261, 25.223532 ], [ 110.02619, 25.223616 ], [ 110.02608, 25.223699 ], [ 110.026024, 25.223742 ], [ 110.025962, 25.223705 ], [ 110.025902, 25.223693 ], [ 110.025839, 25.223715 ], [ 110.025704, 25.223801 ], [ 110.02556, 25.223883 ], [ 110.025706, 25.224154 ], [ 110.025896, 25.224496 ], [ 110.025898, 25.224499 ], [ 110.025934, 25.224563 ], [ 110.026002, 25.224685 ], [ 110.026005, 25.224691 ], [ 110.026217, 25.22461 ], [ 110.026338, 25.224573 ], [ 110.026362, 25.224565 ], [ 110.0264, 25.224512 ], [ 110.026484, 25.22442 ], [ 110.026544, 25.224448 ], [ 110.026612, 25.22448 ], [ 110.026643, 25.224487 ], [ 110.026701, 25.224454 ], [ 110.026772, 25.224395 ], [ 110.02679, 25.22438 ], [ 110.026841, 25.224325 ], [ 110.026843, 25.224299 ], [ 110.026846, 25.224255 ], [ 110.026802, 25.224099 ], [ 110.026874, 25.224064 ], [ 110.026972, 25.224042 ], [ 110.027042, 25.223999 ], [ 110.027101, 25.224059 ], [ 110.027117, 25.224136 ], [ 110.027196, 25.224158 ], [ 110.027234, 25.224089 ], [ 110.027267, 25.224007 ], [ 110.027337, 25.223993 ], [ 110.027338, 25.223993 ], [ 110.027338, 25.223993 ], [ 110.027338, 25.223993 ], [ 110.027388, 25.223971 ], [ 110.027438, 25.223938 ], [ 110.027433, 25.223927 ] ] ] } },
{ "type": "Feature", "properties": { "BSM": "450312211000581685", "DLBM": "0601", "DLMC": "工业用地", "图斑面积": 3913.21, "坐落单位": "培塘村委会", "企业名称": null, "行业代码": null, "行业名称": null, "产值": 0.0, "行政区": null, "用地性": null }, "geometry": { "type": "Polygon", "coordinates": [ [ [ 110.044928, 25.187456 ], [ 110.044853, 25.187357 ], [ 110.044808, 25.187265 ], [ 110.044758, 25.187084 ], [ 110.04473, 25.187029 ], [ 110.044617, 25.186896 ], [ 110.04458, 25.186927 ], [ 110.044577, 25.186945 ], [ 110.044583, 25.186993 ], [ 110.044596, 25.187 ], [ 110.044639, 25.186997 ], [ 110.044657, 25.187006 ], [ 110.044668, 25.187026 ], [ 110.04467, 25.187052 ], [ 110.044641, 25.187247 ], [ 110.044633, 25.187402 ], [ 110.044634, 25.18741 ], [ 110.044638, 25.187455 ], [ 110.044654, 25.187491 ], [ 110.044564, 25.187545 ], [ 110.044518, 25.187621 ], [ 110.0445, 25.187684 ], [ 110.04451, 25.187726 ], [ 110.044534, 25.187767 ], [ 110.04458, 25.187902 ], [ 110.044748, 25.187929 ], [ 110.044915, 25.187935 ], [ 110.045001, 25.187936 ], [ 110.045003, 25.187911 ], [ 110.045073, 25.187875 ], [ 110.045227, 25.187806 ], [ 110.045324, 25.187733 ], [ 110.045242, 25.18769 ], [ 110.045071, 25.187585 ], [ 110.044928, 25.187456 ] ] ] } },
{ "type": "Feature", "properties": { "BSM": "450312211000581690", "DLBM": "0601", "DLMC": "工业用地", "图斑面积": 6032.48, "坐落单位": "洞头村委会", "企业名称": null, "行业代码": null, "行业名称": null, "产值": 0.0, "行政区": null, "用地性": null }, "geometry": { "type": "Polygon", "coordinates": [ [ [ 110.067085, 25.620877 ], [ 110.067085, 25.620906 ], [ 110.067103, 25.620947 ], [ 110.067177, 25.620998 ], [ 110.067177, 25.621015 ], [ 110.067232, 25.621045 ], [ 110.06727, 25.621051 ], [ 110.067353, 25.621029 ], [ 110.06737, 25.62102 ], [ 110.067389, 25.621045 ], [ 110.067462, 25.621015 ], [ 110.067456, 25.620997 ], [ 110.067614, 25.620943 ], [ 110.06778, 25.620895 ], [ 110.067863, 25.620866 ], [ 110.068048, 25.620781 ], [ 110.068019, 25.620677 ], [ 110.068039, 25.62067 ], [ 110.068109, 25.620653 ], [ 110.068167, 25.620675 ], [ 110.068205, 25.620733 ], [ 110.068261, 25.620697 ], [ 110.068436, 25.620569 ], [ 110.068562, 25.620465 ], [ 110.068627, 25.620404 ], [ 110.068713, 25.620304 ], [ 110.068691, 25.6203 ], [ 110.068578, 25.620275 ], [ 110.068431, 25.620261 ], [ 110.068377, 25.620268 ], [ 110.068348, 25.620277 ], [ 110.0683, 25.620292 ], [ 110.068139, 25.620397 ], [ 110.067955, 25.620485 ], [ 110.067716, 25.620578 ], [ 110.067667, 25.620597 ], [ 110.06753, 25.62066 ], [ 110.067518, 25.620665 ], [ 110.067495, 25.620681 ], [ 110.067426, 25.620672 ], [ 110.067279, 25.62069 ], [ 110.067242, 25.620681 ], [ 110.067172, 25.620602 ], [ 110.067137, 25.620559 ], [ 110.067117, 25.620542 ], [ 110.067091, 25.620539 ], [ 110.067062, 25.620542 ], [ 110.067003, 25.620612 ], [ 110.06699, 25.620656 ], [ 110.066977, 25.620695 ], [ 110.066947, 25.620755 ], [ 110.066929, 25.620776 ], [ 110.066897, 25.620825 ], [ 110.06691, 25.620843 ], [ 110.067085, 25.620877 ] ] ] } },
{ "type": "Feature", "properties": { "BSM": "450312211000583091", "DLBM": "0601", "DLMC": "工业用地", "图斑面积": 381.53, "坐落单位": "江西村委会", "企业名称": null, "行业代码": null, "行业名称": null, "产值": 0.0, "行政区": null, "用地性": null }, "geometry": { "type": "Polygon", "coordinates": [ [ [ 110.09424, 25.210628 ], [ 110.094233, 25.210647 ], [ 110.094222, 25.210685 ], [ 110.094142, 25.210956 ], [ 110.094236, 25.210987 ], [ 110.094234, 25.210981 ], [ 110.094231, 25.210973 ], [ 110.094229, 25.210965 ], [ 110.094228, 25.210956 ], [ 110.094227, 25.210948 ], [ 110.094226, 25.210939 ], [ 110.094225, 25.210921 ], [ 110.094225, 25.210904 ], [ 110.094225, 25.210877 ], [ 110.094225, 25.210859 ], [ 110.094226, 25.210841 ], [ 110.094226, 25.210832 ], [ 110.094227, 25.210823 ], [ 110.094229, 25.210815 ], [ 110.094231, 25.210807 ], [ 110.094233, 25.210799 ], [ 110.094237, 25.210792 ], [ 110.094242, 25.210786 ], [ 110.094247, 25.21078 ], [ 110.094252, 25.210774 ], [ 110.094258, 25.210768 ], [ 110.094264, 25.210762 ], [ 110.094277, 25.210751 ], [ 110.09429, 25.210741 ], [ 110.094296, 25.210735 ], [ 110.094303, 25.21073 ], [ 110.09431, 25.210726 ], [ 110.094316, 25.210721 ], [ 110.094326, 25.210715 ], [ 110.094333, 25.21071 ], [ 110.09434, 25.210705 ], [ 110.094346, 25.2107 ], [ 110.094378, 25.210675 ], [ 110.094385, 25.21067 ], [ 110.094401, 25.210658 ], [ 110.094407, 25.210654 ], [ 110.094413, 25.210649 ], [ 110.09442, 25.210642 ], [ 110.094426, 25.210636 ], [ 110.094431, 25.210631 ], [ 110.094438, 25.210626 ], [ 110.094444, 25.210622 ], [ 110.094453, 25.210616 ], [ 110.094457, 25.210613 ], [ 110.094384, 25.210602 ], [ 110.094283, 25.210616 ], [ 110.09424, 25.210628 ] ] ] } },
{ "type": "Feature", "properties": { "BSM": "450312211000583101", "DLBM": "0601", "DLMC": "工业用地", "图斑面积": 145.83, "坐落单位": "江西村委会", "企业名称": null, "行业代码": null, "行业名称": null, "产值": 0.0, "行政区": null, "用地性": null }, "geometry": { "type": "Polygon", "coordinates": [ [ [ 110.096266, 25.211397 ], [ 110.09627, 25.211357 ], [ 110.096276, 25.2113 ], [ 110.09628, 25.211261 ], [ 110.09622, 25.211228 ], [ 110.096173, 25.211203 ], [ 110.09617, 25.211199 ], [ 110.096169, 25.211205 ], [ 110.096168, 25.211212 ], [ 110.096168, 25.211219 ], [ 110.096169, 25.211225 ], [ 110.09617, 25.211232 ], [ 110.096172, 25.21124 ], [ 110.096178, 25.21126 ], [ 110.09618, 25.211267 ], [ 110.096186, 25.211281 ], [ 110.096188, 25.211289 ], [ 110.096192, 25.211304 ], [ 110.096194, 25.211312 ], [ 110.096198, 25.211326 ], [ 110.096201, 25.211334 ], [ 110.096204, 25.211349 ], [ 110.096206, 25.211357 ], [ 110.096211, 25.211371 ], [ 110.096215, 25.211385 ], [ 110.096266, 25.211397 ] ] ] } },
{ "type": "Feature", "properties": { "BSM": "450312211000583284", "DLBM": "0601", "DLMC": "工业用地", "图斑面积": 329.57, "坐落单位": "西山村委会", "企业名称": null, "行业代码": null, "行业名称": null, "产值": 0.0, "行政区": null, "用地性": null }, "geometry": { "type": "Polygon", "coordinates": [ [ [ 110.106611, 25.349984 ], [ 110.10661, 25.349985 ], [ 110.106517, 25.350068 ], [ 110.106469, 25.350111 ], [ 110.10647, 25.350111 ], [ 110.106472, 25.350112 ], [ 110.106475, 25.350113 ], [ 110.10648, 25.350117 ], [ 110.106491, 25.350126 ], [ 110.106496, 25.350129 ], [ 110.106499, 25.350131 ], [ 110.106501, 25.350132 ], [ 110.10651, 25.350135 ], [ 110.106512, 25.350136 ], [ 110.106522, 25.350141 ], [ 110.106524, 25.350142 ], [ 110.106527, 25.350143 ], [ 110.10653, 25.350143 ], [ 110.106533, 25.350144 ], [ 110.106537, 25.350144 ], [ 110.106545, 25.350145 ], [ 110.106561, 25.350145 ], [ 110.106562, 25.350146 ], [ 110.106566, 25.350149 ], [ 110.106571, 25.350153 ], [ 110.106578, 25.350157 ], [ 110.106599, 25.35017 ], [ 110.106639, 25.350195 ], [ 110.106646, 25.350188 ], [ 110.106748, 25.350095 ], [ 110.106713, 25.350063 ], [ 110.106644, 25.350009 ], [ 110.106611, 25.349984 ] ] ] } },
{ "type": "Feature", "properties": { "BSM": "450312211000583661", "DLBM": "0601", "DLMC": "工业用地", "图斑面积": 10646.08, "坐落单位": "江西村委会", "企业名称": null, "行业代码": null, "行业名称": null, "产值": 0.0, "行政区": null, "用地性": null }, "geometry": { "type": "Polygon", "coordinates": [ [ [ 110.09424, 25.210628 ], [ 110.09421, 25.210636 ], [ 110.094167, 25.210647 ], [ 110.094143, 25.210654 ], [ 110.094045, 25.210802 ], [ 110.094081, 25.210907 ], [ 110.094082, 25.210908 ], [ 110.094087, 25.210923 ], [ 110.094088, 25.210945 ], [ 110.094096, 25.21106 ], [ 110.094114, 25.21133 ], [ 110.094101, 25.211451 ], [ 110.094214, 25.211464 ], [ 110.094258, 25.211469 ], [ 110.094264, 25.21147 ], [ 110.094311, 25.211485 ], [ 110.094365, 25.211502 ], [ 110.094364, 25.211504 ], [ 110.094365, 25.211504 ], [ 110.094475, 25.211512 ], [ 110.094489, 25.211325 ], [ 110.094331, 25.211314 ], [ 110.094381, 25.211035 ], [ 110.094381, 25.211035 ], [ 110.094398, 25.211041 ], [ 110.094854, 25.211191 ], [ 110.094916, 25.211195 ], [ 110.094974, 25.211049 ], [ 110.095038, 25.210887 ], [ 110.095055, 25.210856 ], [ 110.095163, 25.210656 ], [ 110.095239, 25.210541 ], [ 110.095385, 25.210329 ], [ 110.095405, 25.210304 ], [ 110.095471, 25.210202 ], [ 110.095549, 25.210077 ], [ 110.09555, 25.210076 ], [ 110.095176, 25.21006 ], [ 110.094982, 25.210075 ], [ 110.094885, 25.210108 ], [ 110.094746, 25.210179 ], [ 110.094633, 25.210327 ], [ 110.094617, 25.210348 ], [ 110.094598, 25.210486 ], [ 110.094476, 25.21059 ], [ 110.094384, 25.210602 ], [ 110.094457, 25.210613 ], [ 110.094453, 25.210616 ], [ 110.094444, 25.210622 ], [ 110.094438, 25.210626 ], [ 110.094431, 25.210631 ], [ 110.094426, 25.210636 ], [ 110.09442, 25.210642 ], [ 110.094413, 25.210649 ], [ 110.094407, 25.210654 ], [ 110.094401, 25.210658 ], [ 110.094385, 25.21067 ], [ 110.094378, 25.210675 ], [ 110.094346, 25.2107 ], [ 110.09434, 25.210705 ], [ 110.094333, 25.21071 ], [ 110.094326, 25.210715 ], [ 110.094316, 25.210721 ], [ 110.09431, 25.210726 ], [ 110.094303, 25.21073 ], [ 110.094296, 25.210735 ], [ 110.09429, 25.210741 ], [ 110.094277, 25.210751 ], [ 110.094264, 25.210762 ], [ 110.094258, 25.210768 ], [ 110.094252, 25.210774 ], [ 110.094247, 25.21078 ], [ 110.094242, 25.210786 ], [ 110.094237, 25.210792 ], [ 110.094233, 25.210799 ], [ 110.094231, 25.210807 ], [ 110.094229, 25.210815 ], [ 110.094227, 25.210823 ], [ 110.094226, 25.210832 ], [ 110.094226, 25.210841 ], [ 110.094225, 25.210859 ], [ 110.094225, 25.210877 ], [ 110.094225, 25.210904 ], [ 110.094225, 25.210921 ], [ 110.094226, 25.210939 ], [ 110.094227, 25.210948 ], [ 110.094228, 25.210956 ], [ 110.094229, 25.210965 ], [ 110.094231, 25.210973 ], [ 110.094234, 25.210981 ], [ 110.094236, 25.210987 ], [ 110.094142, 25.210956 ], [ 110.094222, 25.210685 ], [ 110.094233, 25.210647 ], [ 110.09424, 25.210628 ] ] ] } },
{ "type": "Feature", "properties": { "BSM": "450312211000583797", "DLBM": "0601", "DLMC": "工业用地", "图斑面积": 1101.92, "坐落单位": "江西村委会", "企业名称": null, "行业代码": null, "行业名称": null, "产值": 0.0, "行政区": null, "用地性": null }, "geometry": { "type": "Polygon", "coordinates": [ [ [ 110.09617, 25.211199 ], [ 110.096154, 25.211183 ], [ 110.09616, 25.211073 ], [ 110.096198, 25.211008 ], [ 110.096014, 25.21104 ], [ 110.096, 25.211109 ], [ 110.095989, 25.211159 ], [ 110.095989, 25.211174 ], [ 110.095938, 25.211171 ], [ 110.095844, 25.211175 ], [ 110.095794, 25.211175 ], [ 110.095747, 25.211196 ], [ 110.095718, 25.211266 ], [ 110.095695, 25.211367 ], [ 110.095756, 25.21138 ], [ 110.095806, 25.211287 ], [ 110.096215, 25.211385 ], [ 110.096211, 25.211371 ], [ 110.096206, 25.211357 ], [ 110.096204, 25.211349 ], [ 110.096201, 25.211334 ], [ 110.096198, 25.211326 ], [ 110.096194, 25.211312 ], [ 110.096192, 25.211304 ], [ 110.096188, 25.211289 ], [ 110.096186, 25.211281 ], [ 110.09618, 25.211267 ], [ 110.096178, 25.21126 ], [ 110.096172, 25.21124 ], [ 110.09617, 25.211232 ], [ 110.096169, 25.211225 ], [ 110.096168, 25.211219 ], [ 110.096168, 25.211212 ], [ 110.096169, 25.211205 ], [ 110.09617, 25.211199 ] ] ] } },
{ "type": "Feature", "properties": { "BSM": "450312211000584759", "DLBM": "0601", "DLMC": "工业用地", "图斑面积": 3450.89, "坐落单位": "西山村委会", "企业名称": null, "行业代码": null, "行业名称": null, "产值": 0.0, "行政区": null, "用地性": null }, "geometry": { "type": "Polygon", "coordinates": [ [ [ 110.107528, 25.350295 ], [ 110.107495, 25.350252 ], [ 110.107482, 25.350242 ], [ 110.107482, 25.350243 ], [ 110.107472, 25.35026 ], [ 110.107427, 25.350224 ], [ 110.10736, 25.350272 ], [ 110.107295, 25.350299 ], [ 110.107287, 25.350302 ], [ 110.107252, 25.350317 ], [ 110.107187, 25.350309 ], [ 110.107129, 25.350301 ], [ 110.107078, 25.35028 ], [ 110.107061, 25.350273 ], [ 110.107027, 25.350259 ], [ 110.106803, 25.350145 ], [ 110.106748, 25.350095 ], [ 110.106646, 25.350188 ], [ 110.106639, 25.350195 ], [ 110.106599, 25.35017 ], [ 110.106578, 25.350157 ], [ 110.106571, 25.350153 ], [ 110.106566, 25.350149 ], [ 110.106562, 25.350146 ], [ 110.106561, 25.350145 ], [ 110.106545, 25.350145 ], [ 110.106537, 25.350144 ], [ 110.106533, 25.350144 ], [ 110.10653, 25.350143 ], [ 110.106527, 25.350143 ], [ 110.106524, 25.350142 ], [ 110.106522, 25.350141 ], [ 110.106512, 25.350136 ], [ 110.10651, 25.350135 ], [ 110.106501, 25.350132 ], [ 110.106499, 25.350131 ], [ 110.106496, 25.350129 ], [ 110.106491, 25.350126 ], [ 110.10648, 25.350117 ], [ 110.106475, 25.350113 ], [ 110.106472, 25.350112 ], [ 110.10647, 25.350111 ], [ 110.106469, 25.350111 ], [ 110.106432, 25.350144 ], [ 110.106404, 25.35017 ], [ 110.106358, 25.350212 ], [ 110.106616, 25.350365 ], [ 110.106982, 25.350547 ], [ 110.107578, 25.350557 ], [ 110.10764, 25.35049 ], [ 110.107658, 25.350471 ], [ 110.107614, 25.350412 ], [ 110.107546, 25.35032 ], [ 110.107522, 25.3503 ], [ 110.107528, 25.350295 ] ] ] } },
{ "type": "Feature", "properties": { "BSM": "450312211000092230", "DLBM": "0601", "DLMC": "工业用地", "图斑面积": 44156.02, "坐落单位": "刘村村委会", "企业名称": "广西西能云端机器人科技有限公司", "行业代码": "C35", "行业名称": "专业设备制造业", "产值": 0.0, "行政区": null, "用地性": null }, "geometry": { "type": "MultiPolygon", "coordinates": [ [ [ [ 110.145581, 25.20337 ], [ 110.145543, 25.20337 ], [ 110.145472, 25.203383 ], [ 110.14543, 25.203398 ], [ 110.14535, 25.203437 ], [ 110.144962, 25.203842 ], [ 110.145605, 25.204315 ], [ 110.145682, 25.204225 ], [ 110.14531, 25.203957 ], [ 110.145331, 25.203919 ], [ 110.145237, 25.20385 ], [ 110.145244, 25.203819 ], [ 110.145242, 25.203796 ], [ 110.145272, 25.203743 ], [ 110.145593, 25.203389 ], [ 110.145581, 25.20337 ] ] ], [ [ [ 110.146643, 25.205552 ], [ 110.145756, 25.204892 ], [ 110.14577, 25.204854 ], [ 110.146044, 25.204524 ], [ 110.146074, 25.204509 ], [ 110.146149, 25.20453 ], [ 110.146932, 25.205119 ], [ 110.146955, 25.205085 ], [ 110.147147, 25.204798 ], [ 110.147257, 25.204633 ], [ 110.147309, 25.204556 ], [ 110.145772, 25.203438 ], [ 110.145755, 25.203398 ], [ 110.145774, 25.203371 ], [ 110.145831, 25.203341 ], [ 110.145655, 25.203212 ], [ 110.145414, 25.203036 ], [ 110.145208, 25.202885 ], [ 110.144999, 25.202732 ], [ 110.144791, 25.20258 ], [ 110.144759, 25.202557 ], [ 110.14466, 25.202695 ], [ 110.144623, 25.20285 ], [ 110.144623, 25.202894 ], [ 110.144624, 25.203014 ], [ 110.14463, 25.20309 ], [ 110.144638, 25.203185 ], [ 110.144641, 25.203218 ], [ 110.144719, 25.203243 ], [ 110.144759, 25.20326 ], [ 110.144816, 25.203297 ], [ 110.144853, 25.203304 ], [ 110.145013, 25.203122 ], [ 110.145096, 25.203098 ], [ 110.14514, 25.203098 ], [ 110.145206, 25.203124 ], [ 110.145409, 25.2033 ], [ 110.145066, 25.203577 ], [ 110.144886, 25.203763 ], [ 110.14472, 25.203912 ], [ 110.144373, 25.203658 ], [ 110.14419, 25.203806 ], [ 110.144175, 25.203809 ], [ 110.144155, 25.20381 ], [ 110.144024, 25.203771 ], [ 110.143925, 25.203734 ], [ 110.143917, 25.203738 ], [ 110.143916, 25.203746 ], [ 110.143916, 25.203751 ], [ 110.143918, 25.203778 ], [ 110.143926, 25.203835 ], [ 110.143929, 25.203851 ], [ 110.143972, 25.203964 ], [ 110.143974, 25.203977 ], [ 110.143967, 25.203984 ], [ 110.143656, 25.204088 ], [ 110.143375, 25.204211 ], [ 110.143353, 25.204222 ], [ 110.143352, 25.204235 ], [ 110.143351, 25.204246 ], [ 110.143382, 25.204428 ], [ 110.143389, 25.204467 ], [ 110.143389, 25.204468 ], [ 110.143401, 25.204478 ], [ 110.143415, 25.204482 ], [ 110.143434, 25.204477 ], [ 110.14349, 25.204493 ], [ 110.143948, 25.204625 ], [ 110.144007, 25.204676 ], [ 110.144192, 25.204904 ], [ 110.144339, 25.20491 ], [ 110.144382, 25.204912 ], [ 110.144389, 25.204912 ], [ 110.144485, 25.204932 ], [ 110.144588, 25.204818 ], [ 110.144605, 25.20482 ], [ 110.144653, 25.204837 ], [ 110.144701, 25.204845 ], [ 110.144737, 25.204792 ], [ 110.144932, 25.204927 ], [ 110.145211, 25.204619 ], [ 110.146509, 25.205524 ], [ 110.146601, 25.205615 ], [ 110.146643, 25.205552 ] ] ] ] } },
{ "type": "Feature", "properties": { "BSM": "450312211000363463", "DLBM": "0601", "DLMC": "工业用地", "图斑面积": 3880.59, "坐落单位": "二塘村委会", "企业名称": null, "行业代码": null, "行业名称": null, "产值": 0.0, "行政区": null, "用地性": null }, "geometry": { "type": "MultiPolygon", "coordinates": [ [ [ [ 110.213489, 25.213219 ], [ 110.213468, 25.213238 ], [ 110.213465, 25.213258 ], [ 110.21347, 25.213283 ], [ 110.213499, 25.213307 ], [ 110.213744, 25.21345 ], [ 110.213796, 25.213385 ], [ 110.213509, 25.2132 ], [ 110.213489, 25.213219 ] ] ], [ [ [ 110.214018, 25.213577 ], [ 110.213825, 25.213349 ], [ 110.213824, 25.213348 ], [ 110.213879, 25.213279 ], [ 110.21393, 25.213203 ], [ 110.213962, 25.213154 ], [ 110.214021, 25.213062 ], [ 110.213711, 25.212938 ], [ 110.213702, 25.212935 ], [ 110.213694, 25.212932 ], [ 110.213578, 25.212889 ], [ 110.213407, 25.212826 ], [ 110.213269, 25.212775 ], [ 110.213264, 25.212816 ], [ 110.213272, 25.212906 ], [ 110.213277, 25.212978 ], [ 110.213278, 25.21299 ], [ 110.213284, 25.21307 ], [ 110.213285, 25.21309 ], [ 110.213307, 25.213273 ], [ 110.213429, 25.213342 ], [ 110.213594, 25.213434 ], [ 110.213704, 25.213502 ], [ 110.213682, 25.213551 ], [ 110.213919, 25.21373 ], [ 110.213927, 25.21372 ], [ 110.213965, 25.213674 ], [ 110.214013, 25.213615 ], [ 110.214018, 25.213577 ] ] ] ] } },
{ "type": "Feature", "properties": { "BSM": "450312211000367775", "DLBM": "0601", "DLMC": "工业用地", "图斑面积": 18999.25, "坐落单位": "横山村委会", "企业名称": "四方井食品公司", "行业代码": "C13", "行业名称": "农副食品加工业", "产值": 0.0, "行政区": null, "用地性": null }, "geometry": { "type": "MultiPolygon", "coordinates": [ [ [ [ 110.134589, 25.17827 ], [ 110.134675, 25.178176 ], [ 110.134596, 25.178089 ], [ 110.134482, 25.178102 ], [ 110.134471, 25.178177 ], [ 110.134485, 25.178187 ], [ 110.134589, 25.17827 ] ] ], [ [ [ 110.135174, 25.178622 ], [ 110.135253, 25.178527 ], [ 110.135265, 25.178514 ], [ 110.135289, 25.178484 ], [ 110.135327, 25.178439 ], [ 110.135321, 25.178432 ], [ 110.13532, 25.178424 ], [ 110.135315, 25.178401 ], [ 110.135303, 25.178339 ], [ 110.135264, 25.178254 ], [ 110.135258, 25.178227 ], [ 110.135278, 25.178191 ], [ 110.135305, 25.178165 ], [ 110.135333, 25.178146 ], [ 110.135059, 25.177854 ], [ 110.134987, 25.177779 ], [ 110.134794, 25.177602 ], [ 110.135, 25.177434 ], [ 110.13508, 25.177484 ], [ 110.135088, 25.177476 ], [ 110.13512, 25.17744 ], [ 110.135053, 25.177351 ], [ 110.134897, 25.177143 ], [ 110.134809, 25.177038 ], [ 110.134785, 25.177009 ], [ 110.134767, 25.176986 ], [ 110.134583, 25.177038 ], [ 110.134469, 25.177068 ], [ 110.134396, 25.177088 ], [ 110.134305, 25.177078 ], [ 110.134278, 25.177085 ], [ 110.134266, 25.177087 ], [ 110.134259, 25.177049 ], [ 110.134247, 25.177 ], [ 110.134104, 25.177023 ], [ 110.134113, 25.177064 ], [ 110.13413, 25.17714 ], [ 110.133933, 25.177143 ], [ 110.13391, 25.17714 ], [ 110.133906, 25.177168 ], [ 110.133893, 25.177345 ], [ 110.133891, 25.177369 ], [ 110.13389, 25.177387 ], [ 110.133891, 25.177389 ], [ 110.133884, 25.177438 ], [ 110.133878, 25.17751 ], [ 110.133794, 25.177664 ], [ 110.133739, 25.177757 ], [ 110.133725, 25.177843 ], [ 110.133726, 25.178101 ], [ 110.133765, 25.178102 ], [ 110.13378, 25.178244 ], [ 110.133787, 25.178308 ], [ 110.133793, 25.178369 ], [ 110.133822, 25.178392 ], [ 110.133847, 25.178406 ], [ 110.133862, 25.17841 ], [ 110.133884, 25.178403 ], [ 110.133898, 25.178405 ], [ 110.133926, 25.178423 ], [ 110.134057, 25.178427 ], [ 110.134068, 25.178417 ], [ 110.134043, 25.178368 ], [ 110.134044, 25.178349 ], [ 110.134367, 25.178214 ], [ 110.134392, 25.178219 ], [ 110.134594, 25.1785 ], [ 110.134619, 25.178497 ], [ 110.134732, 25.17842 ], [ 110.134896, 25.178553 ], [ 110.13492, 25.178532 ], [ 110.134943, 25.178543 ], [ 110.134965, 25.178541 ], [ 110.134984, 25.178542 ], [ 110.135007, 25.178542 ], [ 110.135029, 25.178544 ], [ 110.135044, 25.178555 ], [ 110.13507, 25.178574 ], [ 110.135108, 25.178622 ], [ 110.135136, 25.178659 ], [ 110.135174, 25.178622 ] ] ] ] } },
{ "type": "Feature", "properties": { "BSM": "450312211000392879", "DLBM": "0601", "DLMC": "工业用地", "图斑面积": 22932.29, "坐落单位": "高寨村委会", "企业名称": null, "行业代码": null, "行业名称": null, "产值": 0.0, "行政区": null, "用地性": null }, "geometry": { "type": "MultiPolygon", "coordinates": [ [ [ [ 110.003067, 25.20487 ], [ 110.003055, 25.204899 ], [ 110.003056, 25.20492 ], [ 110.003068, 25.204947 ], [ 110.003164, 25.20501 ], [ 110.003243, 25.204894 ], [ 110.003247, 25.204859 ], [ 110.003223, 25.204855 ], [ 110.003161, 25.204821 ], [ 110.003142, 25.204817 ], [ 110.003067, 25.20487 ] ] ], [ [ [ 110.00275, 25.20526 ], [ 110.002726, 25.205295 ], [ 110.002842, 25.205367 ], [ 110.002915, 25.205425 ], [ 110.002933, 25.20541 ], [ 110.003039, 25.20531 ], [ 110.003038, 25.205282 ], [ 110.002987, 25.20525 ], [ 110.002868, 25.20522 ], [ 110.002798, 25.205214 ], [ 110.00275, 25.20526 ] ] ], [ [ [ 110.00335, 25.205434 ], [ 110.003347, 25.205422 ], [ 110.003366, 25.205401 ], [ 110.003398, 25.205366 ], [ 110.003462, 25.205422 ], [ 110.003474, 25.205439 ], [ 110.003513, 25.20529 ], [ 110.003581, 25.205161 ], [ 110.003578, 25.205073 ], [ 110.003555, 25.204996 ], [ 110.003586, 25.204969 ], [ 110.003638, 25.204881 ], [ 110.003643, 25.204855 ], [ 110.003644, 25.204848 ], [ 110.003647, 25.204835 ], [ 110.003626, 25.204801 ], [ 110.0036, 25.204778 ], [ 110.003575, 25.204747 ], [ 110.003568, 25.204711 ], [ 110.003573, 25.204668 ], [ 110.00358, 25.204613 ], [ 110.003585, 25.204571 ], [ 110.003609, 25.204539 ], [ 110.003645, 25.204512 ], [ 110.00363, 25.2045 ], [ 110.003478, 25.204385 ], [ 110.003423, 25.204358 ], [ 110.003382, 25.204353 ], [ 110.003336, 25.204341 ], [ 110.003327, 25.204335 ], [ 110.003328, 25.204323 ], [ 110.00337, 25.204277 ], [ 110.003391, 25.204261 ], [ 110.003427, 25.20425 ], [ 110.003469, 25.20424 ], [ 110.00351, 25.20423 ], [ 110.003542, 25.204222 ], [ 110.003571, 25.204226 ], [ 110.003567, 25.204258 ], [ 110.003571, 25.204306 ], [ 110.003594, 25.204345 ], [ 110.003649, 25.204382 ], [ 110.003672, 25.204385 ], [ 110.003724, 25.204357 ], [ 110.00379, 25.204345 ], [ 110.003871, 25.204335 ], [ 110.003977, 25.204338 ], [ 110.00404, 25.204347 ], [ 110.004091, 25.204358 ], [ 110.004099, 25.204353 ], [ 110.004158, 25.20433 ], [ 110.004217, 25.204336 ], [ 110.004276, 25.204328 ], [ 110.004326, 25.204309 ], [ 110.004407, 25.204278 ], [ 110.004497, 25.204208 ], [ 110.004523, 25.204171 ], [ 110.00449, 25.204134 ], [ 110.004451, 25.20409 ], [ 110.004352, 25.203988 ], [ 110.004368, 25.20398 ], [ 110.004347, 25.203953 ], [ 110.004658, 25.203727 ], [ 110.004594, 25.203637 ], [ 110.004578, 25.203635 ], [ 110.004537, 25.203653 ], [ 110.004496, 25.203602 ], [ 110.004546, 25.203569 ], [ 110.004565, 25.203578 ], [ 110.004606, 25.203553 ], [ 110.004611, 25.203548 ], [ 110.004593, 25.203515 ], [ 110.004559, 25.203529 ], [ 110.004474, 25.203421 ], [ 110.004395, 25.203454 ], [ 110.004323, 25.203377 ], [ 110.004295, 25.203325 ], [ 110.004272, 25.203331 ], [ 110.004109, 25.203381 ], [ 110.003915, 25.203466 ], [ 110.00388, 25.203481 ], [ 110.003869, 25.203486 ], [ 110.003946, 25.203656 ], [ 110.003959, 25.203705 ], [ 110.003958, 25.203721 ], [ 110.003894, 25.203749 ], [ 110.00387, 25.203761 ], [ 110.003862, 25.203777 ], [ 110.003848, 25.203836 ], [ 110.003774, 25.203821 ], [ 110.003724, 25.203783 ], [ 110.003656, 25.203716 ], [ 110.003523, 25.203871 ], [ 110.003436, 25.203968 ], [ 110.003405, 25.204001 ], [ 110.003305, 25.204111 ], [ 110.003129, 25.204301 ], [ 110.003116, 25.204315 ], [ 110.003082, 25.204354 ], [ 110.002966, 25.204483 ], [ 110.002909, 25.20456 ], [ 110.00279, 25.20472 ], [ 110.002646, 25.204881 ], [ 110.002523, 25.205049 ], [ 110.002449, 25.205164 ], [ 110.002436, 25.205185 ], [ 110.002415, 25.205238 ], [ 110.002386, 25.205309 ], [ 110.002362, 25.205402 ], [ 110.002375, 25.205415 ], [ 110.002397, 25.205436 ], [ 110.002457, 25.205468 ], [ 110.002554, 25.205508 ], [ 110.002592, 25.205551 ], [ 110.002641, 25.205605 ], [ 110.002744, 25.205746 ], [ 110.002824, 25.205821 ], [ 110.002869, 25.205849 ], [ 110.002921, 25.205863 ], [ 110.003001, 25.205886 ], [ 110.003057, 25.205896 ], [ 110.003136, 25.205883 ], [ 110.003248, 25.205818 ], [ 110.003321, 25.205753 ], [ 110.00341, 25.205644 ], [ 110.003431, 25.205599 ], [ 110.003432, 25.205548 ], [ 110.003425, 25.205515 ], [ 110.003394, 25.205469 ], [ 110.00335, 25.205434 ] ] ] ] } },
{ "type": "Feature", "properties": { "BSM": "450312211000542676", "DLBM": "0601", "DLMC": "工业用地", "图斑面积": 33632.57, "坐落单位": "诚桂村委会", "企业名称": null, "行业代码": null, "行业名称": null, "产值": 0.0, "行政区": null, "用地性": null }, "geometry": { "type": "MultiPolygon", "coordinates": [ [ [ [ 110.288582, 25.010448 ], [ 110.288651, 25.010396 ], [ 110.288685, 25.010371 ], [ 110.288789, 25.010322 ], [ 110.288913, 25.010264 ], [ 110.289051, 25.010183 ], [ 110.289032, 25.009922 ], [ 110.288952, 25.009609 ], [ 110.288852, 25.009355 ], [ 110.288799, 25.009006 ], [ 110.288825, 25.008925 ], [ 110.288902, 25.008873 ], [ 110.288991, 25.008816 ], [ 110.289025, 25.008802 ], [ 110.289049, 25.008792 ], [ 110.289079, 25.008793 ], [ 110.289048, 25.008704 ], [ 110.288998, 25.008723 ], [ 110.288968, 25.008735 ], [ 110.288878, 25.008725 ], [ 110.288737, 25.008733 ], [ 110.288669, 25.008736 ], [ 110.288277, 25.008765 ], [ 110.287885, 25.008793 ], [ 110.28765, 25.008811 ], [ 110.287493, 25.008822 ], [ 110.287102, 25.008851 ], [ 110.28708, 25.008858 ], [ 110.287054, 25.008867 ], [ 110.287047, 25.008939 ], [ 110.287061, 25.009069 ], [ 110.287074, 25.009188 ], [ 110.2871, 25.009438 ], [ 110.287104, 25.009494 ], [ 110.287109, 25.009609 ], [ 110.287112, 25.009662 ], [ 110.287106, 25.009946 ], [ 110.287105, 25.009982 ], [ 110.287087, 25.010072 ], [ 110.287073, 25.010146 ], [ 110.287058, 25.010223 ], [ 110.287034, 25.010317 ], [ 110.287128, 25.01032 ], [ 110.287183, 25.010341 ], [ 110.287212, 25.010387 ], [ 110.28726, 25.010435 ], [ 110.287287, 25.010447 ], [ 110.287365, 25.010445 ], [ 110.287436, 25.010442 ], [ 110.28752, 25.010454 ], [ 110.287612, 25.010464 ], [ 110.287671, 25.010468 ], [ 110.287727, 25.010436 ], [ 110.287845, 25.010417 ], [ 110.287918, 25.010421 ], [ 110.287964, 25.010441 ], [ 110.288035, 25.010475 ], [ 110.288096, 25.010499 ], [ 110.288171, 25.01053 ], [ 110.288251, 25.010557 ], [ 110.288312, 25.010567 ], [ 110.288375, 25.010569 ], [ 110.288488, 25.010603 ], [ 110.2886, 25.010589 ], [ 110.288596, 25.010565 ], [ 110.288583, 25.010512 ], [ 110.288582, 25.010448 ] ] ], [ [ [ 110.287221, 25.009217 ], [ 110.287211, 25.009152 ], [ 110.287282, 25.00916 ], [ 110.287277, 25.009098 ], [ 110.287334, 25.009094 ], [ 110.287336, 25.009002 ], [ 110.287404, 25.008994 ], [ 110.287401, 25.008855 ], [ 110.287116, 25.008871 ], [ 110.287119, 25.009151 ], [ 110.287149, 25.009159 ], [ 110.287148, 25.009211 ], [ 110.287221, 25.009217 ] ] ] ] } },
{ "type": "Feature", "properties": { "BSM": "450312211000548771", "DLBM": "0601", "DLMC": "工业用地", "图斑面积": 162268.6, "坐落单位": "诚正村委会", "企业名称": null, "行业代码": null, "行业名称": null, "产值": 0.0, "行政区": null, "用地性": null }, "geometry": { "type": "MultiPolygon", "coordinates": [ [ [ [ 110.325286, 25.003154 ], [ 110.325148, 25.003095 ], [ 110.324766, 25.00293 ], [ 110.324385, 25.002765 ], [ 110.324003, 25.0026 ], [ 110.324003, 25.0026 ], [ 110.323967, 25.002662 ], [ 110.323831, 25.002892 ], [ 110.323733, 25.00306 ], [ 110.32372, 25.003083 ], [ 110.323666, 25.003177 ], [ 110.324319, 25.00343 ], [ 110.324972, 25.003683 ], [ 110.324732, 25.00413 ], [ 110.324582, 25.00441 ], [ 110.324872, 25.004551 ], [ 110.324926, 25.004577 ], [ 110.324942, 25.004551 ], [ 110.325013, 25.004443 ], [ 110.325151, 25.004225 ], [ 110.32531, 25.003967 ], [ 110.325471, 25.003716 ], [ 110.325606, 25.0035 ], [ 110.325734, 25.003299 ], [ 110.325861, 25.003094 ], [ 110.326001, 25.002869 ], [ 110.326144, 25.002651 ], [ 110.326277, 25.002432 ], [ 110.326421, 25.002203 ], [ 110.32656, 25.001996 ], [ 110.326677, 25.001795 ], [ 110.32673, 25.001705 ], [ 110.326885, 25.00146 ], [ 110.326991, 25.001291 ], [ 110.327053, 25.001192 ], [ 110.32714, 25.001038 ], [ 110.327268, 25.000812 ], [ 110.327339, 25.000688 ], [ 110.327316, 25.000681 ], [ 110.327259, 25.000668 ], [ 110.327056, 25.000601 ], [ 110.327027, 25.000592 ], [ 110.326834, 25.000533 ], [ 110.3267, 25.000492 ], [ 110.326621, 25.000469 ], [ 110.326585, 25.000458 ], [ 110.326498, 25.00044 ], [ 110.32634, 25.000392 ], [ 110.326162, 25.000337 ], [ 110.326155, 25.000335 ], [ 110.326154, 25.000334 ], [ 110.326075, 25.000306 ], [ 110.326036, 25.000292 ], [ 110.32602, 25.000286 ], [ 110.326008, 25.00028 ], [ 110.325987, 25.000269 ], [ 110.325945, 25.000223 ], [ 110.325941, 25.000218 ], [ 110.326015, 25.000069 ], [ 110.325847, 24.999999 ], [ 110.325741, 24.999946 ], [ 110.325797, 24.999824 ], [ 110.325894, 24.99961 ], [ 110.325895, 24.999608 ], [ 110.325901, 24.999599 ], [ 110.326017, 24.99964 ], [ 110.326211, 24.999707 ], [ 110.326383, 24.999767 ], [ 110.32646, 24.999796 ], [ 110.326524, 24.99982 ], [ 110.326552, 24.999829 ], [ 110.326629, 24.999856 ], [ 110.326677, 24.999872 ], [ 110.326722, 24.999888 ], [ 110.32685, 24.999931 ], [ 110.327021, 24.99999 ], [ 110.327145, 25.000031 ], [ 110.327377, 25.000111 ], [ 110.327371, 25.00013 ], [ 110.327492, 25.000189 ], [ 110.327506, 25.000173 ], [ 110.327647, 25.000235 ], [ 110.327753, 25.000066 ], [ 110.327996, 24.999677 ], [ 110.328008, 24.999657 ], [ 110.328042, 24.999602 ], [ 110.328213, 24.99932 ], [ 110.328313, 24.999155 ], [ 110.328382, 24.999041 ], [ 110.328138, 24.998917 ], [ 110.327963, 24.998835 ], [ 110.327778, 24.998747 ], [ 110.327354, 24.998547 ], [ 110.327154, 24.998455 ], [ 110.327076, 24.998419 ], [ 110.326834, 24.998305 ], [ 110.32682, 24.998298 ], [ 110.326722, 24.998252 ], [ 110.326699, 24.998242 ], [ 110.326576, 24.998184 ], [ 110.326294, 24.998053 ], [ 110.326263, 24.998038 ], [ 110.325949, 24.997895 ], [ 110.325926, 24.997885 ], [ 110.325872, 24.997857 ], [ 110.325598, 24.997732 ], [ 110.325323, 24.997607 ], [ 110.325271, 24.997584 ], [ 110.325113, 24.997515 ], [ 110.3251, 24.997509 ], [ 110.324975, 24.997455 ], [ 110.324911, 24.997558 ], [ 110.324748, 24.997821 ], [ 110.324696, 24.997913 ], [ 110.324686, 24.997932 ], [ 110.324552, 24.998153 ], [ 110.324487, 24.998262 ], [ 110.324457, 24.998311 ], [ 110.324376, 24.99844 ], [ 110.324366, 24.998454 ], [ 110.324257, 24.998628 ], [ 110.324216, 24.998696 ], [ 110.32416, 24.998789 ], [ 110.324155, 24.999004 ], [ 110.324155, 24.999008 ], [ 110.324135, 24.99906 ], [ 110.324021, 24.999377 ], [ 110.323868, 24.999345 ], [ 110.323666, 24.999304 ], [ 110.323578, 24.999333 ], [ 110.323525, 24.999334 ], [ 110.323391, 24.999336 ], [ 110.323372, 24.99933 ], [ 110.323366, 24.999355 ], [ 110.323334, 24.999441 ], [ 110.323308, 24.999528 ], [ 110.323372, 24.999566 ], [ 110.32345, 24.999613 ], [ 110.323498, 24.999663 ], [ 110.323561, 24.999728 ], [ 110.323588, 24.999759 ], [ 110.323586, 24.99976 ], [ 110.323594, 24.99979 ], [ 110.323609, 24.999798 ], [ 110.323655, 24.999819 ], [ 110.323668, 24.999824 ], [ 110.323691, 24.999832 ], [ 110.323728, 24.999834 ], [ 110.323718, 24.999871 ], [ 110.32363, 25.000132 ], [ 110.323518, 25.00049 ], [ 110.323453, 25.000727 ], [ 110.323451, 25.000731 ], [ 110.323556, 25.000769 ], [ 110.323652, 25.000826 ], [ 110.323669, 25.000836 ], [ 110.323672, 25.000838 ], [ 110.323734, 25.000871 ], [ 110.323846, 25.000918 ], [ 110.323937, 25.000952 ], [ 110.324015, 25.000969 ], [ 110.324037, 25.000969 ], [ 110.324043, 25.000969 ], [ 110.324074, 25.00097 ], [ 110.324167, 25.000971 ], [ 110.32422, 25.000978 ], [ 110.324364, 25.000995 ], [ 110.324452, 25.001026 ], [ 110.324548, 25.001048 ], [ 110.324632, 25.00107 ], [ 110.324822, 25.00113 ], [ 110.324833, 25.001132 ], [ 110.324834, 25.001131 ], [ 110.324901, 25.001153 ], [ 110.324867, 25.001202 ], [ 110.324747, 25.001376 ], [ 110.32483, 25.001428 ], [ 110.324796, 25.001555 ], [ 110.324627, 25.001485 ], [ 110.324608, 25.001517 ], [ 110.324576, 25.001573 ], [ 110.324524, 25.001649 ], [ 110.32468, 25.00171 ], [ 110.324597, 25.001869 ], [ 110.324627, 25.001887 ], [ 110.32453, 25.002037 ], [ 110.324351, 25.001953 ], [ 110.324324, 25.002011 ], [ 110.324307, 25.002043 ], [ 110.3247, 25.002212 ], [ 110.324771, 25.002086 ], [ 110.325197, 25.002291 ], [ 110.325623, 25.002496 ], [ 110.325565, 25.002629 ], [ 110.325847, 25.002766 ], [ 110.325689, 25.003013 ], [ 110.32553, 25.003259 ], [ 110.325399, 25.003203 ], [ 110.325296, 25.003358 ], [ 110.325201, 25.00331 ], [ 110.325286, 25.003154 ] ] ], [ [ [ 110.324779, 25.00093 ], [ 110.324882, 25.000783 ], [ 110.325071, 25.000516 ], [ 110.325175, 25.000559 ], [ 110.325201, 25.000515 ], [ 110.325214, 25.000494 ], [ 110.325401, 25.000156 ], [ 110.325404, 25.000127 ], [ 110.325391, 25.000109 ], [ 110.325372, 25.000097 ], [ 110.325287, 25.000076 ], [ 110.325077, 25.000021 ], [ 110.325069, 25.000019 ], [ 110.325059, 25.000015 ], [ 110.324858, 24.999953 ], [ 110.324648, 24.999913 ], [ 110.324582, 24.999905 ], [ 110.324575, 24.99991 ], [ 110.324567, 24.999915 ], [ 110.324554, 24.999924 ], [ 110.324425, 25.000291 ], [ 110.324297, 25.000657 ], [ 110.324356, 25.00067 ], [ 110.324391, 25.000664 ], [ 110.32445, 25.000649 ], [ 110.324482, 25.000651 ], [ 110.324534, 25.000663 ], [ 110.324572, 25.00069 ], [ 110.324588, 25.000738 ], [ 110.324575, 25.000793 ], [ 110.324522, 25.000879 ], [ 110.324503, 25.000959 ], [ 110.324524, 25.00099 ], [ 110.324585, 25.000996 ], [ 110.324713, 25.000968 ], [ 110.324769, 25.000943 ], [ 110.324779, 25.00093 ] ] ] ] } },
{ "type": "Feature", "properties": { "BSM": "450312211000548805", "DLBM": "0601", "DLMC": "工业用地", "图斑面积": 50763.02, "坐落单位": "诚正村委会", "企业名称": null, "行业代码": null, "行业名称": null, "产值": 0.0, "行政区": null, "用地性": null }, "geometry": { "type": "MultiPolygon", "coordinates": [ [ [ [ 110.325469, 25.006413 ], [ 110.325479, 25.006444 ], [ 110.325475, 25.006491 ], [ 110.325464, 25.006594 ], [ 110.32543, 25.00659 ], [ 110.325332, 25.006579 ], [ 110.325091, 25.006551 ], [ 110.325006, 25.006555 ], [ 110.324859, 25.006525 ], [ 110.324837, 25.006404 ], [ 110.32482, 25.006374 ], [ 110.324793, 25.006339 ], [ 110.32477, 25.006351 ], [ 110.324609, 25.006433 ], [ 110.324846, 25.006522 ], [ 110.324853, 25.006619 ], [ 110.324917, 25.006621 ], [ 110.324973, 25.006621 ], [ 110.324974, 25.006621 ], [ 110.324993, 25.006623 ], [ 110.325001, 25.006624 ], [ 110.325, 25.006662 ], [ 110.324995, 25.006934 ], [ 110.324995, 25.006937 ], [ 110.324995, 25.006937 ], [ 110.324995, 25.006937 ], [ 110.324997, 25.006962 ], [ 110.325013, 25.007222 ], [ 110.325031, 25.007507 ], [ 110.325251, 25.007646 ], [ 110.325365, 25.007717 ], [ 110.325752, 25.007896 ], [ 110.325906, 25.007949 ], [ 110.326075, 25.007973 ], [ 110.326129, 25.007981 ], [ 110.326298, 25.007976 ], [ 110.32655, 25.00797 ], [ 110.326803, 25.007963 ], [ 110.327024, 25.007955 ], [ 110.327056, 25.007954 ], [ 110.327056, 25.007954 ], [ 110.327056, 25.007954 ], [ 110.327056, 25.007954 ], [ 110.327452, 25.007944 ], [ 110.327503, 25.007815 ], [ 110.327528, 25.007745 ], [ 110.327544, 25.007701 ], [ 110.327545, 25.007699 ], [ 110.327549, 25.007686 ], [ 110.327584, 25.007581 ], [ 110.327624, 25.007511 ], [ 110.32773, 25.007358 ], [ 110.327835, 25.007198 ], [ 110.32792, 25.007062 ], [ 110.328018, 25.006909 ], [ 110.328018, 25.006909 ], [ 110.328047, 25.006864 ], [ 110.32813, 25.006738 ], [ 110.328155, 25.0067 ], [ 110.328235, 25.006559 ], [ 110.328275, 25.006499 ], [ 110.328277, 25.006498 ], [ 110.328327, 25.006328 ], [ 110.328345, 25.0063 ], [ 110.32827, 25.006295 ], [ 110.327905, 25.006253 ], [ 110.327619, 25.006221 ], [ 110.327536, 25.006213 ], [ 110.327383, 25.006197 ], [ 110.327053, 25.006161 ], [ 110.326692, 25.006121 ], [ 110.326493, 25.006095 ], [ 110.326416, 25.006087 ], [ 110.326384, 25.006083 ], [ 110.3263, 25.006074 ], [ 110.326229, 25.006068 ], [ 110.326141, 25.006058 ], [ 110.326092, 25.006079 ], [ 110.326043, 25.006091 ], [ 110.325965, 25.006095 ], [ 110.325943, 25.006315 ], [ 110.325939, 25.006332 ], [ 110.325909, 25.006338 ], [ 110.32587, 25.006345 ], [ 110.325824, 25.006344 ], [ 110.325654, 25.006341 ], [ 110.325654, 25.006402 ], [ 110.325648, 25.006425 ], [ 110.325634, 25.006475 ], [ 110.325596, 25.006464 ], [ 110.325569, 25.006438 ], [ 110.325562, 25.006379 ], [ 110.325553, 25.006351 ], [ 110.325552, 25.006326 ], [ 110.325554, 25.00631 ], [ 110.325562, 25.0063 ], [ 110.325574, 25.006288 ], [ 110.325574, 25.006274 ], [ 110.325476, 25.006276 ], [ 110.325473, 25.006397 ], [ 110.325469, 25.006413 ] ] ], [ [ [ 110.325595, 25.006609 ], [ 110.325624, 25.006509 ], [ 110.3256, 25.006514 ], [ 110.325565, 25.006529 ], [ 110.32551, 25.006552 ], [ 110.32548, 25.006596 ], [ 110.325595, 25.006609 ] ] ], [ [ [ 110.327858, 25.006335 ], [ 110.327691, 25.006306 ], [ 110.32752, 25.006375 ], [ 110.327389, 25.006476 ], [ 110.327331, 25.006736 ], [ 110.327695, 25.006761 ], [ 110.327819, 25.006765 ], [ 110.32787, 25.006745 ], [ 110.327948, 25.00666 ], [ 110.32797, 25.006439 ], [ 110.327858, 25.006335 ] ] ] ] } },
{ "type": "Feature", "properties": { "BSM": "450312211000550049", "DLBM": "0601", "DLMC": "工业用地", "图斑面积": 7031.03, "坐落单位": "横山村委会", "企业名称": "广西驰兴电力安装维护有限公司", "行业代码": "E49", "行业名称": "建筑安装业", "产值": 0.0, "行政区": null, "用地性": null }, "geometry": { "type": "MultiPolygon", "coordinates": [ [ [ [ 110.150612, 25.191627 ], [ 110.150544, 25.191571 ], [ 110.150537, 25.191553 ], [ 110.15054, 25.191538 ], [ 110.150935, 25.191179 ], [ 110.150957, 25.191152 ], [ 110.150965, 25.191115 ], [ 110.150965, 25.191073 ], [ 110.150958, 25.191029 ], [ 110.150941, 25.190973 ], [ 110.150829, 25.190821 ], [ 110.150518, 25.190438 ], [ 110.15056, 25.190413 ], [ 110.150475, 25.190329 ], [ 110.150473, 25.190327 ], [ 110.150446, 25.190361 ], [ 110.150253, 25.190141 ], [ 110.150174, 25.19021 ], [ 110.150116, 25.190256 ], [ 110.149683, 25.190593 ], [ 110.149655, 25.190614 ], [ 110.149616, 25.190644 ], [ 110.149609, 25.190662 ], [ 110.149634, 25.190694 ], [ 110.149662, 25.19073 ], [ 110.14976, 25.190852 ], [ 110.150014, 25.19117 ], [ 110.15043, 25.191578 ], [ 110.150542, 25.191688 ], [ 110.150612, 25.191627 ] ] ], [ [ [ 110.15081, 25.19102 ], [ 110.150777, 25.191018 ], [ 110.150731, 25.191031 ], [ 110.150603, 25.191127 ], [ 110.150443, 25.191229 ], [ 110.150526, 25.1913 ], [ 110.150564, 25.191358 ], [ 110.150605, 25.191421 ], [ 110.150755, 25.191275 ], [ 110.150878, 25.191155 ], [ 110.150882, 25.191126 ], [ 110.150875, 25.191087 ], [ 110.150857, 25.191059 ], [ 110.150834, 25.191033 ], [ 110.15081, 25.19102 ] ] ], [ [ [ 110.15021, 25.190289 ], [ 110.150174, 25.190283 ], [ 110.150143, 25.190287 ], [ 110.150117, 25.190299 ], [ 110.149725, 25.190612 ], [ 110.149721, 25.190649 ], [ 110.149729, 25.190687 ], [ 110.14976, 25.190731 ], [ 110.149931, 25.190948 ], [ 110.149971, 25.190986 ], [ 110.149982, 25.191 ], [ 110.149996, 25.191009 ], [ 110.150006, 25.19101 ], [ 110.150035, 25.191007 ], [ 110.150037, 25.191005 ], [ 110.150077, 25.190983 ], [ 110.150113, 25.190963 ], [ 110.150119, 25.190959 ], [ 110.150445, 25.190734 ], [ 110.150486, 25.190696 ], [ 110.150502, 25.190676 ], [ 110.150507, 25.190655 ], [ 110.150505, 25.190629 ], [ 110.150468, 25.190584 ], [ 110.150312, 25.190395 ], [ 110.150226, 25.190296 ], [ 110.15021, 25.190289 ] ] ] ] } },
{ "type": "Feature", "properties": { "BSM": "450312211000550289", "DLBM": "0601", "DLMC": "工业用地", "图斑面积": 194503.24, "坐落单位": "宝山村委会", "企业名称": null, "行业代码": null, "行业名称": null, "产值": 0.0, "行政区": null, "用地性": null }, "geometry": { "type": "MultiPolygon", "coordinates": [ [ [ [ 110.028467, 25.161014 ], [ 110.028368, 25.161052 ], [ 110.028322, 25.161046 ], [ 110.028283, 25.161006 ], [ 110.028052, 25.160997 ], [ 110.028052, 25.161001 ], [ 110.027981, 25.161063 ], [ 110.027909, 25.161122 ], [ 110.027819, 25.161163 ], [ 110.02778, 25.161184 ], [ 110.027688, 25.161236 ], [ 110.027633, 25.161289 ], [ 110.027596, 25.161332 ], [ 110.027579, 25.161375 ], [ 110.027443, 25.161334 ], [ 110.027392, 25.1614 ], [ 110.027372, 25.161386 ], [ 110.027203, 25.161268 ], [ 110.027134, 25.161225 ], [ 110.027067, 25.161183 ], [ 110.027021, 25.161154 ], [ 110.026977, 25.161185 ], [ 110.026934, 25.161215 ], [ 110.026894, 25.161244 ], [ 110.026885, 25.161261 ], [ 110.026882, 25.161277 ], [ 110.026963, 25.161378 ], [ 110.026988, 25.161403 ], [ 110.027135, 25.161551 ], [ 110.027138, 25.161554 ], [ 110.027168, 25.161584 ], [ 110.027196, 25.161592 ], [ 110.027216, 25.161594 ], [ 110.027253, 25.161578 ], [ 110.027124, 25.161763 ], [ 110.027124, 25.161764 ], [ 110.026731, 25.161458 ], [ 110.02665, 25.161448 ], [ 110.026645, 25.161447 ], [ 110.026604, 25.161445 ], [ 110.02658, 25.161444 ], [ 110.026573, 25.161441 ], [ 110.026431, 25.161382 ], [ 110.026356, 25.161335 ], [ 110.026108, 25.1614 ], [ 110.025883, 25.161515 ], [ 110.02576, 25.161604 ], [ 110.025669, 25.161686 ], [ 110.025613, 25.161875 ], [ 110.025596, 25.161936 ], [ 110.025516, 25.161947 ], [ 110.02552, 25.162022 ], [ 110.025085, 25.16197 ], [ 110.024855, 25.161915 ], [ 110.024684, 25.161871 ], [ 110.024612, 25.161853 ], [ 110.024505, 25.161826 ], [ 110.024397, 25.161846 ], [ 110.024321, 25.161828 ], [ 110.024257, 25.161813 ], [ 110.024207, 25.161804 ], [ 110.023794, 25.161726 ], [ 110.023729, 25.161719 ], [ 110.023706, 25.16183 ], [ 110.023752, 25.161843 ], [ 110.023746, 25.161853 ], [ 110.023715, 25.161898 ], [ 110.023654, 25.162006 ], [ 110.02375, 25.162062 ], [ 110.023762, 25.162098 ], [ 110.023724, 25.162142 ], [ 110.02367, 25.162145 ], [ 110.023599, 25.162102 ], [ 110.023582, 25.162133 ], [ 110.023449, 25.162062 ], [ 110.023356, 25.16221 ], [ 110.023395, 25.162236 ], [ 110.023394, 25.162281 ], [ 110.0234, 25.162286 ], [ 110.023396, 25.162539 ], [ 110.023393, 25.16272 ], [ 110.023392, 25.162737 ], [ 110.023391, 25.162793 ], [ 110.023389, 25.162935 ], [ 110.023388, 25.163014 ], [ 110.023388, 25.163061 ], [ 110.023384, 25.163461 ], [ 110.023009, 25.163459 ], [ 110.022912, 25.163458 ], [ 110.022651, 25.163456 ], [ 110.02248, 25.163455 ], [ 110.022419, 25.163455 ], [ 110.022363, 25.163454 ], [ 110.022137, 25.163453 ], [ 110.022075, 25.163453 ], [ 110.022047, 25.163452 ], [ 110.022025, 25.163454 ], [ 110.021941, 25.163448 ], [ 110.021902, 25.163451 ], [ 110.021897, 25.163451 ], [ 110.021805, 25.163451 ], [ 110.021435, 25.163448 ], [ 110.021403, 25.163447 ], [ 110.021184, 25.16343 ], [ 110.021168, 25.163576 ], [ 110.021165, 25.163598 ], [ 110.021155, 25.163689 ], [ 110.021157, 25.163786 ], [ 110.021159, 25.163852 ], [ 110.021159, 25.163863 ], [ 110.021164, 25.164036 ], [ 110.021169, 25.164257 ], [ 110.021269, 25.164333 ], [ 110.021333, 25.164382 ], [ 110.021342, 25.164388 ], [ 110.021468, 25.16439 ], [ 110.02198, 25.164396 ], [ 110.022012, 25.164397 ], [ 110.022097, 25.164398 ], [ 110.022968, 25.164409 ], [ 110.022994, 25.164409 ], [ 110.024001, 25.164422 ], [ 110.024001, 25.164422 ], [ 110.024445, 25.164427 ], [ 110.025003, 25.164431 ], [ 110.025034, 25.164431 ], [ 110.025822, 25.164435 ], [ 110.025828, 25.164435 ], [ 110.026659, 25.16444 ], [ 110.026703, 25.16444 ], [ 110.027339, 25.164444 ], [ 110.027383, 25.164444 ], [ 110.02775, 25.164446 ], [ 110.02791, 25.164339 ], [ 110.027959, 25.164295 ], [ 110.028011, 25.164248 ], [ 110.028086, 25.164141 ], [ 110.0281, 25.164119 ], [ 110.028127, 25.163994 ], [ 110.028173, 25.163777 ], [ 110.028176, 25.163761 ], [ 110.028177, 25.163755 ], [ 110.028198, 25.163656 ], [ 110.028201, 25.163644 ], [ 110.028204, 25.163629 ], [ 110.028251, 25.163406 ], [ 110.028273, 25.163363 ], [ 110.028312, 25.163262 ], [ 110.028337, 25.163196 ], [ 110.028354, 25.163135 ], [ 110.028226, 25.162866 ], [ 110.028214, 25.162771 ], [ 110.028234, 25.16269 ], [ 110.028304, 25.162634 ], [ 110.028527, 25.162564 ], [ 110.028629, 25.162552 ], [ 110.028705, 25.162523 ], [ 110.028777, 25.162449 ], [ 110.029219, 25.161873 ], [ 110.029714, 25.161465 ], [ 110.029756, 25.161436 ], [ 110.029987, 25.161278 ], [ 110.030138, 25.161304 ], [ 110.029993, 25.161031 ], [ 110.029975, 25.161039 ], [ 110.029942, 25.161043 ], [ 110.029908, 25.161037 ], [ 110.029857, 25.16104 ], [ 110.029632, 25.161035 ], [ 110.029567, 25.161034 ], [ 110.029068, 25.161024 ], [ 110.028899, 25.161011 ], [ 110.028898, 25.16101 ], [ 110.028892, 25.16101 ], [ 110.028883, 25.16101 ], [ 110.02883, 25.161008 ], [ 110.028822, 25.161008 ], [ 110.028513, 25.160999 ], [ 110.028506, 25.160999 ], [ 110.028508, 25.161015 ], [ 110.028467, 25.161014 ] ] ], [ [ [ 110.029352, 25.161621 ], [ 110.029425, 25.161624 ], [ 110.029543, 25.161544 ], [ 110.029492, 25.161464 ], [ 110.029447, 25.161476 ], [ 110.029397, 25.161485 ], [ 110.029385, 25.161499 ], [ 110.029313, 25.161587 ], [ 110.029352, 25.161621 ] ] ] ] } },
{ "type": "Feature", "properties": { "BSM": "450312211000557530", "DLBM": "0601", "DLMC": "工业用地", "图斑面积": 16522.39, "坐落单位": "诚桂村委会", "企业名称": null, "行业代码": null, "行业名称": null, "产值": 0.0, "行政区": null, "用地性": null }, "geometry": { "type": "MultiPolygon", "coordinates": [ [ [ [ 110.286746, 25.011325 ], [ 110.28708, 25.011333 ], [ 110.287103, 25.011332 ], [ 110.287142, 25.011332 ], [ 110.287215, 25.011331 ], [ 110.287558, 25.011272 ], [ 110.287596, 25.011266 ], [ 110.287612, 25.011266 ], [ 110.287639, 25.011266 ], [ 110.287866, 25.011266 ], [ 110.288303, 25.011394 ], [ 110.28872, 25.011542 ], [ 110.288734, 25.011625 ], [ 110.288742, 25.011675 ], [ 110.288841, 25.011662 ], [ 110.288898, 25.011652 ], [ 110.288891, 25.011624 ], [ 110.288892, 25.011465 ], [ 110.28889, 25.011465 ], [ 110.288841, 25.011453 ], [ 110.288825, 25.011404 ], [ 110.288831, 25.011314 ], [ 110.288835, 25.011308 ], [ 110.288865, 25.011264 ], [ 110.288866, 25.011263 ], [ 110.288874, 25.011252 ], [ 110.288881, 25.01124 ], [ 110.288899, 25.011207 ], [ 110.288906, 25.011162 ], [ 110.2889, 25.011122 ], [ 110.288895, 25.011088 ], [ 110.288888, 25.011081 ], [ 110.288844, 25.011041 ], [ 110.288837, 25.011019 ], [ 110.288817, 25.010923 ], [ 110.288763, 25.010824 ], [ 110.288755, 25.010809 ], [ 110.288748, 25.01078 ], [ 110.288743, 25.010761 ], [ 110.288732, 25.010714 ], [ 110.288712, 25.010638 ], [ 110.288689, 25.010601 ], [ 110.288683, 25.010593 ], [ 110.288683, 25.010593 ], [ 110.288681, 25.010588 ], [ 110.28868, 25.010588 ], [ 110.288602, 25.010604 ], [ 110.2886, 25.010589 ], [ 110.288488, 25.010603 ], [ 110.288375, 25.010569 ], [ 110.288312, 25.010567 ], [ 110.288251, 25.010557 ], [ 110.288171, 25.01053 ], [ 110.288096, 25.010499 ], [ 110.288035, 25.010475 ], [ 110.287964, 25.010441 ], [ 110.287918, 25.010421 ], [ 110.287845, 25.010417 ], [ 110.287727, 25.010436 ], [ 110.287671, 25.010468 ], [ 110.287612, 25.010464 ], [ 110.28752, 25.010454 ], [ 110.287436, 25.010442 ], [ 110.287365, 25.010445 ], [ 110.287287, 25.010447 ], [ 110.28726, 25.010435 ], [ 110.287212, 25.010387 ], [ 110.287183, 25.010341 ], [ 110.287128, 25.01032 ], [ 110.287034, 25.010317 ], [ 110.287019, 25.010381 ], [ 110.287004, 25.010426 ], [ 110.286996, 25.010447 ], [ 110.286975, 25.010511 ], [ 110.28693, 25.010601 ], [ 110.286795, 25.01087 ], [ 110.28676, 25.010946 ], [ 110.286737, 25.011007 ], [ 110.286734, 25.011017 ], [ 110.286698, 25.011122 ], [ 110.286683, 25.011166 ], [ 110.286646, 25.011323 ], [ 110.286736, 25.011325 ], [ 110.286746, 25.011325 ] ] ], [ [ [ 110.288186, 25.010753 ], [ 110.288098, 25.010694 ], [ 110.28804, 25.010658 ], [ 110.287928, 25.010625 ], [ 110.287806, 25.010615 ], [ 110.287717, 25.010601 ], [ 110.287609, 25.0106 ], [ 110.287444, 25.010587 ], [ 110.287349, 25.010605 ], [ 110.287333, 25.010638 ], [ 110.287311, 25.010682 ], [ 110.287312, 25.010687 ], [ 110.287312, 25.010738 ], [ 110.287397, 25.010774 ], [ 110.287433, 25.010783 ], [ 110.287492, 25.010798 ], [ 110.287624, 25.010803 ], [ 110.287738, 25.010837 ], [ 110.287793, 25.010853 ], [ 110.287897, 25.010903 ], [ 110.287898, 25.010903 ], [ 110.287945, 25.010938 ], [ 110.287992, 25.010973 ], [ 110.288051, 25.010979 ], [ 110.288082, 25.010983 ], [ 110.288135, 25.010904 ], [ 110.288152, 25.010872 ], [ 110.288167, 25.010845 ], [ 110.28819, 25.010802 ], [ 110.288192, 25.010765 ], [ 110.288192, 25.010758 ], [ 110.288189, 25.010755 ], [ 110.288186, 25.010753 ] ] ], [ [ [ 110.288135, 25.011065 ], [ 110.288157, 25.011099 ], [ 110.288217, 25.011125 ], [ 110.288356, 25.011121 ], [ 110.288435, 25.011113 ], [ 110.288459, 25.01111 ], [ 110.288536, 25.011101 ], [ 110.288606, 25.011074 ], [ 110.288656, 25.011054 ], [ 110.288698, 25.010987 ], [ 110.288671, 25.010942 ], [ 110.288665, 25.010932 ], [ 110.288627, 25.010897 ], [ 110.28852, 25.010883 ], [ 110.288481, 25.010877 ], [ 110.288456, 25.010872 ], [ 110.288372, 25.010854 ], [ 110.288351, 25.010853 ], [ 110.288338, 25.010853 ], [ 110.288317, 25.010867 ], [ 110.288303, 25.010876 ], [ 110.288291, 25.010881 ], [ 110.28828, 25.010886 ], [ 110.288251, 25.010917 ], [ 110.288222, 25.010957 ], [ 110.288214, 25.010965 ], [ 110.288176, 25.011004 ], [ 110.288144, 25.011041 ], [ 110.28813, 25.011057 ], [ 110.288131, 25.01106 ], [ 110.288132, 25.01106 ], [ 110.288135, 25.011065 ] ] ] ] } },
{ "type": "Feature", "properties": { "BSM": "450312211000557561", "DLBM": "0601", "DLMC": "工业用地", "图斑面积": 41629.24, "坐落单位": "城联村委会", "企业名称": null, "行业代码": null, "行业名称": null, "产值": 0.0, "行政区": null, "用地性": null }, "geometry": { "type": "MultiPolygon", "coordinates": [ [ [ [ 110.020191, 25.194109 ], [ 110.020234, 25.194464 ], [ 110.020472, 25.194425 ], [ 110.020774, 25.194377 ], [ 110.020901, 25.194357 ], [ 110.020954, 25.194333 ], [ 110.020933, 25.194271 ], [ 110.020823, 25.193951 ], [ 110.020746, 25.193648 ], [ 110.020669, 25.193346 ], [ 110.020656, 25.193266 ], [ 110.020658, 25.193261 ], [ 110.020555, 25.193262 ], [ 110.02048, 25.193268 ], [ 110.020464, 25.193254 ], [ 110.020448, 25.193228 ], [ 110.020448, 25.193192 ], [ 110.020449, 25.19317 ], [ 110.020429, 25.193156 ], [ 110.020389, 25.193152 ], [ 110.020321, 25.193151 ], [ 110.020281, 25.193151 ], [ 110.020238, 25.193147 ], [ 110.020182, 25.193147 ], [ 110.020167, 25.193145 ], [ 110.020143, 25.193127 ], [ 110.020112, 25.192976 ], [ 110.020114, 25.192964 ], [ 110.020141, 25.192954 ], [ 110.020179, 25.192948 ], [ 110.020188, 25.19293 ], [ 110.020179, 25.192869 ], [ 110.020173, 25.192847 ], [ 110.020156, 25.192836 ], [ 110.019987, 25.192849 ], [ 110.019763, 25.192858 ], [ 110.019626, 25.192878 ], [ 110.019319, 25.192971 ], [ 110.019155, 25.193017 ], [ 110.019154, 25.193017 ], [ 110.019167, 25.193207 ], [ 110.019177, 25.19328 ], [ 110.01923, 25.193672 ], [ 110.019246, 25.193958 ], [ 110.019177, 25.193969 ], [ 110.019018, 25.193981 ], [ 110.019008, 25.19398 ], [ 110.018997, 25.193982 ], [ 110.018796, 25.194015 ], [ 110.018703, 25.193846 ], [ 110.018697, 25.193834 ], [ 110.018645, 25.193844 ], [ 110.018536, 25.193876 ], [ 110.01853, 25.193878 ], [ 110.018262, 25.19399 ], [ 110.018249, 25.193992 ], [ 110.018231, 25.193988 ], [ 110.018216, 25.193976 ], [ 110.018191, 25.193945 ], [ 110.018091, 25.193807 ], [ 110.018079, 25.193795 ], [ 110.017943, 25.193878 ], [ 110.0179, 25.193837 ], [ 110.017823, 25.193742 ], [ 110.017806, 25.193756 ], [ 110.017798, 25.193761 ], [ 110.017775, 25.193778 ], [ 110.017741, 25.193804 ], [ 110.017507, 25.193983 ], [ 110.017622, 25.194057 ], [ 110.017702, 25.194137 ], [ 110.017708, 25.194158 ], [ 110.017685, 25.194217 ], [ 110.017664, 25.194274 ], [ 110.017646, 25.194319 ], [ 110.017569, 25.194394 ], [ 110.017494, 25.194373 ], [ 110.017443, 25.194364 ], [ 110.017371, 25.194335 ], [ 110.01737, 25.194341 ], [ 110.017357, 25.194395 ], [ 110.01743, 25.194426 ], [ 110.017571, 25.19448 ], [ 110.017611, 25.194487 ], [ 110.017669, 25.194491 ], [ 110.017702, 25.194492 ], [ 110.017732, 25.194507 ], [ 110.017831, 25.194559 ], [ 110.017862, 25.194583 ], [ 110.017866, 25.194596 ], [ 110.01787, 25.194619 ], [ 110.017883, 25.19464 ], [ 110.017915, 25.194672 ], [ 110.017984, 25.194721 ], [ 110.018007, 25.194735 ], [ 110.018071, 25.194771 ], [ 110.018093, 25.194788 ], [ 110.018194, 25.194862 ], [ 110.018217, 25.19489 ], [ 110.018257, 25.194955 ], [ 110.018294, 25.195013 ], [ 110.018339, 25.195096 ], [ 110.018351, 25.195118 ], [ 110.018367, 25.195144 ], [ 110.018378, 25.195163 ], [ 110.018386, 25.195172 ], [ 110.018394, 25.195166 ], [ 110.018418, 25.195153 ], [ 110.018516, 25.195082 ], [ 110.018663, 25.195011 ], [ 110.019041, 25.194864 ], [ 110.019458, 25.194709 ], [ 110.019767, 25.194587 ], [ 110.019985, 25.194519 ], [ 110.020053, 25.194498 ], [ 110.020076, 25.194492 ], [ 110.02006, 25.194273 ], [ 110.020054, 25.194187 ], [ 110.020042, 25.194086 ], [ 110.020159, 25.194102 ], [ 110.020191, 25.194109 ] ] ], [ [ [ 110.018962, 25.194463 ], [ 110.018863, 25.194489 ], [ 110.018771, 25.194505 ], [ 110.018531, 25.19456 ], [ 110.018523, 25.194562 ], [ 110.018504, 25.194582 ], [ 110.018505, 25.194612 ], [ 110.018505, 25.194614 ], [ 110.018544, 25.194813 ], [ 110.018568, 25.194832 ], [ 110.018608, 25.194836 ], [ 110.018746, 25.194815 ], [ 110.018863, 25.194782 ], [ 110.018906, 25.194759 ], [ 110.019173, 25.194617 ], [ 110.019179, 25.194602 ], [ 110.01915, 25.194556 ], [ 110.019092, 25.194504 ], [ 110.019023, 25.194459 ], [ 110.018962, 25.194463 ] ] ] ] } },
{ "type": "Feature", "properties": { "BSM": "450312211000557564", "DLBM": "0601", "DLMC": "工业用地", "图斑面积": 17992.27, "坐落单位": "城联村委会", "企业名称": null, "行业代码": null, "行业名称": null, "产值": 0.0, "行政区": null, "用地性": null }, "geometry": { "type": "MultiPolygon", "coordinates": [ [ [ [ 110.006689, 25.201382 ], [ 110.006678, 25.201428 ], [ 110.006579, 25.201395 ], [ 110.006481, 25.201662 ], [ 110.006366, 25.201634 ], [ 110.006434, 25.201522 ], [ 110.006399, 25.201484 ], [ 110.006358, 25.201439 ], [ 110.006314, 25.201427 ], [ 110.006272, 25.201416 ], [ 110.006136, 25.201604 ], [ 110.006117, 25.201636 ], [ 110.00607, 25.201716 ], [ 110.006061, 25.201796 ], [ 110.006068, 25.201837 ], [ 110.006075, 25.201875 ], [ 110.006155, 25.202008 ], [ 110.006188, 25.202007 ], [ 110.006192, 25.202008 ], [ 110.006242, 25.202024 ], [ 110.006246, 25.202027 ], [ 110.006458, 25.202103 ], [ 110.006741, 25.202184 ], [ 110.006805, 25.202193 ], [ 110.006896, 25.202214 ], [ 110.006994, 25.202243 ], [ 110.007081, 25.202305 ], [ 110.007173, 25.202195 ], [ 110.007265, 25.202046 ], [ 110.007415, 25.2018 ], [ 110.007589, 25.201489 ], [ 110.007728, 25.201266 ], [ 110.00785, 25.201128 ], [ 110.007958, 25.20102 ], [ 110.007863, 25.200969 ], [ 110.007709, 25.200893 ], [ 110.007697, 25.200888 ], [ 110.007669, 25.200877 ], [ 110.007585, 25.200842 ], [ 110.007574, 25.200837 ], [ 110.007556, 25.200828 ], [ 110.007461, 25.200779 ], [ 110.007326, 25.20072 ], [ 110.007202, 25.200669 ], [ 110.007095, 25.200844 ], [ 110.007004, 25.200973 ], [ 110.006959, 25.200994 ], [ 110.006949, 25.201017 ], [ 110.006921, 25.201096 ], [ 110.006895, 25.201103 ], [ 110.006847, 25.201103 ], [ 110.006768, 25.201086 ], [ 110.006639, 25.201059 ], [ 110.006626, 25.201037 ], [ 110.006664, 25.200974 ], [ 110.006706, 25.200926 ], [ 110.006711, 25.200908 ], [ 110.006702, 25.200892 ], [ 110.006674, 25.200882 ], [ 110.006662, 25.200892 ], [ 110.006627, 25.200945 ], [ 110.006604, 25.200959 ], [ 110.006579, 25.200952 ], [ 110.006528, 25.200929 ], [ 110.006505, 25.200926 ], [ 110.006485, 25.200955 ], [ 110.006462, 25.200982 ], [ 110.006431, 25.201002 ], [ 110.006345, 25.200979 ], [ 110.006165, 25.200931 ], [ 110.00606, 25.200908 ], [ 110.005981, 25.200891 ], [ 110.005956, 25.200932 ], [ 110.005922, 25.200992 ], [ 110.005911, 25.20104 ], [ 110.0059, 25.201068 ], [ 110.005888, 25.201079 ], [ 110.005869, 25.201091 ], [ 110.005959, 25.201171 ], [ 110.006051, 25.201196 ], [ 110.006232, 25.201246 ], [ 110.006252, 25.201188 ], [ 110.006259, 25.201165 ], [ 110.006381, 25.20119 ], [ 110.006503, 25.201189 ], [ 110.006576, 25.201188 ], [ 110.006783, 25.201203 ], [ 110.006769, 25.201264 ], [ 110.006733, 25.201263 ], [ 110.006699, 25.20136 ], [ 110.006689, 25.201382 ] ] ], [ [ [ 110.006902, 25.201974 ], [ 110.006945, 25.201987 ], [ 110.006963, 25.201938 ], [ 110.006963, 25.201938 ], [ 110.006984, 25.201911 ], [ 110.007023, 25.201898 ], [ 110.00707, 25.201892 ], [ 110.007089, 25.20186 ], [ 110.007135, 25.201841 ], [ 110.007161, 25.201824 ], [ 110.007171, 25.201788 ], [ 110.007177, 25.201725 ], [ 110.007185, 25.201711 ], [ 110.007292, 25.201736 ], [ 110.007313, 25.201661 ], [ 110.007356, 25.201671 ], [ 110.007394, 25.201586 ], [ 110.007331, 25.201551 ], [ 110.007331, 25.201549 ], [ 110.007305, 25.201534 ], [ 110.007234, 25.201628 ], [ 110.007213, 25.201664 ], [ 110.006963, 25.201667 ], [ 110.006884, 25.201858 ], [ 110.006921, 25.201906 ], [ 110.006902, 25.201974 ] ] ] ] } },
{ "type": "Feature", "properties": { "BSM": "450312211000581678", "DLBM": "0601", "DLMC": "工业用地", "图斑面积": 2921.87, "坐落单位": "宝山村委会", "企业名称": null, "行业代码": null, "行业名称": null, "产值": 0.0, "行政区": null, "用地性": null }, "geometry": { "type": "MultiPolygon", "coordinates": [ [ [ [ 110.017254, 25.163768 ], [ 110.017187, 25.163793 ], [ 110.017175, 25.163806 ], [ 110.017091, 25.16391 ], [ 110.017012, 25.164103 ], [ 110.016937, 25.164216 ], [ 110.017056, 25.164454 ], [ 110.017094, 25.164441 ], [ 110.017211, 25.1643 ], [ 110.017239, 25.16431 ], [ 110.017308, 25.164058 ], [ 110.017503, 25.164104 ], [ 110.01756, 25.164103 ], [ 110.017576, 25.164017 ], [ 110.01759, 25.163969 ], [ 110.017592, 25.163969 ], [ 110.017609, 25.163965 ], [ 110.017729, 25.16393 ], [ 110.017747, 25.1637 ], [ 110.017712, 25.163694 ], [ 110.017628, 25.163737 ], [ 110.017543, 25.163742 ], [ 110.017471, 25.163773 ], [ 110.017389, 25.163755 ], [ 110.017288, 25.163747 ], [ 110.017254, 25.163768 ] ] ], [ [ [ 110.017425, 25.163898 ], [ 110.017311, 25.163859 ], [ 110.017268, 25.163973 ], [ 110.01739, 25.164018 ], [ 110.017425, 25.163898 ] ] ] ] } },
{ "type": "Feature", "properties": { "BSM": "450312211000092096", "DLBM": "0601", "DLMC": "工业用地", "图斑面积": 26949.09, "坐落单位": "凤凰村委会", "企业名称": "临桂乐和橡塑高分子新材料产业园", "行业代码": "C265", "行业名称": "合成材料制造", "产值": 20.0, "行政区": null, "用地性": null }, "geometry": { "type": "Polygon", "coordinates": [ [ [ 110.161277, 25.296449 ], [ 110.161275, 25.296449 ], [ 110.161206, 25.296479 ], [ 110.161164, 25.296534 ], [ 110.161151, 25.29653 ], [ 110.161063, 25.296497 ], [ 110.160973, 25.296463 ], [ 110.160834, 25.296411 ], [ 110.160695, 25.296392 ], [ 110.16046, 25.296343 ], [ 110.16026, 25.296301 ], [ 110.160158, 25.29628 ], [ 110.160049, 25.296243 ], [ 110.159894, 25.296191 ], [ 110.159823, 25.29616 ], [ 110.159791, 25.296148 ], [ 110.159764, 25.296127 ], [ 110.159756, 25.296103 ], [ 110.159759, 25.296092 ], [ 110.159762, 25.296085 ], [ 110.159775, 25.296031 ], [ 110.159758, 25.29594 ], [ 110.15973, 25.295898 ], [ 110.159674, 25.295871 ], [ 110.159589, 25.295877 ], [ 110.159514, 25.295883 ], [ 110.159451, 25.295903 ], [ 110.159388, 25.295908 ], [ 110.159325, 25.295889 ], [ 110.159291, 25.295859 ], [ 110.159245, 25.295826 ], [ 110.159194, 25.295826 ], [ 110.159144, 25.295832 ], [ 110.159092, 25.295844 ], [ 110.159056, 25.295866 ], [ 110.15901, 25.295898 ], [ 110.158949, 25.295883 ], [ 110.158923, 25.295871 ], [ 110.158913, 25.295867 ], [ 110.158895, 25.295855 ], [ 110.158895, 25.295856 ], [ 110.158849, 25.29594 ], [ 110.158815, 25.295984 ], [ 110.15875, 25.296065 ], [ 110.158746, 25.296069 ], [ 110.158721, 25.296098 ], [ 110.158651, 25.296189 ], [ 110.158457, 25.296398 ], [ 110.158452, 25.296403 ], [ 110.158341, 25.296532 ], [ 110.158316, 25.296572 ], [ 110.15855, 25.296666 ], [ 110.158784, 25.296759 ], [ 110.159153, 25.296942 ], [ 110.159272, 25.296998 ], [ 110.159561, 25.297145 ], [ 110.159564, 25.297136 ], [ 110.159573, 25.297106 ], [ 110.15975, 25.297004 ], [ 110.159841, 25.297031 ], [ 110.160263, 25.297224 ], [ 110.16064, 25.297389 ], [ 110.160703, 25.297411 ], [ 110.160769, 25.297401 ], [ 110.160825, 25.297313 ], [ 110.160976, 25.297023 ], [ 110.16115, 25.296701 ], [ 110.161277, 25.296449 ] ] ] } },
{ "type": "Feature", "properties": { "BSM": "450312211000092098", "DLBM": "0601", "DLMC": "工业用地", "图斑面积": 3557.56, "坐落单位": "凤凰村委会", "企业名称": "桂林温氏畜牧有限公司", "行业代码": "A0313", "行业名称": "猪的饲养", "产值": 6.0, "行政区": null, "用地性": null }, "geometry": { "type": "Polygon", "coordinates": [ [ [ 110.164391, 25.299517 ], [ 110.164391, 25.299517 ], [ 110.164489, 25.299511 ], [ 110.164527, 25.29951 ], [ 110.164648, 25.299505 ], [ 110.164941, 25.299485 ], [ 110.165326, 25.299462 ], [ 110.165326, 25.299461 ], [ 110.165306, 25.299404 ], [ 110.165291, 25.299384 ], [ 110.165253, 25.299375 ], [ 110.164848, 25.299276 ], [ 110.16484, 25.299274 ], [ 110.164557, 25.299209 ], [ 110.164274, 25.299144 ], [ 110.164055, 25.299081 ], [ 110.164055, 25.299082 ], [ 110.164079, 25.299305 ], [ 110.164104, 25.299534 ], [ 110.164391, 25.299517 ] ] ] } },
{ "type": "Feature", "properties": { "BSM": "450312211000092295", "DLBM": "0601", "DLMC": "工业用地", "图斑面积": 6891.05, "坐落单位": "凤凰村委会", "企业名称": "汉世伟食品集团桂林服务部", "行业代码": "F512", "行业名称": "食品、饮料及烟草制品批发", "产值": 0.0, "行政区": null, "用地性": null }, "geometry": { "type": "Polygon", "coordinates": [ [ [ 110.160545, 25.29889 ], [ 110.160531, 25.298866 ], [ 110.160438, 25.298654 ], [ 110.160408, 25.298586 ], [ 110.160373, 25.298504 ], [ 110.160358, 25.298458 ], [ 110.160309, 25.298309 ], [ 110.160308, 25.298306 ], [ 110.160511, 25.298269 ], [ 110.160455, 25.298134 ], [ 110.160428, 25.298075 ], [ 110.160506, 25.29805 ], [ 110.160467, 25.297965 ], [ 110.16055, 25.297919 ], [ 110.160524, 25.297857 ], [ 110.160524, 25.29783 ], [ 110.160651, 25.297655 ], [ 110.160647, 25.297652 ], [ 110.160646, 25.297652 ], [ 110.160511, 25.2976 ], [ 110.16027, 25.297512 ], [ 110.160142, 25.297476 ], [ 110.160125, 25.29747 ], [ 110.159954, 25.29742 ], [ 110.159964, 25.297494 ], [ 110.159972, 25.297558 ], [ 110.15997, 25.297647 ], [ 110.15997, 25.297666 ], [ 110.15997, 25.297678 ], [ 110.159969, 25.297718 ], [ 110.159919, 25.297754 ], [ 110.159904, 25.297787 ], [ 110.159935, 25.297892 ], [ 110.159958, 25.297985 ], [ 110.159963, 25.298005 ], [ 110.159992, 25.2981 ], [ 110.159999, 25.298125 ], [ 110.159994, 25.298147 ], [ 110.15999, 25.298159 ], [ 110.159965, 25.29823 ], [ 110.159962, 25.298238 ], [ 110.159953, 25.298265 ], [ 110.159954, 25.298271 ], [ 110.159957, 25.298286 ], [ 110.159973, 25.298366 ], [ 110.160081, 25.298348 ], [ 110.160176, 25.298613 ], [ 110.160281, 25.299016 ], [ 110.16037, 25.298973 ], [ 110.160545, 25.29889 ] ] ] } },
{ "type": "Feature", "properties": { "BSM": "450312211000092104", "DLBM": "0601", "DLMC": "工业用地", "图斑面积": 21514.36, "坐落单位": "乐和村委会", "企业名称": "桂林广东温氏家禽有限公司", "行业代码": "A0321", "行业名称": "鸡的饲养", "产值": 2.5, "行政区": null, "用地性": null }, "geometry": { "type": "Polygon", "coordinates": [ [ [ 110.179349, 25.290103 ], [ 110.179329, 25.290056 ], [ 110.179304, 25.290025 ], [ 110.179279, 25.290007 ], [ 110.179247, 25.289995 ], [ 110.179107, 25.28995 ], [ 110.178789, 25.289862 ], [ 110.178661, 25.289835 ], [ 110.17866, 25.289835 ], [ 110.178636, 25.289855 ], [ 110.178617, 25.289872 ], [ 110.178616, 25.289873 ], [ 110.178571, 25.289912 ], [ 110.178513, 25.289962 ], [ 110.178339, 25.290113 ], [ 110.178013, 25.290347 ], [ 110.177855, 25.290489 ], [ 110.177516, 25.290772 ], [ 110.177334, 25.290942 ], [ 110.177152, 25.291112 ], [ 110.177131, 25.29114 ], [ 110.177132, 25.291141 ], [ 110.17739, 25.291384 ], [ 110.177648, 25.291628 ], [ 110.177654, 25.291633 ], [ 110.177795, 25.291583 ], [ 110.17792, 25.291534 ], [ 110.177986, 25.291503 ], [ 110.17833, 25.291313 ], [ 110.178431, 25.291247 ], [ 110.178502, 25.291198 ], [ 110.178736, 25.291 ], [ 110.17899, 25.290723 ], [ 110.179065, 25.290637 ], [ 110.179121, 25.290557 ], [ 110.179239, 25.29037 ], [ 110.179278, 25.290305 ], [ 110.179311, 25.29024 ], [ 110.179334, 25.290186 ], [ 110.179342, 25.290159 ], [ 110.179346, 25.290122 ], [ 110.179349, 25.290103 ] ] ] } },
{ "type": "Feature", "properties": { "BSM": "450312211000092106", "DLBM": "0601", "DLMC": "工业用地", "图斑面积": 33502.77, "坐落单位": "乐和村委会", "企业名称": "桂林温氏畜牧有限公司", "行业代码": "A0313", "行业名称": "猪的饲养", "产值": 6.0, "行政区": null, "用地性": null }, "geometry": { "type": "Polygon", "coordinates": [ [ [ 110.166135, 25.29937 ], [ 110.166112, 25.298934 ], [ 110.166105, 25.298808 ], [ 110.166097, 25.298653 ], [ 110.166088, 25.298486 ], [ 110.166084, 25.298408 ], [ 110.166079, 25.29833 ], [ 110.166069, 25.298146 ], [ 110.166067, 25.298097 ], [ 110.166062, 25.298004 ], [ 110.166062, 25.298004 ], [ 110.166062, 25.297994 ], [ 110.166053, 25.297863 ], [ 110.16605, 25.297819 ], [ 110.166048, 25.297782 ], [ 110.165736, 25.297827 ], [ 110.165331, 25.297861 ], [ 110.164873, 25.297895 ], [ 110.164416, 25.297929 ], [ 110.163962, 25.297946 ], [ 110.163933, 25.297949 ], [ 110.163936, 25.29797 ], [ 110.163954, 25.298109 ], [ 110.163957, 25.298134 ], [ 110.163978, 25.29834 ], [ 110.163986, 25.29842 ], [ 110.16401, 25.29866 ], [ 110.164036, 25.29889 ], [ 110.164055, 25.299081 ], [ 110.164274, 25.299144 ], [ 110.164557, 25.299209 ], [ 110.16484, 25.299274 ], [ 110.164848, 25.299276 ], [ 110.165253, 25.299375 ], [ 110.165291, 25.299384 ], [ 110.165306, 25.299404 ], [ 110.165326, 25.299461 ], [ 110.165326, 25.299462 ], [ 110.165326, 25.299462 ], [ 110.165603, 25.299446 ], [ 110.165988, 25.299424 ], [ 110.166138, 25.299415 ], [ 110.166135, 25.29937 ] ] ] } },
{ "type": "Feature", "properties": { "BSM": "450312211000092113", "DLBM": "0601", "DLMC": "工业用地", "图斑面积": 13371.3, "坐落单位": "庙岭村委会", "企业名称": "桂林市农田灌溉试验中心站", "行业代码": "A0513", "行业名称": "灌溉活动", "产值": 0.0, "行政区": null, "用地性": null }, "geometry": { "type": "Polygon", "coordinates": [ [ [ 110.1727, 25.280808 ], [ 110.172736, 25.280537 ], [ 110.172778, 25.280232 ], [ 110.172758, 25.280231 ], [ 110.172531, 25.280204 ], [ 110.172328, 25.280173 ], [ 110.172326, 25.280173 ], [ 110.172166, 25.280139 ], [ 110.171967, 25.280081 ], [ 110.171627, 25.279993 ], [ 110.171589, 25.279986 ], [ 110.171416, 25.280084 ], [ 110.171303, 25.280591 ], [ 110.171284, 25.280679 ], [ 110.171284, 25.28068 ], [ 110.171254, 25.280879 ], [ 110.171392, 25.280897 ], [ 110.171857, 25.280952 ], [ 110.172188, 25.28099 ], [ 110.172274, 25.281 ], [ 110.172669, 25.281034 ], [ 110.172677, 25.280995 ], [ 110.172682, 25.280937 ], [ 110.1727, 25.280808 ] ] ] } },
{ "type": "Feature", "properties": { "BSM": "450312211000092119", "DLBM": "0601", "DLMC": "工业用地", "图斑面积": 45957.76, "坐落单位": "庙岭村委会", "企业名称": "桂林祥迪汽车贸易有限公司", "行业代码": "F5172", "行业名称": "汽车及零配件批发", "产值": 0.0, "行政区": null, "用地性": null }, "geometry": { "type": "Polygon", "coordinates": [ [ [ 110.183865, 25.286675 ], [ 110.183893, 25.286503 ], [ 110.184007, 25.285638 ], [ 110.184224, 25.285554 ], [ 110.184051, 25.28542 ], [ 110.183877, 25.285253 ], [ 110.183756, 25.285318 ], [ 110.18365, 25.285347 ], [ 110.183442, 25.285357 ], [ 110.18324, 25.285319 ], [ 110.183169, 25.285261 ], [ 110.183163, 25.285256 ], [ 110.18315, 25.285221 ], [ 110.183131, 25.285167 ], [ 110.183111, 25.28507 ], [ 110.183258, 25.284975 ], [ 110.183276, 25.284947 ], [ 110.183262, 25.284924 ], [ 110.183186, 25.284835 ], [ 110.183163, 25.284866 ], [ 110.183136, 25.284852 ], [ 110.183004, 25.284768 ], [ 110.183002, 25.284767 ], [ 110.182982, 25.284754 ], [ 110.182953, 25.284735 ], [ 110.182951, 25.284733 ], [ 110.182925, 25.284718 ], [ 110.182873, 25.284688 ], [ 110.182831, 25.284663 ], [ 110.182789, 25.284639 ], [ 110.182662, 25.284568 ], [ 110.182627, 25.284549 ], [ 110.182578, 25.28452 ], [ 110.18256, 25.284509 ], [ 110.182536, 25.284496 ], [ 110.182575, 25.284442 ], [ 110.182577, 25.28444 ], [ 110.182549, 25.284419 ], [ 110.182511, 25.28439 ], [ 110.182473, 25.284361 ], [ 110.182449, 25.284343 ], [ 110.182435, 25.284332 ], [ 110.182412, 25.284314 ], [ 110.182122, 25.284071 ], [ 110.18208, 25.284223 ], [ 110.181979, 25.284207 ], [ 110.181962, 25.284256 ], [ 110.18191, 25.284242 ], [ 110.181853, 25.28423 ], [ 110.181792, 25.284525 ], [ 110.181741, 25.284768 ], [ 110.181695, 25.284985 ], [ 110.181647, 25.285319 ], [ 110.181664, 25.285326 ], [ 110.18171, 25.285345 ], [ 110.181754, 25.285365 ], [ 110.181867, 25.285471 ], [ 110.18186, 25.285497 ], [ 110.181849, 25.285541 ], [ 110.181838, 25.285585 ], [ 110.181828, 25.285629 ], [ 110.181817, 25.285673 ], [ 110.181806, 25.285717 ], [ 110.181803, 25.28573 ], [ 110.181808, 25.285731 ], [ 110.181792, 25.28583 ], [ 110.181591, 25.285817 ], [ 110.181547, 25.286059 ], [ 110.181488, 25.286293 ], [ 110.18144, 25.286478 ], [ 110.181435, 25.286497 ], [ 110.181445, 25.286499 ], [ 110.181699, 25.286571 ], [ 110.181656, 25.286717 ], [ 110.181658, 25.286717 ], [ 110.181706, 25.286722 ], [ 110.18185, 25.28674 ], [ 110.181854, 25.286741 ], [ 110.181872, 25.286743 ], [ 110.181876, 25.286745 ], [ 110.181879, 25.286745 ], [ 110.181917, 25.286745 ], [ 110.18197, 25.286753 ], [ 110.182064, 25.286776 ], [ 110.182113, 25.286786 ], [ 110.182172, 25.286795 ], [ 110.18245, 25.286818 ], [ 110.182452, 25.286818 ], [ 110.182487, 25.286506 ], [ 110.182522, 25.286195 ], [ 110.18293, 25.286221 ], [ 110.183338, 25.286247 ], [ 110.183302, 25.286637 ], [ 110.183386, 25.286633 ], [ 110.183458, 25.28664 ], [ 110.183865, 25.286675 ] ] ] } },
{ "type": "Feature", "properties": { "BSM": "450312211000092121", "DLBM": "0601", "DLMC": "工业用地", "图斑面积": 143924.15, "坐落单位": "庙岭村委会", "企业名称": "桂林娃哈哈饮料有限公司", "行业代码": "C152", "行业名称": "饮料制造", "产值": 10.0, "行政区": null, "用地性": null }, "geometry": { "type": "Polygon", "coordinates": [ [ [ 110.177644, 25.280533 ], [ 110.17781, 25.280695 ], [ 110.177901, 25.280699 ], [ 110.178209, 25.280561 ], [ 110.178399, 25.28044 ], [ 110.178561, 25.280323 ], [ 110.178688, 25.28018 ], [ 110.178858, 25.280149 ], [ 110.179039, 25.280128 ], [ 110.179198, 25.280004 ], [ 110.179277, 25.279929 ], [ 110.179334, 25.279945 ], [ 110.179399, 25.279883 ], [ 110.179534, 25.279743 ], [ 110.179613, 25.279661 ], [ 110.17974, 25.279749 ], [ 110.17988, 25.279592 ], [ 110.179832, 25.279553 ], [ 110.179973, 25.27939 ], [ 110.179949, 25.279382 ], [ 110.179925, 25.279374 ], [ 110.179744, 25.279316 ], [ 110.179698, 25.279301 ], [ 110.179697, 25.279301 ], [ 110.179704, 25.279291 ], [ 110.179709, 25.279284 ], [ 110.179715, 25.279273 ], [ 110.179716, 25.279272 ], [ 110.179723, 25.27926 ], [ 110.179745, 25.279229 ], [ 110.179943, 25.279077 ], [ 110.18014, 25.278926 ], [ 110.180158, 25.278912 ], [ 110.18038, 25.278737 ], [ 110.180185, 25.278523 ], [ 110.179989, 25.278309 ], [ 110.180213, 25.278188 ], [ 110.180196, 25.27816 ], [ 110.180065, 25.277955 ], [ 110.179993, 25.277799 ], [ 110.179927, 25.277739 ], [ 110.17987, 25.277651 ], [ 110.179805, 25.277548 ], [ 110.179778, 25.277502 ], [ 110.179703, 25.27739 ], [ 110.179696, 25.277377 ], [ 110.179716, 25.277368 ], [ 110.179721, 25.277367 ], [ 110.179725, 25.277367 ], [ 110.179742, 25.277363 ], [ 110.179707, 25.277309 ], [ 110.179648, 25.277184 ], [ 110.179635, 25.277158 ], [ 110.179604, 25.277141 ], [ 110.179517, 25.276973 ], [ 110.17949, 25.276938 ], [ 110.179424, 25.276929 ], [ 110.17918, 25.276937 ], [ 110.178855, 25.276944 ], [ 110.178531, 25.27695 ], [ 110.178195, 25.276977 ], [ 110.177858, 25.276992 ], [ 110.177622, 25.277142 ], [ 110.177386, 25.277293 ], [ 110.177093, 25.277492 ], [ 110.176878, 25.277607 ], [ 110.176663, 25.277723 ], [ 110.176304, 25.277917 ], [ 110.175981, 25.278157 ], [ 110.175788, 25.278296 ], [ 110.175732, 25.278373 ], [ 110.175667, 25.278493 ], [ 110.175637, 25.27865 ], [ 110.175636, 25.27865 ], [ 110.175601, 25.278734 ], [ 110.175573, 25.278799 ], [ 110.175571, 25.278799 ], [ 110.175573, 25.278823 ], [ 110.175578, 25.278881 ], [ 110.175581, 25.278921 ], [ 110.175589, 25.279012 ], [ 110.175596, 25.279099 ], [ 110.175603, 25.279182 ], [ 110.175605, 25.279204 ], [ 110.175723, 25.279421 ], [ 110.175854, 25.279682 ], [ 110.176031, 25.279976 ], [ 110.176208, 25.28027 ], [ 110.176385, 25.280565 ], [ 110.17654, 25.280822 ], [ 110.176659, 25.281043 ], [ 110.176778, 25.281264 ], [ 110.176983, 25.281063 ], [ 110.177188, 25.280861 ], [ 110.17748, 25.280559 ], [ 110.177655, 25.280395 ], [ 110.177829, 25.28023 ], [ 110.178041, 25.280021 ], [ 110.178252, 25.279811 ], [ 110.178582, 25.279482 ], [ 110.178637, 25.279499 ], [ 110.178675, 25.279512 ], [ 110.178618, 25.27957 ], [ 110.178434, 25.279749 ], [ 110.17825, 25.279927 ], [ 110.178054, 25.280113 ], [ 110.177858, 25.280299 ], [ 110.177644, 25.280533 ] ] ] } },
{ "type": "Feature", "properties": { "BSM": "450312211000092141", "DLBM": "0601", "DLMC": "工业用地", "图斑面积": 49242.82, "坐落单位": "沙塘村委会", "企业名称": "桂林华润天和药业有限公司", "行业代码": "C2740", "行业名称": "中成药生产", "产值": 6.0, "行政区": null, "用地性": null }, "geometry": { "type": "Polygon", "coordinates": [ [ [ 110.193213, 25.268191 ], [ 110.193206, 25.268186 ], [ 110.193016, 25.268019 ], [ 110.192877, 25.267898 ], [ 110.19267, 25.267717 ], [ 110.192447, 25.267521 ], [ 110.192267, 25.267364 ], [ 110.192086, 25.267206 ], [ 110.191798, 25.266953 ], [ 110.191771, 25.26693 ], [ 110.191733, 25.266896 ], [ 110.191483, 25.266677 ], [ 110.191272, 25.266492 ], [ 110.190983, 25.266237 ], [ 110.190813, 25.266088 ], [ 110.190607, 25.266305 ], [ 110.190507, 25.2664 ], [ 110.190417, 25.266313 ], [ 110.190387, 25.266272 ], [ 110.190223, 25.266385 ], [ 110.190147, 25.266439 ], [ 110.190145, 25.26644 ], [ 110.190118, 25.266457 ], [ 110.190079, 25.266482 ], [ 110.190017, 25.26652 ], [ 110.190003, 25.266529 ], [ 110.18991, 25.266587 ], [ 110.189855, 25.266618 ], [ 110.189842, 25.266631 ], [ 110.189832, 25.266651 ], [ 110.189825, 25.266685 ], [ 110.189825, 25.266687 ], [ 110.189824, 25.266706 ], [ 110.189823, 25.26671 ], [ 110.189829, 25.266746 ], [ 110.18983, 25.266845 ], [ 110.189824, 25.2669 ], [ 110.189818, 25.266923 ], [ 110.189809, 25.266962 ], [ 110.1898, 25.266993 ], [ 110.189784, 25.267041 ], [ 110.189809, 25.267063 ], [ 110.189873, 25.267121 ], [ 110.190046, 25.267259 ], [ 110.190206, 25.267387 ], [ 110.190412, 25.267534 ], [ 110.190701, 25.267772 ], [ 110.19099, 25.26801 ], [ 110.191278, 25.268248 ], [ 110.191287, 25.268238 ], [ 110.191553, 25.268455 ], [ 110.191815, 25.268672 ], [ 110.192078, 25.26889 ], [ 110.192174, 25.268969 ], [ 110.192265, 25.268969 ], [ 110.192321, 25.268968 ], [ 110.192382, 25.26896 ], [ 110.192413, 25.268951 ], [ 110.192491, 25.268916 ], [ 110.192549, 25.268874 ], [ 110.192682, 25.268737 ], [ 110.192894, 25.26852 ], [ 110.193024, 25.268386 ], [ 110.193203, 25.268202 ], [ 110.193207, 25.268198 ], [ 110.193213, 25.268191 ] ] ] } },
{ "type": "Feature", "properties": { "BSM": "450312211000092144", "DLBM": "0601", "DLMC": "工业用地", "图斑面积": 60385.48, "坐落单位": "沙塘村委会", "企业名称": "桂林裕民制药有限公司、桂林市临桂", "行业代码": "C2740、L7230", "行业名称": "中成药生产、供应链管理服务", "产值": 0.0, "行政区": null, "用地性": null }, "geometry": { "type": "Polygon", "coordinates": [ [ [ 110.196374, 25.269766 ], [ 110.196374, 25.269739 ], [ 110.196337, 25.269677 ], [ 110.196253, 25.269589 ], [ 110.196059, 25.26942 ], [ 110.195711, 25.269111 ], [ 110.195437, 25.268868 ], [ 110.195163, 25.268626 ], [ 110.194876, 25.268373 ], [ 110.194708, 25.268214 ], [ 110.194696, 25.268226 ], [ 110.194371, 25.268534 ], [ 110.194047, 25.268841 ], [ 110.193722, 25.269149 ], [ 110.193889, 25.269293 ], [ 110.193683, 25.269497 ], [ 110.193584, 25.269425 ], [ 110.193389, 25.269614 ], [ 110.193195, 25.269803 ], [ 110.19349, 25.270043 ], [ 110.193819, 25.27032 ], [ 110.194149, 25.270597 ], [ 110.194479, 25.270874 ], [ 110.194844, 25.27117 ], [ 110.195209, 25.271466 ], [ 110.195338, 25.271574 ], [ 110.195348, 25.271582 ], [ 110.195562, 25.271185 ], [ 110.195744, 25.27087 ], [ 110.195925, 25.270555 ], [ 110.196107, 25.27024 ], [ 110.196241, 25.270003 ], [ 110.196374, 25.269766 ] ] ] } },
{ "type": "Feature", "properties": { "BSM": "450312211000092145", "DLBM": "0601", "DLMC": "工业用地", "图斑面积": 74229.8, "坐落单位": "沙塘村委会", "企业名称": "桂林和宏纸塑制品有限公司、仁和米", "行业代码": "C292、C1311、C3411、C14", "行业名称": "塑料制品业、稻谷加工、锅炉及辅助", "产值": 0.0, "行政区": null, "用地性": null }, "geometry": { "type": "Polygon", "coordinates": [ [ [ 110.195123, 25.271662 ], [ 110.195117, 25.271657 ], [ 110.194871, 25.271458 ], [ 110.194512, 25.271163 ], [ 110.194153, 25.270867 ], [ 110.193836, 25.27061 ], [ 110.193519, 25.270353 ], [ 110.193249, 25.27013 ], [ 110.192979, 25.269908 ], [ 110.192709, 25.269686 ], [ 110.192494, 25.269509 ], [ 110.192279, 25.269331 ], [ 110.192247, 25.269267 ], [ 110.192246, 25.269266 ], [ 110.192221, 25.269306 ], [ 110.192219, 25.269308 ], [ 110.192208, 25.269322 ], [ 110.192029, 25.269508 ], [ 110.19179, 25.269756 ], [ 110.191551, 25.270004 ], [ 110.191311, 25.270252 ], [ 110.190993, 25.270582 ], [ 110.190951, 25.270621 ], [ 110.190949, 25.270626 ], [ 110.190922, 25.270653 ], [ 110.190859, 25.270715 ], [ 110.190903, 25.270748 ], [ 110.190945, 25.270779 ], [ 110.190965, 25.270794 ], [ 110.190993, 25.270816 ], [ 110.191104, 25.270899 ], [ 110.191293, 25.271041 ], [ 110.191496, 25.271201 ], [ 110.191526, 25.27117 ], [ 110.191774, 25.270897 ], [ 110.191815, 25.270849 ], [ 110.191819, 25.270852 ], [ 110.192038, 25.271023 ], [ 110.192277, 25.271209 ], [ 110.192212, 25.271278 ], [ 110.19223, 25.271293 ], [ 110.192272, 25.271325 ], [ 110.192352, 25.271239 ], [ 110.19229, 25.271193 ], [ 110.192347, 25.27113 ], [ 110.192276, 25.271074 ], [ 110.192099, 25.270939 ], [ 110.191926, 25.270809 ], [ 110.192001, 25.270727 ], [ 110.192161, 25.270851 ], [ 110.192147, 25.270868 ], [ 110.19234, 25.271019 ], [ 110.192464, 25.271117 ], [ 110.192477, 25.271104 ], [ 110.192565, 25.271009 ], [ 110.192715, 25.27113 ], [ 110.192548, 25.271308 ], [ 110.192463, 25.2714 ], [ 110.19242, 25.271446 ], [ 110.192167, 25.271719 ], [ 110.192486, 25.271966 ], [ 110.192683, 25.272122 ], [ 110.19288, 25.272278 ], [ 110.192904, 25.272295 ], [ 110.1929, 25.272302 ], [ 110.193193, 25.27253 ], [ 110.193487, 25.272758 ], [ 110.193781, 25.272986 ], [ 110.193814, 25.273012 ], [ 110.193821, 25.273005 ], [ 110.193961, 25.272878 ], [ 110.193959, 25.272885 ], [ 110.194166, 25.272658 ], [ 110.194384, 25.272434 ], [ 110.194707, 25.272116 ], [ 110.194881, 25.271942 ], [ 110.195056, 25.271769 ], [ 110.195076, 25.271745 ], [ 110.19509, 25.271727 ], [ 110.195108, 25.271692 ], [ 110.195123, 25.271662 ] ] ] } },
{ "type": "Feature", "properties": { "BSM": "450312211000092146", "DLBM": "0601", "DLMC": "工业用地", "图斑面积": 63610.7, "坐落单位": "沙塘村委会", "企业名称": "桂林市漓源雪冷食有限公司", "行业代码": "C1493", "行业名称": "冷冻饮品及食用冰制造", "产值": 0.0, "行政区": null, "用地性": null }, "geometry": { "type": "Polygon", "coordinates": [ [ [ 110.197711, 25.272228 ], [ 110.197719, 25.272218 ], [ 110.197727, 25.272206 ], [ 110.197732, 25.272198 ], [ 110.19774, 25.272188 ], [ 110.197768, 25.272147 ], [ 110.197769, 25.272145 ], [ 110.19777, 25.272144 ], [ 110.197771, 25.272142 ], [ 110.197929, 25.271915 ], [ 110.197931, 25.271911 ], [ 110.197932, 25.271912 ], [ 110.198105, 25.271993 ], [ 110.198113, 25.271988 ], [ 110.198166, 25.271954 ], [ 110.198167, 25.271953 ], [ 110.198172, 25.271956 ], [ 110.198404, 25.271811 ], [ 110.198637, 25.271667 ], [ 110.19864, 25.271626 ], [ 110.198647, 25.271521 ], [ 110.198662, 25.271314 ], [ 110.198672, 25.271162 ], [ 110.198672, 25.271161 ], [ 110.198673, 25.271157 ], [ 110.198676, 25.271108 ], [ 110.198676, 25.271107 ], [ 110.198599, 25.271011 ], [ 110.198458, 25.270836 ], [ 110.198426, 25.270795 ], [ 110.19835, 25.270701 ], [ 110.198295, 25.270676 ], [ 110.198064, 25.270574 ], [ 110.197834, 25.270471 ], [ 110.197792, 25.270467 ], [ 110.197632, 25.270451 ], [ 110.197582, 25.270417 ], [ 110.197467, 25.270366 ], [ 110.197389, 25.270335 ], [ 110.197321, 25.270301 ], [ 110.197249, 25.270243 ], [ 110.197179, 25.27016 ], [ 110.19714, 25.270079 ], [ 110.197137, 25.270043 ], [ 110.196731, 25.269889 ], [ 110.196669, 25.269867 ], [ 110.196667, 25.269867 ], [ 110.19664, 25.269871 ], [ 110.196562, 25.269882 ], [ 110.196517, 25.269892 ], [ 110.196504, 25.269896 ], [ 110.196447, 25.269972 ], [ 110.196369, 25.270093 ], [ 110.196261, 25.270282 ], [ 110.196096, 25.270564 ], [ 110.195932, 25.270847 ], [ 110.195767, 25.27113 ], [ 110.195648, 25.27134 ], [ 110.195529, 25.27155 ], [ 110.195519, 25.271589 ], [ 110.195537, 25.271628 ], [ 110.195566, 25.271663 ], [ 110.195584, 25.271698 ], [ 110.195602, 25.271793 ], [ 110.195658, 25.271839 ], [ 110.195912, 25.272049 ], [ 110.196167, 25.272258 ], [ 110.196394, 25.272444 ], [ 110.196622, 25.272629 ], [ 110.196641, 25.272647 ], [ 110.19686, 25.272847 ], [ 110.197079, 25.273047 ], [ 110.197109, 25.273078 ], [ 110.197118, 25.273065 ], [ 110.197161, 25.273003 ], [ 110.197369, 25.272714 ], [ 110.197485, 25.272555 ], [ 110.197529, 25.272492 ], [ 110.197636, 25.272338 ], [ 110.197662, 25.272299 ], [ 110.197666, 25.272293 ], [ 110.19767, 25.272288 ], [ 110.197684, 25.272268 ], [ 110.197697, 25.27225 ], [ 110.197711, 25.272228 ] ] ] } },
{ "type": "Feature", "properties": { "BSM": "450312211000092147", "DLBM": "0601", "DLMC": "工业用地", "图斑面积": 56286.42, "坐落单位": "沙塘村委会", "企业名称": "桂冠定制家具厂", "行业代码": "C2110", "行业名称": "木质家具制造", "产值": 0.0, "行政区": null, "用地性": null }, "geometry": { "type": "Polygon", "coordinates": [ [ [ 110.197163, 25.273327 ], [ 110.197125, 25.273294 ], [ 110.197122, 25.273292 ], [ 110.196908, 25.2731 ], [ 110.196621, 25.272873 ], [ 110.196335, 25.272646 ], [ 110.196123, 25.272479 ], [ 110.195912, 25.272312 ], [ 110.195637, 25.272086 ], [ 110.195363, 25.271859 ], [ 110.195175, 25.271704 ], [ 110.195152, 25.271727 ], [ 110.195092, 25.271787 ], [ 110.194992, 25.271883 ], [ 110.194713, 25.272166 ], [ 110.194474, 25.272402 ], [ 110.194235, 25.272636 ], [ 110.194109, 25.272769 ], [ 110.194001, 25.27289 ], [ 110.193959, 25.272943 ], [ 110.193935, 25.272992 ], [ 110.193923, 25.273046 ], [ 110.193921, 25.273061 ], [ 110.193919, 25.273071 ], [ 110.193918, 25.273083 ], [ 110.193916, 25.273096 ], [ 110.193918, 25.273108 ], [ 110.193924, 25.273118 ], [ 110.19394, 25.273136 ], [ 110.193951, 25.273146 ], [ 110.193997, 25.273178 ], [ 110.1941, 25.27326 ], [ 110.194272, 25.273393 ], [ 110.194297, 25.273365 ], [ 110.194329, 25.273388 ], [ 110.194358, 25.27341 ], [ 110.194529, 25.273553 ], [ 110.194593, 25.273607 ], [ 110.194722, 25.273712 ], [ 110.194729, 25.273718 ], [ 110.19473, 25.273719 ], [ 110.194733, 25.273721 ], [ 110.194822, 25.273789 ], [ 110.195044, 25.273957 ], [ 110.195085, 25.273988 ], [ 110.195174, 25.274059 ], [ 110.195352, 25.274203 ], [ 110.195373, 25.274219 ], [ 110.195562, 25.274372 ], [ 110.19563, 25.274427 ], [ 110.195632, 25.274428 ], [ 110.195802, 25.274554 ], [ 110.195819, 25.274567 ], [ 110.195831, 25.274575 ], [ 110.19591, 25.274633 ], [ 110.19608, 25.274763 ], [ 110.196112, 25.274787 ], [ 110.196191, 25.274852 ], [ 110.196202, 25.274835 ], [ 110.196209, 25.274826 ], [ 110.196275, 25.274725 ], [ 110.196319, 25.274637 ], [ 110.196441, 25.274429 ], [ 110.196592, 25.274174 ], [ 110.196733, 25.27394 ], [ 110.196761, 25.273893 ], [ 110.196805, 25.273821 ], [ 110.196856, 25.273737 ], [ 110.196932, 25.273624 ], [ 110.197025, 25.273515 ], [ 110.197117, 25.273409 ], [ 110.197154, 25.273352 ], [ 110.197163, 25.273327 ] ] ] } },
{ "type": "Feature", "properties": { "BSM": "450312211000386608", "DLBM": "0601", "DLMC": "工业用地", "图斑面积": 42770.96, "坐落单位": "乐和村委会", "企业名称": "桂林铭川钢化玻璃有限公司", "行业代码": "C3051", "行业名称": "技术玻璃制品制造", "产值": 0.0, "行政区": null, "用地性": null }, "geometry": { "type": "Polygon", "coordinates": [ [ [ 110.172605, 25.299415 ], [ 110.172729, 25.299233 ], [ 110.172736, 25.299209 ], [ 110.172769, 25.299104 ], [ 110.172778, 25.298989 ], [ 110.172752, 25.298843 ], [ 110.172719, 25.298724 ], [ 110.172716, 25.298714 ], [ 110.1727, 25.298655 ], [ 110.172733, 25.298565 ], [ 110.172736, 25.298544 ], [ 110.172804, 25.298376 ], [ 110.172807, 25.298368 ], [ 110.172816, 25.298347 ], [ 110.172828, 25.298321 ], [ 110.172846, 25.2983 ], [ 110.172892, 25.298246 ], [ 110.172869, 25.298013 ], [ 110.172796, 25.297951 ], [ 110.172743, 25.297977 ], [ 110.172625, 25.298035 ], [ 110.172548, 25.297959 ], [ 110.172463, 25.298014 ], [ 110.172214, 25.297711 ], [ 110.172231, 25.297698 ], [ 110.172259, 25.297677 ], [ 110.172171, 25.297588 ], [ 110.172076, 25.297492 ], [ 110.172054, 25.297472 ], [ 110.172052, 25.29747 ], [ 110.171794, 25.297226 ], [ 110.171455, 25.296906 ], [ 110.171296, 25.296744 ], [ 110.171098, 25.2969 ], [ 110.170925, 25.297037 ], [ 110.1709, 25.297057 ], [ 110.170905, 25.297092 ], [ 110.170944, 25.297154 ], [ 110.170976, 25.297185 ], [ 110.171062, 25.297226 ], [ 110.17118, 25.297284 ], [ 110.171077, 25.29733 ], [ 110.171017, 25.297409 ], [ 110.170953, 25.297506 ], [ 110.170897, 25.297631 ], [ 110.170786, 25.297875 ], [ 110.17083, 25.297965 ], [ 110.171191, 25.29805 ], [ 110.171251, 25.298078 ], [ 110.17133, 25.298115 ], [ 110.171308, 25.298222 ], [ 110.171392, 25.298318 ], [ 110.171414, 25.298355 ], [ 110.171494, 25.298436 ], [ 110.171605, 25.298551 ], [ 110.171607, 25.298557 ], [ 110.171834, 25.298644 ], [ 110.171862, 25.298557 ], [ 110.172118, 25.298613 ], [ 110.172374, 25.298669 ], [ 110.17232, 25.298839 ], [ 110.172257, 25.299036 ], [ 110.17214, 25.299404 ], [ 110.171886, 25.299333 ], [ 110.171632, 25.299262 ], [ 110.171437, 25.299195 ], [ 110.171391, 25.299087 ], [ 110.171277, 25.299104 ], [ 110.171083, 25.299065 ], [ 110.170938, 25.299021 ], [ 110.170807, 25.298959 ], [ 110.170714, 25.298881 ], [ 110.170638, 25.298765 ], [ 110.170575, 25.298712 ], [ 110.170493, 25.298738 ], [ 110.170488, 25.29874 ], [ 110.170413, 25.298772 ], [ 110.170428, 25.298788 ], [ 110.170503, 25.298869 ], [ 110.170602, 25.299071 ], [ 110.170602, 25.299079 ], [ 110.170601, 25.299228 ], [ 110.170645, 25.299419 ], [ 110.170731, 25.299586 ], [ 110.170899, 25.299725 ], [ 110.171084, 25.299865 ], [ 110.171423, 25.299986 ], [ 110.171811, 25.30011 ], [ 110.171815, 25.300111 ], [ 110.171954, 25.300161 ], [ 110.172064, 25.300168 ], [ 110.172093, 25.300159 ], [ 110.172154, 25.300138 ], [ 110.17221, 25.300063 ], [ 110.172361, 25.299819 ], [ 110.172414, 25.299732 ], [ 110.172537, 25.299527 ], [ 110.172605, 25.299415 ] ] ] } },
{ "type": "Feature", "properties": { "BSM": "450312211000386530", "DLBM": "0601", "DLMC": "工业用地", "图斑面积": 65060.43, "坐落单位": "乐和村委会", "企业名称": "临桂家合混凝土有限公司、临桂永固", "行业代码": "C3021", "行业名称": "水泥制品制造", "产值": 0.0, "行政区": null, "用地性": null }, "geometry": { "type": "Polygon", "coordinates": [ [ [ 110.184148, 25.289183 ], [ 110.184165, 25.289066 ], [ 110.184187, 25.288909 ], [ 110.184223, 25.288656 ], [ 110.184244, 25.288513 ], [ 110.184274, 25.288304 ], [ 110.184303, 25.28811 ], [ 110.184321, 25.288001 ], [ 110.184337, 25.287839 ], [ 110.184336, 25.287775 ], [ 110.184369, 25.28759 ], [ 110.184384, 25.287508 ], [ 110.184379, 25.287475 ], [ 110.184367, 25.287442 ], [ 110.184307, 25.287431 ], [ 110.184164, 25.287411 ], [ 110.184079, 25.287403 ], [ 110.184045, 25.287403 ], [ 110.1839, 25.287377 ], [ 110.183897, 25.287376 ], [ 110.183867, 25.287389 ], [ 110.183815, 25.287396 ], [ 110.183756, 25.287396 ], [ 110.183638, 25.287387 ], [ 110.183628, 25.287389 ], [ 110.183514, 25.287407 ], [ 110.183513, 25.287407 ], [ 110.183515, 25.287408 ], [ 110.183609, 25.287517 ], [ 110.183618, 25.287527 ], [ 110.183718, 25.287602 ], [ 110.183767, 25.287665 ], [ 110.18378, 25.287705 ], [ 110.183785, 25.287723 ], [ 110.183785, 25.287773 ], [ 110.183785, 25.28779 ], [ 110.183785, 25.287793 ], [ 110.183759, 25.287807 ], [ 110.183764, 25.287834 ], [ 110.183643, 25.287952 ], [ 110.183554, 25.287853 ], [ 110.183447, 25.28777 ], [ 110.183325, 25.287675 ], [ 110.18326, 25.287625 ], [ 110.182844, 25.287572 ], [ 110.182428, 25.28752 ], [ 110.181867, 25.287477 ], [ 110.181857, 25.287501 ], [ 110.181814, 25.287593 ], [ 110.181736, 25.28779 ], [ 110.181673, 25.28795 ], [ 110.181636, 25.288034 ], [ 110.181506, 25.288327 ], [ 110.181404, 25.288569 ], [ 110.181302, 25.28881 ], [ 110.181182, 25.289079 ], [ 110.181101, 25.289057 ], [ 110.180985, 25.28903 ], [ 110.180944, 25.28902 ], [ 110.180768, 25.288973 ], [ 110.18077, 25.288967 ], [ 110.180778, 25.288944 ], [ 110.18055, 25.288881 ], [ 110.180508, 25.288979 ], [ 110.180434, 25.289216 ], [ 110.180514, 25.289237 ], [ 110.180594, 25.289257 ], [ 110.180622, 25.289264 ], [ 110.180702, 25.289284 ], [ 110.180786, 25.289292 ], [ 110.180803, 25.289293 ], [ 110.180854, 25.289297 ], [ 110.180942, 25.289305 ], [ 110.181085, 25.289317 ], [ 110.181446, 25.289378 ], [ 110.181807, 25.289439 ], [ 110.182105, 25.289484 ], [ 110.182403, 25.289529 ], [ 110.182535, 25.289552 ], [ 110.182716, 25.289582 ], [ 110.182739, 25.289586 ], [ 110.182792, 25.289595 ], [ 110.182988, 25.289629 ], [ 110.18319, 25.289663 ], [ 110.183227, 25.289673 ], [ 110.183237, 25.289674 ], [ 110.18336, 25.289693 ], [ 110.183424, 25.289698 ], [ 110.183499, 25.289702 ], [ 110.183551, 25.289704 ], [ 110.18358, 25.289704 ], [ 110.183617, 25.289701 ], [ 110.183791, 25.289657 ], [ 110.183969, 25.289641 ], [ 110.184042, 25.289641 ], [ 110.184049, 25.28964 ], [ 110.184067, 25.289627 ], [ 110.184077, 25.289615 ], [ 110.184087, 25.289584 ], [ 110.184093, 25.289511 ], [ 110.184117, 25.28934 ], [ 110.184148, 25.289183 ] ] ] } },
{ "type": "Feature", "properties": { "BSM": "450312211000386848", "DLBM": "0601", "DLMC": "工业用地", "图斑面积": 10104.52, "坐落单位": "庙岭村委会", "企业名称": "中联重科混凝土机械特约维修站", "行业代码": "C4330", "行业名称": "专用设备修理", "产值": 0.0, "行政区": null, "用地性": null }, "geometry": { "type": "Polygon", "coordinates": [ [ [ 110.18015, 25.28826 ], [ 110.180009, 25.288208 ], [ 110.179979, 25.288196 ], [ 110.179889, 25.28813 ], [ 110.179798, 25.288063 ], [ 110.179685, 25.287989 ], [ 110.179531, 25.287916 ], [ 110.179444, 25.287896 ], [ 110.179358, 25.287891 ], [ 110.179288, 25.287949 ], [ 110.17897, 25.288248 ], [ 110.178917, 25.288219 ], [ 110.178911, 25.288227 ], [ 110.17875, 25.288402 ], [ 110.178527, 25.288628 ], [ 110.178511, 25.288644 ], [ 110.178496, 25.288659 ], [ 110.178727, 25.28868 ], [ 110.178969, 25.28871 ], [ 110.179417, 25.288764 ], [ 110.179865, 25.288819 ], [ 110.179923, 25.288824 ], [ 110.179926, 25.288809 ], [ 110.179937, 25.288759 ], [ 110.179958, 25.288661 ], [ 110.180055, 25.288476 ], [ 110.18015, 25.28826 ] ] ] } },
{ "type": "Feature", "properties": { "BSM": "450312211000386890", "DLBM": "0601", "DLMC": "工业用地", "图斑面积": 67973.54, "坐落单位": "沙塘村委会", "企业名称": "桂林市临桂区秦氏洞藏酒窖厂", "行业代码": "C1512", "行业名称": "白酒制造", "产值": 0.0, "行政区": null, "用地性": null }, "geometry": { "type": "Polygon", "coordinates": [ [ [ 110.199027, 25.277117 ], [ 110.199045, 25.277073 ], [ 110.199128, 25.277116 ], [ 110.199127, 25.276991 ], [ 110.199146, 25.276909 ], [ 110.199195, 25.276797 ], [ 110.199293, 25.276606 ], [ 110.199327, 25.276541 ], [ 110.199491, 25.276264 ], [ 110.19958, 25.276126 ], [ 110.199642, 25.275993 ], [ 110.199648, 25.275945 ], [ 110.199652, 25.275886 ], [ 110.199641, 25.275767 ], [ 110.199604, 25.275648 ], [ 110.199565, 25.275584 ], [ 110.199445, 25.275397 ], [ 110.199373, 25.275286 ], [ 110.199255, 25.275104 ], [ 110.199247, 25.275093 ], [ 110.199239, 25.275082 ], [ 110.199111, 25.274954 ], [ 110.198985, 25.274858 ], [ 110.198933, 25.274816 ], [ 110.198696, 25.274609 ], [ 110.19846, 25.274402 ], [ 110.198215, 25.274203 ], [ 110.19797, 25.274004 ], [ 110.197719, 25.273798 ], [ 110.197483, 25.273598 ], [ 110.197247, 25.273398 ], [ 110.197234, 25.273387 ], [ 110.197211, 25.273395 ], [ 110.197165, 25.27343 ], [ 110.197121, 25.273476 ], [ 110.196952, 25.273696 ], [ 110.196923, 25.273735 ], [ 110.196717, 25.274084 ], [ 110.196699, 25.274115 ], [ 110.196469, 25.27451 ], [ 110.196464, 25.274517 ], [ 110.196331, 25.274749 ], [ 110.196243, 25.27489 ], [ 110.196241, 25.274893 ], [ 110.196241, 25.274894 ], [ 110.196509, 25.275118 ], [ 110.196789, 25.275348 ], [ 110.197069, 25.275578 ], [ 110.197149, 25.275639 ], [ 110.197412, 25.275825 ], [ 110.197417, 25.27583 ], [ 110.197421, 25.275834 ], [ 110.197444, 25.275852 ], [ 110.197456, 25.275862 ], [ 110.197684, 25.276041 ], [ 110.197991, 25.276289 ], [ 110.19818, 25.276442 ], [ 110.19837, 25.276595 ], [ 110.198395, 25.276615 ], [ 110.198405, 25.276623 ], [ 110.198416, 25.276632 ], [ 110.198454, 25.276662 ], [ 110.198456, 25.276664 ], [ 110.198488, 25.27669 ], [ 110.198493, 25.276694 ], [ 110.198527, 25.276722 ], [ 110.198797, 25.27694 ], [ 110.198811, 25.276951 ], [ 110.198881, 25.277008 ], [ 110.198901, 25.277024 ], [ 110.198925, 25.277043 ], [ 110.199027, 25.277117 ] ] ] } },
{ "type": "Feature", "properties": { "BSM": "450312211000390875", "DLBM": "0601", "DLMC": "工业用地", "图斑面积": 31481.92, "坐落单位": "沙塘村委会", "企业名称": "桂林市红星化工有限责任公司生产厂", "行业代码": "C261", "行业名称": "基础化学原料制造", "产值": 0.0, "行政区": null, "用地性": null }, "geometry": { "type": "Polygon", "coordinates": [ [ [ 110.194054, 25.264583 ], [ 110.194073, 25.264 ], [ 110.194098, 25.263497 ], [ 110.194119, 25.263013 ], [ 110.1941, 25.263021 ], [ 110.193854, 25.263134 ], [ 110.193818, 25.263153 ], [ 110.193663, 25.263242 ], [ 110.193629, 25.263262 ], [ 110.193596, 25.263281 ], [ 110.19356, 25.263302 ], [ 110.193518, 25.263331 ], [ 110.193192, 25.263582 ], [ 110.193098, 25.263654 ], [ 110.193088, 25.263662 ], [ 110.19308, 25.26367 ], [ 110.193013, 25.263726 ], [ 110.192861, 25.263854 ], [ 110.192849, 25.263863 ], [ 110.192832, 25.263881 ], [ 110.19267, 25.26405 ], [ 110.192667, 25.264053 ], [ 110.192662, 25.264061 ], [ 110.192766, 25.264154 ], [ 110.192767, 25.264155 ], [ 110.192723, 25.264202 ], [ 110.192721, 25.2642 ], [ 110.192721, 25.2642 ], [ 110.19267, 25.264245 ], [ 110.192503, 25.264391 ], [ 110.192453, 25.264435 ], [ 110.192363, 25.264514 ], [ 110.19234, 25.264534 ], [ 110.192378, 25.264561 ], [ 110.192392, 25.264575 ], [ 110.192438, 25.264618 ], [ 110.192471, 25.264648 ], [ 110.192797, 25.264945 ], [ 110.192828, 25.264973 ], [ 110.192905, 25.265041 ], [ 110.193035, 25.26516 ], [ 110.193147, 25.265262 ], [ 110.193185, 25.265295 ], [ 110.193329, 25.265428 ], [ 110.193392, 25.265486 ], [ 110.193396, 25.26549 ], [ 110.193721, 25.265788 ], [ 110.193793, 25.265853 ], [ 110.193937, 25.265984 ], [ 110.193992, 25.266034 ], [ 110.194002, 25.265636 ], [ 110.194027, 25.265053 ], [ 110.194054, 25.264583 ] ] ] } },
{ "type": "Feature", "properties": { "BSM": "450312211000397776", "DLBM": "0601", "DLMC": "工业用地", "图斑面积": 57457.03, "坐落单位": "乐和村委会", "企业名称": "广西得爱威新材料有限公司", "行业代码": "C265", "行业名称": "合成材料制造", "产值": 0.0, "行政区": null, "用地性": null }, "geometry": { "type": "Polygon", "coordinates": [ [ [ 110.186418, 25.290106 ], [ 110.186458, 25.289939 ], [ 110.18666, 25.289955 ], [ 110.186671, 25.289861 ], [ 110.186483, 25.289833 ], [ 110.186488, 25.289812 ], [ 110.186498, 25.289768 ], [ 110.186556, 25.289524 ], [ 110.186561, 25.289506 ], [ 110.186575, 25.289446 ], [ 110.186358, 25.289398 ], [ 110.186188, 25.289355 ], [ 110.186071, 25.289279 ], [ 110.18613, 25.289006 ], [ 110.186349, 25.289088 ], [ 110.18639, 25.289007 ], [ 110.186428, 25.28893 ], [ 110.18658, 25.288628 ], [ 110.186619, 25.288549 ], [ 110.186666, 25.288439 ], [ 110.186849, 25.288014 ], [ 110.186915, 25.28786 ], [ 110.186934, 25.287736 ], [ 110.186889, 25.287593 ], [ 110.186858, 25.287592 ], [ 110.186781, 25.287587 ], [ 110.186622, 25.287578 ], [ 110.186304, 25.287559 ], [ 110.186184, 25.287552 ], [ 110.186119, 25.287548 ], [ 110.185933, 25.287537 ], [ 110.185769, 25.287528 ], [ 110.185514, 25.287512 ], [ 110.185448, 25.287508 ], [ 110.185436, 25.287597 ], [ 110.185416, 25.287644 ], [ 110.185317, 25.287686 ], [ 110.185246, 25.28775 ], [ 110.185244, 25.287751 ], [ 110.185118, 25.287923 ], [ 110.185105, 25.28797 ], [ 110.185072, 25.288083 ], [ 110.185129, 25.288132 ], [ 110.185143, 25.288144 ], [ 110.185169, 25.288165 ], [ 110.18513, 25.288227 ], [ 110.185017, 25.288135 ], [ 110.184765, 25.287929 ], [ 110.184761, 25.287926 ], [ 110.184566, 25.287766 ], [ 110.184434, 25.287649 ], [ 110.184413, 25.287817 ], [ 110.184376, 25.288092 ], [ 110.184344, 25.288289 ], [ 110.184315, 25.288493 ], [ 110.184292, 25.288657 ], [ 110.184258, 25.288899 ], [ 110.184228, 25.289103 ], [ 110.184202, 25.289289 ], [ 110.184186, 25.289411 ], [ 110.184163, 25.289583 ], [ 110.184164, 25.289612 ], [ 110.184173, 25.289639 ], [ 110.184197, 25.289699 ], [ 110.184218, 25.289719 ], [ 110.184246, 25.289734 ], [ 110.184288, 25.289743 ], [ 110.184371, 25.289763 ], [ 110.184473, 25.289787 ], [ 110.184713, 25.28983 ], [ 110.184942, 25.289858 ], [ 110.185034, 25.289869 ], [ 110.185334, 25.28992 ], [ 110.18535, 25.289923 ], [ 110.185445, 25.289943 ], [ 110.185452, 25.289944 ], [ 110.185632, 25.289981 ], [ 110.185928, 25.290047 ], [ 110.186337, 25.290149 ], [ 110.186404, 25.290167 ], [ 110.186415, 25.290119 ], [ 110.186418, 25.290106 ] ] ] } },
{ "type": "Feature", "properties": { "BSM": "450312211000397780", "DLBM": "0601", "DLMC": "工业用地", "图斑面积": 29144.51, "坐落单位": "乐和村委会", "企业名称": "广西桂林觅源纪食品有限公司、桂天", "行业代码": "C14、A03", "行业名称": "食品制造业、畜牧业", "产值": 0.0, "行政区": null, "用地性": null }, "geometry": { "type": "Polygon", "coordinates": [ [ [ 110.169853, 25.293926 ], [ 110.169903, 25.293873 ], [ 110.169945, 25.293828 ], [ 110.170161, 25.293636 ], [ 110.170224, 25.293577 ], [ 110.17027, 25.293534 ], [ 110.170128, 25.293381 ], [ 110.169906, 25.29328 ], [ 110.169833, 25.293248 ], [ 110.169646, 25.293168 ], [ 110.169484, 25.2931 ], [ 110.169344, 25.293041 ], [ 110.169339, 25.293036 ], [ 110.169276, 25.293009 ], [ 110.169271, 25.293007 ], [ 110.169217, 25.292983 ], [ 110.169115, 25.29294 ], [ 110.168925, 25.29286 ], [ 110.168774, 25.292795 ], [ 110.168795, 25.292831 ], [ 110.1688, 25.29284 ], [ 110.16882, 25.292849 ], [ 110.168828, 25.292852 ], [ 110.168889, 25.292874 ], [ 110.1689, 25.292884 ], [ 110.168903, 25.292893 ], [ 110.168901, 25.292911 ], [ 110.168896, 25.292951 ], [ 110.168891, 25.293123 ], [ 110.168867, 25.293185 ], [ 110.16882, 25.293278 ], [ 110.16881, 25.29332 ], [ 110.168787, 25.293429 ], [ 110.168769, 25.293521 ], [ 110.168768, 25.293522 ], [ 110.168767, 25.293529 ], [ 110.168755, 25.293552 ], [ 110.168735, 25.293558 ], [ 110.168691, 25.293533 ], [ 110.168603, 25.293482 ], [ 110.168503, 25.293437 ], [ 110.168197, 25.293916 ], [ 110.168002, 25.29383 ], [ 110.168012, 25.293919 ], [ 110.168127, 25.294002 ], [ 110.168187, 25.294016 ], [ 110.168183, 25.294086 ], [ 110.168127, 25.29413 ], [ 110.168051, 25.294151 ], [ 110.168016, 25.294226 ], [ 110.168125, 25.294344 ], [ 110.168142, 25.294377 ], [ 110.168225, 25.294541 ], [ 110.16823, 25.294565 ], [ 110.168323, 25.294583 ], [ 110.168457, 25.294653 ], [ 110.168512, 25.294682 ], [ 110.168516, 25.294684 ], [ 110.168702, 25.294772 ], [ 110.168914, 25.294881 ], [ 110.169072, 25.294985 ], [ 110.169084, 25.294993 ], [ 110.169141, 25.295028 ], [ 110.169179, 25.295055 ], [ 110.169197, 25.295069 ], [ 110.16922, 25.295087 ], [ 110.169345, 25.295062 ], [ 110.169422, 25.294876 ], [ 110.169502, 25.294682 ], [ 110.169546, 25.294577 ], [ 110.169546, 25.294577 ], [ 110.169627, 25.294383 ], [ 110.169742, 25.294106 ], [ 110.169752, 25.294084 ], [ 110.169807, 25.293997 ], [ 110.16983, 25.293961 ], [ 110.169851, 25.293929 ], [ 110.169853, 25.293926 ] ] ] } },
{ "type": "Feature", "properties": { "BSM": "450312211000420952", "DLBM": "0601", "DLMC": "工业用地", "图斑面积": 12147.36, "坐落单位": "乐和村委会", "企业名称": "鲜点见面食品（广西）有限公司、桂", "行业代码": "C14", "行业名称": "食品制造业", "产值": 0.0, "行政区": null, "用地性": null }, "geometry": { "type": "Polygon", "coordinates": [ [ [ 110.169257, 25.295498 ], [ 110.169247, 25.295482 ], [ 110.169172, 25.295367 ], [ 110.169132, 25.29532 ], [ 110.169031, 25.295217 ], [ 110.1689, 25.295113 ], [ 110.16875, 25.295018 ], [ 110.168602, 25.294942 ], [ 110.168503, 25.294891 ], [ 110.168324, 25.294804 ], [ 110.16828, 25.294792 ], [ 110.168277, 25.29485 ], [ 110.168277, 25.294852 ], [ 110.168275, 25.294889 ], [ 110.168317, 25.295157 ], [ 110.168317, 25.295157 ], [ 110.168317, 25.295157 ], [ 110.168298, 25.295242 ], [ 110.168294, 25.295246 ], [ 110.168261, 25.295275 ], [ 110.168223, 25.295314 ], [ 110.168082, 25.295394 ], [ 110.168046, 25.295435 ], [ 110.167979, 25.295579 ], [ 110.167895, 25.295722 ], [ 110.167883, 25.295732 ], [ 110.168159, 25.295826 ], [ 110.168237, 25.295862 ], [ 110.168519, 25.295989 ], [ 110.168769, 25.29617 ], [ 110.168968, 25.296252 ], [ 110.169041, 25.296113 ], [ 110.169048, 25.296084 ], [ 110.16906, 25.296043 ], [ 110.169122, 25.295932 ], [ 110.169228, 25.295745 ], [ 110.16931, 25.295583 ], [ 110.169257, 25.295498 ] ] ] } },
{ "type": "Feature", "properties": { "BSM": "450312211000438425", "DLBM": "0601", "DLMC": "工业用地", "图斑面积": 18997.71, "坐落单位": "庙岭村委会", "企业名称": "桂林广东温氏家禽有限公司", "行业代码": "A0321", "行业名称": "鸡的饲养", "产值": 2.5, "行政区": null, "用地性": null }, "geometry": { "type": "Polygon", "coordinates": [ [ [ 110.17866, 25.289835 ], [ 110.178186, 25.289732 ], [ 110.17811, 25.289687 ], [ 110.177931, 25.289687 ], [ 110.177915, 25.289686 ], [ 110.177833, 25.28968 ], [ 110.177754, 25.28976 ], [ 110.177729, 25.289784 ], [ 110.177659, 25.289855 ], [ 110.177634, 25.289881 ], [ 110.177607, 25.289908 ], [ 110.177564, 25.289953 ], [ 110.177456, 25.289981 ], [ 110.177277, 25.289953 ], [ 110.177089, 25.289893 ], [ 110.177061, 25.28989 ], [ 110.176997, 25.289885 ], [ 110.176907, 25.289877 ], [ 110.176905, 25.289877 ], [ 110.17672, 25.289893 ], [ 110.176694, 25.289895 ], [ 110.176668, 25.289919 ], [ 110.17657, 25.289933 ], [ 110.176558, 25.289935 ], [ 110.176506, 25.289961 ], [ 110.17648, 25.289974 ], [ 110.176555, 25.290067 ], [ 110.176548, 25.290189 ], [ 110.176496, 25.290321 ], [ 110.176231, 25.29052 ], [ 110.176261, 25.29056 ], [ 110.176299, 25.290608 ], [ 110.176303, 25.290614 ], [ 110.17636, 25.290708 ], [ 110.176447, 25.290852 ], [ 110.176484, 25.290926 ], [ 110.176523, 25.29089 ], [ 110.176559, 25.29086 ], [ 110.176685, 25.290751 ], [ 110.176909, 25.290946 ], [ 110.176909, 25.290946 ], [ 110.177054, 25.291072 ], [ 110.177131, 25.29114 ], [ 110.177152, 25.291112 ], [ 110.177327, 25.290949 ], [ 110.177327, 25.290949 ], [ 110.177334, 25.290942 ], [ 110.177516, 25.290772 ], [ 110.177855, 25.290489 ], [ 110.178013, 25.290347 ], [ 110.178339, 25.290113 ], [ 110.178513, 25.289962 ], [ 110.178571, 25.289912 ], [ 110.178616, 25.289873 ], [ 110.178617, 25.289872 ], [ 110.178636, 25.289855 ], [ 110.17866, 25.289835 ] ] ] } },
{ "type": "Feature", "properties": { "BSM": "450312211000439442", "DLBM": "0601", "DLMC": "工业用地", "图斑面积": 36418.75, "坐落单位": "乐和村委会", "企业名称": "临桂区宏润节能机制砖厂庙头分厂、", "行业代码": "C3031、C2021", "行业名称": "粘土砖瓦及建筑砌块制造、胶合板制", "产值": 0.0, "行政区": null, "用地性": null }, "geometry": { "type": "Polygon", "coordinates": [ [ [ 110.181602, 25.291269 ], [ 110.181571, 25.291193 ], [ 110.181555, 25.291064 ], [ 110.181583, 25.291008 ], [ 110.181595, 25.290972 ], [ 110.181636, 25.290853 ], [ 110.181686, 25.290706 ], [ 110.181708, 25.29068 ], [ 110.181783, 25.290639 ], [ 110.181967, 25.290619 ], [ 110.182016, 25.290632 ], [ 110.18203, 25.290615 ], [ 110.182113, 25.290523 ], [ 110.18205, 25.290454 ], [ 110.182048, 25.290452 ], [ 110.182014, 25.290429 ], [ 110.181981, 25.290418 ], [ 110.181968, 25.290414 ], [ 110.18188, 25.290387 ], [ 110.18186, 25.290385 ], [ 110.181839, 25.290383 ], [ 110.181818, 25.290381 ], [ 110.181782, 25.290378 ], [ 110.181782, 25.290377 ], [ 110.181457, 25.290338 ], [ 110.181289, 25.290296 ], [ 110.181174, 25.290624 ], [ 110.181132, 25.290613 ], [ 110.180791, 25.290525 ], [ 110.180815, 25.290562 ], [ 110.180844, 25.290584 ], [ 110.180934, 25.29063 ], [ 110.180986, 25.290666 ], [ 110.18101, 25.290698 ], [ 110.181049, 25.290892 ], [ 110.181071, 25.290969 ], [ 110.181123, 25.291155 ], [ 110.18107, 25.291168 ], [ 110.181013, 25.290969 ], [ 110.180944, 25.290732 ], [ 110.180927, 25.2907 ], [ 110.180893, 25.290677 ], [ 110.180818, 25.290634 ], [ 110.180766, 25.290595 ], [ 110.180743, 25.290568 ], [ 110.180724, 25.290519 ], [ 110.180718, 25.290482 ], [ 110.180714, 25.290418 ], [ 110.180716, 25.290374 ], [ 110.180707, 25.290349 ], [ 110.180706, 25.290348 ], [ 110.180683, 25.290337 ], [ 110.180656, 25.290323 ], [ 110.180541, 25.290298 ], [ 110.180331, 25.290276 ], [ 110.180075, 25.290284 ], [ 110.179674, 25.290312 ], [ 110.179576, 25.290326 ], [ 110.179529, 25.29036 ], [ 110.179454, 25.290448 ], [ 110.179502, 25.290464 ], [ 110.179502, 25.290465 ], [ 110.179425, 25.290812 ], [ 110.179387, 25.29094 ], [ 110.179379, 25.29096 ], [ 110.179285, 25.291173 ], [ 110.179426, 25.291268 ], [ 110.179476, 25.291297 ], [ 110.179531, 25.291334 ], [ 110.179713, 25.291455 ], [ 110.179936, 25.291513 ], [ 110.179991, 25.291527 ], [ 110.180235, 25.291699 ], [ 110.180178, 25.291748 ], [ 110.180319, 25.291885 ], [ 110.180231, 25.292069 ], [ 110.180307, 25.292151 ], [ 110.180392, 25.292244 ], [ 110.180423, 25.292279 ], [ 110.180444, 25.292301 ], [ 110.180552, 25.29242 ], [ 110.180674, 25.292435 ], [ 110.180704, 25.292429 ], [ 110.180727, 25.292399 ], [ 110.180754, 25.292291 ], [ 110.180815, 25.2922 ], [ 110.180871, 25.292172 ], [ 110.180986, 25.292156 ], [ 110.181112, 25.292176 ], [ 110.181131, 25.292165 ], [ 110.18115, 25.292153 ], [ 110.18116, 25.292147 ], [ 110.181169, 25.292142 ], [ 110.181191, 25.292129 ], [ 110.18119, 25.292106 ], [ 110.181164, 25.292051 ], [ 110.181102, 25.291982 ], [ 110.181138, 25.291743 ], [ 110.181119, 25.291541 ], [ 110.181577, 25.291708 ], [ 110.181607, 25.291631 ], [ 110.181613, 25.291559 ], [ 110.181602, 25.291458 ], [ 110.181602, 25.291451 ], [ 110.181602, 25.291269 ] ] ] } },
{ "type": "Feature", "properties": { "BSM": "450312211000439443", "DLBM": "0601", "DLMC": "工业用地", "图斑面积": 10918.69, "坐落单位": "乐和村委会", "企业名称": "桂林优居木业有限公司", "行业代码": "C20", "行业名称": "木材加工和木、竹、藤、棕、草制品", "产值": 0.0, "行政区": null, "用地性": null }, "geometry": { "type": "Polygon", "coordinates": [ [ [ 110.171265, 25.291304 ], [ 110.171266, 25.291305 ], [ 110.171443, 25.291375 ], [ 110.171501, 25.291391 ], [ 110.171535, 25.291393 ], [ 110.171569, 25.291386 ], [ 110.171604, 25.291372 ], [ 110.17181, 25.29104 ], [ 110.171885, 25.290918 ], [ 110.172044, 25.290657 ], [ 110.172176, 25.290444 ], [ 110.172213, 25.290383 ], [ 110.172392, 25.290085 ], [ 110.17257, 25.289815 ], [ 110.172749, 25.289544 ], [ 110.172754, 25.289535 ], [ 110.172685, 25.289503 ], [ 110.172679, 25.289523 ], [ 110.172674, 25.289542 ], [ 110.172665, 25.289554 ], [ 110.17265, 25.289554 ], [ 110.172578, 25.289528 ], [ 110.172562, 25.289524 ], [ 110.172546, 25.28954 ], [ 110.172489, 25.289624 ], [ 110.172426, 25.289711 ], [ 110.17228, 25.289843 ], [ 110.172206, 25.289918 ], [ 110.172186, 25.289927 ], [ 110.172171, 25.289924 ], [ 110.17207, 25.289857 ], [ 110.171919, 25.289769 ], [ 110.171877, 25.289737 ], [ 110.171842, 25.289701 ], [ 110.171803, 25.289666 ], [ 110.171754, 25.28961 ], [ 110.171727, 25.289585 ], [ 110.171704, 25.289584 ], [ 110.17169, 25.289587 ], [ 110.171618, 25.289606 ], [ 110.171525, 25.289623 ], [ 110.171416, 25.289645 ], [ 110.171419, 25.289672 ], [ 110.171421, 25.289694 ], [ 110.17152, 25.289911 ], [ 110.171559, 25.289996 ], [ 110.171634, 25.290198 ], [ 110.171671, 25.290387 ], [ 110.171679, 25.290605 ], [ 110.171681, 25.290658 ], [ 110.171679, 25.29066 ], [ 110.171651, 25.290672 ], [ 110.171649, 25.290673 ], [ 110.171627, 25.290689 ], [ 110.171614, 25.290711 ], [ 110.171603, 25.290733 ], [ 110.171497, 25.290916 ], [ 110.17138, 25.291116 ], [ 110.171265, 25.291304 ] ] ] } },
{ "type": "Feature", "properties": { "BSM": "450312211000439517", "DLBM": "0601", "DLMC": "工业用地", "图斑面积": 65453.17, "坐落单位": "凤凰村委会", "企业名称": "临桂业青新型建材厂", "行业代码": "C3024", "行业名称": "轻质建筑材料制造", "产值": 0.0, "行政区": null, "用地性": null }, "geometry": { "type": "Polygon", "coordinates": [ [ [ 110.152952, 25.302121 ], [ 110.152759, 25.302264 ], [ 110.152721, 25.302324 ], [ 110.152716, 25.302374 ], [ 110.152757, 25.302445 ], [ 110.152736, 25.30249 ], [ 110.152798, 25.302766 ], [ 110.152909, 25.303092 ], [ 110.152948, 25.303212 ], [ 110.152972, 25.303219 ], [ 110.152997, 25.303236 ], [ 110.153081, 25.303311 ], [ 110.153137, 25.303345 ], [ 110.153202, 25.303376 ], [ 110.153305, 25.303423 ], [ 110.153382, 25.303369 ], [ 110.153464, 25.303291 ], [ 110.153495, 25.303301 ], [ 110.153511, 25.303324 ], [ 110.153559, 25.303393 ], [ 110.153645, 25.303438 ], [ 110.153883, 25.30347 ], [ 110.153996, 25.303491 ], [ 110.153997, 25.303431 ], [ 110.154034, 25.303308 ], [ 110.154171, 25.303193 ], [ 110.154235, 25.303111 ], [ 110.154372, 25.302972 ], [ 110.154415, 25.302952 ], [ 110.154615, 25.302948 ], [ 110.154719, 25.302949 ], [ 110.154883, 25.302846 ], [ 110.155078, 25.30275 ], [ 110.155113, 25.302708 ], [ 110.155164, 25.302673 ], [ 110.155269, 25.302603 ], [ 110.155335, 25.302544 ], [ 110.155394, 25.302491 ], [ 110.155483, 25.302396 ], [ 110.155541, 25.302359 ], [ 110.155575, 25.302336 ], [ 110.155592, 25.302314 ], [ 110.155629, 25.302263 ], [ 110.15563, 25.302108 ], [ 110.15563, 25.302107 ], [ 110.155675, 25.301937 ], [ 110.155671, 25.301835 ], [ 110.155669, 25.301775 ], [ 110.155646, 25.301583 ], [ 110.155643, 25.301564 ], [ 110.155636, 25.301536 ], [ 110.15562, 25.301471 ], [ 110.155598, 25.301385 ], [ 110.155573, 25.301286 ], [ 110.155534, 25.301194 ], [ 110.155457, 25.301012 ], [ 110.155457, 25.301011 ], [ 110.155437, 25.300895 ], [ 110.155428, 25.300845 ], [ 110.155517, 25.300833 ], [ 110.155498, 25.300794 ], [ 110.1554, 25.300579 ], [ 110.155343, 25.300609 ], [ 110.154908, 25.300556 ], [ 110.154701, 25.300606 ], [ 110.154433, 25.300727 ], [ 110.154274, 25.300538 ], [ 110.154245, 25.300556 ], [ 110.154042, 25.300695 ], [ 110.153866, 25.300846 ], [ 110.153712, 25.300998 ], [ 110.153543, 25.301168 ], [ 110.153381, 25.301364 ], [ 110.153325, 25.301457 ], [ 110.153282, 25.301528 ], [ 110.153248, 25.301679 ], [ 110.153223, 25.301679 ], [ 110.153083, 25.301675 ], [ 110.152985, 25.301679 ], [ 110.152946, 25.30171 ], [ 110.152928, 25.301763 ], [ 110.152965, 25.301819 ], [ 110.152966, 25.30182 ], [ 110.153057, 25.301958 ], [ 110.153082, 25.302024 ], [ 110.152952, 25.302121 ] ] ] } },
{ "type": "Feature", "properties": { "BSM": "450312211000439638", "DLBM": "0601", "DLMC": "工业用地", "图斑面积": 27758.5, "坐落单位": "乐和村委会", "企业名称": "思成食品贸易（桂林）有限公司", "行业代码": "F512", "行业名称": "食品、饮料及烟草制品批发", "产值": 0.0, "行政区": null, "用地性": null }, "geometry": { "type": "Polygon", "coordinates": [ [ [ 110.17347, 25.295915 ], [ 110.173231, 25.295986 ], [ 110.173137, 25.296018 ], [ 110.173058, 25.296046 ], [ 110.173037, 25.296053 ], [ 110.173054, 25.296116 ], [ 110.172775, 25.296239 ], [ 110.172644, 25.29631 ], [ 110.17248, 25.296411 ], [ 110.172462, 25.296426 ], [ 110.172314, 25.296589 ], [ 110.172314, 25.29659 ], [ 110.172259, 25.29665 ], [ 110.172188, 25.296733 ], [ 110.172187, 25.296734 ], [ 110.172179, 25.296743 ], [ 110.172104, 25.296829 ], [ 110.172065, 25.296871 ], [ 110.172062, 25.296874 ], [ 110.172015, 25.296924 ], [ 110.171991, 25.29695 ], [ 110.171938, 25.297004 ], [ 110.171922, 25.297022 ], [ 110.171906, 25.297065 ], [ 110.171876, 25.297117 ], [ 110.171948, 25.297186 ], [ 110.171987, 25.297224 ], [ 110.172026, 25.297263 ], [ 110.172198, 25.297432 ], [ 110.172408, 25.29764 ], [ 110.172491, 25.297723 ], [ 110.172673, 25.297639 ], [ 110.173085, 25.297361 ], [ 110.173428, 25.29708 ], [ 110.173577, 25.296997 ], [ 110.173864, 25.297295 ], [ 110.174237, 25.297116 ], [ 110.174609, 25.296937 ], [ 110.174594, 25.296921 ], [ 110.174564, 25.296903 ], [ 110.17456, 25.2969 ], [ 110.174521, 25.296875 ], [ 110.174331, 25.296769 ], [ 110.17422, 25.296677 ], [ 110.173973, 25.296434 ], [ 110.173953, 25.296395 ], [ 110.173954, 25.296341 ], [ 110.173921, 25.29616 ], [ 110.173911, 25.296129 ], [ 110.17387, 25.296104 ], [ 110.173861, 25.296089 ], [ 110.17387, 25.295992 ], [ 110.17347, 25.295915 ] ] ] } },
{ "type": "Feature", "properties": { "BSM": "450312211000449242", "DLBM": "0601", "DLMC": "工业用地", "图斑面积": 40822.61, "坐落单位": "庙岭村委会", "企业名称": "桂林市报废车拆解场回收有限公司、", "行业代码": "C4210、C152", "行业名称": "金属废料和碎屑加工处理、饮料制造", "产值": 0.0, "行政区": null, "用地性": null }, "geometry": { "type": "Polygon", "coordinates": [ [ [ 110.170816, 25.288629 ], [ 110.170885, 25.288968 ], [ 110.170803, 25.288969 ], [ 110.170788, 25.288969 ], [ 110.170773, 25.289056 ], [ 110.170811, 25.289176 ], [ 110.170812, 25.289217 ], [ 110.170586, 25.289635 ], [ 110.170576, 25.289673 ], [ 110.170582, 25.289693 ], [ 110.170589, 25.289706 ], [ 110.170559, 25.289743 ], [ 110.170558, 25.289742 ], [ 110.170472, 25.289715 ], [ 110.17044, 25.289703 ], [ 110.170357, 25.2898 ], [ 110.170211, 25.28992 ], [ 110.170099, 25.290014 ], [ 110.169943, 25.290087 ], [ 110.169877, 25.290112 ], [ 110.16969, 25.290184 ], [ 110.169484, 25.29026 ], [ 110.169445, 25.290275 ], [ 110.169441, 25.290277 ], [ 110.169305, 25.29032 ], [ 110.169256, 25.290335 ], [ 110.169202, 25.290379 ], [ 110.169645, 25.290684 ], [ 110.170008, 25.290824 ], [ 110.170226, 25.290909 ], [ 110.170372, 25.290965 ], [ 110.17082, 25.291139 ], [ 110.171262, 25.29131 ], [ 110.171262, 25.291309 ], [ 110.171265, 25.291304 ], [ 110.17138, 25.291116 ], [ 110.171497, 25.290916 ], [ 110.171603, 25.290733 ], [ 110.171614, 25.290711 ], [ 110.171627, 25.290689 ], [ 110.171649, 25.290673 ], [ 110.171651, 25.290672 ], [ 110.171679, 25.29066 ], [ 110.171681, 25.290658 ], [ 110.171679, 25.290605 ], [ 110.171671, 25.290387 ], [ 110.171634, 25.290198 ], [ 110.171559, 25.289996 ], [ 110.17152, 25.289911 ], [ 110.171421, 25.289694 ], [ 110.171419, 25.289672 ], [ 110.171416, 25.289645 ], [ 110.171525, 25.289623 ], [ 110.171618, 25.289606 ], [ 110.17169, 25.289587 ], [ 110.171704, 25.289584 ], [ 110.171727, 25.289585 ], [ 110.171754, 25.28961 ], [ 110.171803, 25.289666 ], [ 110.171842, 25.289701 ], [ 110.171877, 25.289737 ], [ 110.171919, 25.289769 ], [ 110.17207, 25.289857 ], [ 110.172171, 25.289924 ], [ 110.172186, 25.289927 ], [ 110.172206, 25.289918 ], [ 110.17228, 25.289843 ], [ 110.172426, 25.289711 ], [ 110.172489, 25.289624 ], [ 110.172546, 25.28954 ], [ 110.172562, 25.289524 ], [ 110.172578, 25.289528 ], [ 110.17265, 25.289554 ], [ 110.172665, 25.289554 ], [ 110.172674, 25.289542 ], [ 110.172679, 25.289523 ], [ 110.172685, 25.289503 ], [ 110.170878, 25.288658 ], [ 110.170816, 25.288629 ] ] ] } },
{ "type": "Feature", "properties": { "BSM": "450312211000449279", "DLBM": "0601", "DLMC": "工业用地", "图斑面积": 161195.9, "坐落单位": "乐和村委会", "企业名称": "桂林金刚石工业有限公司、桂林市裕", "行业代码": "B109、C14、A03、C34", "行业名称": "石棉及其他非金属矿采选、食品制造", "产值": 0.0, "行政区": null, "用地性": null }, "geometry": { "type": "Polygon", "coordinates": [ [ [ 110.171192, 25.292425 ], [ 110.171139, 25.292511 ], [ 110.17097, 25.292783 ], [ 110.170838, 25.292994 ], [ 110.170707, 25.293206 ], [ 110.170513, 25.293498 ], [ 110.170386, 25.293658 ], [ 110.170283, 25.293761 ], [ 110.170137, 25.293878 ], [ 110.170061, 25.29395 ], [ 110.169997, 25.294023 ], [ 110.169947, 25.294089 ], [ 110.169885, 25.294196 ], [ 110.169834, 25.294314 ], [ 110.169807, 25.294375 ], [ 110.16975, 25.294506 ], [ 110.169663, 25.294733 ], [ 110.169576, 25.294959 ], [ 110.169476, 25.295238 ], [ 110.16943, 25.295366 ], [ 110.169509, 25.295531 ], [ 110.169529, 25.295572 ], [ 110.169701, 25.295985 ], [ 110.169845, 25.2963 ], [ 110.16999, 25.296616 ], [ 110.170032, 25.296708 ], [ 110.170161, 25.296652 ], [ 110.170432, 25.296532 ], [ 110.170704, 25.296411 ], [ 110.170698, 25.2964 ], [ 110.170727, 25.296386 ], [ 110.170876, 25.296313 ], [ 110.170895, 25.296303 ], [ 110.170902, 25.296317 ], [ 110.171229, 25.296163 ], [ 110.171308, 25.296125 ], [ 110.17155, 25.295957 ], [ 110.171754, 25.295811 ], [ 110.172032, 25.295502 ], [ 110.172014, 25.295484 ], [ 110.172325, 25.295155 ], [ 110.1725, 25.294976 ], [ 110.172665, 25.294788 ], [ 110.172827, 25.294616 ], [ 110.172989, 25.294443 ], [ 110.173128, 25.294322 ], [ 110.173229, 25.294234 ], [ 110.173301, 25.294172 ], [ 110.173364, 25.294224 ], [ 110.173865, 25.293845 ], [ 110.174059, 25.293701 ], [ 110.174097, 25.29364 ], [ 110.174041, 25.293571 ], [ 110.174253, 25.293416 ], [ 110.174524, 25.293219 ], [ 110.174794, 25.293021 ], [ 110.175074, 25.292823 ], [ 110.175353, 25.292625 ], [ 110.175626, 25.292441 ], [ 110.175943, 25.292229 ], [ 110.176163, 25.292092 ], [ 110.176398, 25.291981 ], [ 110.176581, 25.291909 ], [ 110.176573, 25.291896 ], [ 110.176784, 25.291796 ], [ 110.176798, 25.29179 ], [ 110.176617, 25.291399 ], [ 110.176616, 25.291398 ], [ 110.176602, 25.291401 ], [ 110.176577, 25.291401 ], [ 110.176555, 25.291391 ], [ 110.176442, 25.291191 ], [ 110.176341, 25.291014 ], [ 110.176327, 25.290993 ], [ 110.176307, 25.290968 ], [ 110.176295, 25.290943 ], [ 110.176289, 25.29093 ], [ 110.176246, 25.290767 ], [ 110.176246, 25.290766 ], [ 110.176244, 25.290705 ], [ 110.176244, 25.290704 ], [ 110.17624, 25.290679 ], [ 110.176232, 25.290658 ], [ 110.176216, 25.290646 ], [ 110.176215, 25.290646 ], [ 110.176125, 25.2906 ], [ 110.176035, 25.290553 ], [ 110.175984, 25.290595 ], [ 110.175898, 25.290634 ], [ 110.175537, 25.290773 ], [ 110.175522, 25.29079 ], [ 110.175383, 25.29084 ], [ 110.175297, 25.29087 ], [ 110.17519, 25.290908 ], [ 110.17519, 25.290908 ], [ 110.17511, 25.290936 ], [ 110.17511, 25.290936 ], [ 110.17511, 25.290936 ], [ 110.175068, 25.290951 ], [ 110.175043, 25.29096 ], [ 110.175043, 25.290965 ], [ 110.174221, 25.291283 ], [ 110.17421, 25.29129 ], [ 110.174369, 25.291365 ], [ 110.174425, 25.291345 ], [ 110.174496, 25.29132 ], [ 110.174492, 25.291312 ], [ 110.174529, 25.291297 ], [ 110.174612, 25.291468 ], [ 110.174513, 25.291539 ], [ 110.174604, 25.291725 ], [ 110.174693, 25.291671 ], [ 110.174729, 25.291716 ], [ 110.174775, 25.291708 ], [ 110.174841, 25.291705 ], [ 110.174965, 25.291792 ], [ 110.174546, 25.292194 ], [ 110.174426, 25.29231 ], [ 110.174391, 25.292364 ], [ 110.174254, 25.292495 ], [ 110.17411, 25.292535 ], [ 110.174083, 25.292531 ], [ 110.173988, 25.292417 ], [ 110.173863, 25.29257 ], [ 110.173855, 25.292573 ], [ 110.173565, 25.292672 ], [ 110.17355, 25.292676 ], [ 110.17343, 25.292704 ], [ 110.173343, 25.292725 ], [ 110.173165, 25.292782 ], [ 110.172994, 25.292813 ], [ 110.172912, 25.292816 ], [ 110.17288, 25.292826 ], [ 110.172768, 25.292861 ], [ 110.172665, 25.29292 ], [ 110.172548, 25.292987 ], [ 110.172514, 25.293005 ], [ 110.172381, 25.292909 ], [ 110.172293, 25.292925 ], [ 110.172258, 25.292932 ], [ 110.172194, 25.292943 ], [ 110.17215, 25.292951 ], [ 110.171614, 25.292656 ], [ 110.171192, 25.292425 ] ] ] } },
{ "type": "Feature", "properties": { "BSM": "450312211000455100", "DLBM": "0601", "DLMC": "工业用地", "图斑面积": 85996.81, "坐落单位": "水口村委会", "企业名称": "桂林生物质木糠颗粒厂", "行业代码": "C2542", "行业名称": "生物质致密成型燃料加工", "产值": 0.0, "行政区": null, "用地性": null }, "geometry": { "type": "Polygon", "coordinates": [ [ [ 110.161016, 25.291615 ], [ 110.16053, 25.292444 ], [ 110.160477, 25.292535 ], [ 110.160402, 25.292495 ], [ 110.160326, 25.292591 ], [ 110.160294, 25.292688 ], [ 110.160313, 25.292792 ], [ 110.160328, 25.292896 ], [ 110.160311, 25.292958 ], [ 110.160272, 25.293096 ], [ 110.160213, 25.293113 ], [ 110.160165, 25.293163 ], [ 110.160105, 25.293267 ], [ 110.160057, 25.293349 ], [ 110.16008, 25.293417 ], [ 110.160048, 25.293496 ], [ 110.159981, 25.293599 ], [ 110.159925, 25.293663 ], [ 110.15989, 25.2936 ], [ 110.159784, 25.293498 ], [ 110.159534, 25.293399 ], [ 110.159466, 25.293299 ], [ 110.159561, 25.293262 ], [ 110.159508, 25.2932 ], [ 110.159404, 25.293125 ], [ 110.159302, 25.293006 ], [ 110.159284, 25.292794 ], [ 110.159295, 25.292693 ], [ 110.159176, 25.292596 ], [ 110.159015, 25.292498 ], [ 110.158887, 25.29245 ], [ 110.158688, 25.292466 ], [ 110.158811, 25.292653 ], [ 110.158313, 25.292894 ], [ 110.158214, 25.292747 ], [ 110.158094, 25.292663 ], [ 110.157967, 25.29261 ], [ 110.157915, 25.292636 ], [ 110.157923, 25.29269 ], [ 110.157886, 25.292751 ], [ 110.157354, 25.292981 ], [ 110.157301, 25.293 ], [ 110.157305, 25.293002 ], [ 110.15738, 25.293191 ], [ 110.157394, 25.293402 ], [ 110.157338, 25.293535 ], [ 110.157356, 25.293626 ], [ 110.157599, 25.293865 ], [ 110.1576, 25.293883 ], [ 110.157603, 25.293893 ], [ 110.157616, 25.293938 ], [ 110.157625, 25.293971 ], [ 110.157625, 25.294065 ], [ 110.157625, 25.294146 ], [ 110.1576, 25.294269 ], [ 110.157563, 25.294377 ], [ 110.157526, 25.29446 ], [ 110.157509, 25.294497 ], [ 110.157463, 25.29454 ], [ 110.157416, 25.294585 ], [ 110.157341, 25.294629 ], [ 110.157237, 25.294611 ], [ 110.157214, 25.294605 ], [ 110.157135, 25.294604 ], [ 110.157114, 25.294598 ], [ 110.157108, 25.294596 ], [ 110.157079, 25.294588 ], [ 110.157063, 25.294584 ], [ 110.15691, 25.294469 ], [ 110.156707, 25.294316 ], [ 110.156504, 25.294163 ], [ 110.156476, 25.294192 ], [ 110.156442, 25.294186 ], [ 110.156415, 25.294212 ], [ 110.156361, 25.29429 ], [ 110.156304, 25.294371 ], [ 110.156298, 25.294378 ], [ 110.156161, 25.294483 ], [ 110.156118, 25.294516 ], [ 110.156085, 25.294535 ], [ 110.155994, 25.294541 ], [ 110.15596, 25.294543 ], [ 110.155793, 25.294581 ], [ 110.155771, 25.294609 ], [ 110.15568, 25.294611 ], [ 110.155645, 25.294631 ], [ 110.155596, 25.294659 ], [ 110.155582, 25.294688 ], [ 110.155565, 25.29472 ], [ 110.155644, 25.294777 ], [ 110.155665, 25.294792 ], [ 110.15592, 25.294951 ], [ 110.156292, 25.295212 ], [ 110.15648, 25.295377 ], [ 110.156639, 25.295514 ], [ 110.156901, 25.295706 ], [ 110.156954, 25.295745 ], [ 110.157014, 25.29579 ], [ 110.157058, 25.295823 ], [ 110.157124, 25.295883 ], [ 110.157128, 25.295882 ], [ 110.157344, 25.295815 ], [ 110.157348, 25.295813 ], [ 110.157513, 25.295721 ], [ 110.157525, 25.295714 ], [ 110.157558, 25.295696 ], [ 110.157591, 25.295677 ], [ 110.157649, 25.295645 ], [ 110.15765, 25.295645 ], [ 110.157645, 25.295564 ], [ 110.157719, 25.29539 ], [ 110.157841, 25.295258 ], [ 110.157898, 25.295219 ], [ 110.157941, 25.29522 ], [ 110.158012, 25.295207 ], [ 110.158011, 25.295206 ], [ 110.158156, 25.295178 ], [ 110.158227, 25.295169 ], [ 110.158303, 25.295172 ], [ 110.158369, 25.295195 ], [ 110.158411, 25.295228 ], [ 110.158543, 25.295331 ], [ 110.15856, 25.29536 ], [ 110.158731, 25.295445 ], [ 110.158758, 25.295467 ], [ 110.158811, 25.295513 ], [ 110.158833, 25.295579 ], [ 110.158812, 25.295799 ], [ 110.15884, 25.295817 ], [ 110.15888, 25.295845 ], [ 110.158894, 25.295854 ], [ 110.158925, 25.295798 ], [ 110.15894, 25.29577 ], [ 110.158963, 25.295594 ], [ 110.158972, 25.29555 ], [ 110.159006, 25.295472 ], [ 110.159197, 25.295108 ], [ 110.159872, 25.293904 ], [ 110.159959, 25.293809 ], [ 110.160035, 25.293741 ], [ 110.160057, 25.293721 ], [ 110.160388, 25.293111 ], [ 110.16061, 25.2927 ], [ 110.161226, 25.291562 ], [ 110.161224, 25.291498 ], [ 110.161211, 25.291478 ], [ 110.16121, 25.291477 ], [ 110.161151, 25.291385 ], [ 110.161055, 25.291237 ], [ 110.161019, 25.291181 ], [ 110.161017, 25.291178 ], [ 110.16099, 25.291179 ], [ 110.160941, 25.291287 ], [ 110.160868, 25.291251 ], [ 110.160878, 25.291298 ], [ 110.160912, 25.291315 ], [ 110.160951, 25.291351 ], [ 110.160951, 25.291354 ], [ 110.160965, 25.291361 ], [ 110.160995, 25.29145 ], [ 110.161005, 25.291479 ], [ 110.160947, 25.291585 ], [ 110.161016, 25.291615 ] ] ] } },
{ "type": "Feature", "properties": { "BSM": "450312211000548979", "DLBM": "0601", "DLMC": "工业用地", "图斑面积": 74445.77, "坐落单位": "水口村委会", "企业名称": "临桂乐和橡塑高分子新材料产业园", "行业代码": "C265", "行业名称": "合成材料制造", "产值": 20.0, "行政区": null, "用地性": null }, "geometry": { "type": "Polygon", "coordinates": [ [ [ 110.158983, 25.295891 ], [ 110.15901, 25.295898 ], [ 110.159056, 25.295866 ], [ 110.159092, 25.295844 ], [ 110.159144, 25.295832 ], [ 110.159194, 25.295826 ], [ 110.159245, 25.295826 ], [ 110.159291, 25.295859 ], [ 110.159325, 25.295889 ], [ 110.159388, 25.295908 ], [ 110.159451, 25.295903 ], [ 110.159514, 25.295883 ], [ 110.159589, 25.295877 ], [ 110.159674, 25.295871 ], [ 110.15973, 25.295898 ], [ 110.159758, 25.29594 ], [ 110.159775, 25.296031 ], [ 110.159762, 25.296085 ], [ 110.159759, 25.296092 ], [ 110.159756, 25.296103 ], [ 110.159764, 25.296127 ], [ 110.159791, 25.296148 ], [ 110.159823, 25.29616 ], [ 110.159894, 25.296191 ], [ 110.160049, 25.296243 ], [ 110.160158, 25.29628 ], [ 110.16026, 25.296301 ], [ 110.16046, 25.296343 ], [ 110.160695, 25.296392 ], [ 110.160834, 25.296411 ], [ 110.160973, 25.296463 ], [ 110.161063, 25.296497 ], [ 110.161116, 25.296408 ], [ 110.161297, 25.296101 ], [ 110.161396, 25.295935 ], [ 110.161496, 25.295765 ], [ 110.161532, 25.295705 ], [ 110.161598, 25.295576 ], [ 110.161706, 25.295366 ], [ 110.161881, 25.295028 ], [ 110.161881, 25.295027 ], [ 110.16188, 25.295026 ], [ 110.16181, 25.295024 ], [ 110.161734, 25.295011 ], [ 110.161602, 25.294985 ], [ 110.161526, 25.29497 ], [ 110.161481, 25.294967 ], [ 110.161431, 25.294959 ], [ 110.161402, 25.294946 ], [ 110.161344, 25.294914 ], [ 110.161334, 25.294815 ], [ 110.161333, 25.294719 ], [ 110.161339, 25.294679 ], [ 110.161353, 25.294659 ], [ 110.161367, 25.294654 ], [ 110.161372, 25.294652 ], [ 110.161413, 25.294648 ], [ 110.161605, 25.294635 ], [ 110.161627, 25.294633 ], [ 110.161703, 25.294563 ], [ 110.161738, 25.29453 ], [ 110.161829, 25.294324 ], [ 110.16182, 25.294262 ], [ 110.161812, 25.294205 ], [ 110.161818, 25.294074 ], [ 110.161747, 25.293926 ], [ 110.161733, 25.293893 ], [ 110.161732, 25.293891 ], [ 110.161703, 25.293826 ], [ 110.161711, 25.293768 ], [ 110.161759, 25.293664 ], [ 110.161808, 25.293581 ], [ 110.161809, 25.293579 ], [ 110.161814, 25.293538 ], [ 110.161822, 25.2935 ], [ 110.161818, 25.293473 ], [ 110.161797, 25.293454 ], [ 110.161659, 25.293388 ], [ 110.161613, 25.293363 ], [ 110.161586, 25.293348 ], [ 110.161499, 25.293307 ], [ 110.161484, 25.29324 ], [ 110.161474, 25.293154 ], [ 110.161467, 25.293103 ], [ 110.161457, 25.293047 ], [ 110.161447, 25.293012 ], [ 110.161381, 25.292991 ], [ 110.16129, 25.292961 ], [ 110.161235, 25.292933 ], [ 110.161218, 25.292905 ], [ 110.161195, 25.29287 ], [ 110.161185, 25.292838 ], [ 110.161188, 25.292768 ], [ 110.161199, 25.292678 ], [ 110.161206, 25.292586 ], [ 110.161185, 25.292505 ], [ 110.161127, 25.292397 ], [ 110.161126, 25.292395 ], [ 110.161136, 25.292324 ], [ 110.16116, 25.292285 ], [ 110.161213, 25.292246 ], [ 110.161229, 25.292217 ], [ 110.16123, 25.292215 ], [ 110.161237, 25.292174 ], [ 110.161243, 25.292125 ], [ 110.161244, 25.292095 ], [ 110.161248, 25.292061 ], [ 110.161251, 25.292016 ], [ 110.161258, 25.291915 ], [ 110.161234, 25.291785 ], [ 110.16123, 25.29169 ], [ 110.161226, 25.291562 ], [ 110.16061, 25.2927 ], [ 110.160388, 25.293111 ], [ 110.160317, 25.293241 ], [ 110.160391, 25.293295 ], [ 110.158983, 25.295891 ] ] ] } },
{ "type": "Feature", "properties": { "BSM": "450312211000557549", "DLBM": "0601", "DLMC": "工业用地", "图斑面积": 63508.38, "坐落单位": "庙岭村委会", "企业名称": "桂林通达综合物流园", "行业代码": "G5920", "行业名称": "通用仓储", "产值": 1.0, "行政区": null, "用地性": null }, "geometry": { "type": "Polygon", "coordinates": [ [ [ 110.184313, 25.285518 ], [ 110.184271, 25.285535 ], [ 110.184224, 25.285554 ], [ 110.184007, 25.285638 ], [ 110.18395, 25.28607 ], [ 110.183893, 25.286503 ], [ 110.183865, 25.286675 ], [ 110.183865, 25.286675 ], [ 110.183857, 25.286738 ], [ 110.183965, 25.286743 ], [ 110.184037, 25.286221 ], [ 110.184617, 25.286248 ], [ 110.184606, 25.286541 ], [ 110.184605, 25.286616 ], [ 110.184605, 25.286616 ], [ 110.184669, 25.286614 ], [ 110.184676, 25.286613 ], [ 110.184679, 25.28661 ], [ 110.184678, 25.286591 ], [ 110.184672, 25.286551 ], [ 110.184669, 25.286498 ], [ 110.184685, 25.286485 ], [ 110.18478, 25.28647 ], [ 110.18489, 25.28645 ], [ 110.18494, 25.286441 ], [ 110.184996, 25.286446 ], [ 110.185107, 25.286464 ], [ 110.185139, 25.286464 ], [ 110.185146, 25.286464 ], [ 110.185213, 25.286459 ], [ 110.185241, 25.286454 ], [ 110.185263, 25.286454 ], [ 110.185392, 25.286513 ], [ 110.185479, 25.286536 ], [ 110.185664, 25.286583 ], [ 110.185782, 25.286625 ], [ 110.185893, 25.286634 ], [ 110.185901, 25.286638 ], [ 110.185978, 25.28668 ], [ 110.185993, 25.286279 ], [ 110.186012, 25.285798 ], [ 110.186212, 25.285799 ], [ 110.18634, 25.2858 ], [ 110.187113, 25.285804 ], [ 110.18716, 25.285716 ], [ 110.187252, 25.285719 ], [ 110.187359, 25.285731 ], [ 110.18759, 25.285783 ], [ 110.18762, 25.285744 ], [ 110.187529, 25.285686 ], [ 110.187499, 25.285667 ], [ 110.187498, 25.285666 ], [ 110.187465, 25.285649 ], [ 110.187497, 25.28563 ], [ 110.187501, 25.285625 ], [ 110.187524, 25.285613 ], [ 110.187527, 25.285575 ], [ 110.187504, 25.285567 ], [ 110.187477, 25.28556 ], [ 110.187442, 25.285569 ], [ 110.187399, 25.285572 ], [ 110.187351, 25.285567 ], [ 110.187292, 25.285564 ], [ 110.187261, 25.285615 ], [ 110.187222, 25.28563 ], [ 110.187203, 25.285638 ], [ 110.187183, 25.285674 ], [ 110.187213, 25.284719 ], [ 110.187218, 25.284559 ], [ 110.187222, 25.284438 ], [ 110.187094, 25.284423 ], [ 110.187015, 25.284414 ], [ 110.186961, 25.284408 ], [ 110.186822, 25.284392 ], [ 110.18687, 25.284291 ], [ 110.18702, 25.283973 ], [ 110.186954, 25.283951 ], [ 110.186046, 25.283648 ], [ 110.185879, 25.283914 ], [ 110.185639, 25.284341 ], [ 110.185605, 25.284503 ], [ 110.185437, 25.284696 ], [ 110.185229, 25.284744 ], [ 110.185071, 25.284602 ], [ 110.184976, 25.284615 ], [ 110.184848, 25.284638 ], [ 110.18478, 25.284674 ], [ 110.184755, 25.284742 ], [ 110.184794, 25.284811 ], [ 110.184735, 25.284864 ], [ 110.184606, 25.2849 ], [ 110.184593, 25.284983 ], [ 110.18448, 25.285082 ], [ 110.184448, 25.285067 ], [ 110.18435, 25.285392 ], [ 110.184313, 25.285518 ] ] ] } },
{ "type": "Feature", "properties": { "BSM": "450312211000388129", "DLBM": "0601", "DLMC": "工业用地", "图斑面积": 62478.82, "坐落单位": "沙塘村委会", "企业名称": "金三机械厂、桂林市西城强力集装袋", "行业代码": "C34、C2926、C1522", "行业名称": "通用设备制造业、塑料包装箱及容器", "产值": 0.0, "行政区": null, "用地性": null }, "geometry": { "type": "MultiPolygon", "coordinates": [ [ [ [ 110.196268, 25.269147 ], [ 110.196451, 25.269231 ], [ 110.19656, 25.268988 ], [ 110.196395, 25.268909 ], [ 110.196268, 25.269147 ] ] ], [ [ [ 110.196587, 25.269492 ], [ 110.196647, 25.269378 ], [ 110.196916, 25.2695 ], [ 110.196977, 25.269368 ], [ 110.197093, 25.26916 ], [ 110.197209, 25.268951 ], [ 110.197379, 25.268645 ], [ 110.197386, 25.268626 ], [ 110.197402, 25.268587 ], [ 110.197413, 25.268558 ], [ 110.197478, 25.268481 ], [ 110.197562, 25.26838 ], [ 110.197571, 25.268371 ], [ 110.197603, 25.268339 ], [ 110.197649, 25.268294 ], [ 110.197775, 25.26817 ], [ 110.197819, 25.268127 ], [ 110.197872, 25.268075 ], [ 110.197901, 25.268047 ], [ 110.197921, 25.268028 ], [ 110.197958, 25.267991 ], [ 110.197973, 25.267976 ], [ 110.197986, 25.267963 ], [ 110.197994, 25.267956 ], [ 110.198062, 25.267891 ], [ 110.198107, 25.267849 ], [ 110.198127, 25.267831 ], [ 110.198158, 25.267809 ], [ 110.198167, 25.267802 ], [ 110.198172, 25.267798 ], [ 110.198228, 25.267738 ], [ 110.198239, 25.267727 ], [ 110.198279, 25.267688 ], [ 110.198285, 25.267681 ], [ 110.198293, 25.267672 ], [ 110.19826, 25.267672 ], [ 110.197694, 25.267662 ], [ 110.197127, 25.267652 ], [ 110.197131, 25.267277 ], [ 110.197134, 25.266901 ], [ 110.197072, 25.266903 ], [ 110.196652, 25.266888 ], [ 110.196232, 25.266874 ], [ 110.195927, 25.266863 ], [ 110.195926, 25.266787 ], [ 110.195869, 25.26672 ], [ 110.195692, 25.266569 ], [ 110.19559, 25.26664 ], [ 110.195481, 25.266747 ], [ 110.19552, 25.266834 ], [ 110.195381, 25.266977 ], [ 110.195017, 25.267322 ], [ 110.194653, 25.267667 ], [ 110.194194, 25.267287 ], [ 110.194075, 25.267421 ], [ 110.194079, 25.267424 ], [ 110.19427, 25.267593 ], [ 110.194462, 25.267761 ], [ 110.194732, 25.268001 ], [ 110.194917, 25.268167 ], [ 110.19492, 25.268169 ], [ 110.195076, 25.268309 ], [ 110.195121, 25.268349 ], [ 110.195211, 25.268417 ], [ 110.195218, 25.268423 ], [ 110.195216, 25.268426 ], [ 110.195274, 25.268477 ], [ 110.195483, 25.268663 ], [ 110.195693, 25.268848 ], [ 110.19583, 25.268971 ], [ 110.195906, 25.269038 ], [ 110.196163, 25.269264 ], [ 110.196345, 25.269427 ], [ 110.196518, 25.269602 ], [ 110.196571, 25.269517 ], [ 110.196587, 25.269492 ] ] ] ] } },
{ "type": "Feature", "properties": { "BSM": "450312211000557550", "DLBM": "0601", "DLMC": "工业用地", "图斑面积": 324128.41, "坐落单位": "庙岭村委会", "企业名称": "临桂乐和橡塑高分子新材料产业园", "行业代码": "C265", "行业名称": "合成材料制造", "产值": 20.0, "行政区": null, "用地性": null }, "geometry": { "type": "MultiPolygon", "coordinates": [ [ [ [ 110.168175, 25.291239 ], [ 110.168202, 25.290999 ], [ 110.168204, 25.290897 ], [ 110.168206, 25.290758 ], [ 110.168189, 25.2905 ], [ 110.168183, 25.290446 ], [ 110.168186, 25.290444 ], [ 110.168211, 25.290429 ], [ 110.168259, 25.290399 ], [ 110.168249, 25.290308 ], [ 110.168248, 25.290293 ], [ 110.168219, 25.290121 ], [ 110.168215, 25.290096 ], [ 110.16805, 25.290057 ], [ 110.168054, 25.290036 ], [ 110.168036, 25.28998 ], [ 110.168013, 25.289971 ], [ 110.167959, 25.289964 ], [ 110.167895, 25.290004 ], [ 110.16784, 25.289983 ], [ 110.167756, 25.289951 ], [ 110.167573, 25.28988 ], [ 110.167429, 25.289825 ], [ 110.167245, 25.289754 ], [ 110.166537, 25.289481 ], [ 110.166412, 25.289433 ], [ 110.166402, 25.28943 ], [ 110.166312, 25.289395 ], [ 110.166193, 25.289349 ], [ 110.166078, 25.289305 ], [ 110.166054, 25.289295 ], [ 110.16581, 25.289202 ], [ 110.165807, 25.2892 ], [ 110.165858, 25.289153 ], [ 110.165823, 25.289135 ], [ 110.165709, 25.289145 ], [ 110.16559, 25.28918 ], [ 110.165535, 25.289184 ], [ 110.16548, 25.289144 ], [ 110.165335, 25.289082 ], [ 110.16524, 25.289042 ], [ 110.165115, 25.288988 ], [ 110.164961, 25.288926 ], [ 110.164839, 25.288924 ], [ 110.164782, 25.288853 ], [ 110.164658, 25.288885 ], [ 110.164581, 25.288856 ], [ 110.164583, 25.288963 ], [ 110.164588, 25.28922 ], [ 110.164587, 25.289223 ], [ 110.164505, 25.289362 ], [ 110.164455, 25.289338 ], [ 110.164442, 25.289002 ], [ 110.164438, 25.288892 ], [ 110.164436, 25.288841 ], [ 110.164285, 25.288793 ], [ 110.164107, 25.288799 ], [ 110.163981, 25.288784 ], [ 110.163903, 25.288752 ], [ 110.163805, 25.288654 ], [ 110.163719, 25.288604 ], [ 110.163651, 25.288646 ], [ 110.1636, 25.288628 ], [ 110.163518, 25.288606 ], [ 110.163415, 25.288552 ], [ 110.163309, 25.288562 ], [ 110.163188, 25.288593 ], [ 110.163189, 25.288595 ], [ 110.16316, 25.2886 ], [ 110.163108, 25.288609 ], [ 110.163073, 25.288619 ], [ 110.163029, 25.288632 ], [ 110.162974, 25.288647 ], [ 110.162792, 25.288731 ], [ 110.162606, 25.288784 ], [ 110.162559, 25.288798 ], [ 110.162548, 25.288843 ], [ 110.162538, 25.28888 ], [ 110.162502, 25.288973 ], [ 110.162347, 25.289259 ], [ 110.162295, 25.289359 ], [ 110.16229, 25.289466 ], [ 110.162254, 25.289591 ], [ 110.162128, 25.290013 ], [ 110.162091, 25.289979 ], [ 110.162071, 25.290008 ], [ 110.162012, 25.290117 ], [ 110.162013, 25.290119 ], [ 110.162001, 25.290159 ], [ 110.162015, 25.290244 ], [ 110.162018, 25.290348 ], [ 110.162009, 25.290487 ], [ 110.161993, 25.290546 ], [ 110.161928, 25.290612 ], [ 110.161847, 25.29067 ], [ 110.161758, 25.290691 ], [ 110.161694, 25.290701 ], [ 110.16168, 25.290728 ], [ 110.161631, 25.290817 ], [ 110.161608, 25.29086 ], [ 110.161597, 25.290879 ], [ 110.161444, 25.291161 ], [ 110.161431, 25.291184 ], [ 110.161281, 25.291461 ], [ 110.161221, 25.291485 ], [ 110.161211, 25.291478 ], [ 110.161216, 25.291487 ], [ 110.161224, 25.291498 ], [ 110.161226, 25.291558 ], [ 110.161226, 25.291562 ], [ 110.16123, 25.29169 ], [ 110.161234, 25.291785 ], [ 110.161258, 25.291915 ], [ 110.161251, 25.292016 ], [ 110.161248, 25.292061 ], [ 110.161244, 25.292095 ], [ 110.161243, 25.292125 ], [ 110.161237, 25.292174 ], [ 110.16123, 25.292215 ], [ 110.161229, 25.292217 ], [ 110.161213, 25.292246 ], [ 110.16116, 25.292285 ], [ 110.161136, 25.292324 ], [ 110.161126, 25.292395 ], [ 110.161127, 25.292397 ], [ 110.161185, 25.292505 ], [ 110.161206, 25.292586 ], [ 110.161199, 25.292678 ], [ 110.161188, 25.292768 ], [ 110.161185, 25.292838 ], [ 110.161195, 25.29287 ], [ 110.161218, 25.292905 ], [ 110.161235, 25.292933 ], [ 110.16129, 25.292961 ], [ 110.161381, 25.292991 ], [ 110.161447, 25.293012 ], [ 110.161457, 25.293047 ], [ 110.161467, 25.293103 ], [ 110.161474, 25.293154 ], [ 110.161484, 25.29324 ], [ 110.161499, 25.293307 ], [ 110.161586, 25.293348 ], [ 110.161613, 25.293363 ], [ 110.161659, 25.293388 ], [ 110.161797, 25.293454 ], [ 110.161818, 25.293473 ], [ 110.161822, 25.2935 ], [ 110.161814, 25.293538 ], [ 110.161809, 25.293579 ], [ 110.161808, 25.293581 ], [ 110.161759, 25.293664 ], [ 110.161711, 25.293768 ], [ 110.161703, 25.293826 ], [ 110.161732, 25.293891 ], [ 110.161733, 25.293893 ], [ 110.162155, 25.294083 ], [ 110.162161, 25.294085 ], [ 110.162391, 25.294189 ], [ 110.162627, 25.294295 ], [ 110.16256, 25.294418 ], [ 110.162593, 25.294429 ], [ 110.162742, 25.294523 ], [ 110.162891, 25.294596 ], [ 110.163012, 25.294502 ], [ 110.16311, 25.294451 ], [ 110.163111, 25.294451 ], [ 110.163304, 25.294481 ], [ 110.16356, 25.294447 ], [ 110.163693, 25.294442 ], [ 110.163801, 25.294437 ], [ 110.164183, 25.294447 ], [ 110.164325, 25.294415 ], [ 110.164455, 25.294358 ], [ 110.164489, 25.294342 ], [ 110.164693, 25.294253 ], [ 110.164997, 25.294132 ], [ 110.16522, 25.294065 ], [ 110.165428, 25.29377 ], [ 110.165511, 25.293747 ], [ 110.165539, 25.293753 ], [ 110.165594, 25.293764 ], [ 110.165608, 25.29378 ], [ 110.165618, 25.29377 ], [ 110.165663, 25.293729 ], [ 110.165717, 25.293679 ], [ 110.16573, 25.293666 ], [ 110.165957, 25.293464 ], [ 110.166001, 25.293431 ], [ 110.16601, 25.293426 ], [ 110.166018, 25.293421 ], [ 110.166026, 25.293416 ], [ 110.166035, 25.293411 ], [ 110.166043, 25.293406 ], [ 110.166052, 25.293401 ], [ 110.16606, 25.293396 ], [ 110.166069, 25.293392 ], [ 110.166078, 25.293387 ], [ 110.166087, 25.293382 ], [ 110.166095, 25.293378 ], [ 110.166104, 25.293374 ], [ 110.166148, 25.293353 ], [ 110.166545, 25.293163 ], [ 110.166581, 25.293145 ], [ 110.166877, 25.293004 ], [ 110.166916, 25.292985 ], [ 110.166952, 25.292968 ], [ 110.166956, 25.292966 ], [ 110.167009, 25.29294 ], [ 110.167226, 25.292837 ], [ 110.167235, 25.292832 ], [ 110.167331, 25.29278 ], [ 110.167475, 25.292686 ], [ 110.167608, 25.292578 ], [ 110.167728, 25.292457 ], [ 110.167833, 25.292328 ], [ 110.167893, 25.292239 ], [ 110.167897, 25.292232 ], [ 110.167898, 25.292231 ], [ 110.167899, 25.292228 ], [ 110.167931, 25.292174 ], [ 110.16794, 25.292158 ], [ 110.167979, 25.292083 ], [ 110.16802, 25.291989 ], [ 110.16805, 25.291905 ], [ 110.168051, 25.291903 ], [ 110.168065, 25.291855 ], [ 110.168098, 25.291743 ], [ 110.168101, 25.291735 ], [ 110.168103, 25.291726 ], [ 110.168106, 25.291717 ], [ 110.168108, 25.291708 ], [ 110.16811, 25.291699 ], [ 110.168113, 25.29169 ], [ 110.168115, 25.291681 ], [ 110.168117, 25.291672 ], [ 110.168119, 25.291663 ], [ 110.168121, 25.291654 ], [ 110.168123, 25.291645 ], [ 110.168125, 25.291635 ], [ 110.168126, 25.291626 ], [ 110.168128, 25.291617 ], [ 110.168129, 25.291612 ], [ 110.16813, 25.291608 ], [ 110.168131, 25.291601 ], [ 110.168131, 25.291599 ], [ 110.168133, 25.29159 ], [ 110.168134, 25.291581 ], [ 110.168136, 25.291572 ], [ 110.168137, 25.291562 ], [ 110.168138, 25.291553 ], [ 110.168139, 25.291544 ], [ 110.16814, 25.291539 ], [ 110.16814, 25.291535 ], [ 110.168141, 25.291531 ], [ 110.168143, 25.291514 ], [ 110.168171, 25.291265 ], [ 110.168175, 25.291239 ] ] ], [ [ [ 110.165719, 25.289824 ], [ 110.16572, 25.289821 ], [ 110.165721, 25.289816 ], [ 110.165722, 25.289817 ], [ 110.165844, 25.289564 ], [ 110.165882, 25.289576 ], [ 110.165908, 25.289529 ], [ 110.166805, 25.289885 ], [ 110.166854, 25.2898 ], [ 110.166469, 25.289651 ], [ 110.166233, 25.28956 ], [ 110.166004, 25.289472 ], [ 110.165977, 25.289462 ], [ 110.16593, 25.289444 ], [ 110.166125, 25.289476 ], [ 110.166241, 25.289517 ], [ 110.166725, 25.289721 ], [ 110.166753, 25.289737 ], [ 110.166865, 25.289782 ], [ 110.166916, 25.289802 ], [ 110.167319, 25.289963 ], [ 110.167959, 25.290219 ], [ 110.167978, 25.290185 ], [ 110.167991, 25.290162 ], [ 110.167873, 25.290121 ], [ 110.167233, 25.289878 ], [ 110.166353, 25.28947 ], [ 110.165751, 25.289273 ], [ 110.165708, 25.289358 ], [ 110.165619, 25.289541 ], [ 110.165509, 25.289762 ], [ 110.165471, 25.289845 ], [ 110.165463, 25.289838 ], [ 110.165451, 25.289822 ], [ 110.165428, 25.289822 ], [ 110.165403, 25.289838 ], [ 110.165353, 25.289874 ], [ 110.165319, 25.289898 ], [ 110.165211, 25.289908 ], [ 110.165162, 25.289908 ], [ 110.165145, 25.289907 ], [ 110.16505, 25.289869 ], [ 110.16484, 25.289846 ], [ 110.164756, 25.289851 ], [ 110.164749, 25.289862 ], [ 110.164732, 25.289889 ], [ 110.164734, 25.289909 ], [ 110.164736, 25.289934 ], [ 110.164737, 25.289943 ], [ 110.164745, 25.289948 ], [ 110.164764, 25.289961 ], [ 110.164785, 25.289963 ], [ 110.164804, 25.289965 ], [ 110.164947, 25.289972 ], [ 110.165032, 25.289987 ], [ 110.165109, 25.29 ], [ 110.16513, 25.290011 ], [ 110.165183, 25.290039 ], [ 110.165246, 25.290072 ], [ 110.165286, 25.290129 ], [ 110.16531, 25.290165 ], [ 110.165102, 25.290577 ], [ 110.165101, 25.290579 ], [ 110.164957, 25.290864 ], [ 110.165085, 25.290915 ], [ 110.165136, 25.290812 ], [ 110.165376, 25.290326 ], [ 110.16538, 25.290367 ], [ 110.165382, 25.290388 ], [ 110.16537, 25.290426 ], [ 110.165364, 25.290459 ], [ 110.165361, 25.290469 ], [ 110.165357, 25.290479 ], [ 110.165345, 25.290566 ], [ 110.165273, 25.290619 ], [ 110.16526, 25.290628 ], [ 110.165239, 25.290642 ], [ 110.165233, 25.290654 ], [ 110.165211, 25.290692 ], [ 110.165209, 25.290702 ], [ 110.165205, 25.290729 ], [ 110.165214, 25.290756 ], [ 110.165215, 25.29076 ], [ 110.165239, 25.290787 ], [ 110.165241, 25.290807 ], [ 110.165352, 25.290578 ], [ 110.165684, 25.289894 ], [ 110.165719, 25.289824 ] ] ], [ [ [ 110.167311, 25.289975 ], [ 110.167257, 25.29006 ], [ 110.167343, 25.290092 ], [ 110.167942, 25.290321 ], [ 110.167972, 25.290291 ], [ 110.167889, 25.290198 ], [ 110.167878, 25.290194 ], [ 110.167479, 25.29004 ], [ 110.167361, 25.290047 ], [ 110.167344, 25.290041 ], [ 110.167338, 25.289986 ], [ 110.167311, 25.289975 ] ] ], [ [ [ 110.167967, 25.291152 ], [ 110.168044, 25.290984 ], [ 110.16805, 25.290906 ], [ 110.16805, 25.290897 ], [ 110.16805, 25.290861 ], [ 110.167923, 25.291133 ], [ 110.167967, 25.291152 ] ] ] ] } },
{ "type": "Feature", "properties": { "BSM": "450312211000581656", "DLBM": "0601", "DLMC": "工业用地", "图斑面积": 225445.61, "坐落单位": "沙塘村委会", "企业名称": "福达控股集团有限公司", "行业代码": "C3670", "行业名称": "汽车零部件及配件制造", "产值": 19.88, "行政区": null, "用地性": null }, "geometry": { "type": "MultiPolygon", "coordinates": [ [ [ [ 110.218737, 25.261648 ], [ 110.218716, 25.261529 ], [ 110.218678, 25.261546 ], [ 110.218687, 25.261787 ], [ 110.218797, 25.262322 ], [ 110.218816, 25.262683 ], [ 110.218802, 25.262824 ], [ 110.218645, 25.262832 ], [ 110.218573, 25.262837 ], [ 110.218034, 25.262867 ], [ 110.217943, 25.261812 ], [ 110.217868, 25.261835 ], [ 110.217868, 25.261835 ], [ 110.217748, 25.261865 ], [ 110.217586, 25.261906 ], [ 110.217427, 25.261946 ], [ 110.217194, 25.26199 ], [ 110.217064, 25.262011 ], [ 110.216862, 25.262037 ], [ 110.216551, 25.262078 ], [ 110.216401, 25.262098 ], [ 110.216259, 25.262113 ], [ 110.216308, 25.262591 ], [ 110.21634, 25.2629 ], [ 110.216358, 25.263079 ], [ 110.215911, 25.263119 ], [ 110.215756, 25.263406 ], [ 110.215605, 25.263686 ], [ 110.215569, 25.263731 ], [ 110.215484, 25.263839 ], [ 110.215347, 25.263968 ], [ 110.21521, 25.264053 ], [ 110.215131, 25.264103 ], [ 110.215182, 25.264188 ], [ 110.215031, 25.264319 ], [ 110.215002, 25.264344 ], [ 110.21495, 25.264427 ], [ 110.214897, 25.264512 ], [ 110.21486, 25.264638 ], [ 110.214873, 25.264897 ], [ 110.214849, 25.265008 ], [ 110.214797, 25.265168 ], [ 110.214737, 25.265426 ], [ 110.214694, 25.265613 ], [ 110.21472, 25.265793 ], [ 110.214767, 25.266016 ], [ 110.214814, 25.266238 ], [ 110.214863, 25.266348 ], [ 110.215047, 25.266445 ], [ 110.21523, 25.266453 ], [ 110.215722, 25.266434 ], [ 110.21576, 25.266566 ], [ 110.215802, 25.266681 ], [ 110.215862, 25.2667 ], [ 110.21628, 25.266669 ], [ 110.216293, 25.267118 ], [ 110.216347, 25.267207 ], [ 110.216501, 25.26731 ], [ 110.21669, 25.267421 ], [ 110.216899, 25.267501 ], [ 110.217036, 25.267523 ], [ 110.217199, 25.267536 ], [ 110.217218, 25.267534 ], [ 110.217286, 25.267528 ], [ 110.217304, 25.267526 ], [ 110.217352, 25.267522 ], [ 110.217372, 25.267681 ], [ 110.217649, 25.267638 ], [ 110.217694, 25.267869 ], [ 110.21774, 25.268101 ], [ 110.217936, 25.268295 ], [ 110.217978, 25.26846 ], [ 110.218383, 25.268425 ], [ 110.218788, 25.26839 ], [ 110.21881, 25.26837 ], [ 110.218804, 25.26831 ], [ 110.218767, 25.267992 ], [ 110.218729, 25.26767 ], [ 110.218708, 25.267497 ], [ 110.21868, 25.267253 ], [ 110.218671, 25.267164 ], [ 110.218669, 25.267141 ], [ 110.218659, 25.267038 ], [ 110.21864, 25.266849 ], [ 110.218625, 25.266729 ], [ 110.218617, 25.266663 ], [ 110.218609, 25.266595 ], [ 110.21859, 25.266439 ], [ 110.218567, 25.266267 ], [ 110.218539, 25.266004 ], [ 110.218526, 25.265888 ], [ 110.218761, 25.265843 ], [ 110.218738, 25.265744 ], [ 110.218776, 25.265741 ], [ 110.219178, 25.265709 ], [ 110.21945, 25.265687 ], [ 110.219457, 25.265747 ], [ 110.219476, 25.265791 ], [ 110.219522, 25.265851 ], [ 110.219533, 25.26592 ], [ 110.219534, 25.265926 ], [ 110.21955, 25.266007 ], [ 110.219563, 25.266099 ], [ 110.219579, 25.266192 ], [ 110.219578, 25.266258 ], [ 110.219584, 25.26635 ], [ 110.219584, 25.266413 ], [ 110.219606, 25.266476 ], [ 110.219659, 25.266512 ], [ 110.219705, 25.266515 ], [ 110.219744, 25.266497 ], [ 110.219751, 25.26645 ], [ 110.219748, 25.266354 ], [ 110.219749, 25.266262 ], [ 110.219749, 25.266202 ], [ 110.219733, 25.266112 ], [ 110.219708, 25.266046 ], [ 110.219702, 25.265975 ], [ 110.219699, 25.265897 ], [ 110.219702, 25.265834 ], [ 110.219716, 25.26579 ], [ 110.219719, 25.265754 ], [ 110.219701, 25.265663 ], [ 110.219938, 25.265637 ], [ 110.219976, 25.265633 ], [ 110.220111, 25.265619 ], [ 110.220098, 25.265537 ], [ 110.220096, 25.2655 ], [ 110.220107, 25.265462 ], [ 110.220158, 25.265428 ], [ 110.22016, 25.265403 ], [ 110.22016, 25.265388 ], [ 110.220169, 25.265272 ], [ 110.220146, 25.265235 ], [ 110.220082, 25.265195 ], [ 110.220052, 25.26516 ], [ 110.220048, 25.265116 ], [ 110.220059, 25.26508 ], [ 110.220087, 25.26495 ], [ 110.220056, 25.264923 ], [ 110.219928, 25.264926 ], [ 110.219883, 25.264949 ], [ 110.219812, 25.264998 ], [ 110.219738, 25.265025 ], [ 110.219639, 25.265024 ], [ 110.219557, 25.265007 ], [ 110.219558, 25.264976 ], [ 110.219503, 25.264678 ], [ 110.219412, 25.26468 ], [ 110.219397, 25.264533 ], [ 110.219384, 25.264397 ], [ 110.219515, 25.264299 ], [ 110.219626, 25.26425 ], [ 110.219615, 25.264089 ], [ 110.219461, 25.264074 ], [ 110.219414, 25.263503 ], [ 110.219132, 25.263532 ], [ 110.219038, 25.263056 ], [ 110.218974, 25.262756 ], [ 110.218771, 25.261837 ], [ 110.218767, 25.261815 ], [ 110.21919, 25.261735 ], [ 110.219143, 25.261558 ], [ 110.218938, 25.261598 ], [ 110.218845, 25.261617 ], [ 110.218737, 25.261648 ] ] ], [ [ [ 110.218862, 25.263009 ], [ 110.218821, 25.262995 ], [ 110.218881, 25.263557 ], [ 110.218981, 25.26355 ], [ 110.218862, 25.263009 ] ] ], [ [ [ 110.218892, 25.263659 ], [ 110.21892, 25.263914 ], [ 110.219338, 25.263885 ], [ 110.219317, 25.263626 ], [ 110.218892, 25.263659 ] ] ] ] } },
{ "type": "Feature", "properties": { "BSM": null, "DLBM": null, "DLMC": null, "图斑面积": 0.0, "坐落单位": null, "企业名称": "艺宇印刷包装有限公司", "行业代码": "C23", "行业名称": "印刷和记录媒介复制业", "产值": 0.0, "行政区": "临桂苏桥", "用地性": "1001工业用地" }, "geometry": { "type": "Polygon", "coordinates": [ [ [ 110.043899, 25.090834 ], [ 110.043898, 25.090798 ], [ 110.043897, 25.090754 ], [ 110.043897, 25.09071 ], [ 110.043896, 25.090665 ], [ 110.043896, 25.090621 ], [ 110.043895, 25.090576 ], [ 110.043894, 25.090532 ], [ 110.043894, 25.090487 ], [ 110.043893, 25.090443 ], [ 110.043892, 25.090398 ], [ 110.043892, 25.090354 ], [ 110.043891, 25.090309 ], [ 110.043891, 25.090265 ], [ 110.04389, 25.09022 ], [ 110.043889, 25.090176 ], [ 110.043847, 25.090177 ], [ 110.043805, 25.090178 ], [ 110.043762, 25.090179 ], [ 110.043729, 25.090178 ], [ 110.043706, 25.090178 ], [ 110.043665, 25.090179 ], [ 110.043623, 25.090179 ], [ 110.043581, 25.09018 ], [ 110.04354, 25.090181 ], [ 110.043498, 25.090181 ], [ 110.043456, 25.090182 ], [ 110.043416, 25.090182 ], [ 110.043375, 25.090183 ], [ 110.043336, 25.090184 ], [ 110.043336, 25.090184 ], [ 110.043311, 25.090184 ], [ 110.043286, 25.090184 ], [ 110.043241, 25.090185 ], [ 110.043196, 25.090185 ], [ 110.043151, 25.090186 ], [ 110.043106, 25.090187 ], [ 110.043062, 25.090188 ], [ 110.043017, 25.090189 ], [ 110.042973, 25.09019 ], [ 110.042933, 25.090191 ], [ 110.042893, 25.090192 ], [ 110.042853, 25.090193 ], [ 110.042854, 25.090235 ], [ 110.042855, 25.090277 ], [ 110.042856, 25.090319 ], [ 110.042857, 25.090361 ], [ 110.042858, 25.090403 ], [ 110.042859, 25.090445 ], [ 110.04286, 25.090486 ], [ 110.042861, 25.090528 ], [ 110.042862, 25.09057 ], [ 110.042862, 25.090612 ], [ 110.042863, 25.090654 ], [ 110.042864, 25.090693 ], [ 110.042865, 25.090732 ], [ 110.042866, 25.090771 ], [ 110.042867, 25.090809 ], [ 110.042868, 25.090845 ], [ 110.043899, 25.090834 ] ] ] } },
{ "type": "Feature", "properties": { "BSM": null, "DLBM": null, "DLMC": null, "图斑面积": 0.0, "坐落单位": null, "企业名称": "桂林群益环保科技有限公司", "行业代码": "C28", "行业名称": "木材加工和木、竹、藤、棕、草制品", "产值": 0.0, "行政区": "临桂苏桥", "用地性": "1001工业用地" }, "geometry": { "type": "Polygon", "coordinates": [ [ [ 110.024328, 25.135615 ], [ 110.024214, 25.135608 ], [ 110.024099, 25.135604 ], [ 110.02394, 25.135604 ], [ 110.023782, 25.135609 ], [ 110.023376, 25.135631 ], [ 110.020638, 25.135783 ], [ 110.019654, 25.135838 ], [ 110.019675, 25.135864 ], [ 110.019696, 25.135889 ], [ 110.019718, 25.135914 ], [ 110.019739, 25.13594 ], [ 110.019772, 25.135976 ], [ 110.019796, 25.136003 ], [ 110.01982, 25.13603 ], [ 110.019845, 25.136057 ], [ 110.01987, 25.136083 ], [ 110.019893, 25.136108 ], [ 110.019895, 25.13611 ], [ 110.019897, 25.136112 ], [ 110.019919, 25.136135 ], [ 110.01992, 25.136137 ], [ 110.019922, 25.136139 ], [ 110.019944, 25.136162 ], [ 110.019946, 25.136164 ], [ 110.019948, 25.136165 ], [ 110.019951, 25.136169 ], [ 110.019967, 25.136185 ], [ 110.01997, 25.136189 ], [ 110.019972, 25.13619 ], [ 110.019974, 25.136192 ], [ 110.019977, 25.136195 ], [ 110.01998, 25.136199 ], [ 110.019983, 25.136202 ], [ 110.019987, 25.136205 ], [ 110.01999, 25.136209 ], [ 110.019993, 25.136212 ], [ 110.019996, 25.136215 ], [ 110.019998, 25.136217 ], [ 110.02, 25.136219 ], [ 110.020003, 25.136222 ], [ 110.020006, 25.136225 ], [ 110.020009, 25.136229 ], [ 110.020013, 25.136232 ], [ 110.020016, 25.136236 ], [ 110.020018, 25.136237 ], [ 110.020019, 25.136239 ], [ 110.020023, 25.136242 ], [ 110.020026, 25.136246 ], [ 110.020029, 25.136249 ], [ 110.020032, 25.136252 ], [ 110.020036, 25.136256 ], [ 110.020037, 25.136257 ], [ 110.020039, 25.136259 ], [ 110.020042, 25.136262 ], [ 110.020046, 25.136266 ], [ 110.020928, 25.13717 ], [ 110.020932, 25.137174 ], [ 110.020935, 25.137177 ], [ 110.020938, 25.13718 ], [ 110.02094, 25.137182 ], [ 110.020942, 25.137184 ], [ 110.020945, 25.137187 ], [ 110.020948, 25.137191 ], [ 110.020952, 25.137194 ], [ 110.020955, 25.137197 ], [ 110.020958, 25.137201 ], [ 110.020961, 25.137204 ], [ 110.020965, 25.137208 ], [ 110.020966, 25.137209 ], [ 110.020968, 25.137211 ], [ 110.020971, 25.137214 ], [ 110.020975, 25.137218 ], [ 110.020978, 25.137221 ], [ 110.020981, 25.137225 ], [ 110.020985, 25.137228 ], [ 110.020988, 25.137231 ], [ 110.020991, 25.137235 ], [ 110.020993, 25.137237 ], [ 110.020995, 25.137238 ], [ 110.020998, 25.137242 ], [ 110.021001, 25.137245 ], [ 110.021005, 25.137249 ], [ 110.021008, 25.137252 ], [ 110.021011, 25.137255 ], [ 110.021015, 25.137259 ], [ 110.021018, 25.137262 ], [ 110.02102, 25.137264 ], [ 110.021021, 25.137266 ], [ 110.021025, 25.137269 ], [ 110.021028, 25.137273 ], [ 110.021031, 25.137276 ], [ 110.021034, 25.137279 ], [ 110.021038, 25.137283 ], [ 110.021041, 25.137286 ], [ 110.021044, 25.13729 ], [ 110.021046, 25.137292 ], [ 110.021048, 25.137293 ], [ 110.021051, 25.137297 ], [ 110.021054, 25.1373 ], [ 110.021058, 25.137304 ], [ 110.021061, 25.137307 ], [ 110.021064, 25.137311 ], [ 110.021068, 25.137314 ], [ 110.021071, 25.137318 ], [ 110.021073, 25.137319 ], [ 110.021074, 25.137321 ], [ 110.021078, 25.137325 ], [ 110.021094, 25.137342 ], [ 110.021098, 25.137346 ], [ 110.021099, 25.137348 ], [ 110.021101, 25.137349 ], [ 110.021124, 25.137374 ], [ 110.021126, 25.137376 ], [ 110.021127, 25.137378 ], [ 110.021151, 25.137403 ], [ 110.021152, 25.137405 ], [ 110.021154, 25.137406 ], [ 110.021177, 25.137432 ], [ 110.021178, 25.137433 ], [ 110.02118, 25.137435 ], [ 110.021183, 25.137439 ], [ 110.021187, 25.137443 ], [ 110.02119, 25.137446 ], [ 110.021193, 25.13745 ], [ 110.021196, 25.137454 ], [ 110.021198, 25.137455 ], [ 110.0212, 25.137457 ], [ 110.021203, 25.137461 ], [ 110.021206, 25.137465 ], [ 110.021209, 25.137468 ], [ 110.021213, 25.137472 ], [ 110.021216, 25.137476 ], [ 110.021294, 25.137567 ], [ 110.021359, 25.137649 ], [ 110.021423, 25.137733 ], [ 110.021483, 25.137818 ], [ 110.021542, 25.137904 ], [ 110.021597, 25.137992 ], [ 110.02165, 25.138081 ], [ 110.021701, 25.138172 ], [ 110.021749, 25.138263 ], [ 110.021794, 25.138356 ], [ 110.021836, 25.13845 ], [ 110.021875, 25.138545 ], [ 110.021912, 25.138641 ], [ 110.021946, 25.138737 ], [ 110.021977, 25.138835 ], [ 110.022005, 25.138933 ], [ 110.02203, 25.139032 ], [ 110.022053, 25.139131 ], [ 110.022072, 25.139231 ], [ 110.022089, 25.139332 ], [ 110.022102, 25.139432 ], [ 110.022113, 25.139533 ], [ 110.02212, 25.139634 ], [ 110.022125, 25.139736 ], [ 110.022127, 25.139837 ], [ 110.022125, 25.139939 ], [ 110.023784, 25.140038 ], [ 110.0243, 25.140069 ], [ 110.02439, 25.140074 ], [ 110.024393, 25.140074 ], [ 110.024395, 25.140074 ], [ 110.024433, 25.140077 ], [ 110.024488, 25.137923 ], [ 110.024488, 25.137913 ], [ 110.024488, 25.137903 ], [ 110.024488, 25.137893 ], [ 110.024489, 25.137883 ], [ 110.024489, 25.137873 ], [ 110.024489, 25.137863 ], [ 110.024489, 25.137853 ], [ 110.02449, 25.137843 ], [ 110.02449, 25.137833 ], [ 110.02449, 25.137823 ], [ 110.02449, 25.137813 ], [ 110.024491, 25.137803 ], [ 110.024491, 25.137793 ], [ 110.024491, 25.137783 ], [ 110.024491, 25.137773 ], [ 110.024492, 25.137763 ], [ 110.024492, 25.137753 ], [ 110.024492, 25.137743 ], [ 110.024492, 25.137733 ], [ 110.024493, 25.137723 ], [ 110.024493, 25.137713 ], [ 110.024493, 25.137703 ], [ 110.024493, 25.137693 ], [ 110.024493, 25.137683 ], [ 110.024494, 25.137673 ], [ 110.024494, 25.137663 ], [ 110.024494, 25.137653 ], [ 110.024494, 25.137644 ], [ 110.024494, 25.137634 ], [ 110.024495, 25.137624 ], [ 110.024495, 25.137614 ], [ 110.024495, 25.137604 ], [ 110.024495, 25.137594 ], [ 110.024495, 25.137584 ], [ 110.024496, 25.137574 ], [ 110.024496, 25.137564 ], [ 110.024496, 25.137554 ], [ 110.024496, 25.137544 ], [ 110.024496, 25.137534 ], [ 110.024496, 25.137524 ], [ 110.024496, 25.137515 ], [ 110.024497, 25.137505 ], [ 110.024497, 25.137495 ], [ 110.024497, 25.137485 ], [ 110.024497, 25.137475 ], [ 110.024497, 25.137465 ], [ 110.024497, 25.137455 ], [ 110.024497, 25.137445 ], [ 110.024497, 25.137435 ], [ 110.024497, 25.137426 ], [ 110.024498, 25.137416 ], [ 110.024498, 25.137406 ], [ 110.024498, 25.137396 ], [ 110.024498, 25.137386 ], [ 110.024498, 25.137376 ], [ 110.024498, 25.137366 ], [ 110.024498, 25.137356 ], [ 110.024498, 25.137347 ], [ 110.024498, 25.137337 ], [ 110.024498, 25.137327 ], [ 110.024498, 25.137317 ], [ 110.024498, 25.137307 ], [ 110.024498, 25.137297 ], [ 110.024498, 25.137288 ], [ 110.024498, 25.137278 ], [ 110.024498, 25.137268 ], [ 110.024498, 25.137258 ], [ 110.024498, 25.137248 ], [ 110.024498, 25.137238 ], [ 110.024498, 25.137229 ], [ 110.024497, 25.137219 ], [ 110.024497, 25.137209 ], [ 110.024497, 25.137199 ], [ 110.024497, 25.137189 ], [ 110.024497, 25.13718 ], [ 110.024497, 25.13717 ], [ 110.024497, 25.13716 ], [ 110.024497, 25.13715 ], [ 110.024496, 25.13714 ], [ 110.024496, 25.137131 ], [ 110.024496, 25.137121 ], [ 110.024496, 25.137111 ], [ 110.024496, 25.137101 ], [ 110.024496, 25.137092 ], [ 110.024495, 25.137082 ], [ 110.024495, 25.137072 ], [ 110.024495, 25.137062 ], [ 110.024495, 25.137053 ], [ 110.024494, 25.137043 ], [ 110.024494, 25.137033 ], [ 110.024487, 25.136857 ], [ 110.024476, 25.136681 ], [ 110.024461, 25.136505 ], [ 110.024442, 25.136329 ], [ 110.024419, 25.136154 ], [ 110.024418, 25.136145 ], [ 110.024417, 25.136135 ], [ 110.024415, 25.136125 ], [ 110.024414, 25.136116 ], [ 110.024412, 25.136106 ], [ 110.024411, 25.136096 ], [ 110.024409, 25.136087 ], [ 110.024408, 25.136077 ], [ 110.024407, 25.136067 ], [ 110.024405, 25.136057 ], [ 110.024404, 25.136048 ], [ 110.024402, 25.136038 ], [ 110.024401, 25.136028 ], [ 110.024399, 25.136019 ], [ 110.024398, 25.136009 ], [ 110.024396, 25.135999 ], [ 110.024394, 25.13599 ], [ 110.024393, 25.13598 ], [ 110.024391, 25.13597 ], [ 110.02439, 25.13596 ], [ 110.024388, 25.135951 ], [ 110.024387, 25.135941 ], [ 110.024385, 25.135931 ], [ 110.024383, 25.135922 ], [ 110.024382, 25.135912 ], [ 110.02438, 25.135902 ], [ 110.024378, 25.135892 ], [ 110.024377, 25.135883 ], [ 110.024375, 25.135873 ], [ 110.024373, 25.135863 ], [ 110.024372, 25.135854 ], [ 110.02437, 25.135844 ], [ 110.024368, 25.135834 ], [ 110.024328, 25.135615 ] ] ] } },
{ "type": "Feature", "properties": { "BSM": null, "DLBM": null, "DLMC": null, "图斑面积": 0.0, "坐落单位": null, "企业名称": "规划用地", "行业代码": null, "行业名称": null, "产值": 0.0, "行政区": "临桂苏桥", "用地性": "1001工业用地" }, "geometry": { "type": "Polygon", "coordinates": [ [ [ 110.028328, 25.12903 ], [ 110.027169, 25.128886 ], [ 110.026844, 25.131254 ], [ 110.028026, 25.131515 ], [ 110.028046, 25.131519 ], [ 110.028909, 25.131709 ], [ 110.029407, 25.129501 ], [ 110.029231, 25.129223 ], [ 110.029084, 25.12918 ], [ 110.028935, 25.129141 ], [ 110.028785, 25.129106 ], [ 110.028634, 25.129076 ], [ 110.028482, 25.129051 ], [ 110.028328, 25.12903 ] ] ] } },
{ "type": "Feature", "properties": { "BSM": null, "DLBM": null, "DLMC": null, "图斑面积": 0.0, "坐落单位": null, "企业名称": "规划用地", "行业代码": null, "行业名称": null, "产值": 0.0, "行政区": "临桂苏桥", "用地性": "1001工业用地" }, "geometry": { "type": "Polygon", "coordinates": [ [ [ 110.030122, 25.126353 ], [ 110.027496, 25.125076 ], [ 110.027193, 25.128671 ], [ 110.02836, 25.128815 ], [ 110.028508, 25.128835 ], [ 110.028538, 25.12884 ], [ 110.028538, 25.12884 ], [ 110.0286, 25.12885 ], [ 110.028626, 25.128855 ], [ 110.028656, 25.128859 ], [ 110.028675, 25.128863 ], [ 110.028714, 25.12887 ], [ 110.028714, 25.12887 ], [ 110.028753, 25.128878 ], [ 110.028851, 25.128898 ], [ 110.028889, 25.128906 ], [ 110.02889, 25.128906 ], [ 110.028928, 25.128916 ], [ 110.028948, 25.12892 ], [ 110.028976, 25.128927 ], [ 110.029002, 25.128934 ], [ 110.029063, 25.128948 ], [ 110.029063, 25.128948 ], [ 110.029092, 25.128956 ], [ 110.029235, 25.128996 ], [ 110.029559, 25.128824 ], [ 110.030002, 25.126863 ], [ 110.030122, 25.126353 ] ] ] } },
{ "type": "Feature", "properties": { "BSM": null, "DLBM": null, "DLMC": null, "图斑面积": 0.0, "坐落单位": null, "企业名称": "桂林恒保健康防护有限公司", "行业代码": "C29", "行业名称": "橡胶和塑料制品业", "产值": 0.0, "行政区": "临桂苏桥", "用地性": "1001工业用地" }, "geometry": { "type": "Polygon", "coordinates": [ [ [ 110.023507, 25.122292 ], [ 110.02363, 25.121628 ], [ 110.023632, 25.12162 ], [ 110.023633, 25.121611 ], [ 110.023635, 25.121603 ], [ 110.023636, 25.121594 ], [ 110.023638, 25.121586 ], [ 110.023639, 25.121578 ], [ 110.023641, 25.121569 ], [ 110.023643, 25.121561 ], [ 110.023644, 25.121552 ], [ 110.023646, 25.121544 ], [ 110.023647, 25.121536 ], [ 110.023649, 25.121527 ], [ 110.02365, 25.121519 ], [ 110.023652, 25.12151 ], [ 110.023653, 25.121502 ], [ 110.023655, 25.121494 ], [ 110.023656, 25.121485 ], [ 110.023658, 25.121477 ], [ 110.023659, 25.121469 ], [ 110.023661, 25.12146 ], [ 110.023663, 25.121452 ], [ 110.023664, 25.121444 ], [ 110.023666, 25.121435 ], [ 110.023667, 25.121427 ], [ 110.023669, 25.121419 ], [ 110.02367, 25.12141 ], [ 110.023672, 25.121402 ], [ 110.023673, 25.121393 ], [ 110.023675, 25.121385 ], [ 110.023676, 25.121377 ], [ 110.023678, 25.121368 ], [ 110.023679, 25.12136 ], [ 110.023681, 25.121352 ], [ 110.023682, 25.121343 ], [ 110.023684, 25.121335 ], [ 110.023685, 25.121327 ], [ 110.023687, 25.121319 ], [ 110.023688, 25.12131 ], [ 110.023689, 25.121302 ], [ 110.023691, 25.121294 ], [ 110.023692, 25.121285 ], [ 110.023694, 25.121277 ], [ 110.023695, 25.121269 ], [ 110.023697, 25.12126 ], [ 110.023698, 25.121252 ], [ 110.0237, 25.121244 ], [ 110.023701, 25.121235 ], [ 110.023702, 25.121227 ], [ 110.023704, 25.121219 ], [ 110.023705, 25.121211 ], [ 110.023707, 25.121202 ], [ 110.023708, 25.121194 ], [ 110.02371, 25.121186 ], [ 110.023711, 25.121177 ], [ 110.023712, 25.121169 ], [ 110.023714, 25.121161 ], [ 110.023715, 25.121152 ], [ 110.023716, 25.121144 ], [ 110.023718, 25.121136 ], [ 110.023719, 25.121128 ], [ 110.02372, 25.121119 ], [ 110.023722, 25.121111 ], [ 110.023723, 25.121103 ], [ 110.023725, 25.121095 ], [ 110.023726, 25.121086 ], [ 110.023727, 25.121078 ], [ 110.023728, 25.12107 ], [ 110.02373, 25.121061 ], [ 110.023731, 25.121053 ], [ 110.023732, 25.121045 ], [ 110.023734, 25.121037 ], [ 110.023735, 25.121028 ], [ 110.023736, 25.12102 ], [ 110.023737, 25.121012 ], [ 110.023739, 25.121004 ], [ 110.02374, 25.120995 ], [ 110.023748, 25.12092 ], [ 110.023511, 25.120707 ], [ 110.023397, 25.120708 ], [ 110.02337, 25.120708 ], [ 110.021937, 25.120713 ], [ 110.019511, 25.120721 ], [ 110.018774, 25.120724 ], [ 110.018706, 25.120724 ], [ 110.018676, 25.120724 ], [ 110.018672, 25.120724 ], [ 110.018672, 25.120725 ], [ 110.018662, 25.12124 ], [ 110.018533, 25.121317 ], [ 110.018228, 25.121465 ], [ 110.018054, 25.12155 ], [ 110.018057, 25.121553 ], [ 110.018061, 25.121556 ], [ 110.018065, 25.121559 ], [ 110.018069, 25.121562 ], [ 110.018073, 25.121565 ], [ 110.018076, 25.121568 ], [ 110.01808, 25.121571 ], [ 110.018084, 25.121574 ], [ 110.018088, 25.121577 ], [ 110.018091, 25.12158 ], [ 110.018095, 25.121583 ], [ 110.018099, 25.121586 ], [ 110.018102, 25.121589 ], [ 110.018106, 25.121592 ], [ 110.01811, 25.121595 ], [ 110.018114, 25.121598 ], [ 110.018117, 25.121601 ], [ 110.018121, 25.121604 ], [ 110.018125, 25.121607 ], [ 110.018128, 25.12161 ], [ 110.018132, 25.121613 ], [ 110.018136, 25.121616 ], [ 110.018139, 25.12162 ], [ 110.018143, 25.121623 ], [ 110.018147, 25.121626 ], [ 110.01815, 25.121629 ], [ 110.018154, 25.121632 ], [ 110.018157, 25.121635 ], [ 110.018161, 25.121638 ], [ 110.018165, 25.121641 ], [ 110.018168, 25.121644 ], [ 110.018172, 25.121647 ], [ 110.018175, 25.121651 ], [ 110.018179, 25.121654 ], [ 110.018183, 25.121657 ], [ 110.018186, 25.12166 ], [ 110.01819, 25.121663 ], [ 110.018193, 25.121666 ], [ 110.018197, 25.12167 ], [ 110.0182, 25.121673 ], [ 110.018204, 25.121676 ], [ 110.018207, 25.121679 ], [ 110.018211, 25.121682 ], [ 110.018214, 25.121686 ], [ 110.018218, 25.121689 ], [ 110.018222, 25.121692 ], [ 110.018225, 25.121695 ], [ 110.018229, 25.121698 ], [ 110.018232, 25.121702 ], [ 110.018235, 25.121705 ], [ 110.018239, 25.121708 ], [ 110.018242, 25.121711 ], [ 110.018246, 25.121715 ], [ 110.018249, 25.121718 ], [ 110.018253, 25.121721 ], [ 110.018256, 25.121724 ], [ 110.01826, 25.121728 ], [ 110.018263, 25.121731 ], [ 110.018267, 25.121734 ], [ 110.01827, 25.121738 ], [ 110.018273, 25.121741 ], [ 110.018277, 25.121744 ], [ 110.01828, 25.121748 ], [ 110.018284, 25.121751 ], [ 110.018287, 25.121754 ], [ 110.01829, 25.121758 ], [ 110.018294, 25.121761 ], [ 110.018297, 25.121764 ], [ 110.0183, 25.121768 ], [ 110.018304, 25.121771 ], [ 110.018307, 25.121774 ], [ 110.01831, 25.121778 ], [ 110.018314, 25.121781 ], [ 110.018317, 25.121784 ], [ 110.01832, 25.121788 ], [ 110.018324, 25.121791 ], [ 110.018327, 25.121795 ], [ 110.01833, 25.121798 ], [ 110.018334, 25.121801 ], [ 110.018337, 25.121805 ], [ 110.01834, 25.121808 ], [ 110.018343, 25.121812 ], [ 110.018347, 25.121815 ], [ 110.01835, 25.121818 ], [ 110.018353, 25.121822 ], [ 110.018356, 25.121825 ], [ 110.01836, 25.121829 ], [ 110.018363, 25.121832 ], [ 110.018366, 25.121836 ], [ 110.018369, 25.121839 ], [ 110.018372, 25.121843 ], [ 110.018376, 25.121846 ], [ 110.018378, 25.121849 ], [ 110.018379, 25.12185 ], [ 110.018382, 25.121853 ], [ 110.018757, 25.122265 ], [ 110.018761, 25.12227 ], [ 110.018869, 25.12227 ], [ 110.020768, 25.122279 ], [ 110.021027, 25.12228 ], [ 110.023075, 25.12229 ], [ 110.023367, 25.122291 ], [ 110.023507, 25.122292 ] ] ] } },
{ "type": "Feature", "properties": { "BSM": null, "DLBM": null, "DLMC": null, "图斑面积": 0.0, "坐落单位": null, "企业名称": "广西科伦制药有限公司", "行业代码": "C27", "行业名称": "医药制造业", "产值": 0.0, "行政区": "临桂苏桥", "用地性": "1001工业用地" }, "geometry": { "type": "Polygon", "coordinates": [ [ [ 110.023833, 25.120191 ], [ 110.02383, 25.119526 ], [ 110.023828, 25.119049 ], [ 110.023826, 25.118425 ], [ 110.023824, 25.117974 ], [ 110.02382, 25.117215 ], [ 110.023819, 25.117197 ], [ 110.02361, 25.117198 ], [ 110.018128, 25.117217 ], [ 110.018141, 25.120365 ], [ 110.018141, 25.120365 ], [ 110.018142, 25.120365 ], [ 110.018142, 25.120365 ], [ 110.023611, 25.120346 ], [ 110.023833, 25.120191 ] ] ] } },
{ "type": "Feature", "properties": { "BSM": null, "DLBM": null, "DLMC": null, "图斑面积": 0.0, "坐落单位": null, "企业名称": "桂林海药生物科技有限公司", "行业代码": "M73", "行业名称": "研究和试验发展", "产值": 0.0, "行政区": "临桂苏桥", "用地性": "1001工业用地" }, "geometry": { "type": "Polygon", "coordinates": [ [ [ 110.024505, 25.120955 ], [ 110.02414, 25.122929 ], [ 110.023907, 25.124184 ], [ 110.023852, 25.124484 ], [ 110.027277, 25.124787 ], [ 110.027414, 25.121393 ], [ 110.027285, 25.121322 ], [ 110.027153, 25.121256 ], [ 110.027153, 25.121256 ], [ 110.027017, 25.121196 ], [ 110.026879, 25.121141 ], [ 110.026879, 25.121141 ], [ 110.026738, 25.121093 ], [ 110.026594, 25.12105 ], [ 110.026449, 25.121013 ], [ 110.026302, 25.120983 ], [ 110.026268, 25.120976 ], [ 110.026231, 25.12097 ], [ 110.026193, 25.120964 ], [ 110.026191, 25.120964 ], [ 110.026158, 25.120959 ], [ 110.026156, 25.120958 ], [ 110.026153, 25.120958 ], [ 110.02612, 25.120953 ], [ 110.026118, 25.120953 ], [ 110.026116, 25.120952 ], [ 110.026082, 25.120948 ], [ 110.02608, 25.120947 ], [ 110.026077, 25.120947 ], [ 110.026073, 25.120946 ], [ 110.026049, 25.120943 ], [ 110.026044, 25.120942 ], [ 110.026042, 25.120942 ], [ 110.026039, 25.120942 ], [ 110.026034, 25.120941 ], [ 110.02601, 25.120938 ], [ 110.026005, 25.120937 ], [ 110.026003, 25.120937 ], [ 110.026001, 25.120936 ], [ 110.025996, 25.120936 ], [ 110.025991, 25.120935 ], [ 110.025986, 25.120935 ], [ 110.025981, 25.120934 ], [ 110.025976, 25.120933 ], [ 110.025972, 25.120933 ], [ 110.025967, 25.120932 ], [ 110.025964, 25.120932 ], [ 110.025962, 25.120931 ], [ 110.025957, 25.120931 ], [ 110.025952, 25.12093 ], [ 110.025947, 25.120929 ], [ 110.025942, 25.120929 ], [ 110.025938, 25.120928 ], [ 110.025933, 25.120928 ], [ 110.025928, 25.120927 ], [ 110.025925, 25.120927 ], [ 110.025923, 25.120926 ], [ 110.025918, 25.120926 ], [ 110.025913, 25.120925 ], [ 110.025908, 25.120924 ], [ 110.025903, 25.120924 ], [ 110.025898, 25.120923 ], [ 110.025894, 25.120923 ], [ 110.025892, 25.120922 ], [ 110.025889, 25.120922 ], [ 110.025884, 25.120921 ], [ 110.024751, 25.120777 ], [ 110.024505, 25.120955 ] ] ] } },
{ "type": "Feature", "properties": { "BSM": null, "DLBM": null, "DLMC": null, "图斑面积": 0.0, "坐落单位": null, "企业名称": "规划用地", "行业代码": null, "行业名称": null, "产值": 0.0, "行政区": "临桂苏桥", "用地性": "1001工业用地" }, "geometry": { "type": "Polygon", "coordinates": [ [ [ 110.030987, 25.119547 ], [ 110.028116, 25.118018 ], [ 110.027902, 25.119533 ], [ 110.027678, 25.121119 ], [ 110.027811, 25.121203 ], [ 110.027811, 25.121203 ], [ 110.02794, 25.121293 ], [ 110.028065, 25.121388 ], [ 110.028065, 25.121388 ], [ 110.028185, 25.121488 ], [ 110.028209, 25.121509 ], [ 110.028238, 25.121535 ], [ 110.028266, 25.12156 ], [ 110.028268, 25.121562 ], [ 110.02827, 25.121564 ], [ 110.028295, 25.121587 ], [ 110.028297, 25.121589 ], [ 110.028298, 25.12159 ], [ 110.028323, 25.121614 ], [ 110.028325, 25.121616 ], [ 110.028327, 25.121617 ], [ 110.028352, 25.121641 ], [ 110.028353, 25.121643 ], [ 110.028355, 25.121644 ], [ 110.028359, 25.121648 ], [ 110.028362, 25.121651 ], [ 110.028366, 25.121654 ], [ 110.028369, 25.121658 ], [ 110.028373, 25.121661 ], [ 110.028376, 25.121664 ], [ 110.02838, 25.121668 ], [ 110.028381, 25.121669 ], [ 110.028383, 25.121671 ], [ 110.028386, 25.121674 ], [ 110.02839, 25.121678 ], [ 110.028393, 25.121681 ], [ 110.028397, 25.121685 ], [ 110.0284, 25.121688 ], [ 110.028404, 25.121691 ], [ 110.028407, 25.121695 ], [ 110.028409, 25.121696 ], [ 110.028411, 25.121698 ], [ 110.028414, 25.121701 ], [ 110.028417, 25.121705 ], [ 110.028421, 25.121708 ], [ 110.028424, 25.121711 ], [ 110.028428, 25.121715 ], [ 110.028431, 25.121718 ], [ 110.028435, 25.121721 ], [ 110.028436, 25.121723 ], [ 110.028438, 25.121725 ], [ 110.028441, 25.121728 ], [ 110.028445, 25.121731 ], [ 110.028448, 25.121735 ], [ 110.028452, 25.121738 ], [ 110.028455, 25.121741 ], [ 110.028458, 25.121745 ], [ 110.028462, 25.121748 ], [ 110.028463, 25.12175 ], [ 110.028465, 25.121752 ], [ 110.028469, 25.121755 ], [ 110.028472, 25.121758 ], [ 110.028475, 25.121762 ], [ 110.028479, 25.121765 ], [ 110.028482, 25.121768 ], [ 110.028485, 25.121771 ], [ 110.028489, 25.121775 ], [ 110.02849, 25.121776 ], [ 110.028492, 25.121778 ], [ 110.028496, 25.121781 ], [ 110.028499, 25.121785 ], [ 110.029946, 25.123213 ], [ 110.030086, 25.123346 ], [ 110.030231, 25.123475 ], [ 110.030381, 25.123599 ], [ 110.030535, 25.123718 ], [ 110.030802, 25.123638 ], [ 110.031077, 25.122643 ], [ 110.03114, 25.122429 ], [ 110.03114, 25.122429 ], [ 110.03121, 25.122217 ], [ 110.03121, 25.122216 ], [ 110.031287, 25.122007 ], [ 110.031287, 25.122006 ], [ 110.031371, 25.121799 ], [ 110.031371, 25.121798 ], [ 110.031461, 25.121593 ], [ 110.031462, 25.121593 ], [ 110.031559, 25.12139 ], [ 110.031663, 25.12119 ], [ 110.031663, 25.121189 ], [ 110.031773, 25.120992 ], [ 110.031773, 25.120992 ], [ 110.03189, 25.120798 ], [ 110.03189, 25.120798 ], [ 110.032013, 25.120607 ], [ 110.032014, 25.120606 ], [ 110.032143, 25.120419 ], [ 110.032143, 25.120419 ], [ 110.032278, 25.120235 ], [ 110.03205, 25.120114 ], [ 110.030999, 25.119553 ], [ 110.030987, 25.119547 ] ] ] } },
{ "type": "Feature", "properties": { "BSM": null, "DLBM": null, "DLMC": null, "图斑面积": 0.0, "坐落单位": null, "企业名称": "桂林三棱生物科技有限公司", "行业代码": "C13", "行业名称": "农副食品加工业", "产值": 0.0, "行政区": "临桂苏桥", "用地性": "1001工业用地" }, "geometry": { "type": "Polygon", "coordinates": [ [ [ 110.02902, 25.114899 ], [ 110.029016, 25.114897 ], [ 110.029012, 25.114894 ], [ 110.029008, 25.114891 ], [ 110.029004, 25.114889 ], [ 110.029, 25.114886 ], [ 110.028996, 25.114883 ], [ 110.028994, 25.114882 ], [ 110.028991, 25.11488 ], [ 110.028987, 25.114878 ], [ 110.028983, 25.114875 ], [ 110.028979, 25.114872 ], [ 110.028975, 25.11487 ], [ 110.028971, 25.114867 ], [ 110.028967, 25.114864 ], [ 110.028963, 25.114861 ], [ 110.028961, 25.11486 ], [ 110.028959, 25.114859 ], [ 110.028955, 25.114856 ], [ 110.028951, 25.114853 ], [ 110.028947, 25.11485 ], [ 110.028943, 25.114848 ], [ 110.028938, 25.114845 ], [ 110.028934, 25.114842 ], [ 110.02893, 25.114839 ], [ 110.028928, 25.114838 ], [ 110.028926, 25.114837 ], [ 110.028922, 25.114834 ], [ 110.028918, 25.114831 ], [ 110.028914, 25.114828 ], [ 110.02891, 25.114825 ], [ 110.028906, 25.114823 ], [ 110.028902, 25.11482 ], [ 110.028898, 25.114817 ], [ 110.028896, 25.114816 ], [ 110.028894, 25.114814 ], [ 110.028889, 25.114811 ], [ 110.028885, 25.114809 ], [ 110.028881, 25.114806 ], [ 110.028877, 25.114803 ], [ 110.028873, 25.1148 ], [ 110.028869, 25.114797 ], [ 110.028865, 25.114794 ], [ 110.028863, 25.114793 ], [ 110.028861, 25.114792 ], [ 110.028861, 25.114791 ], [ 110.028857, 25.114789 ], [ 110.028853, 25.114786 ], [ 110.028849, 25.114783 ], [ 110.028845, 25.11478 ], [ 110.028841, 25.114778 ], [ 110.028841, 25.114777 ], [ 110.028836, 25.114774 ], [ 110.028832, 25.114771 ], [ 110.028828, 25.114769 ], [ 110.028824, 25.114766 ], [ 110.02882, 25.114763 ], [ 110.028816, 25.11476 ], [ 110.028812, 25.114757 ], [ 110.028808, 25.114754 ], [ 110.028804, 25.114751 ], [ 110.0288, 25.114748 ], [ 110.028796, 25.114745 ], [ 110.028792, 25.114742 ], [ 110.028788, 25.114739 ], [ 110.028784, 25.114736 ], [ 110.02878, 25.114733 ], [ 110.028776, 25.11473 ], [ 110.028772, 25.114727 ], [ 110.028768, 25.114724 ], [ 110.028763, 25.114721 ], [ 110.028759, 25.114718 ], [ 110.028755, 25.114715 ], [ 110.028751, 25.114712 ], [ 110.028747, 25.114709 ], [ 110.028743, 25.114706 ], [ 110.028739, 25.114703 ], [ 110.028738, 25.114702 ], [ 110.028735, 25.1147 ], [ 110.028731, 25.114697 ], [ 110.02872, 25.114688 ], [ 110.02872, 25.114688 ], [ 110.028713, 25.114683 ], [ 110.028712, 25.114682 ], [ 110.028712, 25.114682 ], [ 110.028708, 25.114679 ], [ 110.028708, 25.114679 ], [ 110.028707, 25.114678 ], [ 110.0287, 25.114673 ], [ 110.028698, 25.114671 ], [ 110.028698, 25.114671 ], [ 110.028698, 25.114671 ], [ 110.028697, 25.11467 ], [ 110.028697, 25.11467 ], [ 110.028692, 25.114666 ], [ 110.028691, 25.114666 ], [ 110.028691, 25.114665 ], [ 110.028685, 25.114661 ], [ 110.028685, 25.114661 ], [ 110.028681, 25.114657 ], [ 110.028679, 25.114656 ], [ 110.028678, 25.114655 ], [ 110.028677, 25.114655 ], [ 110.028674, 25.114652 ], [ 110.028674, 25.114652 ], [ 110.028664, 25.114644 ], [ 110.028664, 25.114644 ], [ 110.028664, 25.114644 ], [ 110.028662, 25.114643 ], [ 110.028662, 25.114642 ], [ 110.028655, 25.114637 ], [ 110.028654, 25.114636 ], [ 110.028654, 25.114636 ], [ 110.028652, 25.114634 ], [ 110.028651, 25.114633 ], [ 110.028651, 25.114633 ], [ 110.028645, 25.114628 ], [ 110.028644, 25.114628 ], [ 110.028643, 25.114627 ], [ 110.02864, 25.114624 ], [ 110.02864, 25.114624 ], [ 110.028639, 25.114623 ], [ 110.028632, 25.114617 ], [ 110.028631, 25.114617 ], [ 110.02863, 25.114616 ], [ 110.028629, 25.114615 ], [ 110.028628, 25.114615 ], [ 110.028627, 25.114614 ], [ 110.028627, 25.114613 ], [ 110.028626, 25.114613 ], [ 110.028621, 25.114608 ], [ 110.02862, 25.114608 ], [ 110.02862, 25.114608 ], [ 110.028619, 25.114607 ], [ 110.028618, 25.114606 ], [ 110.028618, 25.114606 ], [ 110.028618, 25.114605 ], [ 110.028617, 25.114605 ], [ 110.028616, 25.114604 ], [ 110.028616, 25.114604 ], [ 110.028614, 25.114603 ], [ 110.028614, 25.114602 ], [ 110.028612, 25.114601 ], [ 110.028611, 25.1146 ], [ 110.028609, 25.114599 ], [ 110.028606, 25.114596 ], [ 110.028606, 25.114596 ], [ 110.028599, 25.11459 ], [ 110.028598, 25.114589 ], [ 110.028597, 25.114588 ], [ 110.028595, 25.114587 ], [ 110.028595, 25.114586 ], [ 110.028594, 25.114585 ], [ 110.028593, 25.114584 ], [ 110.028591, 25.114583 ], [ 110.02859, 25.114582 ], [ 110.02859, 25.114582 ], [ 110.028585, 25.114577 ], [ 110.028584, 25.114577 ], [ 110.028579, 25.114572 ], [ 110.028578, 25.114572 ], [ 110.028578, 25.114571 ], [ 110.028576, 25.11457 ], [ 110.028575, 25.114569 ], [ 110.028573, 25.114568 ], [ 110.028573, 25.114567 ], [ 110.028573, 25.114567 ], [ 110.028571, 25.114565 ], [ 110.028569, 25.114563 ], [ 110.028567, 25.114562 ], [ 110.028567, 25.114562 ], [ 110.028566, 25.114561 ], [ 110.028565, 25.11456 ], [ 110.028565, 25.11456 ], [ 110.028563, 25.114558 ], [ 110.028563, 25.114558 ], [ 110.028562, 25.114558 ], [ 110.028561, 25.114557 ], [ 110.028559, 25.114555 ], [ 110.028559, 25.114555 ], [ 110.028558, 25.114554 ], [ 110.028557, 25.114553 ], [ 110.028557, 25.114553 ], [ 110.028555, 25.114552 ], [ 110.028552, 25.114549 ], [ 110.028552, 25.114548 ], [ 110.02855, 25.114547 ], [ 110.02855, 25.114547 ], [ 110.02855, 25.114547 ], [ 110.028547, 25.114544 ], [ 110.028546, 25.114543 ], [ 110.028546, 25.114543 ], [ 110.028541, 25.114539 ], [ 110.028541, 25.114538 ], [ 110.028536, 25.114534 ], [ 110.028536, 25.114534 ], [ 110.028534, 25.114532 ], [ 110.028533, 25.114531 ], [ 110.028533, 25.114531 ], [ 110.02853, 25.114529 ], [ 110.02853, 25.114529 ], [ 110.02853, 25.114529 ], [ 110.028526, 25.114525 ], [ 110.028525, 25.114524 ], [ 110.028524, 25.114524 ], [ 110.02852, 25.114519 ], [ 110.02852, 25.114519 ], [ 110.028519, 25.114519 ], [ 110.028517, 25.114517 ], [ 110.028515, 25.114515 ], [ 110.028515, 25.114515 ], [ 110.028514, 25.114514 ], [ 110.028509, 25.114509 ], [ 110.028509, 25.114509 ], [ 110.028506, 25.114507 ], [ 110.028506, 25.114507 ], [ 110.028502, 25.114503 ], [ 110.028501, 25.114502 ], [ 110.028501, 25.114502 ], [ 110.028498, 25.114499 ], [ 110.028498, 25.114499 ], [ 110.028494, 25.114495 ], [ 110.028492, 25.114493 ], [ 110.028492, 25.114493 ], [ 110.028491, 25.114492 ], [ 110.028491, 25.114492 ], [ 110.028489, 25.114491 ], [ 110.028489, 25.11449 ], [ 110.028488, 25.114489 ], [ 110.028487, 25.114488 ], [ 110.028487, 25.114488 ], [ 110.028486, 25.114488 ], [ 110.028485, 25.114486 ], [ 110.028485, 25.114486 ], [ 110.028483, 25.114485 ], [ 110.028483, 25.114485 ], [ 110.028483, 25.114485 ], [ 110.028481, 25.114483 ], [ 110.028481, 25.114483 ], [ 110.02848, 25.114482 ], [ 110.028478, 25.11448 ], [ 110.028477, 25.114479 ], [ 110.028477, 25.114479 ], [ 110.028471, 25.114473 ], [ 110.028471, 25.114473 ], [ 110.02847, 25.114472 ], [ 110.02847, 25.114472 ], [ 110.028467, 25.114469 ], [ 110.028467, 25.114469 ], [ 110.028465, 25.114468 ], [ 110.028464, 25.114467 ], [ 110.028463, 25.114465 ], [ 110.028463, 25.114465 ], [ 110.028461, 25.114464 ], [ 110.028461, 25.114463 ], [ 110.028456, 25.114459 ], [ 110.028452, 25.114454 ], [ 110.028449, 25.114452 ], [ 110.028442, 25.114445 ], [ 110.02844, 25.114443 ], [ 110.028437, 25.11444 ], [ 110.028435, 25.114438 ], [ 110.028432, 25.114436 ], [ 110.028423, 25.114426 ], [ 110.028418, 25.114421 ], [ 110.028416, 25.114419 ], [ 110.028414, 25.114417 ], [ 110.028411, 25.114414 ], [ 110.028409, 25.114412 ], [ 110.028406, 25.114409 ], [ 110.028402, 25.114405 ], [ 110.028397, 25.1144 ], [ 110.028392, 25.114395 ], [ 110.02839, 25.114392 ], [ 110.028388, 25.11439 ], [ 110.028385, 25.114388 ], [ 110.028383, 25.114385 ], [ 110.028379, 25.11438 ], [ 110.028374, 25.114376 ], [ 110.028372, 25.114373 ], [ 110.028369, 25.114371 ], [ 110.028367, 25.114368 ], [ 110.028362, 25.114363 ], [ 110.028351, 25.114351 ], [ 110.028346, 25.114346 ], [ 110.028342, 25.114341 ], [ 110.028335, 25.114334 ], [ 110.028331, 25.114329 ], [ 110.028324, 25.114321 ], [ 110.028319, 25.114316 ], [ 110.028313, 25.114309 ], [ 110.028311, 25.114306 ], [ 110.028308, 25.114304 ], [ 110.028306, 25.114301 ], [ 110.028304, 25.114299 ], [ 110.028297, 25.114291 ], [ 110.028295, 25.114289 ], [ 110.028289, 25.114281 ], [ 110.028284, 25.114276 ], [ 110.02828, 25.114271 ], [ 110.028275, 25.114266 ], [ 110.028263, 25.114251 ], [ 110.02826, 25.114248 ], [ 110.028256, 25.114243 ], [ 110.028254, 25.114241 ], [ 110.02825, 25.114236 ], [ 110.028248, 25.114233 ], [ 110.028243, 25.114228 ], [ 110.028241, 25.114225 ], [ 110.028239, 25.114223 ], [ 110.028237, 25.11422 ], [ 110.028233, 25.114215 ], [ 110.028231, 25.114213 ], [ 110.028229, 25.11421 ], [ 110.028226, 25.114207 ], [ 110.028222, 25.114202 ], [ 110.02822, 25.1142 ], [ 110.028218, 25.114197 ], [ 110.028214, 25.114192 ], [ 110.028212, 25.114189 ], [ 110.028208, 25.114184 ], [ 110.028201, 25.114176 ], [ 110.028199, 25.114174 ], [ 110.028197, 25.114171 ], [ 110.028195, 25.114168 ], [ 110.028185, 25.114155 ], [ 110.028139, 25.114094 ], [ 110.028137, 25.114092 ], [ 110.028135, 25.114089 ], [ 110.028133, 25.114086 ], [ 110.028131, 25.114084 ], [ 110.028129, 25.114081 ], [ 110.028126, 25.114076 ], [ 110.028124, 25.114073 ], [ 110.028122, 25.11407 ], [ 110.028114, 25.11406 ], [ 110.028108, 25.114051 ], [ 110.028105, 25.114046 ], [ 110.028101, 25.114041 ], [ 110.028099, 25.114038 ], [ 110.028097, 25.114035 ], [ 110.028095, 25.114032 ], [ 110.028093, 25.11403 ], [ 110.028091, 25.114027 ], [ 110.028088, 25.114022 ], [ 110.028078, 25.114008 ], [ 110.028075, 25.114002 ], [ 110.028071, 25.113997 ], [ 110.028068, 25.113993 ], [ 110.028066, 25.11399 ], [ 110.028065, 25.113989 ], [ 110.028063, 25.113985 ], [ 110.02806, 25.113981 ], [ 110.028057, 25.113977 ], [ 110.028055, 25.113972 ], [ 110.028052, 25.113968 ], [ 110.028049, 25.113964 ], [ 110.028047, 25.11396 ], [ 110.028044, 25.113956 ], [ 110.028041, 25.113952 ], [ 110.028039, 25.113948 ], [ 110.028036, 25.113944 ], [ 110.028033, 25.11394 ], [ 110.028031, 25.113936 ], [ 110.028028, 25.113932 ], [ 110.028026, 25.113927 ], [ 110.028023, 25.113923 ], [ 110.028021, 25.113919 ], [ 110.028018, 25.113915 ], [ 110.028015, 25.113911 ], [ 110.028013, 25.113907 ], [ 110.02801, 25.113903 ], [ 110.028008, 25.113899 ], [ 110.028005, 25.113895 ], [ 110.028003, 25.113891 ], [ 110.028, 25.113886 ], [ 110.027998, 25.113882 ], [ 110.027995, 25.113878 ], [ 110.027993, 25.113874 ], [ 110.02799, 25.11387 ], [ 110.027988, 25.113866 ], [ 110.027986, 25.113864 ], [ 110.027985, 25.113862 ], [ 110.027983, 25.113858 ], [ 110.027982, 25.113856 ], [ 110.027936, 25.113827 ], [ 110.027898, 25.113804 ], [ 110.027756, 25.113719 ], [ 110.027736, 25.113708 ], [ 110.027299, 25.113484 ], [ 110.027298, 25.113482 ], [ 110.027276, 25.113459 ], [ 110.027197, 25.113429 ], [ 110.027087, 25.113345 ], [ 110.026542, 25.113144 ], [ 110.026388, 25.113135 ], [ 110.026319, 25.113121 ], [ 110.025318, 25.112915 ], [ 110.025272, 25.1129 ], [ 110.025165, 25.112866 ], [ 110.024869, 25.112825 ], [ 110.024545, 25.112781 ], [ 110.024541, 25.113107 ], [ 110.024542, 25.113452 ], [ 110.024547, 25.114672 ], [ 110.02455, 25.115176 ], [ 110.02455, 25.115209 ], [ 110.024557, 25.116814 ], [ 110.024557, 25.116984 ], [ 110.024944, 25.117028 ], [ 110.025076, 25.117044 ], [ 110.026282, 25.117182 ], [ 110.026418, 25.117199 ], [ 110.026554, 25.117219 ], [ 110.026689, 25.117243 ], [ 110.026689, 25.117243 ], [ 110.026823, 25.117271 ], [ 110.026956, 25.117301 ], [ 110.027088, 25.117335 ], [ 110.02722, 25.117372 ], [ 110.02735, 25.117412 ], [ 110.027479, 25.117455 ], [ 110.027479, 25.117455 ], [ 110.027606, 25.117502 ], [ 110.027732, 25.117552 ], [ 110.027857, 25.117604 ], [ 110.027857, 25.117604 ], [ 110.027995, 25.117667 ], [ 110.028131, 25.117734 ], [ 110.028135, 25.117736 ], [ 110.028155, 25.117746 ], [ 110.028198, 25.117768 ], [ 110.028221, 25.117781 ], [ 110.030929, 25.119223 ], [ 110.032441, 25.120029 ], [ 110.032576, 25.119869 ], [ 110.032716, 25.119711 ], [ 110.032716, 25.119711 ], [ 110.032861, 25.119558 ], [ 110.03301, 25.119408 ], [ 110.03301, 25.119408 ], [ 110.033163, 25.119262 ], [ 110.033321, 25.119119 ], [ 110.034131, 25.118409 ], [ 110.034118, 25.118244 ], [ 110.033615, 25.117914 ], [ 110.031073, 25.116246 ], [ 110.030608, 25.115941 ], [ 110.029097, 25.11495 ], [ 110.029093, 25.114947 ], [ 110.029089, 25.114945 ], [ 110.029088, 25.114944 ], [ 110.029085, 25.114942 ], [ 110.029081, 25.114939 ], [ 110.029077, 25.114937 ], [ 110.029073, 25.114934 ], [ 110.029069, 25.114931 ], [ 110.029065, 25.114929 ], [ 110.02906, 25.114926 ], [ 110.029058, 25.114925 ], [ 110.029056, 25.114923 ], [ 110.029052, 25.114921 ], [ 110.029048, 25.114918 ], [ 110.029044, 25.114915 ], [ 110.02904, 25.114913 ], [ 110.029036, 25.11491 ], [ 110.029032, 25.114907 ], [ 110.029028, 25.114905 ], [ 110.029026, 25.114903 ], [ 110.029024, 25.114902 ], [ 110.02902, 25.114899 ] ] ] } },
{ "type": "Feature", "properties": { "BSM": null, "DLBM": null, "DLMC": null, "图斑面积": 0.0, "坐落单位": null, "企业名称": "桂林桂柳现代食品有限公司", "行业代码": "C14", "行业名称": "食品制造业", "产值": 0.0, "行政区": "临桂苏桥", "用地性": "1001工业用地" }, "geometry": { "type": "Polygon", "coordinates": [ [ [ 110.019547, 25.113263 ], [ 110.019409, 25.113288 ], [ 110.019269, 25.113308 ], [ 110.019128, 25.113322 ], [ 110.019123, 25.113323 ], [ 110.019117, 25.113323 ], [ 110.019111, 25.113324 ], [ 110.019105, 25.113324 ], [ 110.019099, 25.113325 ], [ 110.019094, 25.113325 ], [ 110.019088, 25.113325 ], [ 110.019082, 25.113326 ], [ 110.019076, 25.113326 ], [ 110.01907, 25.113327 ], [ 110.019065, 25.113327 ], [ 110.019059, 25.113327 ], [ 110.019053, 25.113328 ], [ 110.019047, 25.113328 ], [ 110.019042, 25.113328 ], [ 110.019036, 25.113329 ], [ 110.01903, 25.113329 ], [ 110.019024, 25.113329 ], [ 110.019019, 25.113329 ], [ 110.019013, 25.11333 ], [ 110.019007, 25.11333 ], [ 110.019001, 25.11333 ], [ 110.018996, 25.113331 ], [ 110.01899, 25.113331 ], [ 110.018984, 25.113331 ], [ 110.018978, 25.113331 ], [ 110.018973, 25.113332 ], [ 110.018967, 25.113332 ], [ 110.018961, 25.113332 ], [ 110.018955, 25.113332 ], [ 110.01895, 25.113332 ], [ 110.018944, 25.113333 ], [ 110.018938, 25.113333 ], [ 110.018933, 25.113333 ], [ 110.018927, 25.113333 ], [ 110.018921, 25.113333 ], [ 110.018915, 25.113334 ], [ 110.01891, 25.113334 ], [ 110.018904, 25.113334 ], [ 110.018898, 25.113334 ], [ 110.018893, 25.113334 ], [ 110.018887, 25.113334 ], [ 110.018881, 25.113334 ], [ 110.018876, 25.113335 ], [ 110.01887, 25.113335 ], [ 110.018864, 25.113335 ], [ 110.018859, 25.113335 ], [ 110.018853, 25.113335 ], [ 110.018847, 25.113335 ], [ 110.018842, 25.113335 ], [ 110.018836, 25.113335 ], [ 110.01883, 25.113336 ], [ 110.018825, 25.113336 ], [ 110.018819, 25.113336 ], [ 110.018814, 25.113336 ], [ 110.018808, 25.113336 ], [ 110.018802, 25.113336 ], [ 110.018797, 25.113336 ], [ 110.018791, 25.113336 ], [ 110.018785, 25.113336 ], [ 110.01878, 25.113336 ], [ 110.018774, 25.113336 ], [ 110.018769, 25.113336 ], [ 110.018763, 25.113336 ], [ 110.018757, 25.113336 ], [ 110.018752, 25.113337 ], [ 110.018746, 25.113337 ], [ 110.018741, 25.113337 ], [ 110.018735, 25.113337 ], [ 110.018729, 25.113337 ], [ 110.018724, 25.113337 ], [ 110.018718, 25.113337 ], [ 110.018713, 25.113337 ], [ 110.018707, 25.113337 ], [ 110.018702, 25.113337 ], [ 110.018696, 25.113337 ], [ 110.018691, 25.113337 ], [ 110.018685, 25.113337 ], [ 110.018679, 25.113337 ], [ 110.018674, 25.113337 ], [ 110.018668, 25.113337 ], [ 110.018663, 25.113337 ], [ 110.018657, 25.113337 ], [ 110.018652, 25.113337 ], [ 110.018646, 25.113337 ], [ 110.018641, 25.113337 ], [ 110.018635, 25.113337 ], [ 110.01863, 25.113337 ], [ 110.018624, 25.113337 ], [ 110.018619, 25.113337 ], [ 110.018139, 25.113339 ], [ 110.018142, 25.113909 ], [ 110.018143, 25.114177 ], [ 110.018149, 25.115569 ], [ 110.01815, 25.115863 ], [ 110.017061, 25.115867 ], [ 110.016885, 25.115868 ], [ 110.016855, 25.115868 ], [ 110.016286, 25.11587 ], [ 110.015169, 25.115875 ], [ 110.015288, 25.11596 ], [ 110.015301, 25.11599 ], [ 110.015368, 25.116149 ], [ 110.015371, 25.116157 ], [ 110.01543, 25.116298 ], [ 110.015498, 25.116461 ], [ 110.015572, 25.116636 ], [ 110.015657, 25.116841 ], [ 110.015694, 25.116929 ], [ 110.015708, 25.116962 ], [ 110.015709, 25.116964 ], [ 110.015712, 25.116971 ], [ 110.015712, 25.116972 ], [ 110.015713, 25.116973 ], [ 110.015713, 25.116973 ], [ 110.015713, 25.116973 ], [ 110.015713, 25.116973 ], [ 110.015722, 25.116973 ], [ 110.015724, 25.116973 ], [ 110.015728, 25.116973 ], [ 110.015746, 25.116973 ], [ 110.01587, 25.116972 ], [ 110.016279, 25.116971 ], [ 110.017825, 25.116966 ], [ 110.019269, 25.11696 ], [ 110.019563, 25.116959 ], [ 110.019554, 25.11482 ], [ 110.019552, 25.114396 ], [ 110.01955, 25.113835 ], [ 110.019547, 25.113263 ] ] ] } },
{ "type": "Feature", "properties": { "BSM": null, "DLBM": null, "DLMC": null, "图斑面积": 0.0, "坐落单位": null, "企业名称": "规划用地", "行业代码": null, "行业名称": null, "产值": 0.0, "行政区": "临桂苏桥", "用地性": "1001工业用地" }, "geometry": { "type": "Polygon", "coordinates": [ [ [ 110.005578, 25.11539 ], [ 110.005274, 25.115223 ], [ 110.00368, 25.115604 ], [ 110.002334, 25.115926 ], [ 110.002071, 25.116295 ], [ 110.002022, 25.116364 ], [ 110.002037, 25.119986 ], [ 110.00204, 25.120682 ], [ 110.002044, 25.121788 ], [ 110.002094, 25.121831 ], [ 110.002141, 25.121871 ], [ 110.002367, 25.122067 ], [ 110.007123, 25.122051 ], [ 110.007359, 25.122047 ], [ 110.007589, 25.121758 ], [ 110.007361, 25.121043 ], [ 110.006246, 25.117545 ], [ 110.005747, 25.115981 ], [ 110.005578, 25.11539 ] ] ] } },
{ "type": "Feature", "properties": { "BSM": null, "DLBM": null, "DLMC": null, "图斑面积": 0.0, "坐落单位": null, "企业名称": "桂林盈海电子科技有限公司", "行业代码": "M75", "行业名称": "科技推广和应用服务业", "产值": 0.0, "行政区": "临桂苏桥", "用地性": "1001工业用地" }, "geometry": { "type": "Polygon", "coordinates": [ [ [ 110.012566, 25.113603 ], [ 110.010683, 25.114075 ], [ 110.010762, 25.114338 ], [ 110.010808, 25.114491 ], [ 110.010667, 25.114528 ], [ 110.010425, 25.114591 ], [ 110.010164, 25.11466 ], [ 110.010146, 25.114665 ], [ 110.010298, 25.115142 ], [ 110.010335, 25.115258 ], [ 110.011259, 25.118156 ], [ 110.012185, 25.121062 ], [ 110.0122, 25.121097 ], [ 110.0122, 25.121097 ], [ 110.012221, 25.121129 ], [ 110.012247, 25.121158 ], [ 110.012247, 25.121158 ], [ 110.012278, 25.121182 ], [ 110.012278, 25.121182 ], [ 110.012312, 25.121201 ], [ 110.012312, 25.121201 ], [ 110.01235, 25.121215 ], [ 110.01235, 25.121215 ], [ 110.01239, 25.121223 ], [ 110.01239, 25.121223 ], [ 110.012431, 25.121225 ], [ 110.012431, 25.121225 ], [ 110.012471, 25.121221 ], [ 110.013137, 25.121101 ], [ 110.013353, 25.121063 ], [ 110.016064, 25.120576 ], [ 110.016193, 25.120381 ], [ 110.016107, 25.120232 ], [ 110.016024, 25.120081 ], [ 110.015945, 25.119929 ], [ 110.014565, 25.117178 ], [ 110.013052, 25.11416 ], [ 110.012981, 25.114025 ], [ 110.012908, 25.11389 ], [ 110.012887, 25.113853 ], [ 110.012832, 25.113757 ], [ 110.012767, 25.113646 ], [ 110.012566, 25.113603 ] ] ] } },
{ "type": "Feature", "properties": { "BSM": null, "DLBM": null, "DLMC": null, "图斑面积": 0.0, "坐落单位": null, "企业名称": "桂林比亚迪苏桥工业园", "行业代码": "C36", "行业名称": "汽车制造业", "产值": 0.0, "行政区": "临桂苏桥", "用地性": "1001工业用地" }, "geometry": { "type": "Polygon", "coordinates": [ [ [ 110.008368, 25.109347 ], [ 110.008352, 25.10914 ], [ 110.007888, 25.109142 ], [ 110.005539, 25.109153 ], [ 110.00529, 25.109154 ], [ 110.005072, 25.109155 ], [ 110.005094, 25.109353 ], [ 110.00516, 25.109953 ], [ 110.005607, 25.113999 ], [ 110.005675, 25.114495 ], [ 110.005983, 25.11468 ], [ 110.009625, 25.113809 ], [ 110.008659, 25.110778 ], [ 110.008598, 25.110577 ], [ 110.008598, 25.110577 ], [ 110.008544, 25.110375 ], [ 110.008544, 25.110374 ], [ 110.008496, 25.110171 ], [ 110.008496, 25.11017 ], [ 110.008455, 25.109967 ], [ 110.008454, 25.109966 ], [ 110.008419, 25.109761 ], [ 110.008419, 25.10976 ], [ 110.008391, 25.109554 ], [ 110.008391, 25.109554 ], [ 110.008368, 25.109347 ], [ 110.008368, 25.109347 ] ] ] } },
{ "type": "Feature", "properties": { "BSM": null, "DLBM": null, "DLMC": null, "图斑面积": 0.0, "坐落单位": null, "企业名称": "规划用地", "行业代码": null, "行业名称": null, "产值": 0.0, "行政区": "临桂苏桥", "用地性": "1001工业用地" }, "geometry": { "type": "Polygon", "coordinates": [ [ [ 110.004407, 25.104854 ], [ 110.002304, 25.104803 ], [ 110.001976, 25.105122 ], [ 110.002007, 25.112636 ], [ 110.002018, 25.115259 ], [ 110.002331, 25.115553 ], [ 110.005231, 25.11486 ], [ 110.005413, 25.114607 ], [ 110.005331, 25.114024 ], [ 110.004506, 25.106559 ], [ 110.004478, 25.106276 ], [ 110.004472, 25.106219 ], [ 110.004472, 25.106218 ], [ 110.004463, 25.106099 ], [ 110.004459, 25.106049 ], [ 110.004454, 25.105993 ], [ 110.004454, 25.105991 ], [ 110.004451, 25.105954 ], [ 110.004445, 25.105878 ], [ 110.004445, 25.105878 ], [ 110.004441, 25.105801 ], [ 110.00443, 25.105614 ], [ 110.004425, 25.105537 ], [ 110.004425, 25.105537 ], [ 110.004423, 25.105461 ], [ 110.00442, 25.105424 ], [ 110.00442, 25.105422 ], [ 110.004419, 25.105366 ], [ 110.004417, 25.105314 ], [ 110.004412, 25.105196 ], [ 110.004412, 25.105195 ], [ 110.004411, 25.105138 ], [ 110.004407, 25.104854 ] ] ] } },
{ "type": "Feature", "properties": { "BSM": null, "DLBM": null, "DLMC": null, "图斑面积": 0.0, "坐落单位": null, "企业名称": "华力重工机械公司", "行业代码": "C35", "行业名称": "专用设备制造业", "产值": 0.0, "行政区": "临桂苏桥", "用地性": "1001工业用地" }, "geometry": { "type": "Polygon", "coordinates": [ [ [ 110.008319, 25.104948 ], [ 110.004684, 25.104861 ], [ 110.004689, 25.10514 ], [ 110.004698, 25.105419 ], [ 110.004698, 25.105419 ], [ 110.004712, 25.105698 ], [ 110.004731, 25.105977 ], [ 110.004731, 25.105977 ], [ 110.004754, 25.106256 ], [ 110.004783, 25.106534 ], [ 110.005044, 25.108903 ], [ 110.008342, 25.108887 ], [ 110.00834, 25.108771 ], [ 110.008319, 25.104948 ] ] ] } },
{ "type": "Feature", "properties": { "BSM": null, "DLBM": null, "DLMC": null, "图斑面积": 0.0, "坐落单位": null, "企业名称": "规划用地", "行业代码": null, "行业名称": null, "产值": 0.0, "行政区": "临桂苏桥", "用地性": "1001工业用地" }, "geometry": { "type": "Polygon", "coordinates": [ [ [ 110.020214, 25.096711 ], [ 110.020173, 25.09672 ], [ 110.020132, 25.096728 ], [ 110.020111, 25.096732 ], [ 110.019967, 25.096759 ], [ 110.019946, 25.096762 ], [ 110.019904, 25.096769 ], [ 110.019883, 25.096773 ], [ 110.016907, 25.097246 ], [ 110.016762, 25.097267 ], [ 110.016721, 25.097273 ], [ 110.01672, 25.097273 ], [ 110.016617, 25.097285 ], [ 110.016534, 25.097294 ], [ 110.016533, 25.097294 ], [ 110.016347, 25.097311 ], [ 110.016346, 25.097311 ], [ 110.016345, 25.097311 ], [ 110.016178, 25.097321 ], [ 110.016157, 25.097322 ], [ 110.016157, 25.097322 ], [ 110.016052, 25.097326 ], [ 110.015969, 25.097327 ], [ 110.015968, 25.097327 ], [ 110.015955, 25.097328 ], [ 110.01578, 25.097328 ], [ 110.01213, 25.097284 ], [ 110.011917, 25.09745 ], [ 110.011883, 25.097476 ], [ 110.011915, 25.09771 ], [ 110.012219, 25.099918 ], [ 110.012236, 25.100048 ], [ 110.012249, 25.100178 ], [ 110.01226, 25.100308 ], [ 110.012269, 25.100471 ], [ 110.012274, 25.100634 ], [ 110.012274, 25.100796 ], [ 110.01227, 25.100959 ], [ 110.012262, 25.101122 ], [ 110.012249, 25.101284 ], [ 110.011977, 25.104158 ], [ 110.012363, 25.104503 ], [ 110.014486, 25.104554 ], [ 110.01449, 25.104419 ], [ 110.014498, 25.104132 ], [ 110.014534, 25.102906 ], [ 110.014782, 25.102908 ], [ 110.015703, 25.102915 ], [ 110.015692, 25.104074 ], [ 110.015688, 25.104448 ], [ 110.015684, 25.104583 ], [ 110.015691, 25.104583 ], [ 110.015705, 25.104584 ], [ 110.020155, 25.10469 ], [ 110.020214, 25.096711 ] ] ] } },
{ "type": "Feature", "properties": { "BSM": null, "DLBM": null, "DLMC": null, "图斑面积": 0.0, "坐落单位": null, "企业名称": "规划用地", "行业代码": null, "行业名称": null, "产值": 0.0, "行政区": "临桂苏桥", "用地性": "1001工业用地" }, "geometry": { "type": "Polygon", "coordinates": [ [ [ 110.023865, 25.098349 ], [ 110.023873, 25.097845 ], [ 110.023883, 25.097341 ], [ 110.023894, 25.096837 ], [ 110.023906, 25.096334 ], [ 110.02392, 25.09583 ], [ 110.023922, 25.095781 ], [ 110.023684, 25.095626 ], [ 110.020874, 25.096535 ], [ 110.020492, 25.096646 ], [ 110.02048, 25.098271 ], [ 110.023296, 25.098261 ], [ 110.023401, 25.098264 ], [ 110.023401, 25.098264 ], [ 110.023507, 25.098274 ], [ 110.023611, 25.098289 ], [ 110.023611, 25.098289 ], [ 110.023714, 25.098311 ], [ 110.023865, 25.098349 ] ] ] } },
{ "type": "Feature", "properties": { "BSM": null, "DLBM": null, "DLMC": null, "图斑面积": 0.0, "坐落单位": null, "企业名称": "规划用地", "行业代码": null, "行业名称": null, "产值": 0.0, "行政区": "临桂苏桥", "用地性": "1001工业用地" }, "geometry": { "type": "Polygon", "coordinates": [ [ [ 110.023296, 25.098424 ], [ 110.020479, 25.098434 ], [ 110.020433, 25.104697 ], [ 110.023535, 25.104771 ], [ 110.023863, 25.104482 ], [ 110.02385, 25.101378 ], [ 110.023849, 25.100663 ], [ 110.02385, 25.099947 ], [ 110.023855, 25.099232 ], [ 110.023863, 25.098516 ], [ 110.023667, 25.098468 ], [ 110.023576, 25.098449 ], [ 110.023484, 25.098435 ], [ 110.02339, 25.098426 ], [ 110.023296, 25.098424 ] ] ] } },
{ "type": "Feature", "properties": { "BSM": null, "DLBM": null, "DLMC": null, "图斑面积": 0.0, "坐落单位": null, "企业名称": "桂林市新美环保科技有限公司", "行业代码": "C26", "行业名称": "化学原料和化学制品制造业", "产值": 0.0, "行政区": "临桂苏桥", "用地性": "1001工业用地" }, "geometry": { "type": "Polygon", "coordinates": [ [ [ 110.028706, 25.093763 ], [ 110.028557, 25.093772 ], [ 110.028409, 25.093788 ], [ 110.028262, 25.093812 ], [ 110.028116, 25.093842 ], [ 110.027973, 25.093879 ], [ 110.027832, 25.093923 ], [ 110.027693, 25.093973 ], [ 110.027558, 25.094031 ], [ 110.026084, 25.094764 ], [ 110.025919, 25.094843 ], [ 110.025886, 25.094859 ], [ 110.025885, 25.094859 ], [ 110.025815, 25.09489 ], [ 110.025785, 25.094904 ], [ 110.025752, 25.094919 ], [ 110.025751, 25.09492 ], [ 110.025728, 25.094929 ], [ 110.025684, 25.094948 ], [ 110.025683, 25.094949 ], [ 110.025637, 25.094967 ], [ 110.025525, 25.095013 ], [ 110.025479, 25.095032 ], [ 110.025478, 25.095032 ], [ 110.025432, 25.095049 ], [ 110.02541, 25.095058 ], [ 110.025409, 25.095059 ], [ 110.025374, 25.095071 ], [ 110.025344, 25.095082 ], [ 110.025271, 25.095109 ], [ 110.025271, 25.09511 ], [ 110.025235, 25.095122 ], [ 110.02506, 25.095181 ], [ 110.024786, 25.09527 ], [ 110.02447, 25.095673 ], [ 110.024465, 25.095843 ], [ 110.02445, 25.096368 ], [ 110.024438, 25.096892 ], [ 110.024426, 25.097417 ], [ 110.024417, 25.097942 ], [ 110.024409, 25.098466 ], [ 110.024563, 25.098474 ], [ 110.030764, 25.098448 ], [ 110.03086, 25.098445 ], [ 110.030956, 25.098436 ], [ 110.030956, 25.098436 ], [ 110.031051, 25.09842 ], [ 110.031144, 25.098399 ], [ 110.031394, 25.098333 ], [ 110.031501, 25.098309 ], [ 110.031609, 25.098292 ], [ 110.031718, 25.098281 ], [ 110.031827, 25.098277 ], [ 110.032833, 25.098276 ], [ 110.031839, 25.094074 ], [ 110.031648, 25.093924 ], [ 110.029004, 25.093767 ], [ 110.028855, 25.093761 ], [ 110.028706, 25.093763 ] ] ] } },
{ "type": "Feature", "properties": { "BSM": null, "DLBM": null, "DLMC": null, "图斑面积": 0.0, "坐落单位": null, "企业名称": "龙腾木业", "行业代码": "C20", "行业名称": "木材加工和木、竹、藤、棕、草制品", "产值": 0.0, "行政区": "临桂苏桥", "用地性": "1001工业用地" }, "geometry": { "type": "Polygon", "coordinates": [ [ [ 110.039601, 25.100651 ], [ 110.0396, 25.100637 ], [ 110.0396, 25.100628 ], [ 110.039596, 25.100583 ], [ 110.039575, 25.100359 ], [ 110.03954, 25.100281 ], [ 110.039451, 25.100204 ], [ 110.039156, 25.099929 ], [ 110.03891, 25.099722 ], [ 110.038582, 25.099718 ], [ 110.038531, 25.09948 ], [ 110.038523, 25.099427 ], [ 110.039085, 25.099396 ], [ 110.039173, 25.097758 ], [ 110.041163, 25.097761 ], [ 110.041133, 25.095026 ], [ 110.037743, 25.094998 ], [ 110.037648, 25.100658 ], [ 110.039601, 25.100651 ] ] ] } },
{ "type": "Feature", "properties": { "BSM": null, "DLBM": null, "DLMC": null, "图斑面积": 0.0, "坐落单位": null, "企业名称": "规划用地", "行业代码": null, "行业名称": null, "产值": 0.0, "行政区": "临桂苏桥", "用地性": "1001工业用地" }, "geometry": { "type": "Polygon", "coordinates": [ [ [ 110.034891, 25.097012 ], [ 110.034911, 25.097012 ], [ 110.035, 25.097015 ], [ 110.035199, 25.09702 ], [ 110.035296, 25.097022 ], [ 110.035913, 25.097032 ], [ 110.037266, 25.097053 ], [ 110.03749, 25.097057 ], [ 110.03751, 25.097057 ], [ 110.037545, 25.094997 ], [ 110.034433, 25.094972 ], [ 110.034891, 25.097012 ] ] ] } },
{ "type": "Feature", "properties": { "BSM": null, "DLBM": null, "DLMC": null, "图斑面积": 0.0, "坐落单位": null, "企业名称": "规划用地", "行业代码": null, "行业名称": null, "产值": 0.0, "行政区": "临桂苏桥", "用地性": "1001工业用地" }, "geometry": { "type": "Polygon", "coordinates": [ [ [ 110.037541, 25.09478 ], [ 110.037525, 25.091083 ], [ 110.034735, 25.091113 ], [ 110.034731, 25.091113 ], [ 110.034728, 25.091113 ], [ 110.034727, 25.091113 ], [ 110.034722, 25.091113 ], [ 110.034718, 25.091113 ], [ 110.034714, 25.091113 ], [ 110.034709, 25.091113 ], [ 110.034705, 25.091113 ], [ 110.0347, 25.091113 ], [ 110.034698, 25.091114 ], [ 110.034696, 25.091114 ], [ 110.034664, 25.091114 ], [ 110.034629, 25.091115 ], [ 110.034595, 25.091116 ], [ 110.034562, 25.091117 ], [ 110.034528, 25.091119 ], [ 110.034496, 25.091122 ], [ 110.034463, 25.091125 ], [ 110.034431, 25.091129 ], [ 110.0344, 25.091134 ], [ 110.034371, 25.09114 ], [ 110.034308, 25.091156 ], [ 110.034246, 25.091177 ], [ 110.034246, 25.091177 ], [ 110.034186, 25.091203 ], [ 110.034129, 25.091233 ], [ 110.034129, 25.091233 ], [ 110.034074, 25.091267 ], [ 110.034023, 25.091305 ], [ 110.034023, 25.091305 ], [ 110.033976, 25.091347 ], [ 110.033932, 25.091392 ], [ 110.033932, 25.091392 ], [ 110.033893, 25.091441 ], [ 110.033858, 25.091492 ], [ 110.033858, 25.091492 ], [ 110.033828, 25.091545 ], [ 110.033803, 25.091601 ], [ 110.033803, 25.091601 ], [ 110.033783, 25.091658 ], [ 110.033768, 25.091717 ], [ 110.033768, 25.091717 ], [ 110.033758, 25.091777 ], [ 110.033754, 25.091837 ], [ 110.033754, 25.091863 ], [ 110.033756, 25.091892 ], [ 110.033758, 25.091922 ], [ 110.033761, 25.091951 ], [ 110.033765, 25.091981 ], [ 110.03377, 25.092011 ], [ 110.033776, 25.092041 ], [ 110.033782, 25.092072 ], [ 110.033788, 25.092102 ], [ 110.033795, 25.092131 ], [ 110.033795, 25.092133 ], [ 110.033796, 25.092135 ], [ 110.033797, 25.092139 ], [ 110.033797, 25.092143 ], [ 110.033798, 25.092147 ], [ 110.033799, 25.092151 ], [ 110.0338, 25.092155 ], [ 110.033801, 25.092159 ], [ 110.033801, 25.092161 ], [ 110.033802, 25.092163 ], [ 110.033803, 25.092167 ], [ 110.034384, 25.094754 ], [ 110.037541, 25.09478 ] ] ] } },
{ "type": "Feature", "properties": { "BSM": null, "DLBM": null, "DLMC": null, "图斑面积": 0.0, "坐落单位": null, "企业名称": "桂林金美印刷包装有限公司", "行业代码": "C23", "行业名称": "印刷和记录媒介复制业", "产值": 0.0, "行政区": "临桂苏桥", "用地性": "1001工业用地" }, "geometry": { "type": "Polygon", "coordinates": [ [ [ 110.041092, 25.091244 ], [ 110.040871, 25.091047 ], [ 110.037723, 25.091081 ], [ 110.03774, 25.094782 ], [ 110.041131, 25.094809 ], [ 110.041092, 25.091244 ] ] ] } },
{ "type": "Feature", "properties": { "BSM": null, "DLBM": null, "DLMC": null, "图斑面积": 0.0, "坐落单位": null, "企业名称": "桂林永福福寿米业有限公司", "行业代码": "C13", "行业名称": "农副食品加工业", "产值": 0.0, "行政区": "临桂苏桥", "用地性": "1001工业用地" }, "geometry": { "type": "Polygon", "coordinates": [ [ [ 110.041199, 25.101117 ], [ 110.040926, 25.100872 ], [ 110.038564, 25.10088 ], [ 110.038583, 25.10513 ], [ 110.040936, 25.105186 ], [ 110.041241, 25.104913 ], [ 110.041199, 25.101117 ] ] ] } },
{ "type": "Feature", "properties": { "BSM": null, "DLBM": null, "DLMC": null, "图斑面积": 0.0, "坐落单位": null, "企业名称": "广西传来特种设备制造有限公司", "行业代码": "C33", "行业名称": "金属制品业", "产值": 0.0, "行政区": "临桂苏桥", "用地性": "1001工业用地" }, "geometry": { "type": "Polygon", "coordinates": [ [ [ 110.044775, 25.108643 ], [ 110.044799, 25.108625 ], [ 110.044832, 25.1086 ], [ 110.044868, 25.108337 ], [ 110.044683, 25.108323 ], [ 110.044719, 25.107972 ], [ 110.044453, 25.10795 ], [ 110.044471, 25.107562 ], [ 110.04457, 25.107545 ], [ 110.044491, 25.107406 ], [ 110.044186, 25.107396 ], [ 110.044125, 25.107396 ], [ 110.044064, 25.107401 ], [ 110.044064, 25.107401 ], [ 110.044003, 25.107411 ], [ 110.043944, 25.107425 ], [ 110.043944, 25.107425 ], [ 110.043886, 25.107444 ], [ 110.04383, 25.107467 ], [ 110.04383, 25.107467 ], [ 110.043776, 25.107494 ], [ 110.043725, 25.107525 ], [ 110.043725, 25.107525 ], [ 110.043677, 25.10756 ], [ 110.043633, 25.107599 ], [ 110.043187, 25.108018 ], [ 110.043082, 25.108117 ], [ 110.042944, 25.108246 ], [ 110.042822, 25.108368 ], [ 110.042898, 25.10842 ], [ 110.042977, 25.108467 ], [ 110.04306, 25.108508 ], [ 110.043145, 25.108545 ], [ 110.043145, 25.108545 ], [ 110.043233, 25.108576 ], [ 110.043323, 25.108601 ], [ 110.043324, 25.108602 ], [ 110.043415, 25.108621 ], [ 110.043508, 25.108636 ], [ 110.043509, 25.108636 ], [ 110.043603, 25.108644 ], [ 110.043697, 25.108647 ], [ 110.044004, 25.108646 ], [ 110.044775, 25.108643 ] ] ] } },
{ "type": "Feature", "properties": { "BSM": null, "DLBM": null, "DLMC": null, "图斑面积": 0.0, "坐落单位": null, "企业名称": "规划用地", "行业代码": null, "行业名称": null, "产值": 0.0, "行政区": "临桂苏桥", "用地性": "1001工业用地" }, "geometry": { "type": "Polygon", "coordinates": [ [ [ 110.047096, 25.113758 ], [ 110.045593, 25.113748 ], [ 110.045586, 25.114597 ], [ 110.047089, 25.114606 ], [ 110.047096, 25.113758 ] ] ] } },
{ "type": "Feature", "properties": { "BSM": null, "DLBM": null, "DLMC": null, "图斑面积": 0.0, "坐落单位": null, "企业名称": "规划用地", "行业代码": null, "行业名称": null, "产值": 0.0, "行政区": "临桂苏桥", "用地性": "1001工业用地" }, "geometry": { "type": "Polygon", "coordinates": [ [ [ 110.060765, 25.108873 ], [ 110.059983, 25.108065 ], [ 110.059929, 25.108109 ], [ 110.059339, 25.108592 ], [ 110.058621, 25.108031 ], [ 110.058553, 25.108102 ], [ 110.058551, 25.108101 ], [ 110.057338, 25.107097 ], [ 110.056392, 25.108917 ], [ 110.05639, 25.108921 ], [ 110.056388, 25.108924 ], [ 110.056388, 25.108925 ], [ 110.056386, 25.108929 ], [ 110.056383, 25.108933 ], [ 110.056381, 25.108937 ], [ 110.056379, 25.108942 ], [ 110.056377, 25.108946 ], [ 110.056375, 25.10895 ], [ 110.056374, 25.108952 ], [ 110.056373, 25.108954 ], [ 110.056371, 25.108958 ], [ 110.056369, 25.108962 ], [ 110.056367, 25.108966 ], [ 110.056364, 25.10897 ], [ 110.056362, 25.108974 ], [ 110.05636, 25.108978 ], [ 110.056358, 25.108982 ], [ 110.056357, 25.108984 ], [ 110.056356, 25.108986 ], [ 110.056354, 25.10899 ], [ 110.056344, 25.10901 ], [ 110.056341, 25.109015 ], [ 110.05634, 25.109017 ], [ 110.056339, 25.109019 ], [ 110.056325, 25.109047 ], [ 110.056324, 25.109049 ], [ 110.056323, 25.109051 ], [ 110.056309, 25.109079 ], [ 110.056308, 25.109081 ], [ 110.056292, 25.109113 ], [ 110.056276, 25.109145 ], [ 110.05626, 25.109177 ], [ 110.056245, 25.10921 ], [ 110.05623, 25.109242 ], [ 110.056217, 25.109271 ], [ 110.056178, 25.109364 ], [ 110.056143, 25.109459 ], [ 110.056111, 25.109554 ], [ 110.056111, 25.109554 ], [ 110.056082, 25.10965 ], [ 110.056057, 25.109747 ], [ 110.056035, 25.109845 ], [ 110.056035, 25.109845 ], [ 110.056017, 25.109943 ], [ 110.056003, 25.110042 ], [ 110.055992, 25.110141 ], [ 110.055992, 25.110141 ], [ 110.055985, 25.110241 ], [ 110.055981, 25.110341 ], [ 110.055981, 25.11044 ], [ 110.055981, 25.11044 ], [ 110.055984, 25.11054 ], [ 110.055991, 25.110639 ], [ 110.056002, 25.110739 ], [ 110.056002, 25.110739 ], [ 110.056016, 25.110837 ], [ 110.056034, 25.110936 ], [ 110.056055, 25.111034 ], [ 110.056055, 25.111034 ], [ 110.05608, 25.111131 ], [ 110.056108, 25.111227 ], [ 110.05614, 25.111322 ], [ 110.05614, 25.111323 ], [ 110.056175, 25.111417 ], [ 110.056214, 25.11151 ], [ 110.056255, 25.111602 ], [ 110.056255, 25.111602 ], [ 110.056301, 25.111693 ], [ 110.056349, 25.111783 ], [ 110.056401, 25.11187 ], [ 110.056727, 25.111646 ], [ 110.056904, 25.111525 ], [ 110.060159, 25.109289 ], [ 110.060765, 25.108873 ] ] ] } },
{ "type": "Feature", "properties": { "BSM": null, "DLBM": null, "DLMC": null, "图斑面积": 0.0, "坐落单位": null, "企业名称": "规划用地", "行业代码": null, "行业名称": null, "产值": 0.0, "行政区": "临桂苏桥", "用地性": "1001工业用地" }, "geometry": { "type": "Polygon", "coordinates": [ [ [ 110.07199, 25.116654 ], [ 110.071873, 25.116534 ], [ 110.071739, 25.116641 ], [ 110.070117, 25.117943 ], [ 110.072029, 25.120284 ], [ 110.072407, 25.120337 ], [ 110.075134, 25.118668 ], [ 110.073407, 25.117722 ], [ 110.073245, 25.117629 ], [ 110.073233, 25.117623 ], [ 110.073233, 25.117623 ], [ 110.073219, 25.117614 ], [ 110.073088, 25.117534 ], [ 110.073063, 25.117519 ], [ 110.073063, 25.117518 ], [ 110.073033, 25.117499 ], [ 110.073022, 25.117492 ], [ 110.073021, 25.117492 ], [ 110.073004, 25.11748 ], [ 110.072959, 25.11745 ], [ 110.072897, 25.117409 ], [ 110.072835, 25.117366 ], [ 110.072793, 25.117336 ], [ 110.072734, 25.117295 ], [ 110.072734, 25.117295 ], [ 110.072673, 25.117249 ], [ 110.072655, 25.117236 ], [ 110.072655, 25.117236 ], [ 110.072638, 25.117222 ], [ 110.072576, 25.117176 ], [ 110.072576, 25.117176 ], [ 110.072516, 25.117127 ], [ 110.072483, 25.117101 ], [ 110.072423, 25.117052 ], [ 110.072367, 25.117004 ], [ 110.072327, 25.11697 ], [ 110.072311, 25.116957 ], [ 110.07231, 25.116956 ], [ 110.072301, 25.116947 ], [ 110.072274, 25.116924 ], [ 110.072273, 25.116924 ], [ 110.072252, 25.116904 ], [ 110.072141, 25.116802 ], [ 110.07213, 25.116791 ], [ 110.072129, 25.116791 ], [ 110.07212, 25.116782 ], [ 110.07199, 25.116654 ] ] ] } },
{ "type": "Feature", "properties": { "BSM": null, "DLBM": null, "DLMC": null, "图斑面积": 0.0, "坐落单位": null, "企业名称": "规划用地", "行业代码": null, "行业名称": null, "产值": 0.0, "行政区": "临桂苏桥", "用地性": "1001工业用地" }, "geometry": { "type": "Polygon", "coordinates": [ [ [ 110.077771, 25.113489 ], [ 110.07731, 25.113246 ], [ 110.077289, 25.113258 ], [ 110.076873, 25.113514 ], [ 110.076791, 25.113564 ], [ 110.075113, 25.114595 ], [ 110.073814, 25.115394 ], [ 110.072846, 25.115989 ], [ 110.072946, 25.116089 ], [ 110.073049, 25.116186 ], [ 110.073155, 25.116282 ], [ 110.073264, 25.116374 ], [ 110.073375, 25.116464 ], [ 110.073489, 25.116552 ], [ 110.073605, 25.116636 ], [ 110.073724, 25.116718 ], [ 110.073844, 25.116797 ], [ 110.073968, 25.116873 ], [ 110.074093, 25.116946 ], [ 110.07422, 25.117016 ], [ 110.075882, 25.117906 ], [ 110.076123, 25.118035 ], [ 110.076595, 25.117706 ], [ 110.076599, 25.117703 ], [ 110.076603, 25.117701 ], [ 110.076606, 25.117699 ], [ 110.076607, 25.117698 ], [ 110.076611, 25.117695 ], [ 110.076615, 25.117692 ], [ 110.076619, 25.11769 ], [ 110.076623, 25.117687 ], [ 110.076627, 25.117684 ], [ 110.076631, 25.117681 ], [ 110.076635, 25.117679 ], [ 110.076637, 25.117677 ], [ 110.076639, 25.117676 ], [ 110.076643, 25.117673 ], [ 110.076647, 25.11767 ], [ 110.076651, 25.117668 ], [ 110.076655, 25.117665 ], [ 110.076659, 25.117662 ], [ 110.076663, 25.117659 ], [ 110.076666, 25.117657 ], [ 110.076668, 25.117655 ], [ 110.07667, 25.117654 ], [ 110.076674, 25.117651 ], [ 110.076678, 25.117648 ], [ 110.076682, 25.117646 ], [ 110.076686, 25.117643 ], [ 110.07669, 25.11764 ], [ 110.076694, 25.117637 ], [ 110.076698, 25.117635 ], [ 110.0767, 25.117633 ], [ 110.076702, 25.117632 ], [ 110.076706, 25.117629 ], [ 110.07671, 25.117626 ], [ 110.076714, 25.117624 ], [ 110.076718, 25.117621 ], [ 110.076722, 25.117618 ], [ 110.076726, 25.117615 ], [ 110.07673, 25.117613 ], [ 110.076732, 25.117611 ], [ 110.076734, 25.11761 ], [ 110.076738, 25.117607 ], [ 110.076742, 25.117604 ], [ 110.076746, 25.117602 ], [ 110.07675, 25.117599 ], [ 110.076754, 25.117596 ], [ 110.076758, 25.117594 ], [ 110.076762, 25.117591 ], [ 110.076764, 25.117589 ], [ 110.076766, 25.117588 ], [ 110.07677, 25.117585 ], [ 110.076774, 25.117583 ], [ 110.076778, 25.11758 ], [ 110.076782, 25.117577 ], [ 110.076786, 25.117574 ], [ 110.07679, 25.117572 ], [ 110.076794, 25.117569 ], [ 110.076796, 25.117567 ], [ 110.076798, 25.117566 ], [ 110.076802, 25.117563 ], [ 110.076806, 25.117561 ], [ 110.07681, 25.117558 ], [ 110.076814, 25.117555 ], [ 110.076818, 25.117552 ], [ 110.076822, 25.11755 ], [ 110.076827, 25.117547 ], [ 110.076829, 25.117546 ], [ 110.076831, 25.117544 ], [ 110.076835, 25.117542 ], [ 110.076839, 25.117539 ], [ 110.076843, 25.117536 ], [ 110.076847, 25.117533 ], [ 110.076851, 25.117531 ], [ 110.076855, 25.117528 ], [ 110.076859, 25.117525 ], [ 110.076861, 25.117524 ], [ 110.076863, 25.117522 ], [ 110.076867, 25.11752 ], [ 110.076888, 25.117506 ], [ 110.076892, 25.117503 ], [ 110.076894, 25.117502 ], [ 110.076896, 25.117501 ], [ 110.0769, 25.117498 ], [ 110.076904, 25.117495 ], [ 110.076908, 25.117493 ], [ 110.076912, 25.11749 ], [ 110.076916, 25.117487 ], [ 110.076918, 25.117486 ], [ 110.07692, 25.117485 ], [ 110.076925, 25.117482 ], [ 110.076929, 25.117479 ], [ 110.076933, 25.117477 ], [ 110.076937, 25.117474 ], [ 110.076941, 25.117471 ], [ 110.076945, 25.117469 ], [ 110.076945, 25.117468 ], [ 110.076946, 25.117468 ], [ 110.077114, 25.117363 ], [ 110.077115, 25.117363 ], [ 110.077287, 25.117263 ], [ 110.077464, 25.117168 ], [ 110.077464, 25.117168 ], [ 110.077643, 25.117079 ], [ 110.077827, 25.116994 ], [ 110.077827, 25.116994 ], [ 110.078012, 25.116916 ], [ 110.078012, 25.116916 ], [ 110.078016, 25.116914 ], [ 110.07804, 25.116905 ], [ 110.078044, 25.116903 ], [ 110.078047, 25.116902 ], [ 110.078049, 25.116901 ], [ 110.078054, 25.116899 ], [ 110.078077, 25.11689 ], [ 110.078082, 25.116888 ], [ 110.078084, 25.116888 ], [ 110.078086, 25.116887 ], [ 110.078091, 25.116885 ], [ 110.078095, 25.116883 ], [ 110.0781, 25.116881 ], [ 110.078105, 25.116879 ], [ 110.078109, 25.116878 ], [ 110.078114, 25.116876 ], [ 110.078119, 25.116874 ], [ 110.078121, 25.116873 ], [ 110.078123, 25.116872 ], [ 110.078128, 25.11687 ], [ 110.078133, 25.116869 ], [ 110.078137, 25.116867 ], [ 110.078142, 25.116865 ], [ 110.078147, 25.116863 ], [ 110.078151, 25.116862 ], [ 110.078156, 25.11686 ], [ 110.078161, 25.116858 ], [ 110.078165, 25.116856 ], [ 110.07817, 25.116855 ], [ 110.078174, 25.116853 ], [ 110.078179, 25.116851 ], [ 110.078184, 25.116849 ], [ 110.078188, 25.116847 ], [ 110.078191, 25.116847 ], [ 110.078193, 25.116846 ], [ 110.078198, 25.116844 ], [ 110.078202, 25.116842 ], [ 110.078207, 25.116841 ], [ 110.078212, 25.116839 ], [ 110.078216, 25.116837 ], [ 110.078221, 25.116835 ], [ 110.078226, 25.116834 ], [ 110.078228, 25.116833 ], [ 110.07823, 25.116832 ], [ 110.078235, 25.11683 ], [ 110.078239, 25.116828 ], [ 110.078244, 25.116827 ], [ 110.078249, 25.116825 ], [ 110.078253, 25.116823 ], [ 110.078258, 25.116822 ], [ 110.078263, 25.11682 ], [ 110.078265, 25.116819 ], [ 110.078267, 25.116818 ], [ 110.078272, 25.116816 ], [ 110.078277, 25.116815 ], [ 110.078281, 25.116813 ], [ 110.078286, 25.116811 ], [ 110.07829, 25.11681 ], [ 110.078295, 25.116808 ], [ 110.0783, 25.116806 ], [ 110.078302, 25.116805 ], [ 110.078304, 25.116804 ], [ 110.078309, 25.116803 ], [ 110.078314, 25.116801 ], [ 110.078318, 25.116799 ], [ 110.078323, 25.116798 ], [ 110.078327, 25.116796 ], [ 110.078332, 25.116794 ], [ 110.078337, 25.116793 ], [ 110.078339, 25.116792 ], [ 110.078341, 25.116791 ], [ 110.078346, 25.116789 ], [ 110.078351, 25.116787 ], [ 110.078355, 25.116786 ], [ 110.07836, 25.116784 ], [ 110.078364, 25.116782 ], [ 110.078369, 25.116781 ], [ 110.07837, 25.116781 ], [ 110.078376, 25.116778 ], [ 110.07841, 25.116766 ], [ 110.07874, 25.116646 ], [ 110.079411, 25.116401 ], [ 110.081121, 25.115778 ], [ 110.081274, 25.115719 ], [ 110.081256, 25.115323 ], [ 110.07852, 25.113883 ], [ 110.077771, 25.113489 ] ] ] } },
{ "type": "Feature", "properties": { "BSM": null, "DLBM": null, "DLMC": null, "图斑面积": 0.0, "坐落单位": null, "企业名称": "桂林桂柳生物饲料有限公司", "行业代码": "C13", "行业名称": "农副食品加工业", "产值": 0.0, "行政区": "临桂苏桥", "用地性": "1001工业用地" }, "geometry": { "type": "Polygon", "coordinates": [ [ [ 110.07474, 25.111783 ], [ 110.074552, 25.111639 ], [ 110.074552, 25.111639 ], [ 110.074478, 25.11158 ], [ 110.07437, 25.11149 ], [ 110.074369, 25.111489 ], [ 110.074315, 25.111444 ], [ 110.074192, 25.111336 ], [ 110.074191, 25.111336 ], [ 110.074019, 25.111177 ], [ 110.074019, 25.111177 ], [ 110.073852, 25.111013 ], [ 110.073851, 25.111013 ], [ 110.073803, 25.110964 ], [ 110.073692, 25.110848 ], [ 110.07369, 25.110845 ], [ 110.07369, 25.110845 ], [ 110.073534, 25.110673 ], [ 110.073533, 25.110673 ], [ 110.073533, 25.110673 ], [ 110.073383, 25.110496 ], [ 110.073149, 25.110387 ], [ 110.068766, 25.111187 ], [ 110.068985, 25.111447 ], [ 110.069221, 25.111726 ], [ 110.070507, 25.113245 ], [ 110.074078, 25.112012 ], [ 110.07474, 25.111783 ] ] ] } },
{ "type": "Feature", "properties": { "BSM": null, "DLBM": null, "DLMC": null, "图斑面积": 0.0, "坐落单位": null, "企业名称": "人防设备科技产业园", "行业代码": "C35", "行业名称": "专用设备制造业", "产值": 0.0, "行政区": "临桂苏桥", "用地性": "1001工业用地" }, "geometry": { "type": "Polygon", "coordinates": [ [ [ 110.04408, 25.108844 ], [ 110.044086, 25.108826 ], [ 110.043698, 25.108827 ], [ 110.043591, 25.108824 ], [ 110.043591, 25.108824 ], [ 110.043485, 25.108815 ], [ 110.043484, 25.108815 ], [ 110.043379, 25.108799 ], [ 110.043379, 25.108799 ], [ 110.043275, 25.108777 ], [ 110.043275, 25.108777 ], [ 110.043173, 25.108748 ], [ 110.043173, 25.108748 ], [ 110.043073, 25.108713 ], [ 110.043073, 25.108713 ], [ 110.042976, 25.108672 ], [ 110.042976, 25.108672 ], [ 110.042882, 25.108625 ], [ 110.042882, 25.108625 ], [ 110.042792, 25.108573 ], [ 110.042792, 25.108573 ], [ 110.042706, 25.108515 ], [ 110.042666, 25.108566 ], [ 110.042627, 25.108618 ], [ 110.042589, 25.10867 ], [ 110.042552, 25.108724 ], [ 110.042517, 25.108778 ], [ 110.042484, 25.108833 ], [ 110.042452, 25.108889 ], [ 110.042421, 25.108945 ], [ 110.042392, 25.109002 ], [ 110.042364, 25.10906 ], [ 110.041737, 25.110405 ], [ 110.041736, 25.110407 ], [ 110.041971, 25.110517 ], [ 110.042208, 25.110622 ], [ 110.042209, 25.110622 ], [ 110.042449, 25.110721 ], [ 110.042693, 25.110813 ], [ 110.042693, 25.110814 ], [ 110.04294, 25.1109 ], [ 110.043189, 25.11098 ], [ 110.043284, 25.11101 ], [ 110.044052, 25.111246 ], [ 110.044271, 25.110647 ], [ 110.044341, 25.110457 ], [ 110.044403, 25.110288 ], [ 110.044459, 25.110136 ], [ 110.044435, 25.110129 ], [ 110.044417, 25.110124 ], [ 110.044236, 25.110073 ], [ 110.044226, 25.11007 ], [ 110.044171, 25.110056 ], [ 110.043728, 25.109936 ], [ 110.04393, 25.109309 ], [ 110.04397, 25.109184 ], [ 110.043987, 25.109132 ], [ 110.04402, 25.109029 ], [ 110.04408, 25.108844 ] ] ] } },
{ "type": "Feature", "properties": { "BSM": null, "DLBM": null, "DLMC": null, "图斑面积": 0.0, "坐落单位": null, "企业名称": "广西瑞意达农产品加工有限公司", "行业代码": "C13", "行业名称": "农副食品加工业", "产值": 0.0, "行政区": "临桂苏桥", "用地性": "1001工业用地" }, "geometry": { "type": "Polygon", "coordinates": [ [ [ 110.042601, 25.108433 ], [ 110.041471, 25.107512 ], [ 110.040788, 25.108267 ], [ 110.040121, 25.109122 ], [ 110.04014, 25.109432 ], [ 110.040294, 25.109546 ], [ 110.040451, 25.109657 ], [ 110.04061, 25.109765 ], [ 110.04061, 25.109765 ], [ 110.040772, 25.10987 ], [ 110.040935, 25.109971 ], [ 110.041102, 25.11007 ], [ 110.041102, 25.11007 ], [ 110.04127, 25.110166 ], [ 110.041441, 25.110258 ], [ 110.041613, 25.110347 ], [ 110.042236, 25.10901 ], [ 110.042263, 25.108955 ], [ 110.042291, 25.1089 ], [ 110.04232, 25.108845 ], [ 110.042351, 25.108791 ], [ 110.042383, 25.108738 ], [ 110.042416, 25.108685 ], [ 110.042451, 25.108633 ], [ 110.042486, 25.108582 ], [ 110.042523, 25.108531 ], [ 110.042562, 25.108482 ], [ 110.042601, 25.108433 ] ] ] } },
{ "type": "Feature", "properties": { "BSM": null, "DLBM": null, "DLMC": null, "图斑面积": 0.0, "坐落单位": null, "企业名称": "艺宇印刷包装有限公司", "行业代码": "C23", "行业名称": "印刷和记录媒介复制业", "产值": 0.0, "行政区": "临桂苏桥", "用地性": "1001工业用地" }, "geometry": { "type": "Polygon", "coordinates": [ [ [ 110.042868, 25.090845 ], [ 110.042867, 25.090809 ], [ 110.042866, 25.090771 ], [ 110.042865, 25.090732 ], [ 110.042864, 25.090693 ], [ 110.042863, 25.090654 ], [ 110.042862, 25.090612 ], [ 110.042862, 25.09057 ], [ 110.042861, 25.090528 ], [ 110.04286, 25.090486 ], [ 110.042859, 25.090445 ], [ 110.042858, 25.090403 ], [ 110.042857, 25.090361 ], [ 110.042856, 25.090319 ], [ 110.042855, 25.090277 ], [ 110.042854, 25.090235 ], [ 110.042853, 25.090193 ], [ 110.042893, 25.090192 ], [ 110.042933, 25.090191 ], [ 110.042973, 25.09019 ], [ 110.043017, 25.090189 ], [ 110.043062, 25.090188 ], [ 110.043106, 25.090187 ], [ 110.043151, 25.090186 ], [ 110.043196, 25.090185 ], [ 110.043241, 25.090185 ], [ 110.043286, 25.090184 ], [ 110.043311, 25.090184 ], [ 110.043336, 25.090184 ], [ 110.043336, 25.090184 ], [ 110.043375, 25.090183 ], [ 110.043416, 25.090182 ], [ 110.043456, 25.090182 ], [ 110.043498, 25.090181 ], [ 110.04354, 25.090181 ], [ 110.043581, 25.09018 ], [ 110.043623, 25.090179 ], [ 110.043665, 25.090179 ], [ 110.043706, 25.090178 ], [ 110.043729, 25.090178 ], [ 110.043762, 25.090179 ], [ 110.043805, 25.090178 ], [ 110.043847, 25.090177 ], [ 110.043889, 25.090176 ], [ 110.04389, 25.09022 ], [ 110.043891, 25.090265 ], [ 110.043891, 25.090309 ], [ 110.043892, 25.090354 ], [ 110.043892, 25.090398 ], [ 110.043893, 25.090443 ], [ 110.043894, 25.090487 ], [ 110.043894, 25.090532 ], [ 110.043895, 25.090576 ], [ 110.043896, 25.090621 ], [ 110.043896, 25.090665 ], [ 110.043897, 25.09071 ], [ 110.043897, 25.090754 ], [ 110.043898, 25.090798 ], [ 110.043899, 25.090834 ], [ 110.043932, 25.090833 ], [ 110.044859, 25.090823 ], [ 110.044859, 25.090787 ], [ 110.044806, 25.090732 ], [ 110.044805, 25.090561 ], [ 110.044805, 25.090561 ], [ 110.044804, 25.090479 ], [ 110.0448, 25.089521 ], [ 110.044799, 25.089388 ], [ 110.044799, 25.089232 ], [ 110.041588, 25.089244 ], [ 110.041553, 25.089244 ], [ 110.041468, 25.089172 ], [ 110.041465, 25.089172 ], [ 110.041468, 25.089379 ], [ 110.041468, 25.089423 ], [ 110.041482, 25.090661 ], [ 110.041702, 25.090858 ], [ 110.042868, 25.090845 ] ] ] } },
{ "type": "Feature", "properties": { "BSM": null, "DLBM": null, "DLMC": null, "图斑面积": 0.0, "坐落单位": null, "企业名称": "桂林贝美塑业科技有限公司", "行业代码": "C29", "行业名称": "橡胶和塑料制品业", "产值": 0.0, "行政区": "临桂苏桥", "用地性": "1001工业用地" }, "geometry": { "type": "Polygon", "coordinates": [ [ [ 110.042442, 25.100618 ], [ 110.042441, 25.100441 ], [ 110.042439, 25.100078 ], [ 110.042437, 25.099657 ], [ 110.04158, 25.099663 ], [ 110.041588, 25.100397 ], [ 110.041837, 25.10062 ], [ 110.042442, 25.100618 ] ] ] } },
{ "type": "Feature", "properties": { "BSM": null, "DLBM": null, "DLMC": null, "图斑面积": 0.0, "坐落单位": null, "企业名称": "大成科技", "行业代码": "C38", "行业名称": "电气机械和器材制造业", "产值": 0.0, "行政区": "临桂苏桥", "用地性": "1001工业用地" }, "geometry": { "type": "Polygon", "coordinates": [ [ [ 110.043671, 25.099768 ], [ 110.043671, 25.099767 ], [ 110.043672, 25.099767 ], [ 110.044029, 25.099767 ], [ 110.04403, 25.099767 ], [ 110.044027, 25.099612 ], [ 110.044741, 25.099534 ], [ 110.044741, 25.099262 ], [ 110.044659, 25.099255 ], [ 110.044577, 25.099252 ], [ 110.044055, 25.099256 ], [ 110.044054, 25.099256 ], [ 110.04392, 25.099257 ], [ 110.043045, 25.099263 ], [ 110.043047, 25.099478 ], [ 110.043049, 25.099765 ], [ 110.043474, 25.099768 ], [ 110.043671, 25.099768 ] ] ] } },
{ "type": "Feature", "properties": { "BSM": null, "DLBM": null, "DLMC": null, "图斑面积": 0.0, "坐落单位": null, "企业名称": "规划用地", "行业代码": null, "行业名称": null, "产值": 0.0, "行政区": "临桂苏桥", "用地性": "1001工业用地" }, "geometry": { "type": "Polygon", "coordinates": [ [ [ 110.042435, 25.099198 ], [ 110.042435, 25.099099 ], [ 110.042434, 25.098914 ], [ 110.042433, 25.098788 ], [ 110.04216, 25.098786 ], [ 110.041841, 25.098783 ], [ 110.04157, 25.098781 ], [ 110.041572, 25.098923 ], [ 110.041572, 25.098938 ], [ 110.041573, 25.098998 ], [ 110.041575, 25.099207 ], [ 110.041707, 25.099205 ], [ 110.042431, 25.099198 ], [ 110.042435, 25.099198 ] ] ] } },
{ "type": "Feature", "properties": { "BSM": null, "DLBM": null, "DLMC": null, "图斑面积": 0.0, "坐落单位": null, "企业名称": "正升科技", "行业代码": "M75", "行业名称": "科技推广和应用服务业", "产值": 0.0, "行政区": "临桂苏桥", "用地性": "1001工业用地" }, "geometry": { "type": "Polygon", "coordinates": [ [ [ 110.043948, 25.098578 ], [ 110.04395, 25.098578 ], [ 110.043967, 25.098576 ], [ 110.043994, 25.098558 ], [ 110.044015, 25.098545 ], [ 110.044087, 25.098483 ], [ 110.044119, 25.098431 ], [ 110.04412, 25.098355 ], [ 110.044118, 25.098274 ], [ 110.044117, 25.098188 ], [ 110.044108, 25.097609 ], [ 110.044108, 25.09759 ], [ 110.044108, 25.097565 ], [ 110.044107, 25.097549 ], [ 110.044107, 25.097513 ], [ 110.044108, 25.097415 ], [ 110.044108, 25.097411 ], [ 110.044111, 25.097335 ], [ 110.044108, 25.097224 ], [ 110.044106, 25.09721 ], [ 110.044106, 25.09721 ], [ 110.044097, 25.097203 ], [ 110.044076, 25.097202 ], [ 110.044011, 25.097197 ], [ 110.044005, 25.09717 ], [ 110.044016, 25.09711 ], [ 110.04402, 25.09708 ], [ 110.04404, 25.096954 ], [ 110.044055, 25.096933 ], [ 110.044083, 25.096935 ], [ 110.044148, 25.09694 ], [ 110.044207, 25.096946 ], [ 110.044248, 25.09695 ], [ 110.044299, 25.096951 ], [ 110.044303, 25.096949 ], [ 110.044307, 25.096942 ], [ 110.044308, 25.096936 ], [ 110.044405, 25.096556 ], [ 110.044427, 25.096556 ], [ 110.044466, 25.096556 ], [ 110.044529, 25.096557 ], [ 110.044573, 25.096559 ], [ 110.044574, 25.096558 ], [ 110.044588, 25.096552 ], [ 110.044587, 25.09642 ], [ 110.044586, 25.096284 ], [ 110.044595, 25.096094 ], [ 110.044593, 25.096054 ], [ 110.044588, 25.095908 ], [ 110.044587, 25.095746 ], [ 110.044584, 25.095581 ], [ 110.044593, 25.095442 ], [ 110.044588, 25.095316 ], [ 110.044589, 25.095211 ], [ 110.044578, 25.095115 ], [ 110.044556, 25.095054 ], [ 110.044539, 25.094997 ], [ 110.044523, 25.094937 ], [ 110.044509, 25.09489 ], [ 110.044505, 25.094841 ], [ 110.044502, 25.094762 ], [ 110.044492, 25.094691 ], [ 110.044487, 25.094596 ], [ 110.044488, 25.094539 ], [ 110.04449, 25.09448 ], [ 110.044488, 25.094419 ], [ 110.044494, 25.094359 ], [ 110.044505, 25.094296 ], [ 110.044519, 25.094219 ], [ 110.044528, 25.094167 ], [ 110.044534, 25.094086 ], [ 110.044533, 25.093995 ], [ 110.044535, 25.093914 ], [ 110.044541, 25.093814 ], [ 110.044575, 25.093724 ], [ 110.044603, 25.093667 ], [ 110.044604, 25.093638 ], [ 110.044598, 25.093584 ], [ 110.044593, 25.093523 ], [ 110.044596, 25.093418 ], [ 110.044606, 25.093359 ], [ 110.044619, 25.093315 ], [ 110.044619, 25.093211 ], [ 110.044669, 25.093138 ], [ 110.044672, 25.09312 ], [ 110.044664, 25.093095 ], [ 110.044636, 25.093075 ], [ 110.044632, 25.093071 ], [ 110.044584, 25.093067 ], [ 110.044588, 25.093032 ], [ 110.044647, 25.093037 ], [ 110.044698, 25.093075 ], [ 110.044716, 25.092972 ], [ 110.04472, 25.092972 ], [ 110.044727, 25.092966 ], [ 110.044744, 25.092915 ], [ 110.044751, 25.092897 ], [ 110.044837, 25.092897 ], [ 110.044873, 25.092806 ], [ 110.044792, 25.092806 ], [ 110.044821, 25.092732 ], [ 110.044872, 25.092607 ], [ 110.044915, 25.092506 ], [ 110.044968, 25.092392 ], [ 110.044983, 25.092334 ], [ 110.044995, 25.092247 ], [ 110.045004, 25.092187 ], [ 110.045017, 25.092107 ], [ 110.04504, 25.091975 ], [ 110.045062, 25.091885 ], [ 110.045091, 25.091743 ], [ 110.045106, 25.091653 ], [ 110.045102, 25.091533 ], [ 110.045102, 25.0915 ], [ 110.0451, 25.091404 ], [ 110.045077, 25.091313 ], [ 110.045049, 25.09123 ], [ 110.045038, 25.091175 ], [ 110.04503, 25.091133 ], [ 110.045008, 25.091056 ], [ 110.045002, 25.091037 ], [ 110.044996, 25.091021 ], [ 110.04499, 25.091003 ], [ 110.044725, 25.091005 ], [ 110.041704, 25.091038 ], [ 110.041488, 25.091239 ], [ 110.04157, 25.098781 ], [ 110.041841, 25.098783 ], [ 110.04216, 25.098786 ], [ 110.042433, 25.098788 ], [ 110.042478, 25.098788 ], [ 110.042547, 25.098789 ], [ 110.042872, 25.098791 ], [ 110.04321, 25.09879 ], [ 110.043429, 25.09879 ], [ 110.043426, 25.098635 ], [ 110.043778, 25.098597 ], [ 110.043948, 25.098578 ] ] ] } },
{ "type": "Feature", "properties": { "BSM": null, "DLBM": null, "DLMC": null, "图斑面积": 0.0, "坐落单位": null, "企业名称": "规划用地", "行业代码": null, "行业名称": null, "产值": 0.0, "行政区": "临桂苏桥", "用地性": "1001工业用地" }, "geometry": { "type": "Polygon", "coordinates": [ [ [ 110.020262, 25.090274 ], [ 110.015649, 25.090239 ], [ 110.015375, 25.090241 ], [ 110.0151, 25.090249 ], [ 110.015099, 25.090249 ], [ 110.014825, 25.090265 ], [ 110.014551, 25.090287 ], [ 110.014551, 25.090287 ], [ 110.014278, 25.090317 ], [ 110.014006, 25.090353 ], [ 110.014006, 25.090353 ], [ 110.013735, 25.090397 ], [ 110.013465, 25.090447 ], [ 110.011591, 25.090823 ], [ 110.011592, 25.091978 ], [ 110.011592, 25.094185 ], [ 110.011914, 25.094392 ], [ 110.014298, 25.094421 ], [ 110.014303, 25.094421 ], [ 110.014306, 25.094421 ], [ 110.014307, 25.094421 ], [ 110.014312, 25.094421 ], [ 110.014317, 25.094421 ], [ 110.014322, 25.094421 ], [ 110.014327, 25.094422 ], [ 110.014332, 25.094422 ], [ 110.014337, 25.094422 ], [ 110.01434, 25.094422 ], [ 110.014342, 25.094422 ], [ 110.014347, 25.094422 ], [ 110.014352, 25.094422 ], [ 110.014357, 25.094422 ], [ 110.014362, 25.094422 ], [ 110.014367, 25.094422 ], [ 110.014372, 25.094422 ], [ 110.014377, 25.094422 ], [ 110.014379, 25.094422 ], [ 110.014382, 25.094422 ], [ 110.014386, 25.094422 ], [ 110.014391, 25.094422 ], [ 110.014396, 25.094422 ], [ 110.014401, 25.094422 ], [ 110.014406, 25.094422 ], [ 110.014411, 25.094422 ], [ 110.014416, 25.094422 ], [ 110.014418, 25.094422 ], [ 110.014421, 25.094423 ], [ 110.014426, 25.094423 ], [ 110.014431, 25.094423 ], [ 110.014436, 25.094423 ], [ 110.014441, 25.094423 ], [ 110.014445, 25.094423 ], [ 110.01445, 25.094423 ], [ 110.014455, 25.094423 ], [ 110.014458, 25.094423 ], [ 110.01446, 25.094423 ], [ 110.014465, 25.094423 ], [ 110.014489, 25.094423 ], [ 110.014494, 25.094423 ], [ 110.014497, 25.094423 ], [ 110.014499, 25.094423 ], [ 110.014533, 25.094423 ], [ 110.014536, 25.094423 ], [ 110.014538, 25.094423 ], [ 110.014572, 25.094423 ], [ 110.014575, 25.094423 ], [ 110.014577, 25.094423 ], [ 110.014611, 25.094423 ], [ 110.014613, 25.094423 ], [ 110.014616, 25.094423 ], [ 110.014652, 25.094423 ], [ 110.014691, 25.094422 ], [ 110.014726, 25.094422 ], [ 110.014871, 25.094417 ], [ 110.015017, 25.094409 ], [ 110.015162, 25.094397 ], [ 110.015162, 25.094397 ], [ 110.015306, 25.094382 ], [ 110.01545, 25.094364 ], [ 110.015594, 25.094343 ], [ 110.015737, 25.094318 ], [ 110.015879, 25.09429 ], [ 110.016021, 25.094259 ], [ 110.016021, 25.094259 ], [ 110.016161, 25.094224 ], [ 110.016301, 25.094187 ], [ 110.016439, 25.094146 ], [ 110.016576, 25.094102 ], [ 110.016712, 25.094055 ], [ 110.016847, 25.094004 ], [ 110.016847, 25.094004 ], [ 110.016981, 25.093951 ], [ 110.017112, 25.093895 ], [ 110.017242, 25.093836 ], [ 110.017274, 25.093821 ], [ 110.017308, 25.093804 ], [ 110.01734, 25.093789 ], [ 110.017342, 25.093788 ], [ 110.017344, 25.093787 ], [ 110.017374, 25.093772 ], [ 110.017376, 25.093771 ], [ 110.017378, 25.09377 ], [ 110.017408, 25.093755 ], [ 110.01741, 25.093754 ], [ 110.017412, 25.093753 ], [ 110.017442, 25.093738 ], [ 110.017444, 25.093737 ], [ 110.017446, 25.093736 ], [ 110.01745, 25.093733 ], [ 110.017472, 25.093723 ], [ 110.017476, 25.09372 ], [ 110.017478, 25.093719 ], [ 110.01748, 25.093718 ], [ 110.017485, 25.093716 ], [ 110.017489, 25.093714 ], [ 110.017493, 25.093712 ], [ 110.017497, 25.09371 ], [ 110.017502, 25.093707 ], [ 110.017506, 25.093705 ], [ 110.01751, 25.093703 ], [ 110.017512, 25.093702 ], [ 110.017515, 25.093701 ], [ 110.017519, 25.093699 ], [ 110.017523, 25.093696 ], [ 110.017527, 25.093694 ], [ 110.017532, 25.093692 ], [ 110.017536, 25.09369 ], [ 110.01754, 25.093688 ], [ 110.017545, 25.093685 ], [ 110.017547, 25.093684 ], [ 110.017549, 25.093683 ], [ 110.017553, 25.093681 ], [ 110.017557, 25.093679 ], [ 110.017562, 25.093677 ], [ 110.017566, 25.093674 ], [ 110.01757, 25.093672 ], [ 110.017575, 25.09367 ], [ 110.017579, 25.093668 ], [ 110.017581, 25.093667 ], [ 110.017583, 25.093666 ], [ 110.017588, 25.093663 ], [ 110.017592, 25.093661 ], [ 110.017596, 25.093659 ], [ 110.017601, 25.093657 ], [ 110.017605, 25.093655 ], [ 110.017609, 25.093652 ], [ 110.017611, 25.093652 ], [ 110.017613, 25.09365 ], [ 110.017618, 25.093648 ], [ 110.019212, 25.092828 ], [ 110.019416, 25.092726 ], [ 110.019418, 25.092725 ], [ 110.019624, 25.092628 ], [ 110.019624, 25.092628 ], [ 110.019833, 25.092534 ], [ 110.019835, 25.092533 ], [ 110.020045, 25.092445 ], [ 110.020248, 25.092162 ], [ 110.020262, 25.090274 ] ] ] } },
{ "type": "Feature", "properties": { "BSM": null, "DLBM": null, "DLMC": null, "图斑面积": 0.0, "坐落单位": null, "企业名称": "规划用地", "行业代码": null, "行业名称": null, "产值": 0.0, "行政区": "临桂苏桥", "用地性": "1001工业用地" }, "geometry": { "type": "Polygon", "coordinates": [ [ [ 110.013414, 25.090236 ], [ 110.01369, 25.090184 ], [ 110.013968, 25.09014 ], [ 110.014246, 25.090102 ], [ 110.014526, 25.090072 ], [ 110.014807, 25.090049 ], [ 110.015088, 25.090033 ], [ 110.01537, 25.090024 ], [ 110.015651, 25.090023 ], [ 110.020264, 25.090057 ], [ 110.020311, 25.083769 ], [ 110.020161, 25.083632 ], [ 110.016396, 25.083645 ], [ 110.016396, 25.083693 ], [ 110.016398, 25.084023 ], [ 110.016399, 25.084302 ], [ 110.016406, 25.085361 ], [ 110.016407, 25.085614 ], [ 110.016413, 25.086534 ], [ 110.016363, 25.086968 ], [ 110.012424, 25.086751 ], [ 110.012236, 25.087321 ], [ 110.011879, 25.088394 ], [ 110.011825, 25.088567 ], [ 110.011776, 25.088742 ], [ 110.011733, 25.088917 ], [ 110.011695, 25.089094 ], [ 110.011664, 25.089272 ], [ 110.011638, 25.089451 ], [ 110.011617, 25.08963 ], [ 110.011603, 25.08981 ], [ 110.011594, 25.08999 ], [ 110.011591, 25.09017 ], [ 110.011591, 25.090601 ], [ 110.013414, 25.090236 ] ] ] } },
{ "type": "Feature", "properties": { "BSM": null, "DLBM": null, "DLMC": null, "图斑面积": 0.0, "坐落单位": null, "企业名称": "规划用地", "行业代码": null, "行业名称": null, "产值": 0.0, "行政区": "临桂苏桥", "用地性": "1001工业用地" }, "geometry": { "type": "Polygon", "coordinates": [ [ [ 110.024216, 25.083815 ], [ 110.02395, 25.083619 ], [ 110.020783, 25.08363 ], [ 110.020588, 25.083794 ], [ 110.020567, 25.086583 ], [ 110.023942, 25.086622 ], [ 110.024191, 25.086615 ], [ 110.024203, 25.086212 ], [ 110.024205, 25.086152 ], [ 110.024207, 25.086092 ], [ 110.024209, 25.086032 ], [ 110.02421, 25.085972 ], [ 110.024212, 25.085912 ], [ 110.024214, 25.085852 ], [ 110.024215, 25.085792 ], [ 110.024217, 25.085732 ], [ 110.024219, 25.085672 ], [ 110.02422, 25.085612 ], [ 110.024222, 25.085552 ], [ 110.024223, 25.085492 ], [ 110.024224, 25.085432 ], [ 110.024226, 25.085372 ], [ 110.024227, 25.085312 ], [ 110.024228, 25.085252 ], [ 110.024229, 25.085192 ], [ 110.02423, 25.085133 ], [ 110.024231, 25.085073 ], [ 110.024231, 25.085013 ], [ 110.024232, 25.084953 ], [ 110.024233, 25.084893 ], [ 110.024233, 25.084834 ], [ 110.024233, 25.084774 ], [ 110.024233, 25.084714 ], [ 110.024233, 25.084655 ], [ 110.024233, 25.084595 ], [ 110.024233, 25.084535 ], [ 110.024232, 25.084476 ], [ 110.024232, 25.084416 ], [ 110.024231, 25.084357 ], [ 110.02423, 25.084297 ], [ 110.024229, 25.084238 ], [ 110.024228, 25.084178 ], [ 110.024226, 25.084119 ], [ 110.024225, 25.084059 ], [ 110.024223, 25.084 ], [ 110.024221, 25.083941 ], [ 110.024219, 25.083881 ], [ 110.024216, 25.083822 ], [ 110.024216, 25.083815 ] ] ] } },
{ "type": "Feature", "properties": { "BSM": null, "DLBM": null, "DLMC": null, "图斑面积": 0.0, "坐落单位": null, "企业名称": "规划用地", "行业代码": null, "行业名称": null, "产值": 0.0, "行政区": "临桂苏桥", "用地性": "1001工业用地" }, "geometry": { "type": "Polygon", "coordinates": [ [ [ 110.024052, 25.091364 ], [ 110.024095, 25.08989 ], [ 110.023847, 25.089955 ], [ 110.023831, 25.089959 ], [ 110.023831, 25.089959 ], [ 110.023813, 25.089963 ], [ 110.023598, 25.090014 ], [ 110.023565, 25.090021 ], [ 110.023564, 25.090021 ], [ 110.023526, 25.090029 ], [ 110.023511, 25.090033 ], [ 110.023511, 25.090033 ], [ 110.023484, 25.090038 ], [ 110.023377, 25.090061 ], [ 110.023297, 25.090077 ], [ 110.023296, 25.090077 ], [ 110.023216, 25.090092 ], [ 110.023108, 25.090112 ], [ 110.023027, 25.090126 ], [ 110.023027, 25.090126 ], [ 110.022946, 25.090139 ], [ 110.022919, 25.090144 ], [ 110.022919, 25.090144 ], [ 110.022886, 25.090148 ], [ 110.022756, 25.090169 ], [ 110.022756, 25.090169 ], [ 110.02262, 25.090187 ], [ 110.022484, 25.090204 ], [ 110.022484, 25.090204 ], [ 110.022353, 25.090218 ], [ 110.02232, 25.090222 ], [ 110.02232, 25.090223 ], [ 110.022292, 25.090225 ], [ 110.022211, 25.090233 ], [ 110.022211, 25.090233 ], [ 110.022128, 25.09024 ], [ 110.022019, 25.090249 ], [ 110.021937, 25.090255 ], [ 110.021937, 25.090255 ], [ 110.021854, 25.09026 ], [ 110.021745, 25.090266 ], [ 110.021718, 25.090268 ], [ 110.021717, 25.090268 ], [ 110.021701, 25.090268 ], [ 110.021663, 25.09027 ], [ 110.021662, 25.09027 ], [ 110.021628, 25.090271 ], [ 110.021406, 25.090278 ], [ 110.021388, 25.090279 ], [ 110.021387, 25.090279 ], [ 110.021371, 25.090279 ], [ 110.021112, 25.09028 ], [ 110.02054, 25.090276 ], [ 110.020527, 25.092008 ], [ 110.020755, 25.092184 ], [ 110.021003, 25.092106 ], [ 110.021018, 25.092101 ], [ 110.021019, 25.092101 ], [ 110.021036, 25.092096 ], [ 110.021251, 25.092035 ], [ 110.021283, 25.092025 ], [ 110.021284, 25.092025 ], [ 110.021322, 25.092015 ], [ 110.021337, 25.092011 ], [ 110.021337, 25.092011 ], [ 110.021364, 25.092005 ], [ 110.021497, 25.09197 ], [ 110.021551, 25.091956 ], [ 110.021551, 25.091956 ], [ 110.021591, 25.091947 ], [ 110.021807, 25.091897 ], [ 110.02182, 25.091894 ], [ 110.021821, 25.091893 ], [ 110.021831, 25.091891 ], [ 110.021901, 25.091877 ], [ 110.021928, 25.09187 ], [ 110.021929, 25.09187 ], [ 110.021961, 25.091865 ], [ 110.022091, 25.091838 ], [ 110.022091, 25.091838 ], [ 110.022228, 25.091813 ], [ 110.022364, 25.091789 ], [ 110.022364, 25.091789 ], [ 110.022495, 25.091769 ], [ 110.022528, 25.091763 ], [ 110.022528, 25.091763 ], [ 110.022556, 25.091759 ], [ 110.022638, 25.091747 ], [ 110.022639, 25.091747 ], [ 110.022721, 25.091736 ], [ 110.022831, 25.091722 ], [ 110.022913, 25.091712 ], [ 110.022914, 25.091711 ], [ 110.022996, 25.091703 ], [ 110.023106, 25.091692 ], [ 110.023134, 25.091688 ], [ 110.023135, 25.091688 ], [ 110.02315, 25.091687 ], [ 110.02319, 25.091683 ], [ 110.02319, 25.091683 ], [ 110.023224, 25.091681 ], [ 110.023449, 25.091663 ], [ 110.023467, 25.091662 ], [ 110.023467, 25.091662 ], [ 110.023483, 25.091661 ], [ 110.023744, 25.091647 ], [ 110.024052, 25.091364 ] ] ] } },
{ "type": "Feature", "properties": { "BSM": null, "DLBM": null, "DLMC": null, "图斑面积": 0.0, "坐落单位": null, "企业名称": "规划用地", "行业代码": null, "行业名称": null, "产值": 0.0, "行政区": "临桂苏桥", "用地性": "1001工业用地" }, "geometry": { "type": "Polygon", "coordinates": [ [ [ 110.029208, 25.087424 ], [ 110.027968, 25.085783 ], [ 110.024996, 25.08672 ], [ 110.024732, 25.086791 ], [ 110.024652, 25.089498 ], [ 110.029608, 25.088013 ], [ 110.029208, 25.087424 ] ] ] } },
{ "type": "Feature", "properties": { "BSM": null, "DLBM": null, "DLMC": null, "图斑面积": 0.0, "坐落单位": null, "企业名称": "规划用地", "行业代码": null, "行业名称": null, "产值": 0.0, "行政区": "临桂苏桥", "用地性": "1001工业用地" }, "geometry": { "type": "Polygon", "coordinates": [ [ [ 110.02467, 25.091414 ], [ 110.024676, 25.091192 ], [ 110.025203, 25.091202 ], [ 110.025199, 25.091658 ], [ 110.025639, 25.091667 ], [ 110.025835, 25.091669 ], [ 110.026031, 25.091668 ], [ 110.026227, 25.091663 ], [ 110.026227, 25.091663 ], [ 110.026422, 25.091655 ], [ 110.026618, 25.091643 ], [ 110.026813, 25.091627 ], [ 110.026813, 25.091627 ], [ 110.027008, 25.091608 ], [ 110.027202, 25.091585 ], [ 110.027396, 25.091559 ], [ 110.027396, 25.091559 ], [ 110.027589, 25.091529 ], [ 110.027782, 25.091496 ], [ 110.027974, 25.091459 ], [ 110.027974, 25.091459 ], [ 110.028165, 25.091418 ], [ 110.028354, 25.091374 ], [ 110.028543, 25.091327 ], [ 110.028543, 25.091327 ], [ 110.028731, 25.091276 ], [ 110.028918, 25.091221 ], [ 110.029103, 25.091164 ], [ 110.030648, 25.090666 ], [ 110.030768, 25.090431 ], [ 110.030388, 25.089571 ], [ 110.029935, 25.088619 ], [ 110.029721, 25.088207 ], [ 110.024645, 25.089728 ], [ 110.024612, 25.09086 ], [ 110.024597, 25.091346 ], [ 110.02467, 25.091414 ] ] ] } },
{ "type": "Feature", "properties": { "BSM": null, "DLBM": null, "DLMC": null, "图斑面积": 0.0, "坐落单位": null, "企业名称": "规划用地", "行业代码": null, "行业名称": null, "产值": 0.0, "行政区": "临桂苏桥", "用地性": "1001工业用地" }, "geometry": { "type": "Polygon", "coordinates": [ [ [ 110.060548, 25.101669 ], [ 110.06058, 25.101638 ], [ 110.060844, 25.101474 ], [ 110.061009, 25.101355 ], [ 110.061236, 25.101304 ], [ 110.06127, 25.101286 ], [ 110.061393, 25.101221 ], [ 110.061481, 25.101157 ], [ 110.061718, 25.100985 ], [ 110.06172, 25.100983 ], [ 110.061829, 25.100906 ], [ 110.061517, 25.100325 ], [ 110.061499, 25.100292 ], [ 110.06148, 25.100255 ], [ 110.06146, 25.100218 ], [ 110.061441, 25.100181 ], [ 110.061421, 25.100144 ], [ 110.061402, 25.100106 ], [ 110.061383, 25.100068 ], [ 110.061365, 25.10003 ], [ 110.061347, 25.099991 ], [ 110.061329, 25.099952 ], [ 110.061314, 25.099918 ], [ 110.061299, 25.099883 ], [ 110.061295, 25.099884 ], [ 110.061242, 25.099886 ], [ 110.061228, 25.099892 ], [ 110.061144, 25.099926 ], [ 110.061119, 25.099936 ], [ 110.060913, 25.099931 ], [ 110.06067, 25.099912 ], [ 110.060643, 25.10004 ], [ 110.060613, 25.100106 ], [ 110.060575, 25.100155 ], [ 110.060487, 25.100145 ], [ 110.060397, 25.100127 ], [ 110.060389, 25.100125 ], [ 110.060318, 25.100107 ], [ 110.060213, 25.100267 ], [ 110.060022, 25.100188 ], [ 110.060003, 25.100205 ], [ 110.059977, 25.10023 ], [ 110.059958, 25.100247 ], [ 110.059936, 25.10027 ], [ 110.059913, 25.100291 ], [ 110.059891, 25.10036 ], [ 110.059866, 25.100475 ], [ 110.059838, 25.100516 ], [ 110.059833, 25.100523 ], [ 110.059795, 25.100578 ], [ 110.059746, 25.100647 ], [ 110.059695, 25.100743 ], [ 110.059675, 25.100764 ], [ 110.059641, 25.100801 ], [ 110.059568, 25.100863 ], [ 110.059659, 25.100975 ], [ 110.059861, 25.101272 ], [ 110.060055, 25.101472 ], [ 110.060479, 25.101831 ], [ 110.060581, 25.101741 ], [ 110.060537, 25.10168 ], [ 110.060548, 25.101669 ] ] ] } },
{ "type": "Feature", "properties": { "BSM": null, "DLBM": null, "DLMC": null, "图斑面积": 0.0, "坐落单位": null, "企业名称": "广西江洁洗涤有限公司", "行业代码": "O80", "行业名称": "居民服务业", "产值": 0.0, "行政区": "临桂苏桥", "用地性": "1001工业用地" }, "geometry": { "type": "Polygon", "coordinates": [ [ [ 110.072154, 25.104824 ], [ 110.072366, 25.103382 ], [ 110.071404, 25.103204 ], [ 110.071826, 25.101069 ], [ 110.072022, 25.100072 ], [ 110.071996, 25.100016 ], [ 110.072017, 25.099919 ], [ 110.071942, 25.099903 ], [ 110.071904, 25.099822 ], [ 110.071546, 25.098951 ], [ 110.071111, 25.098816 ], [ 110.070142, 25.098684 ], [ 110.067378, 25.098307 ], [ 110.067386, 25.098633 ], [ 110.064928, 25.098351 ], [ 110.064463, 25.100402 ], [ 110.064271, 25.101253 ], [ 110.063945, 25.102692 ], [ 110.063952, 25.102694 ], [ 110.063933, 25.102761 ], [ 110.067404, 25.103362 ], [ 110.069209, 25.103711 ], [ 110.069142, 25.104228 ], [ 110.069402, 25.104271 ], [ 110.06939, 25.104376 ], [ 110.070615, 25.104575 ], [ 110.072154, 25.104824 ] ] ] } },
{ "type": "Feature", "properties": { "BSM": null, "DLBM": null, "DLMC": null, "图斑面积": 0.0, "坐落单位": null, "企业名称": "规划用地", "行业代码": null, "行业名称": null, "产值": 0.0, "行政区": "临桂苏桥", "用地性": "1001工业用地" }, "geometry": { "type": "Polygon", "coordinates": [ [ [ 110.082998, 25.106083 ], [ 110.082876, 25.105935 ], [ 110.081541, 25.104306 ], [ 110.077029, 25.107585 ], [ 110.077897, 25.108632 ], [ 110.078002, 25.108758 ], [ 110.07889, 25.108596 ], [ 110.078895, 25.108595 ], [ 110.0789, 25.108594 ], [ 110.078905, 25.108593 ], [ 110.07891, 25.108592 ], [ 110.078915, 25.108591 ], [ 110.07892, 25.108591 ], [ 110.078925, 25.10859 ], [ 110.078929, 25.108589 ], [ 110.078934, 25.108588 ], [ 110.078939, 25.108587 ], [ 110.078944, 25.108586 ], [ 110.078949, 25.108585 ], [ 110.078954, 25.108584 ], [ 110.078958, 25.108583 ], [ 110.078963, 25.108582 ], [ 110.078968, 25.108581 ], [ 110.078973, 25.10858 ], [ 110.078978, 25.108579 ], [ 110.078983, 25.108578 ], [ 110.078988, 25.108577 ], [ 110.078992, 25.108576 ], [ 110.078997, 25.108575 ], [ 110.079002, 25.108574 ], [ 110.079007, 25.108573 ], [ 110.079012, 25.108572 ], [ 110.079017, 25.108571 ], [ 110.079021, 25.10857 ], [ 110.079026, 25.108569 ], [ 110.079031, 25.108568 ], [ 110.079036, 25.108567 ], [ 110.079041, 25.108566 ], [ 110.079045, 25.108564 ], [ 110.07905, 25.108563 ], [ 110.079055, 25.108562 ], [ 110.07906, 25.108561 ], [ 110.079065, 25.10856 ], [ 110.07907, 25.108559 ], [ 110.079074, 25.108558 ], [ 110.079079, 25.108557 ], [ 110.079084, 25.108556 ], [ 110.079089, 25.108554 ], [ 110.079094, 25.108553 ], [ 110.079098, 25.108552 ], [ 110.079103, 25.108551 ], [ 110.079108, 25.10855 ], [ 110.079113, 25.108549 ], [ 110.079118, 25.108548 ], [ 110.079122, 25.108546 ], [ 110.079127, 25.108545 ], [ 110.079132, 25.108544 ], [ 110.079137, 25.108543 ], [ 110.079142, 25.108542 ], [ 110.079146, 25.10854 ], [ 110.079151, 25.108539 ], [ 110.079156, 25.108538 ], [ 110.079161, 25.108537 ], [ 110.079165, 25.108536 ], [ 110.07917, 25.108534 ], [ 110.079175, 25.108533 ], [ 110.07918, 25.108532 ], [ 110.079185, 25.108531 ], [ 110.079189, 25.108529 ], [ 110.079194, 25.108528 ], [ 110.079199, 25.108527 ], [ 110.079204, 25.108526 ], [ 110.079208, 25.108524 ], [ 110.079213, 25.108523 ], [ 110.079218, 25.108522 ], [ 110.079223, 25.10852 ], [ 110.079227, 25.108519 ], [ 110.079232, 25.108518 ], [ 110.079237, 25.108516 ], [ 110.079242, 25.108515 ], [ 110.079246, 25.108514 ], [ 110.079251, 25.108512 ], [ 110.079256, 25.108511 ], [ 110.079261, 25.10851 ], [ 110.079265, 25.108508 ], [ 110.07927, 25.108507 ], [ 110.079275, 25.108506 ], [ 110.07928, 25.108504 ], [ 110.079284, 25.108503 ], [ 110.079289, 25.108502 ], [ 110.079294, 25.1085 ], [ 110.079298, 25.108499 ], [ 110.079303, 25.108497 ], [ 110.079308, 25.108496 ], [ 110.079313, 25.108495 ], [ 110.079317, 25.108493 ], [ 110.079322, 25.108492 ], [ 110.079327, 25.10849 ], [ 110.079331, 25.108489 ], [ 110.079336, 25.108488 ], [ 110.079341, 25.108486 ], [ 110.079346, 25.108485 ], [ 110.07935, 25.108483 ], [ 110.079355, 25.108482 ], [ 110.07936, 25.10848 ], [ 110.079364, 25.108479 ], [ 110.079369, 25.108477 ], [ 110.079374, 25.108476 ], [ 110.079378, 25.108474 ], [ 110.079383, 25.108473 ], [ 110.079388, 25.108471 ], [ 110.079392, 25.10847 ], [ 110.079397, 25.108468 ], [ 110.079402, 25.108467 ], [ 110.079406, 25.108465 ], [ 110.079411, 25.108464 ], [ 110.079416, 25.108462 ], [ 110.07942, 25.108461 ], [ 110.079425, 25.108459 ], [ 110.07943, 25.108458 ], [ 110.079434, 25.108456 ], [ 110.079439, 25.108454 ], [ 110.079444, 25.108453 ], [ 110.079448, 25.108451 ], [ 110.079453, 25.10845 ], [ 110.079458, 25.108448 ], [ 110.079462, 25.108447 ], [ 110.079467, 25.108445 ], [ 110.079472, 25.108443 ], [ 110.079476, 25.108442 ], [ 110.079481, 25.10844 ], [ 110.079486, 25.108439 ], [ 110.07949, 25.108437 ], [ 110.079495, 25.108435 ], [ 110.079499, 25.108434 ], [ 110.079504, 25.108432 ], [ 110.079509, 25.10843 ], [ 110.079513, 25.108429 ], [ 110.079518, 25.108427 ], [ 110.079523, 25.108425 ], [ 110.079527, 25.108424 ], [ 110.079532, 25.108422 ], [ 110.079536, 25.10842 ], [ 110.079541, 25.108419 ], [ 110.079546, 25.108417 ], [ 110.07955, 25.108415 ], [ 110.079555, 25.108414 ], [ 110.079559, 25.108412 ], [ 110.079564, 25.10841 ], [ 110.079569, 25.108408 ], [ 110.079573, 25.108407 ], [ 110.079578, 25.108405 ], [ 110.079582, 25.108403 ], [ 110.079587, 25.108401 ], [ 110.079591, 25.1084 ], [ 110.079596, 25.108398 ], [ 110.079601, 25.108396 ], [ 110.079605, 25.108394 ], [ 110.07961, 25.108393 ], [ 110.079614, 25.108391 ], [ 110.079619, 25.108389 ], [ 110.079623, 25.108387 ], [ 110.079628, 25.108385 ], [ 110.079632, 25.108384 ], [ 110.079637, 25.108382 ], [ 110.079642, 25.10838 ], [ 110.079646, 25.108378 ], [ 110.079651, 25.108376 ], [ 110.079655, 25.108375 ], [ 110.07966, 25.108373 ], [ 110.079664, 25.108371 ], [ 110.079669, 25.108369 ], [ 110.079673, 25.108367 ], [ 110.079678, 25.108365 ], [ 110.079682, 25.108363 ], [ 110.079687, 25.108362 ], [ 110.079691, 25.10836 ], [ 110.079696, 25.108358 ], [ 110.0797, 25.108356 ], [ 110.079705, 25.108354 ], [ 110.079709, 25.108352 ], [ 110.079714, 25.10835 ], [ 110.079718, 25.108348 ], [ 110.079723, 25.108346 ], [ 110.079727, 25.108345 ], [ 110.079732, 25.108343 ], [ 110.079736, 25.108341 ], [ 110.079741, 25.108339 ], [ 110.079745, 25.108337 ], [ 110.07975, 25.108335 ], [ 110.079754, 25.108333 ], [ 110.079759, 25.108331 ], [ 110.079763, 25.108329 ], [ 110.079768, 25.108327 ], [ 110.079772, 25.108325 ], [ 110.079777, 25.108323 ], [ 110.079781, 25.108321 ], [ 110.079786, 25.108319 ], [ 110.07979, 25.108317 ], [ 110.079795, 25.108315 ], [ 110.079799, 25.108313 ], [ 110.079803, 25.108311 ], [ 110.079808, 25.108309 ], [ 110.079812, 25.108307 ], [ 110.079817, 25.108305 ], [ 110.079821, 25.108303 ], [ 110.079826, 25.108301 ], [ 110.07983, 25.108299 ], [ 110.079834, 25.108297 ], [ 110.079839, 25.108295 ], [ 110.079843, 25.108293 ], [ 110.079848, 25.108291 ], [ 110.079852, 25.108289 ], [ 110.079856, 25.108287 ], [ 110.079861, 25.108284 ], [ 110.079865, 25.108282 ], [ 110.07987, 25.10828 ], [ 110.079874, 25.108278 ], [ 110.079878, 25.108276 ], [ 110.079883, 25.108274 ], [ 110.079887, 25.108272 ], [ 110.079892, 25.10827 ], [ 110.079896, 25.108268 ], [ 110.0799, 25.108265 ], [ 110.079905, 25.108263 ], [ 110.079909, 25.108261 ], [ 110.079914, 25.108259 ], [ 110.079918, 25.108257 ], [ 110.079922, 25.108255 ], [ 110.079927, 25.108253 ], [ 110.079931, 25.10825 ], [ 110.079935, 25.108248 ], [ 110.07994, 25.108246 ], [ 110.079944, 25.108244 ], [ 110.079948, 25.108242 ], [ 110.079953, 25.108239 ], [ 110.079957, 25.108237 ], [ 110.079961, 25.108235 ], [ 110.079966, 25.108233 ], [ 110.07997, 25.108231 ], [ 110.079974, 25.108228 ], [ 110.079979, 25.108226 ], [ 110.079983, 25.108224 ], [ 110.079987, 25.108222 ], [ 110.079992, 25.108219 ], [ 110.079996, 25.108217 ], [ 110.08, 25.108215 ], [ 110.080004, 25.108213 ], [ 110.080009, 25.10821 ], [ 110.080013, 25.108208 ], [ 110.080017, 25.108206 ], [ 110.080022, 25.108204 ], [ 110.080026, 25.108201 ], [ 110.08003, 25.108199 ], [ 110.080034, 25.108197 ], [ 110.080039, 25.108194 ], [ 110.080043, 25.108192 ], [ 110.080047, 25.10819 ], [ 110.080052, 25.108187 ], [ 110.080056, 25.108185 ], [ 110.08006, 25.108183 ], [ 110.080064, 25.10818 ], [ 110.080069, 25.108178 ], [ 110.080073, 25.108176 ], [ 110.080077, 25.108173 ], [ 110.080081, 25.108171 ], [ 110.080085, 25.108169 ], [ 110.08009, 25.108166 ], [ 110.080094, 25.108164 ], [ 110.080098, 25.108162 ], [ 110.080102, 25.108159 ], [ 110.080107, 25.108157 ], [ 110.080111, 25.108154 ], [ 110.080115, 25.108152 ], [ 110.080119, 25.10815 ], [ 110.080123, 25.108147 ], [ 110.080128, 25.108145 ], [ 110.080132, 25.108142 ], [ 110.080136, 25.10814 ], [ 110.08014, 25.108138 ], [ 110.080144, 25.108135 ], [ 110.080149, 25.108133 ], [ 110.080153, 25.10813 ], [ 110.080157, 25.108128 ], [ 110.080161, 25.108125 ], [ 110.080165, 25.108123 ], [ 110.080169, 25.10812 ], [ 110.080174, 25.108118 ], [ 110.080178, 25.108115 ], [ 110.080182, 25.108113 ], [ 110.080186, 25.108111 ], [ 110.08019, 25.108108 ], [ 110.080194, 25.108106 ], [ 110.080198, 25.108103 ], [ 110.080203, 25.108101 ], [ 110.080207, 25.108098 ], [ 110.080211, 25.108096 ], [ 110.080212, 25.108095 ], [ 110.080215, 25.108093 ], [ 110.080219, 25.10809 ], [ 110.080223, 25.108088 ], [ 110.080227, 25.108085 ], [ 110.080231, 25.108083 ], [ 110.080235, 25.10808 ], [ 110.08024, 25.108078 ], [ 110.080244, 25.108075 ], [ 110.080248, 25.108073 ], [ 110.080252, 25.10807 ], [ 110.080256, 25.108068 ], [ 110.08026, 25.108065 ], [ 110.080264, 25.108062 ], [ 110.080268, 25.10806 ], [ 110.080272, 25.108057 ], [ 110.080276, 25.108055 ], [ 110.08028, 25.108052 ], [ 110.080284, 25.108049 ], [ 110.080288, 25.108047 ], [ 110.080292, 25.108044 ], [ 110.080297, 25.108042 ], [ 110.080301, 25.108039 ], [ 110.080305, 25.108036 ], [ 110.080309, 25.108034 ], [ 110.080313, 25.108031 ], [ 110.080317, 25.108028 ], [ 110.080321, 25.108026 ], [ 110.080325, 25.108023 ], [ 110.080329, 25.10802 ], [ 110.080333, 25.108018 ], [ 110.080337, 25.108015 ], [ 110.080341, 25.108012 ], [ 110.080345, 25.10801 ], [ 110.080349, 25.108007 ], [ 110.080353, 25.108004 ], [ 110.080357, 25.108002 ], [ 110.080361, 25.107999 ], [ 110.080365, 25.107996 ], [ 110.080369, 25.107994 ], [ 110.080373, 25.107991 ], [ 110.080377, 25.107988 ], [ 110.080381, 25.107985 ], [ 110.080385, 25.107983 ], [ 110.080388, 25.10798 ], [ 110.080392, 25.107977 ], [ 110.080396, 25.107974 ], [ 110.0804, 25.107972 ], [ 110.080404, 25.107969 ], [ 110.080408, 25.107966 ], [ 110.080412, 25.107963 ], [ 110.080416, 25.107961 ], [ 110.08042, 25.107958 ], [ 110.080424, 25.107955 ], [ 110.080428, 25.107952 ], [ 110.080432, 25.10795 ], [ 110.080436, 25.107947 ], [ 110.080439, 25.107944 ], [ 110.080443, 25.107941 ], [ 110.080447, 25.107938 ], [ 110.080451, 25.107936 ], [ 110.080455, 25.107933 ], [ 110.080459, 25.10793 ], [ 110.080564, 25.107854 ], [ 110.080635, 25.107802 ], [ 110.081311, 25.10731 ], [ 110.082828, 25.106206 ], [ 110.082998, 25.106083 ] ] ] } },
{ "type": "Feature", "properties": { "BSM": null, "DLBM": null, "DLMC": null, "图斑面积": 0.0, "坐落单位": null, "企业名称": "桂林永福华源科技有限公司", "行业代码": "C26", "行业名称": "化学原料和化学制品制造业", "产值": 0.0, "行政区": "临桂苏桥", "用地性": "1001工业用地" }, "geometry": { "type": "Polygon", "coordinates": [ [ [ 110.079292, 25.105594 ], [ 110.076886, 25.102933 ], [ 110.075482, 25.103482 ], [ 110.075253, 25.103574 ], [ 110.075026, 25.103671 ], [ 110.075025, 25.103671 ], [ 110.0748, 25.103772 ], [ 110.074578, 25.103877 ], [ 110.074578, 25.103878 ], [ 110.074358, 25.103987 ], [ 110.074141, 25.104101 ], [ 110.0766, 25.107067 ], [ 110.07685, 25.107368 ], [ 110.079292, 25.105594 ] ] ] } },
{ "type": "Feature", "properties": { "BSM": null, "DLBM": null, "DLMC": null, "图斑面积": 0.0, "坐落单位": null, "企业名称": "规划用地", "行业代码": null, "行业名称": null, "产值": 0.0, "行政区": "临桂苏桥", "用地性": "1001工业用地" }, "geometry": { "type": "Polygon", "coordinates": [ [ [ 110.079022, 25.102171 ], [ 110.078948, 25.102178 ], [ 110.078875, 25.102188 ], [ 110.078802, 25.102202 ], [ 110.078802, 25.102202 ], [ 110.07873, 25.10222 ], [ 110.078659, 25.102242 ], [ 110.07859, 25.102267 ], [ 110.077076, 25.102859 ], [ 110.079152, 25.105155 ], [ 110.079447, 25.105481 ], [ 110.081363, 25.104089 ], [ 110.080191, 25.102658 ], [ 110.080144, 25.102605 ], [ 110.080095, 25.102554 ], [ 110.080043, 25.102506 ], [ 110.080043, 25.102506 ], [ 110.079987, 25.10246 ], [ 110.07993, 25.102417 ], [ 110.079869, 25.102378 ], [ 110.079869, 25.102378 ], [ 110.079806, 25.102341 ], [ 110.079741, 25.102308 ], [ 110.079675, 25.102278 ], [ 110.079675, 25.102278 ], [ 110.079606, 25.102252 ], [ 110.079536, 25.102229 ], [ 110.079465, 25.102209 ], [ 110.079392, 25.102194 ], [ 110.079319, 25.102182 ], [ 110.079245, 25.102173 ], [ 110.079245, 25.102173 ], [ 110.079171, 25.102169 ], [ 110.079096, 25.102168 ], [ 110.079022, 25.102171 ] ] ] } },
{ "type": "Feature", "properties": { "BSM": null, "DLBM": null, "DLMC": null, "图斑面积": 0.0, "坐落单位": null, "企业名称": "桂林市惠昌盛实业有限公司", "行业代码": "C30", "行业名称": "非金属矿物制品业", "产值": 0.0, "行政区": "临桂苏桥", "用地性": "1001工业用地" }, "geometry": { "type": "Polygon", "coordinates": [ [ [ 110.072504, 25.109676 ], [ 110.072594, 25.109486 ], [ 110.072618, 25.109436 ], [ 110.072072, 25.108646 ], [ 110.071968, 25.108495 ], [ 110.07102, 25.107122 ], [ 110.07102, 25.107122 ], [ 110.070907, 25.106964 ], [ 110.070789, 25.106809 ], [ 110.070666, 25.106658 ], [ 110.070591, 25.106572 ], [ 110.0706, 25.106599 ], [ 110.070583, 25.106597 ], [ 110.070535, 25.106593 ], [ 110.070497, 25.106601 ], [ 110.07049, 25.106602 ], [ 110.070458, 25.106615 ], [ 110.070426, 25.106627 ], [ 110.070426, 25.106627 ], [ 110.070425, 25.106627 ], [ 110.070394, 25.106588 ], [ 110.07037, 25.106564 ], [ 110.070286, 25.106482 ], [ 110.070067, 25.106265 ], [ 110.070067, 25.106265 ], [ 110.070073, 25.106231 ], [ 110.070064, 25.106221 ], [ 110.070037, 25.106218 ], [ 110.070031, 25.106229 ], [ 110.069741, 25.106194 ], [ 110.069738, 25.106213 ], [ 110.068897, 25.106098 ], [ 110.067058, 25.105847 ], [ 110.066751, 25.107614 ], [ 110.06654, 25.108531 ], [ 110.067047, 25.109146 ], [ 110.067079, 25.109139 ], [ 110.06708, 25.10914 ], [ 110.06707, 25.109142 ], [ 110.067405, 25.109619 ], [ 110.067406, 25.109619 ], [ 110.067406, 25.109619 ], [ 110.067407, 25.109619 ], [ 110.067487, 25.109733 ], [ 110.067495, 25.109745 ], [ 110.067565, 25.109844 ], [ 110.067766, 25.110131 ], [ 110.067766, 25.110131 ], [ 110.067811, 25.110136 ], [ 110.06788, 25.1102 ], [ 110.067882, 25.110204 ], [ 110.067934, 25.110304 ], [ 110.067995, 25.110286 ], [ 110.068013, 25.110286 ], [ 110.068013, 25.110286 ], [ 110.06809, 25.11039 ], [ 110.068129, 25.110476 ], [ 110.072504, 25.109676 ] ] ] } },
{ "type": "Feature", "properties": { "BSM": null, "DLBM": null, "DLMC": null, "图斑面积": 0.0, "坐落单位": null, "企业名称": "桂林华超科技有限公司", "行业代码": "C30", "行业名称": "非金属矿物制品业", "产值": 0.0, "行政区": "临桂苏桥", "用地性": "1001工业用地" }, "geometry": { "type": "Polygon", "coordinates": [ [ [ 110.076021, 25.109124 ], [ 110.075893, 25.108709 ], [ 110.073307, 25.107871 ], [ 110.072408, 25.107563 ], [ 110.071583, 25.107174 ], [ 110.071496, 25.107133 ], [ 110.073022, 25.109344 ], [ 110.073152, 25.109407 ], [ 110.073513, 25.109583 ], [ 110.076021, 25.109124 ] ] ] } },
{ "type": "Feature", "properties": { "BSM": null, "DLBM": null, "DLMC": null, "图斑面积": 0.0, "坐落单位": null, "企业名称": "广西甙元植物制品有限公司", "行业代码": "C14", "行业名称": "食品制造业", "产值": 0.0, "行政区": "临桂苏桥", "用地性": "1001工业用地" }, "geometry": { "type": "Polygon", "coordinates": [ [ [ 110.023818, 25.116944 ], [ 110.023806, 25.114332 ], [ 110.023806, 25.114332 ], [ 110.023283, 25.114328 ], [ 110.023117, 25.114327 ], [ 110.022699, 25.114305 ], [ 110.021117, 25.113946 ], [ 110.021115, 25.113954 ], [ 110.021098, 25.114048 ], [ 110.021078, 25.114109 ], [ 110.021052, 25.114199 ], [ 110.021039, 25.114275 ], [ 110.021023, 25.114378 ], [ 110.02101, 25.114439 ], [ 110.021004, 25.114471 ], [ 110.020492, 25.114467 ], [ 110.020487, 25.113156 ], [ 110.020486, 25.113114 ], [ 110.020485, 25.112897 ], [ 110.020485, 25.112773 ], [ 110.020485, 25.112773 ], [ 110.020485, 25.112774 ], [ 110.020481, 25.112776 ], [ 110.020464, 25.112784 ], [ 110.020454, 25.11279 ], [ 110.020425, 25.112805 ], [ 110.020385, 25.112826 ], [ 110.020345, 25.112846 ], [ 110.020304, 25.112866 ], [ 110.020281, 25.112877 ], [ 110.020269, 25.112883 ], [ 110.019824, 25.113052 ], [ 110.019824, 25.113164 ], [ 110.019825, 25.113248 ], [ 110.019825, 25.113321 ], [ 110.019826, 25.113428 ], [ 110.019826, 25.113444 ], [ 110.019826, 25.113656 ], [ 110.019827, 25.113716 ], [ 110.019827, 25.11384 ], [ 110.019827, 25.113869 ], [ 110.019828, 25.114094 ], [ 110.019829, 25.11414 ], [ 110.019829, 25.114266 ], [ 110.019829, 25.114287 ], [ 110.01983, 25.114521 ], [ 110.01983, 25.114551 ], [ 110.01983, 25.114566 ], [ 110.019831, 25.114697 ], [ 110.019831, 25.114804 ], [ 110.019832, 25.114849 ], [ 110.01984, 25.116958 ], [ 110.020005, 25.116958 ], [ 110.023451, 25.116946 ], [ 110.023818, 25.116944 ] ] ] } },
{ "type": "Feature", "properties": { "BSM": null, "DLBM": null, "DLMC": null, "图斑面积": 0.0, "坐落单位": null, "企业名称": "百坚汽车附件公司", "行业代码": "C36", "行业名称": "汽车制造业", "产值": 0.0, "行政区": "临桂苏桥", "用地性": "1001工业用地" }, "geometry": { "type": "Polygon", "coordinates": [ [ [ 110.03747, 25.099422 ], [ 110.037451, 25.099421 ], [ 110.037416, 25.09942 ], [ 110.03622, 25.099391 ], [ 110.035458, 25.099376 ], [ 110.035442, 25.099375 ], [ 110.035422, 25.099375 ], [ 110.035473, 25.099602 ], [ 110.035549, 25.099941 ], [ 110.035656, 25.100415 ], [ 110.035925, 25.100664 ], [ 110.03745, 25.100659 ], [ 110.03747, 25.099422 ], [ 110.03747, 25.099422 ] ] ] } },
{ "type": "Feature", "properties": { "BSM": null, "DLBM": null, "DLMC": null, "图斑面积": 0.0, "坐落单位": null, "企业名称": "桂林澳林制药有限责任公司", "行业代码": "C27", "行业名称": "医药制造业", "产值": 0.0, "行政区": "临桂苏桥", "用地性": "1001工业用地" }, "geometry": { "type": "Polygon", "coordinates": [ [ [ 110.011112, 25.105015 ], [ 110.008557, 25.104954 ], [ 110.008578, 25.10877 ], [ 110.00858, 25.108886 ], [ 110.011394, 25.108872 ], [ 110.011504, 25.105353 ], [ 110.011112, 25.105015 ] ] ] } },
{ "type": "Feature", "properties": { "BSM": null, "DLBM": null, "DLMC": null, "图斑面积": 0.0, "坐落单位": null, "企业名称": "桂林桂广申巴粉体材料有限责任公司", "行业代码": null, "行业名称": null, "产值": 0.0, "行政区": "临桂苏桥", "用地性": "1001工业用地" }, "geometry": { "type": "Polygon", "coordinates": [ [ [ 110.011867, 25.101075 ], [ 110.011653, 25.101067 ], [ 110.011466, 25.101058 ], [ 110.011034, 25.101038 ], [ 110.011067, 25.100449 ], [ 110.008522, 25.100457 ], [ 110.008574, 25.104412 ], [ 110.011197, 25.104475 ], [ 110.011579, 25.104157 ], [ 110.011854, 25.101253 ], [ 110.011865, 25.101119 ], [ 110.011867, 25.101077 ], [ 110.011867, 25.101075 ] ] ] } },
{ "type": "Feature", "properties": { "BSM": null, "DLBM": null, "DLMC": null, "图斑面积": 0.0, "坐落单位": null, "企业名称": "规划用地", "行业代码": null, "行业名称": null, "产值": 0.0, "行政区": "临桂苏桥", "用地性": "1001工业用地" }, "geometry": { "type": "Polygon", "coordinates": [ [ [ 110.075596, 25.118712 ], [ 110.072556, 25.120572 ], [ 110.072498, 25.120857 ], [ 110.07278, 25.121203 ], [ 110.072913, 25.121365 ], [ 110.073081, 25.121268 ], [ 110.07328, 25.121153 ], [ 110.073602, 25.120967 ], [ 110.073989, 25.120743 ], [ 110.074392, 25.120512 ], [ 110.074394, 25.120515 ], [ 110.075812, 25.119701 ], [ 110.076197, 25.11948 ], [ 110.076425, 25.119284 ], [ 110.075634, 25.118733 ], [ 110.075596, 25.118712 ] ] ] } },
{ "type": "Feature", "properties": { "BSM": null, "DLBM": null, "DLMC": null, "图斑面积": 0.0, "坐落单位": null, "企业名称": "正点实业", "行业代码": "C41", "行业名称": "其他制造业", "产值": 0.0, "行政区": "临桂苏桥", "用地性": "1001工业用地" }, "geometry": { "type": "Polygon", "coordinates": [ [ [ 110.036836, 25.105041 ], [ 110.036852, 25.105089 ], [ 110.037035, 25.105093 ], [ 110.037173, 25.105097 ], [ 110.038384, 25.105126 ], [ 110.038366, 25.100881 ], [ 110.037547, 25.100884 ], [ 110.035967, 25.10089 ], [ 110.035811, 25.101049 ], [ 110.035849, 25.101177 ], [ 110.036025, 25.101757 ], [ 110.036216, 25.102387 ], [ 110.036251, 25.102502 ], [ 110.036524, 25.103406 ], [ 110.036751, 25.104156 ], [ 110.03682, 25.104385 ], [ 110.036873, 25.104558 ], [ 110.036884, 25.104586 ], [ 110.036884, 25.104586 ], [ 110.0369, 25.104611 ], [ 110.0369, 25.104611 ], [ 110.03692, 25.104634 ], [ 110.03692, 25.104634 ], [ 110.036943, 25.104654 ], [ 110.036943, 25.104654 ], [ 110.03697, 25.10467 ], [ 110.037001, 25.104688 ], [ 110.037028, 25.104711 ], [ 110.037051, 25.104738 ], [ 110.037068, 25.104768 ], [ 110.037079, 25.1048 ], [ 110.037085, 25.104833 ], [ 110.037084, 25.104867 ], [ 110.037076, 25.1049 ], [ 110.037063, 25.104931 ], [ 110.037044, 25.10496 ], [ 110.03702, 25.104986 ], [ 110.037006, 25.104998 ], [ 110.036992, 25.105007 ], [ 110.036992, 25.105007 ], [ 110.03696, 25.105024 ], [ 110.03696, 25.105024 ], [ 110.036925, 25.105036 ], [ 110.036925, 25.105036 ], [ 110.036889, 25.105042 ], [ 110.036889, 25.105042 ], [ 110.036852, 25.105043 ], [ 110.036852, 25.105043 ], [ 110.036836, 25.105041 ] ] ] } },
{ "type": "Feature", "properties": { "BSM": null, "DLBM": null, "DLMC": null, "图斑面积": 0.0, "坐落单位": null, "企业名称": "八加一药业股份有限公司", "行业代码": "C27", "行业名称": "医药制造业", "产值": 0.0, "行政区": "临桂苏桥", "用地性": "1001工业用地" }, "geometry": { "type": "Polygon", "coordinates": [ [ [ 110.024564, 25.11724 ], [ 110.024565, 25.117482 ], [ 110.024565, 25.117592 ], [ 110.024567, 25.117874 ], [ 110.024567, 25.117998 ], [ 110.024569, 25.118311 ], [ 110.024569, 25.118412 ], [ 110.02457, 25.118769 ], [ 110.024571, 25.118852 ], [ 110.024572, 25.119169 ], [ 110.024573, 25.119276 ], [ 110.024574, 25.119555 ], [ 110.024574, 25.119679 ], [ 110.024575, 25.119765 ], [ 110.024575, 25.119859 ], [ 110.024575, 25.119898 ], [ 110.024576, 25.119985 ], [ 110.024576, 25.12003 ], [ 110.024576, 25.120032 ], [ 110.024576, 25.12007 ], [ 110.024576, 25.120092 ], [ 110.024576, 25.120134 ], [ 110.024576, 25.120153 ], [ 110.024576, 25.12016 ], [ 110.024577, 25.120191 ], [ 110.024577, 25.120219 ], [ 110.024577, 25.120231 ], [ 110.024736, 25.12041 ], [ 110.024766, 25.120414 ], [ 110.024796, 25.120418 ], [ 110.025017, 25.120446 ], [ 110.025939, 25.120564 ], [ 110.025944, 25.120564 ], [ 110.025949, 25.120565 ], [ 110.025949, 25.120565 ], [ 110.025954, 25.120566 ], [ 110.025958, 25.120566 ], [ 110.025963, 25.120567 ], [ 110.025968, 25.120568 ], [ 110.025973, 25.120568 ], [ 110.025978, 25.120569 ], [ 110.025983, 25.120569 ], [ 110.025986, 25.12057 ], [ 110.025988, 25.12057 ], [ 110.025993, 25.120571 ], [ 110.025998, 25.120571 ], [ 110.026003, 25.120572 ], [ 110.026008, 25.120573 ], [ 110.026013, 25.120573 ], [ 110.026018, 25.120574 ], [ 110.026023, 25.120575 ], [ 110.026025, 25.120575 ], [ 110.026028, 25.120575 ], [ 110.026033, 25.120576 ], [ 110.026038, 25.120576 ], [ 110.026043, 25.120577 ], [ 110.026048, 25.120578 ], [ 110.026053, 25.120578 ], [ 110.026058, 25.120579 ], [ 110.026062, 25.12058 ], [ 110.026065, 25.12058 ], [ 110.026067, 25.12058 ], [ 110.026072, 25.120581 ], [ 110.026077, 25.120582 ], [ 110.026082, 25.120582 ], [ 110.026087, 25.120583 ], [ 110.026092, 25.120584 ], [ 110.026097, 25.120584 ], [ 110.026102, 25.120585 ], [ 110.026105, 25.120585 ], [ 110.026107, 25.120586 ], [ 110.026112, 25.120586 ], [ 110.026117, 25.120587 ], [ 110.026122, 25.120588 ], [ 110.026128, 25.120589 ], [ 110.026133, 25.120589 ], [ 110.026138, 25.12059 ], [ 110.026143, 25.120591 ], [ 110.026145, 25.120591 ], [ 110.026148, 25.120591 ], [ 110.026153, 25.120592 ], [ 110.026158, 25.120593 ], [ 110.026163, 25.120593 ], [ 110.026168, 25.120594 ], [ 110.026173, 25.120595 ], [ 110.026178, 25.120596 ], [ 110.026183, 25.120596 ], [ 110.026185, 25.120597 ], [ 110.026188, 25.120597 ], [ 110.026193, 25.120598 ], [ 110.026198, 25.120599 ], [ 110.026203, 25.120599 ], [ 110.026208, 25.1206 ], [ 110.026213, 25.120601 ], [ 110.026218, 25.120602 ], [ 110.026223, 25.120602 ], [ 110.026226, 25.120603 ], [ 110.026228, 25.120603 ], [ 110.026233, 25.120604 ], [ 110.026239, 25.120605 ], [ 110.026244, 25.120606 ], [ 110.026249, 25.120606 ], [ 110.026254, 25.120607 ], [ 110.026259, 25.120608 ], [ 110.026264, 25.120609 ], [ 110.026266, 25.120609 ], [ 110.026269, 25.12061 ], [ 110.026274, 25.12061 ], [ 110.026279, 25.120611 ], [ 110.026284, 25.120612 ], [ 110.026289, 25.120613 ], [ 110.026294, 25.120614 ], [ 110.0263, 25.120615 ], [ 110.026305, 25.120615 ], [ 110.02631, 25.120616 ], [ 110.026315, 25.120617 ], [ 110.02632, 25.120618 ], [ 110.026325, 25.120619 ], [ 110.02633, 25.12062 ], [ 110.026335, 25.120621 ], [ 110.02634, 25.120621 ], [ 110.026346, 25.120622 ], [ 110.026351, 25.120623 ], [ 110.026356, 25.120624 ], [ 110.026361, 25.120625 ], [ 110.026366, 25.120626 ], [ 110.026371, 25.120627 ], [ 110.026376, 25.120628 ], [ 110.026381, 25.120629 ], [ 110.026383, 25.120629 ], [ 110.026387, 25.12063 ], [ 110.026392, 25.120631 ], [ 110.026402, 25.120633 ], [ 110.026406, 25.120634 ], [ 110.026408, 25.120634 ], [ 110.026408, 25.120634 ], [ 110.026411, 25.120635 ], [ 110.026414, 25.120635 ], [ 110.026418, 25.120636 ], [ 110.026421, 25.120636 ], [ 110.026425, 25.120637 ], [ 110.026425, 25.120637 ], [ 110.026426, 25.120637 ], [ 110.026429, 25.120638 ], [ 110.026435, 25.120639 ], [ 110.026435, 25.120639 ], [ 110.026438, 25.12064 ], [ 110.026439, 25.12064 ], [ 110.026441, 25.12064 ], [ 110.026442, 25.120641 ], [ 110.026445, 25.120641 ], [ 110.026445, 25.120641 ], [ 110.026448, 25.120642 ], [ 110.026449, 25.120642 ], [ 110.026452, 25.120643 ], [ 110.026455, 25.120643 ], [ 110.026455, 25.120643 ], [ 110.026458, 25.120644 ], [ 110.026459, 25.120644 ], [ 110.026461, 25.120645 ], [ 110.026465, 25.120645 ], [ 110.026468, 25.120646 ], [ 110.026475, 25.120647 ], [ 110.026475, 25.120647 ], [ 110.026484, 25.120649 ], [ 110.02649, 25.120651 ], [ 110.026491, 25.120651 ], [ 110.026492, 25.120651 ], [ 110.026493, 25.120651 ], [ 110.026494, 25.120652 ], [ 110.026496, 25.120652 ], [ 110.026497, 25.120652 ], [ 110.0265, 25.120653 ], [ 110.026502, 25.120653 ], [ 110.026503, 25.120653 ], [ 110.026505, 25.120654 ], [ 110.026506, 25.120654 ], [ 110.026508, 25.120654 ], [ 110.026508, 25.120654 ], [ 110.026509, 25.120655 ], [ 110.026513, 25.120656 ], [ 110.026516, 25.120656 ], [ 110.026519, 25.120657 ], [ 110.026519, 25.120657 ], [ 110.026521, 25.120657 ], [ 110.026523, 25.120658 ], [ 110.026524, 25.120658 ], [ 110.026525, 25.120658 ], [ 110.026526, 25.120659 ], [ 110.026527, 25.120659 ], [ 110.02653, 25.120659 ], [ 110.026534, 25.12066 ], [ 110.026537, 25.120661 ], [ 110.026541, 25.120662 ], [ 110.026541, 25.120662 ], [ 110.026548, 25.120663 ], [ 110.026551, 25.120664 ], [ 110.026551, 25.120664 ], [ 110.026554, 25.120665 ], [ 110.026554, 25.120665 ], [ 110.026557, 25.120666 ], [ 110.026558, 25.120666 ], [ 110.026558, 25.120666 ], [ 110.026561, 25.120666 ], [ 110.026561, 25.120666 ], [ 110.026564, 25.120667 ], [ 110.026567, 25.120668 ], [ 110.026571, 25.120669 ], [ 110.026574, 25.120669 ], [ 110.026574, 25.12067 ], [ 110.026577, 25.12067 ], [ 110.02658, 25.120671 ], [ 110.02659, 25.120673 ], [ 110.026591, 25.120673 ], [ 110.026596, 25.120675 ], [ 110.026598, 25.120675 ], [ 110.026604, 25.120677 ], [ 110.026605, 25.120677 ], [ 110.026607, 25.120677 ], [ 110.026607, 25.120677 ], [ 110.026609, 25.120678 ], [ 110.02661, 25.120678 ], [ 110.026612, 25.120679 ], [ 110.02662, 25.120681 ], [ 110.026622, 25.120681 ], [ 110.026623, 25.120682 ], [ 110.026623, 25.120682 ], [ 110.026626, 25.120682 ], [ 110.026626, 25.120682 ], [ 110.026629, 25.120683 ], [ 110.026633, 25.120684 ], [ 110.026636, 25.120685 ], [ 110.026639, 25.120686 ], [ 110.02664, 25.120686 ], [ 110.02664, 25.120686 ], [ 110.026644, 25.120687 ], [ 110.02665, 25.120688 ], [ 110.026651, 25.120689 ], [ 110.026653, 25.120689 ], [ 110.026654, 25.120689 ], [ 110.026656, 25.12069 ], [ 110.026656, 25.12069 ], [ 110.026657, 25.12069 ], [ 110.026661, 25.120691 ], [ 110.026664, 25.120692 ], [ 110.026669, 25.120693 ], [ 110.02667, 25.120694 ], [ 110.026672, 25.120694 ], [ 110.026673, 25.120694 ], [ 110.026673, 25.120694 ], [ 110.026676, 25.120695 ], [ 110.026679, 25.120696 ], [ 110.026679, 25.120696 ], [ 110.026682, 25.120697 ], [ 110.026682, 25.120697 ], [ 110.026686, 25.120698 ], [ 110.026686, 25.120698 ], [ 110.026689, 25.120699 ], [ 110.026689, 25.120699 ], [ 110.026692, 25.120699 ], [ 110.026698, 25.120701 ], [ 110.026705, 25.120703 ], [ 110.026705, 25.120703 ], [ 110.026708, 25.120704 ], [ 110.026711, 25.120705 ], [ 110.026721, 25.120707 ], [ 110.026721, 25.120707 ], [ 110.026721, 25.120707 ], [ 110.026725, 25.120708 ], [ 110.026725, 25.120708 ], [ 110.026728, 25.120709 ], [ 110.026728, 25.120709 ], [ 110.026731, 25.12071 ], [ 110.026734, 25.120711 ], [ 110.026738, 25.120712 ], [ 110.026738, 25.120712 ], [ 110.026739, 25.120712 ], [ 110.026742, 25.120713 ], [ 110.026742, 25.120713 ], [ 110.026745, 25.120714 ], [ 110.026746, 25.120714 ], [ 110.026748, 25.120715 ], [ 110.026749, 25.120715 ], [ 110.026751, 25.120716 ], [ 110.026752, 25.120716 ], [ 110.026754, 25.120717 ], [ 110.026754, 25.120717 ], [ 110.026755, 25.120717 ], [ 110.026757, 25.120718 ], [ 110.026759, 25.120718 ], [ 110.026763, 25.120719 ], [ 110.026765, 25.12072 ], [ 110.026766, 25.12072 ], [ 110.026769, 25.120721 ], [ 110.02677, 25.120721 ], [ 110.02677, 25.120721 ], [ 110.026772, 25.120722 ], [ 110.026775, 25.120723 ], [ 110.026775, 25.120723 ], [ 110.02678, 25.120724 ], [ 110.026781, 25.120725 ], [ 110.026783, 25.120725 ], [ 110.026785, 25.120726 ], [ 110.026786, 25.120726 ], [ 110.026786, 25.120726 ], [ 110.026788, 25.120727 ], [ 110.026789, 25.120727 ], [ 110.026791, 25.120728 ], [ 110.026795, 25.120729 ], [ 110.026798, 25.12073 ], [ 110.0268, 25.12073 ], [ 110.026801, 25.12073 ], [ 110.026803, 25.120731 ], [ 110.026803, 25.120731 ], [ 110.026804, 25.120731 ], [ 110.026807, 25.120732 ], [ 110.02681, 25.120733 ], [ 110.026811, 25.120733 ], [ 110.026813, 25.120734 ], [ 110.026814, 25.120735 ], [ 110.026816, 25.120735 ], [ 110.026818, 25.120736 ], [ 110.026819, 25.120736 ], [ 110.026819, 25.120736 ], [ 110.026821, 25.120737 ], [ 110.026822, 25.120737 ], [ 110.026825, 25.120738 ], [ 110.026825, 25.120738 ], [ 110.026828, 25.120739 ], [ 110.026831, 25.12074 ], [ 110.026832, 25.12074 ], [ 110.026835, 25.120741 ], [ 110.026835, 25.120741 ], [ 110.026838, 25.120742 ], [ 110.026838, 25.120742 ], [ 110.026842, 25.120743 ], [ 110.026845, 25.120744 ], [ 110.026845, 25.120744 ], [ 110.026848, 25.120745 ], [ 110.026849, 25.120745 ], [ 110.026851, 25.120746 ], [ 110.026851, 25.120746 ], [ 110.026852, 25.120746 ], [ 110.026859, 25.120748 ], [ 110.026864, 25.12075 ], [ 110.026866, 25.120751 ], [ 110.026867, 25.120751 ], [ 110.026868, 25.120751 ], [ 110.026869, 25.120752 ], [ 110.026873, 25.120753 ], [ 110.026875, 25.120754 ], [ 110.026878, 25.120755 ], [ 110.026878, 25.120755 ], [ 110.026883, 25.120756 ], [ 110.026883, 25.120756 ], [ 110.026884, 25.120757 ], [ 110.026888, 25.120758 ], [ 110.02689, 25.120759 ], [ 110.026896, 25.12076 ], [ 110.026896, 25.12076 ], [ 110.026899, 25.120761 ], [ 110.026899, 25.120761 ], [ 110.026902, 25.120762 ], [ 110.026902, 25.120762 ], [ 110.026905, 25.120763 ], [ 110.026915, 25.120767 ], [ 110.026915, 25.120767 ], [ 110.026921, 25.120769 ], [ 110.026925, 25.12077 ], [ 110.026925, 25.12077 ], [ 110.026928, 25.120771 ], [ 110.026928, 25.120771 ], [ 110.026931, 25.120772 ], [ 110.026931, 25.120772 ], [ 110.026934, 25.120773 ], [ 110.026935, 25.120773 ], [ 110.026938, 25.120774 ], [ 110.026944, 25.120777 ], [ 110.026947, 25.120777 ], [ 110.026947, 25.120778 ], [ 110.026947, 25.120778 ], [ 110.026953, 25.12078 ], [ 110.026956, 25.120781 ], [ 110.026959, 25.120782 ], [ 110.026963, 25.120783 ], [ 110.026963, 25.120783 ], [ 110.026965, 25.120784 ], [ 110.026971, 25.120786 ], [ 110.026974, 25.120787 ], [ 110.026976, 25.120788 ], [ 110.026977, 25.120788 ], [ 110.026979, 25.120789 ], [ 110.026979, 25.120789 ], [ 110.02698, 25.120789 ], [ 110.026981, 25.12079 ], [ 110.026984, 25.12079 ], [ 110.026986, 25.120791 ], [ 110.026987, 25.120792 ], [ 110.026989, 25.120792 ], [ 110.026991, 25.120793 ], [ 110.026994, 25.120794 ], [ 110.026995, 25.120794 ], [ 110.026997, 25.120795 ], [ 110.027001, 25.120797 ], [ 110.02701, 25.1208 ], [ 110.02701, 25.1208 ], [ 110.027011, 25.1208 ], [ 110.027013, 25.120801 ], [ 110.027015, 25.120802 ], [ 110.027023, 25.120805 ], [ 110.027024, 25.120805 ], [ 110.027026, 25.120806 ], [ 110.027026, 25.120806 ], [ 110.027028, 25.120806 ], [ 110.027029, 25.120807 ], [ 110.027031, 25.120808 ], [ 110.027031, 25.120808 ], [ 110.027034, 25.120809 ], [ 110.027037, 25.12081 ], [ 110.027037, 25.12081 ], [ 110.027039, 25.120811 ], [ 110.02704, 25.120811 ], [ 110.027042, 25.120812 ], [ 110.027042, 25.120812 ], [ 110.027045, 25.120813 ], [ 110.027058, 25.120818 ], [ 110.027058, 25.120818 ], [ 110.027058, 25.120818 ], [ 110.027061, 25.120819 ], [ 110.027064, 25.12082 ], [ 110.027068, 25.120821 ], [ 110.027071, 25.120822 ], [ 110.027073, 25.120823 ], [ 110.027073, 25.120824 ], [ 110.027074, 25.120824 ], [ 110.027076, 25.120824 ], [ 110.027079, 25.120826 ], [ 110.027079, 25.120826 ], [ 110.027086, 25.120828 ], [ 110.027086, 25.120828 ], [ 110.027089, 25.12083 ], [ 110.027089, 25.12083 ], [ 110.027089, 25.12083 ], [ 110.027096, 25.120832 ], [ 110.027099, 25.120834 ], [ 110.027103, 25.120835 ], [ 110.027105, 25.120836 ], [ 110.027105, 25.120836 ], [ 110.027105, 25.120836 ], [ 110.027114, 25.12084 ], [ 110.027116, 25.12084 ], [ 110.027117, 25.120841 ], [ 110.027119, 25.120841 ], [ 110.02712, 25.120842 ], [ 110.02712, 25.120842 ], [ 110.027127, 25.120844 ], [ 110.02713, 25.120846 ], [ 110.027133, 25.120847 ], [ 110.027136, 25.120848 ], [ 110.027136, 25.120848 ], [ 110.027139, 25.120849 ], [ 110.027145, 25.120852 ], [ 110.027145, 25.120852 ], [ 110.027148, 25.120853 ], [ 110.027148, 25.120853 ], [ 110.027151, 25.120854 ], [ 110.027152, 25.120855 ], [ 110.027155, 25.120856 ], [ 110.027155, 25.120856 ], [ 110.027158, 25.120857 ], [ 110.027158, 25.120857 ], [ 110.027162, 25.120859 ], [ 110.027164, 25.12086 ], [ 110.027167, 25.120861 ], [ 110.027167, 25.120861 ], [ 110.02717, 25.120862 ], [ 110.02717, 25.120862 ], [ 110.027172, 25.120863 ], [ 110.027176, 25.120864 ], [ 110.027179, 25.120866 ], [ 110.027182, 25.120867 ], [ 110.027183, 25.120867 ], [ 110.027185, 25.120868 ], [ 110.027185, 25.120869 ], [ 110.027188, 25.12087 ], [ 110.027191, 25.120871 ], [ 110.027195, 25.120872 ], [ 110.027197, 25.120873 ], [ 110.027198, 25.120874 ], [ 110.027198, 25.120874 ], [ 110.027205, 25.120877 ], [ 110.027211, 25.120879 ], [ 110.027211, 25.12088 ], [ 110.027213, 25.12088 ], [ 110.027213, 25.12088 ], [ 110.027215, 25.120881 ], [ 110.027218, 25.120883 ], [ 110.027221, 25.120884 ], [ 110.027224, 25.120885 ], [ 110.027224, 25.120885 ], [ 110.027226, 25.120886 ], [ 110.027227, 25.120886 ], [ 110.027229, 25.120887 ], [ 110.027229, 25.120887 ], [ 110.027231, 25.120888 ], [ 110.027237, 25.120891 ], [ 110.027241, 25.120892 ], [ 110.027244, 25.120894 ], [ 110.027244, 25.120894 ], [ 110.027247, 25.120895 ], [ 110.027251, 25.120897 ], [ 110.027254, 25.120898 ], [ 110.027254, 25.120898 ], [ 110.027259, 25.1209 ], [ 110.027259, 25.120901 ], [ 110.027265, 25.120903 ], [ 110.027268, 25.120905 ], [ 110.027271, 25.120906 ], [ 110.027275, 25.120907 ], [ 110.027275, 25.120907 ], [ 110.027278, 25.120909 ], [ 110.027281, 25.12091 ], [ 110.027284, 25.120911 ], [ 110.027284, 25.120911 ], [ 110.027287, 25.120913 ], [ 110.027287, 25.120913 ], [ 110.02729, 25.120914 ], [ 110.02729, 25.120914 ], [ 110.02729, 25.120914 ], [ 110.027297, 25.120917 ], [ 110.0273, 25.120919 ], [ 110.0273, 25.120919 ], [ 110.027305, 25.120921 ], [ 110.027305, 25.120921 ], [ 110.027307, 25.120922 ], [ 110.027308, 25.120922 ], [ 110.02731, 25.120924 ], [ 110.02732, 25.120928 ], [ 110.02732, 25.120928 ], [ 110.027323, 25.120929 ], [ 110.027325, 25.120931 ], [ 110.027326, 25.120931 ], [ 110.027328, 25.120932 ], [ 110.027331, 25.120933 ], [ 110.027331, 25.120933 ], [ 110.027335, 25.120935 ], [ 110.027336, 25.120935 ], [ 110.027337, 25.120936 ], [ 110.027338, 25.120936 ], [ 110.02734, 25.120937 ], [ 110.027343, 25.120939 ], [ 110.027343, 25.120939 ], [ 110.027345, 25.12094 ], [ 110.027346, 25.12094 ], [ 110.027348, 25.120941 ], [ 110.027348, 25.120941 ], [ 110.02735, 25.120942 ], [ 110.027351, 25.120943 ], [ 110.027351, 25.120943 ], [ 110.027357, 25.120946 ], [ 110.02736, 25.120947 ], [ 110.02736, 25.120947 ], [ 110.027363, 25.120948 ], [ 110.027363, 25.120948 ], [ 110.027365, 25.12095 ], [ 110.027366, 25.12095 ], [ 110.027366, 25.12095 ], [ 110.027367, 25.120951 ], [ 110.027369, 25.120951 ], [ 110.027372, 25.120953 ], [ 110.027373, 25.120953 ], [ 110.027375, 25.120954 ], [ 110.027376, 25.120955 ], [ 110.027381, 25.120957 ], [ 110.027381, 25.120957 ], [ 110.027386, 25.12096 ], [ 110.027389, 25.120961 ], [ 110.027392, 25.120963 ], [ 110.027395, 25.120964 ], [ 110.027395, 25.120964 ], [ 110.027396, 25.120964 ], [ 110.027398, 25.120966 ], [ 110.02741, 25.120972 ], [ 110.027411, 25.120972 ], [ 110.027411, 25.120972 ], [ 110.027413, 25.120973 ], [ 110.027419, 25.120976 ], [ 110.027421, 25.120977 ], [ 110.027425, 25.120979 ], [ 110.027426, 25.120979 ], [ 110.027427, 25.12098 ], [ 110.02743, 25.120982 ], [ 110.02743, 25.120982 ], [ 110.027434, 25.120983 ], [ 110.027434, 25.120983 ], [ 110.027437, 25.120985 ], [ 110.027437, 25.120985 ], [ 110.02744, 25.120987 ], [ 110.02744, 25.120987 ], [ 110.02744, 25.120987 ], [ 110.027455, 25.120994 ], [ 110.027773, 25.118748 ], [ 110.027893, 25.117904 ], [ 110.027764, 25.117844 ], [ 110.027633, 25.117788 ], [ 110.027501, 25.117736 ], [ 110.0275, 25.117736 ], [ 110.027366, 25.117687 ], [ 110.027231, 25.117642 ], [ 110.027093, 25.1176 ], [ 110.027093, 25.1176 ], [ 110.026955, 25.117563 ], [ 110.026815, 25.117529 ], [ 110.026675, 25.117499 ], [ 110.026675, 25.117499 ], [ 110.026533, 25.117473 ], [ 110.026391, 25.117451 ], [ 110.026248, 25.117432 ], [ 110.024564, 25.11724 ] ] ] } },
{ "type": "Feature", "properties": { "BSM": null, "DLBM": null, "DLMC": null, "图斑面积": 0.0, "坐落单位": null, "企业名称": "桂林客车工业集团有限公司", "行业代码": "C36", "行业名称": "汽车制造业", "产值": 0.0, "行政区": "临桂苏桥", "用地性": "1001工业用地" }, "geometry": { "type": "Polygon", "coordinates": [ [ [ 110.010071, 25.115208 ], [ 110.009736, 25.114156 ], [ 110.009482, 25.114216 ], [ 110.008888, 25.114358 ], [ 110.006022, 25.115044 ], [ 110.005843, 25.115312 ], [ 110.006014, 25.115911 ], [ 110.006714, 25.118107 ], [ 110.007898, 25.121822 ], [ 110.008171, 25.121982 ], [ 110.00859, 25.121918 ], [ 110.011749, 25.121351 ], [ 110.011788, 25.12134 ], [ 110.011788, 25.12134 ], [ 110.011825, 25.121324 ], [ 110.011826, 25.121324 ], [ 110.011859, 25.121303 ], [ 110.011859, 25.121303 ], [ 110.011888, 25.121277 ], [ 110.011888, 25.121277 ], [ 110.011913, 25.121247 ], [ 110.011913, 25.121246 ], [ 110.011931, 25.121213 ], [ 110.011931, 25.121213 ], [ 110.011943, 25.121177 ], [ 110.011943, 25.121177 ], [ 110.011948, 25.12114 ], [ 110.011948, 25.12114 ], [ 110.011947, 25.121103 ], [ 110.011947, 25.121103 ], [ 110.011939, 25.121066 ], [ 110.010989, 25.118086 ], [ 110.010201, 25.115615 ], [ 110.010071, 25.115208 ] ] ] } },
{ "type": "Feature", "properties": { "BSM": null, "DLBM": null, "DLMC": null, "图斑面积": 0.0, "坐落单位": null, "企业名称": "高端全屋定制产业园", "行业代码": "C21", "行业名称": "家具制造业", "产值": 0.0, "行政区": "临桂苏桥", "用地性": "1001工业用地" }, "geometry": { "type": "Polygon", "coordinates": [ [ [ 110.011176, 25.113438 ], [ 110.011052, 25.113101 ], [ 110.010841, 25.112525 ], [ 110.010716, 25.112186 ], [ 110.011209, 25.112035 ], [ 110.011293, 25.11201 ], [ 110.011346, 25.111993 ], [ 110.011367, 25.111987 ], [ 110.011862, 25.111836 ], [ 110.011862, 25.111836 ], [ 110.011861, 25.111831 ], [ 110.01186, 25.111829 ], [ 110.01186, 25.111827 ], [ 110.011859, 25.111822 ], [ 110.011857, 25.111818 ], [ 110.011856, 25.111813 ], [ 110.011855, 25.111809 ], [ 110.011854, 25.111804 ], [ 110.011853, 25.1118 ], [ 110.011852, 25.111795 ], [ 110.011851, 25.111793 ], [ 110.01185, 25.11179 ], [ 110.011849, 25.111786 ], [ 110.011848, 25.111781 ], [ 110.011847, 25.111777 ], [ 110.011846, 25.111772 ], [ 110.011845, 25.111768 ], [ 110.011843, 25.111763 ], [ 110.011842, 25.111759 ], [ 110.011842, 25.111757 ], [ 110.011841, 25.111754 ], [ 110.01184, 25.11175 ], [ 110.011839, 25.111745 ], [ 110.011838, 25.111741 ], [ 110.011837, 25.111736 ], [ 110.011836, 25.111732 ], [ 110.011835, 25.111727 ], [ 110.011833, 25.111723 ], [ 110.011833, 25.111721 ], [ 110.011832, 25.111718 ], [ 110.011831, 25.111714 ], [ 110.01183, 25.111709 ], [ 110.011829, 25.111705 ], [ 110.011828, 25.1117 ], [ 110.011827, 25.111696 ], [ 110.011826, 25.111691 ], [ 110.011825, 25.111687 ], [ 110.011824, 25.111685 ], [ 110.011824, 25.111683 ], [ 110.011823, 25.111678 ], [ 110.011821, 25.111674 ], [ 110.01182, 25.111669 ], [ 110.011819, 25.111665 ], [ 110.011818, 25.11166 ], [ 110.011817, 25.111656 ], [ 110.011816, 25.111651 ], [ 110.011816, 25.111649 ], [ 110.011815, 25.111647 ], [ 110.011814, 25.111642 ], [ 110.011813, 25.111638 ], [ 110.011812, 25.111633 ], [ 110.011811, 25.111629 ], [ 110.01181, 25.111625 ], [ 110.011809, 25.11162 ], [ 110.011808, 25.111616 ], [ 110.011807, 25.111613 ], [ 110.011807, 25.111611 ], [ 110.011806, 25.111607 ], [ 110.011805, 25.111602 ], [ 110.011804, 25.111598 ], [ 110.011802, 25.111593 ], [ 110.011801, 25.111589 ], [ 110.0118, 25.111585 ], [ 110.011799, 25.11158 ], [ 110.011799, 25.111578 ], [ 110.011798, 25.111576 ], [ 110.011797, 25.111571 ], [ 110.011796, 25.111567 ], [ 110.011795, 25.111563 ], [ 110.01179, 25.111542 ], [ 110.011519, 25.110386 ], [ 110.011518, 25.110382 ], [ 110.011516, 25.110377 ], [ 110.011515, 25.110373 ], [ 110.011515, 25.110371 ], [ 110.011514, 25.110368 ], [ 110.011513, 25.110364 ], [ 110.011512, 25.110359 ], [ 110.011511, 25.110355 ], [ 110.01151, 25.110351 ], [ 110.011509, 25.110346 ], [ 110.011508, 25.110342 ], [ 110.011507, 25.110337 ], [ 110.011507, 25.110335 ], [ 110.011506, 25.110333 ], [ 110.011505, 25.110328 ], [ 110.011504, 25.110324 ], [ 110.011503, 25.11032 ], [ 110.011502, 25.110315 ], [ 110.011501, 25.110311 ], [ 110.0115, 25.110306 ], [ 110.011499, 25.110302 ], [ 110.011498, 25.110299 ], [ 110.011498, 25.110297 ], [ 110.011497, 25.110293 ], [ 110.011496, 25.110288 ], [ 110.011495, 25.110284 ], [ 110.011494, 25.110279 ], [ 110.011493, 25.110275 ], [ 110.011492, 25.11027 ], [ 110.011491, 25.110266 ], [ 110.01149, 25.110264 ], [ 110.01149, 25.110261 ], [ 110.011489, 25.110257 ], [ 110.011487, 25.110252 ], [ 110.011486, 25.110248 ], [ 110.011485, 25.110243 ], [ 110.011484, 25.110239 ], [ 110.011483, 25.110234 ], [ 110.011482, 25.11023 ], [ 110.011482, 25.110228 ], [ 110.011481, 25.110225 ], [ 110.01148, 25.110221 ], [ 110.011479, 25.110216 ], [ 110.011478, 25.110212 ], [ 110.011477, 25.110207 ], [ 110.011476, 25.110203 ], [ 110.011475, 25.110198 ], [ 110.011474, 25.110194 ], [ 110.011474, 25.110192 ], [ 110.011473, 25.110189 ], [ 110.011472, 25.110185 ], [ 110.011471, 25.11018 ], [ 110.01147, 25.110176 ], [ 110.011469, 25.110171 ], [ 110.011468, 25.110167 ], [ 110.011467, 25.110162 ], [ 110.011466, 25.110157 ], [ 110.011466, 25.110155 ], [ 110.011465, 25.110153 ], [ 110.011464, 25.110148 ], [ 110.011463, 25.110144 ], [ 110.011463, 25.110139 ], [ 110.011462, 25.110135 ], [ 110.011461, 25.11013 ], [ 110.01146, 25.110125 ], [ 110.011459, 25.110121 ], [ 110.011458, 25.110119 ], [ 110.011458, 25.110116 ], [ 110.011457, 25.110112 ], [ 110.011456, 25.110107 ], [ 110.011455, 25.110103 ], [ 110.011454, 25.110098 ], [ 110.011453, 25.110093 ], [ 110.011452, 25.110089 ], [ 110.011451, 25.110084 ], [ 110.011451, 25.110082 ], [ 110.01145, 25.11008 ], [ 110.011449, 25.110075 ], [ 110.011448, 25.11007 ], [ 110.011448, 25.110066 ], [ 110.011447, 25.110061 ], [ 110.011446, 25.110056 ], [ 110.011445, 25.110052 ], [ 110.011444, 25.110047 ], [ 110.011444, 25.110045 ], [ 110.011443, 25.110043 ], [ 110.011442, 25.110038 ], [ 110.011441, 25.110033 ], [ 110.011441, 25.110029 ], [ 110.01144, 25.110024 ], [ 110.011439, 25.110019 ], [ 110.011438, 25.110017 ], [ 110.011438, 25.110015 ], [ 110.011437, 25.11001 ], [ 110.011436, 25.110005 ], [ 110.011435, 25.110001 ], [ 110.011435, 25.109996 ], [ 110.011434, 25.109991 ], [ 110.011433, 25.109987 ], [ 110.011432, 25.109982 ], [ 110.011431, 25.109977 ], [ 110.011429, 25.109959 ], [ 110.011416, 25.109882 ], [ 110.01141, 25.109834 ], [ 110.011408, 25.109819 ], [ 110.011407, 25.109808 ], [ 110.011404, 25.109787 ], [ 110.011394, 25.109691 ], [ 110.011393, 25.10967 ], [ 110.011392, 25.109659 ], [ 110.011391, 25.109643 ], [ 110.011388, 25.109595 ], [ 110.011384, 25.109514 ], [ 110.011383, 25.109499 ], [ 110.011383, 25.109494 ], [ 110.011383, 25.109489 ], [ 110.011383, 25.109487 ], [ 110.011383, 25.109485 ], [ 110.011383, 25.10948 ], [ 110.011383, 25.109475 ], [ 110.011383, 25.10947 ], [ 110.011382, 25.109466 ], [ 110.011382, 25.109461 ], [ 110.011382, 25.109456 ], [ 110.011382, 25.109452 ], [ 110.011382, 25.109447 ], [ 110.011382, 25.109442 ], [ 110.011382, 25.109437 ], [ 110.011382, 25.109433 ], [ 110.011382, 25.109428 ], [ 110.011382, 25.109423 ], [ 110.011382, 25.109419 ], [ 110.011382, 25.109416 ], [ 110.011382, 25.109414 ], [ 110.011382, 25.109409 ], [ 110.011382, 25.109405 ], [ 110.011382, 25.1094 ], [ 110.011382, 25.109395 ], [ 110.011382, 25.10939 ], [ 110.011382, 25.109386 ], [ 110.011382, 25.109381 ], [ 110.011382, 25.109379 ], [ 110.011382, 25.109376 ], [ 110.011382, 25.109372 ], [ 110.011382, 25.109367 ], [ 110.011382, 25.109362 ], [ 110.011382, 25.109358 ], [ 110.011382, 25.109353 ], [ 110.011382, 25.109348 ], [ 110.011382, 25.109344 ], [ 110.011382, 25.109341 ], [ 110.011382, 25.109339 ], [ 110.011382, 25.109334 ], [ 110.011382, 25.10933 ], [ 110.011382, 25.109325 ], [ 110.011382, 25.109321 ], [ 110.011382, 25.109316 ], [ 110.011382, 25.109311 ], [ 110.011382, 25.109307 ], [ 110.011382, 25.109304 ], [ 110.011382, 25.109302 ], [ 110.011382, 25.109297 ], [ 110.011382, 25.109293 ], [ 110.011382, 25.109288 ], [ 110.011382, 25.109283 ], [ 110.011382, 25.109279 ], [ 110.011382, 25.109274 ], [ 110.011383, 25.10927 ], [ 110.011383, 25.109267 ], [ 110.011383, 25.109265 ], [ 110.011383, 25.10926 ], [ 110.011383, 25.109256 ], [ 110.011383, 25.109251 ], [ 110.011383, 25.109247 ], [ 110.011383, 25.109242 ], [ 110.011383, 25.109237 ], [ 110.011383, 25.109233 ], [ 110.011383, 25.10923 ], [ 110.011383, 25.109228 ], [ 110.011384, 25.109224 ], [ 110.011384, 25.109219 ], [ 110.011384, 25.109214 ], [ 110.011384, 25.10921 ], [ 110.011384, 25.109205 ], [ 110.011384, 25.109201 ], [ 110.011384, 25.109196 ], [ 110.011384, 25.109194 ], [ 110.011384, 25.109192 ], [ 110.011384, 25.109187 ], [ 110.011385, 25.109182 ], [ 110.011385, 25.109178 ], [ 110.011385, 25.109173 ], [ 110.011385, 25.109169 ], [ 110.011385, 25.109164 ], [ 110.011385, 25.10916 ], [ 110.011385, 25.109157 ], [ 110.011385, 25.109155 ], [ 110.011386, 25.10915 ], [ 110.011386, 25.109146 ], [ 110.011386, 25.109141 ], [ 110.011386, 25.109137 ], [ 110.011386, 25.109132 ], [ 110.011386, 25.109129 ], [ 110.008591, 25.109139 ], [ 110.008606, 25.109339 ], [ 110.008628, 25.109538 ], [ 110.008628, 25.109538 ], [ 110.008656, 25.109737 ], [ 110.00869, 25.109935 ], [ 110.00869, 25.109936 ], [ 110.00873, 25.110133 ], [ 110.008777, 25.110329 ], [ 110.008777, 25.110329 ], [ 110.008829, 25.110524 ], [ 110.008888, 25.110717 ], [ 110.009855, 25.113754 ], [ 110.010144, 25.113685 ], [ 110.011176, 25.113438 ] ] ] } },
{ "type": "Feature", "properties": { "BSM": null, "DLBM": null, "DLMC": null, "图斑面积": 0.0, "坐落单位": null, "企业名称": "规划用地", "行业代码": null, "行业名称": null, "产值": 0.0, "行政区": "临桂苏桥", "用地性": "1001工业用地" }, "geometry": { "type": "Polygon", "coordinates": [ [ [ 110.024153, 25.087904 ], [ 110.024184, 25.086869 ], [ 110.023939, 25.086875 ], [ 110.020565, 25.086835 ], [ 110.020556, 25.088164 ], [ 110.020541, 25.090059 ], [ 110.021114, 25.090063 ], [ 110.021316, 25.090063 ], [ 110.021519, 25.090059 ], [ 110.02172, 25.090051 ], [ 110.021721, 25.090051 ], [ 110.021922, 25.090039 ], [ 110.022124, 25.090023 ], [ 110.022325, 25.090004 ], [ 110.022325, 25.090004 ], [ 110.022525, 25.089981 ], [ 110.022725, 25.089954 ], [ 110.022924, 25.089923 ], [ 110.022925, 25.089923 ], [ 110.023113, 25.08989 ], [ 110.0233, 25.089854 ], [ 110.023486, 25.089815 ], [ 110.023507, 25.089811 ], [ 110.023518, 25.089809 ], [ 110.023714, 25.089763 ], [ 110.023908, 25.089714 ], [ 110.024102, 25.089661 ], [ 110.024153, 25.087904 ] ] ] } },
{ "type": "Feature", "properties": { "BSM": null, "DLBM": null, "DLMC": null, "图斑面积": 0.0, "坐落单位": null, "企业名称": "规划用地", "行业代码": null, "行业名称": null, "产值": 0.0, "行政区": "临桂苏桥", "用地性": "1001工业用地" }, "geometry": { "type": "Polygon", "coordinates": [ [ [ 110.063161, 25.111351 ], [ 110.061087, 25.109211 ], [ 110.061048, 25.109238 ], [ 110.059058, 25.110592 ], [ 110.05889, 25.11039 ], [ 110.058891, 25.110389 ], [ 110.058895, 25.110386 ], [ 110.058898, 25.110382 ], [ 110.058902, 25.110379 ], [ 110.058906, 25.110376 ], [ 110.05891, 25.110373 ], [ 110.058914, 25.110371 ], [ 110.056503, 25.112026 ], [ 110.056539, 25.112076 ], [ 110.056558, 25.112102 ], [ 110.05658, 25.112131 ], [ 110.056602, 25.112159 ], [ 110.056625, 25.112188 ], [ 110.056647, 25.112216 ], [ 110.05667, 25.112245 ], [ 110.056672, 25.112246 ], [ 110.056692, 25.112271 ], [ 110.056694, 25.112273 ], [ 110.056695, 25.112275 ], [ 110.056716, 25.1123 ], [ 110.056717, 25.112302 ], [ 110.056718, 25.112303 ], [ 110.056721, 25.112307 ], [ 110.056736, 25.112325 ], [ 110.056739, 25.112328 ], [ 110.056741, 25.11233 ], [ 110.056742, 25.112332 ], [ 110.056745, 25.112336 ], [ 110.056748, 25.112339 ], [ 110.056751, 25.112343 ], [ 110.056754, 25.112346 ], [ 110.056757, 25.11235 ], [ 110.05676, 25.112353 ], [ 110.056763, 25.112357 ], [ 110.056765, 25.112359 ], [ 110.056766, 25.112361 ], [ 110.056769, 25.112364 ], [ 110.056772, 25.112368 ], [ 110.056775, 25.112371 ], [ 110.056778, 25.112375 ], [ 110.056781, 25.112378 ], [ 110.056784, 25.112382 ], [ 110.056785, 25.112383 ], [ 110.056787, 25.112386 ], [ 110.056789, 25.112388 ], [ 110.05679, 25.112389 ], [ 110.057454, 25.113184 ], [ 110.057671, 25.11316 ], [ 110.057798, 25.113046 ], [ 110.05793, 25.112937 ], [ 110.058068, 25.112833 ], [ 110.05821, 25.112735 ], [ 110.058213, 25.112733 ], [ 110.058326, 25.112662 ], [ 110.058326, 25.112662 ], [ 110.058346, 25.112649 ], [ 110.058349, 25.112648 ], [ 110.058356, 25.112643 ], [ 110.058507, 25.112556 ], [ 110.058662, 25.112475 ], [ 110.058821, 25.112401 ], [ 110.058982, 25.112332 ], [ 110.059147, 25.11227 ], [ 110.059315, 25.112215 ], [ 110.059485, 25.112166 ], [ 110.059657, 25.112124 ], [ 110.059831, 25.112089 ], [ 110.063111, 25.111489 ], [ 110.063161, 25.111351 ] ] ] } },
{ "type": "Feature", "properties": { "BSM": null, "DLBM": null, "DLMC": null, "图斑面积": 0.0, "坐落单位": null, "企业名称": "桂林兴城福铝业有限公司", "行业代码": "C33", "行业名称": "金属制品业", "产值": 0.0, "行政区": "临桂苏桥", "用地性": "1001工业用地" }, "geometry": { "type": "Polygon", "coordinates": [ [ [ 110.067742, 25.111478 ], [ 110.067703, 25.111429 ], [ 110.065152, 25.111895 ], [ 110.065091, 25.111906 ], [ 110.065076, 25.111909 ], [ 110.065026, 25.112036 ], [ 110.064975, 25.112163 ], [ 110.064964, 25.112194 ], [ 110.067104, 25.114402 ], [ 110.067032, 25.114442 ], [ 110.067164, 25.11437 ], [ 110.067164, 25.11437 ], [ 110.067299, 25.114303 ], [ 110.067299, 25.114303 ], [ 110.067436, 25.11424 ], [ 110.067437, 25.11424 ], [ 110.067577, 25.114182 ], [ 110.067577, 25.114182 ], [ 110.067719, 25.114129 ], [ 110.06772, 25.114129 ], [ 110.067864, 25.114081 ], [ 110.069457, 25.113583 ], [ 110.068132, 25.111956 ], [ 110.067767, 25.111508 ], [ 110.067742, 25.111478 ] ] ] } },
{ "type": "Feature", "properties": { "BSM": null, "DLBM": null, "DLMC": null, "图斑面积": 0.0, "坐落单位": null, "企业名称": "规划用地", "行业代码": null, "行业名称": null, "产值": 0.0, "行政区": "临桂苏桥", "用地性": "1001工业用地" }, "geometry": { "type": "Polygon", "coordinates": [ [ [ 110.071631, 25.116253 ], [ 110.069581, 25.113735 ], [ 110.067928, 25.114252 ], [ 110.067796, 25.114296 ], [ 110.067665, 25.114344 ], [ 110.067665, 25.114344 ], [ 110.067537, 25.114397 ], [ 110.06741, 25.114454 ], [ 110.06741, 25.114454 ], [ 110.067286, 25.114515 ], [ 110.067165, 25.11458 ], [ 110.067642, 25.115072 ], [ 110.067915, 25.115358 ], [ 110.067916, 25.115358 ], [ 110.068185, 25.115648 ], [ 110.068185, 25.115649 ], [ 110.06845, 25.115942 ], [ 110.06845, 25.115942 ], [ 110.06871, 25.116238 ], [ 110.068711, 25.116239 ], [ 110.068966, 25.116538 ], [ 110.068967, 25.116539 ], [ 110.069219, 25.116843 ], [ 110.069984, 25.11778 ], [ 110.069999, 25.117798 ], [ 110.070297, 25.117558 ], [ 110.070358, 25.117509 ], [ 110.070444, 25.11744 ], [ 110.071623, 25.116493 ], [ 110.071748, 25.116393 ], [ 110.071631, 25.116253 ] ] ] } },
{ "type": "Feature", "properties": { "BSM": null, "DLBM": null, "DLMC": null, "图斑面积": 0.0, "坐落单位": null, "企业名称": "广西裕鑫新材料有限责任公司", "行业代码": "C30", "行业名称": "非金属矿物制品业", "产值": 0.0, "行政区": "临桂苏桥", "用地性": "1001工业用地" }, "geometry": { "type": "Polygon", "coordinates": [ [ [ 110.00832, 25.103146 ], [ 110.00767, 25.103148 ], [ 110.007334, 25.103149 ], [ 110.007334, 25.103149 ], [ 110.006956, 25.10315 ], [ 110.006955, 25.103147 ], [ 110.006943, 25.103147 ], [ 110.006886, 25.103147 ], [ 110.006848, 25.103147 ], [ 110.004705, 25.103161 ], [ 110.004699, 25.103559 ], [ 110.004688, 25.104316 ], [ 110.004688, 25.104319 ], [ 110.008336, 25.104407 ], [ 110.008321, 25.103266 ], [ 110.00832, 25.103146 ] ] ] } },
{ "type": "Feature", "properties": { "BSM": null, "DLBM": null, "DLMC": null, "图斑面积": 0.0, "坐落单位": null, "企业名称": "规划用地", "行业代码": null, "行业名称": null, "产值": 0.0, "行政区": "临桂苏桥", "用地性": "1001工业用地" }, "geometry": { "type": "Polygon", "coordinates": [ [ [ 110.007176, 25.100461 ], [ 110.004939, 25.100467 ], [ 110.004741, 25.100645 ], [ 110.004723, 25.101931 ], [ 110.004718, 25.10227 ], [ 110.005019, 25.102269 ], [ 110.005348, 25.102267 ], [ 110.005519, 25.102265 ], [ 110.005985, 25.102262 ], [ 110.006344, 25.10226 ], [ 110.00656, 25.102259 ], [ 110.006656, 25.102305 ], [ 110.00675, 25.102348 ], [ 110.006916, 25.102513 ], [ 110.006951, 25.102556 ], [ 110.007179, 25.102555 ], [ 110.007179, 25.102555 ], [ 110.007176, 25.100461 ] ] ] } },
{ "type": "Feature", "properties": { "BSM": null, "DLBM": null, "DLMC": null, "图斑面积": 0.0, "坐落单位": null, "企业名称": "规划用地", "行业代码": null, "行业名称": null, "产值": 0.0, "行政区": "临桂苏桥", "用地性": "1001工业用地" }, "geometry": { "type": "Polygon", "coordinates": [ [ [ 110.039874, 25.109026 ], [ 110.039858, 25.108587 ], [ 110.039844, 25.108093 ], [ 110.039835, 25.107777 ], [ 110.039834, 25.107738 ], [ 110.039811, 25.107091 ], [ 110.039806, 25.106959 ], [ 110.0398, 25.106772 ], [ 110.039797, 25.106657 ], [ 110.039792, 25.106503 ], [ 110.039788, 25.106382 ], [ 110.039786, 25.106328 ], [ 110.039784, 25.10626 ], [ 110.039783, 25.106211 ], [ 110.03978, 25.106113 ], [ 110.039779, 25.106088 ], [ 110.039775, 25.105958 ], [ 110.039774, 25.105922 ], [ 110.039772, 25.105816 ], [ 110.039771, 25.105743 ], [ 110.03977, 25.105708 ], [ 110.039771, 25.1057 ], [ 110.039668, 25.105698 ], [ 110.039594, 25.105696 ], [ 110.037045, 25.105635 ], [ 110.037049, 25.10568 ], [ 110.03705, 25.105683 ], [ 110.037068, 25.105739 ], [ 110.037077, 25.105732 ], [ 110.037077, 25.105732 ], [ 110.037107, 25.105712 ], [ 110.037107, 25.105712 ], [ 110.03714, 25.105696 ], [ 110.03714, 25.105696 ], [ 110.037144, 25.105695 ], [ 110.037175, 25.105686 ], [ 110.037175, 25.105686 ], [ 110.037187, 25.105684 ], [ 110.037212, 25.105682 ], [ 110.037222, 25.105682 ], [ 110.037222, 25.105682 ], [ 110.037241, 25.105683 ], [ 110.037249, 25.105683 ], [ 110.037249, 25.105683 ], [ 110.037265, 25.105686 ], [ 110.037285, 25.10569 ], [ 110.037285, 25.10569 ], [ 110.037304, 25.105697 ], [ 110.037319, 25.105703 ], [ 110.037319, 25.105703 ], [ 110.037337, 25.105712 ], [ 110.037351, 25.10572 ], [ 110.037351, 25.10572 ], [ 110.037373, 25.105737 ], [ 110.037379, 25.105743 ], [ 110.037379, 25.105743 ], [ 110.0374, 25.105766 ], [ 110.037402, 25.105769 ], [ 110.037402, 25.105769 ], [ 110.03742, 25.105798 ], [ 110.03742, 25.105798 ], [ 110.037433, 25.10583 ], [ 110.037433, 25.10583 ], [ 110.037439, 25.105863 ], [ 110.037439, 25.105863 ], [ 110.037439, 25.105897 ], [ 110.037439, 25.105897 ], [ 110.037433, 25.10593 ], [ 110.037433, 25.10593 ], [ 110.03742, 25.105962 ], [ 110.03741, 25.10599 ], [ 110.037409, 25.10599 ], [ 110.037404, 25.106019 ], [ 110.037404, 25.106019 ], [ 110.037403, 25.106049 ], [ 110.037403, 25.106049 ], [ 110.037408, 25.106078 ], [ 110.037408, 25.106078 ], [ 110.037419, 25.106107 ], [ 110.037494, 25.106264 ], [ 110.037572, 25.10642 ], [ 110.037654, 25.106574 ], [ 110.037655, 25.106574 ], [ 110.03774, 25.106727 ], [ 110.037828, 25.106879 ], [ 110.03792, 25.107029 ], [ 110.03792, 25.107029 ], [ 110.038015, 25.107177 ], [ 110.038113, 25.107323 ], [ 110.038215, 25.107468 ], [ 110.038215, 25.107468 ], [ 110.038319, 25.107611 ], [ 110.038427, 25.107752 ], [ 110.038537, 25.107891 ], [ 110.038537, 25.107891 ], [ 110.038651, 25.108028 ], [ 110.038767, 25.108163 ], [ 110.038886, 25.108295 ], [ 110.038887, 25.108296 ], [ 110.039009, 25.108426 ], [ 110.039134, 25.108555 ], [ 110.039261, 25.108681 ], [ 110.039261, 25.108681 ], [ 110.039392, 25.108805 ], [ 110.039525, 25.108927 ], [ 110.03966, 25.109046 ], [ 110.039755, 25.109037 ], [ 110.039874, 25.109026 ] ] ] } },
{ "type": "Feature", "properties": { "BSM": null, "DLBM": null, "DLMC": null, "图斑面积": 0.0, "坐落单位": null, "企业名称": "规划用地", "行业代码": null, "行业名称": null, "产值": 0.0, "行政区": "临桂苏桥", "用地性": "1001工业用地" }, "geometry": { "type": "Polygon", "coordinates": [ [ [ 110.083316, 25.11057 ], [ 110.082767, 25.110459 ], [ 110.08277, 25.110463 ], [ 110.082837, 25.110625 ], [ 110.082852, 25.110717 ], [ 110.082858, 25.110751 ], [ 110.082797, 25.110979 ], [ 110.082803, 25.111164 ], [ 110.082821, 25.111263 ], [ 110.082871, 25.111318 ], [ 110.082937, 25.111333 ], [ 110.082981, 25.111357 ], [ 110.083003, 25.111415 ], [ 110.083012, 25.111479 ], [ 110.083005, 25.111496 ], [ 110.082999, 25.111511 ], [ 110.08298, 25.11156 ], [ 110.082951, 25.111659 ], [ 110.082968, 25.111705 ], [ 110.08306, 25.111769 ], [ 110.083172, 25.111831 ], [ 110.0832, 25.111844 ], [ 110.083254, 25.111869 ], [ 110.083374, 25.111996 ], [ 110.083444, 25.112138 ], [ 110.083479, 25.112209 ], [ 110.083503, 25.112259 ], [ 110.083504, 25.112264 ], [ 110.083504, 25.112268 ], [ 110.083504, 25.112273 ], [ 110.083504, 25.112277 ], [ 110.083505, 25.112282 ], [ 110.083505, 25.112286 ], [ 110.083505, 25.112291 ], [ 110.083505, 25.112295 ], [ 110.083506, 25.1123 ], [ 110.083506, 25.112304 ], [ 110.083506, 25.112309 ], [ 110.083507, 25.112313 ], [ 110.083507, 25.112318 ], [ 110.083507, 25.112322 ], [ 110.083508, 25.112327 ], [ 110.083508, 25.112331 ], [ 110.083508, 25.112336 ], [ 110.083508, 25.11234 ], [ 110.083509, 25.112345 ], [ 110.083509, 25.112349 ], [ 110.08351, 25.112354 ], [ 110.08351, 25.112358 ], [ 110.08351, 25.112363 ], [ 110.083511, 25.112367 ], [ 110.083511, 25.112372 ], [ 110.083511, 25.112376 ], [ 110.083512, 25.112381 ], [ 110.083512, 25.112385 ], [ 110.083513, 25.11239 ], [ 110.083513, 25.112394 ], [ 110.083513, 25.112399 ], [ 110.083514, 25.112403 ], [ 110.083514, 25.112408 ], [ 110.083515, 25.112412 ], [ 110.083515, 25.112417 ], [ 110.083515, 25.112421 ], [ 110.083516, 25.112426 ], [ 110.083516, 25.11243 ], [ 110.083517, 25.112435 ], [ 110.083517, 25.112439 ], [ 110.083518, 25.112444 ], [ 110.083518, 25.112448 ], [ 110.083518, 25.112453 ], [ 110.083519, 25.112457 ], [ 110.083519, 25.112462 ], [ 110.083509, 25.11217 ], [ 110.083508, 25.11202 ], [ 110.083508, 25.112016 ], [ 110.083508, 25.112016 ], [ 110.083508, 25.112015 ], [ 110.083508, 25.112 ], [ 110.083508, 25.111999 ], [ 110.083508, 25.111985 ], [ 110.083508, 25.111984 ], [ 110.083508, 25.11197 ], [ 110.083513, 25.111862 ], [ 110.083513, 25.111862 ], [ 110.083516, 25.111816 ], [ 110.08352, 25.111764 ], [ 110.083525, 25.11171 ], [ 110.083525, 25.111708 ], [ 110.083528, 25.111685 ], [ 110.083544, 25.111557 ], [ 110.083544, 25.111556 ], [ 110.083551, 25.111511 ], [ 110.083554, 25.111492 ], [ 110.083569, 25.111412 ], [ 110.08357, 25.111405 ], [ 110.08357, 25.111405 ], [ 110.083572, 25.111397 ], [ 110.083578, 25.111365 ], [ 110.083603, 25.111254 ], [ 110.083603, 25.111254 ], [ 110.083607, 25.111239 ], [ 110.083643, 25.111105 ], [ 110.083643, 25.111104 ], [ 110.083643, 25.111104 ], [ 110.083689, 25.110957 ], [ 110.083689, 25.110957 ], [ 110.083742, 25.110811 ], [ 110.083742, 25.110811 ], [ 110.083742, 25.11081 ], [ 110.083747, 25.110796 ], [ 110.083748, 25.110795 ], [ 110.083753, 25.110782 ], [ 110.083754, 25.110781 ], [ 110.083759, 25.110767 ], [ 110.083759, 25.110766 ], [ 110.083765, 25.110753 ], [ 110.083801, 25.110667 ], [ 110.083316, 25.11057 ] ] ] } },
{ "type": "Feature", "properties": { "BSM": null, "DLBM": null, "DLMC": null, "图斑面积": 0.0, "坐落单位": null, "企业名称": "规划用地", "行业代码": null, "行业名称": null, "产值": 0.0, "行政区": "临桂苏桥", "用地性": "1001工业用地" }, "geometry": { "type": "MultiPolygon", "coordinates": [ [ [ [ 110.023868, 25.127824 ], [ 110.023762, 25.126919 ], [ 110.023764, 25.126939 ], [ 110.023767, 25.126966 ], [ 110.02377, 25.126993 ], [ 110.023773, 25.127019 ], [ 110.023776, 25.127046 ], [ 110.023779, 25.127073 ], [ 110.023783, 25.1271 ], [ 110.023786, 25.127127 ], [ 110.023789, 25.127154 ], [ 110.023793, 25.127191 ], [ 110.023868, 25.127824 ] ] ], [ [ [ 110.027264, 25.125003 ], [ 110.023832, 25.124719 ], [ 110.023832, 25.124725 ], [ 110.02383, 25.124738 ], [ 110.023828, 25.124752 ], [ 110.023827, 25.124765 ], [ 110.023826, 25.124778 ], [ 110.023824, 25.124791 ], [ 110.02381, 25.124926 ], [ 110.023799, 25.125061 ], [ 110.02379, 25.125196 ], [ 110.023783, 25.125332 ], [ 110.023779, 25.125467 ], [ 110.023777, 25.125603 ], [ 110.023777, 25.125739 ], [ 110.023779, 25.125874 ], [ 110.023784, 25.12601 ], [ 110.023785, 25.126023 ], [ 110.023785, 25.126036 ], [ 110.023786, 25.126049 ], [ 110.023786, 25.126062 ], [ 110.023787, 25.126076 ], [ 110.023788, 25.126089 ], [ 110.023789, 25.126102 ], [ 110.023789, 25.126115 ], [ 110.02379, 25.126128 ], [ 110.023791, 25.126142 ], [ 110.023792, 25.126155 ], [ 110.023792, 25.126168 ], [ 110.023793, 25.126181 ], [ 110.023794, 25.126194 ], [ 110.023795, 25.126208 ], [ 110.023796, 25.126221 ], [ 110.023797, 25.126234 ], [ 110.023798, 25.126247 ], [ 110.023799, 25.12626 ], [ 110.0238, 25.126274 ], [ 110.023801, 25.126287 ], [ 110.023802, 25.1263 ], [ 110.023803, 25.126313 ], [ 110.023804, 25.126326 ], [ 110.023805, 25.12634 ], [ 110.023806, 25.126353 ], [ 110.023807, 25.126366 ], [ 110.023808, 25.126379 ], [ 110.023809, 25.126393 ], [ 110.02381, 25.126406 ], [ 110.023811, 25.126419 ], [ 110.023812, 25.126432 ], [ 110.023813, 25.126446 ], [ 110.023815, 25.126459 ], [ 110.023816, 25.126472 ], [ 110.023817, 25.126486 ], [ 110.023818, 25.126499 ], [ 110.023819, 25.126512 ], [ 110.023821, 25.126525 ], [ 110.023822, 25.126539 ], [ 110.023823, 25.126552 ], [ 110.023825, 25.126565 ], [ 110.023826, 25.126578 ], [ 110.023827, 25.126592 ], [ 110.023828, 25.126605 ], [ 110.02383, 25.126618 ], [ 110.023831, 25.126632 ], [ 110.023832, 25.126645 ], [ 110.023834, 25.126658 ], [ 110.023835, 25.126672 ], [ 110.023837, 25.126685 ], [ 110.023838, 25.126698 ], [ 110.023839, 25.126712 ], [ 110.023841, 25.126725 ], [ 110.023842, 25.126738 ], [ 110.023844, 25.126752 ], [ 110.023845, 25.126765 ], [ 110.023846, 25.126778 ], [ 110.023848, 25.126792 ], [ 110.023849, 25.126805 ], [ 110.023851, 25.126818 ], [ 110.023852, 25.126832 ], [ 110.023854, 25.126845 ], [ 110.023855, 25.126858 ], [ 110.023857, 25.126872 ], [ 110.023858, 25.126885 ], [ 110.02386, 25.126898 ], [ 110.023861, 25.126912 ], [ 110.023863, 25.126925 ], [ 110.023864, 25.126939 ], [ 110.023866, 25.126952 ], [ 110.023867, 25.126965 ], [ 110.023869, 25.126979 ], [ 110.023871, 25.126992 ], [ 110.023872, 25.127006 ], [ 110.023874, 25.127019 ], [ 110.023875, 25.127032 ], [ 110.023877, 25.127046 ], [ 110.023878, 25.127059 ], [ 110.02388, 25.127073 ], [ 110.023882, 25.127086 ], [ 110.023883, 25.127099 ], [ 110.023885, 25.127113 ], [ 110.023886, 25.127126 ], [ 110.023888, 25.12714 ], [ 110.023889, 25.127153 ], [ 110.023891, 25.127167 ], [ 110.023893, 25.12718 ], [ 110.023894, 25.127194 ], [ 110.023896, 25.127207 ], [ 110.023985, 25.127961 ], [ 110.024283, 25.128311 ], [ 110.026957, 25.128641 ], [ 110.027264, 25.125003 ] ] ] ] } },
{ "type": "Feature", "properties": { "BSM": null, "DLBM": null, "DLMC": null, "图斑面积": 0.0, "坐落单位": null, "企业名称": "天轮生产基地", "行业代码": null, "行业名称": null, "产值": 0.0, "行政区": "临桂苏桥", "用地性": "1001工业用地" }, "geometry": { "type": "MultiPolygon", "coordinates": [ [ [ [ 110.034775, 25.104837 ], [ 110.033894, 25.10211 ], [ 110.033636, 25.101311 ], [ 110.033532, 25.100991 ], [ 110.033431, 25.100666 ], [ 110.03343, 25.100665 ], [ 110.033336, 25.10034 ], [ 110.033336, 25.100339 ], [ 110.033248, 25.100012 ], [ 110.033248, 25.100011 ], [ 110.033166, 25.099683 ], [ 110.032872, 25.098438 ], [ 110.031828, 25.09844 ], [ 110.03173, 25.098443 ], [ 110.031634, 25.098452 ], [ 110.031634, 25.098452 ], [ 110.031538, 25.098468 ], [ 110.031444, 25.098489 ], [ 110.031193, 25.098555 ], [ 110.031088, 25.098579 ], [ 110.031088, 25.098579 ], [ 110.030981, 25.098596 ], [ 110.030981, 25.098596 ], [ 110.030873, 25.098607 ], [ 110.030873, 25.098607 ], [ 110.030765, 25.098611 ], [ 110.024564, 25.098636 ], [ 110.024407, 25.098629 ], [ 110.024398, 25.099545 ], [ 110.024394, 25.100461 ], [ 110.024395, 25.101376 ], [ 110.024409, 25.104508 ], [ 110.024718, 25.104799 ], [ 110.034607, 25.105036 ], [ 110.034775, 25.104837 ] ] ], [ [ [ 110.03148, 25.102291 ], [ 110.032707, 25.102298 ], [ 110.033261, 25.102302 ], [ 110.032843, 25.100956 ], [ 110.032664, 25.100829 ], [ 110.031677, 25.100807 ], [ 110.031492, 25.100803 ], [ 110.03148, 25.102291 ] ] ] ] } },
{ "type": "Feature", "properties": { "BSM": null, "DLBM": null, "DLMC": null, "图斑面积": 0.0, "坐落单位": null, "企业名称": "规划用地", "行业代码": null, "行业名称": null, "产值": 0.0, "行政区": "临桂苏桥", "用地性": "1001工业用地" }, "geometry": { "type": "MultiPolygon", "coordinates": [ [ [ [ 110.083742, 25.110811 ], [ 110.083801, 25.110667 ], [ 110.083765, 25.110753 ], [ 110.083759, 25.110766 ], [ 110.083759, 25.110767 ], [ 110.083754, 25.110781 ], [ 110.083753, 25.110782 ], [ 110.083748, 25.110795 ], [ 110.083747, 25.110796 ], [ 110.083742, 25.11081 ], [ 110.083742, 25.110811 ] ] ], [ [ [ 110.083689, 25.110957 ], [ 110.083742, 25.110811 ], [ 110.083689, 25.110957 ] ] ], [ [ [ 110.083643, 25.111104 ], [ 110.083689, 25.110957 ], [ 110.083643, 25.111104 ] ] ], [ [ [ 110.083603, 25.111254 ], [ 110.083643, 25.111105 ], [ 110.083607, 25.111239 ], [ 110.083603, 25.111254 ] ] ], [ [ [ 110.08357, 25.111404 ], [ 110.083603, 25.111254 ], [ 110.083578, 25.111365 ], [ 110.083572, 25.111397 ], [ 110.08357, 25.111405 ], [ 110.08357, 25.111404 ] ] ], [ [ [ 110.08357, 25.111406 ], [ 110.08357, 25.111405 ], [ 110.083569, 25.111412 ], [ 110.083554, 25.111492 ], [ 110.083551, 25.111511 ], [ 110.083544, 25.111556 ], [ 110.08357, 25.111406 ] ] ], [ [ [ 110.083525, 25.111708 ], [ 110.083544, 25.111557 ], [ 110.083528, 25.111685 ], [ 110.083525, 25.111708 ] ] ], [ [ [ 110.083513, 25.111862 ], [ 110.083525, 25.11171 ], [ 110.08352, 25.111764 ], [ 110.083516, 25.111816 ], [ 110.083513, 25.111862 ] ] ], [ [ [ 110.083508, 25.112016 ], [ 110.083513, 25.111862 ], [ 110.083508, 25.11197 ], [ 110.083508, 25.111984 ], [ 110.083508, 25.111985 ], [ 110.083508, 25.111999 ], [ 110.083508, 25.112 ], [ 110.083508, 25.112015 ], [ 110.083508, 25.112016 ] ] ], [ [ [ 110.083509, 25.11217 ], [ 110.083508, 25.112016 ], [ 110.083508, 25.11202 ], [ 110.083509, 25.11217 ] ] ], [ [ [ 110.083041, 25.111904 ], [ 110.082991, 25.111901 ], [ 110.082938, 25.111903 ], [ 110.082904, 25.111892 ], [ 110.082855, 25.111845 ], [ 110.082821, 25.111745 ], [ 110.082814, 25.111677 ], [ 110.082837, 25.111585 ], [ 110.082847, 25.111518 ], [ 110.082841, 25.111486 ], [ 110.082808, 25.111447 ], [ 110.082776, 25.111407 ], [ 110.082773, 25.111404 ], [ 110.082714, 25.111238 ], [ 110.082704, 25.111175 ], [ 110.082683, 25.111149 ], [ 110.082664, 25.111103 ], [ 110.082667, 25.111029 ], [ 110.082679, 25.110899 ], [ 110.082705, 25.110697 ], [ 110.082701, 25.110634 ], [ 110.08269, 25.110604 ], [ 110.082681, 25.110578 ], [ 110.082634, 25.110514 ], [ 110.082624, 25.110506 ], [ 110.082583, 25.11045 ], [ 110.082568, 25.110439 ], [ 110.082543, 25.110422 ], [ 110.082482, 25.110402 ], [ 110.082045, 25.110314 ], [ 110.081716, 25.110248 ], [ 110.081687, 25.110244 ], [ 110.081658, 25.110244 ], [ 110.081629, 25.110248 ], [ 110.081628, 25.110248 ], [ 110.0816, 25.110256 ], [ 110.081574, 25.110268 ], [ 110.081574, 25.110268 ], [ 110.081549, 25.110283 ], [ 110.08144, 25.110363 ], [ 110.07868, 25.11238 ], [ 110.078278, 25.11265 ], [ 110.078154, 25.112727 ], [ 110.077675, 25.113021 ], [ 110.081382, 25.114973 ], [ 110.081913, 25.115214 ], [ 110.082083, 25.115292 ], [ 110.082174, 25.115224 ], [ 110.082263, 25.115153 ], [ 110.08235, 25.115079 ], [ 110.08235, 25.115079 ], [ 110.082433, 25.115004 ], [ 110.082514, 25.114926 ], [ 110.082593, 25.114846 ], [ 110.082593, 25.114845 ], [ 110.082669, 25.114763 ], [ 110.082742, 25.114679 ], [ 110.082811, 25.114592 ], [ 110.082812, 25.114592 ], [ 110.082879, 25.114503 ], [ 110.082943, 25.114413 ], [ 110.083004, 25.114321 ], [ 110.083004, 25.114321 ], [ 110.083061, 25.114227 ], [ 110.083116, 25.114132 ], [ 110.083167, 25.114036 ], [ 110.083167, 25.114035 ], [ 110.083215, 25.113937 ], [ 110.08326, 25.113838 ], [ 110.083301, 25.113737 ], [ 110.083301, 25.113737 ], [ 110.083339, 25.113635 ], [ 110.083373, 25.113532 ], [ 110.083404, 25.113429 ], [ 110.083404, 25.113428 ], [ 110.083431, 25.113324 ], [ 110.083455, 25.113219 ], [ 110.083475, 25.113113 ], [ 110.083475, 25.113113 ], [ 110.083491, 25.113006 ], [ 110.083504, 25.1129 ], [ 110.083513, 25.112793 ], [ 110.083513, 25.112792 ], [ 110.083516, 25.112713 ], [ 110.083516, 25.112633 ], [ 110.083505, 25.112566 ], [ 110.08345, 25.112445 ], [ 110.083379, 25.112281 ], [ 110.083365, 25.112251 ], [ 110.083337, 25.112186 ], [ 110.083299, 25.112072 ], [ 110.083261, 25.112022 ], [ 110.083212, 25.111988 ], [ 110.083154, 25.111941 ], [ 110.083114, 25.111924 ], [ 110.083041, 25.111904 ] ] ] ] } }
]
}
