{
"type": "FeatureCollection",
"name": "eco-redline",
"crs": { "type": "name", "properties": { "name": "urn:ogc:def:crs:OGC:1.3:CRS84" } },
"features": [
{ "type": "Feature", "properties": { "OBJECTID": 1 }, "geometry": { "type": "Polygon", "coordinates": [ [ [ 110.230785776780095, 25.185081462785181, 0.0 ], [ 110.231958909838966, 25.185217965683393, 0.0 ], [ 110.233101952725136, 25.185883238824538, 0.0 ], [ 110.234352962743685, 25.185732925483087, 0.0 ], [ 110.235229223050624, 25.184802968143469, 0.0 ], [ 110.235812868351744, 25.183690193260972, 0.0 ], [ 110.236542503950687, 25.18265267740934, 0.0 ], [ 110.237345859624497, 25.181660842308911, 0.0 ], [ 110.238346660945282, 25.180830692055412, 0.0 ], [ 110.239282557292029, 25.17993810369213, 0.0 ], [ 110.240053401108995, 25.178924184009876, 0.0 ], [ 110.240852281388314, 25.177938410715075, 0.0 ], [ 110.241795059456919, 25.177749019900929, 0.0 ], [ 110.243085499863824, 25.178130428220843, 0.0 ], [ 110.24381861554356, 25.177703255809082, 0.0 ], [ 110.243830730191647, 25.176468644327223, 0.0 ], [ 110.244130113737043, 25.175266581833384, 0.0 ], [ 110.244956791614499, 25.174502519053288, 0.0 ], [ 110.246298920270206, 25.17434397857604, 0.0 ], [ 110.247651257653928, 25.174417017749946, 0.0 ], [ 110.248941691186317, 25.174775834811836, 0.0 ], [ 110.250250722258144, 25.175080177929829, 0.0 ], [ 110.251366314698686, 25.175765738875157, 0.0 ], [ 110.252527530906235, 25.174841829636946, 0.0 ], [ 110.253133934261854, 25.173740128566926, 0.0 ], [ 110.253987800990416, 25.172848854438929, 0.0 ], [ 110.255253160943994, 25.172408886967492, 0.0 ], [ 110.256604657648694, 25.172340753139668, 0.0 ], [ 110.257690499617695, 25.171688460055535, 0.0 ], [ 110.257444023175722, 25.170868921087937, 0.0 ], [ 110.256096419537243, 25.170872711043405, 0.0 ], [ 110.254795836589636, 25.171214879039269, 0.0 ], [ 110.253731667355865, 25.171930397963688, 0.0 ], [ 110.252475503393001, 25.172369147244869, 0.0 ], [ 110.251531992242789, 25.171740211587139, 0.0 ], [ 110.251648110026679, 25.170596117427014, 0.0 ], [ 110.252865190621804, 25.170105946910269, 0.0 ], [ 110.253555759867524, 25.169113034255776, 0.0 ], [ 110.253430343402528, 25.168138857490774, 0.0 ], [ 110.254383960793518, 25.167393271990338, 0.0 ], [ 110.255695064089451, 25.167434055970002, 0.0 ], [ 110.256242864462322, 25.165041285576958, 0.0 ], [ 110.255419705917603, 25.165002011887641, 0.0 ], [ 110.254370317497546, 25.165705668805572, 0.0 ], [ 110.253062380913974, 25.165638222619801, 0.0 ], [ 110.252419790168446, 25.165057848577327, 0.0 ], [ 110.251539132435354, 25.164400875651566, 0.0 ], [ 110.25081606717302, 25.163641941175662, 0.0 ], [ 110.2497365354685, 25.163401035404764, 0.0 ], [ 110.248312792895703, 25.162747071999128, 0.0 ], [ 110.247120503307059, 25.163310273787204, 0.0 ], [ 110.246134719771831, 25.164152644295296, 0.0 ], [ 110.245260128984881, 25.165081297169042, 0.0 ], [ 110.24406975654054, 25.165668819540215, 0.0 ], [ 110.243343621431094, 25.166675579393278, 0.0 ], [ 110.242414207531638, 25.16735512824696, 0.0 ], [ 110.241068932295988, 25.167448435064177, 0.0 ], [ 110.239935462380856, 25.168081756449766, 0.0 ], [ 110.239073965414505, 25.169033255981358, 0.0 ], [ 110.238678348998818, 25.170174923743318, 0.0 ], [ 110.239465693366213, 25.171024018706866, 0.0 ], [ 110.240778302054807, 25.171335479747114, 0.0 ], [ 110.242021990991901, 25.171779940008744, 0.0 ], [ 110.242349693353532, 25.172871325218871, 0.0 ], [ 110.241692141852269, 25.173932421892076, 0.0 ], [ 110.24066149746389, 25.174701527136069, 0.0 ], [ 110.239917714179768, 25.175732914511983, 0.0 ], [ 110.238939147876451, 25.176501420399735, 0.0 ], [ 110.237658943583995, 25.176569786894046, 0.0 ], [ 110.236798576824143, 25.175641073656891, 0.0 ], [ 110.235865363172493, 25.174772626359577, 0.0 ], [ 110.23484887817753, 25.174010963832831, 0.0 ], [ 110.233676896535783, 25.173460560794428, 0.0 ], [ 110.233364182960798, 25.172317437662116, 0.0 ], [ 110.232087657813864, 25.172448992244352, 0.0 ], [ 110.231078686021277, 25.17274770068715, 0.0 ], [ 110.230083312450475, 25.171918101413191, 0.0 ], [ 110.229047307082496, 25.171127407179622, 0.0 ], [ 110.228086510697963, 25.170256223567058, 0.0 ], [ 110.227344722489491, 25.169271901866896, 0.0 ], [ 110.226283634206567, 25.168469937574134, 0.0 ], [ 110.22501443187366, 25.168079076393656, 0.0 ], [ 110.223755246556649, 25.167991030074504, 0.0 ], [ 110.224369803469614, 25.166890919520991, 0.0 ], [ 110.224866108455359, 25.16576218496958, 0.0 ], [ 110.224844512357464, 25.164555668553568, 0.0 ], [ 110.227460521517614, 25.163147066823825, 0.0 ], [ 110.228783093689273, 25.163416110405866, 0.0 ], [ 110.230117963617303, 25.163437400560362, 0.0 ], [ 110.232441961931897, 25.161504478655562, 0.0 ], [ 110.232296655610526, 25.160308134619864, 0.0 ], [ 110.23261454840555, 25.159148421150189, 0.0 ], [ 110.232921546926462, 25.158065246968757, 0.0 ], [ 110.232796556760377, 25.157173493536074, 0.0 ], [ 110.232697898745045, 25.156055801247792, 0.0 ], [ 110.231518811985495, 25.155464793176105, 0.0 ], [ 110.230252206582023, 25.155797266054829, 0.0 ], [ 110.229165475785365, 25.156502192129853, 0.0 ], [ 110.22827552312107, 25.155723137570309, 0.0 ], [ 110.227303549716794, 25.154883360815919, 0.0 ], [ 110.226251018766902, 25.154120345743653, 0.0 ], [ 110.227007179772428, 25.153509100822962, 0.0 ], [ 110.228299845566596, 25.153142070856251, 0.0 ], [ 110.229300650668833, 25.152356612029788, 0.0 ], [ 110.229815478008021, 25.151323515339428, 0.0 ], [ 110.229738420222546, 25.150139575410417, 0.0 ], [ 110.230856377045399, 25.149698022818932, 0.0 ], [ 110.231797030267458, 25.148811598402727, 0.0 ], [ 110.232264166322381, 25.147845955819193, 0.0 ], [ 110.2315334824183, 25.146883435963066, 0.0 ], [ 110.230603418165231, 25.146002498175609, 0.0 ], [ 110.229572884523378, 25.145286519500392, 0.0 ], [ 110.228248897082665, 25.145473354913371, 0.0 ], [ 110.227055643306954, 25.146037170799598, 0.0 ], [ 110.226866867323068, 25.145889252758597, 0.0 ], [ 110.227005921298783, 25.144661809321569, 0.0 ], [ 110.227602956863748, 25.143846612937743, 0.0 ], [ 110.227545976604219, 25.142775635748578, 0.0 ], [ 110.228199726736491, 25.141721872900597, 0.0 ], [ 110.228165900468824, 25.140699381624838, 0.0 ], [ 110.227259016890713, 25.139781800437589, 0.0 ], [ 110.226703103402286, 25.139041766257716, 0.0 ], [ 110.226180354375614, 25.139088277393071, 0.0 ], [ 110.225075463713736, 25.139742542567163, 0.0 ], [ 110.224805716591931, 25.14064334605391, 0.0 ], [ 110.224203302633896, 25.140459634388371, 0.0 ], [ 110.224133355732619, 25.139442723383592, 0.0 ], [ 110.225077043927229, 25.138709355856442, 0.0 ], [ 110.225703982361424, 25.137619983765148, 0.0 ], [ 110.226377057853327, 25.136562064613802, 0.0 ], [ 110.226807961765132, 25.135393779807178, 0.0 ], [ 110.226704472094241, 25.134206493926129, 0.0 ], [ 110.22626065636949, 25.13307562054727, 0.0 ], [ 110.225109435981992, 25.132489075390168, 0.0 ], [ 110.223944176611795, 25.131908310535131, 0.0 ], [ 110.222893201803217, 25.131133542805856, 0.0 ], [ 110.222193245348919, 25.130436918275699, 0.0 ], [ 110.221217141463555, 25.129611171254489, 0.0 ], [ 110.21991573078401, 25.129472997578603, 0.0 ], [ 110.218637730035212, 25.129865393212405, 0.0 ], [ 110.217654247466925, 25.130711875137074, 0.0 ], [ 110.21715810381508, 25.131740915071799, 0.0 ], [ 110.218000770549111, 25.132680532881324, 0.0 ], [ 110.217384806610795, 25.133683982838377, 0.0 ], [ 110.217325217786183, 25.133600829678993, 0.0 ], [ 110.217048304465663, 25.134808354426713, 0.0 ], [ 110.217612783234117, 25.135885867943632, 0.0 ], [ 110.21610732998721, 25.136549841763955, 0.0 ], [ 110.214891345798321, 25.137020791971644, 0.0 ], [ 110.214116560777882, 25.138022496412056, 0.0 ], [ 110.213191669166093, 25.138892050401346, 0.0 ], [ 110.211933542541473, 25.139300258718723, 0.0 ], [ 110.210586699389154, 25.139427291528747, 0.0 ], [ 110.209349611414254, 25.139856114685823, 0.0 ], [ 110.208414100611449, 25.140737255129444, 0.0 ], [ 110.207954223335122, 25.141855677315302, 0.0 ], [ 110.208134385117873, 25.143076591810349, 0.0 ], [ 110.207794007827729, 25.144271417860985, 0.0 ], [ 110.206869321879225, 25.145097704823097, 0.0 ], [ 110.205802349602777, 25.145537877330586, 0.0 ], [ 110.20460919794138, 25.145552290128215, 0.0 ], [ 110.204033670427904, 25.144470768994253, 0.0 ], [ 110.203725779880315, 25.143754964049709, 0.0 ], [ 110.204860177237421, 25.143275553500313, 0.0 ], [ 110.205395905645318, 25.142165007687442, 0.0 ], [ 110.205596235068739, 25.140944196696676, 0.0 ], [ 110.204938426132387, 25.139917186687761, 0.0 ], [ 110.203908367818912, 25.1391313213446, 0.0 ], [ 110.202742598881372, 25.138562007485206, 0.0 ], [ 110.202325299174163, 25.137788473442789, 0.0 ], [ 110.20302029506496, 25.13674671785726, 0.0 ], [ 110.202448470124409, 25.135681376013274, 0.0 ], [ 110.201215507387971, 25.135189256584219, 0.0 ], [ 110.199883287445047, 25.134965651944317, 0.0 ], [ 110.198649032905379, 25.135306951649383, 0.0 ], [ 110.197641881856669, 25.136133534502196, 0.0 ], [ 110.1970461470153, 25.137147517321846, 0.0 ], [ 110.197015774970367, 25.13837784800441, 0.0 ], [ 110.197347605391997, 25.139543261996462, 0.0 ], [ 110.198303867138137, 25.140394063370785, 0.0 ], [ 110.199036105682467, 25.14128477824443, 0.0 ], [ 110.199147859133618, 25.142467403185897, 0.0 ], [ 110.199444807343767, 25.143667950853121, 0.0 ], [ 110.199562604104401, 25.144894439937755, 0.0 ], [ 110.199831661990515, 25.146098151628745, 0.0 ], [ 110.199895253242062, 25.147330904058219, 0.0 ], [ 110.200104899103593, 25.148542555782964, 0.0 ], [ 110.200115902775934, 25.149753317791479, 0.0 ], [ 110.200683720546124, 25.150870367170896, 0.0 ], [ 110.201558130510875, 25.151802586858217, 0.0 ], [ 110.202512218814263, 25.152677724950731, 0.0 ], [ 110.202680978582762, 25.153515813839654, 0.0 ], [ 110.20148462744919, 25.15307024257374, 0.0 ], [ 110.200191037253774, 25.152851990504342, 0.0 ], [ 110.198855351055045, 25.153054175317404, 0.0 ], [ 110.197733613712003, 25.153587701399257, 0.0 ], [ 110.197354021794254, 25.15476457436797, 0.0 ], [ 110.197725853233464, 25.155889624511467, 0.0 ], [ 110.198746211641847, 25.156692675570675, 0.0 ], [ 110.199856934254811, 25.157391416287052, 0.0 ], [ 110.201114651834402, 25.15748900071868, 0.0 ], [ 110.20221859187258, 25.15818956584728, 0.0 ], [ 110.203517117321454, 25.15847903606705, 0.0 ], [ 110.204834918546226, 25.158224119567084, 0.0 ], [ 110.206029272322198, 25.157644250525269, 0.0 ], [ 110.207351793723689, 25.157472020406558, 0.0 ], [ 110.207919306812613, 25.15793637061719, 0.0 ], [ 110.208917839944036, 25.158564555949415, 0.0 ], [ 110.210239242358625, 25.158807122437643, 0.0 ], [ 110.210308590037982, 25.159577888368119, 0.0 ], [ 110.209008514555094, 25.159907065054149, 0.0 ], [ 110.207880312081727, 25.160526143827681, 0.0 ], [ 110.206806994416823, 25.161269247176875, 0.0 ], [ 110.205791518203981, 25.162011047344553, 0.0 ], [ 110.205464170655873, 25.16318948447395, 0.0 ], [ 110.205258598596856, 25.164378658108092, 0.0 ], [ 110.205121670800025, 25.165606373880667, 0.0 ], [ 110.205160806916012, 25.166810115612815, 0.0 ], [ 110.20481990997942, 25.167967706658107, 0.0 ], [ 110.205337117511903, 25.168793430844183, 0.0 ], [ 110.206658281683474, 25.168802040961697, 0.0 ], [ 110.2079067904303, 25.16862394528258, 0.0 ], [ 110.209041561635303, 25.167957009758979, 0.0 ], [ 110.210229623797602, 25.16836870821982, 0.0 ], [ 110.211352804383651, 25.170424051673173, 0.0 ], [ 110.211025744239137, 25.171463757682822, 0.0 ], [ 110.211740153904415, 25.172447428595792, 0.0 ], [ 110.213061105041916, 25.172721388943451, 0.0 ], [ 110.211982278323347, 25.173742765461355, 0.0 ], [ 110.210987462232438, 25.173027906940781, 0.0 ], [ 110.209725787627818, 25.172639448824263, 0.0 ], [ 110.208630160620871, 25.171911613095372, 0.0 ], [ 110.207860883749618, 25.170930193416901, 0.0 ], [ 110.206768462315495, 25.170954665650843, 0.0 ], [ 110.20573927081891, 25.171322749726443, 0.0 ], [ 110.204643104391565, 25.170602694819173, 0.0 ], [ 110.203446086008029, 25.170504127306888, 0.0 ], [ 110.202423409208734, 25.171310896933498, 0.0 ], [ 110.20144873942543, 25.172070583723873, 0.0 ], [ 110.200287495381929, 25.17152933487267, 0.0 ], [ 110.199484294622536, 25.170539971017135, 0.0 ], [ 110.198502665406309, 25.169746555410164, 0.0 ], [ 110.197533584910715, 25.170270784864162, 0.0 ], [ 110.196329684013534, 25.170636207131551, 0.0 ], [ 110.19504586295345, 25.171016069520196, 0.0 ], [ 110.193761899778977, 25.170779834470245, 0.0 ], [ 110.192659100620389, 25.170129414859257, 0.0 ], [ 110.192051825534719, 25.16931637032333, 0.0 ], [ 110.191684239246342, 25.168174719527133, 0.0 ], [ 110.190430292501475, 25.167782759392715, 0.0 ], [ 110.189390607026155, 25.168312713350968, 0.0 ], [ 110.188046101462717, 25.16822955773193, 0.0 ], [ 110.185590913680528, 25.16822856596314, 0.0 ], [ 110.184198056258438, 25.168901007495705, 0.0 ], [ 110.183042598874124, 25.168951090370268, 0.0 ], [ 110.181725660482883, 25.169153784054004, 0.0 ], [ 110.180490870230386, 25.169037760445804, 0.0 ], [ 110.183207654907321, 25.171876249220016, 0.0 ], [ 110.185268802543462, 25.176293665365503, 0.0 ], [ 110.185709425680301, 25.177433565701833, 0.0 ], [ 110.186558029557446, 25.178396764984271, 0.0 ], [ 110.187288607767201, 25.179431600345655, 0.0 ], [ 110.187692424070647, 25.180602917281885, 0.0 ], [ 110.188184913048019, 25.182691989978156, 0.0 ], [ 110.186931118930517, 25.183088461281709, 0.0 ], [ 110.185840303904271, 25.183631873494107, 0.0 ], [ 110.185155761981193, 25.184605514428259, 0.0 ], [ 110.184118792825643, 25.184962022195766, 0.0 ], [ 110.182926440038813, 25.184737926143242, 0.0 ], [ 110.183041609591328, 25.18563604097751, 0.0 ], [ 110.183645559645953, 25.186600726716172, 0.0 ], [ 110.184404560255331, 25.187594080804899, 0.0 ], [ 110.185446259399995, 25.188366787444576, 0.0 ], [ 110.1867296383368, 25.188593229191749, 0.0 ], [ 110.188007991362426, 25.188415132189302, 0.0 ], [ 110.18917815250532, 25.189023256776647, 0.0 ], [ 110.190468176955989, 25.189260597913215, 0.0 ], [ 110.191797155553104, 25.189427360567844, 0.0 ], [ 110.193039051257315, 25.189899514974066, 0.0 ], [ 110.194092285282821, 25.190670313139492, 0.0 ], [ 110.196754053560895, 25.194953569742939, 0.0 ], [ 110.196954944081611, 25.195982233125378, 0.0 ], [ 110.198107435113045, 25.196628142734504, 0.0 ], [ 110.199425689007413, 25.196910747659548, 0.0 ], [ 110.200642981444446, 25.19652919357689, 0.0 ], [ 110.200857536308973, 25.195345484488236, 0.0 ], [ 110.201245889830801, 25.194398692457391, 0.0 ], [ 110.202356728084581, 25.194199538029764, 0.0 ], [ 110.202955843524776, 25.195275903750428, 0.0 ], [ 110.203775570709965, 25.196242055901589, 0.0 ], [ 110.204689819125605, 25.197139297323801, 0.0 ], [ 110.204022658077619, 25.197987962176445, 0.0 ], [ 110.202753440598102, 25.197814014997725, 0.0 ], [ 110.202211370325443, 25.198820198002444, 0.0 ], [ 110.202624125416094, 25.199893563557808, 0.0 ], [ 110.203898989527886, 25.20016758519542, 0.0 ], [ 110.204891696509307, 25.20097899472114, 0.0 ], [ 110.205602550740807, 25.202026769716294, 0.0 ], [ 110.206413913847911, 25.202972794746554, 0.0 ], [ 110.207533178258188, 25.203639165410415, 0.0 ], [ 110.208385448064021, 25.204592137922042, 0.0 ], [ 110.209211518367269, 25.205564987964419, 0.0 ], [ 110.21024602232724, 25.206361822692688, 0.0 ], [ 110.211385619202872, 25.207012521366099, 0.0 ], [ 110.212241871418485, 25.207947394917674, 0.0 ], [ 110.212854688892918, 25.209044578224823, 0.0 ], [ 110.214082419479027, 25.209440468947502, 0.0 ], [ 110.215377986585494, 25.209556719420917, 0.0 ], [ 110.215798266500613, 25.210693489237975, 0.0 ], [ 110.216536019193086, 25.21171817330081, 0.0 ], [ 110.217117692489239, 25.212703812901477, 0.0 ], [ 110.218060587618652, 25.213336948829397, 0.0 ], [ 110.219401088165938, 25.213326171770419, 0.0 ], [ 110.220746252934319, 25.213216478774683, 0.0 ], [ 110.221915845476232, 25.21274767798295, 0.0 ], [ 110.223180860695877, 25.212344784790048, 0.0 ], [ 110.224447885014982, 25.211918622769659, 0.0 ], [ 110.224834219790978, 25.210865149133628, 0.0 ], [ 110.224145903651561, 25.209846836763276, 0.0 ], [ 110.223313720366093, 25.208894942729057, 0.0 ], [ 110.223545506041845, 25.207839952463086, 0.0 ], [ 110.224805839735097, 25.20739477541974, 0.0 ], [ 110.226121009325425, 25.207261892427983, 0.0 ], [ 110.227362551511845, 25.206822033869326, 0.0 ], [ 110.22867091996207, 25.207077315667121, 0.0 ], [ 110.229132750043334, 25.205602689253972, 0.0 ], [ 110.228088244168276, 25.204814794344639, 0.0 ], [ 110.228026817037673, 25.203685556272937, 0.0 ], [ 110.226963084471677, 25.203123366434927, 0.0 ], [ 110.225824350279481, 25.203457775657981, 0.0 ], [ 110.225205691975589, 25.202490879152339, 0.0 ], [ 110.22476627510008, 25.201440944063968, 0.0 ], [ 110.223485112463152, 25.201299396999925, 0.0 ], [ 110.222196482563902, 25.201179515348638, 0.0 ], [ 110.220947854756517, 25.201493974035127, 0.0 ], [ 110.220395210168633, 25.200617198455191, 0.0 ], [ 110.219649725052946, 25.199585513273362, 0.0 ], [ 110.218622428561645, 25.198848777478563, 0.0 ], [ 110.217345412793932, 25.198431752564368, 0.0 ], [ 110.216348909721887, 25.19917657550554, 0.0 ], [ 110.217736331331125, 25.204387895127589, 0.0 ], [ 110.218965345403916, 25.204418837465603, 0.0 ], [ 110.219905490000045, 25.205253509008887, 0.0 ], [ 110.220751773240082, 25.205834434654751, 0.0 ], [ 110.219922638075403, 25.206624868094075, 0.0 ], [ 110.218676123246496, 25.206997700103226, 0.0 ], [ 110.217520636251095, 25.206949336805522, 0.0 ], [ 110.216590697351208, 25.207848093290689, 0.0 ], [ 110.215618828110294, 25.207988961695001, 0.0 ], [ 110.215170960945102, 25.20693581113494, 0.0 ], [ 110.21542365487376, 25.20593114860382, 0.0 ], [ 110.216280815360236, 25.205094856985564, 0.0 ], [ 110.216499724114172, 25.203962882184758, 0.0 ], [ 110.215651284422037, 25.203039729916512, 0.0 ], [ 110.21433239377896, 25.202787927811702, 0.0 ], [ 110.213484687500667, 25.201894187557681, 0.0 ], [ 110.212817721012939, 25.200820358897889, 0.0 ], [ 110.213521692070373, 25.200013837072127, 0.0 ], [ 110.214062992045527, 25.198965470985378, 0.0 ], [ 110.21392820168154, 25.197750394682995, 0.0 ], [ 110.212957098352447, 25.197002043412681, 0.0 ], [ 110.212356118046614, 25.196066551007579, 0.0 ], [ 110.212075196911329, 25.194865500523434, 0.0 ], [ 110.211227655242496, 25.194039395803667, 0.0 ], [ 110.210035906083007, 25.194056040604416, 0.0 ], [ 110.209384552519083, 25.192977246608731, 0.0 ], [ 110.209421346009634, 25.191893345536645, 0.0 ], [ 110.210655401912163, 25.191864706883628, 0.0 ], [ 110.211977315074336, 25.19209090678666, 0.0 ], [ 110.213276393738013, 25.19175812951314, 0.0 ], [ 110.214357260546478, 25.191034693026005, 0.0 ], [ 110.215575244883297, 25.191420496712063, 0.0 ], [ 110.216509056785682, 25.192068141013927, 0.0 ], [ 110.21781082400075, 25.192348163336479, 0.0 ], [ 110.218981981501628, 25.191736916545239, 0.0 ], [ 110.220118881722655, 25.191071935160483, 0.0 ], [ 110.221369281896344, 25.190598046474104, 0.0 ], [ 110.222548179096094, 25.190067553986349, 0.0 ], [ 110.223862904482345, 25.19026188011053, 0.0 ], [ 110.224863140981867, 25.18952289168142, 0.0 ], [ 110.225524773487962, 25.188505736327244, 0.0 ], [ 110.225050046457227, 25.18738407334089, 0.0 ], [ 110.224101046104636, 25.186509310129463, 0.0 ], [ 110.222842107563338, 25.186161541682974, 0.0 ], [ 110.221644665411759, 25.186722212961058, 0.0 ], [ 110.220331490448686, 25.186621154607653, 0.0 ], [ 110.219772306641744, 25.185535999698203, 0.0 ], [ 110.220672376543234, 25.184776322858191, 0.0 ], [ 110.222019841963217, 25.184666327289467, 0.0 ], [ 110.223264836380324, 25.184242903707037, 0.0 ], [ 110.224410165864953, 25.18418856366268, 0.0 ], [ 110.225503473438096, 25.184832845738711, 0.0 ], [ 110.226621628181121, 25.184349138605896, 0.0 ], [ 110.227438669076818, 25.184234421309398, 0.0 ], [ 110.229165098627519, 25.19260834130991, 0.0 ], [ 110.228256943094095, 25.193512498068074, 0.0 ], [ 110.228794136617879, 25.194180648898143, 0.0 ], [ 110.231731217323784, 25.191974658173805, 0.0 ], [ 110.230785776780095, 25.185081462785181, 0.0 ] ] ] } },
{ "type": "Feature", "properties": { "OBJECTID": 2 }, "geometry": { "type": "Polygon", "coordinates": [ [ [ 110.226687079935672, 25.224714316081414, 0.0 ], [ 110.227195237000558, 25.224885139568965, 0.0 ], [ 110.227724589584057, 25.224995175099579, 0.0 ], [ 110.228258551399563, 25.225085996159333, 0.0 ], [ 110.228797069334334, 25.225149322719304, 0.0 ], [ 110.229327487530824, 25.225060704662031, 0.0 ], [ 110.229840657475719, 25.224900857473283, 0.0 ], [ 110.23031091730509, 25.2246544595593, 0.0 ], [ 110.23023763764327, 25.224186341524341, 0.0 ], [ 110.230270989526304, 25.223698535094496, 0.0 ], [ 110.230042957715099, 25.223252547387947, 0.0 ], [ 110.229767912746595, 25.222826451689631, 0.0 ], [ 110.229454381099856, 25.222428024091592, 0.0 ], [ 110.229038948503685, 25.222112675956893, 0.0 ], [ 110.228683163667682, 25.221739265855554, 0.0 ], [ 110.228335176060241, 25.22135981044547, 0.0 ], [ 110.228009938178133, 25.220985764226604, 0.0 ], [ 110.228352949990239, 25.220647440235158, 0.0 ], [ 110.228784411015795, 25.220358231590602, 0.0 ], [ 110.229136347479098, 25.220035234026856, 0.0 ], [ 110.22897205511542, 25.219565608147555, 0.0 ], [ 110.228735975883509, 25.219121780924244, 0.0 ], [ 110.22828520067317, 25.218855955625848, 0.0 ], [ 110.227812468692292, 25.218616350682289, 0.0 ], [ 110.227445698075471, 25.218253070301685, 0.0 ], [ 110.227717960561378, 25.217932478010795, 0.0 ], [ 110.228134123494854, 25.217623650371888, 0.0 ], [ 110.228529915699411, 25.217292191773918, 0.0 ], [ 110.229013880357371, 25.217068560687995, 0.0 ], [ 110.229446535274931, 25.216772080543308, 0.0 ], [ 110.22976874166082, 25.216375689772956, 0.0 ], [ 110.229988989558564, 25.215925368789833, 0.0 ], [ 110.230410268520842, 25.215645735376878, 0.0 ], [ 110.230904764327818, 25.21544204524405, 0.0 ], [ 110.231252210165465, 25.215074686855996, 0.0 ], [ 110.231443503810596, 25.214619890794228, 0.0 ], [ 110.231492200339034, 25.214127745391437, 0.0 ], [ 110.230552322135139, 25.213662686614271, 0.0 ], [ 110.230225090794747, 25.21405411633943, 0.0 ], [ 110.229919644797178, 25.21445973053812, 0.0 ], [ 110.229582524680623, 25.214842297939228, 0.0 ], [ 110.229088908289498, 25.215029233863071, 0.0 ], [ 110.228572716370977, 25.215182218081107, 0.0 ], [ 110.22806008128137, 25.215345725999153, 0.0 ], [ 110.227536907728705, 25.215474618067027, 0.0 ], [ 110.226997821591183, 25.21553269291535, 0.0 ], [ 110.226456169250696, 25.21557035754708, 0.0 ], [ 110.225914516768313, 25.215608021793869, 0.0 ], [ 110.225372748450411, 25.215623713034546, 0.0 ], [ 110.224855443333936, 25.215489630417029, 0.0 ], [ 110.224416658621948, 25.215214305504727, 0.0 ], [ 110.224392079458383, 25.214732289756341, 0.0 ], [ 110.224371532688281, 25.214246969145467, 0.0 ], [ 110.223892432547984, 25.214041308687097, 0.0 ], [ 110.223381823110287, 25.213872675269766, 0.0 ], [ 110.222869258367808, 25.21370922642495, 0.0 ], [ 110.222341808503501, 25.213592698594777, 0.0 ], [ 110.221802685695408, 25.213544842734269, 0.0 ], [ 110.221261158779654, 25.2135817211302, 0.0 ], [ 110.220723254992748, 25.213642279818547, 0.0 ], [ 110.220689384073182, 25.213880425044241, 0.0 ], [ 110.221080357928372, 25.214148675451643, 0.0 ], [ 110.221059025629245, 25.214638787703457, 0.0 ], [ 110.220882863414175, 25.215097024826186, 0.0 ], [ 110.220417069229882, 25.215249138957645, 0.0 ], [ 110.219979359932694, 25.215041540462735, 0.0 ], [ 110.219735646510671, 25.215629027464132, 0.0 ], [ 110.220110113369842, 25.2158077569932, 0.0 ], [ 110.220274932166831, 25.216278621196828, 0.0 ], [ 110.220428989257044, 25.216752511663074, 0.0 ], [ 110.220582826400459, 25.217226461536367, 0.0 ], [ 110.220715660889866, 25.217705452695419, 0.0 ], [ 110.220832789798365, 25.218188008275309, 0.0 ], [ 110.22086461490791, 25.218678434913674, 0.0 ], [ 110.220761218590013, 25.219160463437429, 0.0 ], [ 110.220585115247673, 25.219627956582425, 0.0 ], [ 110.220435668761681, 25.220102931279143, 0.0 ], [ 110.220410315777301, 25.220589930213038, 0.0 ], [ 110.220539838931515, 25.221069563262191, 0.0 ], [ 110.220739228189885, 25.221525446482882, 0.0 ], [ 110.221040930566176, 25.2219363982984, 0.0 ], [ 110.221310543836609, 25.222363815641131, 0.0 ], [ 110.221645034155543, 25.222746475911542, 0.0 ], [ 110.222133570215334, 25.222945168898345, 0.0 ], [ 110.222656270032246, 25.223079756885696, 0.0 ], [ 110.223196393747813, 25.223093275903278, 0.0 ], [ 110.223720712597569, 25.223221294086596, 0.0 ], [ 110.224218724287269, 25.223418719552015, 0.0 ], [ 110.224716629261422, 25.223616407797941, 0.0 ], [ 110.225209642433882, 25.223789883294621, 0.0 ], [ 110.226687079935672, 25.224714316081414, 0.0 ] ] ] } },
{ "type": "Feature", "properties": { "OBJECTID": 3 }, "geometry": { "type": "Polygon", "coordinates": [ [ [ 110.221442860870923, 25.2386478599112, 0.0 ], [ 110.221702179024888, 25.23852102052734, 0.0 ], [ 110.221975494284948, 25.238420884365741, 0.0 ], [ 110.222251974411961, 25.238328006567563, 0.0 ], [ 110.222526190407464, 25.238229782442822, 0.0 ], [ 110.222798333033879, 25.238144272650487, 0.0 ], [ 110.223083200542462, 25.238208085121872, 0.0 ], [ 110.223352126953586, 25.238317157361578, 0.0 ], [ 110.223529412968489, 25.23851764809104, 0.0 ], [ 110.223410188650448, 25.238762444316471, 0.0 ], [ 110.223266561667657, 25.238996532010773, 0.0 ], [ 110.223196619667874, 25.239250901272047, 0.0 ], [ 110.223323701221119, 25.239482063179391, 0.0 ], [ 110.223571941725652, 25.239626580413319, 0.0 ], [ 110.223820506202031, 25.239770637044941, 0.0 ], [ 110.224069071271543, 25.239914693269409, 0.0 ], [ 110.224317180729912, 25.240059397757921, 0.0 ], [ 110.22455875197852, 25.240211895748203, 0.0 ], [ 110.224772323781082, 25.240396509155445, 0.0 ], [ 110.224979529501539, 25.240587155628525, 0.0 ], [ 110.225110018940299, 25.240823684480901, 0.0 ], [ 110.225220370205918, 25.241072257692469, 0.0 ], [ 110.225270069083777, 25.241313463979687, 0.0 ], [ 110.225115567419266, 25.241539709427986, 0.0 ], [ 110.225040063239376, 25.241796606278516, 0.0 ], [ 110.225092190806834, 25.242056995949003, 0.0 ], [ 110.225231861257754, 25.242291408245496, 0.0 ], [ 110.225452591033317, 25.242364790143252, 0.0 ], [ 110.225718213250204, 25.242248603378851, 0.0 ], [ 110.225983834972411, 25.242132416122974, 0.0 ], [ 110.226124810401274, 25.241905076023038, 0.0 ], [ 110.226320852271442, 25.241705132872369, 0.0 ], [ 110.226498583190519, 25.241491382846736, 0.0 ], [ 110.226667566867093, 25.241271755273566, 0.0 ], [ 110.226853857008209, 25.241064356671547, 0.0 ], [ 110.22706969225888, 25.240881803019352, 0.0 ], [ 110.227282335516094, 25.240696200086759, 0.0 ], [ 110.227493796481227, 25.240509463808294, 0.0 ], [ 110.22770820400406, 25.240325527943508, 0.0 ], [ 110.227918669834949, 25.240137881656899, 0.0 ], [ 110.228124843720593, 25.239946312516253, 0.0 ], [ 110.228336383009108, 25.239759729771301, 0.0 ], [ 110.228558514325911, 25.239583604469502, 0.0 ], [ 110.228729004601945, 25.239375052762078, 0.0 ], [ 110.228717398961052, 25.239111525234147, 0.0 ], [ 110.228617936332611, 25.238859815639394, 0.0 ], [ 110.228490434565003, 25.238618216814437, 0.0 ], [ 110.228320875458323, 25.238399067439911, 0.0 ], [ 110.228141709219642, 25.238186467603192, 0.0 ], [ 110.227936094972193, 25.237995105559783, 0.0 ], [ 110.227715252719676, 25.237817600388471, 0.0 ], [ 110.227487899549473, 25.237647019332975, 0.0 ], [ 110.227264905944992, 25.237471980422683, 0.0 ], [ 110.227051439198434, 25.237287141975575, 0.0 ], [ 110.226833302152698, 25.237106908953649, 0.0 ], [ 110.22661553242466, 25.236926275584455, 0.0 ], [ 110.226400117150817, 25.236743317086198, 0.0 ], [ 110.226184702869517, 25.236560357947265, 0.0 ], [ 110.22596745296697, 25.236379211878983, 0.0 ], [ 110.225748448803472, 25.236199814394432, 0.0 ], [ 110.22552714627102, 25.236022843938038, 0.0 ], [ 110.225292549825056, 25.235860975731605, 0.0 ], [ 110.225045672502205, 25.235714626007827, 0.0 ], [ 110.224859654689482, 25.235520949097985, 0.0 ], [ 110.225105244049942, 25.235378630685261, 0.0 ], [ 110.225372822571572, 25.235268601864181, 0.0 ], [ 110.225594677628081, 25.235095589326299, 0.0 ], [ 110.225743844007482, 25.23486731616746, 0.0 ], [ 110.225803566685585, 25.234605055193434, 0.0 ], [ 110.225917923252055, 25.234360634785929, 0.0 ], [ 110.226098548671544, 25.234149964902205, 0.0 ], [ 110.22623533527694, 25.233915729401346, 0.0 ], [ 110.226245671372951, 25.233648393469366, 0.0 ], [ 110.226195160050509, 25.233385893198843, 0.0 ], [ 110.226152827788994, 25.233121938032884, 0.0 ], [ 110.226214152317482, 25.232861939401872, 0.0 ], [ 110.226357717084142, 25.232628037710533, 0.0 ], [ 110.226521794985771, 25.232405415420612, 0.0 ], [ 110.226693344482669, 25.232187444204307, 0.0 ], [ 110.226866006833745, 25.231970194560741, 0.0 ], [ 110.22703666723578, 25.231751642656942, 0.0 ], [ 110.227202318262442, 25.231529962741096, 0.0 ], [ 110.227358098926103, 25.231302446551332, 0.0 ], [ 110.227508577657574, 25.231071953750082, 0.0 ], [ 110.227658839898154, 25.230841342740327, 0.0 ], [ 110.227810158163081, 25.230611303251013, 0.0 ], [ 110.227961476484964, 25.230381263931445, 0.0 ], [ 110.22811279341127, 25.230151223991061, 0.0 ], [ 110.228266067746745, 25.229922272335131, 0.0 ], [ 110.228424890728306, 25.229696457788467, 0.0 ], [ 110.228496084701504, 25.229448156358846, 0.0 ], [ 110.228490429719272, 25.229180134436206, 0.0 ], [ 110.228484774745041, 25.228912112504297, 0.0 ], [ 110.228343192707754, 25.228742827708636, 0.0 ], [ 110.22808375743638, 25.228622254360989, 0.0 ], [ 110.227814886019928, 25.228517360841366, 0.0 ], [ 110.227578308730514, 25.228362362373524, 0.0 ], [ 110.22732572202446, 25.22822781744101, 0.0 ], [ 110.227094490306143, 25.228061669779841, 0.0 ], [ 110.226844660280605, 25.227919984371802, 0.0 ], [ 110.226602751726489, 25.227766941471167, 0.0 ], [ 110.226367516940471, 25.227606322045784, 0.0 ], [ 110.226139951306877, 25.227436015223454, 0.0 ], [ 110.225929161590031, 25.227249337633108, 0.0 ], [ 110.22569603132176, 25.227085876495398, 0.0 ], [ 110.225471453215434, 25.226912522972302, 0.0 ], [ 110.225211274847396, 25.226792250144474, 0.0 ], [ 110.224959496093518, 25.226658616530873, 0.0 ], [ 110.224790309011311, 25.226439377858913, 0.0 ], [ 110.224588650437113, 25.226245130147273, 0.0 ], [ 110.224352669845658, 25.226085392424956, 0.0 ], [ 110.224097046887891, 25.22595231964258, 0.0 ], [ 110.223824889093478, 25.225852287071643, 0.0 ], [ 110.223539092104801, 25.225786880036193, 0.0 ], [ 110.22325169605682, 25.225727770070062, 0.0 ], [ 110.222958108814908, 25.22571301921381, 0.0 ], [ 110.222668830242313, 25.225664020315858, 0.0 ], [ 110.222393769010765, 25.225570593226074, 0.0 ], [ 110.22211213206711, 25.225504499329343, 0.0 ], [ 110.221908454782039, 25.225331791590303, 0.0 ], [ 110.221766856414035, 25.225104993095869, 0.0 ], [ 110.221558053558837, 25.224915899851762, 0.0 ], [ 110.2212995691565, 25.224790293865965, 0.0 ], [ 110.221025886879914, 25.224691527394025, 0.0 ], [ 110.220759520018106, 25.224581962320855, 0.0 ], [ 110.220633568528356, 25.224356902813899, 0.0 ], [ 110.220377885318456, 25.224237099053394, 0.0 ], [ 110.220108930566809, 25.224127518537998, 0.0 ], [ 110.219837210864, 25.224025129110608, 0.0 ], [ 110.219580729628532, 25.223913024949852, 0.0 ], [ 110.219332345512044, 25.223785900404984, 0.0 ], [ 110.219042332367181, 25.223795314010406, 0.0 ], [ 110.218811660482871, 25.223956991205743, 0.0 ], [ 110.218693509580575, 25.224192238669385, 0.0 ], [ 110.218775196247222, 25.224435609896826, 0.0 ], [ 110.219024559527426, 25.22456064349845, 0.0 ], [ 110.219316530488243, 25.224581700625382, 0.0 ], [ 110.219590465774431, 25.224677136398519, 0.0 ], [ 110.219843960798812, 25.224813443895378, 0.0 ], [ 110.220063772363062, 25.224990558863919, 0.0 ], [ 110.220256916512696, 25.22519279834636, 0.0 ], [ 110.220432531146301, 25.225408074667364, 0.0 ], [ 110.220608146660268, 25.22562335060805, 0.0 ], [ 110.22078376371509, 25.225838625722719, 0.0 ], [ 110.220959380194785, 25.226053901439474, 0.0 ], [ 110.221135075625256, 25.226269124021957, 0.0 ], [ 110.221349550827284, 25.226445766167487, 0.0 ], [ 110.221603435966244, 25.226581860026979, 0.0 ], [ 110.221859271574985, 25.22671480157689, 0.0 ], [ 110.222125237525972, 25.226830253390347, 0.0 ], [ 110.222392735151644, 25.22694275826673, 0.0 ], [ 110.222660233280436, 25.227055262668895, 0.0 ], [ 110.222927731480397, 25.227167767447085, 0.0 ], [ 110.22319522980716, 25.227280272491662, 0.0 ], [ 110.223462728637173, 25.22739277706199, 0.0 ], [ 110.223726419504644, 25.22751233765786, 0.0 ], [ 110.223981069887145, 25.227647147716873, 0.0 ], [ 110.224234264889773, 25.227784333725001, 0.0 ], [ 110.224469670843462, 25.227942363944802, 0.0 ], [ 110.22463964304211, 25.228158651032533, 0.0 ], [ 110.224884221524448, 25.228297202458169, 0.0 ], [ 110.225152427387044, 25.22840779652751, 0.0 ], [ 110.225380328041254, 25.228555694269797, 0.0 ], [ 110.225345681081137, 25.228694663628016, 0.0 ], [ 110.225051438666284, 25.228702913980374, 0.0 ], [ 110.224756745165067, 25.228700097359184, 0.0 ], [ 110.224462296107731, 25.228688813845643, 0.0 ], [ 110.224167762529817, 25.228679481033797, 0.0 ], [ 110.22387322901389, 25.228670147635917, 0.0 ], [ 110.223578812596841, 25.228678046575315, 0.0 ], [ 110.223286488673992, 25.228711963928607, 0.0 ], [ 110.222994886018697, 25.228750417561013, 0.0 ], [ 110.222703857777518, 25.228792561122805, 0.0 ], [ 110.222417520835251, 25.22885471065608, 0.0 ], [ 110.22216205039696, 25.228987574557031, 0.0 ], [ 110.221910951749194, 25.229127916213663, 0.0 ], [ 110.221659852532639, 25.229268257427201, 0.0 ], [ 110.221408752747166, 25.229408598197629, 0.0 ], [ 110.221176871744049, 25.229573786876255, 0.0 ], [ 110.220953107576292, 25.229748244761698, 0.0 ], [ 110.220741729507907, 25.22993435112458, 0.0 ], [ 110.22059087689334, 25.230162103818728, 0.0 ], [ 110.220312265445301, 25.230190694317216, 0.0 ], [ 110.220104363042239, 25.230001718183637, 0.0 ], [ 110.219863716123328, 25.229857826031079, 0.0 ], [ 110.219695546221743, 25.229654414716727, 0.0 ], [ 110.219456493724607, 25.229517775508778, 0.0 ], [ 110.219334921349571, 25.229273832268387, 0.0 ], [ 110.21932219439897, 25.22901794601664, 0.0 ], [ 110.219261425654452, 25.228774041348458, 0.0 ], [ 110.219358597283374, 25.228520983338022, 0.0 ], [ 110.21913456666185, 25.228370459805273, 0.0 ], [ 110.219010402583692, 25.228127482677071, 0.0 ], [ 110.218768967812338, 25.22800737564538, 0.0 ], [ 110.218478059509877, 25.228023562671932, 0.0 ], [ 110.218201609709567, 25.228116457312218, 0.0 ], [ 110.217919487535553, 25.22811941583311, 0.0 ], [ 110.217640027879085, 25.228035030384213, 0.0 ], [ 110.217353579916235, 25.228095272560765, 0.0 ], [ 110.217067337047567, 25.228159070261803, 0.0 ], [ 110.216781093895051, 25.228222867400621, 0.0 ], [ 110.216494850459057, 25.228286663977222, 0.0 ], [ 110.216232039256909, 25.228407008904384, 0.0 ], [ 110.215978145155503, 25.228543123269112, 0.0 ], [ 110.215724250496933, 25.228679237181524, 0.0 ], [ 110.215470355281269, 25.2288153506416, 0.0 ], [ 110.215339223414958, 25.229050399771541, 0.0 ], [ 110.215266116086738, 25.229310091532192, 0.0 ], [ 110.215193008433005, 25.229569783240162, 0.0 ], [ 110.215119900453544, 25.229829474895439, 0.0 ], [ 110.215011785738284, 25.230069889541934, 0.0 ], [ 110.214757385440592, 25.230205143751899, 0.0 ], [ 110.214509226825456, 25.230180654755348, 0.0 ], [ 110.214302777744621, 25.229991258660174, 0.0 ], [ 110.214104856288387, 25.229792679330242, 0.0 ], [ 110.213876434168782, 25.229631712470674, 0.0 ], [ 110.213594580397398, 25.229625274634998, 0.0 ], [ 110.213313718111806, 25.229705754102895, 0.0 ], [ 110.213034680085045, 25.229792018107094, 0.0 ], [ 110.212779727511389, 25.229913653154679, 0.0 ], [ 110.212591081969393, 25.23011848373773, 0.0 ], [ 110.212418126008728, 25.230335537667315, 0.0 ], [ 110.212390087234937, 25.230600543195152, 0.0 ], [ 110.21237336415723, 25.230868134546434, 0.0 ], [ 110.212487210867508, 25.231089186536618, 0.0 ], [ 110.212709990937554, 25.23126461072923, 0.0 ], [ 110.212969319175855, 25.231391096949988, 0.0 ], [ 110.213226015700812, 25.231522126846702, 0.0 ], [ 110.213417241900558, 25.231715341187709, 0.0 ], [ 110.21350253144459, 25.231969906091454, 0.0 ], [ 110.213437531978073, 25.232229000261786, 0.0 ], [ 110.213310494439199, 25.232470278316107, 0.0 ], [ 110.213193937009123, 25.232714241194557, 0.0 ], [ 110.213066922292796, 25.232944889407733, 0.0 ], [ 110.212861079521019, 25.233134566348653, 0.0 ], [ 110.212660788839841, 25.233330950332853, 0.0 ], [ 110.212462241225552, 25.233523614916152, 0.0 ], [ 110.212348004526064, 25.233768130093878, 0.0 ], [ 110.212127863527584, 25.233930706310051, 0.0 ], [ 110.211861715750928, 25.234045825724007, 0.0 ], [ 110.211644593965332, 25.234224082835993, 0.0 ], [ 110.211493452282753, 25.234453955964849, 0.0 ], [ 110.211318911492498, 25.234665965059129, 0.0 ], [ 110.211107304476357, 25.234852551931173, 0.0 ], [ 110.210892213961912, 25.235035764755231, 0.0 ], [ 110.210673512739305, 25.23521525750893, 0.0 ], [ 110.210515801545455, 25.235431392371293, 0.0 ], [ 110.21039671421893, 25.235675378051923, 0.0 ], [ 110.210218835298434, 25.235888500092603, 0.0 ], [ 110.210040650562021, 25.236100510788294, 0.0 ], [ 110.20990384409528, 25.236337903172483, 0.0 ], [ 110.209755298696635, 25.236565094624709, 0.0 ], [ 110.209854431489234, 25.236748909577738, 0.0 ], [ 110.210131138348615, 25.236841216414405, 0.0 ], [ 110.210407845639125, 25.236933522741747, 0.0 ], [ 110.210684553360679, 25.23702582855973, 0.0 ], [ 110.210961261513503, 25.237118133868371, 0.0 ], [ 110.211237970097272, 25.23721043866766, 0.0 ], [ 110.211514679112241, 25.237302742957578, 0.0 ], [ 110.211791388558311, 25.237395046738143, 0.0 ], [ 110.212062169179148, 25.237348112495891, 0.0 ], [ 110.21233767143832, 25.237256503365863, 0.0 ], [ 110.212543782394036, 25.237068367992055, 0.0 ], [ 110.212801481786812, 25.236956436228887, 0.0 ], [ 110.213093113379912, 25.236920416130211, 0.0 ], [ 110.213340579978123, 25.237000863058476, 0.0 ], [ 110.213605467071901, 25.236995882260103, 0.0 ], [ 110.213899915826701, 25.236991786192657, 0.0 ], [ 110.214193698426811, 25.236970427335979, 0.0 ], [ 110.214487170472594, 25.236945677558399, 0.0 ], [ 110.214780129848236, 25.236916412326451, 0.0 ], [ 110.215071528187451, 25.236876618631342, 0.0 ], [ 110.215357660735251, 25.236814102811554, 0.0 ], [ 110.215632691625373, 25.236718668113092, 0.0 ], [ 110.215910135798353, 25.236668677439507, 0.0 ], [ 110.216043870630017, 25.236888394825769, 0.0 ], [ 110.215903318537357, 25.237102942608086, 0.0 ], [ 110.215671393186028, 25.237267918851124, 0.0 ], [ 110.215439806641101, 25.237433635183432, 0.0 ], [ 110.215209766472185, 25.237600854732086, 0.0 ], [ 110.214991701240464, 25.237781156740255, 0.0 ], [ 110.21484170851835, 25.238010164727612, 0.0 ], [ 110.2147009654459, 25.238245695678799, 0.0 ], [ 110.214538713402064, 25.238468099366482, 0.0 ], [ 110.214345074961656, 25.238670118944423, 0.0 ], [ 110.214189444848998, 25.238897298212951, 0.0 ], [ 110.21404100997978, 25.23912876754996, 0.0 ], [ 110.213982452815387, 25.239375820673022, 0.0 ], [ 110.214209746659733, 25.239512676841496, 0.0 ], [ 110.214250158872417, 25.239777462783103, 0.0 ], [ 110.214276234515523, 25.240044385797379, 0.0 ], [ 110.214378811131525, 25.240293819179772, 0.0 ], [ 110.214529666396132, 25.240524015678144, 0.0 ], [ 110.214693090214723, 25.240747104066891, 0.0 ], [ 110.214892809514822, 25.24094111011371, 0.0 ], [ 110.215128461009002, 25.241101869318403, 0.0 ], [ 110.215386747642938, 25.241228768225177, 0.0 ], [ 110.215669504355006, 25.241303784262687, 0.0 ], [ 110.215958489533961, 25.241303155638505, 0.0 ], [ 110.216208875953129, 25.24135356762018, 0.0 ], [ 110.216006596746055, 25.24154346017886, 0.0 ], [ 110.215768819905648, 25.241701696904222, 0.0 ], [ 110.215536219492762, 25.241865997012177, 0.0 ], [ 110.215354185734881, 25.242074702214811, 0.0 ], [ 110.215212220444656, 25.242309551741087, 0.0 ], [ 110.214992406751691, 25.242474426951791, 0.0 ], [ 110.214720971200109, 25.242577934753285, 0.0 ], [ 110.214463540021811, 25.242708483750938, 0.0 ], [ 110.214234783732763, 25.242871599891082, 0.0 ], [ 110.214066956113186, 25.24309078561275, 0.0 ], [ 110.213954296572183, 25.243337625302647, 0.0 ], [ 110.213864711255539, 25.243585501269415, 0.0 ], [ 110.213651544654837, 25.24376908017603, 0.0 ], [ 110.213419281569173, 25.243934122306939, 0.0 ], [ 110.213183060828953, 25.244094431372559, 0.0 ], [ 110.21294132917447, 25.244247698277775, 0.0 ], [ 110.21271182030398, 25.244413159955009, 0.0 ], [ 110.212494574413469, 25.244594054767997, 0.0 ], [ 110.212273790969093, 25.244771395396963, 0.0 ], [ 110.212036526658139, 25.244930188699307, 0.0 ], [ 110.211809028766666, 25.245100634551083, 0.0 ], [ 110.211605434365069, 25.245293293004078, 0.0 ], [ 110.21145085167619, 25.245520237247607, 0.0 ], [ 110.211373630474043, 25.245778931511811, 0.0 ], [ 110.211289201846029, 25.246035469137297, 0.0 ], [ 110.211215712120477, 25.246294457671553, 0.0 ], [ 110.211337623228999, 25.246527094314118, 0.0 ], [ 110.211352804808143, 25.246794808258393, 0.0 ], [ 110.211378280736341, 25.247061769002951, 0.0 ], [ 110.211461424249308, 25.247317881166722, 0.0 ], [ 110.211619947294892, 25.247543688262784, 0.0 ], [ 110.211796042968643, 25.247758655342516, 0.0 ], [ 110.211967944282947, 25.247976348923771, 0.0 ], [ 110.21212182931383, 25.248204843462151, 0.0 ], [ 110.212271012522308, 25.248436037970354, 0.0 ], [ 110.212416481439973, 25.248669187762243, 0.0 ], [ 110.212561679131653, 25.24890247758762, 0.0 ], [ 110.212715696768342, 25.249130973895316, 0.0 ], [ 110.212880682714598, 25.249352902128699, 0.0 ], [ 110.213078062857221, 25.249551220108806, 0.0 ], [ 110.213304030825768, 25.249722971636103, 0.0 ], [ 110.213555973855762, 25.249860747889119, 0.0 ], [ 110.213783869713282, 25.250028821636302, 0.0 ], [ 110.213968714548372, 25.250237504301445, 0.0 ], [ 110.214176532215973, 25.250426803796152, 0.0 ], [ 110.214412050316383, 25.2505874247632, 0.0 ], [ 110.214666380844704, 25.250722685497671, 0.0 ], [ 110.214927634431078, 25.250846824306898, 0.0 ], [ 110.215190963297459, 25.250967156158417, 0.0 ], [ 110.215460411209321, 25.251075732203283, 0.0 ], [ 110.215723015794651, 25.251196732079087, 0.0 ], [ 110.215959348427404, 25.2513564704335, 0.0 ], [ 110.216215484494228, 25.251369378166153, 0.0 ], [ 110.21649990911996, 25.251319851733406, 0.0 ], [ 110.216725848265838, 25.251478310557953, 0.0 ], [ 110.216857431964485, 25.251716329098997, 0.0 ], [ 110.216901016090986, 25.251978960165147, 0.0 ], [ 110.216930151179056, 25.252245446919407, 0.0 ], [ 110.21698254574261, 25.252509207651233, 0.0 ], [ 110.217030878356795, 25.25277363786984, 0.0 ], [ 110.217092565063041, 25.253035630008572, 0.0 ], [ 110.217177333226005, 25.253292230778541, 0.0 ], [ 110.217374405043842, 25.253487890882184, 0.0 ], [ 110.21759852518025, 25.253661997234701, 0.0 ], [ 110.217848920998904, 25.25370299751636, 0.0 ], [ 110.218087227389972, 25.253567465873456, 0.0 ], [ 110.2182453737625, 25.253341517958258, 0.0 ], [ 110.218425836203096, 25.253129754927397, 0.0 ], [ 110.218617243552004, 25.252925904115429, 0.0 ], [ 110.218809465153413, 25.252722673027698, 0.0 ], [ 110.21900843033292, 25.252525101509953, 0.0 ], [ 110.219240489475737, 25.252361950894691, 0.0 ], [ 110.219509978757017, 25.252255330560402, 0.0 ], [ 110.219788316006046, 25.252167109729243, 0.0 ], [ 110.220069930932183, 25.252088184708253, 0.0 ], [ 110.220355227127982, 25.252020868621077, 0.0 ], [ 110.22064190860155, 25.251958518079395, 0.0 ], [ 110.220931763900424, 25.251910640691033, 0.0 ], [ 110.221225355659001, 25.251888287296353, 0.0 ], [ 110.221517229274653, 25.25185572279619, 0.0 ], [ 110.221766983369832, 25.251722695076708, 0.0 ], [ 110.221980370202303, 25.251538405906867, 0.0 ], [ 110.22215079006385, 25.251320998133714, 0.0 ], [ 110.222268068842837, 25.251075980245307, 0.0 ], [ 110.222342935300162, 25.250817020844181, 0.0 ], [ 110.22245219285071, 25.25056831727526, 0.0 ], [ 110.222516000475167, 25.250311826317542, 0.0 ], [ 110.222393121417113, 25.250089530482498, 0.0 ], [ 110.222368081595747, 25.249845929458523, 0.0 ], [ 110.222429947269433, 25.249583934802036, 0.0 ], [ 110.222527579287998, 25.249332142262706, 0.0 ], [ 110.222662082379713, 25.249093677749123, 0.0 ], [ 110.222803290689839, 25.248858373068888, 0.0 ], [ 110.222932118949601, 25.248618789857755, 0.0 ], [ 110.222943990680491, 25.248358768071629, 0.0 ], [ 110.222852629806681, 25.248104211526861, 0.0 ], [ 110.222750257413409, 25.247852828411109, 0.0 ], [ 110.222649487453609, 25.247600910666225, 0.0 ], [ 110.222551001832983, 25.247348255359508, 0.0 ], [ 110.22245748488811, 25.247094040881837, 0.0 ], [ 110.22237371110441, 25.246837064687764, 0.0 ], [ 110.222326304684088, 25.246573684271095, 0.0 ], [ 110.222441076043282, 25.246362261467095, 0.0 ], [ 110.22270449320294, 25.246242002166678, 0.0 ], [ 110.222972811553802, 25.24613113472601, 0.0 ], [ 110.223253211037601, 25.246049211759761, 0.0 ], [ 110.223542744055166, 25.246002537485957, 0.0 ], [ 110.223829854820337, 25.246035931847139, 0.0 ], [ 110.224083586062164, 25.246168067904073, 0.0 ], [ 110.224314113414152, 25.246334744406166, 0.0 ], [ 110.22451945821804, 25.246526718280659, 0.0 ], [ 110.224704917109165, 25.246734935109025, 0.0 ], [ 110.224869018495639, 25.246957364762036, 0.0 ], [ 110.225003865715053, 25.24719557438852, 0.0 ], [ 110.22510851421616, 25.247445108601212, 0.0 ], [ 110.225165428661697, 25.247707952888064, 0.0 ], [ 110.225178741086012, 25.247974964628391, 0.0 ], [ 110.225165809093468, 25.248242747424872, 0.0 ], [ 110.225161574051683, 25.248510679608625, 0.0 ], [ 110.22517168265432, 25.248778592332304, 0.0 ], [ 110.225212745709499, 25.249043209044263, 0.0 ], [ 110.225437761879974, 25.249194204680276, 0.0 ], [ 110.225724048008999, 25.249258023980858, 0.0 ], [ 110.22600910413432, 25.249325995871143, 0.0 ], [ 110.226292346931729, 25.249400205156224, 0.0 ], [ 110.226575822223893, 25.249473673548881, 0.0 ], [ 110.226860892881533, 25.249541765760533, 0.0 ], [ 110.227144824649599, 25.249543072037341, 0.0 ], [ 110.227381858754541, 25.249394139487805, 0.0 ], [ 110.227593721820057, 25.249207763819214, 0.0 ], [ 110.227800141694829, 25.249016448004227, 0.0 ], [ 110.227999029623859, 25.248818604915833, 0.0 ], [ 110.228193443916211, 25.248617129764629, 0.0 ], [ 110.228371273896158, 25.248403514799747, 0.0 ], [ 110.228486907665584, 25.248161412256835, 0.0 ], [ 110.228463873611361, 25.24789738077715, 0.0 ], [ 110.228358403157998, 25.247647946461139, 0.0 ], [ 110.228196885128284, 25.24742472111167, 0.0 ], [ 110.227987638244031, 25.247236232752364, 0.0 ], [ 110.227763899313359, 25.247061719237667, 0.0 ], [ 110.227537224880763, 25.246890375698207, 0.0 ], [ 110.227306187539099, 25.246723929156239, 0.0 ], [ 110.227072887653961, 25.246560111193471, 0.0 ], [ 110.226834622052678, 25.246402307555019, 0.0 ], [ 110.226593095943883, 25.246248668511512, 0.0 ], [ 110.226353332776512, 25.246092779365707, 0.0 ], [ 110.22612792082893, 25.24592027801846, 0.0 ], [ 110.225934311312102, 25.245720346102303, 0.0 ], [ 110.225827172574697, 25.245474979816194, 0.0 ], [ 110.225819126262664, 25.245208830817845, 0.0 ], [ 110.225856660212742, 25.244943090277747, 0.0 ], [ 110.225919404359658, 25.244681241560507, 0.0 ], [ 110.226000540054187, 25.244423623388684, 0.0 ], [ 110.226076944468616, 25.24416487960324, 0.0 ], [ 110.226083244622799, 25.243898098088586, 0.0 ], [ 110.226054075712838, 25.243631744239217, 0.0 ], [ 110.225905444066015, 25.243437974021639, 0.0 ], [ 110.225630544162797, 25.243341266795994, 0.0 ], [ 110.225355644707335, 25.243244559067744, 0.0 ], [ 110.225084993172558, 25.243141138847133, 0.0 ], [ 110.224854957296174, 25.242973536944461, 0.0 ], [ 110.224624922054616, 25.24280593469474, 0.0 ], [ 110.224394887447787, 25.242638332098011, 0.0 ], [ 110.224166116440117, 25.242469306904688, 0.0 ], [ 110.223937988151405, 25.242299563426592, 0.0 ], [ 110.223720352505339, 25.242119473689112, 0.0 ], [ 110.223520872994044, 25.241922180553061, 0.0 ], [ 110.223354414070116, 25.241701542347656, 0.0 ], [ 110.2231696396681, 25.241492889138165, 0.0 ], [ 110.222970643331522, 25.241295139324635, 0.0 ], [ 110.222771711251355, 25.241097336325293, 0.0 ], [ 110.222574352261873, 25.240898236496101, 0.0 ], [ 110.222377367021821, 25.240698828837751, 0.0 ], [ 110.222180381976116, 25.240499421291815, 0.0 ], [ 110.22194347605118, 25.240348765796774, 0.0 ], [ 110.221655983300906, 25.24033921433923, 0.0 ], [ 110.220112355107005, 25.240989909536612, 0.0 ], [ 110.21982121737301, 25.240948249014593, 0.0 ], [ 110.21952753684792, 25.240927894759743, 0.0 ], [ 110.219244005117503, 25.240994985889319, 0.0 ], [ 110.218973669581814, 25.241098815939651, 0.0 ], [ 110.218723181307965, 25.241031008347086, 0.0 ], [ 110.218516112874767, 25.240840685785997, 0.0 ], [ 110.218644062701941, 25.24061463511261, 0.0 ], [ 110.218877299300431, 25.240450739306695, 0.0 ], [ 110.219110535277437, 25.240286843113925, 0.0 ], [ 110.21934377063306, 25.240122946534306, 0.0 ], [ 110.219577005367256, 25.239959049567865, 0.0 ], [ 110.219810239480069, 25.239795152214601, 0.0 ], [ 110.220043472971483, 25.239631254474499, 0.0 ], [ 110.220276705841457, 25.239467356347593, 0.0 ], [ 110.220509938090103, 25.239303457833881, 0.0 ], [ 110.22074316971738, 25.239139558933388, 0.0 ], [ 110.220976400723259, 25.238975659646094, 0.0 ], [ 110.221209631107769, 25.238811759972034, 0.0 ], [ 110.221442860870923, 25.2386478599112, 0.0 ] ] ] } },
{ "type": "Feature", "properties": { "OBJECTID": 4 }, "geometry": { "type": "Polygon", "coordinates": [ [ [ 110.199470558678215, 25.274561428323491, 0.0 ], [ 110.199539234472539, 25.274728721782569, 0.0 ], [ 110.199691617329279, 25.274843819207764, 0.0 ], [ 110.19984400047521, 25.274958916480795, 0.0 ], [ 110.199996383910047, 25.275074013601746, 0.0 ], [ 110.200148767633777, 25.275189110570579, 0.0 ], [ 110.200301151646499, 25.275304207387308, 0.0 ], [ 110.20045353594827, 25.275419304051887, 0.0 ], [ 110.200605920539019, 25.275534400564382, 0.0 ], [ 110.20075830541866, 25.275649496924785, 0.0 ], [ 110.200895464267319, 25.275773779599806, 0.0 ], [ 110.20094181541981, 25.275947704398309, 0.0 ], [ 110.200941644492488, 25.276127801505179, 0.0 ], [ 110.200931748896892, 25.27630762654303, 0.0 ], [ 110.200919648602223, 25.276486885952853, 0.0 ], [ 110.200949363191953, 25.276663446756494, 0.0 ], [ 110.201034460646028, 25.276824737075458, 0.0 ], [ 110.201155783587467, 25.276966985137591, 0.0 ], [ 110.20129272537784, 25.277096411373851, 0.0 ], [ 110.20145439047414, 25.277198294826356, 0.0 ], [ 110.201637568672012, 25.277265844166429, 0.0 ], [ 110.201828357030038, 25.277314063045001, 0.0 ], [ 110.202022393917815, 25.277349497061831, 0.0 ], [ 110.202218825403975, 25.277372753142952, 0.0 ], [ 110.202415065092239, 25.277396919816269, 0.0 ], [ 110.202611016378981, 25.277422822296923, 0.0 ], [ 110.202808403851677, 25.277431395419235, 0.0 ], [ 110.203006428481544, 25.277427332779418, 0.0 ], [ 110.203204533566307, 25.277427428154002, 0.0 ], [ 110.203402627707945, 25.277429051123807, 0.0 ], [ 110.203600630042786, 25.277434262309626, 0.0 ], [ 110.203797887436608, 25.277427977648216, 0.0 ], [ 110.203994416479489, 25.277405297233948, 0.0 ], [ 110.20419103165861, 25.277383247621916, 0.0 ], [ 110.204386443149104, 25.277354543947233, 0.0 ], [ 110.204578558233308, 25.277311227558148, 0.0 ], [ 110.20468731440171, 25.277192625263375, 0.0 ], [ 110.204732994889739, 25.277017402450593, 0.0 ], [ 110.204812127436, 25.276853516311181, 0.0 ], [ 110.204940489819691, 25.276718921984592, 0.0 ], [ 110.205105078240123, 25.276620776065812, 0.0 ], [ 110.205280455695501, 25.276537051609065, 0.0 ], [ 110.205458258919819, 25.276457645177199, 0.0 ], [ 110.205640693710976, 25.276387640273466, 0.0 ], [ 110.205828144459375, 25.27632962944708, 0.0 ], [ 110.20602237594899, 25.276296391372931, 0.0 ], [ 110.206219647380749, 25.276281042689959, 0.0 ], [ 110.206417560736028, 25.276273503767904, 0.0 ], [ 110.206614932262752, 25.276258617069391, 0.0 ], [ 110.206812748773459, 25.276249707889296, 0.0 ], [ 110.207010755962585, 25.276244117447817, 0.0 ], [ 110.20711652094171, 25.276115217785783, 0.0 ], [ 110.207088644652814, 25.275936887792728, 0.0 ], [ 110.207058502735066, 25.27575886026823, 0.0 ], [ 110.207031680448452, 25.275580503266024, 0.0 ], [ 110.207033567824155, 25.275402363229624, 0.0 ], [ 110.207098954052782, 25.275232681837192, 0.0 ], [ 110.207185661373387, 25.275070734030692, 0.0 ], [ 110.20727880593482, 25.274911908259007, 0.0 ], [ 110.207386484671474, 25.274760831885487, 0.0 ], [ 110.207511075846782, 25.274621657143509, 0.0 ], [ 110.207666794766311, 25.274513593601295, 0.0 ], [ 110.207853422103071, 25.274464541285539, 0.0 ], [ 110.20805106383628, 25.274472298147082, 0.0 ], [ 110.208243015578759, 25.274510291331268, 0.0 ], [ 110.20842634338338, 25.274578545986248, 0.0 ], [ 110.208610317991315, 25.274645300912475, 0.0 ], [ 110.20880000728971, 25.274692871064104, 0.0 ], [ 110.208990455205921, 25.274675735193071, 0.0 ], [ 110.209157106360919, 25.274582407244957, 0.0 ], [ 110.209304773369198, 25.274462366188843, 0.0 ], [ 110.209448081593877, 25.274338041873456, 0.0 ], [ 110.20955342873286, 25.274190296142017, 0.0 ], [ 110.209590180304019, 25.274015664508635, 0.0 ], [ 110.209561032884764, 25.273840115729939, 0.0 ], [ 110.209467173331376, 25.273684489128673, 0.0 ], [ 110.209330116463775, 25.273555695130902, 0.0 ], [ 110.209158225240898, 25.273472330914359, 0.0 ], [ 110.208964740063365, 25.273442470554372, 0.0 ], [ 110.208766814718274, 25.273435754988494, 0.0 ], [ 110.208569713401801, 25.273419903753759, 0.0 ], [ 110.208374239427471, 25.27339107347262, 0.0 ], [ 110.208179338892776, 25.273358834007126, 0.0 ], [ 110.207984438468287, 25.273326594286562, 0.0 ], [ 110.207789538154159, 25.273294354310952, 0.0 ], [ 110.207594637950336, 25.273262114080293, 0.0 ], [ 110.207399737856719, 25.273229873594559, 0.0 ], [ 110.207204837881974, 25.273197632811421, 0.0 ], [ 110.207009938075842, 25.273165391481335, 0.0 ], [ 110.206815038436062, 25.273133149616289, 0.0 ], [ 110.206620138918822, 25.273100907435111, 0.0 ], [ 110.206425239511887, 25.273068664998895, 0.0 ], [ 110.206230339870103, 25.27303642403249, 0.0 ], [ 110.206037021250211, 25.272997260223097, 0.0 ], [ 110.205843291076974, 25.272959680559993, 0.0 ], [ 110.205653401846391, 25.272908836629352, 0.0 ], [ 110.205467622900571, 25.272846438396041, 0.0 ], [ 110.205298237822518, 25.272754082567303, 0.0 ], [ 110.205222854281857, 25.272593013088418, 0.0 ], [ 110.205293429555255, 25.272429091968817, 0.0 ], [ 110.205413089433264, 25.272285950908248, 0.0 ], [ 110.205535632943764, 25.27214442610919, 0.0 ], [ 110.205658176168185, 25.272002901198753, 0.0 ], [ 110.205780719106471, 25.271861376177036, 0.0 ], [ 110.20590326175865, 25.271719851043919, 0.0 ], [ 110.206025804124721, 25.271578325799481, 0.0 ], [ 110.206156218582791, 25.271442760576353, 0.0 ], [ 110.206314523470169, 25.271334609732971, 0.0 ], [ 110.206493233304087, 25.271257079648006, 0.0 ], [ 110.20668326856746, 25.271206504226562, 0.0 ], [ 110.206879017413428, 25.271178862815049, 0.0 ], [ 110.207075199252401, 25.271154568289219, 0.0 ], [ 110.207260553585186, 25.271136181692096, 0.0 ], [ 110.207305524983965, 25.270961048870571, 0.0 ], [ 110.207328678761002, 25.27078215864173, 0.0 ], [ 110.207339418168061, 25.270603552368314, 0.0 ], [ 110.20728790254995, 25.270431570424329, 0.0 ], [ 110.207228883439711, 25.270263855740215, 0.0 ], [ 110.207238298878508, 25.270085039393845, 0.0 ], [ 110.20729916700175, 25.2699158926109, 0.0 ], [ 110.207410238392882, 25.269768192561383, 0.0 ], [ 110.207546283703834, 25.269637384924089, 0.0 ], [ 110.207698733230345, 25.26952374239967, 0.0 ], [ 110.207870473684196, 25.269434755788222, 0.0 ], [ 110.208049470491929, 25.269357607750518, 0.0 ], [ 110.208229145678374, 25.26928176135673, 0.0 ], [ 110.208408820711995, 25.269205914866447, 0.0 ], [ 110.208594393689182, 25.269144594408285, 0.0 ], [ 110.208787730686453, 25.269138571791757, 0.0 ], [ 110.208967008786615, 25.269206172927298, 0.0 ], [ 110.209119589393396, 25.269319668119543, 0.0 ], [ 110.209261863326503, 25.269445002349354, 0.0 ], [ 110.209404138100609, 25.26957033593224, 0.0 ], [ 110.209544354885722, 25.269697555283873, 0.0 ], [ 110.209638916196695, 25.269851446509051, 0.0 ], [ 110.209577521225299, 25.270006999828954, 0.0 ], [ 110.209400529117843, 25.270066956188266, 0.0 ], [ 110.209203235728907, 25.270063172404399, 0.0 ], [ 110.20900815631812, 25.270032770042597, 0.0 ], [ 110.208813162967658, 25.270001028184026, 0.0 ], [ 110.208645556770222, 25.270089178278699, 0.0 ], [ 110.208538513562985, 25.270240199763581, 0.0 ], [ 110.208509140525749, 25.270418126816018, 0.0 ], [ 110.208508419997329, 25.270598246735769, 0.0 ], [ 110.208521027321481, 25.270777775833459, 0.0 ], [ 110.208592943779124, 25.27094554519481, 0.0 ], [ 110.208689448373576, 25.271102722666345, 0.0 ], [ 110.208812691583091, 25.271243521050689, 0.0 ], [ 110.208958508517128, 25.271365374367534, 0.0 ], [ 110.209092934795535, 25.271497658283717, 0.0 ], [ 110.209221301303074, 25.271634848705762, 0.0 ], [ 110.209349668098113, 25.271772039020547, 0.0 ], [ 110.20947803518051, 25.271909229228164, 0.0 ], [ 110.209606402550236, 25.272046419328596, 0.0 ], [ 110.20973477020739, 25.272183609321878, 0.0 ], [ 110.209863138143064, 25.27232079921485, 0.0 ], [ 110.209991506315902, 25.272457989039452, 0.0 ], [ 110.210112637154438, 25.272599518297636, 0.0 ], [ 110.210192822846295, 25.272763512155596, 0.0 ], [ 110.21024145510637, 25.27293812483137, 0.0 ], [ 110.210291704875445, 25.27311233308173, 0.0 ], [ 110.210347990906442, 25.273285033955478, 0.0 ], [ 110.210404867942913, 25.273457574970305, 0.0 ], [ 110.210461745133841, 25.273630115963073, 0.0 ], [ 110.210518622479242, 25.273802656933796, 0.0 ], [ 110.210576046618598, 25.273975046107797, 0.0 ], [ 110.210637870482259, 25.274146115777278, 0.0 ], [ 110.210707108471865, 25.274314880637309, 0.0 ], [ 110.210777939884352, 25.274483087634877, 0.0 ], [ 110.210857698706818, 25.274647734074929, 0.0 ], [ 110.210955647286298, 25.274804086899703, 0.0 ], [ 110.211064445642151, 25.274954615184871, 0.0 ], [ 110.211175593636852, 25.275103677613519, 0.0 ], [ 110.211302612107758, 25.275240659654131, 0.0 ], [ 110.211452212517258, 25.275358636006459, 0.0 ], [ 110.211621887449979, 25.275443152387528, 0.0 ], [ 110.211809698427174, 25.275432031361749, 0.0 ], [ 110.211929155585452, 25.275309513673498, 0.0 ], [ 110.211967623478117, 25.275133700176053, 0.0 ], [ 110.212005310421503, 25.274957220533874, 0.0 ], [ 110.212041289605622, 25.274780293936725, 0.0 ], [ 110.212098356334124, 25.274609039605334, 0.0 ], [ 110.212172208288834, 25.274441899499845, 0.0 ], [ 110.212245996617554, 25.27427473617324, 0.0 ], [ 110.212319784738483, 25.274107572801103, 0.0 ], [ 110.212393572651621, 25.273940409383453, 0.0 ], [ 110.212467360357024, 25.273773245920314, 0.0 ], [ 110.212541147854481, 25.273606082411646, 0.0 ], [ 110.212614935046247, 25.273438918821697, 0.0 ], [ 110.212688721780196, 25.273271755095028, 0.0 ], [ 110.212762508177903, 25.273104591275949, 0.0 ], [ 110.212836514136356, 25.272937507801153, 0.0 ], [ 110.212937134477016, 25.272783161947419, 0.0 ], [ 110.213068909532097, 25.272649393899552, 0.0 ], [ 110.213229959407229, 25.272545924813212, 0.0 ], [ 110.213408043669645, 25.272467667467033, 0.0 ], [ 110.213601920374771, 25.272437262032888, 0.0 ], [ 110.213779856747152, 25.272506282761313, 0.0 ], [ 110.213942508074098, 25.272608854522041, 0.0 ], [ 110.214103704093091, 25.272713554365392, 0.0 ], [ 110.214264900421213, 25.272818253999706, 0.0 ], [ 110.214426097068497, 25.272922953412181, 0.0 ], [ 110.214587293999017, 25.273027652648452, 0.0 ], [ 110.214748491208937, 25.273132351713681, 0.0 ], [ 110.214909688697929, 25.273237050607996, 0.0 ], [ 110.215070886466023, 25.273341749331426, 0.0 ], [ 110.21523208451336, 25.273446447883938, 0.0 ], [ 110.215393282839926, 25.273551146265497, 0.0 ], [ 110.215554471242427, 25.273655857362325, 0.0 ], [ 110.215712442521536, 25.273763169877292, 0.0 ], [ 110.215717682223811, 25.273928318650196, 0.0 ], [ 110.215605237676854, 25.27407661481265, 0.0 ], [ 110.215491851593811, 25.274224309537779, 0.0 ], [ 110.215348696958642, 25.27432531099566, 0.0 ], [ 110.215159394476387, 25.274292636262761, 0.0 ], [ 110.214981222696494, 25.27421426618497, 0.0 ], [ 110.214808065183377, 25.274126815201949, 0.0 ], [ 110.214629183423128, 25.274050484134165, 0.0 ], [ 110.214437732475702, 25.274010035867608, 0.0 ], [ 110.214240658360396, 25.273992043245197, 0.0 ], [ 110.2140431050872, 25.27397875133946, 0.0 ], [ 110.213845180822915, 25.273975527978092, 0.0 ], [ 110.213652250332231, 25.274008761001529, 0.0 ], [ 110.213500278657818, 25.274114762842142, 0.0 ], [ 110.213392001510826, 25.274264411718278, 0.0 ], [ 110.213317601323766, 25.274430703734684, 0.0 ], [ 110.213264673218902, 25.274604132802779, 0.0 ], [ 110.213259089581527, 25.274782625118839, 0.0 ], [ 110.213296393720228, 25.274958927499434, 0.0 ], [ 110.21335310996146, 25.275131427659804, 0.0 ], [ 110.213413065881113, 25.275303105022555, 0.0 ], [ 110.213473021908825, 25.275474782376737, 0.0 ], [ 110.213532977914952, 25.275646459759813, 0.0 ], [ 110.213592934074555, 25.275818137121203, 0.0 ], [ 110.213652890887218, 25.275989814316674, 0.0 ], [ 110.213712848159872, 25.276161491401982, 0.0 ], [ 110.21377456696743, 25.276332650018045, 0.0 ], [ 110.213827865871735, 25.276506096954346, 0.0 ], [ 110.213855127020636, 25.276684268887252, 0.0 ], [ 110.213882795714042, 25.276862621219966, 0.0 ], [ 110.213889738184122, 25.277042491563332, 0.0 ], [ 110.213889141417596, 25.277222609675384, 0.0 ], [ 110.213889513299833, 25.277402733692298, 0.0 ], [ 110.213901241761349, 25.277582515428467, 0.0 ], [ 110.213911230925206, 25.2777624097391, 0.0 ], [ 110.213910768222121, 25.277942517755914, 0.0 ], [ 110.213909607495566, 25.278122639564369, 0.0 ], [ 110.213908446660596, 25.278302761367883, 0.0 ], [ 110.213907285674438, 25.278482883166195, 0.0 ], [ 110.213906125150217, 25.278663004962581, 0.0 ], [ 110.213904964732166, 25.278843126755145, 0.0 ], [ 110.213903804391251, 25.279023248543741, 0.0 ], [ 110.213902643632153, 25.279203370325707, 0.0 ], [ 110.213900582261743, 25.279383433654584, 0.0 ], [ 110.213871621644358, 25.279561444034751, 0.0 ], [ 110.213805010293044, 25.279731073377494, 0.0 ], [ 110.213732298440391, 25.279898619296471, 0.0 ], [ 110.213664323915253, 25.280067769257435, 0.0 ], [ 110.213575515023493, 25.280225683671823, 0.0 ], [ 110.213403817247041, 25.280309913258964, 0.0 ], [ 110.213232522977364, 25.280341605666397, 0.0 ], [ 110.213220518903952, 25.280519908900217, 0.0 ], [ 110.213259189085051, 25.280696319808538, 0.0 ], [ 110.21326453107153, 25.280875209051345, 0.0 ], [ 110.213242337991687, 25.281052564120003, 0.0 ], [ 110.213269806198838, 25.281230873281547, 0.0 ], [ 110.213315857670537, 25.281405505841558, 0.0 ], [ 110.213389943111849, 25.281572462542851, 0.0 ], [ 110.213471538847145, 25.281736582093249, 0.0 ], [ 110.213554769317966, 25.281899846318641, 0.0 ], [ 110.213653821867709, 25.282055708548775, 0.0 ], [ 110.213766353468884, 25.2822037675814, 0.0 ], [ 110.213869374199604, 25.282355313205333, 0.0 ], [ 110.213901055236462, 25.282527989579904, 0.0 ], [ 110.213884251557758, 25.282707117910864, 0.0 ], [ 110.213916220239426, 25.282880979127526, 0.0 ], [ 110.213989601907329, 25.283048179068505, 0.0 ], [ 110.214077029996659, 25.283207991565224, 0.0 ], [ 110.214205573146359, 25.283343690724596, 0.0 ], [ 110.214349383000126, 25.283467551365156, 0.0 ], [ 110.214491096594855, 25.283593424547696, 0.0 ], [ 110.214633230451099, 25.283718905248346, 0.0 ], [ 110.214776294994678, 25.283843506241595, 0.0 ], [ 110.214943242234696, 25.283931749096642, 0.0 ], [ 110.215133177721555, 25.283982909212735, 0.0 ], [ 110.215313849819609, 25.284055611701564, 0.0 ], [ 110.21546991320038, 25.284165121492162, 0.0 ], [ 110.215598117410067, 25.284301899238091, 0.0 ], [ 110.215664874728958, 25.284469752766174, 0.0 ], [ 110.215782379022727, 25.284613023080087, 0.0 ], [ 110.215969577229259, 25.284662385177679, 0.0 ], [ 110.216138319931986, 25.284755496249602, 0.0 ], [ 110.216260517416032, 25.284896661880847, 0.0 ], [ 110.216380148827611, 25.285040240703403, 0.0 ], [ 110.216499615931937, 25.285183932691531, 0.0 ], [ 110.216625687483187, 25.285322879387074, 0.0 ], [ 110.216773777781412, 25.28544252747588, 0.0 ], [ 110.216927987670687, 25.285555594996694, 0.0 ], [ 110.21707522241536, 25.285675513374791, 0.0 ], [ 110.217252357033431, 25.285722622337495, 0.0 ], [ 110.217360633556098, 25.285574908377601, 0.0 ], [ 110.217407128825641, 25.285401499075231, 0.0 ], [ 110.21752755297608, 25.285269608647255, 0.0 ], [ 110.217711389581311, 25.285267133665517, 0.0 ], [ 110.217820676654085, 25.285398958563373, 0.0 ], [ 110.217793177205053, 25.285572366342468, 0.0 ], [ 110.217705421998815, 25.285733770898247, 0.0 ], [ 110.217620684094271, 25.285896220182106, 0.0 ], [ 110.217509651111556, 25.286036191352931, 0.0 ], [ 110.217418013232134, 25.286182442039674, 0.0 ], [ 110.217380626724861, 25.286359291426397, 0.0 ], [ 110.217346332121465, 25.286536697150542, 0.0 ], [ 110.217323914515376, 25.286715487071611, 0.0 ], [ 110.217388357651217, 25.286878274540317, 0.0 ], [ 110.217464298677498, 25.287043883286849, 0.0 ], [ 110.217504999034006, 25.287219580247946, 0.0 ], [ 110.217547343678135, 25.287395437023743, 0.0 ], [ 110.217602836298781, 25.287568279349021, 0.0 ], [ 110.217660443981245, 25.287740620903637, 0.0 ], [ 110.2177121509567, 25.287914479434594, 0.0 ], [ 110.217760190493621, 25.28808922616448, 0.0 ], [ 110.217813660857558, 25.288262643439275, 0.0 ], [ 110.21786508530532, 25.288436587037442, 0.0 ], [ 110.217905107302443, 25.288612937278863, 0.0 ], [ 110.217922545938222, 25.288792164704294, 0.0 ], [ 110.217909183521513, 25.288971570269556, 0.0 ], [ 110.217913357541946, 25.289151452811918, 0.0 ], [ 110.217960438389142, 25.289325839286029, 0.0 ], [ 110.218050906797401, 25.289485498632679, 0.0 ], [ 110.218186684370664, 25.289615695216842, 0.0 ], [ 110.218344187432663, 25.289724697157311, 0.0 ], [ 110.218522750962563, 25.28980202635347, 0.0 ], [ 110.218719771810214, 25.289812731411931, 0.0 ], [ 110.218916528352253, 25.28983366974655, 0.0 ], [ 110.219112483617423, 25.289860251488037, 0.0 ], [ 110.219307736225005, 25.289888119002477, 0.0 ], [ 110.219446972489578, 25.290015031289805, 0.0 ], [ 110.219612411485585, 25.290053902786525, 0.0 ], [ 110.219749589814995, 25.289924107392359, 0.0 ], [ 110.219857158559392, 25.289775882276139, 0.0 ], [ 110.219945834156377, 25.289616114174432, 0.0 ], [ 110.2200547389794, 25.289465721979504, 0.0 ], [ 110.220180771954304, 25.289330230013856, 0.0 ], [ 110.220336188085227, 25.289218516303151, 0.0 ], [ 110.22048710370251, 25.28910206468203, 0.0 ], [ 110.220617901870554, 25.288967953208985, 0.0 ], [ 110.220746272284572, 25.288831654569602, 0.0 ], [ 110.220905930207621, 25.288728569079321, 0.0 ], [ 110.221092255457577, 25.28867275691044, 0.0 ], [ 110.221288795097536, 25.288659958337352, 0.0 ], [ 110.221484775075552, 25.288681488424899, 0.0 ], [ 110.221673317865054, 25.288734449736349, 0.0 ], [ 110.221845389630928, 25.28882155035345, 0.0 ], [ 110.222019229192597, 25.28890666181502, 0.0 ], [ 110.222208501044818, 25.288913097203352, 0.0 ], [ 110.222395038136796, 25.28885516093478, 0.0 ], [ 110.222575941679935, 25.288781744784217, 0.0 ], [ 110.222708973792876, 25.288656092023594, 0.0 ], [ 110.222670014619837, 25.28849218111381, 0.0 ], [ 110.222678721435457, 25.288314536259861, 0.0 ], [ 110.222690822986934, 25.288134768231441, 0.0 ], [ 110.22264170051875, 25.287961086715807, 0.0 ], [ 110.22254523333828, 25.287804115162714, 0.0 ], [ 110.222435034301924, 25.287654447612837, 0.0 ], [ 110.222409916249362, 25.287476784464541, 0.0 ], [ 110.222483142530706, 25.287309926925964, 0.0 ], [ 110.222623181224364, 25.287185491869643, 0.0 ], [ 110.222819598006396, 25.287166712122904, 0.0 ], [ 110.223014620531998, 25.287190093690516, 0.0 ], [ 110.22319051781912, 25.287127748311651, 0.0 ], [ 110.223285543738328, 25.286970913051952, 0.0 ], [ 110.22342365656931, 25.286842249831533, 0.0 ], [ 110.223577642594933, 25.286728997372403, 0.0 ], [ 110.223717971797342, 25.286602996668844, 0.0 ], [ 110.223823247288095, 25.286451221777373, 0.0 ], [ 110.223903237382785, 25.286286488218547, 0.0 ], [ 110.223996632422484, 25.286127935831569, 0.0 ], [ 110.224102416388391, 25.285975702199913, 0.0 ], [ 110.224203931377261, 25.285821064386415, 0.0 ], [ 110.22428520551081, 25.285660923011079, 0.0 ], [ 110.224283200878347, 25.285483786322587, 0.0 ], [ 110.224294491978426, 25.285318294117221, 0.0 ], [ 110.224435757495115, 25.285201542002092, 0.0 ], [ 110.224606485346783, 25.285111212133472, 0.0 ], [ 110.224739827704809, 25.284983186148608, 0.0 ], [ 110.224765322634582, 25.284817313974607, 0.0 ], [ 110.224702680565699, 25.284647510117388, 0.0 ], [ 110.224572703918994, 25.284519798990669, 0.0 ], [ 110.224422303422273, 25.284403243201599, 0.0 ], [ 110.224289632620867, 25.284269851592647, 0.0 ], [ 110.224176605901036, 25.284122337906432, 0.0 ], [ 110.224040784894186, 25.283993656820069, 0.0 ], [ 110.22385596272504, 25.283945963876882, 0.0 ], [ 110.223669692280211, 25.283993659992802, 0.0 ], [ 110.223479630204878, 25.284043698938877, 0.0 ], [ 110.223283188202586, 25.284063842050386, 0.0 ], [ 110.223095742979069, 25.284119324987362, 0.0 ], [ 110.222903638690838, 25.284162525567634, 0.0 ], [ 110.222713994907252, 25.284120043673337, 0.0 ], [ 110.222546078246069, 25.284025708316737, 0.0 ], [ 110.222411517714391, 25.283894066947223, 0.0 ], [ 110.222335551340564, 25.283728848033753, 0.0 ], [ 110.222325556523927, 25.283549085910053, 0.0 ], [ 110.222284635249778, 25.283372863631172, 0.0 ], [ 110.222247801954126, 25.283197058912275, 0.0 ], [ 110.222152808169994, 25.283041953563444, 0.0 ], [ 110.22214305397948, 25.282862242538805, 0.0 ], [ 110.222176515950565, 25.282691377564742, 0.0 ], [ 110.222327249521541, 25.282582919401928, 0.0 ], [ 110.222521944696581, 25.282552767976728, 0.0 ], [ 110.222719940893739, 25.282551047549507, 0.0 ], [ 110.222917828778137, 25.282559667540326, 0.0 ], [ 110.223115683863895, 25.282568871287769, 0.0 ], [ 110.223313463539597, 25.282579335369618, 0.0 ], [ 110.223511193764494, 25.282590556087538, 0.0 ], [ 110.223709029887445, 25.282599459368246, 0.0 ], [ 110.223907050225804, 25.28259935961475, 0.0 ], [ 110.224104881218025, 25.282589887954984, 0.0 ], [ 110.224302554169512, 25.282577861567891, 0.0 ], [ 110.224497825713073, 25.282587159869497, 0.0 ], [ 110.224680570172737, 25.282652524164959, 0.0 ], [ 110.224848918445929, 25.282747450121583, 0.0 ], [ 110.225014869431817, 25.282845829583067, 0.0 ], [ 110.225121874889084, 25.282978337001293, 0.0 ], [ 110.225145723627207, 25.28315714098753, 0.0 ], [ 110.225142256042076, 25.283335449003069, 0.0 ], [ 110.225081080094498, 25.283504571188267, 0.0 ], [ 110.225005084806014, 25.283670100416686, 0.0 ], [ 110.225003957956105, 25.283843524390651, 0.0 ], [ 110.225059418863992, 25.284016354958158, 0.0 ], [ 110.22513467503434, 25.284182507777917, 0.0 ], [ 110.225257735847336, 25.284318942815521, 0.0 ], [ 110.225434310554633, 25.284390993492291, 0.0 ], [ 110.225627764153231, 25.284429381831337, 0.0 ], [ 110.225822396165057, 25.284463021837492, 0.0 ], [ 110.226015869167341, 25.284501621552547, 0.0 ], [ 110.226206760152294, 25.284549589262102, 0.0 ], [ 110.2263926903087, 25.284611346495051, 0.0 ], [ 110.226559562077938, 25.284706173464809, 0.0 ], [ 110.226720606099235, 25.28481107996522, 0.0 ], [ 110.226891548101378, 25.284901614724486, 0.0 ], [ 110.227065781243169, 25.284987357026647, 0.0 ], [ 110.227238819931884, 25.285075067527877, 0.0 ], [ 110.227413346842084, 25.285160293098031, 0.0 ], [ 110.227595633734879, 25.285230360812591, 0.0 ], [ 110.227786162888691, 25.2852788233055, 0.0 ], [ 110.227983154692396, 25.285287944450211, 0.0 ], [ 110.228181238401419, 25.285285047146395, 0.0 ], [ 110.228375145324947, 25.28525072281737, 0.0 ], [ 110.228548777408776, 25.285166204278795, 0.0 ], [ 110.228715433213367, 25.285068832082597, 0.0 ], [ 110.22887796908185, 25.284965855193956, 0.0 ], [ 110.229012130476363, 25.284833725526902, 0.0 ], [ 110.229139311065595, 25.284695621460092, 0.0 ], [ 110.229265502929039, 25.284556762276072, 0.0 ], [ 110.229387455032708, 25.284414809317372, 0.0 ], [ 110.229555453254719, 25.28432020067736, 0.0 ], [ 110.229752125582394, 25.284298798905287, 0.0 ], [ 110.229949974330864, 25.28429646625257, 0.0 ], [ 110.230138957294116, 25.284246470640216, 0.0 ], [ 110.230272722124013, 25.284117429909742, 0.0 ], [ 110.230293536056934, 25.283941402606125, 0.0 ], [ 110.230212534847638, 25.283777220482445, 0.0 ], [ 110.230126618366981, 25.283617672881398, 0.0 ], [ 110.230114287212544, 25.28343819349789, 0.0 ], [ 110.230108570363939, 25.283260135388915, 0.0 ], [ 110.230031677174182, 25.283096707233053, 0.0 ], [ 110.22990072771411, 25.282962199886764, 0.0 ], [ 110.229751399498284, 25.282843862670017, 0.0 ], [ 110.229598296574181, 25.282729551129087, 0.0 ], [ 110.229458183133417, 25.282604846229273, 0.0 ], [ 110.229367516648622, 25.282446795258497, 0.0 ], [ 110.229279864870236, 25.282292749574374, 0.0 ], [ 110.229119111822854, 25.282190587118556, 0.0 ], [ 110.228938215916173, 25.282117158210781, 0.0 ], [ 110.228770122220595, 25.282026122763913, 0.0 ], [ 110.228638800342623, 25.281893247717239, 0.0 ], [ 110.228521902094556, 25.281748223237567, 0.0 ], [ 110.228380589415764, 25.281623410203739, 0.0 ], [ 110.228246583780702, 25.281493949536092, 0.0 ], [ 110.228127154986751, 25.281350610471083, 0.0 ], [ 110.227977381918294, 25.281235723884382, 0.0 ], [ 110.227826215299004, 25.28112103031852, 0.0 ], [ 110.227727369115613, 25.280969085163132, 0.0 ], [ 110.22765863302557, 25.28080016324628, 0.0 ], [ 110.227562103428241, 25.280644543197653, 0.0 ], [ 110.227454539320405, 25.280493352366822, 0.0 ], [ 110.227324196562208, 25.280359418592695, 0.0 ], [ 110.227244115471549, 25.280201132048273, 0.0 ], [ 110.227214553026855, 25.280023488046368, 0.0 ], [ 110.227171476634737, 25.279848203680423, 0.0 ], [ 110.227065517536488, 25.279699390616404, 0.0 ], [ 110.226955211607404, 25.279550015276932, 0.0 ], [ 110.22679902860412, 25.279443868628459, 0.0 ], [ 110.226617659763022, 25.279372435005925, 0.0 ], [ 110.226434595283521, 25.279303590543513, 0.0 ], [ 110.226254950664185, 25.279227714804392, 0.0 ], [ 110.226075973131344, 25.279150487543102, 0.0 ], [ 110.225919964933993, 25.27904048768394, 0.0 ], [ 110.225787734288403, 25.278906668768251, 0.0 ], [ 110.22566501769731, 25.278765288242955, 0.0 ], [ 110.225554326435898, 25.27861595128617, 0.0 ], [ 110.225447072595401, 25.278464508736832, 0.0 ], [ 110.225352842241833, 25.278306101867432, 0.0 ], [ 110.225263396999907, 25.278145383698664, 0.0 ], [ 110.22516958988075, 25.277986734757334, 0.0 ], [ 110.22505616987867, 25.277839092785509, 0.0 ], [ 110.224891996062169, 25.277738443061324, 0.0 ], [ 110.224727424589616, 25.27763816912282, 0.0 ], [ 110.224561788254832, 25.277539366073317, 0.0 ], [ 110.22439065078953, 25.277448668798943, 0.0 ], [ 110.224212345210276, 25.277370275412412, 0.0 ], [ 110.224025893875307, 25.277309634010436, 0.0 ], [ 110.223833883365558, 25.277266104037544, 0.0 ], [ 110.223650450217903, 25.277201872920596, 0.0 ], [ 110.223479224947127, 25.277244360127565, 0.0 ], [ 110.223394833771337, 25.277406068987382, 0.0 ], [ 110.22332849203967, 25.277574730750505, 0.0 ], [ 110.223202655317451, 25.277698471151329, 0.0 ], [ 110.223017135128103, 25.277704539970077, 0.0 ], [ 110.222858634208592, 25.277603575540567, 0.0 ], [ 110.222794511082682, 25.277446898893132, 0.0 ], [ 110.22285891005761, 25.277283161608324, 0.0 ], [ 110.222985379056539, 25.277145259485305, 0.0 ], [ 110.223114184960167, 25.277008866440443, 0.0 ], [ 110.223198759479374, 25.276849410946401, 0.0 ], [ 110.223223314925917, 25.276672304221329, 0.0 ], [ 110.223218542911326, 25.276492294040597, 0.0 ], [ 110.22321860322225, 25.276312309787144, 0.0 ], [ 110.223245972102376, 25.276134592775545, 0.0 ], [ 110.22329074287137, 25.275959146549489, 0.0 ], [ 110.223318846431127, 25.275781360301036, 0.0 ], [ 110.223341592433812, 25.275602477512461, 0.0 ], [ 110.223381216016406, 25.275426229764022, 0.0 ], [ 110.223445671056155, 25.275256335660401, 0.0 ], [ 110.223567260471, 25.275118744509687, 0.0 ], [ 110.223735524144146, 25.275027314450821, 0.0 ], [ 110.223923798635937, 25.274973113796211, 0.0 ], [ 110.224093547032297, 25.274883944821056, 0.0 ], [ 110.224229283762867, 25.274754127729949, 0.0 ], [ 110.224362612995975, 25.274620934166013, 0.0 ], [ 110.224269835126776, 25.274494875147944, 0.0 ], [ 110.224102529251127, 25.274399349444415, 0.0 ], [ 110.223922678159397, 25.274324100683828, 0.0 ], [ 110.223745718899323, 25.274243178857329, 0.0 ], [ 110.223569862106061, 25.274160249989237, 0.0 ], [ 110.223383233267796, 25.274100245880707, 0.0 ], [ 110.223185736828441, 25.274096653037709, 0.0 ], [ 110.223033169820411, 25.274210616928684, 0.0 ], [ 110.222912126605905, 25.274353207388383, 0.0 ], [ 110.222791083106628, 25.274495797739338, 0.0 ], [ 110.222669224709463, 25.274637761749364, 0.0 ], [ 110.222533664309935, 25.274769019074036, 0.0 ], [ 110.222384514669741, 25.274887562534577, 0.0 ], [ 110.222232810046663, 25.275003399777155, 0.0 ], [ 110.222081105149314, 25.275119236868687, 0.0 ], [ 110.221929868285414, 25.275235565354834, 0.0 ], [ 110.221795396175253, 25.275362716653703, 0.0 ], [ 110.22176366063772, 25.275538379820919, 0.0 ], [ 110.221801172228936, 25.275715238740407, 0.0 ], [ 110.221816449793607, 25.275891260146629, 0.0 ], [ 110.221702506072859, 25.276017471625529, 0.0 ], [ 110.22151505830071, 25.276075728363224, 0.0 ], [ 110.221329202659092, 25.276138026603885, 0.0 ], [ 110.221145333088302, 25.276205037753321, 0.0 ], [ 110.220968865491045, 25.276285590216208, 0.0 ], [ 110.220808237242736, 25.276390257235171, 0.0 ], [ 110.220661293043676, 25.276510875021472, 0.0 ], [ 110.220523806633224, 25.276640446636129, 0.0 ], [ 110.220391405390615, 25.276774432544215, 0.0 ], [ 110.220256299664939, 25.276906104246041, 0.0 ], [ 110.220125912568278, 25.277041363322486, 0.0 ], [ 110.219997787954441, 25.27717858290568, 0.0 ], [ 110.219845952374868, 25.277291621128491, 0.0 ], [ 110.219667442563235, 25.277367132037, 0.0 ], [ 110.219480328861508, 25.277426298554644, 0.0 ], [ 110.219294748572082, 25.277489245951891, 0.0 ], [ 110.219113628717253, 25.277561923513208, 0.0 ], [ 110.218941344633322, 25.277650273547586, 0.0 ], [ 110.218779765303864, 25.277754174255726, 0.0 ], [ 110.218632779302879, 25.277874388258336, 0.0 ], [ 110.218522542271955, 25.278021692851439, 0.0 ], [ 110.21848837134192, 25.278194865580343, 0.0 ], [ 110.218575367805542, 25.278345105152624, 0.0 ], [ 110.218678317892042, 25.278497596338543, 0.0 ], [ 110.218611002988013, 25.278666772343804, 0.0 ], [ 110.218507589144764, 25.278820408231766, 0.0 ], [ 110.218406855667382, 25.278975406178922, 0.0 ], [ 110.218320634455523, 25.279136853424461, 0.0 ], [ 110.218182191725674, 25.279261362538247, 0.0 ], [ 110.217991180634343, 25.279309067868244, 0.0 ], [ 110.217799192702984, 25.279352872649959, 0.0 ], [ 110.217615781526334, 25.279419488723818, 0.0 ], [ 110.217452916859713, 25.279520949043263, 0.0 ], [ 110.217302871475241, 25.279634571128845, 0.0 ], [ 110.217121645242386, 25.279650867724193, 0.0 ], [ 110.216980699012851, 25.279531961852324, 0.0 ], [ 110.2168884998094, 25.279372723288475, 0.0 ], [ 110.216816286365969, 25.279205447962816, 0.0 ], [ 110.216794541216743, 25.279030288337808, 0.0 ], [ 110.216841312597069, 25.278856680716366, 0.0 ], [ 110.216894383344538, 25.278684192186738, 0.0 ], [ 110.216904555404696, 25.278505427315675, 0.0 ], [ 110.216856163933542, 25.278334030875072, 0.0 ], [ 110.216774226842034, 25.278170046310038, 0.0 ], [ 110.216689342859297, 25.278007359272905, 0.0 ], [ 110.216638640765211, 25.277836425609387, 0.0 ], [ 110.216633195591839, 25.277656691223044, 0.0 ], [ 110.216641122645541, 25.277476724612605, 0.0 ], [ 110.216648247924709, 25.277296730609482, 0.0 ], [ 110.216647670335874, 25.277116655462503, 0.0 ], [ 110.216632922110918, 25.276937191685548, 0.0 ], [ 110.216612029485603, 25.276758071705917, 0.0 ], [ 110.216595158130019, 25.276578619370706, 0.0 ], [ 110.216586239595685, 25.276398720750034, 0.0 ], [ 110.216589967657498, 25.276218736062106, 0.0 ], [ 110.216629429409409, 25.276043385449384, 0.0 ], [ 110.216767304755408, 25.275932009400144, 0.0 ], [ 110.216959376221354, 25.275897414828023, 0.0 ], [ 110.217156661787698, 25.27588121365298, 0.0 ], [ 110.217354484298639, 25.275872090389768, 0.0 ], [ 110.217552317696573, 25.27587856253848, 0.0 ], [ 110.217750092852384, 25.275888931385371, 0.0 ], [ 110.217948122397118, 25.275892900732401, 0.0 ], [ 110.218142020200645, 25.27585939903722, 0.0 ], [ 110.218334284036928, 25.275816007752159, 0.0 ], [ 110.218519970850252, 25.275753688228765, 0.0 ], [ 110.21869450815241, 25.275668860453344, 0.0 ], [ 110.218848720572026, 25.275556260212507, 0.0 ], [ 110.218991597960937, 25.27543155010315, 0.0 ], [ 110.21911599883714, 25.275291504678837, 0.0 ], [ 110.219220302793232, 25.275138465483337, 0.0 ], [ 110.219293570794775, 25.274971248239087, 0.0 ], [ 110.219338470946326, 25.274795878926934, 0.0 ], [ 110.219400980804522, 25.274625139514946, 0.0 ], [ 110.219583182703587, 25.274683185944443, 0.0 ], [ 110.219737723142259, 25.2747958720315, 0.0 ], [ 110.219892363400788, 25.27490841199559, 0.0 ], [ 110.220055407249546, 25.275009971360742, 0.0 ], [ 110.220235094546894, 25.275082915121239, 0.0 ], [ 110.2204269447613, 25.275127665480177, 0.0 ], [ 110.220621794067426, 25.275157199178814, 0.0 ], [ 110.220819437235988, 25.275169454185679, 0.0 ], [ 110.221017291229089, 25.275176880029459, 0.0 ], [ 110.221215297303274, 25.275174017292542, 0.0 ], [ 110.221412881269245, 25.27516172130326, 0.0 ], [ 110.221602823656653, 25.275119476149182, 0.0 ], [ 110.221762989545468, 25.275018962212439, 0.0 ], [ 110.22190160807709, 25.274890279612439, 0.0 ], [ 110.222040143987286, 25.274761523636343, 0.0 ], [ 110.22217848971323, 25.274632598861853, 0.0 ], [ 110.222316718832403, 25.274503570774723, 0.0 ], [ 110.222454934850518, 25.274374531204288, 0.0 ], [ 110.222589715870242, 25.274242577003406, 0.0 ], [ 110.222717927145382, 25.274105322115435, 0.0 ], [ 110.222815257835137, 25.273950491782578, 0.0 ], [ 110.22276179421651, 25.273807336724435, 0.0 ], [ 110.222604495546449, 25.273699155836116, 0.0 ], [ 110.22249155108932, 25.273556826347662, 0.0 ], [ 110.222405863106317, 25.273394470276379, 0.0 ], [ 110.222352722327003, 25.273221811281697, 0.0 ], [ 110.222311899742508, 25.273045553954091, 0.0 ], [ 110.222275668682272, 25.27286847959947, 0.0 ], [ 110.22218610619656, 25.272710463755825, 0.0 ], [ 110.222008267584272, 25.272640395427334, 0.0 ], [ 110.221834299633741, 25.272554761899638, 0.0 ], [ 110.221680542965274, 25.272441520121507, 0.0 ], [ 110.221609005614866, 25.272280284677926, 0.0 ], [ 110.221742684018167, 25.272148037926947, 0.0 ], [ 110.221891561662588, 25.272030360323608, 0.0 ], [ 110.221945659852537, 25.271922695533085, 0.0 ], [ 110.22174946876531, 25.271911734422524, 0.0 ], [ 110.221554173071851, 25.271881590963861, 0.0 ], [ 110.221360370668322, 25.271844986769327, 0.0 ], [ 110.22116796725453, 25.271802110552468, 0.0 ], [ 110.220975145025818, 25.271760843396958, 0.0 ], [ 110.220782680036976, 25.271770678035029, 0.0 ], [ 110.22058660028101, 25.27178405933843, 0.0 ], [ 110.220389935059075, 25.271765252514395, 0.0 ], [ 110.220193830142463, 25.271739770117495, 0.0 ], [ 110.219999783298789, 25.271704061687458, 0.0 ], [ 110.219847564590211, 25.271597638471277, 0.0 ], [ 110.219881505173745, 25.27143531605358, 0.0 ], [ 110.219777756638479, 25.271291875974249, 0.0 ], [ 110.219613170194705, 25.271192461021432, 0.0 ], [ 110.21944638288717, 25.271095273656449, 0.0 ], [ 110.219283667927002, 25.270992543805683, 0.0 ], [ 110.2191293332952, 25.270879633979018, 0.0 ], [ 110.218981080469561, 25.270760167205637, 0.0 ], [ 110.218838290078068, 25.270635318143576, 0.0 ], [ 110.218693246051387, 25.27051263593135, 0.0 ], [ 110.218546521247816, 25.270391617069716, 0.0 ], [ 110.21839966649884, 25.270270728743554, 0.0 ], [ 110.218255526370427, 25.270147819132951, 0.0 ], [ 110.218155764333105, 25.269992315070631, 0.0 ], [ 110.218077861664284, 25.269826755381562, 0.0 ], [ 110.218012248882943, 25.269656881929535, 0.0 ], [ 110.217929924674436, 25.269493048219022, 0.0 ], [ 110.217849824151898, 25.269328351481025, 0.0 ], [ 110.217780934463292, 25.269159472270328, 0.0 ], [ 110.217714740086961, 25.268989701167261, 0.0 ], [ 110.217646763454411, 25.268820563639924, 0.0 ], [ 110.217564821456037, 25.268656823060503, 0.0 ], [ 110.21745733184629, 25.268506140411144, 0.0 ], [ 110.217318956551509, 25.268377917195259, 0.0 ], [ 110.217161262966883, 25.26826890314371, 0.0 ], [ 110.217003569666062, 25.268159888928842, 0.0 ], [ 110.216845876648961, 25.268050874550614, 0.0 ], [ 110.216688183915721, 25.267941860009053, 0.0 ], [ 110.216530491466287, 25.267832845304184, 0.0 ], [ 110.216372799300643, 25.267723830435965, 0.0 ], [ 110.216215107418705, 25.267614815404443, 0.0 ], [ 110.216057415820629, 25.267505800209566, 0.0 ], [ 110.215899724506414, 25.267396784851375, 0.0 ], [ 110.215742033475848, 25.267287769329869, 0.0 ], [ 110.215584342729144, 25.267178753645076, 0.0 ], [ 110.215426652266203, 25.267069737796952, 0.0 ], [ 110.215268962087066, 25.266960721785498, 0.0 ], [ 110.215111272191635, 25.266851705610737, 0.0 ], [ 110.214953582580051, 25.266742689272682, 0.0 ], [ 110.214795893252258, 25.266633672771331, 0.0 ], [ 110.214638204208228, 25.266524656106675, 0.0 ], [ 110.214480515447931, 25.266415639278719, 0.0 ], [ 110.214322826971454, 25.266306622287459, 0.0 ], [ 110.214165138778782, 25.26619760513292, 0.0 ], [ 110.214025760911156, 25.266072400748381, 0.0 ], [ 110.213982064134939, 25.265909677884206, 0.0 ], [ 110.214050159378715, 25.265744275679701, 0.0 ], [ 110.21416193758995, 25.265595954931577, 0.0 ], [ 110.21428513306995, 25.265454934811409, 0.0 ], [ 110.214410462183153, 25.265315446118969, 0.0 ], [ 110.214535791008259, 25.265175957310635, 0.0 ], [ 110.214619427540967, 25.265016100060993, 0.0 ], [ 110.214658760495624, 25.264840047934364, 0.0 ], [ 110.214685583746274, 25.26466158822689, 0.0 ], [ 110.214681807313454, 25.264482441867212, 0.0 ], [ 110.21466213353257, 25.264303211136596, 0.0 ], [ 110.214642039568957, 25.264124015243279, 0.0 ], [ 110.214620604656517, 25.263944949887183, 0.0 ], [ 110.2145223258388, 25.26379530511489, 0.0 ], [ 110.214363732751323, 25.263690045767962, 0.0 ], [ 110.214195390748969, 25.263595117214187, 0.0 ], [ 110.214025155469685, 25.263503034384158, 0.0 ], [ 110.213853599430848, 25.263412991814437, 0.0 ], [ 110.213674722401151, 25.263335896142994, 0.0 ], [ 110.213483909663509, 25.263289307897431, 0.0 ], [ 110.21328670427971, 25.263288674425748, 0.0 ], [ 110.213089558790415, 25.263305690339116, 0.0 ], [ 110.212894045543152, 25.263334370635878, 0.0 ], [ 110.212701244281917, 25.263375503382736, 0.0 ], [ 110.212518057843823, 25.263443474130078, 0.0 ], [ 110.212351567048685, 25.263540639822644, 0.0 ], [ 110.212223232425032, 25.263677149090341, 0.0 ], [ 110.212147628914437, 25.263843151562039, 0.0 ], [ 110.21205013876704, 25.263999860553458, 0.0 ], [ 110.211930136462698, 25.264143110726444, 0.0 ], [ 110.211838086319901, 25.264302459046114, 0.0 ], [ 110.211685689174487, 25.264413422112771, 0.0 ], [ 110.211490289289983, 25.26444034533246, 0.0 ], [ 110.211302051259494, 25.26449550357264, 0.0 ], [ 110.21110646636059, 25.264518416722773, 0.0 ], [ 110.210909010643519, 25.264504116745233, 0.0 ], [ 110.210711491271766, 25.264498280863329, 0.0 ], [ 110.210517795477841, 25.264528946005502, 0.0 ], [ 110.21033656134496, 25.26460157868441, 0.0 ], [ 110.210158831623815, 25.264681046846345, 0.0 ], [ 110.209979283945245, 25.2647543620749, 0.0 ], [ 110.209784963603013, 25.264781239858451, 0.0 ], [ 110.209587837760836, 25.26476656894291, 0.0 ], [ 110.209397820009343, 25.264721587698759, 0.0 ], [ 110.209216834361769, 25.264648980606644, 0.0 ], [ 110.209031789368581, 25.264584966071421, 0.0 ], [ 110.208851108161468, 25.264511211490515, 0.0 ], [ 110.208674259302498, 25.264430205141387, 0.0 ], [ 110.208506260181764, 25.264335586091541, 0.0 ], [ 110.208349402038422, 25.264225625790612, 0.0 ], [ 110.208187644274275, 25.264122723885357, 0.0 ], [ 110.208008632582903, 25.264047231714262, 0.0 ], [ 110.207819676017351, 25.2639935005285, 0.0 ], [ 110.207629963383226, 25.263941929086158, 0.0 ], [ 110.207444017570225, 25.263880106702697, 0.0 ], [ 110.207254801871159, 25.263830883940571, 0.0 ], [ 110.207058209762181, 25.263810247294483, 0.0 ], [ 110.206860961162576, 25.263813690004522, 0.0 ], [ 110.206664092239535, 25.263833607371147, 0.0 ], [ 110.20646807094289, 25.263859037098314, 0.0 ], [ 110.206274036018812, 25.263894871461755, 0.0 ], [ 110.206078887371007, 25.263923745223764, 0.0 ], [ 110.205881734453456, 25.263941130478699, 0.0 ], [ 110.205684459313616, 25.263957391815083, 0.0 ], [ 110.20548732138846, 25.263974946953187, 0.0 ], [ 110.205290455295909, 25.263994851961456, 0.0 ], [ 110.205093411599464, 25.264013162539236, 0.0 ], [ 110.204895904585783, 25.264026686365664, 0.0 ], [ 110.204697981788513, 25.264029925672283, 0.0 ], [ 110.204500035482198, 25.264023981425026, 0.0 ], [ 110.204303381520148, 25.264004149945247, 0.0 ], [ 110.204115099563509, 25.263951748125624, 0.0 ], [ 110.203922918701224, 25.263912861656319, 0.0 ], [ 110.203728081939644, 25.263880720872798, 0.0 ], [ 110.203554890687599, 25.263799764852859, 0.0 ], [ 110.203427493474479, 25.263664684593909, 0.0 ], [ 110.20332847425361, 25.263508971705676, 0.0 ], [ 110.203238888823151, 25.263348339924256, 0.0 ], [ 110.203157647655715, 25.26318410434893, 0.0 ], [ 110.203082975431698, 25.263017284637471, 0.0 ], [ 110.20297997210281, 25.262864166938471, 0.0 ], [ 110.202836176182288, 25.262741810708288, 0.0 ], [ 110.202651746918676, 25.262714653359776, 0.0 ], [ 110.20257793869456, 25.262881706008351, 0.0 ], [ 110.202530151309148, 25.26305646488564, 0.0 ], [ 110.202500353087416, 25.263234429804303, 0.0 ], [ 110.202495468450294, 25.263414440408912, 0.0 ], [ 110.202507592561545, 25.263594202748234, 0.0 ], [ 110.202529324465914, 25.263773240267096, 0.0 ], [ 110.202555840713643, 25.263951383989376, 0.0 ], [ 110.202624150997124, 25.264118631946705, 0.0 ], [ 110.202753525503255, 25.264254887901288, 0.0 ], [ 110.202895488639513, 25.264380465455186, 0.0 ], [ 110.203042428923453, 25.2645012555022, 0.0 ], [ 110.203179744731457, 25.264629671500746, 0.0 ], [ 110.203283989855819, 25.264782831851093, 0.0 ], [ 110.203366615959638, 25.264942694264274, 0.0 ], [ 110.203317230439552, 25.265099315888332, 0.0 ], [ 110.203168742564813, 25.265218519542, 0.0 ], [ 110.203013306032744, 25.265329797635882, 0.0 ], [ 110.20284521822073, 25.265424491986913, 0.0 ], [ 110.202667620127002, 25.26550407656465, 0.0 ], [ 110.202484849399582, 25.26557329605231, 0.0 ], [ 110.202295594515121, 25.265624740289084, 0.0 ], [ 110.202100068478671, 25.26565109881065, 0.0 ], [ 110.201902297265676, 25.265659029306484, 0.0 ], [ 110.201705337046818, 25.265673257051493, 0.0 ], [ 110.201509339471983, 25.26569932961765, 0.0 ], [ 110.201314958985293, 25.26573300668311, 0.0 ], [ 110.201128906592473, 25.265792290849753, 0.0 ], [ 110.200951592989412, 25.265872405264322, 0.0 ], [ 110.200802698096865, 25.265986415808271, 0.0 ], [ 110.200679515089192, 25.266127371935866, 0.0 ], [ 110.200569252954836, 25.266276783039064, 0.0 ], [ 110.200485186672054, 25.266439043691843, 0.0 ], [ 110.200422413890252, 25.26660977594965, 0.0 ], [ 110.200363615425303, 25.266781780512872, 0.0 ], [ 110.200304593050234, 25.266953723343356, 0.0 ], [ 110.200247581108755, 25.2671262220999, 0.0 ], [ 110.200174901371781, 25.267293378378302, 0.0 ], [ 110.200084222530037, 25.267453384425632, 0.0 ], [ 110.199984959182189, 25.267609235745468, 0.0 ], [ 110.199873584505099, 25.267758008418117, 0.0 ], [ 110.1997442257926, 25.267894038559064, 0.0 ], [ 110.199596490300223, 25.268013561875854, 0.0 ], [ 110.199440675479309, 25.268124752857936, 0.0 ], [ 110.199283538803201, 25.268234428409972, 0.0 ], [ 110.199120662624154, 25.268336820872431, 0.0 ], [ 110.198958137397767, 25.268439780232274, 0.0 ], [ 110.198810345216415, 25.268559222984774, 0.0 ], [ 110.198673559004376, 25.268689427570703, 0.0 ], [ 110.198512398393802, 25.268792451116415, 0.0 ], [ 110.198344765037035, 25.268888421357548, 0.0 ], [ 110.198165122813791, 25.268963528701615, 0.0 ], [ 110.197990342804403, 25.269048021165538, 0.0 ], [ 110.197836068454478, 25.26916026439434, 0.0 ], [ 110.197733370679813, 25.26931267377832, 0.0 ], [ 110.197711563740711, 25.269490167937875, 0.0 ], [ 110.197729427246628, 25.269669370034276, 0.0 ], [ 110.197704096817347, 25.269847677312757, 0.0 ], [ 110.19756437224396, 25.269972022404481, 0.0 ], [ 110.197370033225113, 25.270005787988833, 0.0 ], [ 110.197186823142374, 25.270022503983743, 0.0 ], [ 110.197218211971673, 25.270188602812912, 0.0 ], [ 110.197359428073909, 25.270310225479154, 0.0 ], [ 110.197541910652916, 25.270368219702352, 0.0 ], [ 110.197739773681946, 25.27037452498535, 0.0 ], [ 110.197936843909687, 25.270385856416887, 0.0 ], [ 110.198119590931981, 25.270444795970651, 0.0 ], [ 110.19828104209499, 25.270548792118632, 0.0 ], [ 110.19843042684461, 25.270666770585095, 0.0 ], [ 110.198564907499616, 25.270798605549782, 0.0 ], [ 110.198653335830343, 25.27095575205631, 0.0 ], [ 110.198709116244942, 25.271128588138804, 0.0 ], [ 110.198764896810857, 25.271301424200086, 0.0 ], [ 110.198817693938437, 25.271475015799485, 0.0 ], [ 110.198860451310978, 25.271650785904942, 0.0 ], [ 110.198897539269012, 25.271827725399209, 0.0 ], [ 110.198934627327176, 25.272004664882598, 0.0 ], [ 110.19897171548557, 25.272181604355112, 0.0 ], [ 110.199008803744192, 25.272358543816722, 0.0 ], [ 110.199045892103172, 25.272535483267443, 0.0 ], [ 110.199082980562295, 25.272712422707279, 0.0 ], [ 110.199120069121776, 25.27288936213623, 0.0 ], [ 110.199157157781414, 25.273066301554294, 0.0 ], [ 110.199194246541396, 25.273243240961463, 0.0 ], [ 110.199231335401464, 25.27342018035775, 0.0 ], [ 110.199268424361961, 25.27359711974314, 0.0 ], [ 110.199305513422715, 25.273774059117642, 0.0 ], [ 110.199342602583656, 25.273950998481251, 0.0 ], [ 110.19937969184484, 25.274127937833992, 0.0 ], [ 110.199416781206381, 25.274304877175812, 0.0 ], [ 110.199453870668123, 25.274481816506761, 0.0 ], [ 110.199470558678215, 25.274561428323491, 0.0 ] ] ] } },
{ "type": "Feature", "properties": { "OBJECTID": 5 }, "geometry": { "type": "Polygon", "coordinates": [ [ [ 110.221099109467644, 25.267386452339714, 0.0 ], [ 110.221137625253832, 25.267587830773721, 0.0 ], [ 110.221098792713207, 25.267787232706461, 0.0 ], [ 110.221042621841249, 25.267985488958825, 0.0 ], [ 110.22101084611954, 25.268187964876883, 0.0 ], [ 110.220947735412423, 25.268384071224123, 0.0 ], [ 110.22084620206482, 25.26856637860584, 0.0 ], [ 110.220708699018147, 25.268727996793118, 0.0 ], [ 110.220539873775977, 25.268862869776612, 0.0 ], [ 110.220355262034019, 25.268979885226528, 0.0 ], [ 110.22032583631065, 25.269175381115428, 0.0 ], [ 110.220390833854637, 25.269370982728606, 0.0 ], [ 110.220533344448612, 25.269529016977089, 0.0 ], [ 110.220726344433913, 25.269634136242885, 0.0 ], [ 110.220944201075966, 25.269685832931632, 0.0 ], [ 110.221165546132951, 25.26972026202457, 0.0 ], [ 110.221333418552177, 25.269583827215715, 0.0 ], [ 110.221501290597033, 25.26944739220448, 0.0 ], [ 110.221669162267617, 25.269310956990864, 0.0 ], [ 110.221837033563929, 25.26917452157489, 0.0 ], [ 110.221997128095239, 25.269030939479588, 0.0 ], [ 110.222157526241347, 25.268887716483285, 0.0 ], [ 110.222328790471252, 25.268754841239232, 0.0 ], [ 110.222526937389745, 25.268676821343764, 0.0 ], [ 110.222721936783614, 25.268738007133841, 0.0 ], [ 110.222914650214946, 25.268838236548767, 0.0 ], [ 110.223073204396201, 25.268970621987233, 0.0 ], [ 110.223233867498479, 25.269109438248066, 0.0 ], [ 110.223419543819915, 25.269225207288549, 0.0 ], [ 110.22360552074521, 25.269340601885183, 0.0 ], [ 110.223772733830657, 25.269476301319777, 0.0 ], [ 110.223939245700208, 25.269613748822191, 0.0 ], [ 110.224031470759755, 25.269790227262554, 0.0 ], [ 110.224026119351691, 25.269991698865411, 0.0 ], [ 110.224024816967201, 25.270196427088866, 0.0 ], [ 110.224026681883345, 25.270400724606731, 0.0 ], [ 110.224095472268402, 25.270595557959428, 0.0 ], [ 110.224194302107747, 25.270779008135833, 0.0 ], [ 110.224343003667428, 25.270932660559104, 0.0 ], [ 110.22450518526928, 25.271074654011812, 0.0 ], [ 110.224654505123965, 25.271226215963186, 0.0 ], [ 110.224734298741637, 25.271417598802593, 0.0 ], [ 110.224824187862652, 25.271604723370768, 0.0 ], [ 110.22485779912941, 25.271806204248104, 0.0 ], [ 110.224888700155333, 25.271996080307584, 0.0 ], [ 110.225066895548835, 25.272109314376134, 0.0 ], [ 110.225289284830509, 25.272138565823916, 0.0 ], [ 110.225512728231294, 25.272159434555661, 0.0 ], [ 110.225660655582132, 25.272266747287716, 0.0 ], [ 110.225768888728098, 25.272430075537876, 0.0 ], [ 110.225967855539935, 25.272522058182268, 0.0 ], [ 110.226186081384697, 25.272566332274529, 0.0 ], [ 110.226410325676824, 25.272584562018402, 0.0 ], [ 110.226598024872061, 25.272678206134159, 0.0 ], [ 110.226804850900749, 25.272733661022812, 0.0 ], [ 110.227021369480696, 25.272785681680212, 0.0 ], [ 110.227207861418904, 25.272895688122968, 0.0 ], [ 110.227206377002247, 25.273075054744979, 0.0 ], [ 110.227242992621626, 25.273271530721722, 0.0 ], [ 110.227363479687412, 25.273442192080378, 0.0 ], [ 110.227472583475802, 25.273620846173628, 0.0 ], [ 110.227503403435563, 25.273821359370206, 0.0 ], [ 110.22751822037003, 25.274025646086429, 0.0 ], [ 110.227506233264521, 25.27422983100999, 0.0 ], [ 110.227453749307358, 25.274428451896849, 0.0 ], [ 110.227385432895673, 25.274623496528626, 0.0 ], [ 110.227292942805747, 25.274809945879866, 0.0 ], [ 110.227170390720616, 25.274981347051366, 0.0 ], [ 110.227173284713842, 25.275180655999598, 0.0 ], [ 110.227121809089539, 25.27537885073518, 0.0 ], [ 110.226972536901869, 25.275531781696053, 0.0 ], [ 110.226863993718425, 25.275711147940701, 0.0 ], [ 110.226766420544607, 25.275895028521955, 0.0 ], [ 110.226742323994543, 25.276098031035037, 0.0 ], [ 110.226787274393459, 25.276298293387935, 0.0 ], [ 110.226875165986002, 25.276486625650428, 0.0 ], [ 110.226931325300114, 25.27668463841518, 0.0 ], [ 110.226954136019643, 25.276888245560301, 0.0 ], [ 110.226997248329809, 25.277089135026738, 0.0 ], [ 110.227057324712902, 25.277286410356627, 0.0 ], [ 110.227127421676968, 25.277480895988631, 0.0 ], [ 110.227179678747618, 25.277680018836133, 0.0 ], [ 110.22722328543685, 25.27788087451696, 0.0 ], [ 110.227268812196513, 25.278081312935491, 0.0 ], [ 110.227334821273416, 25.278276590858844, 0.0 ], [ 110.227439580154069, 25.278457782675755, 0.0 ], [ 110.227553702943823, 25.278634268470103, 0.0 ], [ 110.227667499505515, 25.278810774051848, 0.0 ], [ 110.227761581699909, 25.278996767209453, 0.0 ], [ 110.227855628412541, 25.279182273951797, 0.0 ], [ 110.227991109002971, 25.279344237894634, 0.0 ], [ 110.228173416424852, 25.279462900009481, 0.0 ], [ 110.228377700357399, 25.279548484706929, 0.0 ], [ 110.228559121573696, 25.279664891581273, 0.0 ], [ 110.228690499224598, 25.279830912543932, 0.0 ], [ 110.228845129669267, 25.279978552011407, 0.0 ], [ 110.22902724223799, 25.280098933755731, 0.0 ], [ 110.229209911894074, 25.280217891646959, 0.0 ], [ 110.229408152597571, 25.280314976272006, 0.0 ], [ 110.229598614328879, 25.280422537435559, 0.0 ], [ 110.229762744801661, 25.280562501910641, 0.0 ], [ 110.229913752233358, 25.280714285131914, 0.0 ], [ 110.230053733482421, 25.280874517538273, 0.0 ], [ 110.230189484961258, 25.281037314471671, 0.0 ], [ 110.230321201352396, 25.281197091943536, 0.0 ], [ 110.23032819235361, 25.281389934608971, 0.0 ], [ 110.230211736881515, 25.281564855660545, 0.0 ], [ 110.23012049674054, 25.28174333662383, 0.0 ], [ 110.230157946554314, 25.28193829805306, 0.0 ], [ 110.23027522869593, 25.282112964837882, 0.0 ], [ 110.230413331632732, 25.282273339484153, 0.0 ], [ 110.230574578248465, 25.28241624513289, 0.0 ], [ 110.230736342922626, 25.282558663422602, 0.0 ], [ 110.230905652990387, 25.282693093207222, 0.0 ], [ 110.23108883508452, 25.28281203669987, 0.0 ], [ 110.231271085523474, 25.28293186385006, 0.0 ], [ 110.2314452426196, 25.283061643564952, 0.0 ], [ 110.231610139419189, 25.283200262362417, 0.0 ], [ 110.231741768303721, 25.283364427101841, 0.0 ], [ 110.231846941097089, 25.283545455123662, 0.0 ], [ 110.231864413492445, 25.283726919239893, 0.0 ], [ 110.231688883520079, 25.283823378484279, 0.0 ], [ 110.231535713607315, 25.283951285782422, 0.0 ], [ 110.231549638568268, 25.284144879973606, 0.0 ], [ 110.231668906521136, 25.284314633055295, 0.0 ], [ 110.231771849041138, 25.28449571148743, 0.0 ], [ 110.23175910490275, 25.284696566768016, 0.0 ], [ 110.231828273719472, 25.284889273322296, 0.0 ], [ 110.23193303386104, 25.285070367152965, 0.0 ], [ 110.232070901115975, 25.285231992855547, 0.0 ], [ 110.232224457288737, 25.285381681969742, 0.0 ], [ 110.232388106421965, 25.285522285465941, 0.0 ], [ 110.232561544780793, 25.285652826804704, 0.0 ], [ 110.232771167486646, 25.285726204186627, 0.0 ], [ 110.232984768699325, 25.285791009969003, 0.0 ], [ 110.233198381480264, 25.285855796852566, 0.0 ], [ 110.233409895943154, 25.285926036184389, 0.0 ], [ 110.233614446278594, 25.286011600382881, 0.0 ], [ 110.233831868546147, 25.286064563743903, 0.0 ], [ 110.234054297642018, 25.28609638884782, 0.0 ], [ 110.234278082542843, 25.286119166217134, 0.0 ], [ 110.234498478619798, 25.286161119139813, 0.0 ], [ 110.23472366072005, 25.286159959935244, 0.0 ], [ 110.234948819626766, 25.286156797734908, 0.0 ], [ 110.235173978531449, 25.286153635190626, 0.0 ], [ 110.235399126837436, 25.286150276063232, 0.0 ], [ 110.235623533697833, 25.286133274034263, 0.0 ], [ 110.23584748811804, 25.28611446058715, 0.0 ], [ 110.236070378764623, 25.286140287056444, 0.0 ], [ 110.236289480061004, 25.28609812077147, 0.0 ], [ 110.23648565271256, 25.285997658557694, 0.0 ], [ 110.236689150647237, 25.285911444544535, 0.0 ], [ 110.236907903939937, 25.285882960844955, 0.0 ], [ 110.237120613864192, 25.285948222316197, 0.0 ], [ 110.237323979717232, 25.286004934176795, 0.0 ], [ 110.237370386279963, 25.286178673244141, 0.0 ], [ 110.237206567182781, 25.28626048411661, 0.0 ], [ 110.23699071398002, 25.286244634047186, 0.0 ], [ 110.236794506925264, 25.28633335585813, 0.0 ], [ 110.236625300199208, 25.286468363412389, 0.0 ], [ 110.236528017738081, 25.28663091068605, 0.0 ], [ 110.236586150485138, 25.28682317871473, 0.0 ], [ 110.236617073956552, 25.287016793553668, 0.0 ], [ 110.236485403849912, 25.287170205242582, 0.0 ], [ 110.236310840979769, 25.287299445692451, 0.0 ], [ 110.236108549141534, 25.287385118790908, 0.0 ], [ 110.235896459141827, 25.287453898106474, 0.0 ], [ 110.235683961656804, 25.287521656728781, 0.0 ], [ 110.235471463942758, 25.287589415037822, 0.0 ], [ 110.235287842202354, 25.28770408143227, 0.0 ], [ 110.2350875370132, 25.287794263799203, 0.0 ], [ 110.234868858550371, 25.28783977315117, 0.0 ], [ 110.234667130713206, 25.287926930296514, 0.0 ], [ 110.234470107777682, 25.288026074360303, 0.0 ], [ 110.234266825349096, 25.288113950152209, 0.0 ], [ 110.234062311954972, 25.288199644733787, 0.0 ], [ 110.233891967880226, 25.288331140873847, 0.0 ], [ 110.2337693872214, 25.288501773162839, 0.0 ], [ 110.233686377655985, 25.288691622579183, 0.0 ], [ 110.233704187334524, 25.288893016948599, 0.0 ], [ 110.233836515717798, 25.289055312881207, 0.0 ], [ 110.234005204940374, 25.289190607054795, 0.0 ], [ 110.234190891687817, 25.289306257473893, 0.0 ], [ 110.234412693688469, 25.289332330320143, 0.0 ], [ 110.234637660853011, 25.289341040287205, 0.0 ], [ 110.234862678201978, 25.289349093898142, 0.0 ], [ 110.235084790590207, 25.289382359360623, 0.0 ], [ 110.23512646990919, 25.28957753561852, 0.0 ], [ 110.235128944932327, 25.289782229165073, 0.0 ], [ 110.235190510283076, 25.289979068345176, 0.0 ], [ 110.235283512437945, 25.290164886773468, 0.0 ], [ 110.23548999184483, 25.290243820774897, 0.0 ], [ 110.235703129165074, 25.290272608042319, 0.0 ], [ 110.235761972252774, 25.290462764127824, 0.0 ], [ 110.235726498321469, 25.290664646593591, 0.0 ], [ 110.235673862430133, 25.290863707119115, 0.0 ], [ 110.235621226358489, 25.291062767616545, 0.0 ], [ 110.235584173058101, 25.291263677561499, 0.0 ], [ 110.235598260754429, 25.291466532077326, 0.0 ], [ 110.235649386407843, 25.291665917712063, 0.0 ], [ 110.235707464178816, 25.291863521283052, 0.0 ], [ 110.235774565890381, 25.292058890168573, 0.0 ], [ 110.235816426655106, 25.292258851025803, 0.0 ], [ 110.235833591778899, 25.292462839985909, 0.0 ], [ 110.235862545830756, 25.292665870283027, 0.0 ], [ 110.235892759713792, 25.292868750776602, 0.0 ], [ 110.235925139114087, 25.293071339131725, 0.0 ], [ 110.235978945382755, 25.293269001053638, 0.0 ], [ 110.236056007887498, 25.293461272211889, 0.0 ], [ 110.236098639571097, 25.293660076091157, 0.0 ], [ 110.236073272421393, 25.293861045799563, 0.0 ], [ 110.236002249831941, 25.294055276389184, 0.0 ], [ 110.235924711420083, 25.294247487196181, 0.0 ], [ 110.235864155107066, 25.294443645868775, 0.0 ], [ 110.235855512675585, 25.294646274521522, 0.0 ], [ 110.23597301730139, 25.294753667077579, 0.0 ], [ 110.236195103866322, 25.294725441491913, 0.0 ], [ 110.236415026612647, 25.294681376349779, 0.0 ], [ 110.236635261134978, 25.294638621804044, 0.0 ], [ 110.236855522930568, 25.294595979454652, 0.0 ], [ 110.237075362072034, 25.294551584472792, 0.0 ], [ 110.237295842263649, 25.294510015058425, 0.0 ], [ 110.237517598260865, 25.294474449415791, 0.0 ], [ 110.237740140075815, 25.294443121453057, 0.0 ], [ 110.237963525538461, 25.294417426986723, 0.0 ], [ 110.238188073400465, 25.294403785867903, 0.0 ], [ 110.238413196282522, 25.294398762790493, 0.0 ], [ 110.238638366362423, 25.29439536228201, 0.0 ], [ 110.238863536447838, 25.294391961892757, 0.0 ], [ 110.239088717942678, 25.294389328520548, 0.0 ], [ 110.23931368552276, 25.294395692874154, 0.0 ], [ 110.239518347959674, 25.294465911378801, 0.0 ], [ 110.239661666427622, 25.294617621021938, 0.0 ], [ 110.239779302955895, 25.29479219461825, 0.0 ], [ 110.239895821522367, 25.294967392884555, 0.0 ], [ 110.24001442311895, 25.295141425114007, 0.0 ], [ 110.240137981877467, 25.295312566057973, 0.0 ], [ 110.240265655315099, 25.29548120895144, 0.0 ], [ 110.240458909977676, 25.295556492298466, 0.0 ], [ 110.240663307579666, 25.29549364899453, 0.0 ], [ 110.240807280105727, 25.295339235468155, 0.0 ], [ 110.240948180294836, 25.29517954854013, 0.0 ], [ 110.24107490417633, 25.295010441774448, 0.0 ], [ 110.241169441932186, 25.294825008088381, 0.0 ], [ 110.241214623804709, 25.294625089237236, 0.0 ], [ 110.241225279686418, 25.294420806360758, 0.0 ], [ 110.241170114999733, 25.294223383279199, 0.0 ], [ 110.241095760063956, 25.294030169254562, 0.0 ], [ 110.241012013624825, 25.29384013987513, 0.0 ], [ 110.240912709359435, 25.293656455849547, 0.0 ], [ 110.240803240134667, 25.293477564063075, 0.0 ], [ 110.240688145305853, 25.29330159788287, 0.0 ], [ 110.240561673674137, 25.293132244133506, 0.0 ], [ 110.240427102398016, 25.292968105176083, 0.0 ], [ 110.240288870863694, 25.292806484212942, 0.0 ], [ 110.240146335829735, 25.292647985901937, 0.0 ], [ 110.240002864989378, 25.292490180688969, 0.0 ], [ 110.239855378645288, 25.292335471599667, 0.0 ], [ 110.239709115879108, 25.292179800246544, 0.0 ], [ 110.239572365005415, 25.292017168056315, 0.0 ], [ 110.239434532474974, 25.291855264036275, 0.0 ], [ 110.239301222702764, 25.291690264865842, 0.0 ], [ 110.239153139881637, 25.291536090657981, 0.0 ], [ 110.238995851669415, 25.291389593526667, 0.0 ], [ 110.238878445233098, 25.291215225563747, 0.0 ], [ 110.238852752001975, 25.29101226856281, 0.0 ], [ 110.238856398727421, 25.290807594125614, 0.0 ], [ 110.239066799016797, 25.290758180947709, 0.0 ], [ 110.239288051478553, 25.290795585973957, 0.0 ], [ 110.239511741894688, 25.29081915569914, 0.0 ], [ 110.239734093534835, 25.290850332650542, 0.0 ], [ 110.239952970200591, 25.290898487406121, 0.0 ], [ 110.240172095540416, 25.290945687960182, 0.0 ], [ 110.24039063211022, 25.290994594258315, 0.0 ], [ 110.240601189474006, 25.291065047679819, 0.0 ], [ 110.240797005140237, 25.291166150292, 0.0 ], [ 110.240991723470174, 25.291268996118959, 0.0 ], [ 110.241187263104052, 25.291370542472833, 0.0 ], [ 110.241383867255891, 25.291470380543064, 0.0 ], [ 110.241578978480916, 25.291572463850496, 0.0 ], [ 110.24177234811313, 25.291676617053756, 0.0 ], [ 110.24197823263539, 25.291759520743554, 0.0 ], [ 110.242186714392403, 25.291836896755761, 0.0 ], [ 110.242397543149423, 25.291908736264201, 0.0 ], [ 110.242612378192291, 25.291969657515093, 0.0 ], [ 110.242831473092963, 25.29201694331104, 0.0 ], [ 110.243050934984566, 25.292062713955147, 0.0 ], [ 110.243268406448266, 25.292115815406635, 0.0 ], [ 110.24348484443874, 25.29217234507146, 0.0 ], [ 110.243703365028594, 25.292220775114099, 0.0 ], [ 110.243926275032905, 25.292249213377911, 0.0 ], [ 110.244150761304411, 25.292264771610331, 0.0 ], [ 110.244375825563949, 25.292269502560845, 0.0 ], [ 110.24460095446652, 25.292264788030007, 0.0 ], [ 110.244825931739953, 25.292255953789766, 0.0 ], [ 110.245050275446474, 25.292239567696601, 0.0 ], [ 110.245270530388083, 25.292200919673146, 0.0 ], [ 110.245480372601946, 25.292127682526402, 0.0 ], [ 110.245678034332983, 25.292030250447628, 0.0 ], [ 110.245863444009785, 25.291914242068355, 0.0 ], [ 110.246040115064361, 25.291787391318699, 0.0 ], [ 110.246209604712305, 25.291652641863859, 0.0 ], [ 110.246379678720103, 25.291518803289744, 0.0 ], [ 110.246562614101535, 25.291399581084498, 0.0 ], [ 110.246751335760706, 25.291287875634183, 0.0 ], [ 110.246939405966046, 25.291175271624713, 0.0 ], [ 110.247126488523534, 25.29106131040027, 0.0 ], [ 110.247313410334229, 25.290947132168153, 0.0 ], [ 110.247498919687729, 25.290831090904021, 0.0 ], [ 110.247673442924636, 25.290702842165924, 0.0 ], [ 110.247824401404301, 25.290551319697595, 0.0 ], [ 110.247973625081912, 25.290399061587916, 0.0 ], [ 110.248130915601095, 25.290253828680076, 0.0 ], [ 110.248136686623795, 25.290108335515455, 0.0 ], [ 110.247933705851466, 25.290030295694006, 0.0 ], [ 110.247711046965861, 25.290003576699451, 0.0 ], [ 110.247486249155571, 25.289991500725868, 0.0 ], [ 110.247264023682717, 25.289962520522263, 0.0 ], [ 110.247046676741533, 25.289909686090809, 0.0 ], [ 110.24683843552728, 25.289833233878422, 0.0 ], [ 110.246647148946394, 25.289726686553724, 0.0 ], [ 110.246460348473121, 25.289612494756586, 0.0 ], [ 110.24625861932816, 25.289523788034433, 0.0 ], [ 110.246041643563416, 25.289472466315299, 0.0 ], [ 110.24581886631286, 25.289443046110815, 0.0 ], [ 110.245596352954124, 25.289411969477463, 0.0 ], [ 110.245375613827747, 25.289371679815471, 0.0 ], [ 110.245162490928422, 25.289307817939008, 0.0 ], [ 110.244955109893851, 25.289228049618622, 0.0 ], [ 110.244742055928512, 25.28916327203731, 0.0 ], [ 110.24452155126184, 25.289123324020469, 0.0 ], [ 110.244298831495158, 25.289093080416681, 0.0 ], [ 110.24407692084992, 25.289058475561834, 0.0 ], [ 110.243857123567238, 25.289014246460699, 0.0 ], [ 110.243639158279919, 25.288962860272072, 0.0 ], [ 110.243421188346645, 25.288911450243887, 0.0 ], [ 110.243203583506471, 25.288858789332274, 0.0 ], [ 110.242991411400567, 25.288791060818596, 0.0 ], [ 110.242787748153432, 25.288704201543812, 0.0 ], [ 110.242610178501081, 25.288581220674484, 0.0 ], [ 110.242460509061033, 25.288428878354768, 0.0 ], [ 110.242303599723684, 25.288282680910307, 0.0 ], [ 110.24212961851515, 25.288153012875135, 0.0 ], [ 110.241945560107609, 25.288035213397464, 0.0 ], [ 110.241745019613091, 25.287943902849502, 0.0 ], [ 110.241529466970661, 25.287887115699842, 0.0 ], [ 110.241309363544175, 25.287843883818159, 0.0 ], [ 110.24109118317034, 25.287793533704864, 0.0 ], [ 110.24087728771417, 25.28772986543887, 0.0 ], [ 110.240666308703041, 25.287658335079257, 0.0 ], [ 110.240454158473824, 25.2875897567951, 0.0 ], [ 110.240241120907569, 25.287523414083058, 0.0 ], [ 110.240031657714482, 25.28744849625258, 0.0 ], [ 110.240052992336871, 25.287302246206217, 0.0 ], [ 110.240195010959383, 25.287144004534273, 0.0 ], [ 110.240330469310393, 25.286980639462676, 0.0 ], [ 110.240451665186669, 25.286808192279583, 0.0 ], [ 110.240556455743032, 25.286627117458487, 0.0 ], [ 110.240652049598168, 25.286441770953012, 0.0 ], [ 110.240738622954368, 25.286252809704028, 0.0 ], [ 110.240812415254808, 25.286059450737298, 0.0 ], [ 110.24086149322288, 25.2858598896008, 0.0 ], [ 110.240866618183802, 25.285655885307929, 0.0 ], [ 110.240872308306336, 25.285451254293118, 0.0 ], [ 110.24088354269972, 25.285246782849331, 0.0 ], [ 110.24090619164221, 25.285043136572487, 0.0 ], [ 110.240954630568396, 25.28484343334096, 0.0 ], [ 110.241013549997618, 25.284645848244601, 0.0 ], [ 110.241064790144335, 25.284446519344218, 0.0 ], [ 110.241110656611539, 25.284246084802604, 0.0 ], [ 110.241160943721269, 25.284046533334198, 0.0 ], [ 110.241215988505942, 25.283848018046999, 0.0 ], [ 110.241249179243653, 25.283645704196143, 0.0 ], [ 110.24118931934585, 25.283451130136932, 0.0 ], [ 110.241033573316955, 25.283306036676521, 0.0 ], [ 110.2408272942764, 25.283227102908388, 0.0 ], [ 110.240609502044663, 25.283175533624135, 0.0 ], [ 110.240386263176063, 25.283149679153631, 0.0 ], [ 110.240161210495501, 25.283149985934919, 0.0 ], [ 110.239939134658002, 25.283182779188799, 0.0 ], [ 110.239719464394113, 25.283227713681537, 0.0 ], [ 110.239499066243852, 25.283269672458367, 0.0 ], [ 110.239274876116653, 25.283287882265942, 0.0 ], [ 110.239049751969304, 25.283291031357244, 0.0 ], [ 110.238827928347078, 25.283256898504426, 0.0 ], [ 110.238618805099577, 25.283181524251152, 0.0 ], [ 110.238414409206499, 25.28309563633379, 0.0 ], [ 110.238204941568966, 25.283020539409801, 0.0 ], [ 110.237991175093526, 25.282956219852728, 0.0 ], [ 110.237768644187398, 25.282925514220672, 0.0 ], [ 110.237545723291717, 25.282952875808849, 0.0 ], [ 110.237323302189054, 25.282984822420314, 0.0 ], [ 110.237098892489072, 25.28300163080479, 0.0 ], [ 110.236898998821289, 25.283095583002542, 0.0 ], [ 110.236704071872694, 25.283198076154623, 0.0 ], [ 110.236502460213231, 25.283289262786557, 0.0 ], [ 110.236301421235638, 25.283381487846444, 0.0 ], [ 110.236102332537911, 25.28347714759342, 0.0 ], [ 110.235903239210643, 25.283572798261087, 0.0 ], [ 110.235702191485387, 25.283664983201909, 0.0 ], [ 110.235494522582513, 25.283744135476699, 0.0 ], [ 110.235284660098543, 25.283818339466642, 0.0 ], [ 110.235078865236261, 25.28390141823051, 0.0 ], [ 110.234878537797087, 25.283994909628472, 0.0 ], [ 110.234681004302203, 25.284093146584866, 0.0 ], [ 110.234474956594809, 25.284170973116272, 0.0 ], [ 110.234257939067362, 25.284122529777338, 0.0 ], [ 110.234084289912161, 25.283992411965627, 0.0 ], [ 110.233932042182062, 25.283841786645912, 0.0 ], [ 110.233803799000654, 25.283673548297937, 0.0 ], [ 110.233687765223053, 25.283498095512901, 0.0 ], [ 110.233576196826746, 25.283320264050662, 0.0 ], [ 110.233469226594096, 25.283140126616853, 0.0 ], [ 110.233370892512951, 25.282955969493475, 0.0 ], [ 110.233281186171936, 25.282768186284343, 0.0 ], [ 110.233192399167223, 25.282580063569785, 0.0 ], [ 110.2330930133012, 25.282396468152509, 0.0 ], [ 110.232973093598787, 25.282223389217783, 0.0 ], [ 110.23283126595139, 25.282064396667991, 0.0 ], [ 110.232682752051176, 25.281910506155487, 0.0 ], [ 110.232532625514466, 25.28175799005508, 0.0 ], [ 110.232370422454309, 25.281616150107805, 0.0 ], [ 110.232198477820887, 25.281484426045868, 0.0 ], [ 110.232051947584068, 25.281329378819088, 0.0 ], [ 110.231930987873596, 25.281156724246671, 0.0 ], [ 110.231822193183177, 25.280977848446796, 0.0 ], [ 110.231747728439913, 25.280785207160413, 0.0 ], [ 110.231716695779184, 25.280582854958777, 0.0 ], [ 110.231723748869641, 25.280378464106828, 0.0 ], [ 110.231754711357709, 25.280175685599065, 0.0 ], [ 110.231778677613491, 25.279972177385797, 0.0 ], [ 110.231785377271279, 25.279767801093946, 0.0 ], [ 110.231763947953439, 25.279564090391883, 0.0 ], [ 110.231727480340723, 25.279362065611952, 0.0 ], [ 110.231681806059527, 25.279161968973931, 0.0 ], [ 110.231590662421155, 25.27897892316896, 0.0 ], [ 110.231419593365302, 25.278847191594568, 0.0 ], [ 110.231225904024598, 25.27874301722446, 0.0 ], [ 110.231040027944005, 25.278627462830904, 0.0 ], [ 110.230849947050146, 25.278518452491411, 0.0 ], [ 110.230643995810837, 25.278436568528623, 0.0 ], [ 110.230429147680979, 25.278375294358586, 0.0 ], [ 110.230217087775927, 25.278307266916521, 0.0 ], [ 110.230015844801272, 25.278216038274049, 0.0 ], [ 110.229827259760754, 25.278104423520428, 0.0 ], [ 110.229644383441041, 25.277985222351568, 0.0 ], [ 110.229460385197228, 25.277868646181012, 0.0 ], [ 110.229298093279141, 25.27772673985665, 0.0 ], [ 110.229142132829537, 25.277579292625077, 0.0 ], [ 110.228999045713877, 25.277421258284654, 0.0 ], [ 110.22886518289188, 25.277256787645172, 0.0 ], [ 110.228749990510607, 25.277081425268694, 0.0 ], [ 110.228681613506552, 25.276889986630614, 0.0 ], [ 110.228702362573671, 25.276689250331422, 0.0 ], [ 110.228791921327357, 25.276501978132298, 0.0 ], [ 110.2289023285784, 25.276323553905758, 0.0 ], [ 110.22901062670114, 25.276144057828287, 0.0 ], [ 110.229121367081177, 25.275965832460248, 0.0 ], [ 110.229240196301447, 25.275792003471839, 0.0 ], [ 110.229358541487883, 25.275618181728618, 0.0 ], [ 110.229450707686283, 25.275432032271826, 0.0 ], [ 110.229511419897605, 25.27523524431238, 0.0 ], [ 110.229572729164474, 25.275039842875888, 0.0 ], [ 110.229645872558777, 25.274848360796376, 0.0 ], [ 110.22967921847156, 25.274645918210222, 0.0 ], [ 110.229701520652981, 25.274442311693946, 0.0 ], [ 110.22969160900071, 25.274239305434818, 0.0 ], [ 110.229618127896529, 25.274049033604374, 0.0 ], [ 110.229493227400468, 25.273879077811007, 0.0 ], [ 110.229349873126793, 25.273721439841175, 0.0 ], [ 110.229197577715013, 25.273570646382947, 0.0 ], [ 110.229043602409035, 25.273421273524519, 0.0 ], [ 110.228888213056138, 25.273273111142064, 0.0 ], [ 110.228734036378711, 25.273123919669558, 0.0 ], [ 110.22858280469373, 25.272972248943308, 0.0 ], [ 110.228432874978523, 25.272819506602584, 0.0 ], [ 110.228289277269084, 25.272662025032638, 0.0 ], [ 110.228182044283656, 25.272484871029292, 0.0 ], [ 110.228128007717686, 25.272287097553637, 0.0 ], [ 110.228111495018169, 25.272083438748332, 0.0 ], [ 110.228118520603957, 25.271878904571224, 0.0 ], [ 110.228134484059183, 25.271674694063336, 0.0 ], [ 110.228157742341736, 25.271471123822494, 0.0 ], [ 110.22820141427519, 25.271270756557222, 0.0 ], [ 110.228265799794769, 25.271074643844468, 0.0 ], [ 110.228331776925913, 25.270878937223028, 0.0 ], [ 110.228388637395838, 25.27068089757822, 0.0 ], [ 110.22841926078577, 25.270478997171399, 0.0 ], [ 110.228404590648879, 25.270275859683309, 0.0 ], [ 110.228332419323721, 25.270084553575565, 0.0 ], [ 110.228208574610264, 25.269914781354402, 0.0 ], [ 110.228064509329016, 25.269757467000254, 0.0 ], [ 110.227915492716647, 25.269604024848352, 0.0 ], [ 110.227763007976861, 25.269453395690824, 0.0 ], [ 110.227611419485413, 25.269302029686735, 0.0 ], [ 110.227472682951927, 25.269141245543622, 0.0 ], [ 110.227358243140358, 25.268965498578947, 0.0 ], [ 110.227260296888431, 25.268781195712531, 0.0 ], [ 110.227156636096396, 25.268599655108371, 0.0 ], [ 110.227042426409255, 25.268423240302493, 0.0 ], [ 110.226923893376281, 25.268249186629081, 0.0 ], [ 110.226800413939017, 25.268078021694013, 0.0 ], [ 110.226669743530962, 25.267911355928284, 0.0 ], [ 110.226531451673139, 25.26774984767, 0.0 ], [ 110.226387543889672, 25.267592414093631, 0.0 ], [ 110.22623173071905, 25.267445026923259, 0.0 ], [ 110.226063256469047, 25.267309343919358, 0.0 ], [ 110.225887301806438, 25.267181691615804, 0.0 ], [ 110.22570401991706, 25.267062940364177, 0.0 ], [ 110.225515622327009, 25.26695086429433, 0.0 ], [ 110.22532600897928, 25.266840468941393, 0.0 ], [ 110.225139197270067, 25.266726254830779, 0.0 ], [ 110.224956550505823, 25.266606576284655, 0.0 ], [ 110.224776606245314, 25.266483533847918, 0.0 ], [ 110.224597447764367, 25.266359538629761, 0.0 ], [ 110.224417118819503, 25.266236963018027, 0.0 ], [ 110.224229392938284, 25.266124266577293, 0.0 ], [ 110.224033948211854, 25.266022751761358, 0.0 ], [ 110.223834949071176, 25.265927010741752, 0.0 ], [ 110.223639461469773, 25.265825644372924, 0.0 ], [ 110.223461775544934, 25.265701218373, 0.0 ], [ 110.223333849760934, 25.265536659352122, 0.0 ], [ 110.223260426321161, 25.265344400994241, 0.0 ], [ 110.22319982014713, 25.26514725028392, 0.0 ], [ 110.223109450181028, 25.264960788651187, 0.0 ], [ 110.222990089608473, 25.264787534062478, 0.0 ], [ 110.222868158749776, 25.264615466894867, 0.0 ], [ 110.222812864392779, 25.264421997725119, 0.0 ], [ 110.222830367369099, 25.264219402173559, 0.0 ], [ 110.222866396677105, 25.264017308926974, 0.0 ], [ 110.222895222136486, 25.263814310004008, 0.0 ], [ 110.222885315753061, 25.263610927568248, 0.0 ], [ 110.222823651890351, 25.263415241835364, 0.0 ], [ 110.222728759795061, 25.263229940737769, 0.0 ], [ 110.222623017134765, 25.263049208076964, 0.0 ], [ 110.222583603796181, 25.262851757221021, 0.0 ], [ 110.222548849369133, 25.262649884646855, 0.0 ], [ 110.222441895945821, 25.262473767441961, 0.0 ], [ 110.22229739929567, 25.262317077619652, 0.0 ], [ 110.222142005765178, 25.262168992341131, 0.0 ], [ 110.221982945080327, 25.262024105045935, 0.0 ], [ 110.221846343217152, 25.261862129230021, 0.0 ], [ 110.221829397319681, 25.261666458675009, 0.0 ], [ 110.22177081520789, 25.261472401255041, 0.0 ], [ 110.221561065867476, 25.261438537168154, 0.0 ], [ 110.221336164217604, 25.261445692236784, 0.0 ], [ 110.221112080529863, 25.261427180126628, 0.0 ], [ 110.220916163107248, 25.261328210693211, 0.0 ], [ 110.220816531240857, 25.261145138241318, 0.0 ], [ 110.220598238536567, 25.261098371133912, 0.0 ], [ 110.22037338679614, 25.261089154147619, 0.0 ], [ 110.220148449500044, 25.261095636922164, 0.0 ], [ 110.219924971942518, 25.261120076632604, 0.0 ], [ 110.219706179896662, 25.261163693654701, 0.0 ], [ 110.21951967294217, 25.261272700760429, 0.0 ], [ 110.219409359984013, 25.261447704171633, 0.0 ], [ 110.219394655803725, 25.261650316229741, 0.0 ], [ 110.219467035957294, 25.261836389933233, 0.0 ], [ 110.219646364618058, 25.261956300749276, 0.0 ], [ 110.21985578476604, 25.262031364088482, 0.0 ], [ 110.220064016522187, 25.262108100762024, 0.0 ], [ 110.220256700075126, 25.262212728254955, 0.0 ], [ 110.220431539979799, 25.262341606574882, 0.0 ], [ 110.220596886036148, 25.262480348748692, 0.0 ], [ 110.220722343886067, 25.262643101553838, 0.0 ], [ 110.220760610113274, 25.262843879163196, 0.0 ], [ 110.220782117189472, 25.263046716303748, 0.0 ], [ 110.220821867845103, 25.263247510710645, 0.0 ], [ 110.220823790055775, 25.26345172588503, 0.0 ], [ 110.220789718073007, 25.263653334265896, 0.0 ], [ 110.220742313956066, 25.263852745010034, 0.0 ], [ 110.220722772092685, 25.264056685279286, 0.0 ], [ 110.220688491741655, 25.264257718137124, 0.0 ], [ 110.220656661283883, 25.264456267233268, 0.0 ], [ 110.220728341687376, 25.264644909556399, 0.0 ], [ 110.220811445602251, 25.26483192218183, 0.0 ], [ 110.220796436427889, 25.26502913956918, 0.0 ], [ 110.220772186265904, 25.265229169346753, 0.0 ], [ 110.22077972736767, 25.265433742943859, 0.0 ], [ 110.220792636434751, 25.265638008648025, 0.0 ], [ 110.220815745855035, 25.265841642065485, 0.0 ], [ 110.220848488684481, 25.266044122994529, 0.0 ], [ 110.220886173704983, 25.266245966409802, 0.0 ], [ 110.220923858840791, 25.266447809812963, 0.0 ], [ 110.220961544092006, 25.266649653203999, 0.0 ], [ 110.220999229458371, 25.266851496582913, 0.0 ], [ 110.221036914940186, 25.267053339949708, 0.0 ], [ 110.221074600537349, 25.267255183304378, 0.0 ], [ 110.221099109467644, 25.267386452339714, 0.0 ] ] ] } }
]
}
