{
"type": "FeatureCollection",
"name": "industrial-land",
"crs": { "type": "name", "properties": { "name": "urn:ogc:def:crs:OGC:1.3:CRS84" } },
"features": [
{ "type": "Feature", "properties": { }, "geometry": { "type": "Polygon", "coordinates": [ [ [ 110.16156979616693, 25.219011745735983, 0.0 ], [ 110.161187147754646, 25.218709348899079, 0.0 ], [ 110.160875915682908, 25.219053155698212, 0.0 ], [ 110.160580336412636, 25.219427753049064, 0.0 ], [ 110.160284755314464, 25.219802349743414, 0.0 ], [ 110.159989172388237, 25.220176945781205, 0.0 ], [ 110.15969358763401, 25.220551541162425, 0.0 ], [ 110.159399900609941, 25.220927351694467, 0.0 ], [ 110.159228449974663, 25.221321052516309, 0.0 ], [ 110.159674397886263, 25.221615898681343, 0.0 ], [ 110.16006720011508, 25.221907328636085, 0.0 ], [ 110.160458050294466, 25.222200948454788, 0.0 ], [ 110.160848902360996, 25.222494567276549, 0.0 ], [ 110.1612397563147, 25.222788185101347, 0.0 ], [ 110.161664611872425, 25.222952511193121, 0.0 ], [ 110.161940229391476, 25.222600182557841, 0.0 ], [ 110.162978387779944, 25.221017707130173, 0.0 ], [ 110.16336859320532, 25.220575548952702, 0.0 ], [ 110.163020363276061, 25.220299813979615, 0.0 ], [ 110.162665060707297, 25.219970941763631, 0.0 ], [ 110.162308396927202, 25.219643296942277, 0.0 ], [ 110.161943630973326, 25.219323132569354, 0.0 ], [ 110.16156979616693, 25.219011745735983, 0.0 ] ] ] } },
{ "type": "Feature", "properties": { }, "geometry": { "type": "Polygon", "coordinates": [ [ [ 110.160297819717812, 25.219321409363943, 0.0 ], [ 110.160472135525481, 25.219100494268925, 0.0 ], [ 110.160646450697413, 25.218879578945582, 0.0 ], [ 110.160820765233453, 25.218658663393903, 0.0 ], [ 110.160849597912147, 25.218455444013344, 0.0 ], [ 110.160615648112994, 25.218286167645793, 0.0 ], [ 110.160378859702618, 25.218120189960882, 0.0 ], [ 110.160139287443627, 25.217957552119461, 0.0 ], [ 110.159896990059181, 25.217798290500646, 0.0 ], [ 110.15965202436324, 25.217642443756933, 0.0 ], [ 110.15940444767925, 25.217490050021556, 0.0 ], [ 110.159155607097901, 25.217339365006744, 0.0 ], [ 110.158906767136926, 25.217188679585739, 0.0 ], [ 110.158657927796355, 25.217037993758581, 0.0 ], [ 110.158409089076159, 25.216887307525273, 0.0 ], [ 110.158155747532788, 25.216756733814883, 0.0 ], [ 110.157840641999385, 25.217178487314392, 0.0 ], [ 110.157712906769447, 25.217424344591358, 0.0 ], [ 110.157585171014034, 25.217670201736567, 0.0 ], [ 110.157457434733175, 25.217916058750028, 0.0 ], [ 110.157329697926741, 25.218161915631743, 0.0 ], [ 110.157201960594776, 25.21840777238171, 0.0 ], [ 110.157074222737279, 25.21865362899991, 0.0 ], [ 110.156946484354322, 25.218899485486354, 0.0 ], [ 110.156818745445747, 25.219145341841031, 0.0 ], [ 110.156691006011599, 25.219391198063938, 0.0 ], [ 110.156925881862534, 25.21929633892012, 0.0 ], [ 110.157191874616231, 25.219172241754162, 0.0 ], [ 110.158127601851717, 25.219646973516575, 0.0 ], [ 110.157924813731213, 25.219996632490382, 0.0 ], [ 110.15777859745549, 25.220233817744802, 0.0 ], [ 110.157632380564166, 25.220471002812697, 0.0 ], [ 110.157859998481598, 25.220604999092547, 0.0 ], [ 110.1581264558817, 25.220728274312897, 0.0 ], [ 110.15839291383017, 25.220851549064662, 0.0 ], [ 110.158659372326866, 25.220974823347849, 0.0 ], [ 110.15892583137186, 25.221098097162432, 0.0 ], [ 110.1590836081389, 25.220871603542651, 0.0 ], [ 110.159251911520954, 25.220646895138689, 0.0 ], [ 110.159426231143271, 25.220425981413804, 0.0 ], [ 110.159600550129724, 25.220205067460547, 0.0 ], [ 110.159774868480397, 25.219984153278926, 0.0 ], [ 110.159949186195348, 25.219763238868943, 0.0 ], [ 110.160123503274548, 25.219542324230613, 0.0 ], [ 110.160297819717812, 25.219321409363943, 0.0 ] ] ] } },
{ "type": "Feature", "properties": { }, "geometry": { "type": "Polygon", "coordinates": [ [ [ 110.163235057411285, 25.216645579079287, 0.0 ], [ 110.162974427564947, 25.216474814910033, 0.0 ], [ 110.162685851608927, 25.216728340558507, 0.0 ], [ 110.162582787722386, 25.216858963386713, 0.0 ], [ 110.1624797236137, 25.216989586135128, 0.0 ], [ 110.162376659282799, 25.217120208803738, 0.0 ], [ 110.162273594729584, 25.217250831392537, 0.0 ], [ 110.162170529954139, 25.217381453901538, 0.0 ], [ 110.162067464956479, 25.217512076330724, 0.0 ], [ 110.161964399736718, 25.217642698680113, 0.0 ], [ 110.161861334294571, 25.217773320949689, 0.0 ], [ 110.161758268630194, 25.217903943139454, 0.0 ], [ 110.16182277438871, 25.218134603300079, 0.0 ], [ 110.161970418577837, 25.218222925870244, 0.0 ], [ 110.162118481542876, 25.218310738993388, 0.0 ], [ 110.162267343530544, 25.218397409876946, 0.0 ], [ 110.162421450279169, 25.218476090015571, 0.0 ], [ 110.162580923742254, 25.218545357282025, 0.0 ], [ 110.16274507011687, 25.218604910404306, 0.0 ], [ 110.162913175805116, 25.218654488708371, 0.0 ], [ 110.163084508577811, 25.218693878780861, 0.0 ], [ 110.163258323728499, 25.218722906190038, 0.0 ], [ 110.16343386439317, 25.218741446712308, 0.0 ], [ 110.163610366845418, 25.218749420028796, 0.0 ], [ 110.163787063144596, 25.218746789658905, 0.0 ], [ 110.163963184506898, 25.218733569253889, 0.0 ], [ 110.164137964354012, 25.21870981383038, 0.0 ], [ 110.164310642347388, 25.218675628461103, 0.0 ], [ 110.164480467233432, 25.218631161923991, 0.0 ], [ 110.164646699644393, 25.218576606495535, 0.0 ], [ 110.164808616972053, 25.218512201278546, 0.0 ], [ 110.164965513843711, 25.218438224738115, 0.0 ], [ 110.164982156779899, 25.218239360743105, 0.0 ], [ 110.164858168437689, 25.218124770030176, 0.0 ], [ 110.164734180327628, 25.218010179217423, 0.0 ], [ 110.164610192449786, 25.217895588304859, 0.0 ], [ 110.164486204804163, 25.217780997292472, 0.0 ], [ 110.164362217390831, 25.217666406180278, 0.0 ], [ 110.164238230209662, 25.217551814968264, 0.0 ], [ 110.164114243260698, 25.217437223656443, 0.0 ], [ 110.163990256544011, 25.217322632244805, 0.0 ], [ 110.163866270059472, 25.217208040733365, 0.0 ], [ 110.163742283807153, 25.217093449122121, 0.0 ], [ 110.163618260344322, 25.216978891009386, 0.0 ], [ 110.163492736930209, 25.216865696076162, 0.0 ], [ 110.163364989117483, 25.216754579687294, 0.0 ], [ 110.163235057411285, 25.216645579079287, 0.0 ] ] ] } },
{ "type": "Feature", "properties": { }, "geometry": { "type": "Polygon", "coordinates": [ [ [ 110.160630633107729, 25.214994393280207, 0.0 ], [ 110.159659062812921, 25.21442047009667, 0.0 ], [ 110.158993499199042, 25.21528301228259, 0.0 ], [ 110.158497835796311, 25.21603831810587, 0.0 ], [ 110.159719588165672, 25.216704977712968, 0.0 ], [ 110.160671453721477, 25.217305416829298, 0.0 ], [ 110.161555902747253, 25.217790651984362, 0.0 ], [ 110.162218050406452, 25.216925927786122, 0.0 ], [ 110.162573801392128, 25.216142221060373, 0.0 ], [ 110.161602212634122, 25.215568310268271, 0.0 ], [ 110.160630633107729, 25.214994393280207, 0.0 ] ] ] } },
{ "type": "Feature", "properties": { }, "geometry": { "type": "Polygon", "coordinates": [ [ [ 110.161962126107326, 25.212938206207795, 0.0 ], [ 110.16095858292492, 25.212259832846506, 0.0 ], [ 110.160246719098936, 25.213045742579759, 0.0 ], [ 110.159657597876887, 25.21399234430341, 0.0 ], [ 110.160589686255889, 25.214682499791476, 0.0 ], [ 110.161643538200764, 25.21529451719999, 0.0 ], [ 110.162681977363405, 25.215927353355884, 0.0 ], [ 110.163468647773527, 25.215159514115527, 0.0 ], [ 110.16396924614503, 25.214294933164524, 0.0 ], [ 110.162965680513906, 25.213616572980676, 0.0 ], [ 110.161962126107326, 25.212938206207795, 0.0 ] ] ] } },
{ "type": "Feature", "properties": { }, "geometry": { "type": "Polygon", "coordinates": [ [ [ 110.156630501121384, 25.212868407820501, 0.0 ], [ 110.156149119297183, 25.212628407589907, 0.0 ], [ 110.154917375483322, 25.214022068446244, 0.0 ], [ 110.155419860386758, 25.214222983800912, 0.0 ], [ 110.155909955921501, 25.214447805503731, 0.0 ], [ 110.156386289219995, 25.214695903248771, 0.0 ], [ 110.15684794641173, 25.214966012093701, 0.0 ], [ 110.157304905006342, 25.215242737043859, 0.0 ], [ 110.157761865692933, 25.21551946062452, 0.0 ], [ 110.158181893813492, 25.215513708726711, 0.0 ], [ 110.158431877604542, 25.215069112811438, 0.0 ], [ 110.158681891827641, 25.2146245314106, 0.0 ], [ 110.158889838326616, 25.214175880492736, 0.0 ], [ 110.158554084762315, 25.213831674837248, 0.0 ], [ 110.158073185961058, 25.213590860368029, 0.0 ], [ 110.157592289087205, 25.213350044375471, 0.0 ], [ 110.157111394140586, 25.213109226859615, 0.0 ], [ 110.156630501121384, 25.212868407820501, 0.0 ] ] ] } },
{ "type": "Feature", "properties": { }, "geometry": { "type": "Polygon", "coordinates": [ [ [ 110.159527919751355, 25.211292710395632, 0.0 ], [ 110.159347129477439, 25.21117049490493, 0.0 ], [ 110.159166339567719, 25.211048279200458, 0.0 ], [ 110.158983766897634, 25.210928290837053, 0.0 ], [ 110.158820588835994, 25.210909301828792, 0.0 ], [ 110.158703001177685, 25.211084070246372, 0.0 ], [ 110.158407564828863, 25.21120577982521, 0.0 ], [ 110.158215456178979, 25.211098805450991, 0.0 ], [ 110.158023347869914, 25.210991830834264, 0.0 ], [ 110.157831239901725, 25.210884855975049, 0.0 ], [ 110.157639132274355, 25.210777880873326, 0.0 ], [ 110.157486416671972, 25.210871627421131, 0.0 ], [ 110.15734686854411, 25.211032470630478, 0.0 ], [ 110.157207320046837, 25.211193313695158, 0.0 ], [ 110.157067771180166, 25.211354156615148, 0.0 ], [ 110.156928221944099, 25.211514999390456, 0.0 ], [ 110.156788672338692, 25.211675842021087, 0.0 ], [ 110.156649122363788, 25.211836684507034, 0.0 ], [ 110.156509572019459, 25.211997526848283, 0.0 ], [ 110.156370021305719, 25.212158369044847, 0.0 ], [ 110.156309597886818, 25.212336260845372, 0.0 ], [ 110.156418402868368, 25.212494298872294, 0.0 ], [ 110.156615723865187, 25.212593113239702, 0.0 ], [ 110.156813045186581, 25.212691927350665, 0.0 ], [ 110.157010366832452, 25.212790741205165, 0.0 ], [ 110.157207688802757, 25.212889554803212, 0.0 ], [ 110.157405011097609, 25.212988368144796, 0.0 ], [ 110.157602333716909, 25.213087181229916, 0.0 ], [ 110.157799656660742, 25.213185994058566, 0.0 ], [ 110.157996979929081, 25.21328480663075, 0.0 ], [ 110.158194303521853, 25.213383618946455, 0.0 ], [ 110.158391627439173, 25.21348243100568, 0.0 ], [ 110.158588951680983, 25.21358124280842, 0.0 ], [ 110.158786276247199, 25.213680054354679, 0.0 ], [ 110.158987441521134, 25.213738247424146, 0.0 ], [ 110.159200415151375, 25.21367153884075, 0.0 ], [ 110.159313943636704, 25.213500587027145, 0.0 ], [ 110.159416528133008, 25.213318163909875, 0.0 ], [ 110.159519112317042, 25.213135740709067, 0.0 ], [ 110.15962169618895, 25.212953317424734, 0.0 ], [ 110.159724279748602, 25.212770894056884, 0.0 ], [ 110.159826862996141, 25.212588470605503, 0.0 ], [ 110.159929445931411, 25.212406047070605, 0.0 ], [ 110.160032028554596, 25.212223623452171, 0.0 ], [ 110.160134610865455, 25.212041199750228, 0.0 ], [ 110.160138588648408, 25.211846264185759, 0.0 ], [ 110.160070292759016, 25.211659355584999, 0.0 ], [ 110.159889501392186, 25.211537140735668, 0.0 ], [ 110.159708710389708, 25.211414925672536, 0.0 ], [ 110.159527919751355, 25.211292710395632, 0.0 ] ] ] } },
{ "type": "Feature", "properties": { }, "geometry": { "type": "Polygon", "coordinates": [ [ [ 110.155665864449389, 25.212411651005525, 0.0 ], [ 110.153089522266939, 25.211334465848466, 0.0 ], [ 110.152610747806449, 25.211682791487402, 0.0 ], [ 110.152474732548185, 25.211837973872786, 0.0 ], [ 110.152338716942538, 25.21199315612083, 0.0 ], [ 110.152202700989676, 25.212148338231533, 0.0 ], [ 110.152066684689487, 25.212303520204888, 0.0 ], [ 110.151930668041928, 25.212458702040898, 0.0 ], [ 110.151794651047112, 25.212613883739561, 0.0 ], [ 110.151658633704926, 25.212769065300868, 0.0 ], [ 110.151522616015413, 25.212924246724825, 0.0 ], [ 110.151386597712658, 25.213079427818457, 0.0 ], [ 110.154466543927995, 25.213865644285157, 0.0 ], [ 110.154646611236089, 25.213853299707115, 0.0 ], [ 110.155716603209385, 25.212604684518812, 0.0 ], [ 110.155665864449389, 25.212411651005525, 0.0 ] ] ] } },
{ "type": "Feature", "properties": { }, "geometry": { "type": "Polygon", "coordinates": [ [ [ 110.15534472774192, 25.209255460039518, 0.0 ], [ 110.155046884457022, 25.209126843627761, 0.0 ], [ 110.154761196917889, 25.209229234378313, 0.0 ], [ 110.154555657164707, 25.209463750879589, 0.0 ], [ 110.154350116618573, 25.209698267067314, 0.0 ], [ 110.154144575279389, 25.209932782941472, 0.0 ], [ 110.153939033147154, 25.210167298502046, 0.0 ], [ 110.153733490221853, 25.210401813749048, 0.0 ], [ 110.153527946503402, 25.210636328682448, 0.0 ], [ 110.153295075687637, 25.211141561414443, 0.0 ], [ 110.153577125289971, 25.211279794299347, 0.0 ], [ 110.153876784628736, 25.211404880886096, 0.0 ], [ 110.154176444595208, 25.211529966879226, 0.0 ], [ 110.154476105189445, 25.211655052278729, 0.0 ], [ 110.154775766411461, 25.211780137084585, 0.0 ], [ 110.155075428261256, 25.211905221296806, 0.0 ], [ 110.155375090738801, 25.212030304915363, 0.0 ], [ 110.15567475384421, 25.21215538794025, 0.0 ], [ 110.156217972872994, 25.212042235060064, 0.0 ], [ 110.156422243120161, 25.211806799174262, 0.0 ], [ 110.156626512575855, 25.211571362978439, 0.0 ], [ 110.156830781239918, 25.2113359264726, 0.0 ], [ 110.157035049112537, 25.211100489656761, 0.0 ], [ 110.157239316193724, 25.210865052530924, 0.0 ], [ 110.157443582483381, 25.210629615095105, 0.0 ], [ 110.157429648675972, 25.210155758512165, 0.0 ], [ 110.157131800906186, 25.210027146202897, 0.0 ], [ 110.156833953777067, 25.209898533307527, 0.0 ], [ 110.156536107288574, 25.209769919826055, 0.0 ], [ 110.156238261440933, 25.20964130575852, 0.0 ], [ 110.155940416233847, 25.209512691104901, 0.0 ], [ 110.155642571667528, 25.209384075865238, 0.0 ], [ 110.15534472774192, 25.209255460039518, 0.0 ] ] ] } },
{ "type": "Feature", "properties": { }, "geometry": { "type": "Polygon", "coordinates": [ [ [ 110.151896862614663, 25.207742452374955, 0.0 ], [ 110.151638608350993, 25.207685988275482, 0.0 ], [ 110.151326622408192, 25.207920483952655, 0.0 ], [ 110.151022537440511, 25.208165982974108, 0.0 ], [ 110.150718451256779, 25.208411481330263, 0.0 ], [ 110.150414363857038, 25.208656979021107, 0.0 ], [ 110.150206886671384, 25.208897283590407, 0.0 ], [ 110.149461833883208, 25.209130862227692, 0.0 ], [ 110.149385398611585, 25.209477028168063, 0.0 ], [ 110.149680195012678, 25.209697174790559, 0.0 ], [ 110.150051736978753, 25.209847346761176, 0.0 ], [ 110.150423279880457, 25.209997517818806, 0.0 ], [ 110.150794823717774, 25.210147687963406, 0.0 ], [ 110.151166368490735, 25.210297857194981, 0.0 ], [ 110.151537914199224, 25.210448025513493, 0.0 ], [ 110.151909460843399, 25.210598192918933, 0.0 ], [ 110.152281008423174, 25.210748359411287, 0.0 ], [ 110.152652556938534, 25.210898524990515, 0.0 ], [ 110.153027893613938, 25.210917289248567, 0.0 ], [ 110.153281360142856, 25.2106280993988, 0.0 ], [ 110.153534825465698, 25.210338909072131, 0.0 ], [ 110.153788289582536, 25.210049718268607, 0.0 ], [ 110.154041752493512, 25.20976052698823, 0.0 ], [ 110.154295214198441, 25.209471335231012, 0.0 ], [ 110.154548674697523, 25.209182142996969, 0.0 ], [ 110.154456967674179, 25.20887210075211, 0.0 ], [ 110.154089686512648, 25.208713495950747, 0.0 ], [ 110.153722406325343, 25.208554890258302, 0.0 ], [ 110.153355127112363, 25.208396283674784, 0.0 ], [ 110.152987848873764, 25.208237676200227, 0.0 ], [ 110.152620571609518, 25.208079067834635, 0.0 ], [ 110.152254263863185, 25.207918641457244, 0.0 ], [ 110.151896862614663, 25.207742452374955, 0.0 ] ] ] } },
{ "type": "Feature", "properties": { }, "geometry": { "type": "Polygon", "coordinates": [ [ [ 110.151185327455195, 25.21301948869149, 0.0 ], [ 110.152569784366776, 25.21112187587272, 0.0 ], [ 110.149569521517606, 25.209909248813538, 0.0 ], [ 110.149083377033278, 25.210094019051319, 0.0 ], [ 110.148199278897934, 25.212343945248065, 0.0 ], [ 110.148117762021243, 25.212593635044914, 0.0 ], [ 110.148358622657682, 25.21279794035167, 0.0 ], [ 110.149310188126819, 25.212621087815588, 0.0 ], [ 110.149960868608858, 25.212691371863553, 0.0 ], [ 110.150585577992089, 25.212874070115504, 0.0 ], [ 110.151185327455195, 25.21301948869149, 0.0 ] ] ] } },
{ "type": "Feature", "properties": { }, "geometry": { "type": "Polygon", "coordinates": [ [ [ 110.147635059352424, 25.212967046743007, 0.0 ], [ 110.148717876026183, 25.210219728053683, 0.0 ], [ 110.148487848062061, 25.209472043738486, 0.0 ], [ 110.145463016519372, 25.208551104408699, 0.0 ], [ 110.142259933679938, 25.208581321573792, 0.0 ], [ 110.142268333354735, 25.209505041782613, 0.0 ], [ 110.142395814221231, 25.21041059426949, 0.0 ], [ 110.14346420417661, 25.210452729142467, 0.0 ], [ 110.144393407240401, 25.210530778182985, 0.0 ], [ 110.144466105016164, 25.211395770495727, 0.0 ], [ 110.14445867113767, 25.212368617913981, 0.0 ], [ 110.144487164734102, 25.21331204105045, 0.0 ], [ 110.145555006008436, 25.213346315006611, 0.0 ], [ 110.146616255652702, 25.213234229173164, 0.0 ], [ 110.147635059352424, 25.212967046743007, 0.0 ] ], [ [ 110.147341277270357, 25.212345685818434, 0.0 ], [ 110.147200033183765, 25.211946220097392, 0.0 ], [ 110.147600895086939, 25.212032705892977, 0.0 ], [ 110.147616802064476, 25.21243508199866, 0.0 ], [ 110.147627060192079, 25.212789499820268, 0.0 ], [ 110.147482522242299, 25.212745151407297, 0.0 ], [ 110.147341277270357, 25.212345685818434, 0.0 ] ] ] } },
{ "type": "Feature", "properties": { }, "geometry": { "type": "Polygon", "coordinates": [ [ [ 110.149098943633533, 25.209249936527694, 0.0 ], [ 110.149807107963539, 25.207447661311917, 0.0 ], [ 110.149265794723703, 25.205910773531702, 0.0 ], [ 110.147628022124991, 25.204709470481614, 0.0 ], [ 110.145990281879307, 25.203508149938887, 0.0 ], [ 110.144352573985216, 25.202306811906464, 0.0 ], [ 110.143240999551679, 25.201491394902181, 0.0 ], [ 110.141848063609146, 25.202613884799142, 0.0 ], [ 110.143523191023604, 25.202126616014517, 0.0 ], [ 110.144438066455734, 25.20332766071002, 0.0 ], [ 110.142736368718332, 25.204332168605983, 0.0 ], [ 110.141561593028669, 25.20391459064836, 0.0 ], [ 110.141005955392103, 25.203724417334328, 0.0 ], [ 110.139811295685448, 25.205299833364887, 0.0 ], [ 110.138616604881335, 25.206875238598641, 0.0 ], [ 110.138858500878499, 25.20799093345267, 0.0 ], [ 110.14094866709992, 25.208208579941878, 0.0 ], [ 110.143042317664367, 25.208381452883067, 0.0 ], [ 110.145143322171307, 25.208296853700961, 0.0 ], [ 110.147190526239967, 25.20869451994146, 0.0 ], [ 110.149098943633533, 25.209249936527694, 0.0 ] ], [ [ 110.142551367972743, 25.205344787645721, 0.0 ], [ 110.143153046119778, 25.204488652391326, 0.0 ], [ 110.144249128492874, 25.204905231943926, 0.0 ], [ 110.145413571136089, 25.205315431946651, 0.0 ], [ 110.145976350460387, 25.206170827035926, 0.0 ], [ 110.144885331394022, 25.206701873199457, 0.0 ], [ 110.143914992584968, 25.207445713995746, 0.0 ], [ 110.142862856643774, 25.207909093005359, 0.0 ], [ 110.142604408658897, 25.20723624152518, 0.0 ], [ 110.142978034039047, 25.206398985670784, 0.0 ], [ 110.142551367972743, 25.205344787645721, 0.0 ] ], [ [ 110.146632761462868, 25.205781747843094, 0.0 ], [ 110.147219229656457, 25.205371082417621, 0.0 ], [ 110.14777606475711, 25.205852889760234, 0.0 ], [ 110.148187164475814, 25.206339265136716, 0.0 ], [ 110.147882065312444, 25.20712462717794, 0.0 ], [ 110.147388344726593, 25.207666084072649, 0.0 ], [ 110.146523685781787, 25.207392067825204, 0.0 ], [ 110.145728019424922, 25.207359227104291, 0.0 ], [ 110.14560128386853, 25.207110762095876, 0.0 ], [ 110.146076956388171, 25.206398998835152, 0.0 ], [ 110.146632761462868, 25.205781747843094, 0.0 ] ] ] } },
{ "type": "Feature", "properties": { }, "geometry": { "type": "Polygon", "coordinates": [ [ [ 110.152860259214336, 25.202211420994153, 0.0 ], [ 110.152057104557699, 25.200590240136698, 0.0 ], [ 110.153046698675823, 25.199200788807193, 0.0 ], [ 110.15255148371682, 25.198876113941719, 0.0 ], [ 110.150813016671179, 25.199504838329233, 0.0 ], [ 110.149335795661102, 25.199101353095202, 0.0 ], [ 110.148421134805631, 25.197709177557229, 0.0 ], [ 110.147066274668674, 25.197145787143423, 0.0 ], [ 110.145590262677658, 25.198143800247941, 0.0 ], [ 110.144370156446442, 25.199532999119761, 0.0 ], [ 110.143317752283792, 25.200970125046755, 0.0 ], [ 110.144746044175804, 25.202131647528567, 0.0 ], [ 110.146267624195275, 25.203247796471647, 0.0 ], [ 110.147789232140482, 25.204363930317363, 0.0 ], [ 110.149310868012677, 25.205480049063318, 0.0 ], [ 110.150832531812995, 25.206596152707149, 0.0 ], [ 110.152401046797848, 25.207016204231138, 0.0 ], [ 110.153975982062178, 25.205963032490146, 0.0 ], [ 110.15429490973861, 25.205283471934493, 0.0 ], [ 110.153694319946865, 25.203622870696449, 0.0 ], [ 110.152860259214336, 25.202211420994153, 0.0 ] ], [ [ 110.144173930120942, 25.200516830859709, 0.0 ], [ 110.144666338011376, 25.200355909941983, 0.0 ], [ 110.145297777893887, 25.200480117136582, 0.0 ], [ 110.145640307837454, 25.200943103507978, 0.0 ], [ 110.146079026340232, 25.201332861174489, 0.0 ], [ 110.145773155638054, 25.201836833839319, 0.0 ], [ 110.145179037898217, 25.20205346442043, 0.0 ], [ 110.144672532470011, 25.20180385929741, 0.0 ], [ 110.144108514461834, 25.201520983947809, 0.0 ], [ 110.143929997832373, 25.200980708653574, 0.0 ], [ 110.144173930120942, 25.200516830859709, 0.0 ] ] ] } },
{ "type": "Feature", "properties": { }, "geometry": { "type": "Polygon", "coordinates": [ [ [ 110.168121232253583, 25.215191794975397, 0.0 ], [ 110.167400387896649, 25.214857281158736, 0.0 ], [ 110.166835187226752, 25.21532299926, 0.0 ], [ 110.166793865314844, 25.215825111525081, 0.0 ], [ 110.167432559279462, 25.216278966315933, 0.0 ], [ 110.168166163916638, 25.216088497745652, 0.0 ], [ 110.168956079435603, 25.215928667516973, 0.0 ], [ 110.169764670684117, 25.215884478170178, 0.0 ], [ 110.169551887822976, 25.215768290402288, 0.0 ], [ 110.168772205889212, 25.21556719217913, 0.0 ], [ 110.168121232253583, 25.215191794975397, 0.0 ] ] ] } },
{ "type": "Feature", "properties": { }, "geometry": { "type": "Polygon", "coordinates": [ [ [ 110.17140836387982, 25.21554921507482, 0.0 ], [ 110.171193016205194, 25.21553678330492, 0.0 ], [ 110.170945140630025, 25.215698815310692, 0.0 ], [ 110.170661705516935, 25.215810299169114, 0.0 ], [ 110.170357075681025, 25.215862704241644, 0.0 ], [ 110.170585728738502, 25.215862401086728, 0.0 ], [ 110.170895622304826, 25.215854067387081, 0.0 ], [ 110.171205515848825, 25.215845733035632, 0.0 ], [ 110.171515409370514, 25.21583739803339, 0.0 ], [ 110.171622387993452, 25.215753262791306, 0.0 ], [ 110.17140836387982, 25.21554921507482, 0.0 ] ] ] } },
{ "type": "Feature", "properties": { }, "geometry": { "type": "Polygon", "coordinates": [ [ [ 110.176705268082515, 25.215088241276394, 0.0 ], [ 110.176762064086191, 25.214688250144842, 0.0 ], [ 110.176266219491083, 25.214938080366224, 0.0 ], [ 110.175769477981845, 25.21519078708706, 0.0 ], [ 110.175677068798109, 25.215660740150035, 0.0 ], [ 110.17567359767034, 25.216178479416531, 0.0 ], [ 110.175924523744243, 25.216467280256104, 0.0 ], [ 110.176281757752548, 25.216190697724038, 0.0 ], [ 110.176348855707502, 25.215710366131542, 0.0 ], [ 110.17678418856481, 25.215544494108876, 0.0 ], [ 110.176705268082515, 25.215088241276394, 0.0 ] ] ] } },
{ "type": "Feature", "properties": { }, "geometry": { "type": "Polygon", "coordinates": [ [ [ 110.174164413920096, 25.216318389936109, 0.0 ], [ 110.173939755349352, 25.216062550820105, 0.0 ], [ 110.173346525880973, 25.216218571628325, 0.0 ], [ 110.173013823864906, 25.21656120762977, 0.0 ], [ 110.173259395079228, 25.217076549427528, 0.0 ], [ 110.173580211838157, 25.217556971482743, 0.0 ], [ 110.17395421823899, 25.217894858684197, 0.0 ], [ 110.174513185259642, 25.217654863186748, 0.0 ], [ 110.174307779890512, 25.217368708050376, 0.0 ], [ 110.174160637946983, 25.216880655169827, 0.0 ], [ 110.174164413920096, 25.216318389936109, 0.0 ] ] ] } },
{ "type": "Feature", "properties": { }, "geometry": { "type": "Polygon", "coordinates": [ [ [ 110.179458812715424, 25.207329601450919, 0.0 ], [ 110.179014474951941, 25.206541695556858, 0.0 ], [ 110.178140950420513, 25.20679724436917, 0.0 ], [ 110.177280473382368, 25.20721087804284, 0.0 ], [ 110.17646891837569, 25.207699628055714, 0.0 ], [ 110.175662403587225, 25.208195451839, 0.0 ], [ 110.176335292128869, 25.209579201911719, 0.0 ], [ 110.177002871592663, 25.210223616444125, 0.0 ], [ 110.177676413445795, 25.210862950040969, 0.0 ], [ 110.178349962329776, 25.211502280691931, 0.0 ], [ 110.179023518244833, 25.212141608396742, 0.0 ], [ 110.179759056662107, 25.212676726384739, 0.0 ], [ 110.180620304219289, 25.212309225049616, 0.0 ], [ 110.181469889485626, 25.211876967313014, 0.0 ], [ 110.181946365965189, 25.211586514277535, 0.0 ], [ 110.181236220672417, 25.210481211899836, 0.0 ], [ 110.180791860269593, 25.209693311199757, 0.0 ], [ 110.180347505476036, 25.208905409224815, 0.0 ], [ 110.179903156291388, 25.208117505975153, 0.0 ], [ 110.179458812715424, 25.207329601450919, 0.0 ] ] ] } },
{ "type": "Feature", "properties": { }, "geometry": { "type": "Polygon", "coordinates": [ [ [ 110.130336841615815, 25.217991899441195, 0.0 ], [ 110.130111234727082, 25.217863050936, 0.0 ], [ 110.130043352752224, 25.217871025671421, 0.0 ], [ 110.129975470769423, 25.217879000375433, 0.0 ], [ 110.129907588778863, 25.217886975048025, 0.0 ], [ 110.129839706780331, 25.217894949689185, 0.0 ], [ 110.129771824774025, 25.217902924298929, 0.0 ], [ 110.129703942759861, 25.217910898877253, 0.0 ], [ 110.129636060737752, 25.21791887342415, 0.0 ], [ 110.129568178707856, 25.217926847939623, 0.0 ], [ 110.129500296670017, 25.217934822423679, 0.0 ], [ 110.129432414624318, 25.217942796876315, 0.0 ], [ 110.129364532570833, 25.217950771297531, 0.0 ], [ 110.129296650509403, 25.217958745687323, 0.0 ], [ 110.1292287684402, 25.217966720045691, 0.0 ], [ 110.129160886363124, 25.217974694372632, 0.0 ], [ 110.129093004278104, 25.217982668668153, 0.0 ], [ 110.12902512218524, 25.217990642932261, 0.0 ], [ 110.128957240084588, 25.217998617164955, 0.0 ], [ 110.12888935797605, 25.218006591366212, 0.0 ], [ 110.128821475859596, 25.218014565536034, 0.0 ], [ 110.128753593735269, 25.218022539674458, 0.0 ], [ 110.128685711603168, 25.21803051378145, 0.0 ], [ 110.128617829463195, 25.218038487857015, 0.0 ], [ 110.128549947315364, 25.218046461901171, 0.0 ], [ 110.128482065159602, 25.218054435913892, 0.0 ], [ 110.128414182995968, 25.218062409895197, 0.0 ], [ 110.128346300824546, 25.218070383845074, 0.0 ], [ 110.128278418645195, 25.218078357763538, 0.0 ], [ 110.12821053645807, 25.218086331650575, 0.0 ], [ 110.128142654262987, 25.218094305506188, 0.0 ], [ 110.128074772060131, 25.218102279330381, 0.0 ], [ 110.128006889849345, 25.218110253123154, 0.0 ], [ 110.127939007630758, 25.218118226884496, 0.0 ], [ 110.127871125404241, 25.218126200614421, 0.0 ], [ 110.127803243169936, 25.218134174312919, 0.0 ], [ 110.127735360927787, 25.21814214798, 0.0 ], [ 110.127667478677679, 25.218150121615665, 0.0 ], [ 110.127599596419728, 25.218158095219895, 0.0 ], [ 110.127531714198199, 25.218166069104463, 0.0 ], [ 110.127347768773646, 25.218420545383484, 0.0 ], [ 110.12736236844664, 25.21848066485099, 0.0 ], [ 110.127386476551351, 25.218538938604823, 0.0 ], [ 110.127411037040162, 25.218597055827782, 0.0 ], [ 110.127436048802494, 25.218655013571805, 0.0 ], [ 110.127461474407937, 25.218712822191925, 0.0 ], [ 110.127486989994452, 25.218770598062736, 0.0 ], [ 110.127512505604258, 25.21882837392933, 0.0 ], [ 110.127538021237427, 25.218886149791725, 0.0 ], [ 110.127563536894044, 25.218943925649906, 0.0 ], [ 110.127589052573953, 25.219001701503885, 0.0 ], [ 110.127614568277224, 25.219059477353657, 0.0 ], [ 110.127640084003872, 25.219117253199219, 0.0 ], [ 110.127665599753868, 25.219175029040571, 0.0 ], [ 110.127691115527327, 25.219232804877731, 0.0 ], [ 110.127716631324077, 25.219290580710695, 0.0 ], [ 110.12774214714419, 25.21934835653942, 0.0 ], [ 110.127767662987736, 25.219406132363943, 0.0 ], [ 110.127793178854589, 25.219463908184267, 0.0 ], [ 110.127818694744803, 25.219521684000384, 0.0 ], [ 110.127844210658395, 25.219579459812287, 0.0 ], [ 110.12786972659535, 25.219637235619999, 0.0 ], [ 110.127895242555752, 25.2196950114235, 0.0 ], [ 110.127920758539361, 25.219752787222784, 0.0 ], [ 110.127946274546503, 25.219810563017873, 0.0 ], [ 110.127972411361483, 25.219867957133626, 0.0 ], [ 110.128025739478502, 25.219906644924855, 0.0 ], [ 110.128320950678813, 25.220048131861411, 0.0 ], [ 110.128389396651755, 25.220048454913044, 0.0 ], [ 110.128457842626162, 25.220048777932988, 0.0 ], [ 110.128526288601947, 25.220049100921241, 0.0 ], [ 110.128594734579124, 25.2200494238778, 0.0 ], [ 110.128663180557766, 25.220049746802683, 0.0 ], [ 110.1287316265377, 25.220050069695869, 0.0 ], [ 110.128800072519027, 25.220050392557365, 0.0 ], [ 110.128868518501662, 25.220050715387178, 0.0 ], [ 110.12893696448576, 25.220051038185296, 0.0 ], [ 110.129005410471322, 25.220051360951725, 0.0 ], [ 110.129073856458191, 25.220051683686464, 0.0 ], [ 110.129142302446439, 25.220052006389508, 0.0 ], [ 110.129210748436066, 25.220052329060877, 0.0 ], [ 110.129279194427085, 25.220052651700541, 0.0 ], [ 110.129347640419411, 25.220052974308526, 0.0 ], [ 110.129416086413286, 25.220053296884814, 0.0 ], [ 110.129484532408441, 25.220053619429414, 0.0 ], [ 110.129552978404917, 25.220053941942329, 0.0 ], [ 110.129621424402927, 25.220054264423553, 0.0 ], [ 110.129689870402245, 25.220054586873079, 0.0 ], [ 110.129758316402956, 25.220054909290923, 0.0 ], [ 110.129826762405045, 25.22005523167708, 0.0 ], [ 110.129895208408499, 25.220055554031546, 0.0 ], [ 110.129963654413345, 25.220055876354326, 0.0 ], [ 110.130032100419513, 25.220056198645416, 0.0 ], [ 110.130100546427201, 25.220056520904805, 0.0 ], [ 110.130168992436197, 25.220056843132518, 0.0 ], [ 110.130237438446571, 25.220057165328534, 0.0 ], [ 110.130305884458267, 25.220057487492859, 0.0 ], [ 110.130374330471483, 25.220057809625498, 0.0 ], [ 110.130442776486021, 25.220058131726454, 0.0 ], [ 110.130511222503372, 25.220058453528683, 0.0 ], [ 110.130579668776605, 25.220058724376425, 0.0 ], [ 110.130648115552731, 25.220058852373509, 0.0 ], [ 110.130716562472486, 25.220058836944929, 0.0 ], [ 110.130785009123926, 25.220058664519698, 0.0 ], [ 110.130840015183409, 25.22003333865387, 0.0 ], [ 110.130880514758232, 25.219983143715677, 0.0 ], [ 110.130921014299517, 25.219932948765152, 0.0 ], [ 110.1309614710961, 25.219882726428654, 0.0 ], [ 110.130940481116639, 25.219770088701011, 0.0 ], [ 110.130914963583407, 25.219712313422598, 0.0 ], [ 110.130889446073553, 25.219654538139988, 0.0 ], [ 110.13086392858709, 25.219596762853165, 0.0 ], [ 110.130838411123975, 25.219538987562135, 0.0 ], [ 110.130812893684165, 25.219481212266917, 0.0 ], [ 110.130787376267961, 25.219423436967443, 0.0 ], [ 110.130761858874806, 25.219365661663804, 0.0 ], [ 110.13073634150534, 25.219307886355914, 0.0 ], [ 110.130710824159024, 25.219250111043863, 0.0 ], [ 110.130685306836213, 25.219192335727548, 0.0 ], [ 110.130659815726887, 25.219134550863984, 0.0 ], [ 110.130634919760524, 25.219076552082221, 0.0 ], [ 110.130610878650884, 25.219018255629383, 0.0 ], [ 110.130587699083378, 25.218959671144447, 0.0 ], [ 110.130565382973117, 25.218900809876583, 0.0 ], [ 110.130543936454075, 25.21884168170261, 0.0 ], [ 110.130523362943762, 25.218782297386596, 0.0 ], [ 110.130503664867831, 25.218722667941066, 0.0 ], [ 110.130484846883618, 25.218662803748224, 0.0 ], [ 110.130466911140303, 25.218602715858982, 0.0 ], [ 110.130449862825287, 25.218542414568251, 0.0 ], [ 110.130433704328084, 25.218481910875198, 0.0 ], [ 110.13041843664071, 25.218421216036415, 0.0 ], [ 110.130404064544152, 25.218360340504301, 0.0 ], [ 110.130390589911457, 25.218299295345357, 0.0 ], [ 110.130378016354811, 25.218238091304467, 0.0 ], [ 110.130366344022562, 25.218176739718725, 0.0 ], [ 110.130355576144879, 25.21811525140259, 0.0 ], [ 110.130345714955467, 25.218053637353556, 0.0 ], [ 110.130336841615815, 25.217991899441195, 0.0 ] ] ] } },
{ "type": "Feature", "properties": { }, "geometry": { "type": "Polygon", "coordinates": [ [ [ 110.124651990438224, 25.212502640595947, 0.0 ], [ 110.124581984718077, 25.212489522112605, 0.0 ], [ 110.124552075976766, 25.212507178885708, 0.0 ], [ 110.124578076471991, 25.212567747181712, 0.0 ], [ 110.124604076992128, 25.212628315473328, 0.0 ], [ 110.124630077537205, 25.212688883760581, 0.0 ], [ 110.124656078107179, 25.212749452043461, 0.0 ], [ 110.124682078702079, 25.21281002032196, 0.0 ], [ 110.124708079321906, 25.212870588596093, 0.0 ], [ 110.124734079966657, 25.212931156865867, 0.0 ], [ 110.124760080636321, 25.212991725131246, 0.0 ], [ 110.124786081330925, 25.213052293392273, 0.0 ], [ 110.124812082050425, 25.213112861648902, 0.0 ], [ 110.124838082794867, 25.213173429901172, 0.0 ], [ 110.124864083564219, 25.213233998149082, 0.0 ], [ 110.124890084358498, 25.213294566392598, 0.0 ], [ 110.124916085177773, 25.213355134631747, 0.0 ], [ 110.124942086021889, 25.213415702866531, 0.0 ], [ 110.124968086890931, 25.213476271096944, 0.0 ], [ 110.124994087784899, 25.213536839322977, 0.0 ], [ 110.125020280262177, 25.213597338975873, 0.0 ], [ 110.125046621378715, 25.213657785427582, 0.0 ], [ 110.125072962520392, 25.213718231874815, 0.0 ], [ 110.125099303687293, 25.21377867831756, 0.0 ], [ 110.125125644879475, 25.213839124755829, 0.0 ], [ 110.12515198609681, 25.2138995711896, 0.0 ], [ 110.125178327339427, 25.213960017618898, 0.0 ], [ 110.125204668607182, 25.214020464043717, 0.0 ], [ 110.125231009900162, 25.214080910464034, 0.0 ], [ 110.125257351218423, 25.214141356879885, 0.0 ], [ 110.125283692561837, 25.214201803291239, 0.0 ], [ 110.125310033930447, 25.214262249698116, 0.0 ], [ 110.125336375324352, 25.214322696100503, 0.0 ], [ 110.125362716743425, 25.214383142498409, 0.0 ], [ 110.125389058160479, 25.214443588901677, 0.0 ], [ 110.125415399582835, 25.21450403530762, 0.0 ], [ 110.1254417410304, 25.214564481709072, 0.0 ], [ 110.125468082503176, 25.214624928106041, 0.0 ], [ 110.125494424001246, 25.214685374498526, 0.0 ], [ 110.12552076552447, 25.214745820886527, 0.0 ], [ 110.12554710707289, 25.214806267270045, 0.0 ], [ 110.12557344864662, 25.214866713649084, 0.0 ], [ 110.125599790245488, 25.214927160023631, 0.0 ], [ 110.125626131869566, 25.214987606393692, 0.0 ], [ 110.12565247351894, 25.215048052759272, 0.0 ], [ 110.125678815193453, 25.215108499120369, 0.0 ], [ 110.12570515689319, 25.215168945476975, 0.0 ], [ 110.125731498618151, 25.215229391829098, 0.0 ], [ 110.125757840368323, 25.215289838176748, 0.0 ], [ 110.125784182143775, 25.215350284519896, 0.0 ], [ 110.125810523944395, 25.215410730858572, 0.0 ], [ 110.125836865770296, 25.21547117719275, 0.0 ], [ 110.125863207621336, 25.215531623522448, 0.0 ], [ 110.1258895494976, 25.215592069847666, 0.0 ], [ 110.125915891399089, 25.215652516168397, 0.0 ], [ 110.125942233325858, 25.215712962484645, 0.0 ], [ 110.125968986357123, 25.215772232440393, 0.0 ], [ 110.125999944252982, 25.215845391448063, 0.0 ], [ 110.126026286241995, 25.215905837756576, 0.0 ], [ 110.126052628256076, 25.215966284060602, 0.0 ], [ 110.126078970295467, 25.216026730360149, 0.0 ], [ 110.126105312360139, 25.216087176655208, 0.0 ], [ 110.126131654449878, 25.216147622945776, 0.0 ], [ 110.126157996564984, 25.216208069231868, 0.0 ], [ 110.126184338705315, 25.21626851551347, 0.0 ], [ 110.126210680870713, 25.216328961790584, 0.0 ], [ 110.126237023061492, 25.216389408063211, 0.0 ], [ 110.12626336527741, 25.216449854331358, 0.0 ], [ 110.126289707518538, 25.216510300595019, 0.0 ], [ 110.126316049784904, 25.216570746854192, 0.0 ], [ 110.126342392076481, 25.216631193108881, 0.0 ], [ 110.126342970921314, 25.216601564139005, 0.0 ], [ 110.126334015467734, 25.216537053607293, 0.0 ], [ 110.126325558057871, 25.216472487480665, 0.0 ], [ 110.126317350300852, 25.216407894552926, 0.0 ], [ 110.126309142551335, 25.216343301624388, 0.0 ], [ 110.126300934809464, 25.216278708695079, 0.0 ], [ 110.126292727075125, 25.216214115764991, 0.0 ], [ 110.126284519348346, 25.216149522834119, 0.0 ], [ 110.126276311629141, 25.216084929902468, 0.0 ], [ 110.126268103917596, 25.216020336970033, 0.0 ], [ 110.126259896213554, 25.215955744036808, 0.0 ], [ 110.126251688517172, 25.215891151102817, 0.0 ], [ 110.126243480828293, 25.215826558168036, 0.0 ], [ 110.126235273146989, 25.215761965232481, 0.0 ], [ 110.12622706547333, 25.215697372296141, 0.0 ], [ 110.126218857807189, 25.215632779359019, 0.0 ], [ 110.126210650148693, 25.215568186421113, 0.0 ], [ 110.1262024424977, 25.215503593482431, 0.0 ], [ 110.126194234854296, 25.215439000542965, 0.0 ], [ 110.126186027218537, 25.215374407602717, 0.0 ], [ 110.126177819590353, 25.215309814661694, 0.0 ], [ 110.126169611969615, 25.215245221719876, 0.0 ], [ 110.12616140435658, 25.21518062877729, 0.0 ], [ 110.126153196751062, 25.215116035833915, 0.0 ], [ 110.12614498915319, 25.215051442889767, 0.0 ], [ 110.126136781562835, 25.214986849944829, 0.0 ], [ 110.126128573980125, 25.21492225699911, 0.0 ], [ 110.126120366404919, 25.214857664052619, 0.0 ], [ 110.126112158837287, 25.214793071105337, 0.0 ], [ 110.126103951277386, 25.214728478157284, 0.0 ], [ 110.126095743724917, 25.214663885208449, 0.0 ], [ 110.126087536180023, 25.214599292258828, 0.0 ], [ 110.126079328642703, 25.214534699308423, 0.0 ], [ 110.126071121112972, 25.21447010635724, 0.0 ], [ 110.126062913590886, 25.214405513405275, 0.0 ], [ 110.126054706076374, 25.214340920452525, 0.0 ], [ 110.126046498569352, 25.214276327499004, 0.0 ], [ 110.126038291069946, 25.214211734544701, 0.0 ], [ 110.126030083578087, 25.21414714158961, 0.0 ], [ 110.126021876093816, 25.214082548633733, 0.0 ], [ 110.12601366861719, 25.214017955677086, 0.0 ], [ 110.126005461148154, 25.213953362719653, 0.0 ], [ 110.125997253686606, 25.213888769761436, 0.0 ], [ 110.125989046232647, 25.213824176802451, 0.0 ], [ 110.125980838786262, 25.213759583842673, 0.0 ], [ 110.125972631347537, 25.213694990882111, 0.0 ], [ 110.125964423916372, 25.213630397920777, 0.0 ], [ 110.125956216492725, 25.213565804958659, 0.0 ], [ 110.125948009076637, 25.213501211995755, 0.0 ], [ 110.12593980166821, 25.213436619032073, 0.0 ], [ 110.125931594267286, 25.213372026067614, 0.0 ], [ 110.125923386874021, 25.213307433102365, 0.0 ], [ 110.12591517948826, 25.213242840136346, 0.0 ], [ 110.125906972110144, 25.213178247169537, 0.0 ], [ 110.125898764739517, 25.213113654201958, 0.0 ], [ 110.125890557376479, 25.21304906123359, 0.0 ], [ 110.12588235002103, 25.212984468264441, 0.0 ], [ 110.125874142673226, 25.212919875294507, 0.0 ], [ 110.125865935332982, 25.212855282323797, 0.0 ], [ 110.125857728141114, 25.212790689337499, 0.0 ], [ 110.125839138001908, 25.212731050499301, 0.0 ], [ 110.125772084141758, 25.212712531872267, 0.0 ], [ 110.125702078165006, 25.212699413913295, 0.0 ], [ 110.125632072204212, 25.212686295921561, 0.0 ], [ 110.125562066259548, 25.212673177897038, 0.0 ], [ 110.125492060330842, 25.212660059839756, 0.0 ], [ 110.125422054418252, 25.212646941749693, 0.0 ], [ 110.12535204852162, 25.212633823626859, 0.0 ], [ 110.125282042641132, 25.212620705471245, 0.0 ], [ 110.125212036776588, 25.212607587282861, 0.0 ], [ 110.125142030928174, 25.212594469061706, 0.0 ], [ 110.125072025095804, 25.212581350807774, 0.0 ], [ 110.125002019279393, 25.212568232521065, 0.0 ], [ 110.124932013479025, 25.212555114201592, 0.0 ], [ 110.124862007694787, 25.212541995849339, 0.0 ], [ 110.124792001926579, 25.212528877464319, 0.0 ], [ 110.124721996174344, 25.212515759046518, 0.0 ], [ 110.124651990438224, 25.212502640595947, 0.0 ] ] ] } },
{ "type": "Feature", "properties": { }, "geometry": { "type": "Polygon", "coordinates": [ [ [ 110.127060537020029, 25.215484206294693, 0.0 ], [ 110.126984177934219, 25.215482345732745, 0.0 ], [ 110.126917207526304, 25.215499781997345, 0.0 ], [ 110.126728525415118, 25.21571342522984, 0.0 ], [ 110.126737296575968, 25.215782454571119, 0.0 ], [ 110.126746068309544, 25.215851483852195, 0.0 ], [ 110.126754840051746, 25.215920513132371, 0.0 ], [ 110.12676361180263, 25.215989542411652, 0.0 ], [ 110.126772383562241, 25.216058571690048, 0.0 ], [ 110.126781155330434, 25.21612760096755, 0.0 ], [ 110.126789927107268, 25.216196630244159, 0.0 ], [ 110.12679869889277, 25.216265659519877, 0.0 ], [ 110.126807470686927, 25.216334688794699, 0.0 ], [ 110.126816242489824, 25.216403718068634, 0.0 ], [ 110.126825184420653, 25.216472729140385, 0.0 ], [ 110.126834707884413, 25.216541675751987, 0.0 ], [ 110.126844829200536, 25.216610551840613, 0.0 ], [ 110.126855547520321, 25.216679353149079, 0.0 ], [ 110.126866862723602, 25.216748075321306, 0.0 ], [ 110.126878774880652, 25.216816713957353, 0.0 ], [ 110.126891280891513, 25.216885265125118, 0.0 ], [ 110.126904383214011, 25.216953724061103, 0.0 ], [ 110.12691807855046, 25.217022086879432, 0.0 ], [ 110.126932366730784, 25.217090349214665, 0.0 ], [ 110.126947247356924, 25.217158506722324, 0.0 ], [ 110.126962718713003, 25.21722655529625, 0.0 ], [ 110.126978780111372, 25.217294490648744, 0.0 ], [ 110.126995431315365, 25.217362308388328, 0.0 ], [ 110.127012670102317, 25.217430004526381, 0.0 ], [ 110.127030496582279, 25.217497574591548, 0.0 ], [ 110.127048908697304, 25.217565014577222, 0.0 ], [ 110.127067905159905, 25.217632320315342, 0.0 ], [ 110.127087485504276, 25.217699487445067, 0.0 ], [ 110.127107648583348, 25.217766511755134, 0.0 ], [ 110.127128392265675, 25.217833389287758, 0.0 ], [ 110.127361598570346, 25.218004025064065, 0.0 ], [ 110.1274373577576, 25.217995126907887, 0.0 ], [ 110.127513116852342, 25.217986228129636, 0.0 ], [ 110.127588875937207, 25.217977329312241, 0.0 ], [ 110.12766463501238, 25.217968430455716, 0.0 ], [ 110.127740394077748, 25.217959531560048, 0.0 ], [ 110.127816153133338, 25.217950632625243, 0.0 ], [ 110.127891912179138, 25.217941733651298, 0.0 ], [ 110.12796767121506, 25.217932834638216, 0.0 ], [ 110.128043430241277, 25.217923935585993, 0.0 ], [ 110.128119189257703, 25.217915036494642, 0.0 ], [ 110.128194948264266, 25.217906137364146, 0.0 ], [ 110.128270707261095, 25.217897238194507, 0.0 ], [ 110.128346466248146, 25.217888338985748, 0.0 ], [ 110.128422225225407, 25.217879439737835, 0.0 ], [ 110.128497984192876, 25.217870540450786, 0.0 ], [ 110.128573743150483, 25.217861641124607, 0.0 ], [ 110.128649502098369, 25.217852741759287, 0.0 ], [ 110.128725261036379, 25.217843842354824, 0.0 ], [ 110.128801019964683, 25.217834942911232, 0.0 ], [ 110.128876778883182, 25.217826043428506, 0.0 ], [ 110.128952537791903, 25.21781714390664, 0.0 ], [ 110.129028296690834, 25.217808244345637, 0.0 ], [ 110.129104055579887, 25.21779934474549, 0.0 ], [ 110.129179814459235, 25.217790445106203, 0.0 ], [ 110.129255573328777, 25.217781545427787, 0.0 ], [ 110.129331332188443, 25.217772645710234, 0.0 ], [ 110.129407091038416, 25.217763745953548, 0.0 ], [ 110.129482849878585, 25.217754846157721, 0.0 ], [ 110.129558608708876, 25.217745946322758, 0.0 ], [ 110.129634367529533, 25.217737046448654, 0.0 ], [ 110.129710126340257, 25.217728146535418, 0.0 ], [ 110.129785885141246, 25.217719246583041, 0.0 ], [ 110.129861643932429, 25.217710346591527, 0.0 ], [ 110.129937402713836, 25.217701446560884, 0.0 ], [ 110.130013161485365, 25.217692546491101, 0.0 ], [ 110.130088920247104, 25.217683646382181, 0.0 ], [ 110.130298201550161, 25.217504306492703, 0.0 ], [ 110.130297266359889, 25.21743482361337, 0.0 ], [ 110.130297066808794, 25.217365334848935, 0.0 ], [ 110.130296875934633, 25.217295846059852, 0.0 ], [ 110.130296685059406, 25.217226357270121, 0.0 ], [ 110.130296494183213, 25.217156868479762, 0.0 ], [ 110.130296303305883, 25.21708737968876, 0.0 ], [ 110.130296112427501, 25.217017890897115, 0.0 ], [ 110.130295921548054, 25.216948402104823, 0.0 ], [ 110.130295730667555, 25.216878913311906, 0.0 ], [ 110.130295539786076, 25.216809424518342, 0.0 ], [ 110.130295348903545, 25.216739935724139, 0.0 ], [ 110.130295158019877, 25.216670446929292, 0.0 ], [ 110.130294967135171, 25.21660095813381, 0.0 ], [ 110.1302947762494, 25.216531469337681, 0.0 ], [ 110.130294585362563, 25.216461980540917, 0.0 ], [ 110.130294394474745, 25.21639249174352, 0.0 ], [ 110.130294203585805, 25.216323002945462, 0.0 ], [ 110.130294012695884, 25.216253514146779, 0.0 ], [ 110.130293821804827, 25.216184025347452, 0.0 ], [ 110.130293630912718, 25.21611453654749, 0.0 ], [ 110.130293440019571, 25.216045047746892, 0.0 ], [ 110.13029324912543, 25.215975558945644, 0.0 ], [ 110.130293058230151, 25.215906070143756, 0.0 ], [ 110.130292867333822, 25.215836581341232, 0.0 ], [ 110.130279249886755, 25.215702556038828, 0.0 ], [ 110.130114798610549, 25.215561428866771, 0.0 ], [ 110.130038488945516, 25.215558313951909, 0.0 ], [ 110.129962162006152, 25.215555570745313, 0.0 ], [ 110.129885820501926, 25.215553186523849, 0.0 ], [ 110.129809466504796, 25.215551160294176, 0.0 ], [ 110.129733107289539, 25.215549301150109, 0.0 ], [ 110.129656748077892, 25.215547441966653, 0.0 ], [ 110.129580388869911, 25.215545582743811, 0.0 ], [ 110.129504029665355, 25.215543723481584, 0.0 ], [ 110.12942767046448, 25.215541864179976, 0.0 ], [ 110.1293513112672, 25.215540004838974, 0.0 ], [ 110.129274952073516, 25.215538145458591, 0.0 ], [ 110.129198592883412, 25.215536286038827, 0.0 ], [ 110.129122233696904, 25.215534426579666, 0.0 ], [ 110.12904587451392, 25.21553256708113, 0.0 ], [ 110.128969515334674, 25.215530707543202, 0.0 ], [ 110.128893156158881, 25.215528847965892, 0.0 ], [ 110.128816796986825, 25.215526988349193, 0.0 ], [ 110.128740437818223, 25.215525128693105, 0.0 ], [ 110.128664078653273, 25.215523268997636, 0.0 ], [ 110.128587719491932, 25.215521409262784, 0.0 ], [ 110.128511360334187, 25.21551954948854, 0.0 ], [ 110.128435001180023, 25.215517689674915, 0.0 ], [ 110.128358642029397, 25.2155158298219, 0.0 ], [ 110.128282282882509, 25.215513969929507, 0.0 ], [ 110.12820592373906, 25.215512109997718, 0.0 ], [ 110.128129564599377, 25.215510250026551, 0.0 ], [ 110.128053205463118, 25.215508390015994, 0.0 ], [ 110.127976846330611, 25.215506529966053, 0.0 ], [ 110.127900487201543, 25.215504669876729, 0.0 ], [ 110.127824128076156, 25.21550280974801, 0.0 ], [ 110.127747768954364, 25.215500949579916, 0.0 ], [ 110.127671409836168, 25.215499089372432, 0.0 ], [ 110.127595050721581, 25.215497229125567, 0.0 ], [ 110.127518691610575, 25.21549536883931, 0.0 ], [ 110.127442332503165, 25.215493508513671, 0.0 ], [ 110.127365973399293, 25.215491648148639, 0.0 ], [ 110.127289614299144, 25.215489787744232, 0.0 ], [ 110.127213255202534, 25.21548792730044, 0.0 ], [ 110.127136896109448, 25.215486066817263, 0.0 ], [ 110.127060537020029, 25.215484206294693, 0.0 ] ] ] } },
{ "type": "Feature", "properties": { }, "geometry": { "type": "Polygon", "coordinates": [ [ [ 110.126563301569419, 25.212860791541267, 0.0 ], [ 110.126484273949828, 25.212845983543605, 0.0 ], [ 110.126382428455599, 25.212989732824681, 0.0 ], [ 110.126391693729744, 25.213062649654315, 0.0 ], [ 110.126400959013921, 25.213135566482929, 0.0 ], [ 110.126410224307676, 25.213208483310538, 0.0 ], [ 110.126419489611166, 25.213281400137156, 0.0 ], [ 110.126428754924305, 25.213354316962782, 0.0 ], [ 110.126438020247093, 25.213427233787414, 0.0 ], [ 110.126447285579559, 25.213500150611047, 0.0 ], [ 110.126456550921603, 25.213573067433678, 0.0 ], [ 110.126465816273367, 25.213645984255319, 0.0 ], [ 110.126475081634794, 25.213718901075964, 0.0 ], [ 110.126484347005885, 25.213791817895608, 0.0 ], [ 110.126493612386611, 25.213864734714267, 0.0 ], [ 110.126502877776943, 25.213937651531921, 0.0 ], [ 110.126512143176981, 25.214010568348581, 0.0 ], [ 110.126521408586697, 25.214083485164252, 0.0 ], [ 110.126530674006077, 25.214156401978929, 0.0 ], [ 110.126539939435034, 25.214229318792601, 0.0 ], [ 110.126549204873712, 25.214302235605278, 0.0 ], [ 110.126558470322053, 25.214375152416967, 0.0 ], [ 110.126567735780057, 25.214448069227654, 0.0 ], [ 110.126577001247639, 25.214520986037353, 0.0 ], [ 110.126586266724956, 25.21459390284604, 0.0 ], [ 110.126595532211937, 25.214666819653747, 0.0 ], [ 110.126604797708566, 25.214739736460455, 0.0 ], [ 110.126614063214788, 25.214812653266165, 0.0 ], [ 110.12662332873073, 25.21488557007088, 0.0 ], [ 110.126632594256336, 25.214958486874604, 0.0 ], [ 110.126641859791604, 25.215031403677326, 0.0 ], [ 110.126651125368639, 25.215104320475675, 0.0 ], [ 110.126697262101715, 25.215160952611864, 0.0 ], [ 110.126754515574774, 25.215212674834362, 0.0 ], [ 110.126811769096406, 25.215264397035632, 0.0 ], [ 110.126877008485309, 25.215299142514812, 0.0 ], [ 110.126957667740626, 25.215301107852731, 0.0 ], [ 110.127038326998274, 25.215303073203739, 0.0 ], [ 110.127118986260015, 25.215305038510785, 0.0 ], [ 110.127199645525636, 25.215307003773894, 0.0 ], [ 110.127280304795335, 25.215308968993057, 0.0 ], [ 110.127360964069041, 25.215310934168269, 0.0 ], [ 110.127441623346769, 25.215312899299541, 0.0 ], [ 110.127522282628505, 25.215314864386862, 0.0 ], [ 110.127602941914262, 25.21531682943024, 0.0 ], [ 110.127683601204041, 25.215318794429667, 0.0 ], [ 110.127764260497813, 25.215320759385154, 0.0 ], [ 110.127844919795606, 25.215322724296684, 0.0 ], [ 110.127925579097422, 25.215324689164287, 0.0 ], [ 110.128006238403231, 25.21532665398793, 0.0 ], [ 110.128086897713075, 25.215328618767629, 0.0 ], [ 110.128167557026913, 25.215330583503381, 0.0 ], [ 110.128248216344758, 25.215332548195185, 0.0 ], [ 110.128328875666554, 25.21533451284305, 0.0 ], [ 110.128490194322325, 25.215338442006928, 0.0 ], [ 110.128570853656313, 25.215340406522955, 0.0 ], [ 110.128651512994153, 25.215342370995028, 0.0 ], [ 110.128732172336143, 25.215344335423154, 0.0 ], [ 110.128812831682012, 25.215346299807333, 0.0 ], [ 110.128893491032031, 25.215348264147572, 0.0 ], [ 110.128974150385915, 25.21535022844386, 0.0 ], [ 110.129054809743891, 25.215352192696205, 0.0 ], [ 110.129135469105861, 25.215354156904606, 0.0 ], [ 110.129216128471853, 25.21535612106905, 0.0 ], [ 110.129296787841838, 25.215358085189557, 0.0 ], [ 110.129377447215845, 25.215360049266106, 0.0 ], [ 110.129458106593859, 25.215362013298723, 0.0 ], [ 110.12953876597588, 25.215363977287385, 0.0 ], [ 110.129619425361923, 25.215365941232101, 0.0 ], [ 110.12970008475196, 25.215367905132876, 0.0 ], [ 110.129780744146004, 25.215369868989697, 0.0 ], [ 110.12986140173399, 25.215371892143274, 0.0 ], [ 110.129942047628319, 25.215374268341627, 0.0 ], [ 110.130022678294466, 25.215377039513697, 0.0 ], [ 110.130103290421204, 25.21538022497052, 0.0 ], [ 110.130282170796576, 25.21523443975499, 0.0 ], [ 110.130291021200804, 25.215164609379791, 0.0 ], [ 110.130290819568003, 25.215091207189705, 0.0 ], [ 110.130290617934008, 25.215017804998908, 0.0 ], [ 110.130290416298848, 25.214944402807394, 0.0 ], [ 110.130290214662509, 25.214871000615165, 0.0 ], [ 110.130290013025004, 25.214797598422219, 0.0 ], [ 110.130289811386305, 25.214724196228559, 0.0 ], [ 110.130289609746441, 25.214650794034188, 0.0 ], [ 110.130289408105398, 25.2145773918391, 0.0 ], [ 110.130289206463104, 25.214503989643308, 0.0 ], [ 110.130289004819701, 25.214430587446792, 0.0 ], [ 110.130288803175119, 25.214357185249565, 0.0 ], [ 110.130288601529358, 25.214283783051631, 0.0 ], [ 110.130288399882431, 25.214210380852968, 0.0 ], [ 110.130288198234311, 25.214136978653599, 0.0 ], [ 110.130287996585025, 25.214063576453515, 0.0 ], [ 110.130287794934546, 25.213990174252718, 0.0 ], [ 110.130287593282901, 25.213916772051196, 0.0 ], [ 110.130287391630091, 25.213843369848977, 0.0 ], [ 110.130287189976016, 25.213769967646037, 0.0 ], [ 110.130277691379149, 25.213556408768749, 0.0 ], [ 110.130198588574515, 25.213541934520414, 0.0 ], [ 110.13011950917182, 25.213527354871569, 0.0 ], [ 110.130040450013098, 25.213512684685071, 0.0 ], [ 110.129961408771621, 25.213497934858488, 0.0 ], [ 110.129882382161838, 25.213483120332381, 0.0 ], [ 110.129803367692858, 25.213468252354208, 0.0 ], [ 110.12972436216215, 25.213453345164787, 0.0 ], [ 110.129645362672974, 25.213438411544587, 0.0 ], [ 110.129566366262068, 25.213423464502995, 0.0 ], [ 110.12948733786574, 25.213408658092508, 0.0 ], [ 110.129408309489861, 25.213393851640241, 0.0 ], [ 110.129329281134389, 25.213379045146215, 0.0 ], [ 110.129250252799466, 25.213364238610417, 0.0 ], [ 110.129171224484793, 25.213349432032846, 0.0 ], [ 110.129092196190726, 25.213334625413516, 0.0 ], [ 110.129013167917009, 25.213319818752403, 0.0 ], [ 110.128934139663741, 25.213305012049535, 0.0 ], [ 110.12885511143098, 25.21329020530489, 0.0 ], [ 110.128776083218497, 25.213275398518476, 0.0 ], [ 110.128697055026535, 25.213260591690297, 0.0 ], [ 110.128618026855008, 25.213245784820355, 0.0 ], [ 110.128538998703988, 25.213230977908633, 0.0 ], [ 110.128459970573346, 25.21321617095515, 0.0 ], [ 110.128380942463139, 25.2132013639599, 0.0 ], [ 110.128301914373353, 25.213186556922881, 0.0 ], [ 110.128222886304016, 25.21317174984409, 0.0 ], [ 110.128143858255115, 25.213156942723533, 0.0 ], [ 110.128064830226648, 25.21314213556121, 0.0 ], [ 110.127985802218689, 25.21312732835711, 0.0 ], [ 110.127906774231036, 25.213112521111256, 0.0 ], [ 110.127827746263961, 25.213097713823625, 0.0 ], [ 110.12774871831725, 25.213082906494229, 0.0 ], [ 110.127669690390988, 25.21306809912307, 0.0 ], [ 110.127590662485147, 25.213053291710139, 0.0 ], [ 110.127511634599756, 25.213038484255442, 0.0 ], [ 110.127432606734885, 25.213023676758979, 0.0 ], [ 110.127353578890293, 25.213008869220754, 0.0 ], [ 110.127274551066222, 25.212994061640757, 0.0 ], [ 110.127195523262657, 25.212979254018993, 0.0 ], [ 110.127116495479456, 25.212964446355457, 0.0 ], [ 110.127037467716704, 25.212949638650166, 0.0 ], [ 110.126958439974388, 25.212934830903095, 0.0 ], [ 110.126879412252507, 25.212920023114258, 0.0 ], [ 110.126800384551089, 25.212905215283666, 0.0 ], [ 110.126721356870092, 25.212890407411304, 0.0 ], [ 110.126642329209602, 25.21287559949717, 0.0 ], [ 110.126563301569419, 25.212860791541267, 0.0 ] ] ] } },
{ "type": "Feature", "properties": { }, "geometry": { "type": "Polygon", "coordinates": [ [ [ 110.135165416864467, 25.21788551029228, 0.0 ], [ 110.134906944372176, 25.217685930769544, 0.0 ], [ 110.134788997081685, 25.217687243318469, 0.0 ], [ 110.134671049791677, 25.217688555773186, 0.0 ], [ 110.134553102502082, 25.217689868133728, 0.0 ], [ 110.134435155212969, 25.217691180400074, 0.0 ], [ 110.134317207924425, 25.217692492572226, 0.0 ], [ 110.134199260636294, 25.217693804650189, 0.0 ], [ 110.134081313348716, 25.217695116633958, 0.0 ], [ 110.133963366061565, 25.217696428523549, 0.0 ], [ 110.133845418775053, 25.217697740318933, 0.0 ], [ 110.133727471488868, 25.217699052020141, 0.0 ], [ 110.13360952420318, 25.217700363627152, 0.0 ], [ 110.133491576918075, 25.217701675139974, 0.0 ], [ 110.133373629633439, 25.217702986558599, 0.0 ], [ 110.13325568234923, 25.217704297883039, 0.0 ], [ 110.133137735065588, 25.217705609113285, 0.0 ], [ 110.133019787782459, 25.217706920249341, 0.0 ], [ 110.132901840499727, 25.217708231291208, 0.0 ], [ 110.132783893217493, 25.217709542238882, 0.0 ], [ 110.132665945935841, 25.21771085309237, 0.0 ], [ 110.132547998654672, 25.217712163851669, 0.0 ], [ 110.13243005137393, 25.217713474516771, 0.0 ], [ 110.132312108571739, 25.217715073251462, 0.0 ], [ 110.132194178367286, 25.217717312232935, 0.0 ], [ 110.13207626496424, 25.217720192083277, 0.0 ], [ 110.1319583725748, 25.217723712503091, 0.0 ], [ 110.131840505380993, 25.217727873116146, 0.0 ], [ 110.131722667602531, 25.217732674033041, 0.0 ], [ 110.131604863462314, 25.217738115439111, 0.0 ], [ 110.131487097182202, 25.217744197320386, 0.0 ], [ 110.13136937284969, 25.217750917782048, 0.0 ], [ 110.131251694795637, 25.217758278532376, 0.0 ], [ 110.131134067131995, 25.217766278135489, 0.0 ], [ 110.131540802076245, 25.219387026868795, 0.0 ], [ 110.131613969536588, 25.219469651648453, 0.0 ], [ 110.131703778598663, 25.219538708585699, 0.0 ], [ 110.131803475079749, 25.219596058798359, 0.0 ], [ 110.131903713845233, 25.219652619745382, 0.0 ], [ 110.13200407481132, 25.219709002890447, 0.0 ], [ 110.132104435797345, 25.219765386078262, 0.0 ], [ 110.13220479685215, 25.219821769237043, 0.0 ], [ 110.132305943571495, 25.219876913117641, 0.0 ], [ 110.132409859624502, 25.219927688537702, 0.0 ], [ 110.132513775765503, 25.219978463886651, 0.0 ], [ 110.132625711269853, 25.220000139249024, 0.0 ], [ 110.132743395608045, 25.219992831519882, 0.0 ], [ 110.1328610469658, 25.219985096879793, 0.0 ], [ 110.13297866335769, 25.219976934102757, 0.0 ], [ 110.133096242908863, 25.219968343416795, 0.0 ], [ 110.133213783837903, 25.219959326040168, 0.0 ], [ 110.133331284114249, 25.219949880491178, 0.0 ], [ 110.133448742047932, 25.219940008834289, 0.0 ], [ 110.133566155610737, 25.21992970969216, 0.0 ], [ 110.133683523014142, 25.219918984071064, 0.0 ], [ 110.133800842301952, 25.219907831406022, 0.0 ], [ 110.133918111669018, 25.219896252502057, 0.0 ], [ 110.1340353291626, 25.219884246896818, 0.0 ], [ 110.13415249305946, 25.219871815973967, 0.0 ], [ 110.13426960137069, 25.219858958982737, 0.0 ], [ 110.134386652123709, 25.219845675453019, 0.0 ], [ 110.134503643653161, 25.219831967075763, 0.0 ], [ 110.134620574137685, 25.219817834392412, 0.0 ], [ 110.134737441337293, 25.219803274998302, 0.0 ], [ 110.134854243913551, 25.219788292764072, 0.0 ], [ 110.134958234672624, 25.21975162304415, 0.0 ], [ 110.13503579629861, 25.21967077844209, 0.0 ], [ 110.135113357821723, 25.219589933795731, 0.0 ], [ 110.135150140893231, 25.219494995546636, 0.0 ], [ 110.135151159334654, 25.219387696540913, 0.0 ], [ 110.135152177771261, 25.219280397533602, 0.0 ], [ 110.135153196203007, 25.219173098524685, 0.0 ], [ 110.135154214629935, 25.219065799514173, 0.0 ], [ 110.135155233052146, 25.21895850050208, 0.0 ], [ 110.135156251469468, 25.218851201488391, 0.0 ], [ 110.135157269882001, 25.218743902473097, 0.0 ], [ 110.135158288289801, 25.218636603456218, 0.0 ], [ 110.135159306692799, 25.218529304437748, 0.0 ], [ 110.135160325090908, 25.218422005417679, 0.0 ], [ 110.135161343484228, 25.218314706396015, 0.0 ], [ 110.135162361872815, 25.218207407372748, 0.0 ], [ 110.135163380256515, 25.218100108347908, 0.0 ], [ 110.135164398635496, 25.217992809321466, 0.0 ], [ 110.135165416864467, 25.21788551029228, 0.0 ] ] ] } },
{ "type": "Feature", "properties": { }, "geometry": { "type": "Polygon", "coordinates": [ [ [ 110.131263609310849, 25.215630433872668, 0.0 ], [ 110.13114441089607, 25.215622942229576, 0.0 ], [ 110.131076900327386, 25.21566570517772, 0.0 ], [ 110.131077198556667, 25.215774398302653, 0.0 ], [ 110.131077496905931, 25.21588309142577, 0.0 ], [ 110.131077795252637, 25.21599178454732, 0.0 ], [ 110.131078093596741, 25.216100477667315, 0.0 ], [ 110.131078391938289, 25.216209170785731, 0.0 ], [ 110.131078690277235, 25.216317863902582, 0.0 ], [ 110.131078988613538, 25.216426557017876, 0.0 ], [ 110.131079286947411, 25.216535250131589, 0.0 ], [ 110.131079585278627, 25.216643943243746, 0.0 ], [ 110.131079883607256, 25.216752636354332, 0.0 ], [ 110.131080181967391, 25.216861329463281, 0.0 ], [ 110.131080481010883, 25.216970022569104, 0.0 ], [ 110.131080780051718, 25.217078715673356, 0.0 ], [ 110.131081079089981, 25.217187408776038, 0.0 ], [ 110.131081378125657, 25.21729610187716, 0.0 ], [ 110.131081677158761, 25.217404794976719, 0.0 ], [ 110.131118649328471, 25.21758629623243, 0.0 ], [ 110.131237801169689, 25.217578193671269, 0.0 ], [ 110.131357004263862, 25.217570741104705, 0.0 ], [ 110.131476254196073, 25.217563936874576, 0.0 ], [ 110.131595546838398, 25.217557783324185, 0.0 ], [ 110.131714877856197, 25.217552279944631, 0.0 ], [ 110.131834242961801, 25.217547426746876, 0.0 ], [ 110.131953637881395, 25.217543224077634, 0.0 ], [ 110.13207305831591, 25.21753967160145, 0.0 ], [ 110.132192500010007, 25.217536770363733, 0.0 ], [ 110.132311958668083, 25.217534520141403, 0.0 ], [ 110.132431429966502, 25.21753291860653, 0.0 ], [ 110.132550905506278, 25.217531590937984, 0.0 ], [ 110.132670381046637, 25.217530263172794, 0.0 ], [ 110.132789856587507, 25.217528935310963, 0.0 ], [ 110.132909332128889, 25.217527607352483, 0.0 ], [ 110.133028807670783, 25.217526279297342, 0.0 ], [ 110.133148283213089, 25.217524951145577, 0.0 ], [ 110.133267758756006, 25.217523622897147, 0.0 ], [ 110.133387234299406, 25.217522294552072, 0.0 ], [ 110.133506709843317, 25.217520966110364, 0.0 ], [ 110.133626185387726, 25.217519637571993, 0.0 ], [ 110.133745660932576, 25.217518308936988, 0.0 ], [ 110.133865136478008, 25.217516980205325, 0.0 ], [ 110.133984612023937, 25.217515651377024, 0.0 ], [ 110.134104087570364, 25.217514322452072, 0.0 ], [ 110.134223563117303, 25.217512993430471, 0.0 ], [ 110.134343038664653, 25.21751166431223, 0.0 ], [ 110.134462514212601, 25.21751033509733, 0.0 ], [ 110.134581989761045, 25.217509005785793, 0.0 ], [ 110.134701465309973, 25.217507676377604, 0.0 ], [ 110.134820940859342, 25.217506346872774, 0.0 ], [ 110.134940416407034, 25.217505017106014, 0.0 ], [ 110.135031172651509, 25.217444825687092, 0.0 ], [ 110.135112405639177, 25.217365116436874, 0.0 ], [ 110.135171189672704, 25.217277295409954, 0.0 ], [ 110.13517222118152, 25.217168605922005, 0.0 ], [ 110.135173252685405, 25.217059916432415, 0.0 ], [ 110.135174284184359, 25.216951226941198, 0.0 ], [ 110.135175315678381, 25.21684253744834, 0.0 ], [ 110.135176347167416, 25.216733847953851, 0.0 ], [ 110.135177378651576, 25.216625158457724, 0.0 ], [ 110.135178410130834, 25.216516468959959, 0.0 ], [ 110.135179441605146, 25.216407779460571, 0.0 ], [ 110.135180473074527, 25.216299089959538, 0.0 ], [ 110.13518150453892, 25.21619040045686, 0.0 ], [ 110.135182535998453, 25.216081710952565, 0.0 ], [ 110.134959643147994, 25.215846383694064, 0.0 ], [ 110.13484017434304, 25.215844785671592, 0.0 ], [ 110.134720736447463, 25.215841827510282, 0.0 ], [ 110.134601345843777, 25.215837573485764, 0.0 ], [ 110.134482019476636, 25.21583202504986, 0.0 ], [ 110.134362774301465, 25.215825182986737, 0.0 ], [ 110.134243575427178, 25.215817693833014, 0.0 ], [ 110.134124376570412, 25.215810204583548, 0.0 ], [ 110.134005177731311, 25.215802715238329, 0.0 ], [ 110.13388597891003, 25.215795225797361, 0.0 ], [ 110.133766780106257, 25.215787736260658, 0.0 ], [ 110.133647581320304, 25.215780246628203, 0.0 ], [ 110.133528382551873, 25.215772756899998, 0.0 ], [ 110.133409183801263, 25.215765267076058, 0.0 ], [ 110.133289985068174, 25.215757777156366, 0.0 ], [ 110.133170786352835, 25.215750287140924, 0.0 ], [ 110.133051587655146, 25.215742797029744, 0.0 ], [ 110.132932388975149, 25.215735306822818, 0.0 ], [ 110.132813190312817, 25.215727816520147, 0.0 ], [ 110.132693991668148, 25.21572032612173, 0.0 ], [ 110.132574793041158, 25.215712835627567, 0.0 ], [ 110.132455594431846, 25.215705345037666, 0.0 ], [ 110.132336395840213, 25.215697854352015, 0.0 ], [ 110.132217197266257, 25.215690363570616, 0.0 ], [ 110.132097998709966, 25.215682872693474, 0.0 ], [ 110.131978800171353, 25.215675381720597, 0.0 ], [ 110.131859601650419, 25.215667890651964, 0.0 ], [ 110.131740403147148, 25.215660399487597, 0.0 ], [ 110.131621204661585, 25.215652908227476, 0.0 ], [ 110.131502006193671, 25.215645416871617, 0.0 ], [ 110.131382807743464, 25.215637925420012, 0.0 ], [ 110.131263609310849, 25.215630433872668, 0.0 ] ] ] } },
{ "type": "Feature", "properties": { }, "geometry": { "type": "Polygon", "coordinates": [ [ [ 110.135202342932146, 25.213994535397426, 0.0 ], [ 110.135107205054567, 25.213933831442972, 0.0 ], [ 110.134988276151887, 25.213937315137258, 0.0 ], [ 110.134869333350892, 25.213940380605745, 0.0 ], [ 110.134750377294168, 25.213942985222893, 0.0 ], [ 110.134631409266476, 25.213945088468375, 0.0 ], [ 110.134512431150441, 25.21394664839973, 0.0 ], [ 110.134393445538734, 25.213947624497841, 0.0 ], [ 110.134274455749036, 25.213947977513836, 0.0 ], [ 110.134155465852515, 25.213947664038812, 0.0 ], [ 110.134036480659873, 25.213946653777846, 0.0 ], [ 110.133917505204209, 25.213944939694894, 0.0 ], [ 110.133798544528872, 25.213942521565347, 0.0 ], [ 110.133679603612379, 25.21393940121585, 0.0 ], [ 110.133560687519136, 25.213935577358551, 0.0 ], [ 110.133441801288726, 25.213931049842859, 0.0 ], [ 110.133322949936968, 25.213925819266482, 0.0 ], [ 110.133204138445919, 25.213919886542442, 0.0 ], [ 110.133085371914106, 25.213913250660507, 0.0 ], [ 110.132966655293117, 25.213905912921934, 0.0 ], [ 110.132847993617787, 25.213897873372272, 0.0 ], [ 110.132729391959586, 25.213889131689982, 0.0 ], [ 110.132610855215347, 25.213879689553735, 0.0 ], [ 110.132492388499486, 25.213869546235511, 0.0 ], [ 110.132373996846951, 25.213858701979138, 0.0 ], [ 110.132255685042395, 25.213847159156963, 0.0 ], [ 110.132137458361996, 25.213834915886803, 0.0 ], [ 110.132019321676268, 25.213821973781528, 0.0 ], [ 110.131901279896681, 25.213808333941071, 0.0 ], [ 110.131783338228217, 25.213793995419142, 0.0 ], [ 110.131665501403106, 25.213778960551878, 0.0 ], [ 110.131547774489064, 25.213763229344558, 0.0 ], [ 110.131430161701303, 25.213746806925034, 0.0 ], [ 110.131312662291123, 25.213729726024411, 0.0 ], [ 110.131195273311178, 25.213712027865689, 0.0 ], [ 110.131071806950018, 25.213817631147357, 0.0 ], [ 110.131072104781964, 25.213925878176436, 0.0 ], [ 110.131072402611366, 25.214034125203963, 0.0 ], [ 110.13107270043821, 25.214142372229929, 0.0 ], [ 110.131072998262482, 25.214250619254354, 0.0 ], [ 110.13107329608421, 25.214358866277216, 0.0 ], [ 110.131073593903366, 25.214467113298522, 0.0 ], [ 110.13107389172005, 25.214575360318285, 0.0 ], [ 110.131074189534104, 25.2146836073365, 0.0 ], [ 110.1310744873456, 25.214791854353148, 0.0 ], [ 110.131074785154539, 25.21490010136824, 0.0 ], [ 110.131075082960905, 25.215008348381797, 0.0 ], [ 110.131075380764727, 25.215116595393788, 0.0 ], [ 110.131075678565992, 25.215224842404226, 0.0 ], [ 110.13107597636477, 25.215333089413111, 0.0 ], [ 110.131080249805891, 25.215437952537624, 0.0 ], [ 110.131198958800681, 25.21544541343664, 0.0 ], [ 110.131317667812951, 25.215452874240672, 0.0 ], [ 110.131436376842743, 25.215460334949771, 0.0 ], [ 110.131555085890056, 25.2154677955639, 0.0 ], [ 110.131673794954921, 25.215475256083064, 0.0 ], [ 110.131792504037321, 25.215482716507285, 0.0 ], [ 110.131911213137229, 25.215490176836536, 0.0 ], [ 110.132029922254688, 25.215497637070829, 0.0 ], [ 110.132148631389683, 25.215505097210166, 0.0 ], [ 110.132267340542214, 25.215512557254534, 0.0 ], [ 110.132386049712267, 25.215520017203954, 0.0 ], [ 110.132504758899842, 25.215527477058416, 0.0 ], [ 110.132623468104953, 25.215534936817914, 0.0 ], [ 110.132742177327586, 25.215542396482448, 0.0 ], [ 110.132860886567755, 25.215549856052029, 0.0 ], [ 110.132979595825446, 25.215557315526642, 0.0 ], [ 110.13309830510066, 25.215564774906305, 0.0 ], [ 110.133217014393409, 25.215572234191004, 0.0 ], [ 110.133335723703695, 25.215579693380739, 0.0 ], [ 110.133454433031488, 25.215587152475518, 0.0 ], [ 110.133573142376804, 25.215594611475336, 0.0 ], [ 110.133691851739655, 25.215602070380196, 0.0 ], [ 110.133810561120029, 25.215609529190086, 0.0 ], [ 110.13392927051791, 25.21561698790503, 0.0 ], [ 110.134047979933328, 25.215624446525005, 0.0 ], [ 110.134166689366268, 25.215631905050017, 0.0 ], [ 110.1342853988168, 25.215639363480076, 0.0 ], [ 110.134404110926198, 25.215646786538716, 0.0 ], [ 110.134522887810391, 25.215653285448614, 0.0 ], [ 110.134641742524551, 25.215658475027201, 0.0 ], [ 110.134760657629769, 25.215662354482699, 0.0 ], [ 110.134879615682038, 25.215664922933069, 0.0 ], [ 110.135188989858094, 25.215401699858742, 0.0 ], [ 110.135190017042675, 25.215293456448336, 0.0 ], [ 110.135191044222296, 25.215185213036317, 0.0 ], [ 110.135192071397015, 25.215076969622672, 0.0 ], [ 110.135193098566859, 25.214968726207392, 0.0 ], [ 110.135194125731886, 25.214860482790503, 0.0 ], [ 110.135195152891967, 25.21475223937199, 0.0 ], [ 110.135196180047146, 25.214643995951857, 0.0 ], [ 110.135197207197507, 25.2145357525301, 0.0 ], [ 110.135198234342909, 25.21442750910672, 0.0 ], [ 110.135199261483436, 25.21431926568172, 0.0 ], [ 110.13520028861906, 25.2142110222551, 0.0 ], [ 110.135201315749811, 25.214102778826852, 0.0 ], [ 110.135202342932146, 25.213994535397426, 0.0 ] ] ] } },
{ "type": "Feature", "properties": { }, "geometry": { "type": "Polygon", "coordinates": [ [ [ 110.139271348402559, 25.182651691256098, 0.0 ], [ 110.139102266355238, 25.182591260839828, 0.0 ], [ 110.138908417147434, 25.182618992835927, 0.0 ], [ 110.138754126555412, 25.182703551813916, 0.0 ], [ 110.138643739515686, 25.182851180118892, 0.0 ], [ 110.138533352206849, 25.182998808331568, 0.0 ], [ 110.13842296462883, 25.183146436451921, 0.0 ], [ 110.138312576781772, 25.183294064479959, 0.0 ], [ 110.138202188665588, 25.183441692415666, 0.0 ], [ 110.138091800280236, 25.183589320259067, 0.0 ], [ 110.137981411625816, 25.183736948010129, 0.0 ], [ 110.137871022702271, 25.183884575668881, 0.0 ], [ 110.137760633509544, 25.184032203235297, 0.0 ], [ 110.137650244047734, 25.184179830709382, 0.0 ], [ 110.137539854316827, 25.18432745809115, 0.0 ], [ 110.137429464316696, 25.184475085380573, 0.0 ], [ 110.137319074047497, 25.184622712577674, 0.0 ], [ 110.137208683509087, 25.184770339682434, 0.0 ], [ 110.137098292701623, 25.184917966694858, 0.0 ], [ 110.136987901625005, 25.185065593614947, 0.0 ], [ 110.136877510279163, 25.185213220442694, 0.0 ], [ 110.136767118664238, 25.185360847178099, 0.0 ], [ 110.136656726780089, 25.185508473821155, 0.0 ], [ 110.136546334460334, 25.185656100268751, 0.0 ], [ 110.136578399328556, 25.185819584548504, 0.0 ], [ 110.136677708984564, 25.185959010460749, 0.0 ], [ 110.136860786340876, 25.186023294597206, 0.0 ], [ 110.13704386388973, 25.186087578525161, 0.0 ], [ 110.137226941636925, 25.186151862231085, 0.0 ], [ 110.137410019582475, 25.186216145715001, 0.0 ], [ 110.137593097726366, 25.186280428976879, 0.0 ], [ 110.137776176068584, 25.186344712016727, 0.0 ], [ 110.137959254609143, 25.186408994834544, 0.0 ], [ 110.138142333348043, 25.186473277430331, 0.0 ], [ 110.138325412285354, 25.18653755980408, 0.0 ], [ 110.138508491420922, 25.186601841955781, 0.0 ], [ 110.138691570754816, 25.186666123885455, 0.0 ], [ 110.13887465028705, 25.186730405593085, 0.0 ], [ 110.139057730017626, 25.186794687078674, 0.0 ], [ 110.1392408099466, 25.186858968342214, 0.0 ], [ 110.139423890073815, 25.186923249383707, 0.0 ], [ 110.13960697039937, 25.186987530203147, 0.0 ], [ 110.139790050923239, 25.187051810800547, 0.0 ], [ 110.139973131645448, 25.187116091175888, 0.0 ], [ 110.140156212565969, 25.187180371329159, 0.0 ], [ 110.140339293684818, 25.187244651260393, 0.0 ], [ 110.140522375002064, 25.187308930969554, 0.0 ], [ 110.14070545651748, 25.187373210456656, 0.0 ], [ 110.140888538231351, 25.187437489721695, 0.0 ], [ 110.141073108816897, 25.187498085395401, 0.0 ], [ 110.141260845960346, 25.187550003810578, 0.0 ], [ 110.141451265765383, 25.187593080902609, 0.0 ], [ 110.141643865653649, 25.187627203364691, 0.0 ], [ 110.141838137827833, 25.187652277941456, 0.0 ], [ 110.142033569132522, 25.187668238305623, 0.0 ], [ 110.142136991098852, 25.18757142238216, 0.0 ], [ 110.14222190747293, 25.187491256890333, 0.0 ], [ 110.142247451654171, 25.187457535720537, 0.0 ], [ 110.14225627078136, 25.18727918607415, 0.0 ], [ 110.142277450182888, 25.187101699170874, 0.0 ], [ 110.142310906255076, 25.186925783628851, 0.0 ], [ 110.142356503641139, 25.186752141333709, 0.0 ], [ 110.142414069136578, 25.186581467938996, 0.0 ], [ 110.142483365718306, 25.186414443530211, 0.0 ], [ 110.142564115349529, 25.186251734353235, 0.0 ], [ 110.142654147815406, 25.186093083219191, 0.0 ], [ 110.142745153647141, 25.185934885793774, 0.0 ], [ 110.142836159239067, 25.185776688302838, 0.0 ], [ 110.142927164591185, 25.185618490746375, 0.0 ], [ 110.143018169703609, 25.1854602931244, 0.0 ], [ 110.143109174576239, 25.18530209543691, 0.0 ], [ 110.143200179209018, 25.185143897683904, 0.0 ], [ 110.143291183602074, 25.184985699865379, 0.0 ], [ 110.143280881367531, 25.184818636615777, 0.0 ], [ 110.1431963508482, 25.184668795934964, 0.0 ], [ 110.14302255754906, 25.184585879106045, 0.0 ], [ 110.142848764507022, 25.184502962048377, 0.0 ], [ 110.142674971705063, 25.184420044791846, 0.0 ], [ 110.142501179143082, 25.184337127336423, 0.0 ], [ 110.142327386821108, 25.18425420968213, 0.0 ], [ 110.142153594739113, 25.184171291828957, 0.0 ], [ 110.14197980289704, 25.18408837377692, 0.0 ], [ 110.141806011295031, 25.184005455526009, 0.0 ], [ 110.14163221993303, 25.183922537076239, 0.0 ], [ 110.141458428811006, 25.183839618427598, 0.0 ], [ 110.141284637928976, 25.183756699580087, 0.0 ], [ 110.141110847286939, 25.183673780533727, 0.0 ], [ 110.140937056884823, 25.183590861288504, 0.0 ], [ 110.140763266722772, 25.183507941844429, 0.0 ], [ 110.140589823448849, 25.183424426476599, 0.0 ], [ 110.140418055992725, 25.183338093917044, 0.0 ], [ 110.140248152287739, 25.183248760060874, 0.0 ], [ 110.140080174809711, 25.183156459510581, 0.0 ], [ 110.13991418628072, 25.183061226378289, 0.0 ], [ 110.139750248928877, 25.18296309558864, 0.0 ], [ 110.139588423229057, 25.182862104508231, 0.0 ], [ 110.13942876986907, 25.182758290201679, 0.0 ], [ 110.139271348402559, 25.182651691256098, 0.0 ] ] ] } },
{ "type": "Feature", "properties": { }, "geometry": { "type": "Polygon", "coordinates": [ [ [ 110.143047794353905, 25.188334243618378, 0.0 ], [ 110.142975144661449, 25.188332272599144, 0.0 ], [ 110.142899132152806, 25.188346093028578, 0.0 ], [ 110.142823105752825, 25.18835933194508, 0.0 ], [ 110.142747004078998, 25.18837274002335, 0.0 ], [ 110.14267694256246, 25.18838941562602, 0.0 ], [ 110.142700349203338, 25.188456654855855, 0.0 ], [ 110.142723755868772, 25.18852389408206, 0.0 ], [ 110.142747162558862, 25.188591133304648, 0.0 ], [ 110.142770569273665, 25.188658372523598, 0.0 ], [ 110.142793976017643, 25.188725611737588, 0.0 ], [ 110.142817382794263, 25.18879285094566, 0.0 ], [ 110.142840583345148, 25.188860149086867, 0.0 ], [ 110.142863092819809, 25.188927641193715, 0.0 ], [ 110.142884887987947, 25.188995327133895, 0.0 ], [ 110.142905967532712, 25.189063200467928, 0.0 ], [ 110.142926328360133, 25.189131255213383, 0.0 ], [ 110.142945970003552, 25.189199484730025, 0.0 ], [ 110.142964890363018, 25.189267882795072, 0.0 ], [ 110.142983087230121, 25.189336443198499, 0.0 ], [ 110.143000558511858, 25.189405159686164, 0.0 ], [ 110.143017303351868, 25.189474025750123, 0.0 ], [ 110.143033321124932, 25.189543034854918, 0.0 ], [ 110.143048608001692, 25.189612181075976, 0.0 ], [ 110.143063164121259, 25.189681457730199, 0.0 ], [ 110.143076988144102, 25.189750858427121, 0.0 ], [ 110.14309007792221, 25.189820376895632, 0.0 ], [ 110.143102432932736, 25.189890006601527, 0.0 ], [ 110.143114052842563, 25.189959741006319, 0.0 ], [ 110.143124933972189, 25.190029574021299, 0.0 ], [ 110.143135078214215, 25.190099498814781, 0.0 ], [ 110.143144482667495, 25.190169509171337, 0.0 ], [ 110.143153147909686, 25.190239598461218, 0.0 ], [ 110.143161072428171, 25.19030976029191, 0.0 ], [ 110.143168254665639, 25.190379988250797, 0.0 ], [ 110.14317469508137, 25.190450275747192, 0.0 ], [ 110.143180393603188, 25.190520616264571, 0.0 ], [ 110.143185347647588, 25.190591003437401, 0.0 ], [ 110.143219138519413, 25.190653473676928, 0.0 ], [ 110.143257738390716, 25.19071463887969, 0.0 ], [ 110.143295664967241, 25.190776140128182, 0.0 ], [ 110.143335616058664, 25.190836414076429, 0.0 ], [ 110.143380055900806, 25.190894204182658, 0.0 ], [ 110.143424623731079, 25.190951912653606, 0.0 ], [ 110.143466567817143, 25.191011203296775, 0.0 ], [ 110.143511169340002, 25.191068798992656, 0.0 ], [ 110.143558188868781, 25.191124873704176, 0.0 ], [ 110.143605208144209, 25.191180948606938, 0.0 ], [ 110.143670555720618, 25.191192066955335, 0.0 ], [ 110.143746901813856, 25.191179854218742, 0.0 ], [ 110.143822991243695, 25.191166386085772, 0.0 ], [ 110.143794821663306, 25.191110536234518, 0.0 ], [ 110.14391116680855, 25.190975183206113, 0.0 ], [ 110.143946651313158, 25.190913962172729, 0.0 ], [ 110.143978452285864, 25.190849639091308, 0.0 ], [ 110.143995983898279, 25.190781505230415, 0.0 ], [ 110.144007434740345, 25.190711747382601, 0.0 ], [ 110.144018885931672, 25.190641989582307, 0.0 ], [ 110.144027533027156, 25.190571935250361, 0.0 ], [ 110.14403396951829, 25.190501647167476, 0.0 ], [ 110.144040405947493, 25.190431359079422, 0.0 ], [ 110.144042904659543, 25.190360910567655, 0.0 ], [ 110.144043397578756, 25.190290380344276, 0.0 ], [ 110.144022170527066, 25.190222928360029, 0.0 ], [ 110.143998125694438, 25.190155875722553, 0.0 ], [ 110.143974081187451, 25.190088822992085, 0.0 ], [ 110.143950036788496, 25.190021770233241, 0.0 ], [ 110.14392599207018, 25.189954717572903, 0.0 ], [ 110.143901130271445, 25.189887912226787, 0.0 ], [ 110.143876240474256, 25.189821115361401, 0.0 ], [ 110.14385135064957, 25.189754318508516, 0.0 ], [ 110.143826460851002, 25.18968752165156, 0.0 ], [ 110.143801571078498, 25.18962072479054, 0.0 ], [ 110.143776680886802, 25.189553928062843, 0.0 ], [ 110.14375477430039, 25.189486281765859, 0.0 ], [ 110.143733375405375, 25.189418490907318, 0.0 ], [ 110.143711976532884, 25.189350700045679, 0.0 ], [ 110.143690577683046, 25.189282909180964, 0.0 ], [ 110.143684832859179, 25.189212704531442, 0.0 ], [ 110.143680490451729, 25.189142283635139, 0.0 ], [ 110.143676148048058, 25.189071862738171, 0.0 ], [ 110.143665205980909, 25.18900252078711, 0.0 ], [ 110.143642334417308, 25.188935129238267, 0.0 ], [ 110.143619462867008, 25.18886773768898, 0.0 ], [ 110.143596591309546, 25.188800346144969, 0.0 ], [ 110.143573719907124, 25.188732954560699, 0.0 ], [ 110.143533698487843, 25.188672737905918, 0.0 ], [ 110.143492499118182, 25.188612993451443, 0.0 ], [ 110.143436824315359, 25.188566164182127, 0.0 ], [ 110.143371985884897, 25.188527510823686, 0.0 ], [ 110.143307147495804, 25.188488857437704, 0.0 ], [ 110.143242309148178, 25.188450204024196, 0.0 ], [ 110.143177470841906, 25.188411550583119, 0.0 ], [ 110.143112632577143, 25.188372897114515, 0.0 ], [ 110.143047794353905, 25.188334243618378, 0.0 ] ] ] } },
{ "type": "Feature", "properties": { }, "geometry": { "type": "Polygon", "coordinates": [ [ [ 110.128177756291578, 25.20936128194877, 0.0 ], [ 110.128048169741589, 25.20934434619641, 0.0 ], [ 110.127918583231008, 25.209327410331383, 0.0 ], [ 110.127788996759961, 25.209310474353675, 0.0 ], [ 110.127659410328391, 25.20929353826331, 0.0 ], [ 110.127529823936271, 25.209276602060282, 0.0 ], [ 110.127400237583643, 25.209259665744579, 0.0 ], [ 110.127270651270422, 25.209242729316223, 0.0 ], [ 110.127141064996735, 25.209225792775186, 0.0 ], [ 110.127011478762512, 25.209208856121492, 0.0 ], [ 110.126881892567781, 25.209191919355128, 0.0 ], [ 110.126752306412442, 25.209174982476092, 0.0 ], [ 110.126622720296652, 25.209158045484397, 0.0 ], [ 110.126493134220354, 25.209141108380035, 0.0 ], [ 110.126363548183448, 25.209124171163015, 0.0 ], [ 110.126378129930913, 25.209181479985268, 0.0 ], [ 110.126392351546386, 25.209299876591952, 0.0 ], [ 110.126337617627243, 25.209349732290761, 0.0 ], [ 110.126218651637359, 25.209302744074172, 0.0 ], [ 110.126118507737459, 25.20922622405303, 0.0 ], [ 110.126025785577767, 25.209210684100682, 0.0 ], [ 110.125934460392727, 25.20929602080858, 0.0 ], [ 110.125927250514039, 25.209407437743412, 0.0 ], [ 110.125942283423527, 25.209525751352874, 0.0 ], [ 110.125957316358452, 25.209644064959718, 0.0 ], [ 110.125972349318857, 25.209762378563941, 0.0 ], [ 110.125987382304601, 25.209880692165548, 0.0 ], [ 110.126002415315767, 25.20999900576453, 0.0 ], [ 110.126017448352343, 25.210117319360894, 0.0 ], [ 110.126032481414413, 25.210235632954642, 0.0 ], [ 110.126047514501749, 25.210353946545762, 0.0 ], [ 110.126062547614652, 25.210472260134264, 0.0 ], [ 110.126077580752977, 25.210590573720154, 0.0 ], [ 110.126092613916569, 25.210708887303412, 0.0 ], [ 110.126107647105727, 25.210827200884054, 0.0 ], [ 110.126122680320236, 25.210945514462075, 0.0 ], [ 110.126137713560155, 25.211063828037471, 0.0 ], [ 110.126152746825497, 25.211182141610259, 0.0 ], [ 110.126167780116248, 25.211300455180414, 0.0 ], [ 110.126182813432507, 25.211418768747961, 0.0 ], [ 110.126197846774105, 25.211537082312876, 0.0 ], [ 110.126212880141139, 25.211655395875177, 0.0 ], [ 110.12622791353364, 25.211773709434851, 0.0 ], [ 110.126242946990345, 25.211892022987833, 0.0 ], [ 110.126299945383536, 25.211982018153897, 0.0 ], [ 110.126428173231531, 25.212006045503387, 0.0 ], [ 110.126556401133357, 25.212030072742934, 0.0 ], [ 110.126684629089056, 25.212054099872514, 0.0 ], [ 110.126812857098585, 25.212078126892145, 0.0 ], [ 110.126941085161846, 25.212102153801812, 0.0 ], [ 110.127069313278994, 25.21212618060153, 0.0 ], [ 110.127197541449945, 25.212150207291288, 0.0 ], [ 110.127325769674655, 25.212174233871078, 0.0 ], [ 110.127453997953225, 25.212198260340916, 0.0 ], [ 110.127582226285554, 25.212222286700797, 0.0 ], [ 110.127710454671757, 25.212246312950718, 0.0 ], [ 110.127838683111761, 25.212270339090676, 0.0 ], [ 110.127966911605498, 25.212294365120677, 0.0 ], [ 110.128095140153135, 25.212318391040714, 0.0 ], [ 110.12822336875449, 25.212342416850799, 0.0 ], [ 110.128351597409733, 25.212366442550916, 0.0 ], [ 110.128479826118692, 25.212390468141066, 0.0 ], [ 110.128608054881553, 25.212414493621264, 0.0 ], [ 110.128736283698117, 25.212438518991494, 0.0 ], [ 110.128779975613313, 25.212338553081239, 0.0 ], [ 110.12880663920869, 25.21222194788168, 0.0 ], [ 110.128833302749783, 25.212105342674132, 0.0 ], [ 110.128859966236618, 25.211988737458604, 0.0 ], [ 110.12888662966914, 25.211872132235094, 0.0 ], [ 110.128913293047461, 25.2117555270036, 0.0 ], [ 110.128939956371525, 25.211638921764116, 0.0 ], [ 110.128966619641332, 25.21152231651665, 0.0 ], [ 110.128993282856868, 25.2114057112612, 0.0 ], [ 110.129019946018161, 25.211289105997761, 0.0 ], [ 110.129046609125126, 25.211172500726345, 0.0 ], [ 110.129073272177905, 25.211055895446936, 0.0 ], [ 110.129099935176427, 25.210939290159548, 0.0 ], [ 110.129126598120692, 25.210822684864166, 0.0 ], [ 110.1291532610107, 25.210706079560808, 0.0 ], [ 110.129179923846451, 25.210589474249467, 0.0 ], [ 110.129206586627959, 25.210472868930143, 0.0 ], [ 110.12923324935521, 25.210356263602833, 0.0 ], [ 110.129259912028203, 25.210239658267536, 0.0 ], [ 110.129286574646869, 25.210123052924256, 0.0 ], [ 110.129313237211349, 25.210006447572997, 0.0 ], [ 110.1293398997216, 25.209889842213745, 0.0 ], [ 110.129366562177509, 25.209773236846519, 0.0 ], [ 110.129374253098604, 25.209659079501655, 0.0 ], [ 110.129312997874422, 25.209553819364249, 0.0 ], [ 110.129214450112386, 25.209496763911588, 0.0 ], [ 110.129084863246675, 25.209479829060577, 0.0 ], [ 110.128955276420356, 25.209462894096902, 0.0 ], [ 110.128825689633572, 25.209445959020552, 0.0 ], [ 110.128696102886252, 25.209429023831532, 0.0 ], [ 110.128566516178395, 25.209412088529845, 0.0 ], [ 110.128436929510016, 25.209395153115491, 0.0 ], [ 110.12830734288103, 25.209378217588469, 0.0 ], [ 110.128177756291578, 25.20936128194877, 0.0 ] ] ] } },
{ "type": "Feature", "properties": { }, "geometry": { "type": "Polygon", "coordinates": [ [ [ 110.123323255641566, 25.208726764045483, 0.0 ], [ 110.123223322907961, 25.208725272430499, 0.0 ], [ 110.123157647983035, 25.208895062079513, 0.0 ], [ 110.123191033770965, 25.208982985396638, 0.0 ], [ 110.123224419532562, 25.209070908729284, 0.0 ], [ 110.123257805340231, 25.209158832054666, 0.0 ], [ 110.12329119119417, 25.209246755372739, 0.0 ], [ 110.123324577094266, 25.209334678683536, 0.0 ], [ 110.123357963040476, 25.209422601987072, 0.0 ], [ 110.123391349032843, 25.209510525283324, 0.0 ], [ 110.123424735071467, 25.209598448572265, 0.0 ], [ 110.12345812115619, 25.209686371853934, 0.0 ], [ 110.123491507287099, 25.209774295128334, 0.0 ], [ 110.123524893464307, 25.20986221839544, 0.0 ], [ 110.124026451616615, 25.211467675997191, 0.0 ], [ 110.124135987589128, 25.211576517599305, 0.0 ], [ 110.124236136522356, 25.211595285098991, 0.0 ], [ 110.124336285488496, 25.211614052531623, 0.0 ], [ 110.124436434487379, 25.211632819897176, 0.0 ], [ 110.124536583519202, 25.21165158719565, 0.0 ], [ 110.124636732583753, 25.211670354427056, 0.0 ], [ 110.124736881681144, 25.211689121591405, 0.0 ], [ 110.124837030811378, 25.211707888688661, 0.0 ], [ 110.124937179974509, 25.211726655718874, 0.0 ], [ 110.125037329170397, 25.211745422681986, 0.0 ], [ 110.125137478399125, 25.211764189578044, 0.0 ], [ 110.125237627660695, 25.211782956407035, 0.0 ], [ 110.125337776955149, 25.211801723168946, 0.0 ], [ 110.125437926282373, 25.211820489863769, 0.0 ], [ 110.12553807564241, 25.211839256491544, 0.0 ], [ 110.125721380593205, 25.211717598132985, 0.0 ], [ 110.125709639454541, 25.211625191804167, 0.0 ], [ 110.125697898324646, 25.21153278547445, 0.0 ], [ 110.125686157210325, 25.211440379143134, 0.0 ], [ 110.125674416111437, 25.211347972810234, 0.0 ], [ 110.125662675028124, 25.211255566475721, 0.0 ], [ 110.125650933960316, 25.211163160139602, 0.0 ], [ 110.125639192907954, 25.211070753801909, 0.0 ], [ 110.125627451871225, 25.210978347462596, 0.0 ], [ 110.1256157108498, 25.210885941121695, 0.0 ], [ 110.125603969844065, 25.210793534779203, 0.0 ], [ 110.125592228853719, 25.210701128435101, 0.0 ], [ 110.125580487878935, 25.210608722089404, 0.0 ], [ 110.125568746919654, 25.210516315742108, 0.0 ], [ 110.125557005975736, 25.210423909393221, 0.0 ], [ 110.125545265047535, 25.210331503042724, 0.0 ], [ 110.125533524134696, 25.210239096690639, 0.0 ], [ 110.125521783237417, 25.210146690336956, 0.0 ], [ 110.125510042355586, 25.21005428398167, 0.0 ], [ 110.12549830148933, 25.209961877624789, 0.0 ], [ 110.125486560638564, 25.209869471266298, 0.0 ], [ 110.125474819803159, 25.20977706490623, 0.0 ], [ 110.125463078983486, 25.20968465854455, 0.0 ], [ 110.125451338179147, 25.209592252181274, 0.0 ], [ 110.125439597390411, 25.209499845816403, 0.0 ], [ 110.12542785661708, 25.20940743944994, 0.0 ], [ 110.125416115859338, 25.209315033081872, 0.0 ], [ 110.125404375117014, 25.209222626712211, 0.0 ], [ 110.125378041349123, 25.209132956457157, 0.0 ], [ 110.125145033949394, 25.208964903173122, 0.0 ], [ 110.125043823838666, 25.208951673805736, 0.0 ], [ 110.124942613752026, 25.208938444369636, 0.0 ], [ 110.124841403689473, 25.208925214864788, 0.0 ], [ 110.124740193651007, 25.208911985291234, 0.0 ], [ 110.124638983636643, 25.208898755648953, 0.0 ], [ 110.124537773646267, 25.208885525937951, 0.0 ], [ 110.124436563680064, 25.208872296158212, 0.0 ], [ 110.124335353737877, 25.208859066309767, 0.0 ], [ 110.124234143819933, 25.208845836392591, 0.0 ], [ 110.124132933925921, 25.208832606406702, 0.0 ], [ 110.124031724056081, 25.208819376352078, 0.0 ], [ 110.123930514210244, 25.208806146228728, 0.0 ], [ 110.123829304388579, 25.208792916036654, 0.0 ], [ 110.123728094591016, 25.208779685775877, 0.0 ], [ 110.12362688481754, 25.208766455446355, 0.0 ], [ 110.123525675068137, 25.208753225048124, 0.0 ], [ 110.123424465342836, 25.208739994581162, 0.0 ], [ 110.123323255641566, 25.208726764045483, 0.0 ] ] ] } },
{ "type": "Feature", "properties": { }, "geometry": { "type": "Polygon", "coordinates": [ [ [ 110.117350398022708, 25.210394659199668, 0.0 ], [ 110.117308640243493, 25.210332257068728, 0.0 ], [ 110.117237512699944, 25.210315108974147, 0.0 ], [ 110.117185937475455, 25.210337007109743, 0.0 ], [ 110.117105634599852, 25.210336606930973, 0.0 ], [ 110.117026320835393, 25.210335358015765, 0.0 ], [ 110.116974726957807, 25.210294027369269, 0.0 ], [ 110.116895132136122, 25.210284455872859, 0.0 ], [ 110.116858695574763, 25.210339962936658, 0.0 ], [ 110.116848604285337, 25.210412439768213, 0.0 ], [ 110.116838512982582, 25.210484916598059, 0.0 ], [ 110.116894656302492, 25.210510868169177, 0.0 ], [ 110.116974285176241, 25.210520322730886, 0.0 ], [ 110.11705391408104, 25.210529777128354, 0.0 ], [ 110.11713354301807, 25.210539231354407, 0.0 ], [ 110.117213171968757, 25.210548685537894, 0.0 ], [ 110.117292800933143, 25.210558139678813, 0.0 ], [ 110.117372193350278, 25.210569106534837, 0.0 ], [ 110.117398114143469, 25.210519452571337, 0.0 ], [ 110.117403605880924, 25.21044656764446, 0.0 ], [ 110.117350398022708, 25.210394659199668, 0.0 ] ] ] } },
{ "type": "Feature", "properties": { }, "geometry": { "type": "Polygon", "coordinates": [ [ [ 110.130381744125827, 25.209649304058978, 0.0 ], [ 110.129903263988709, 25.209586778099371, 0.0 ], [ 110.129643230580697, 25.209892889970838, 0.0 ], [ 110.129544784279872, 25.210323437007734, 0.0 ], [ 110.129446337239344, 25.210753983935781, 0.0 ], [ 110.129347889459169, 25.211184530754991, 0.0 ], [ 110.129249440939319, 25.211615077465353, 0.0 ], [ 110.129150991679765, 25.21204562406685, 0.0 ], [ 110.129052541689717, 25.212476170561256, 0.0 ], [ 110.129504742015428, 25.21258249710796, 0.0 ], [ 110.129978125823428, 25.212671566262483, 0.0 ], [ 110.130451740012901, 25.212759614562238, 0.0 ], [ 110.130692470227757, 25.212045930709376, 0.0 ], [ 110.130781232029705, 25.211613809675736, 0.0 ], [ 110.130840328072296, 25.211177397735202, 0.0 ], [ 110.130941049834462, 25.21074758847681, 0.0 ], [ 110.131048547450092, 25.210319181400134, 0.0 ], [ 110.131145302271037, 25.20988863953302, 0.0 ], [ 110.13086022480087, 25.209711828482476, 0.0 ], [ 110.130381744125827, 25.209649304058978, 0.0 ] ] ] } },
{ "type": "Feature", "properties": { }, "geometry": { "type": "Polygon", "coordinates": [ [ [ 110.132230404820092, 25.209910233579173, 0.0 ], [ 110.131742172945906, 25.209827070665067, 0.0 ], [ 110.131319376900933, 25.209859476169424, 0.0 ], [ 110.131212113571152, 25.210300449041029, 0.0 ], [ 110.131107687696371, 25.210741986260178, 0.0 ], [ 110.131000193339375, 25.211182949618895, 0.0 ], [ 110.130938866071091, 25.211631450367765, 0.0 ], [ 110.130847861660513, 25.21207565570538, 0.0 ], [ 110.130758158461248, 25.212519671600322, 0.0 ], [ 110.130923283247768, 25.212842860241874, 0.0 ], [ 110.131412591289958, 25.212921411609823, 0.0 ], [ 110.131903857732922, 25.212989055355909, 0.0 ], [ 110.132397033906159, 25.213044003055938, 0.0 ], [ 110.132512482799925, 25.212667375685712, 0.0 ], [ 110.132562701443817, 25.212217669755194, 0.0 ], [ 110.132612919665831, 25.211767963770754, 0.0 ], [ 110.132663137466082, 25.211318257732394, 0.0 ], [ 110.132713354844554, 25.210868551640125, 0.0 ], [ 110.132763571801291, 25.210418845493933, 0.0 ], [ 110.132709130174021, 25.21003075067555, 0.0 ], [ 110.132230404820092, 25.209910233579173, 0.0 ] ] ] } },
{ "type": "Feature", "properties": { }, "geometry": { "type": "Polygon", "coordinates": [ [ [ 110.135568141947445, 25.208972788958636, 0.0 ], [ 110.13529392703073, 25.208848337053908, 0.0 ], [ 110.135036168276727, 25.208948952369042, 0.0 ], [ 110.134881835258724, 25.209189802748664, 0.0 ], [ 110.134727501623161, 25.20943065294329, 0.0 ], [ 110.134573167369879, 25.209671502952915, 0.0 ], [ 110.13441883249898, 25.20991235277754, 0.0 ], [ 110.134264497010477, 25.21015320241715, 0.0 ], [ 110.134232737767093, 25.210407366455897, 0.0 ], [ 110.134469219028006, 25.210560681769756, 0.0 ], [ 110.134743437422486, 25.210685134190719, 0.0 ], [ 110.135017656386992, 25.210809586115744, 0.0 ], [ 110.135293499111526, 25.210755012617213, 0.0 ], [ 110.135444791088005, 25.210536727034377, 0.0 ], [ 110.135552222709819, 25.210275698265832, 0.0 ], [ 110.135680201498531, 25.210022453862379, 0.0 ], [ 110.13582803716406, 25.209778322295683, 0.0 ], [ 110.135992469876413, 25.209543101847608, 0.0 ], [ 110.136023556791329, 25.209288175725661, 0.0 ], [ 110.135842357434271, 25.20909724036747, 0.0 ], [ 110.135568141947445, 25.208972788958636, 0.0 ] ] ] } },
{ "type": "Feature", "properties": { }, "geometry": { "type": "Polygon", "coordinates": [ [ [ 110.137191458982485, 25.207959742460012, 0.0 ], [ 110.137567023634588, 25.207464517678265, 0.0 ], [ 110.137785706448426, 25.206939679636179, 0.0 ], [ 110.13733185322647, 25.206553705316235, 0.0 ], [ 110.136811709756742, 25.206415056116885, 0.0 ], [ 110.136434033304596, 25.20690894774955, 0.0 ], [ 110.136056353770854, 25.207402838304031, 0.0 ], [ 110.135549163112032, 25.207522845639414, 0.0 ], [ 110.134928473300818, 25.207315182611051, 0.0 ], [ 110.134701441166769, 25.207777596586524, 0.0 ], [ 110.13466069748074, 25.208352090863883, 0.0 ], [ 110.135247173989171, 25.208625373376332, 0.0 ], [ 110.135838960356807, 25.208893954417007, 0.0 ], [ 110.136440320457467, 25.208950188821504, 0.0 ], [ 110.136815891256788, 25.208454966174454, 0.0 ], [ 110.137191458982485, 25.207959742460012, 0.0 ] ] ] } },
{ "type": "Feature", "properties": { }, "geometry": { "type": "Polygon", "coordinates": [ [ [ 110.133028116970749, 25.207610530868944, 0.0 ], [ 110.132117169090876, 25.207057442633303, 0.0 ], [ 110.131955051314904, 25.20737726550303, 0.0 ], [ 110.131857059516577, 25.207867370990002, 0.0 ], [ 110.131733854071484, 25.20835267203012, 0.0 ], [ 110.131633528383531, 25.208842276746775, 0.0 ], [ 110.131502809234703, 25.209325986438472, 0.0 ], [ 110.131656370907251, 25.209633480057082, 0.0 ], [ 110.132195851234471, 25.209718161981062, 0.0 ], [ 110.132724961685838, 25.209845870056796, 0.0 ], [ 110.13323922569667, 25.210016546270875, 0.0 ], [ 110.13397288473746, 25.210283075359342, 0.0 ], [ 110.134134258393303, 25.20999799515706, 0.0 ], [ 110.134410047922003, 25.20956760880291, 0.0 ], [ 110.134685835478535, 25.209137221857986, 0.0 ], [ 110.134843438360051, 25.208693997577821, 0.0 ], [ 110.134394554418577, 25.208440153032175, 0.0 ], [ 110.133939073185559, 25.208163613669861, 0.0 ], [ 110.133483594036349, 25.207887072948775, 0.0 ], [ 110.133028116970749, 25.207610530868944, 0.0 ] ] ] } },
{ "type": "Feature", "properties": { }, "geometry": { "type": "Polygon", "coordinates": [ [ [ 110.12967393353513, 25.204891406042432, 0.0 ], [ 110.12929404592623, 25.204820981106636, 0.0 ], [ 110.128998572901267, 25.204867178514164, 0.0 ], [ 110.128610787665707, 25.205848626694966, 0.0 ], [ 110.128407811065188, 25.206149141430714, 0.0 ], [ 110.128119911600052, 25.206793241420922, 0.0 ], [ 110.12773775994296, 25.207755615717737, 0.0 ], [ 110.127294571389868, 25.209063475062734, 0.0 ], [ 110.127678338750471, 25.209113631566222, 0.0 ], [ 110.128062106457165, 25.209163787081579, 0.0 ], [ 110.128445874510092, 25.209213941608809, 0.0 ], [ 110.128829642909153, 25.209264095147887, 0.0 ], [ 110.129213411654334, 25.209314247698824, 0.0 ], [ 110.129506446840509, 25.209161460376084, 0.0 ], [ 110.129585406111588, 25.208816135282166, 0.0 ], [ 110.129664364906745, 25.208470810118257, 0.0 ], [ 110.129743323226236, 25.208125484884313, 0.0 ], [ 110.129822281069977, 25.207780159580373, 0.0 ], [ 110.129901238437995, 25.207434834206417, 0.0 ], [ 110.12998019533029, 25.207089508762468, 0.0 ], [ 110.130059151746877, 25.206744183248517, 0.0 ], [ 110.130138107687785, 25.206398857664563, 0.0 ], [ 110.130217063044782, 25.206053531990118, 0.0 ], [ 110.130296018125293, 25.205708206283383, 0.0 ], [ 110.130374972730124, 25.205362880506655, 0.0 ], [ 110.130433710155287, 25.205032253018906, 0.0 ], [ 110.130053821611511, 25.204961830013193, 0.0 ], [ 110.12967393353513, 25.204891406042432, 0.0 ] ] ] } },
{ "type": "Feature", "properties": { }, "geometry": { "type": "Polygon", "coordinates": [ [ [ 110.13186145638889, 25.204973747962832, 0.0 ], [ 110.131012610669472, 25.204896082359909, 0.0 ], [ 110.130699333846025, 25.205273895638118, 0.0 ], [ 110.130572375801705, 25.20582918257805, 0.0 ], [ 110.130445416527522, 25.206384469337003, 0.0 ], [ 110.130318456023346, 25.206939755914981, 0.0 ], [ 110.130191494289264, 25.207495042311976, 0.0 ], [ 110.130064531325104, 25.20805032852796, 0.0 ], [ 110.129937567131009, 25.208605614562956, 0.0 ], [ 110.129810601706637, 25.209160900416922, 0.0 ], [ 110.130223853368733, 25.209446291401846, 0.0 ], [ 110.130840958742496, 25.209526930947831, 0.0 ], [ 110.131271795986862, 25.209352628769022, 0.0 ], [ 110.13141984311703, 25.208801749686664, 0.0 ], [ 110.131537278980048, 25.208244934177294, 0.0 ], [ 110.13167258460453, 25.207691442024625, 0.0 ], [ 110.131775496122387, 25.207132098917768, 0.0 ], [ 110.131797627714022, 25.206566777527861, 0.0 ], [ 110.131881826063349, 25.206006326239713, 0.0 ], [ 110.131894220851336, 25.205481594009669, 0.0 ], [ 110.13186145638889, 25.204973747962832, 0.0 ] ] ] } },
{ "type": "Feature", "properties": { }, "geometry": { "type": "Polygon", "coordinates": [ [ [ 110.128134945443747, 25.203750812222637, 0.0 ], [ 110.128572329210101, 25.203625297241103, 0.0 ], [ 110.129036586037103, 25.203697849271688, 0.0 ], [ 110.129462106281579, 25.203903812037346, 0.0 ], [ 110.129870155566934, 25.204137668406982, 0.0 ], [ 110.130295444382739, 25.204339643106454, 0.0 ], [ 110.130743689493258, 25.20436913165733, 0.0 ], [ 110.130992222356312, 25.203993086646552, 0.0 ], [ 110.131243309231493, 25.203618412791972, 0.0 ], [ 110.131361799534318, 25.203219729986508, 0.0 ], [ 110.131005787580804, 25.202955293310016, 0.0 ], [ 110.130596822797756, 25.20272264838059, 0.0 ], [ 110.130187859591686, 25.202490002354303, 0.0 ], [ 110.129776674203711, 25.202260649472443, 0.0 ], [ 110.129357727749806, 25.202043246354066, 0.0 ], [ 110.128931161828547, 25.201838475673249, 0.0 ], [ 110.12849743588707, 25.201646559163319, 0.0 ], [ 110.128057013667473, 25.201467712329773, 0.0 ], [ 110.127610374344826, 25.201302120736024, 0.0 ], [ 110.12715800034114, 25.201149961322773, 0.0 ], [ 110.12670037925875, 25.201011398640322, 0.0 ], [ 110.126301404045094, 25.201193778815036, 0.0 ], [ 110.126110774313418, 25.20159682183203, 0.0 ], [ 110.125942462942291, 25.202008008845631, 0.0 ], [ 110.125796884280732, 25.202426316273165, 0.0 ], [ 110.125674401284869, 25.20285070477037, 0.0 ], [ 110.12557531883914, 25.203280119583379, 0.0 ], [ 110.125499883383611, 25.203713493368657, 0.0 ], [ 110.125448281723052, 25.204149748880333, 0.0 ], [ 110.125420643721526, 25.204587801933791, 0.0 ], [ 110.12541703785314, 25.205026563653881, 0.0 ], [ 110.125437472396371, 25.205464943495603, 0.0 ], [ 110.125481842335518, 25.205901857727138, 0.0 ], [ 110.125537227428794, 25.206337775406521, 0.0 ], [ 110.12559261286701, 25.206773693050348, 0.0 ], [ 110.125647998650223, 25.207209610658623, 0.0 ], [ 110.125703384778305, 25.207645528231343, 0.0 ], [ 110.125758771251341, 25.208081445768492, 0.0 ], [ 110.126187653794815, 25.208200786454849, 0.0 ], [ 110.126606243525714, 25.208042094182002, 0.0 ], [ 110.126843530471803, 25.207660874916773, 0.0 ], [ 110.127134571667895, 25.207311956993912, 0.0 ], [ 110.127323798136814, 25.206927347877542, 0.0 ], [ 110.127370395047393, 25.206491744896194, 0.0 ], [ 110.127456117437305, 25.206060551163425, 0.0 ], [ 110.127617495385678, 25.205647393974882, 0.0 ], [ 110.127865742321021, 25.204912973270467, 0.0 ], [ 110.127763577282948, 25.204487936638923, 0.0 ], [ 110.127836722736873, 25.204069305213064, 0.0 ], [ 110.128134945443747, 25.203750812222637, 0.0 ] ] ] } },
{ "type": "Feature", "properties": { }, "geometry": { "type": "Polygon", "coordinates": [ [ [ 110.129824071317614, 25.196607367022835, 0.0 ], [ 110.129469300840881, 25.196443951963069, 0.0 ], [ 110.129037212557776, 25.196991116143799, 0.0 ], [ 110.128845775400123, 25.197308224556011, 0.0 ], [ 110.128654337232319, 25.197625332680445, 0.0 ], [ 110.128462898054082, 25.197942440517092, 0.0 ], [ 110.12827145786558, 25.198259548065952, 0.0 ], [ 110.128080016666743, 25.198576655326999, 0.0 ], [ 110.127888574457444, 25.198893762300226, 0.0 ], [ 110.127697131237824, 25.199210868985634, 0.0 ], [ 110.127505687007783, 25.199527975383191, 0.0 ], [ 110.127314241767252, 25.19984508149291, 0.0 ], [ 110.1271227955163, 25.200162187314763, 0.0 ], [ 110.126931348254885, 25.200479292848751, 0.0 ], [ 110.127422435201893, 25.200852403822914, 0.0 ], [ 110.12779455751064, 25.20097993330436, 0.0 ], [ 110.128162853996642, 25.201116347306069, 0.0 ], [ 110.128527070828341, 25.201261545985588, 0.0 ], [ 110.128886955328937, 25.201415427867111, 0.0 ], [ 110.129242257366883, 25.201577886366074, 0.0 ], [ 110.129592730460232, 25.201748808130851, 0.0 ], [ 110.12993812359349, 25.201928086226953, 0.0 ], [ 110.130278202645187, 25.202115585705002, 0.0 ], [ 110.130615387276478, 25.202307384104127, 0.0 ], [ 110.130952565169338, 25.202499193137836, 0.0 ], [ 110.131289744134008, 25.202691001425958, 0.0 ], [ 110.131908449479184, 25.202582058828646, 0.0 ], [ 110.132064752039625, 25.202249494642629, 0.0 ], [ 110.132190345657435, 25.201906326449883, 0.0 ], [ 110.132284374121298, 25.201554896998843, 0.0 ], [ 110.132346193537387, 25.201197604803877, 0.0 ], [ 110.132587319239121, 25.197972426745146, 0.0 ], [ 110.132307491745379, 25.197751249219358, 0.0 ], [ 110.131952714495995, 25.19758783996518, 0.0 ], [ 110.131597938214213, 25.197424429881575, 0.0 ], [ 110.131243162899835, 25.197261018968565, 0.0 ], [ 110.130888388553061, 25.197097607226166, 0.0 ], [ 110.130533615173704, 25.196934194654396, 0.0 ], [ 110.130178842761936, 25.196770781253278, 0.0 ], [ 110.129824071317614, 25.196607367022835, 0.0 ] ] ] } },
{ "type": "Feature", "properties": { }, "geometry": { "type": "Polygon", "coordinates": [ [ [ 110.131943299339412, 25.193016762349068, 0.0 ], [ 110.131749166019418, 25.19282359386969, 0.0 ], [ 110.131545488147097, 25.192836072987959, 0.0 ], [ 110.131406994955398, 25.193065500397068, 0.0 ], [ 110.131268501235027, 25.193294927655607, 0.0 ], [ 110.131130006985913, 25.193524354763586, 0.0 ], [ 110.130991512208212, 25.193753781721021, 0.0 ], [ 110.130853016901725, 25.193983208527868, 0.0 ], [ 110.130714521066707, 25.194212635184151, 0.0 ], [ 110.130576024702847, 25.194442061689845, 0.0 ], [ 110.130437527810315, 25.194671488044964, 0.0 ], [ 110.130299030389025, 25.194900914249502, 0.0 ], [ 110.130160532439049, 25.195130340303447, 0.0 ], [ 110.130022033960273, 25.195359766206799, 0.0 ], [ 110.129883534952839, 25.195589191959556, 0.0 ], [ 110.129745035416619, 25.195818617561706, 0.0 ], [ 110.129615001894351, 25.196048861564748, 0.0 ], [ 110.129824581587457, 25.196202913605241, 0.0 ], [ 110.130081254163585, 25.196321142166358, 0.0 ], [ 110.130337927245989, 25.19643937029339, 0.0 ], [ 110.130594600834968, 25.196557597986324, 0.0 ], [ 110.130851274930293, 25.196675825245141, 0.0 ], [ 110.131107949532023, 25.196794052069844, 0.0 ], [ 110.131364624640185, 25.196912278460442, 0.0 ], [ 110.131621300254764, 25.197030504416894, 0.0 ], [ 110.131877976375819, 25.197148729939212, 0.0 ], [ 110.132134653003234, 25.197266955027398, 0.0 ], [ 110.132391330137054, 25.197385179681437, 0.0 ], [ 110.133186957743746, 25.196708747742935, 0.0 ], [ 110.133326294214442, 25.196529210347958, 0.0 ], [ 110.133438057847513, 25.196288014686402, 0.0 ], [ 110.133549821027728, 25.196046818920891, 0.0 ], [ 110.133661583754957, 25.195805623051434, 0.0 ], [ 110.133773346029429, 25.195564427078029, 0.0 ], [ 110.133885107850915, 25.195323231000689, 0.0 ], [ 110.133996869219516, 25.195082034819404, 0.0 ], [ 110.133993273207651, 25.194829037284471, 0.0 ], [ 110.133821476131956, 25.194635958259074, 0.0 ], [ 110.133601657923776, 25.194467100249202, 0.0 ], [ 110.133384523910408, 25.194295391590757, 0.0 ], [ 110.133170110752971, 25.194120875713086, 0.0 ], [ 110.132958470694732, 25.193943579973045, 0.0 ], [ 110.132749641965134, 25.193763545954454, 0.0 ], [ 110.132543665907235, 25.193580811853042, 0.0 ], [ 110.132340593430825, 25.193395407170765, 0.0 ], [ 110.132140455362361, 25.193207379791154, 0.0 ], [ 110.131943299339412, 25.193016762349068, 0.0 ] ] ] } },
{ "type": "Feature", "properties": { }, "geometry": { "type": "Polygon", "coordinates": [ [ [ 110.134397599575706, 25.189306632400022, 0.0 ], [ 110.13388723811839, 25.189046062521527, 0.0 ], [ 110.133584797993166, 25.189457637700539, 0.0 ], [ 110.133303066879293, 25.189924382748124, 0.0 ], [ 110.133021333577972, 25.190391127172841, 0.0 ], [ 110.132739598089088, 25.190857870974646, 0.0 ], [ 110.132457860412629, 25.191324614153515, 0.0 ], [ 110.132176120548465, 25.191791356709409, 0.0 ], [ 110.131894378496568, 25.192258098642295, 0.0 ], [ 110.132254463131403, 25.192658146123421, 0.0 ], [ 110.132657169499282, 25.193044520687376, 0.0 ], [ 110.133072380792257, 25.19341977896557, 0.0 ], [ 110.133499727468887, 25.193783585246326, 0.0 ], [ 110.133938827987166, 25.19413561506229, 0.0 ], [ 110.134439115877385, 25.19419755742647, 0.0 ], [ 110.134692991593298, 25.193717758903841, 0.0 ], [ 110.134946865587565, 25.193237959999497, 0.0 ], [ 110.135200737545887, 25.192758160575778, 0.0 ], [ 110.135397886726508, 25.192286409154931, 0.0 ], [ 110.134995509483417, 25.191899725224864, 0.0 ], [ 110.134593134777532, 25.191513040247724, 0.0 ], [ 110.134190782594501, 25.191126337111026, 0.0 ], [ 110.134007660893502, 25.190637042985589, 0.0 ], [ 110.134228572166776, 25.190148161516877, 0.0 ], [ 110.134497431632127, 25.189675172421211, 0.0 ], [ 110.134397599575706, 25.189306632400022, 0.0 ] ] ] } },
{ "type": "Feature", "properties": { }, "geometry": { "type": "Polygon", "coordinates": [ [ [ 110.129152720408172, 25.185571447781459, 0.0 ], [ 110.128855231387263, 25.18540057763774, 0.0 ], [ 110.128568290402669, 25.185594472531871, 0.0 ], [ 110.128451954500477, 25.185855154324429, 0.0 ], [ 110.128358218884202, 25.186184567336628, 0.0 ], [ 110.128128740226515, 25.186487988009432, 0.0 ], [ 110.127872529603124, 25.186777584507965, 0.0 ], [ 110.127498426036482, 25.186812403301452, 0.0 ], [ 110.127264851017131, 25.18691985516223, 0.0 ], [ 110.127263443848179, 25.187193257340965, 0.0 ], [ 110.127502001347395, 25.187456450600489, 0.0 ], [ 110.12774055986614, 25.187719643493519, 0.0 ], [ 110.12797911940423, 25.187982836020065, 0.0 ], [ 110.12821767996185, 25.188246028180103, 0.0 ], [ 110.128456241538856, 25.188509219973621, 0.0 ], [ 110.128694804135449, 25.188772411400599, 0.0 ], [ 110.129018742780502, 25.188888974310824, 0.0 ], [ 110.129309684923825, 25.188704447089997, 0.0 ], [ 110.129581360604973, 25.18846932709754, 0.0 ], [ 110.129853035244537, 25.188234206570858, 0.0 ], [ 110.130124708842544, 25.187999085509968, 0.0 ], [ 110.130396381398981, 25.187763963914886, 0.0 ], [ 110.13066805291389, 25.187528841785618, 0.0 ], [ 110.130919991533091, 25.187287514869119, 0.0 ], [ 110.130758705731196, 25.187003270806258, 0.0 ], [ 110.130478893875576, 25.186776199535927, 0.0 ], [ 110.130203818028477, 25.186544387254227, 0.0 ], [ 110.129933566368521, 25.186307924081984, 0.0 ], [ 110.129668238014389, 25.186066889258012, 0.0 ], [ 110.129407927767161, 25.185821366412384, 0.0 ], [ 110.129152720408172, 25.185571447781459, 0.0 ] ] ] } },
{ "type": "Feature", "properties": { }, "geometry": { "type": "Polygon", "coordinates": [ [ [ 110.131622444524453, 25.187653101498011, 0.0 ], [ 110.131301978367006, 25.187420596214309, 0.0 ], [ 110.130951451291196, 25.187532717449589, 0.0 ], [ 110.130654463463244, 25.187789751042878, 0.0 ], [ 110.130357474390593, 25.188046783997788, 0.0 ], [ 110.130060484073127, 25.188303816314324, 0.0 ], [ 110.12976349251106, 25.188560847992456, 0.0 ], [ 110.129466499704165, 25.188817879032161, 0.0 ], [ 110.129192915782028, 25.189084331845081, 0.0 ], [ 110.12928620609226, 25.189424862603882, 0.0 ], [ 110.129547003990467, 25.189712579316581, 0.0 ], [ 110.129807803107184, 25.190000295591165, 0.0 ], [ 110.130068603442311, 25.190288011427626, 0.0 ], [ 110.130329404995933, 25.190575726825934, 0.0 ], [ 110.130590207768122, 25.190863441786089, 0.0 ], [ 110.130851011758708, 25.191151156308067, 0.0 ], [ 110.131111816967916, 25.191438870391835, 0.0 ], [ 110.131383351669101, 25.191417172411871, 0.0 ], [ 110.131580674699151, 25.191090282596061, 0.0 ], [ 110.131777996656112, 25.19076339247464, 0.0 ], [ 110.131975317539982, 25.190436502047621, 0.0 ], [ 110.132172637350806, 25.190109611315023, 0.0 ], [ 110.132369956088596, 25.189782720276835, 0.0 ], [ 110.132567273753395, 25.189455828933102, 0.0 ], [ 110.132764590345204, 25.189128937283808, 0.0 ], [ 110.132961905864065, 25.188802045328973, 0.0 ], [ 110.132954686307201, 25.188521866114307, 0.0 ], [ 110.132614351623658, 25.188314044005896, 0.0 ], [ 110.132278772875921, 25.188099915164354, 0.0 ], [ 110.131948091113486, 25.187879569759613, 0.0 ], [ 110.131622444524453, 25.187653101498011, 0.0 ] ] ] } },
{ "type": "Feature", "properties": { }, "geometry": { "type": "Polygon", "coordinates": [ [ [ 110.12907860371493, 25.189905146072785, 0.0 ], [ 110.128845210046805, 25.189647662484436, 0.0 ], [ 110.128229971481261, 25.189888007465697, 0.0 ], [ 110.127964275387441, 25.190118117018955, 0.0 ], [ 110.127703693579889, 25.190353000184988, 0.0 ], [ 110.127451256190625, 25.190595135437771, 0.0 ], [ 110.127207207279625, 25.190844289371089, 0.0 ], [ 110.126971781692802, 25.191100220894011, 0.0 ], [ 110.126745208248465, 25.191362684110032, 0.0 ], [ 110.126527704514345, 25.191631424784237, 0.0 ], [ 110.126319480591249, 25.191906183606065, 0.0 ], [ 110.126120737390565, 25.192186695302016, 0.0 ], [ 110.125931667753946, 25.192472689635341, 0.0 ], [ 110.125752453267722, 25.19276388998799, 0.0 ], [ 110.125583267976623, 25.193060015756366, 0.0 ], [ 110.125424273900848, 25.193360780457098, 0.0 ], [ 110.125275625946685, 25.193665894363711, 0.0 ], [ 110.125194734970222, 25.193974519450183, 0.0 ], [ 110.126103298272952, 25.194488739888413, 0.0 ], [ 110.126430569184592, 25.194639499735615, 0.0 ], [ 110.126757840919623, 25.194790258877205, 0.0 ], [ 110.127085113478032, 25.194941017313184, 0.0 ], [ 110.127412386859859, 25.195091775043522, 0.0 ], [ 110.127739661065064, 25.195242532068214, 0.0 ], [ 110.128066936093674, 25.195393288387255, 0.0 ], [ 110.128394211945661, 25.195544044000602, 0.0 ], [ 110.128939323902998, 25.195465831335522, 0.0 ], [ 110.129115924269215, 25.195173294365322, 0.0 ], [ 110.12929252377576, 25.194880757150234, 0.0 ], [ 110.129469122422648, 25.194588219690282, 0.0 ], [ 110.129645720209894, 25.194295681985469, 0.0 ], [ 110.129822317137595, 25.194003144035808, 0.0 ], [ 110.129998913205526, 25.1937106058413, 0.0 ], [ 110.130175508414027, 25.193418067401968, 0.0 ], [ 110.130352102762799, 25.193125528717804, 0.0 ], [ 110.130528696252185, 25.19283298978883, 0.0 ], [ 110.13070528888187, 25.192540450615045, 0.0 ], [ 110.130945781513603, 25.191965007159226, 0.0 ], [ 110.130712380873049, 25.191707525751653, 0.0 ], [ 110.130478981208455, 25.191450043993132, 0.0 ], [ 110.130245582519777, 25.191192561883675, 0.0 ], [ 110.130012184807029, 25.190935079423291, 0.0 ], [ 110.129778788070254, 25.190677596612002, 0.0 ], [ 110.129545392309268, 25.190420113449807, 0.0 ], [ 110.129311997524169, 25.190162629936733, 0.0 ], [ 110.12907860371493, 25.189905146072785, 0.0 ] ] ] } },
{ "type": "Feature", "properties": { }, "geometry": { "type": "Polygon", "coordinates": [ [ [ 110.125405874718865, 25.194572158311949, 0.0 ], [ 110.125182042801697, 25.194469046564087, 0.0 ], [ 110.124949415950084, 25.194524279775358, 0.0 ], [ 110.12485224104779, 25.194723524504575, 0.0 ], [ 110.124781402596895, 25.194942503063942, 0.0 ], [ 110.124715693083061, 25.1951628014858, 0.0 ], [ 110.124655144375993, 25.195384320823756, 0.0 ], [ 110.124599781812904, 25.195606960580822, 0.0 ], [ 110.124549632386717, 25.195830620621763, 0.0 ], [ 110.124504716973178, 25.196055199603542, 0.0 ], [ 110.124465057274108, 25.196280596344611, 0.0 ], [ 110.12443067038167, 25.196506708926361, 0.0 ], [ 110.124401572294104, 25.196733435293844, 0.0 ], [ 110.124377775234009, 25.196960672969464, 0.0 ], [ 110.124664407697693, 25.197252556569527, 0.0 ], [ 110.12490699024741, 25.197310816541393, 0.0 ], [ 110.125149573040019, 25.197369076121099, 0.0 ], [ 110.12539215607552, 25.197427335308642, 0.0 ], [ 110.125634739353984, 25.197485594104009, 0.0 ], [ 110.125877322875283, 25.197543852507206, 0.0 ], [ 110.126119906639445, 25.197602110518226, 0.0 ], [ 110.1263624906465, 25.197660368137072, 0.0 ], [ 110.126605074896489, 25.197718625363731, 0.0 ], [ 110.126847659389298, 25.197776882198216, 0.0 ], [ 110.127515433894814, 25.197824431525671, 0.0 ], [ 110.127636222353331, 25.19762435589918, 0.0 ], [ 110.127757010409724, 25.19742428015811, 0.0 ], [ 110.127877798063906, 25.197224204302458, 0.0 ], [ 110.127998585315822, 25.197024128332234, 0.0 ], [ 110.128119372165642, 25.196824052247443, 0.0 ], [ 110.128240158613295, 25.196623976048084, 0.0 ], [ 110.128360944658681, 25.196423899734164, 0.0 ], [ 110.1284817303019, 25.196223823305672, 0.0 ], [ 110.128315724692456, 25.195912580998314, 0.0 ], [ 110.128091887768093, 25.195809473541399, 0.0 ], [ 110.127868051228887, 25.1957063657544, 0.0 ], [ 110.127644215074923, 25.195603257637288, 0.0 ], [ 110.127420379305974, 25.195500149190092, 0.0 ], [ 110.127196543922338, 25.195397040412804, 0.0 ], [ 110.126972708923802, 25.195293931305439, 0.0 ], [ 110.126748874310437, 25.195190821867996, 0.0 ], [ 110.126525040082228, 25.195087712100484, 0.0 ], [ 110.126301206239205, 25.194984602002886, 0.0 ], [ 110.126077372781424, 25.194881491575234, 0.0 ], [ 110.125853539708729, 25.194778380817528, 0.0 ], [ 110.125629707021218, 25.19467526972976, 0.0 ], [ 110.125405874718865, 25.194572158311949, 0.0 ] ] ] } },
{ "type": "Feature", "properties": { }, "geometry": { "type": "Polygon", "coordinates": [ [ [ 110.124784317649315, 25.197561420884714, 0.0 ], [ 110.12458647969278, 25.197513906851785, 0.0 ], [ 110.12433675133326, 25.197728323714124, 0.0 ], [ 110.124335904866172, 25.197914485763661, 0.0 ], [ 110.124338605645164, 25.198100633180498, 0.0 ], [ 110.124343236586043, 25.198286751453736, 0.0 ], [ 110.124347871258792, 25.198472869646633, 0.0 ], [ 110.124352505936528, 25.19865898783512, 0.0 ], [ 110.124357140619182, 25.198845106019231, 0.0 ], [ 110.124361775306724, 25.19903122419894, 0.0 ], [ 110.124366409999197, 25.199217342374251, 0.0 ], [ 110.124371044696559, 25.199403460545163, 0.0 ], [ 110.124375679398767, 25.199589578711684, 0.0 ], [ 110.124380314105949, 25.199775696873818, 0.0 ], [ 110.124384948818047, 25.199961815031553, 0.0 ], [ 110.124635470261495, 25.200200859489826, 0.0 ], [ 110.124837383356663, 25.200231025645106, 0.0 ], [ 110.125038828077649, 25.200263681408831, 0.0 ], [ 110.125239767703761, 25.200298819127191, 0.0 ], [ 110.125440164741661, 25.200336434814968, 0.0 ], [ 110.125639982363921, 25.200376521154123, 0.0 ], [ 110.125839183926971, 25.200419070168799, 0.0 ], [ 110.126084646944506, 25.200194346039293, 0.0 ], [ 110.12618315961663, 25.200031175962188, 0.0 ], [ 110.126281672021264, 25.199868005808852, 0.0 ], [ 110.126380184158364, 25.199704835579279, 0.0 ], [ 110.126478696027888, 25.199541665273493, 0.0 ], [ 110.126577207629794, 25.199378494891469, 0.0 ], [ 110.12667571896425, 25.199215324433226, 0.0 ], [ 110.126774230031145, 25.199052153898769, 0.0 ], [ 110.126872740830507, 25.198888983288082, 0.0 ], [ 110.126971251362264, 25.198725812601182, 0.0 ], [ 110.127069761626558, 25.198562641838059, 0.0 ], [ 110.127168271623319, 25.198399470998712, 0.0 ], [ 110.127266781352489, 25.19823630008316, 0.0 ], [ 110.126960545833683, 25.198084058031302, 0.0 ], [ 110.126762706100095, 25.198036546867669, 0.0 ], [ 110.126564866528128, 25.197989035443179, 0.0 ], [ 110.126367027117624, 25.197941523757851, 0.0 ], [ 110.126169187868584, 25.19789401181167, 0.0 ], [ 110.125971348781235, 25.19784649960463, 0.0 ], [ 110.125773509855364, 25.197798987136753, 0.0 ], [ 110.125575671091056, 25.197751474408026, 0.0 ], [ 110.125377832488283, 25.197703961418455, 0.0 ], [ 110.125179994047059, 25.197656448168047, 0.0 ], [ 110.124982155767412, 25.197608934656795, 0.0 ], [ 110.124784317649315, 25.197561420884714, 0.0 ] ] ] } },
{ "type": "Feature", "properties": { }, "geometry": { "type": "Polygon", "coordinates": [ [ [ 110.123312423065329, 25.200427601403511, 0.0 ], [ 110.122898072529225, 25.200406711572651, 0.0 ], [ 110.123123831874182, 25.200718619488775, 0.0 ], [ 110.123354014258155, 25.201032791502811, 0.0 ], [ 110.123584198061536, 25.201346963024143, 0.0 ], [ 110.123814383164316, 25.201661134125462, 0.0 ], [ 110.123805154591054, 25.202314301652141, 0.0 ], [ 110.124210460815931, 25.202344319535044, 0.0 ], [ 110.124624519774358, 25.202369822678794, 0.0 ], [ 110.124909498066856, 25.202182793872542, 0.0 ], [ 110.125106118670274, 25.201850285556755, 0.0 ], [ 110.125302738401729, 25.201517777042337, 0.0 ], [ 110.125499356772934, 25.201185268090263, 0.0 ], [ 110.12575607978313, 25.200771875153023, 0.0 ], [ 110.125365371096564, 25.200691104424617, 0.0 ], [ 110.124958383529716, 25.200617328529201, 0.0 ], [ 110.124549268755686, 25.200554037597776, 0.0 ], [ 110.124138350229188, 25.200501300300669, 0.0 ], [ 110.123725958715156, 25.200459143534587, 0.0 ], [ 110.123312423065329, 25.200427601403511, 0.0 ] ] ] } },
{ "type": "Feature", "properties": { }, "geometry": { "type": "Polygon", "coordinates": [ [ [ 110.122308598321766, 25.196966815698165, 0.0 ], [ 110.121785817380967, 25.196841250749348, 0.0 ], [ 110.1216044744519, 25.197192867279192, 0.0 ], [ 110.121616710626014, 25.197684684428719, 0.0 ], [ 110.121628946834235, 25.198176501547575, 0.0 ], [ 110.121641183076392, 25.198668318635757, 0.0 ], [ 110.121909753194373, 25.199085450123171, 0.0 ], [ 110.122213807574695, 25.19949224288478, 0.0 ], [ 110.122517863952226, 25.199899035053559, 0.0 ], [ 110.122977777439502, 25.200048457784749, 0.0 ], [ 110.123517367605473, 25.200079608599697, 0.0 ], [ 110.124042199054145, 25.200089493802839, 0.0 ], [ 110.124178905156128, 25.199657747517897, 0.0 ], [ 110.124166658872682, 25.199165930424911, 0.0 ], [ 110.124154412623412, 25.19867411330123, 0.0 ], [ 110.124142166408461, 25.198182296146864, 0.0 ], [ 110.124138915555363, 25.197690399214224, 0.0 ], [ 110.123876947914155, 25.19734349961719, 0.0 ], [ 110.123354163588459, 25.19721794013212, 0.0 ], [ 110.122831380391005, 25.197092378825772, 0.0 ], [ 110.122308598321766, 25.196966815698165, 0.0 ] ] ] } },
{ "type": "Feature", "properties": { }, "geometry": { "type": "Polygon", "coordinates": [ [ [ 110.122392065460389, 25.19309670724455, 0.0 ], [ 110.121830309733284, 25.19276347034867, 0.0 ], [ 110.12150733245835, 25.193128203728953, 0.0 ], [ 110.121518526997519, 25.19373826435238, 0.0 ], [ 110.121533704130329, 25.194348297868775, 0.0 ], [ 110.121548881315391, 25.194958331337993, 0.0 ], [ 110.121564058552778, 25.195568364760021, 0.0 ], [ 110.121579235842404, 25.196178398134851, 0.0 ], [ 110.121934308736058, 25.196596849186186, 0.0 ], [ 110.122582747550965, 25.196752594616914, 0.0 ], [ 110.123231188101769, 25.196908337245688, 0.0 ], [ 110.123879630388316, 25.197064077072444, 0.0 ], [ 110.124208760631248, 25.196676429619913, 0.0 ], [ 110.124300374181857, 25.196072039849117, 0.0 ], [ 110.124428936883405, 25.195473247441864, 0.0 ], [ 110.124594045760475, 25.194881920573142, 0.0 ], [ 110.124702404164736, 25.194304060190561, 0.0 ], [ 110.124146106569071, 25.193991819256816, 0.0 ], [ 110.1235507584977, 25.193710961654343, 0.0 ], [ 110.122965761458445, 25.19341265723779, 0.0 ], [ 110.122392065460389, 25.19309670724455, 0.0 ] ] ] } },
{ "type": "Feature", "properties": { }, "geometry": { "type": "Polygon", "coordinates": [ [ [ 110.11937566166327, 25.196262336793684, 0.0 ], [ 110.118439363481542, 25.196037428143725, 0.0 ], [ 110.11853427712704, 25.1967178933144, 0.0 ], [ 110.118891619902982, 25.197516865967536, 0.0 ], [ 110.119769967941053, 25.197887882690086, 0.0 ], [ 110.120648321436732, 25.198258894321221, 0.0 ], [ 110.121397598794616, 25.198450409267153, 0.0 ], [ 110.121235128857904, 25.196731825728428, 0.0 ], [ 110.120311963465099, 25.196487239602199, 0.0 ], [ 110.11937566166327, 25.196262336793684, 0.0 ] ] ] } },
{ "type": "Feature", "properties": { }, "geometry": { "type": "Polygon", "coordinates": [ [ [ 110.11854886215464, 25.190335111248025, 0.0 ], [ 110.118413827289956, 25.190227305240267, 0.0 ], [ 110.117986789851045, 25.190369545098473, 0.0 ], [ 110.1179083499879, 25.190516590823776, 0.0 ], [ 110.117834942833909, 25.190665771656082, 0.0 ], [ 110.117766629984018, 25.190816942271134, 0.0 ], [ 110.11770347529901, 25.190969958852406, 0.0 ], [ 110.117645547499336, 25.191124678801255, 0.0 ], [ 110.117592964247137, 25.191280970890126, 0.0 ], [ 110.117545705703563, 25.191438664040223, 0.0 ], [ 110.117503817765595, 25.191597608836556, 0.0 ], [ 110.117467339605113, 25.19175765429236, 0.0 ], [ 110.117436331519272, 25.191918652248706, 0.0 ], [ 110.117410852121552, 25.192080450908939, 0.0 ], [ 110.117390872104622, 25.192242887329186, 0.0 ], [ 110.117376411119892, 25.192405807373621, 0.0 ], [ 110.117367480620146, 25.192569056262307, 0.0 ], [ 110.117364134859869, 25.192732479272042, 0.0 ], [ 110.117366370559296, 25.192895917539776, 0.0 ], [ 110.117374147324171, 25.193059214774266, 0.0 ], [ 110.117387458255166, 25.193222215996411, 0.0 ], [ 110.117406290454241, 25.193384766533409, 0.0 ], [ 110.117430688306484, 25.193546703419511, 0.0 ], [ 110.117460584594994, 25.193707874827457, 0.0 ], [ 110.117495932881184, 25.193868129726841, 0.0 ], [ 110.117536698810127, 25.194027316179046, 0.0 ], [ 110.117582844357997, 25.194185282959051, 0.0 ], [ 110.117634401875321, 25.194341858097697, 0.0 ], [ 110.117691138004361, 25.19449694424344, 0.0 ], [ 110.117749790229837, 25.194651445389383, 0.0 ], [ 110.117808442597806, 25.194805946512894, 0.0 ], [ 110.117867095108096, 25.194960447613962, 0.0 ], [ 110.117925747760964, 25.195114948692598, 0.0 ], [ 110.117984400556082, 25.195269449748793, 0.0 ], [ 110.118043053493679, 25.195423950782548, 0.0 ], [ 110.118231994682347, 25.195690473893677, 0.0 ], [ 110.11839667882775, 25.195747105570621, 0.0 ], [ 110.118570380271592, 25.195788831129587, 0.0 ], [ 110.118744081840106, 25.195830556487508, 0.0 ], [ 110.11891778353322, 25.195872281644377, 0.0 ], [ 110.119091485350864, 25.195914006600212, 0.0 ], [ 110.119265187293166, 25.195955731354996, 0.0 ], [ 110.119438889360083, 25.195997455908746, 0.0 ], [ 110.119612591551601, 25.196039180261433, 0.0 ], [ 110.119786293867634, 25.196080904413087, 0.0 ], [ 110.119959996308324, 25.196122628363685, 0.0 ], [ 110.120133698873616, 25.196164352113232, 0.0 ], [ 110.120307401563409, 25.196206075661728, 0.0 ], [ 110.120481104377873, 25.196247799009171, 0.0 ], [ 110.120654807316924, 25.196289522155556, 0.0 ], [ 110.120828510380477, 25.1963312451009, 0.0 ], [ 110.121002213568701, 25.196372967845175, 0.0 ], [ 110.121175916883857, 25.196414690380315, 0.0 ], [ 110.121332650522831, 25.196362575342519, 0.0 ], [ 110.12134174964234, 25.196205424548694, 0.0 ], [ 110.121337684245859, 25.196042008471039, 0.0 ], [ 110.121333618853058, 25.195878592389985, 0.0 ], [ 110.121329553463994, 25.195715176305551, 0.0 ], [ 110.121325488078753, 25.195551760217725, 0.0 ], [ 110.121321422697278, 25.195388344126524, 0.0 ], [ 110.121317357319455, 25.195224928031923, 0.0 ], [ 110.121313291945384, 25.19506151193395, 0.0 ], [ 110.121309226575136, 25.194898095832574, 0.0 ], [ 110.121305161208625, 25.19473467972783, 0.0 ], [ 110.121301095845809, 25.194571263619686, 0.0 ], [ 110.121297030486716, 25.194407847508156, 0.0 ], [ 110.12129296513146, 25.194244431393244, 0.0 ], [ 110.12128889977987, 25.194081015274943, 0.0 ], [ 110.121284834432103, 25.193917599153263, 0.0 ], [ 110.121280769088017, 25.193754183028194, 0.0 ], [ 110.121276703747725, 25.193590766899732, 0.0 ], [ 110.121272638411128, 25.193427350767891, 0.0 ], [ 110.121268693880765, 25.19326393242779, 0.0 ], [ 110.12126995215489, 25.193100491627568, 0.0 ], [ 110.121279100991231, 25.192937258929895, 0.0 ], [ 110.121296123903278, 25.19277454963196, 0.0 ], [ 110.121262491224371, 25.192459136164352, 0.0 ], [ 110.12116047950154, 25.192332989186266, 0.0 ], [ 110.12101637592059, 25.192235384053404, 0.0 ], [ 110.120873239691363, 25.192136607709052, 0.0 ], [ 110.120731081984829, 25.192036668458666, 0.0 ], [ 110.120589913946148, 25.191935574617844, 0.0 ], [ 110.120449750035093, 25.191833330753489, 0.0 ], [ 110.120310598878618, 25.191729948133847, 0.0 ], [ 110.120172471040618, 25.191625435711895, 0.0 ], [ 110.120035378570961, 25.191519800817087, 0.0 ], [ 110.119899334571883, 25.19141304975582, 0.0 ], [ 110.119764186676946, 25.191305359990007, 0.0 ], [ 110.119629149664135, 25.191197555047832, 0.0 ], [ 110.119494112889996, 25.191089749987253, 0.0 ], [ 110.119359076354627, 25.190981944808271, 0.0 ], [ 110.119224040057929, 25.190874139510885, 0.0 ], [ 110.119089003999918, 25.190766334095102, 0.0 ], [ 110.118953968180605, 25.190658528560927, 0.0 ], [ 110.118818932599879, 25.190550722908352, 0.0 ], [ 110.118683897257853, 25.190442917137382, 0.0 ], [ 110.11854886215464, 25.190335111248025, 0.0 ] ] ] } },
{ "type": "Feature", "properties": { }, "geometry": { "type": "Polygon", "coordinates": [ [ [ 110.121374260788571, 25.187286272416294, 0.0 ], [ 110.121269432309091, 25.187235916583916, 0.0 ], [ 110.121136985018509, 25.187243536670323, 0.0 ], [ 110.12103252528857, 25.187309475094377, 0.0 ], [ 110.120936358099385, 25.187392692886981, 0.0 ], [ 110.120840190735805, 25.187475910570647, 0.0 ], [ 110.120744023241812, 25.187559128187356, 0.0 ], [ 110.120647855617335, 25.187642345737082, 0.0 ], [ 110.12055168786236, 25.187725563219836, 0.0 ], [ 110.120455519976829, 25.187808780635624, 0.0 ], [ 110.120359351960886, 25.187891997984433, 0.0 ], [ 110.120263183814373, 25.187975215266263, 0.0 ], [ 110.120167015537433, 25.188058432481121, 0.0 ], [ 110.120070847130023, 25.188141649628996, 0.0 ], [ 110.11997467859203, 25.188224866709906, 0.0 ], [ 110.119878509923623, 25.188308083723825, 0.0 ], [ 110.119782341124647, 25.188391300670762, 0.0 ], [ 110.119686172195259, 25.188474517550738, 0.0 ], [ 110.119590003135372, 25.188557734363716, 0.0 ], [ 110.119493833944986, 25.188640951109718, 0.0 ], [ 110.119397664624032, 25.188724167788742, 0.0 ], [ 110.119301495172593, 25.188807384400786, 0.0 ], [ 110.119205325590784, 25.18889060094584, 0.0 ], [ 110.119109552945815, 25.188974193785381, 0.0 ], [ 110.119015746139524, 25.189059610452976, 0.0 ], [ 110.118924111233639, 25.189146957299798, 0.0 ], [ 110.118834695348312, 25.189236187901678, 0.0 ], [ 110.118747544338888, 25.189327254882837, 0.0 ], [ 110.118662704814199, 25.189420111479112, 0.0 ], [ 110.118580221026335, 25.189514709023168, 0.0 ], [ 110.118515646704907, 25.189615530370343, 0.0 ], [ 110.118518502220951, 25.189736258876813, 0.0 ], [ 110.11854112946277, 25.189848604399455, 0.0 ], [ 110.11864088781013, 25.189928247230512, 0.0 ], [ 110.118740646280742, 25.190007890004026, 0.0 ], [ 110.118840404881695, 25.190087532712923, 0.0 ], [ 110.11894016361299, 25.190167175357224, 0.0 ], [ 110.119039922474457, 25.190246817936895, 0.0 ], [ 110.119139681466194, 25.190326460451953, 0.0 ], [ 110.119239440588203, 25.19040610290239, 0.0 ], [ 110.119339199840454, 25.19048574528821, 0.0 ], [ 110.119438959223046, 25.190565387609418, 0.0 ], [ 110.119538718735839, 25.190645029866008, 0.0 ], [ 110.119638478378903, 25.190724672057975, 0.0 ], [ 110.119738238152209, 25.190804314185321, 0.0 ], [ 110.119837998055871, 25.190883956248051, 0.0 ], [ 110.119937758089634, 25.190963598246157, 0.0 ], [ 110.120573687604718, 25.191111025425119, 0.0 ], [ 110.12070134125625, 25.191115958976106, 0.0 ], [ 110.120833775088187, 25.191108089243532, 0.0 ], [ 110.120966208906964, 25.19110021939191, 0.0 ], [ 110.121098642712639, 25.191092349421254, 0.0 ], [ 110.121231076505055, 25.191084479331554, 0.0 ], [ 110.121327246534989, 25.191001261512824, 0.0 ], [ 110.12142341643434, 25.190918043627118, 0.0 ], [ 110.121519586203249, 25.190834825674433, 0.0 ], [ 110.121615755841574, 25.190751607654772, 0.0 ], [ 110.121711925349445, 25.190668389568124, 0.0 ], [ 110.121808094726759, 25.190585171414501, 0.0 ], [ 110.121904263973633, 25.190501953193912, 0.0 ], [ 110.122000433089994, 25.190418734906345, 0.0 ], [ 110.122096602075757, 25.190335516551794, 0.0 ], [ 110.122192770931022, 25.190252298130272, 0.0 ], [ 110.12228893965586, 25.19016907964178, 0.0 ], [ 110.122385108250185, 25.19008586108632, 0.0 ], [ 110.122481276713927, 25.190002642463885, 0.0 ], [ 110.122577445047241, 25.189919423774469, 0.0 ], [ 110.122673613249972, 25.1898362050181, 0.0 ], [ 110.122769781322276, 25.189752986194748, 0.0 ], [ 110.122865949264082, 25.189669767304427, 0.0 ], [ 110.122962117075289, 25.18958654834714, 0.0 ], [ 110.123058284756098, 25.189503329322889, 0.0 ], [ 110.123154452306295, 25.189420110231669, 0.0 ], [ 110.123231870407807, 25.189335858821138, 0.0 ], [ 110.123147432265839, 25.189242696284627, 0.0 ], [ 110.123062994251669, 25.189149533702224, 0.0 ], [ 110.122978556365084, 25.189056371073917, 0.0 ], [ 110.122894118606354, 25.188963208399713, 0.0 ], [ 110.122809680975308, 25.188870045679618, 0.0 ], [ 110.122725243471962, 25.188776882913618, 0.0 ], [ 110.122640806096342, 25.188683720101729, 0.0 ], [ 110.122556368848379, 25.188590557243945, 0.0 ], [ 110.122471931728228, 25.18849739434026, 0.0 ], [ 110.122387494735847, 25.188404231390685, 0.0 ], [ 110.122303057871065, 25.188311068395219, 0.0 ], [ 110.122218621134138, 25.188217905353852, 0.0 ], [ 110.122134184524782, 25.188124742266606, 0.0 ], [ 110.122049748043295, 25.188031579133462, 0.0 ], [ 110.121965311689394, 25.187938415954431, 0.0 ], [ 110.121880875463262, 25.187845252729502, 0.0 ], [ 110.121796439364857, 25.187752089458687, 0.0 ], [ 110.121712003394165, 25.187658926141985, 0.0 ], [ 110.121627567551201, 25.187565762779389, 0.0 ], [ 110.12154313183602, 25.187472599370913, 0.0 ], [ 110.121458696248482, 25.187379435916551, 0.0 ], [ 110.121374260788571, 25.187286272416294, 0.0 ] ] ] } },
{ "type": "Feature", "properties": { }, "geometry": { "type": "Polygon", "coordinates": [ [ [ 110.125287257313644, 25.185722271459969, 0.0 ], [ 110.124392595641851, 25.184735164041648, 0.0 ], [ 110.123303022001735, 25.185344662704843, 0.0 ], [ 110.122284093720523, 25.186226421600082, 0.0 ], [ 110.121526794507744, 25.187170827809862, 0.0 ], [ 110.122421449760807, 25.188157952029215, 0.0 ], [ 110.12331611935268, 25.189145071096281, 0.0 ], [ 110.124325531202587, 25.188406695552626, 0.0 ], [ 110.125344463524868, 25.187524922594097, 0.0 ], [ 110.12618193332284, 25.18670937372508, 0.0 ], [ 110.125287257313644, 25.185722271459969, 0.0 ] ] ] } },
{ "type": "Feature", "properties": { }, "geometry": { "type": "Polygon", "coordinates": [ [ [ 110.126318335626536, 25.183477174020087, 0.0 ], [ 110.125868235644106, 25.18312468965523, 0.0 ], [ 110.125381242444035, 25.183546150330674, 0.0 ], [ 110.124894245897991, 25.183967609289287, 0.0 ], [ 110.124709991692086, 25.184392114163131, 0.0 ], [ 110.125226303879742, 25.184945681262104, 0.0 ], [ 110.125653923473678, 25.185417483298878, 0.0 ], [ 110.126081546343116, 25.18588928415836, 0.0 ], [ 110.126509172487872, 25.186361083840474, 0.0 ], [ 110.126985179980991, 25.186105021262225, 0.0 ], [ 110.127472178324098, 25.185683555606374, 0.0 ], [ 110.12791331065597, 25.185252553239437, 0.0 ], [ 110.127386057438216, 25.184922523101967, 0.0 ], [ 110.12702230849969, 25.184436241010832, 0.0 ], [ 110.126763250848711, 25.183935270915359, 0.0 ], [ 110.126318335626536, 25.183477174020087, 0.0 ] ] ] } },
{ "type": "Feature", "properties": { }, "geometry": { "type": "Polygon", "coordinates": [ [ [ 110.127418585680743, 25.184610013379011, 0.0 ], [ 110.127235423877806, 25.184421428281002, 0.0 ], [ 110.127182997425336, 25.184498986756591, 0.0 ], [ 110.12734229274345, 25.184703091661301, 0.0 ], [ 110.1275396197357, 25.184876399280927, 0.0 ], [ 110.127784910972366, 25.184987182925841, 0.0 ], [ 110.127601748045592, 25.184798598260624, 0.0 ], [ 110.127418585680743, 25.184610013379011, 0.0 ] ] ] } },
{ "type": "Feature", "properties": { }, "geometry": { "type": "Polygon", "coordinates": [ [ [ 110.14161581375312, 25.2021253977064, 0.0 ], [ 110.141659747313199, 25.2020674595278, 0.0 ], [ 110.141703680831242, 25.202009521334599, 0.0 ], [ 110.141747614307207, 25.20195158312681, 0.0 ], [ 110.14179154774115, 25.201893644904416, 0.0 ], [ 110.141835481133029, 25.201835706667421, 0.0 ], [ 110.141879414482858, 25.201777768415841, 0.0 ], [ 110.141923347790637, 25.201719830149656, 0.0 ], [ 110.141967281056367, 25.201661891868874, 0.0 ], [ 110.142011214280117, 25.201603953573496, 0.0 ], [ 110.142055226871094, 25.201546065197082, 0.0 ], [ 110.142099403294623, 25.201488280222431, 0.0 ], [ 110.142143743321881, 25.201430599075408, 0.0 ], [ 110.142188246646313, 25.201373022131612, 0.0 ], [ 110.142232913063793, 25.201315549834284, 0.0 ], [ 110.142277741700767, 25.201258182192277, 0.0 ], [ 110.142322735616077, 25.201200921773474, 0.0 ], [ 110.142340567660483, 25.201137568708745, 0.0 ], [ 110.142330188625905, 25.201067816718211, 0.0 ], [ 110.142319809601986, 25.200998064726605, 0.0 ], [ 110.142309430588668, 25.200928312733947, 0.0 ], [ 110.142299051585923, 25.200858560740212, 0.0 ], [ 110.142238976920822, 25.200814300991123, 0.0 ], [ 110.142178750408704, 25.200770119223627, 0.0 ], [ 110.14211852394034, 25.200725937432487, 0.0 ], [ 110.142058297515788, 25.200681755617701, 0.0 ], [ 110.141998071134935, 25.200637573779272, 0.0 ], [ 110.14193784479788, 25.200593391917195, 0.0 ], [ 110.141877618504594, 25.200549210031475, 0.0 ], [ 110.141817392254978, 25.200505028122119, 0.0 ], [ 110.141757166049189, 25.200460846189102, 0.0 ], [ 110.141696939887069, 25.200416664232442, 0.0 ], [ 110.14163671376879, 25.200372482252156, 0.0 ], [ 110.141576487694238, 25.200328300248209, 0.0 ], [ 110.141516261663384, 25.20028411822063, 0.0 ], [ 110.141456035676327, 25.2002399361694, 0.0 ], [ 110.14139580973297, 25.200195754094523, 0.0 ], [ 110.141335583833424, 25.200151571996006, 0.0 ], [ 110.141278509388613, 25.200113434427202, 0.0 ], [ 110.141275487836168, 25.200183724522656, 0.0 ], [ 110.141267338558606, 25.2002535352329, 0.0 ], [ 110.141273422196164, 25.200523533183855, 0.0 ], [ 110.141270822769911, 25.200593595315624, 0.0 ], [ 110.141260108906081, 25.200663305370391, 0.0 ], [ 110.141249395028964, 25.200733015423403, 0.0 ], [ 110.14126075974022, 25.200800487607566, 0.0 ], [ 110.141297364449443, 25.200860099521936, 0.0 ], [ 110.141358518770787, 25.200903213443009, 0.0 ], [ 110.14141850760987, 25.200947572252481, 0.0 ], [ 110.141475019393681, 25.200995645050959, 0.0 ], [ 110.141522915481474, 25.201050233082512, 0.0 ], [ 110.141564528580162, 25.201109572132442, 0.0 ], [ 110.141602396888217, 25.20117088808021, 0.0 ], [ 110.141636865230922, 25.201233626036576, 0.0 ], [ 110.141644473118319, 25.201303673146821, 0.0 ], [ 110.14164234792436, 25.201372343144204, 0.0 ], [ 110.141611424997237, 25.201436864367384, 0.0 ], [ 110.14157868285865, 25.201500632241764, 0.0 ], [ 110.141549407704758, 25.201565452674096, 0.0 ], [ 110.141637563979813, 25.201640514409132, 0.0 ], [ 110.141716303066332, 25.201784547689783, 0.0 ], [ 110.141556153729525, 25.202071928451737, 0.0 ], [ 110.141479825536237, 25.202063198727014, 0.0 ], [ 110.14140457872773, 25.202046935519117, 0.0 ], [ 110.141329556180978, 25.20205192760897, 0.0 ], [ 110.141359556942177, 25.202095947155385, 0.0 ], [ 110.141415686752509, 25.202144389463971, 0.0 ], [ 110.141471816607407, 25.202192831752111, 0.0 ], [ 110.141527946506798, 25.202241274019801, 0.0 ], [ 110.141571880151062, 25.202183335870401, 0.0 ], [ 110.14161581375312, 25.2021253977064, 0.0 ] ] ] } },
{ "type": "Feature", "properties": { }, "geometry": { "type": "Polygon", "coordinates": [ [ [ 110.14350091688307, 25.193317442843934, 0.0 ], [ 110.143298332425118, 25.19322854676113, 0.0 ], [ 110.142788892521523, 25.193336379295975, 0.0 ], [ 110.142715080101269, 25.193529680695718, 0.0 ], [ 110.14263537196166, 25.19372103412827, 0.0 ], [ 110.142549830701043, 25.193910290992061, 0.0 ], [ 110.142458522689907, 25.194097304077157, 0.0 ], [ 110.142361518914257, 25.194281927963669, 0.0 ], [ 110.142258894491178, 25.19446401891847, 0.0 ], [ 110.142150729505587, 25.194643435473221, 0.0 ], [ 110.142037108290054, 25.19482003824486, 0.0 ], [ 110.141918118534448, 25.194993689535536, 0.0 ], [ 110.141793853183799, 25.195164254536543, 0.0 ], [ 110.14166441346768, 25.19533160364071, 0.0 ], [ 110.141532615820623, 25.195497430416218, 0.0 ], [ 110.141400817813292, 25.195663257061192, 0.0 ], [ 110.141269019445446, 25.195829083575624, 0.0 ], [ 110.141137220717255, 25.195994909959509, 0.0 ], [ 110.14100542162852, 25.19616073621286, 0.0 ], [ 110.140873622179356, 25.196326562335649, 0.0 ], [ 110.140741822369733, 25.196492388327894, 0.0 ], [ 110.140610022199738, 25.196658214189579, 0.0 ], [ 110.140478221669198, 25.196824039920706, 0.0 ], [ 110.140346420778272, 25.196989865521285, 0.0 ], [ 110.14021461952683, 25.197155690991302, 0.0 ], [ 110.140082817914887, 25.197321516330746, 0.0 ], [ 110.139951015942486, 25.19748734153962, 0.0 ], [ 110.13981921360967, 25.19765316661794, 0.0 ], [ 110.139687410916309, 25.197818991565676, 0.0 ], [ 110.139833666642673, 25.198469973846464, 0.0 ], [ 110.140008759605919, 25.198598427688093, 0.0 ], [ 110.140183852939003, 25.198726881329911, 0.0 ], [ 110.140358946641811, 25.198855334771917, 0.0 ], [ 110.140534040714456, 25.1989837880141, 0.0 ], [ 110.140709135156868, 25.199112241056454, 0.0 ], [ 110.14088422996906, 25.199240693898982, 0.0 ], [ 110.141059325150948, 25.199369146541681, 0.0 ], [ 110.141234420702702, 25.199497598984536, 0.0 ], [ 110.141409516624165, 25.199626051227561, 0.0 ], [ 110.141584612915494, 25.199754503270743, 0.0 ], [ 110.141759709576604, 25.19988295511407, 0.0 ], [ 110.141934806607409, 25.200011406757561, 0.0 ], [ 110.142109904008024, 25.200139858201183, 0.0 ], [ 110.142285001778518, 25.200268309444958, 0.0 ], [ 110.142460099918708, 25.200396760488871, 0.0 ], [ 110.143175467604863, 25.200170820382315, 0.0 ], [ 110.143315580885016, 25.200010733537876, 0.0 ], [ 110.143455995193278, 25.199850864871919, 0.0 ], [ 110.143596409132456, 25.199690996059559, 0.0 ], [ 110.143736822702394, 25.199531127100823, 0.0 ], [ 110.14387723590319, 25.199371257995701, 0.0 ], [ 110.144017648734817, 25.1992113887442, 0.0 ], [ 110.144158061197288, 25.199051519346334, 0.0 ], [ 110.144298473290633, 25.198891649802086, 0.0 ], [ 110.144438885014907, 25.198731780111466, 0.0 ], [ 110.144579296369969, 25.198571910274485, 0.0 ], [ 110.144719707355904, 25.198412040291135, 0.0 ], [ 110.144860117972698, 25.198252170161432, 0.0 ], [ 110.14500052822045, 25.198092299885364, 0.0 ], [ 110.145140938099004, 25.197932429462941, 0.0 ], [ 110.145281347608432, 25.197772558894158, 0.0 ], [ 110.14542175674876, 25.197612688179039, 0.0 ], [ 110.145562165519962, 25.197452817317568, 0.0 ], [ 110.145702573922136, 25.197292946309741, 0.0 ], [ 110.145842981955127, 25.197133075155595, 0.0 ], [ 110.14598338961909, 25.196973203855094, 0.0 ], [ 110.146123796913884, 25.196813332408261, 0.0 ], [ 110.146264203839593, 25.196653460815099, 0.0 ], [ 110.146404610396218, 25.196493589075608, 0.0 ], [ 110.146545016583744, 25.196333717189791, 0.0 ], [ 110.146685422402257, 25.196173845157649, 0.0 ], [ 110.146825827851558, 25.196013972979188, 0.0 ], [ 110.146905642470969, 25.195647718309335, 0.0 ], [ 110.146741578751758, 25.195513669866187, 0.0 ], [ 110.146565866891038, 25.195385922018829, 0.0 ], [ 110.146390155399558, 25.195258173970139, 0.0 ], [ 110.146214444276993, 25.195130425720134, 0.0 ], [ 110.14603873352354, 25.195002677268796, 0.0 ], [ 110.145863023139228, 25.194874928616141, 0.0 ], [ 110.14568731312383, 25.194747179762178, 0.0 ], [ 110.145511603477615, 25.194619430706901, 0.0 ], [ 110.145335894200329, 25.194491681450312, 0.0 ], [ 110.145160185292156, 25.194363931992424, 0.0 ], [ 110.144984476753024, 25.194236182333224, 0.0 ], [ 110.144808768583033, 25.194108432472738, 0.0 ], [ 110.144633060781999, 25.193980682410967, 0.0 ], [ 110.144456304928681, 25.193854145852189, 0.0 ], [ 110.144274662708597, 25.193733484686788, 0.0 ], [ 110.144088018620849, 25.193619317934527, 0.0 ], [ 110.143896653808895, 25.193511815861267, 0.0 ], [ 110.143700855358531, 25.193411140216405, 0.0 ], [ 110.14350091688307, 25.193317442843934, 0.0 ] ] ] } },
{ "type": "Feature", "properties": { }, "geometry": { "type": "Polygon", "coordinates": [ [ [ 110.135790679749107, 25.196083555097349, 0.0 ], [ 110.135602138368213, 25.195945223462981, 0.0 ], [ 110.135370898821307, 25.195953005686452, 0.0 ], [ 110.135195277428764, 25.196069837423913, 0.0 ], [ 110.135089057251179, 25.196267870172512, 0.0 ], [ 110.134984690781494, 25.196466732300724, 0.0 ], [ 110.134880323964694, 25.196665594340992, 0.0 ], [ 110.134775956800908, 25.196864456293316, 0.0 ], [ 110.134671589290065, 25.197063318157699, 0.0 ], [ 110.134567221432079, 25.197262179934143, 0.0 ], [ 110.134462900532242, 25.197461062115909, 0.0 ], [ 110.134364478627745, 25.19766239766226, 0.0 ], [ 110.134276159157665, 25.197867574937462, 0.0 ], [ 110.134198122046158, 25.198076174335451, 0.0 ], [ 110.134130527587487, 25.19828776970661, 0.0 ], [ 110.134073511371042, 25.198501927967854, 0.0 ], [ 110.134027193086737, 25.198718212148872, 0.0 ], [ 110.133991664725258, 25.198936179737299, 0.0 ], [ 110.133967000860395, 25.199155385560847, 0.0 ], [ 110.133953250560637, 25.199375381492423, 0.0 ], [ 110.133950364767614, 25.199595718559763, 0.0 ], [ 110.133951784806925, 25.199816084941798, 0.0 ], [ 110.133953204838463, 25.200036451317462, 0.0 ], [ 110.133954624862511, 25.200256817686764, 0.0 ], [ 110.133956044878857, 25.200477184049696, 0.0 ], [ 110.133957035486603, 25.200697550978127, 0.0 ], [ 110.133949563649253, 25.200917794841207, 0.0 ], [ 110.133930517472677, 25.201137461137535, 0.0 ], [ 110.133899935000684, 25.201356046059427, 0.0 ], [ 110.133857899405314, 25.201573050484011, 0.0 ], [ 110.132998571816941, 25.203381244111206, 0.0 ], [ 110.132978628868329, 25.203583105314323, 0.0 ], [ 110.133128602934235, 25.203737033133422, 0.0 ], [ 110.133333983517858, 25.203853861005214, 0.0 ], [ 110.133539364499143, 25.203970688600336, 0.0 ], [ 110.133744745878204, 25.204087515918783, 0.0 ], [ 110.133950127654956, 25.204204342960551, 0.0 ], [ 110.134155509829384, 25.204321169725631, 0.0 ], [ 110.134360892401432, 25.204437996214011, 0.0 ], [ 110.134566275371256, 25.204554822425706, 0.0 ], [ 110.134771658738686, 25.204671648360698, 0.0 ], [ 110.134977042503877, 25.204788474018976, 0.0 ], [ 110.135189881994819, 25.20483850559653, 0.0 ], [ 110.135318150531191, 25.204681950951805, 0.0 ], [ 110.135374952341806, 25.204467725789694, 0.0 ], [ 110.135431753942242, 25.204253500594344, 0.0 ], [ 110.135488555332429, 25.204039275365758, 0.0 ], [ 110.135545356512537, 25.203825050103941, 0.0 ], [ 110.135602157482467, 25.203610824808901, 0.0 ], [ 110.13699805651494, 25.200848148908243, 0.0 ], [ 110.137139996711682, 25.200669582001392, 0.0 ], [ 110.137281936490339, 25.200491014943072, 0.0 ], [ 110.137423875850871, 25.200312447733275, 0.0 ], [ 110.137565814793405, 25.200133880372015, 0.0 ], [ 110.137707753317756, 25.199955312859288, 0.0 ], [ 110.137849691424009, 25.199776745195091, 0.0 ], [ 110.137991629112207, 25.199598177379453, 0.0 ], [ 110.138133566382322, 25.199419609412349, 0.0 ], [ 110.138275503234354, 25.199241041293796, 0.0 ], [ 110.138417439668302, 25.199062473023794, 0.0 ], [ 110.138559375684295, 25.198883904602347, 0.0 ], [ 110.138701311282063, 25.198705336029462, 0.0 ], [ 110.138829860982128, 25.198523941863975, 0.0 ], [ 110.138788830671842, 25.198306756341026, 0.0 ], [ 110.138618851913094, 25.198158501816724, 0.0 ], [ 110.138430304100723, 25.198020173657028, 0.0 ], [ 110.138241756717164, 25.197881845265659, 0.0 ], [ 110.138053209762376, 25.197743516642621, 0.0 ], [ 110.137864663236357, 25.197605187787911, 0.0 ], [ 110.137676117139051, 25.197466858701539, 0.0 ], [ 110.137487571470601, 25.197328529383505, 0.0 ], [ 110.137299026230906, 25.197190199833827, 0.0 ], [ 110.137110481420081, 25.197051870052483, 0.0 ], [ 110.136921937037883, 25.19691354003951, 0.0 ], [ 110.136733393084512, 25.196775209794897, 0.0 ], [ 110.136544849559911, 25.196636879318635, 0.0 ], [ 110.136356306463995, 25.196498548610748, 0.0 ], [ 110.136167763796919, 25.196360217671238, 0.0 ], [ 110.1359792215586, 25.196221886500108, 0.0 ], [ 110.135790679749107, 25.196083555097349, 0.0 ] ] ] } },
{ "type": "Feature", "properties": { }, "geometry": { "type": "Polygon", "coordinates": [ [ [ 110.138905367724021, 25.191304452678548, 0.0 ], [ 110.138779955599389, 25.191249520096097, 0.0 ], [ 110.138343710578383, 25.191365888606374, 0.0 ], [ 110.138283336926747, 25.191479999040041, 0.0 ], [ 110.138222963159905, 25.191594109444342, 0.0 ], [ 110.138162589277997, 25.191708219819301, 0.0 ], [ 110.138102215280895, 25.191822330164882, 0.0 ], [ 110.138041841168729, 25.191936440481104, 0.0 ], [ 110.137981466941355, 25.192050550767959, 0.0 ], [ 110.137921092598845, 25.192164661025458, 0.0 ], [ 110.137860718141269, 25.192278771253591, 0.0 ], [ 110.1378003435685, 25.19239288145236, 0.0 ], [ 110.137739968880581, 25.192506991621762, 0.0 ], [ 110.137679594077611, 25.192621101761805, 0.0 ], [ 110.137619219159404, 25.192735211872485, 0.0 ], [ 110.137558844126062, 25.192849321953794, 0.0 ], [ 110.137498468977668, 25.19296343200574, 0.0 ], [ 110.137438093714124, 25.193077542028327, 0.0 ], [ 110.137377718335287, 25.19319165202154, 0.0 ], [ 110.137317342841456, 25.193305761985386, 0.0 ], [ 110.137256967232403, 25.193419871919879, 0.0 ], [ 110.137196591508271, 25.193533981824991, 0.0 ], [ 110.137136215668932, 25.193648091700744, 0.0 ], [ 110.137075839714512, 25.193762201547116, 0.0 ], [ 110.137015463644872, 25.193876311364129, 0.0 ], [ 110.13695508746008, 25.193990421151774, 0.0 ], [ 110.136894200723304, 25.19410430394694, 0.0 ], [ 110.136829294151099, 25.194216327269721, 0.0 ], [ 110.136759768318512, 25.194326032096068, 0.0 ], [ 110.136685724413681, 25.194433261674099, 0.0 ], [ 110.136607261142387, 25.194537857303661, 0.0 ], [ 110.136524494707984, 25.194639670270742, 0.0 ], [ 110.136437546697579, 25.194738555923728, 0.0 ], [ 110.136346543743727, 25.194834373624488, 0.0 ], [ 110.136251615198333, 25.194926984835146, 0.0 ], [ 110.136152888940174, 25.195016248580085, 0.0 ], [ 110.136050516007273, 25.195102044294782, 0.0 ], [ 110.135945978622544, 25.195185659057618, 0.0 ], [ 110.135844920409198, 25.195272727068541, 0.0 ], [ 110.135864490186535, 25.195524358692687, 0.0 ], [ 110.136053542190552, 25.195696638613846, 0.0 ], [ 110.136161894841564, 25.195776135924874, 0.0 ], [ 110.13627024763413, 25.1958556331594, 0.0 ], [ 110.136378600568278, 25.19593513031743, 0.0 ], [ 110.136486953644024, 25.19601462739897, 0.0 ], [ 110.136595306861366, 25.196094124404009, 0.0 ], [ 110.136703660220334, 25.196173621332548, 0.0 ], [ 110.136812013720885, 25.19625311818459, 0.0 ], [ 110.136920367363132, 25.196332614960131, 0.0 ], [ 110.137028721146876, 25.196412111659175, 0.0 ], [ 110.13713707507226, 25.196491608281704, 0.0 ], [ 110.137245429139313, 25.19657110482774, 0.0 ], [ 110.137353783347876, 25.196650601297279, 0.0 ], [ 110.137462137698066, 25.196730097690306, 0.0 ], [ 110.137570492189852, 25.196809594006822, 0.0 ], [ 110.137678846823235, 25.196889090246842, 0.0 ], [ 110.137787201598243, 25.19696858641035, 0.0 ], [ 110.13789555651492, 25.197048082497354, 0.0 ], [ 110.138003911573151, 25.197127578507846, 0.0 ], [ 110.138112266772978, 25.19720707444182, 0.0 ], [ 110.138220622114403, 25.197286570299291, 0.0 ], [ 110.138328977597524, 25.197366066080253, 0.0 ], [ 110.138437333222171, 25.197445561784708, 0.0 ], [ 110.13854568898843, 25.197525057412637, 0.0 ], [ 110.138654044896299, 25.197604552964055, 0.0 ], [ 110.13876240094578, 25.197684048438965, 0.0 ], [ 110.138870757136871, 25.197763543837347, 0.0 ], [ 110.138979113469645, 25.197843039159224, 0.0 ], [ 110.139359065059907, 25.197831599182212, 0.0 ], [ 110.139440632505753, 25.197728977367809, 0.0 ], [ 110.139522199777787, 25.197626355479915, 0.0 ], [ 110.139603766911833, 25.197523733542006, 0.0 ], [ 110.139685333907835, 25.197421111554096, 0.0 ], [ 110.13976690076575, 25.197318489516167, 0.0 ], [ 110.139848467485621, 25.197215867428241, 0.0 ], [ 110.139930034067447, 25.197113245290307, 0.0 ], [ 110.140011600511144, 25.197010623102361, 0.0 ], [ 110.140093166816854, 25.196908000864415, 0.0 ], [ 110.140174732984505, 25.19680537857646, 0.0 ], [ 110.140256299014112, 25.196702756238508, 0.0 ], [ 110.14033786490559, 25.196600133850556, 0.0 ], [ 110.14041943065908, 25.196497511412602, 0.0 ], [ 110.14050099627454, 25.196394888924633, 0.0 ], [ 110.140582561751955, 25.196292266386671, 0.0 ], [ 110.140664127091242, 25.196189643798714, 0.0 ], [ 110.140745692292612, 25.196087021160746, 0.0 ], [ 110.140827257355809, 25.195984398472788, 0.0 ], [ 110.14090882228102, 25.195881775734833, 0.0 ], [ 110.1409903870682, 25.195779152946866, 0.0 ], [ 110.141071951717265, 25.195676530108912, 0.0 ], [ 110.141153516228357, 25.195573907220957, 0.0 ], [ 110.141235080601405, 25.195471284283009, 0.0 ], [ 110.141316644836422, 25.19536866129507, 0.0 ], [ 110.141398208933396, 25.195266038257131, 0.0 ], [ 110.141479711292405, 25.195163374771354, 0.0 ], [ 110.141559789372053, 25.195059789655964, 0.0 ], [ 110.141637832619992, 25.194954926720996, 0.0 ], [ 110.141713795081188, 25.194848806450793, 0.0 ], [ 110.141787677382538, 25.194741477347709, 0.0 ], [ 110.141859440049075, 25.194632964212225, 0.0 ], [ 110.141929063152261, 25.194523303305633, 0.0 ], [ 110.141996537699058, 25.194412536110519, 0.0 ], [ 110.142061815018081, 25.1943006842519, 0.0 ], [ 110.142124900831902, 25.194187796234754, 0.0 ], [ 110.142185762364761, 25.194073901828499, 0.0 ], [ 110.142244378784781, 25.19395903672206, 0.0 ], [ 110.142300747434987, 25.193843243950582, 0.0 ], [ 110.142354820945314, 25.193726548594295, 0.0 ], [ 110.142406610469635, 25.193608998778885, 0.0 ], [ 110.142456087450995, 25.193490627200344, 0.0 ], [ 110.14250323174609, 25.193371470104857, 0.0 ], [ 110.14254804649579, 25.193251571115685, 0.0 ], [ 110.142538748169628, 25.192900921785355, 0.0 ], [ 110.142416953954367, 25.192842522857287, 0.0 ], [ 110.142291538606287, 25.192787593180437, 0.0 ], [ 110.142166123373315, 25.192732663399816, 0.0 ], [ 110.142040708255479, 25.192677733515406, 0.0 ], [ 110.141915293252751, 25.192622803527218, 0.0 ], [ 110.141789878365145, 25.192567873435248, 0.0 ], [ 110.141664463592591, 25.192512943239503, 0.0 ], [ 110.141539048935229, 25.19245801293998, 0.0 ], [ 110.141413634393004, 25.192403082536671, 0.0 ], [ 110.141288219965887, 25.192348152029584, 0.0 ], [ 110.141162805653892, 25.192293221418733, 0.0 ], [ 110.141037391457019, 25.192238290704104, 0.0 ], [ 110.140911977375282, 25.192183359885696, 0.0 ], [ 110.140786563408568, 25.192128428963521, 0.0 ], [ 110.140661149557076, 25.192073497937567, 0.0 ], [ 110.140535735820706, 25.192018566807842, 0.0 ], [ 110.140410322199443, 25.19196363557435, 0.0 ], [ 110.140284908693317, 25.191908704237086, 0.0 ], [ 110.140159495302299, 25.191853772796048, 0.0 ], [ 110.140034082026418, 25.191798841251238, 0.0 ], [ 110.139908668865658, 25.191743909602671, 0.0 ], [ 110.139783255820035, 25.191688977850333, 0.0 ], [ 110.13965784288952, 25.191634045994228, 0.0 ], [ 110.139532430074141, 25.191579114034358, 0.0 ], [ 110.139407017373799, 25.191524181970724, 0.0 ], [ 110.13928160478865, 25.191469249803319, 0.0 ], [ 110.139156192318723, 25.191414317532153, 0.0 ], [ 110.139030779963832, 25.191359385157227, 0.0 ], [ 110.138905367724021, 25.191304452678548, 0.0 ] ] ] } },
{ "type": "Feature", "properties": { }, "geometry": { "type": "Polygon", "coordinates": [ [ [ 110.142936678357216, 25.191274960474814, 0.0 ], [ 110.142939794382343, 25.191173715695093, 0.0 ], [ 110.142941331944996, 25.191072440963826, 0.0 ], [ 110.142871026266633, 25.191028376680091, 0.0 ], [ 110.142769775408553, 25.190988694328606, 0.0 ], [ 110.142659641334063, 25.190978795016228, 0.0 ], [ 110.142552918449226, 25.191005394103922, 0.0 ], [ 110.142459634332909, 25.19106044604391, 0.0 ], [ 110.142364221032395, 25.191112561153425, 0.0 ], [ 110.14226442015017, 25.191157356560282, 0.0 ], [ 110.142160928638162, 25.191194579050592, 0.0 ], [ 110.14205441349894, 25.19122390371809, 0.0 ], [ 110.141945611309382, 25.191245170290916, 0.0 ], [ 110.141835249548478, 25.191258170110824, 0.0 ], [ 110.141724115542814, 25.191263708191659, 0.0 ], [ 110.141612834634458, 25.191266165125946, 0.0 ], [ 110.141501520613105, 25.191266304407264, 0.0 ], [ 110.141390235321992, 25.191264032238021, 0.0 ], [ 110.141279222727348, 25.19125701990934, 0.0 ], [ 110.141169320413169, 25.191241136935048, 0.0 ], [ 110.141061371521843, 25.191216552665487, 0.0 ], [ 110.140956208116691, 25.191183452964427, 0.0 ], [ 110.140853802131701, 25.191143766985501, 0.0 ], [ 110.140753057881298, 25.191100698371041, 0.0 ], [ 110.140654051612785, 25.191054411921172, 0.0 ], [ 110.140556915622582, 25.191004953757126, 0.0 ], [ 110.140461819664409, 25.190952317192298, 0.0 ], [ 110.140366551105132, 25.190900037192851, 0.0 ], [ 110.14026300887511, 25.190863271950327, 0.0 ], [ 110.140153761421573, 25.190844625499722, 0.0 ], [ 110.139753187368044, 25.190690409047161, 0.0 ], [ 110.139668079066112, 25.190625137036399, 0.0 ], [ 110.139585575035767, 25.190557151236973, 0.0 ], [ 110.139505798342981, 25.190486520824592, 0.0 ], [ 110.139401712048283, 25.190455264141754, 0.0 ], [ 110.139295390956008, 25.190479977012568, 0.0 ], [ 110.139226792842635, 25.190555266238597, 0.0 ], [ 110.139201028625052, 25.190653801318735, 0.0 ], [ 110.139175264363629, 25.190752336391988, 0.0 ], [ 110.139149500058267, 25.190850871458359, 0.0 ], [ 110.139054533455976, 25.190894040099586, 0.0 ], [ 110.138961613717782, 25.190847627063274, 0.0 ], [ 110.138852844902331, 25.190847296708643, 0.0 ], [ 110.138797099629841, 25.190956493612791, 0.0 ], [ 110.138897399082666, 25.191000426527278, 0.0 ], [ 110.138997698609046, 25.191044359375397, 0.0 ], [ 110.139097998209067, 25.191088292157154, 0.0 ], [ 110.1391982978828, 25.191132224872536, 0.0 ], [ 110.139298597630088, 25.191176157521561, 0.0 ], [ 110.139398897451017, 25.191220090104213, 0.0 ], [ 110.139499197345657, 25.191264022620491, 0.0 ], [ 110.139599497313839, 25.191307955070407, 0.0 ], [ 110.139699797355675, 25.191351887453951, 0.0 ], [ 110.139800097471223, 25.191395819771138, 0.0 ], [ 110.139900397660313, 25.191439752021932, 0.0 ], [ 110.140000697923057, 25.191483684206375, 0.0 ], [ 110.140100998259499, 25.191527616324436, 0.0 ], [ 110.14020129866951, 25.191571548376128, 0.0 ], [ 110.140301599153219, 25.191615480361456, 0.0 ], [ 110.140401899710483, 25.191659412280398, 0.0 ], [ 110.140502200341388, 25.191703344132986, 0.0 ], [ 110.140602501046004, 25.191747275919184, 0.0 ], [ 110.140702801824176, 25.191791207639017, 0.0 ], [ 110.140803102675989, 25.191835139292472, 0.0 ], [ 110.140903403601499, 25.191879070879565, 0.0 ], [ 110.141003704600578, 25.191923002400269, 0.0 ], [ 110.141104005673355, 25.191966933854605, 0.0 ], [ 110.141204306819702, 25.192010865242569, 0.0 ], [ 110.141304608039675, 25.192054796564154, 0.0 ], [ 110.141404909333275, 25.19209872781936, 0.0 ], [ 110.141505210700586, 25.192142659008187, 0.0 ], [ 110.141605512141467, 25.19218659013065, 0.0 ], [ 110.14170581365596, 25.192230521186719, 0.0 ], [ 110.141806115244179, 25.192274452176427, 0.0 ], [ 110.141906416905954, 25.192318383099742, 0.0 ], [ 110.142006718641426, 25.192362313956693, 0.0 ], [ 110.142107020450467, 25.192406244747257, 0.0 ], [ 110.142207322333135, 25.192450175471439, 0.0 ], [ 110.142307624289515, 25.192494106129246, 0.0 ], [ 110.142407926319436, 25.192538036720673, 0.0 ], [ 110.142508228416929, 25.192581967257265, 0.0 ], [ 110.142609551156283, 25.192588195393068, 0.0 ], [ 110.142712108664554, 25.192548811189372, 0.0 ], [ 110.14277568404566, 25.192480010935878, 0.0 ], [ 110.142797978422692, 25.192380780624507, 0.0 ], [ 110.142818440458996, 25.192281221923643, 0.0 ], [ 110.142837345071356, 25.192181408725649, 0.0 ], [ 110.142854684897259, 25.192081360600202, 0.0 ], [ 110.142870456554945, 25.191981097879452, 0.0 ], [ 110.142884661457373, 25.19188064136517, 0.0 ], [ 110.142897276334764, 25.191780009278318, 0.0 ], [ 110.142908312557978, 25.191679223851949, 0.0 ], [ 110.142917775760068, 25.191578306111772, 0.0 ], [ 110.142925667277652, 25.191477276484754, 0.0 ], [ 110.142931970639879, 25.191376154431367, 0.0 ], [ 110.142936678357216, 25.191274960474814, 0.0 ] ] ] } },
{ "type": "Feature", "properties": { }, "geometry": { "type": "Polygon", "coordinates": [ [ [ 110.137672205060952, 25.189624172570539, 0.0 ], [ 110.137489447061256, 25.189565783049229, 0.0 ], [ 110.137376240501695, 25.189592286969805, 0.0 ], [ 110.137260103766636, 25.189572570247996, 0.0 ], [ 110.137144051231672, 25.189552445946063, 0.0 ], [ 110.137033746686697, 25.189516922079275, 0.0 ], [ 110.136933265277122, 25.189460386353261, 0.0 ], [ 110.136829667989318, 25.189409746957558, 0.0 ], [ 110.136721080071169, 25.189368988863677, 0.0 ], [ 110.136630188117906, 25.18930045547075, 0.0 ], [ 110.136541639953748, 25.18922929386277, 0.0 ], [ 110.136463381977094, 25.189149898175017, 0.0 ], [ 110.136417497330982, 25.189051643214349, 0.0 ], [ 110.136383423521565, 25.188948809694114, 0.0 ], [ 110.136357351435606, 25.188843971484303, 0.0 ], [ 110.136330454975891, 25.188739297858973, 0.0 ], [ 110.136325455468352, 25.188632819513121, 0.0 ], [ 110.136349261965407, 25.188527991206787, 0.0 ], [ 110.13637862324957, 25.188424123080573, 0.0 ], [ 110.136401540388633, 25.188318906025593, 0.0 ], [ 110.136450094469907, 25.18822128259006, 0.0 ], [ 110.136504985319903, 25.188126096783577, 0.0 ], [ 110.136561673213279, 25.188032127696435, 0.0 ], [ 110.136656588488066, 25.187968477664203, 0.0 ], [ 110.136759555715727, 25.18791577557684, 0.0 ], [ 110.136862783669812, 25.187863534379023, 0.0 ], [ 110.136971740023384, 25.187822260576237, 0.0 ], [ 110.137085372661119, 25.187807428464605, 0.0 ], [ 110.137199214046461, 25.187782593552129, 0.0 ], [ 110.137316892283266, 25.187773116404149, 0.0 ], [ 110.137433404373411, 25.187781467268049, 0.0 ], [ 110.137979437129417, 25.187748444338975, 0.0 ], [ 110.138040380320405, 25.187656355269596, 0.0 ], [ 110.138105527078793, 25.18756687474481, 0.0 ], [ 110.138176900891921, 25.187481213841213, 0.0 ], [ 110.138248324283708, 25.187395587267051, 0.0 ], [ 110.138319900880219, 25.187310066618149, 0.0 ], [ 110.138391477375876, 25.187224545931002, 0.0 ], [ 110.138463053770877, 25.187139025205578, 0.0 ], [ 110.138534630065095, 25.187053504441913, 0.0 ], [ 110.138564298468651, 25.186911691063056, 0.0 ], [ 110.138454080837988, 25.186872991917738, 0.0 ], [ 110.138343863279275, 25.186834292691962, 0.0 ], [ 110.138233645792454, 25.186795593385693, 0.0 ], [ 110.138123428377426, 25.186756893998965, 0.0 ], [ 110.138013211034377, 25.186718194531764, 0.0 ], [ 110.137902993763177, 25.186679494984084, 0.0 ], [ 110.137792776563828, 25.186640795355927, 0.0 ], [ 110.137682559436413, 25.186602095647309, 0.0 ], [ 110.137572342380892, 25.186563395858222, 0.0 ], [ 110.137462125397178, 25.186524695988652, 0.0 ], [ 110.137351908485343, 25.186485996038616, 0.0 ], [ 110.137241691645485, 25.186447296008115, 0.0 ], [ 110.137131474877492, 25.186408595897145, 0.0 ], [ 110.137021258181335, 25.186369895705703, 0.0 ], [ 110.136911041557127, 25.186331195433791, 0.0 ], [ 110.136800825004798, 25.18629249508141, 0.0 ], [ 110.13669060852429, 25.186253794648565, 0.0 ], [ 110.136580392115732, 25.18621509413525, 0.0 ], [ 110.136470175779081, 25.186176393541459, 0.0 ], [ 110.136359114596573, 25.186147299538536, 0.0 ], [ 110.136243537124557, 25.186169558728182, 0.0 ], [ 110.136135700026571, 25.186202537911509, 0.0 ], [ 110.136066152765622, 25.186289427331275, 0.0 ], [ 110.135994231263837, 25.186374704673977, 0.0 ], [ 110.135920202782714, 25.186458475924237, 0.0 ], [ 110.135844106086012, 25.186540698520609, 0.0 ], [ 110.135765977083693, 25.186621327630704, 0.0 ], [ 110.135685859525779, 25.186700324553936, 0.0 ], [ 110.135603792039063, 25.186777646467988, 0.0 ], [ 110.135519820317015, 25.18685325668109, 0.0 ], [ 110.135433984626175, 25.186927113686323, 0.0 ], [ 110.135346327678349, 25.186999177880683, 0.0 ], [ 110.135256898805352, 25.187069416431399, 0.0 ], [ 110.13516677325886, 25.187138915636751, 0.0 ], [ 110.135078157986271, 25.187210003561837, 0.0 ], [ 110.134991185312842, 25.187282751716211, 0.0 ], [ 110.134905885276197, 25.187357121458813, 0.0 ], [ 110.13482453709625, 25.187434596759573, 0.0 ], [ 110.134767727673292, 25.1875288489219, 0.0 ], [ 110.134710918161261, 25.187623101058907, 0.0 ], [ 110.13465410856017, 25.187717353170573, 0.0 ], [ 110.134597298870005, 25.187811605256925, 0.0 ], [ 110.134540489090782, 25.187905857317944, 0.0 ], [ 110.134483679222498, 25.188000109353638, 0.0 ], [ 110.134426869265155, 25.188094361363998, 0.0 ], [ 110.134518805008284, 25.188148929764516, 0.0 ], [ 110.134622554390376, 25.188200346381294, 0.0 ], [ 110.134726303861214, 25.18825176292728, 0.0 ], [ 110.134830053420743, 25.18830317940246, 0.0 ], [ 110.134933803069103, 25.188354595806832, 0.0 ], [ 110.135037552806224, 25.188406012140401, 0.0 ], [ 110.135141302631993, 25.188457428403172, 0.0 ], [ 110.135245052546622, 25.188508844595134, 0.0 ], [ 110.135348802549998, 25.188560260716287, 0.0 ], [ 110.13545255264205, 25.188611676766637, 0.0 ], [ 110.135556302822934, 25.188663092746182, 0.0 ], [ 110.13563189472886, 25.188722594412834, 0.0 ], [ 110.135579373635863, 25.188818884062421, 0.0 ], [ 110.135526852458355, 25.188915173689931, 0.0 ], [ 110.135537846988314, 25.188999055367042, 0.0 ], [ 110.135685626153574, 25.189113704130996, 0.0 ], [ 110.13555972332459, 25.189538412561927, 0.0 ], [ 110.135666171034984, 25.189585041919628, 0.0 ], [ 110.135772618828412, 25.189631671202601, 0.0 ], [ 110.135879066704774, 25.189678300410822, 0.0 ], [ 110.135985514664014, 25.189724929544308, 0.0 ], [ 110.136091962706274, 25.189771558603038, 0.0 ], [ 110.136198410831497, 25.18981818758704, 0.0 ], [ 110.136304859039655, 25.1898648164963, 0.0 ], [ 110.13641130733069, 25.189911445330804, 0.0 ], [ 110.136517755704659, 25.189958074090576, 0.0 ], [ 110.136624204161663, 25.1900047027756, 0.0 ], [ 110.136730652701601, 25.190051331385874, 0.0 ], [ 110.136837101324502, 25.190097959921406, 0.0 ], [ 110.136943550030338, 25.190144588382196, 0.0 ], [ 110.137049998819037, 25.19019121676823, 0.0 ], [ 110.137156447690771, 25.190237845079526, 0.0 ], [ 110.137262896645453, 25.190284473316066, 0.0 ], [ 110.137369345682998, 25.190331101477863, 0.0 ], [ 110.137475794803564, 25.190377729564915, 0.0 ], [ 110.137582244007078, 25.190424357577214, 0.0 ], [ 110.13768869329347, 25.190470985514757, 0.0 ], [ 110.137795142662867, 25.190517613377562, 0.0 ], [ 110.137901592115142, 25.19056424116561, 0.0 ], [ 110.138008041650437, 25.190610868878906, 0.0 ], [ 110.138114491268666, 25.190657496517449, 0.0 ], [ 110.138112513481801, 25.190571244313293, 0.0 ], [ 110.138052462947087, 25.190478669807501, 0.0 ], [ 110.138011199436505, 25.190378849939837, 0.0 ], [ 110.138012292381859, 25.190272058738955, 0.0 ], [ 110.138017405865838, 25.190164662921376, 0.0 ], [ 110.138044177044847, 25.190059975447934, 0.0 ], [ 110.138125713958232, 25.18998225026445, 0.0 ], [ 110.138122801525583, 25.189889988248634, 0.0 ], [ 110.138052597402918, 25.1898104217005, 0.0 ], [ 110.137958930129273, 25.189745481917456, 0.0 ], [ 110.137856794167789, 25.189720447934519, 0.0 ], [ 110.137743777166563, 25.189709697224945, 0.0 ], [ 110.137672205060952, 25.189624172570539, 0.0 ] ] ] } },
{ "type": "Feature", "properties": { }, "geometry": { "type": "Polygon", "coordinates": [ [ [ 110.137116483106809, 25.190520876947286, 0.0 ], [ 110.136969148395266, 25.19045633935507, 0.0 ], [ 110.136817786059851, 25.190457213771943, 0.0 ], [ 110.136701814740192, 25.190545423368416, 0.0 ], [ 110.136630885347927, 25.190679481760611, 0.0 ], [ 110.136559955796756, 25.19081354011227, 0.0 ], [ 110.13648902608675, 25.190947598423396, 0.0 ], [ 110.136418096217767, 25.191081656693992, 0.0 ], [ 110.136347166189879, 25.191215714924049, 0.0 ], [ 110.136276236003056, 25.191349773113583, 0.0 ], [ 110.136205305657342, 25.191483831262566, 0.0 ], [ 110.136134375152693, 25.191617889371027, 0.0 ], [ 110.136063444489139, 25.191751947438938, 0.0 ], [ 110.135992513666679, 25.191886005466319, 0.0 ], [ 110.135921582685356, 25.19202006345316, 0.0 ], [ 110.135990907697462, 25.192134220137476, 0.0 ], [ 110.136288104814142, 25.192656999144862, 0.0 ], [ 110.13637886858632, 25.192773016135106, 0.0 ], [ 110.136506679740464, 25.192865822129807, 0.0 ], [ 110.136634491089552, 25.192958628018062, 0.0 ], [ 110.136762302633684, 25.193051433799852, 0.0 ], [ 110.136890114372818, 25.193144239475178, 0.0 ], [ 110.137126014640501, 25.193251185317369, 0.0 ], [ 110.137196945015759, 25.193117126731668, 0.0 ], [ 110.137267875288615, 25.192983068130122, 0.0 ], [ 110.137338805402464, 25.19284900948804, 0.0 ], [ 110.137409735357394, 25.192714950805428, 0.0 ], [ 110.137480665153419, 25.19258089208229, 0.0 ], [ 110.137551594790523, 25.192446833318616, 0.0 ], [ 110.137622524268707, 25.192312774514413, 0.0 ], [ 110.137693453587985, 25.192178715669687, 0.0 ], [ 110.137764382748344, 25.192044656784425, 0.0 ], [ 110.137835311749797, 25.191910597858641, 0.0 ], [ 110.137906240592329, 25.191776538892324, 0.0 ], [ 110.13797716927597, 25.191642479885484, 0.0 ], [ 110.138048097800706, 25.191508420838122, 0.0 ], [ 110.138119026166521, 25.191374361750235, 0.0 ], [ 110.138189954373459, 25.191240302621821, 0.0 ], [ 110.138220395982643, 25.191106623596347, 0.0 ], [ 110.138146443968182, 25.190973924158119, 0.0 ], [ 110.138000494712927, 25.19090809949347, 0.0 ], [ 110.137853159048049, 25.190843562760431, 0.0 ], [ 110.137705823542021, 25.190779025884204, 0.0 ], [ 110.137558488194813, 25.190714488864767, 0.0 ], [ 110.137411153006653, 25.190649951702142, 0.0 ], [ 110.137263817977242, 25.19058541439631, 0.0 ], [ 110.137116483106809, 25.190520876947286, 0.0 ] ] ] } },
{ "type": "Feature", "properties": { }, "geometry": { "type": "Polygon", "coordinates": [ [ [ 110.135320165093631, 25.189734013812085, 0.0 ], [ 110.135127296132126, 25.189649044108432, 0.0 ], [ 110.135028266524472, 25.189821953460203, 0.0 ], [ 110.13492982386505, 25.189995140494762, 0.0 ], [ 110.13483138092144, 25.190168327452422, 0.0 ], [ 110.13473293769357, 25.190341514333142, 0.0 ], [ 110.134634494181554, 25.190514701136934, 0.0 ], [ 110.134517779295422, 25.190677895820325, 0.0 ], [ 110.134567433400207, 25.190821379618001, 0.0 ], [ 110.134724187642519, 25.190954323149015, 0.0 ], [ 110.134880942225962, 25.191087266520594, 0.0 ], [ 110.135037697150395, 25.191220209732734, 0.0 ], [ 110.135186105387902, 25.191360807234449, 0.0 ], [ 110.1353334363492, 25.191502392797823, 0.0 ], [ 110.135480767650805, 25.191643978220828, 0.0 ], [ 110.135635288402597, 25.191776524143641, 0.0 ], [ 110.13576424530541, 25.191693156501412, 0.0 ], [ 110.135857199119471, 25.191517475812088, 0.0 ], [ 110.135950152660527, 25.191341795053123, 0.0 ], [ 110.136043105928749, 25.19116611422454, 0.0 ], [ 110.136136058924052, 25.190990433326363, 0.0 ], [ 110.136229011646464, 25.190814752358555, 0.0 ], [ 110.136321964095956, 25.190639071321147, 0.0 ], [ 110.136414492521595, 25.190463207459214, 0.0 ], [ 110.136434354306715, 25.190283299502376, 0.0 ], [ 110.136285278680305, 25.190157365681042, 0.0 ], [ 110.136092476482361, 25.190072322165751, 0.0 ], [ 110.135899398225831, 25.189987745446185, 0.0 ], [ 110.135706320242207, 25.189903168480708, 0.0 ], [ 110.135513242531474, 25.189818591269351, 0.0 ], [ 110.135320165093631, 25.189734013812085, 0.0 ] ] ] } },
{ "type": "Feature", "properties": { }, "geometry": { "type": "Polygon", "coordinates": [ [ [ 110.155800986452633, 25.201296974590864, 0.0 ], [ 110.155558670104085, 25.201067495163738, 0.0 ], [ 110.155304175387997, 25.201118736630747, 0.0 ], [ 110.155042732002286, 25.201330125001196, 0.0 ], [ 110.154781289408788, 25.201541514612391, 0.0 ], [ 110.154519845813937, 25.201752903628197, 0.0 ], [ 110.154258401593609, 25.201964292433459, 0.0 ], [ 110.154450194144729, 25.202104830600621, 0.0 ], [ 110.154743805144676, 25.202286885165048, 0.0 ], [ 110.155058015951141, 25.202388640634705, 0.0 ], [ 110.155342014034446, 25.202278375874045, 0.0 ], [ 110.155633065954021, 25.202101895667216, 0.0 ], [ 110.155924117235529, 25.20192541512279, 0.0 ], [ 110.156215166149039, 25.201748931879113, 0.0 ], [ 110.156043303708728, 25.201526453637403, 0.0 ], [ 110.155800986452633, 25.201296974590864, 0.0 ] ] ] } },
{ "type": "Feature", "properties": { }, "geometry": { "type": "Polygon", "coordinates": [ [ [ 110.152705804776332, 25.193285197782931, 0.0 ], [ 110.152507701096496, 25.193107552618034, 0.0 ], [ 110.152251065953124, 25.193001228146745, 0.0 ], [ 110.151988397337561, 25.192907563266211, 0.0 ], [ 110.151720029392763, 25.192830146853442, 0.0 ], [ 110.151449070714165, 25.192760804455602, 0.0 ], [ 110.151184393902668, 25.192672574800657, 0.0 ], [ 110.150949589858755, 25.192531372654237, 0.0 ], [ 110.150729285788415, 25.192371103629803, 0.0 ], [ 110.150855423152635, 25.192290181279503, 0.0 ], [ 110.151077916624573, 25.192447726272665, 0.0 ], [ 110.151323484633039, 25.192572092690227, 0.0 ], [ 110.151591223140187, 25.192651499773199, 0.0 ], [ 110.151864977414562, 25.192712105361931, 0.0 ], [ 110.152131550144702, 25.192795864288463, 0.0 ], [ 110.152391427706149, 25.192895767047197, 0.0 ], [ 110.152630797710259, 25.193030818078881, 0.0 ], [ 110.152822242411645, 25.193217302253238, 0.0 ], [ 110.153040231257037, 25.193083866273788, 0.0 ], [ 110.152883038370021, 25.192899258719521, 0.0 ], [ 110.152689848712541, 25.192712192132355, 0.0 ], [ 110.152496659644441, 25.19252512530354, 0.0 ], [ 110.152303471165382, 25.192338058233084, 0.0 ], [ 110.15211028327569, 25.192150990920993, 0.0 ], [ 110.151917095975122, 25.191963923367272, 0.0 ], [ 110.151723909263751, 25.19177685557192, 0.0 ], [ 110.151513327956579, 25.191625811014632, 0.0 ], [ 110.151231228634728, 25.191622875158103, 0.0 ], [ 110.151025203247158, 25.191787806907907, 0.0 ], [ 110.150827365357003, 25.191970805943249, 0.0 ], [ 110.150629526810476, 25.192153804636195, 0.0 ], [ 110.150431687439053, 25.192336802835715, 0.0 ], [ 110.150233847965552, 25.192519801188897, 0.0 ], [ 110.150036007900439, 25.192702799257543, 0.0 ], [ 110.149840429965764, 25.192887780476358, 0.0 ], [ 110.149850844685247, 25.193021514199533, 0.0 ], [ 110.150071115792201, 25.193123543432865, 0.0 ], [ 110.150353208019581, 25.193119867619757, 0.0 ], [ 110.150633249494959, 25.193136967823186, 0.0 ], [ 110.150910107785592, 25.19318631861977, 0.0 ], [ 110.151186966310362, 25.193235668925848, 0.0 ], [ 110.151462561020864, 25.193290024170206, 0.0 ], [ 110.151735326941008, 25.193355581599011, 0.0 ], [ 110.152001309579262, 25.19343652600201, 0.0 ], [ 110.152248258255483, 25.193560646410557, 0.0 ], [ 110.152499251409765, 25.193676347427264, 0.0 ], [ 110.152748755445359, 25.193789771730156, 0.0 ], [ 110.15295604354165, 25.193949629549905, 0.0 ], [ 110.153156969883909, 25.194127895332652, 0.0 ], [ 110.15309206351094, 25.194292629894843, 0.0 ], [ 110.152814721595121, 25.194295563454329, 0.0 ], [ 110.152565174799079, 25.19430350313155, 0.0 ], [ 110.15258889653397, 25.194538329416748, 0.0 ], [ 110.152803929729515, 25.194703443789457, 0.0 ], [ 110.153023458960092, 25.194864650127567, 0.0 ], [ 110.153226579841231, 25.195041195003586, 0.0 ], [ 110.15332580126514, 25.195267778401586, 0.0 ], [ 110.153249280706888, 25.195505126113535, 0.0 ], [ 110.153181748932482, 25.19575262044053, 0.0 ], [ 110.15335892382123, 25.195937606794811, 0.0 ], [ 110.153530589586239, 25.196152961558315, 0.0 ], [ 110.153754333128902, 25.196277701629587, 0.0 ], [ 110.153985268002074, 25.196422232581476, 0.0 ], [ 110.154217723916872, 25.196567695197849, 0.0 ], [ 110.154451423811025, 25.196710854570828, 0.0 ], [ 110.154719036083804, 25.196778973209486, 0.0 ], [ 110.154873222333947, 25.196947088618249, 0.0 ], [ 110.154673389495528, 25.19706485899448, 0.0 ], [ 110.154502101422764, 25.197254051771107, 0.0 ], [ 110.154436583996841, 25.197477160441228, 0.0 ], [ 110.154556339397729, 25.197685586176981, 0.0 ], [ 110.154715098804132, 25.197868061863666, 0.0 ], [ 110.154919956202122, 25.197971434717701, 0.0 ], [ 110.155127693759667, 25.197797744721775, 0.0 ], [ 110.155305932524328, 25.197609174880107, 0.0 ], [ 110.155357784321311, 25.197356853183251, 0.0 ], [ 110.155409635888986, 25.197104531454166, 0.0 ], [ 110.155461487227143, 25.196852209692839, 0.0 ], [ 110.155513338335851, 25.196599887899286, 0.0 ], [ 110.155565189144752, 25.196347566061529, 0.0 ], [ 110.155627971909851, 25.196097311203413, 0.0 ], [ 110.155836462236181, 25.195931513458405, 0.0 ], [ 110.155647556925246, 25.195740939975433, 0.0 ], [ 110.155451760707251, 25.195556532734965, 0.0 ], [ 110.155245462581121, 25.195381432184845, 0.0 ], [ 110.155057228930474, 25.195276441064454, 0.0 ], [ 110.154864133427168, 25.195107860590372, 0.0 ], [ 110.154670367153926, 25.194921285281875, 0.0 ], [ 110.154467952391045, 25.194742648213136, 0.0 ], [ 110.154265360462063, 25.194564452949475, 0.0 ], [ 110.154080358246233, 25.194371820626849, 0.0 ], [ 110.153858826663523, 25.194212873693605, 0.0 ], [ 110.15384068738021, 25.194034331664032, 0.0 ], [ 110.153620498952989, 25.193873967890632, 0.0 ], [ 110.153385511542851, 25.193732384691835, 0.0 ], [ 110.153139537741595, 25.193606737043751, 0.0 ], [ 110.152902680890762, 25.193468738546063, 0.0 ], [ 110.152705804776332, 25.193285197782931, 0.0 ] ] ] } },
{ "type": "Feature", "properties": { }, "geometry": { "type": "Polygon", "coordinates": [ [ [ 110.150418062781853, 25.191705821081992, 0.0 ], [ 110.150570537264826, 25.191564783840132, 0.0 ], [ 110.150723011396408, 25.191423746429273, 0.0 ], [ 110.150875485176542, 25.19128270884941, 0.0 ], [ 110.150921492788243, 25.19109832285621, 0.0 ], [ 110.150899724863251, 25.190910654385849, 0.0 ], [ 110.150770254839713, 25.190751717482296, 0.0 ], [ 110.150640864399477, 25.190592726890305, 0.0 ], [ 110.150511474292301, 25.190433736190521, 0.0 ], [ 110.150382084518057, 25.190274745382929, 0.0 ], [ 110.150252695076929, 25.190115754467559, 0.0 ], [ 110.150123305968819, 25.189956763444393, 0.0 ], [ 110.149993917193655, 25.189797772313447, 0.0 ], [ 110.149864528751579, 25.189638781074706, 0.0 ], [ 110.14973514064252, 25.189479789728189, 0.0 ], [ 110.149605752866393, 25.189320798273886, 0.0 ], [ 110.149476365423283, 25.189161806711809, 0.0 ], [ 110.149346978313261, 25.189002815041956, 0.0 ], [ 110.149217591536214, 25.188843823264328, 0.0 ], [ 110.14908820509217, 25.188684831378939, 0.0 ], [ 110.148958818981043, 25.188525839385772, 0.0 ], [ 110.148829433202991, 25.18836684728484, 0.0 ], [ 110.148698783584649, 25.188208717673263, 0.0 ], [ 110.148559490531042, 25.188081771821629, 0.0 ], [ 110.148378386364371, 25.188191220960412, 0.0 ], [ 110.14825240115934, 25.188307684437472, 0.0 ], [ 110.148322233988026, 25.18849503378167, 0.0 ], [ 110.148397549110882, 25.188680620101582, 0.0 ], [ 110.148472864454419, 25.188866206384507, 0.0 ], [ 110.148550280034357, 25.189051062704131, 0.0 ], [ 110.148630129847618, 25.189235072969122, 0.0 ], [ 110.148709980124579, 25.189419083109701, 0.0 ], [ 110.148786251749257, 25.189604327867904, 0.0 ], [ 110.148860550227724, 25.189790253373285, 0.0 ], [ 110.14893484954986, 25.189976178635579, 0.0 ], [ 110.149038075660812, 25.190150159843178, 0.0 ], [ 110.149148430162981, 25.19032060017787, 0.0 ], [ 110.149267926642153, 25.190485706359876, 0.0 ], [ 110.149393359285327, 25.190647301323509, 0.0 ], [ 110.149518792256018, 25.190808896185921, 0.0 ], [ 110.149644827905135, 25.190970098365316, 0.0 ], [ 110.149772614121801, 25.191130159723244, 0.0 ], [ 110.149900400597417, 25.191290221023596, 0.0 ], [ 110.150032180599482, 25.191447552630262, 0.0 ], [ 110.150165554652531, 25.191603794724468, 0.0 ], [ 110.150031328738777, 25.19165480717831, 0.0 ], [ 110.149903407458595, 25.191494834798423, 0.0 ], [ 110.149773323613502, 25.191336313372897, 0.0 ], [ 110.149643182273351, 25.191177830633791, 0.0 ], [ 110.149501948597234, 25.191027530861732, 0.0 ], [ 110.149366041390593, 25.190873665088201, 0.0 ], [ 110.149247495790618, 25.190707821528825, 0.0 ], [ 110.149126101118696, 25.190543705440184, 0.0 ], [ 110.149003530686059, 25.190380302311731, 0.0 ], [ 110.148887240061626, 25.190213168851756, 0.0 ], [ 110.148784833985133, 25.190039445704247, 0.0 ], [ 110.148703322531318, 25.189856039435522, 0.0 ], [ 110.14862181072408, 25.189672633340972, 0.0 ], [ 110.148546230939544, 25.189487146833102, 0.0 ], [ 110.148482887328683, 25.189298055213925, 0.0 ], [ 110.148425346269747, 25.189107274263364, 0.0 ], [ 110.14836780489658, 25.188916493411337, 0.0 ], [ 110.148299148617227, 25.188728831026651, 0.0 ], [ 110.148228622524897, 25.188541693269645, 0.0 ], [ 110.148159431043979, 25.188354144543329, 0.0 ], [ 110.147999412255984, 25.188373413695167, 0.0 ], [ 110.147807172073016, 25.188465833059084, 0.0 ], [ 110.147614931605702, 25.188558252164441, 0.0 ], [ 110.147567637474893, 25.188745911411537, 0.0 ], [ 110.147540520593523, 25.188942201098516, 0.0 ], [ 110.147449926853625, 25.189121693461239, 0.0 ], [ 110.147360827117339, 25.189302039486396, 0.0 ], [ 110.14730532559571, 25.189490887121242, 0.0 ], [ 110.147323127111889, 25.189676941168294, 0.0 ], [ 110.147481223240021, 25.189812754950438, 0.0 ], [ 110.147639594373274, 25.189948303397482, 0.0 ], [ 110.147797815415046, 25.190083997108662, 0.0 ], [ 110.147963991058504, 25.19021122982938, 0.0 ], [ 110.148136046483373, 25.190332184499006, 0.0 ], [ 110.148392886750187, 25.190553316465895, 0.0 ], [ 110.148551202063786, 25.190684010511752, 0.0 ], [ 110.148674051944383, 25.190840021304076, 0.0 ], [ 110.148808750649707, 25.190994069085587, 0.0 ], [ 110.148935294619335, 25.191154688119539, 0.0 ], [ 110.149068272516729, 25.191311209241942, 0.0 ], [ 110.149103642149271, 25.191502250964781, 0.0 ], [ 110.149130355362644, 25.191698506539066, 0.0 ], [ 110.149166625706329, 25.19189298149124, 0.0 ], [ 110.149187062088501, 25.192089913020375, 0.0 ], [ 110.149200617856167, 25.192286769951625, 0.0 ], [ 110.149226079990214, 25.192467962502196, 0.0 ], [ 110.149432302498766, 25.19246746315752, 0.0 ], [ 110.14962300640785, 25.192373674964657, 0.0 ], [ 110.14980816133604, 25.192269968359419, 0.0 ], [ 110.149960637224595, 25.192128931793576, 0.0 ], [ 110.150113112761744, 25.19198789505872, 0.0 ], [ 110.150265587947487, 25.191846858154857, 0.0 ], [ 110.150418062781853, 25.191705821081992, 0.0 ] ] ] } },
{ "type": "Feature", "properties": { }, "geometry": { "type": "Polygon", "coordinates": [ [ [ 110.14906477163936, 25.187134685990966, 0.0 ], [ 110.148944928050184, 25.187075679670993, 0.0 ], [ 110.148729323709972, 25.187528602103392, 0.0 ], [ 110.148817650202446, 25.187623014318678, 0.0 ], [ 110.148904578308859, 25.187718495122304, 0.0 ], [ 110.148990092418757, 25.187815027359459, 0.0 ], [ 110.149074177076614, 25.187912593756796, 0.0 ], [ 110.149156817510288, 25.188011176555232, 0.0 ], [ 110.149238139979857, 25.188110663381188, 0.0 ], [ 110.149319229613241, 25.188210307958599, 0.0 ], [ 110.149400319377349, 25.188309952493679, 0.0 ], [ 110.149481409272326, 25.188409596986425, 0.0 ], [ 110.149562499298, 25.188509241436847, 0.0 ], [ 110.149643589502546, 25.188608885812574, 0.0 ], [ 110.149724679907976, 25.18870853009869, 0.0 ], [ 110.149805770444289, 25.188808174342469, 0.0 ], [ 110.149886861111455, 25.188907818543917, 0.0 ], [ 110.149967951909346, 25.189007462703021, 0.0 ], [ 110.150049042838035, 25.189107106819797, 0.0 ], [ 110.150130133897534, 25.189206750894236, 0.0 ], [ 110.15021122508783, 25.189306394926344, 0.0 ], [ 110.150292316408937, 25.189406038916111, 0.0 ], [ 110.150373407860897, 25.18950568286354, 0.0 ], [ 110.150454499443612, 25.189605326768636, 0.0 ], [ 110.150535591157052, 25.189704970631386, 0.0 ], [ 110.15061668300136, 25.189804614451802, 0.0 ], [ 110.15069777497655, 25.189904258229884, 0.0 ], [ 110.150778867082408, 25.190003901965611, 0.0 ], [ 110.15085995931922, 25.19010354565901, 0.0 ], [ 110.150941051686758, 25.190203189310058, 0.0 ], [ 110.15102214418512, 25.190302832918771, 0.0 ], [ 110.151103236814279, 25.190402476485144, 0.0 ], [ 110.151184329574264, 25.190502120009171, 0.0 ], [ 110.151283965994381, 25.190570999013989, 0.0 ], [ 110.151419900850058, 25.190579656751826, 0.0 ], [ 110.151555835729027, 25.190588314365236, 0.0 ], [ 110.151670941653137, 25.190546906309301, 0.0 ], [ 110.151766499746387, 25.190458513491944, 0.0 ], [ 110.15186205770155, 25.190370120608218, 0.0 ], [ 110.151957615518697, 25.190281727658121, 0.0 ], [ 110.152053173197899, 25.190193334641656, 0.0 ], [ 110.152148730739029, 25.190104941558811, 0.0 ], [ 110.152244288142143, 25.190016548409613, 0.0 ], [ 110.152339845407326, 25.189928155194043, 0.0 ], [ 110.152435402534422, 25.189839761912111, 0.0 ], [ 110.152530959523517, 25.189751368563812, 0.0 ], [ 110.152626516374681, 25.18966297514914, 0.0 ], [ 110.152722073087759, 25.189574581668111, 0.0 ], [ 110.152817629662835, 25.189486188120718, 0.0 ], [ 110.152913186099966, 25.189397794506963, 0.0 ], [ 110.153008742399038, 25.189309400826847, 0.0 ], [ 110.153104298560095, 25.189221007080366, 0.0 ], [ 110.153179141074943, 25.189150098586996, 0.0 ], [ 110.153019675708521, 25.189081842134037, 0.0 ], [ 110.152899828208106, 25.189022838983149, 0.0 ], [ 110.152779980825258, 25.188963835737695, 0.0 ], [ 110.152660133560119, 25.188904832397689, 0.0 ], [ 110.152540286412631, 25.188845828963128, 0.0 ], [ 110.152420439382766, 25.188786825434001, 0.0 ], [ 110.152300592349619, 25.188727822013458, 0.0 ], [ 110.152180745433213, 25.188668818500012, 0.0 ], [ 110.15206089878842, 25.188609814633121, 0.0 ], [ 110.151941052319756, 25.188550810573346, 0.0 ], [ 110.151821206280786, 25.188491805894536, 0.0 ], [ 110.151701360007081, 25.188432801713354, 0.0 ], [ 110.151581513851028, 25.188373797437624, 0.0 ], [ 110.151461667812583, 25.188314793067342, 0.0 ], [ 110.151341821891805, 25.188255788602511, 0.0 ], [ 110.151221976045889, 25.188196784115139, 0.0 ], [ 110.151102130226889, 25.1881377796858, 0.0 ], [ 110.15098228452544, 25.188078775161909, 0.0 ], [ 110.15086243910109, 25.18801977027535, 0.0 ], [ 110.15074259382952, 25.187960765235236, 0.0 ], [ 110.150622748675502, 25.18790176010058, 0.0 ], [ 110.150502903639222, 25.187842754871379, 0.0 ], [ 110.150383058720493, 25.187783749547641, 0.0 ], [ 110.150263213919544, 25.187724744129355, 0.0 ], [ 110.150143369236105, 25.187665738616523, 0.0 ], [ 110.150023524588107, 25.187606733147394, 0.0 ], [ 110.149903680057818, 25.187547727583727, 0.0 ], [ 110.149783835645096, 25.187488721925515, 0.0 ], [ 110.14966399135001, 25.18742971617278, 0.0 ], [ 110.149544147172648, 25.187370710325485, 0.0 ], [ 110.149424303112852, 25.187311704383657, 0.0 ], [ 110.14930445917075, 25.187252698347294, 0.0 ], [ 110.149184615346243, 25.187193692216397, 0.0 ], [ 110.14906477163936, 25.187134685990966, 0.0 ] ] ] } },
{ "type": "Feature", "properties": { }, "geometry": { "type": "Polygon", "coordinates": [ [ [ 110.155554884083344, 25.19039945223064, 0.0 ], [ 110.153754907858797, 25.1895375082748, 0.0 ], [ 110.151917296121638, 25.190909302343503, 0.0 ], [ 110.152734044393441, 25.192095908466133, 0.0 ], [ 110.154126942490478, 25.193444645909437, 0.0 ], [ 110.155616252994022, 25.193830500168865, 0.0 ], [ 110.157025099091129, 25.192495540946609, 0.0 ], [ 110.157740533269006, 25.191444103470843, 0.0 ], [ 110.155554884083344, 25.19039945223064, 0.0 ] ] ] } },
{ "type": "Feature", "properties": { }, "geometry": { "type": "Polygon", "coordinates": [ [ [ 110.1585465435044, 25.191831975686419, 0.0 ], [ 110.158385448055853, 25.191754839255967, 0.0 ], [ 110.157929752813814, 25.19195108937145, 0.0 ], [ 110.157803669477403, 25.192070564172944, 0.0 ], [ 110.157677585894604, 25.192190038858691, 0.0 ], [ 110.157551502065488, 25.192309513428693, 0.0 ], [ 110.157425417990055, 25.192428987882941, 0.0 ], [ 110.157299333668362, 25.192548462221438, 0.0 ], [ 110.157173249100282, 25.192667936444174, 0.0 ], [ 110.157047164285871, 25.192787410551158, 0.0 ], [ 110.156921079225199, 25.192906884542374, 0.0 ], [ 110.15679499391814, 25.193026358417836, 0.0 ], [ 110.156668908364765, 25.193145832177535, 0.0 ], [ 110.156542822565115, 25.19326530582147, 0.0 ], [ 110.156416736519063, 25.193384779349643, 0.0 ], [ 110.156290650226666, 25.19350425276204, 0.0 ], [ 110.156164563688009, 25.193623726058668, 0.0 ], [ 110.156038476902935, 25.193743199239524, 0.0 ], [ 110.155912389871546, 25.193862672304611, 0.0 ], [ 110.155786302593867, 25.193982145253923, 0.0 ], [ 110.155660215069716, 25.194101618087462, 0.0 ], [ 110.155534127299433, 25.194221090805225, 0.0 ], [ 110.155371577415607, 25.194649785119477, 0.0 ], [ 110.155496678438553, 25.194770112064678, 0.0 ], [ 110.155624533718594, 25.194888014620716, 0.0 ], [ 110.155755421770081, 25.195003129458442, 0.0 ], [ 110.155889268485311, 25.195115392719092, 0.0 ], [ 110.156025999150103, 25.19522474114471, 0.0 ], [ 110.156165537132068, 25.195331113406173, 0.0 ], [ 110.156307804525781, 25.195434449496183, 0.0 ], [ 110.156452720289678, 25.195534692975368, 0.0 ], [ 110.156600205148337, 25.195631785271239, 0.0 ], [ 110.156750174424729, 25.195725674424217, 0.0 ], [ 110.156902545388732, 25.195816306062294, 0.0 ], [ 110.157057232282568, 25.19590362979482, 0.0 ], [ 110.157214148240215, 25.195987596862718, 0.0 ], [ 110.157373205347369, 25.196068160102829, 0.0 ], [ 110.157534314373763, 25.196145274432336, 0.0 ], [ 110.157697093052363, 25.196219436120742, 0.0 ], [ 110.157860064630825, 25.196293248519616, 0.0 ], [ 110.158023036410086, 25.196367060743246, 0.0 ], [ 110.158186008390004, 25.196440872791648, 0.0 ], [ 110.158348980570651, 25.196514684664809, 0.0 ], [ 110.158511952952082, 25.196588496362732, 0.0 ], [ 110.158674925534186, 25.196662307885415, 0.0 ], [ 110.158837898317017, 25.196736119232853, 0.0 ], [ 110.159008899530221, 25.196757430028732, 0.0 ], [ 110.159187828087298, 25.19672689895669, 0.0 ], [ 110.159320612620576, 25.196618697113244, 0.0 ], [ 110.159446699344073, 25.196499221178286, 0.0 ], [ 110.159572785821183, 25.196379745127558, 0.0 ], [ 110.159698872051976, 25.19626026896108, 0.0 ], [ 110.159824958036353, 25.196140792678857, 0.0 ], [ 110.159951043774342, 25.196021316280884, 0.0 ], [ 110.160077129266043, 25.195901839767156, 0.0 ], [ 110.160203214511313, 25.195782363137681, 0.0 ], [ 110.160329299510266, 25.195662886392473, 0.0 ], [ 110.160455384262804, 25.19554340953151, 0.0 ], [ 110.160581468769053, 25.195423932554817, 0.0 ], [ 110.160707553028871, 25.195304455462367, 0.0 ], [ 110.160833637042316, 25.195184978254193, 0.0 ], [ 110.160959720809501, 25.195065500930276, 0.0 ], [ 110.161085804330312, 25.194946023490633, 0.0 ], [ 110.161211887604708, 25.194826545935246, 0.0 ], [ 110.161337970632744, 25.194707068264137, 0.0 ], [ 110.161464053414505, 25.19458759047729, 0.0 ], [ 110.161590135949851, 25.194468112574722, 0.0 ], [ 110.161716218238922, 25.194348634556423, 0.0 ], [ 110.161842300281563, 25.194229156422406, 0.0 ], [ 110.161968382077873, 25.194109678172662, 0.0 ], [ 110.162094463627909, 25.193990199807207, 0.0 ], [ 110.162220544931529, 25.193870721326022, 0.0 ], [ 110.16232032231342, 25.193743781650639, 0.0 ], [ 110.162251795902378, 25.193606066429652, 0.0 ], [ 110.162090695720096, 25.19352893388929, 0.0 ], [ 110.161929595719513, 25.193451801221336, 0.0 ], [ 110.161768495925898, 25.19337466838234, 0.0 ], [ 110.161607396339136, 25.193297535372306, 0.0 ], [ 110.16144629695934, 25.193220402191226, 0.0 ], [ 110.161285197786469, 25.193143268839115, 0.0 ], [ 110.161124098820423, 25.193066135315963, 0.0 ], [ 110.160963000061372, 25.192989001621786, 0.0 ], [ 110.160801901509146, 25.192911867756582, 0.0 ], [ 110.160640803163915, 25.192834733720343, 0.0 ], [ 110.16047970502558, 25.192757599513065, 0.0 ], [ 110.160318607094084, 25.192680465134774, 0.0 ], [ 110.160157509369512, 25.192603330585463, 0.0 ], [ 110.159996411851921, 25.192526195865121, 0.0 ], [ 110.15983531454124, 25.192449060973765, 0.0 ], [ 110.159674217437384, 25.192371925911392, 0.0 ], [ 110.159513120540524, 25.192294790677998, 0.0 ], [ 110.159352023850502, 25.192217655273595, 0.0 ], [ 110.159190927367476, 25.192140519698182, 0.0 ], [ 110.15902983109136, 25.192063383951751, 0.0 ], [ 110.158868735022068, 25.191986248034318, 0.0 ], [ 110.158707639159786, 25.191909111945872, 0.0 ], [ 110.1585465435044, 25.191831975686419, 0.0 ] ] ] } },
{ "type": "Feature", "properties": { }, "geometry": { "type": "Polygon", "coordinates": [ [ [ 110.156624770760828, 25.196190413318902, 0.0 ], [ 110.156497300621908, 25.196169621293219, 0.0 ], [ 110.156418521145426, 25.196312381453367, 0.0 ], [ 110.156463351318735, 25.196454738118295, 0.0 ], [ 110.156525671750188, 25.196604079938986, 0.0 ], [ 110.156588068320232, 25.196753395497602, 0.0 ], [ 110.156650465037615, 25.196902711030855, 0.0 ], [ 110.1567190176943, 25.197049676146598, 0.0 ], [ 110.156800674540477, 25.197191032175542, 0.0 ], [ 110.156884305734835, 25.197331489492719, 0.0 ], [ 110.156967937117528, 25.197471946764939, 0.0 ], [ 110.157051568688644, 25.197612403992188, 0.0 ], [ 110.157135200448039, 25.197752861174472, 0.0 ], [ 110.157253998765526, 25.197869001191187, 0.0 ], [ 110.157380348607163, 25.197979919477479, 0.0 ], [ 110.157506698677992, 25.198090837660111, 0.0 ], [ 110.157633048977999, 25.198201755739067, 0.0 ], [ 110.157759399507199, 25.198312673714355, 0.0 ], [ 110.157885750265677, 25.198423591585954, 0.0 ], [ 110.158012101253263, 25.19853450935388, 0.0 ], [ 110.158138452470055, 25.198645427018125, 0.0 ], [ 110.158264803916111, 25.19875634457869, 0.0 ], [ 110.158390709023976, 25.198867673088433, 0.0 ], [ 110.158514080711683, 25.198981333651108, 0.0 ], [ 110.158642576008774, 25.199090186224051, 0.0 ], [ 110.158771258290543, 25.199198863433978, 0.0 ], [ 110.158894683197687, 25.199312374740195, 0.0 ], [ 110.159016600559013, 25.199427316046634, 0.0 ], [ 110.15914192484162, 25.199539047867596, 0.0 ], [ 110.15927939034367, 25.19963801664845, 0.0 ], [ 110.159429914323553, 25.199720194287845, 0.0 ], [ 110.159583042790004, 25.19979834843792, 0.0 ], [ 110.159735740892742, 25.199877197341745, 0.0 ], [ 110.159888439335433, 25.199956045867797, 0.0 ], [ 110.160053817907311, 25.200007928454539, 0.0 ], [ 110.160224127218171, 25.200031752125597, 0.0 ], [ 110.160398545701625, 25.200050077680579, 0.0 ], [ 110.160573798196566, 25.20005843769551, 0.0 ], [ 110.160748958985209, 25.200057878032585, 0.0 ], [ 110.160922427092814, 25.200033539676131, 0.0 ], [ 110.161090713211408, 25.199987982489276, 0.0 ], [ 110.161258366381333, 25.199940604512459, 0.0 ], [ 110.161424842696135, 25.199889841000974, 0.0 ], [ 110.16158601728597, 25.199826522120382, 0.0 ], [ 110.161747028414794, 25.199762816338193, 0.0 ], [ 110.161909497909747, 25.199702254409157, 0.0 ], [ 110.162071144079775, 25.199640031191436, 0.0 ], [ 110.162228671124069, 25.199569483022586, 0.0 ], [ 110.16238490547336, 25.1994966141683, 0.0 ], [ 110.162544223642499, 25.199430798814983, 0.0 ], [ 110.16271538470329, 25.199398896789262, 0.0 ], [ 110.162890132671052, 25.199383591203553, 0.0 ], [ 110.163065467228975, 25.199375203010689, 0.0 ], [ 110.163240730403089, 25.199365786498081, 0.0 ], [ 110.163415831709855, 25.199354038312162, 0.0 ], [ 110.163387124126274, 25.199237862370406, 0.0 ], [ 110.163224866500215, 25.199176832205929, 0.0 ], [ 110.163062714626633, 25.199115570704809, 0.0 ], [ 110.162901161993673, 25.199053013503967, 0.0 ], [ 110.162740283981293, 25.198989033526697, 0.0 ], [ 110.162580095157935, 25.198923637938982, 0.0 ], [ 110.162420611569715, 25.198856830914696, 0.0 ], [ 110.162261847541217, 25.198788620099929, 0.0 ], [ 110.162103818010806, 25.198719011889342, 0.0 ], [ 110.161946486581641, 25.19864810622677, 0.0 ], [ 110.161789306057983, 25.198576923488602, 0.0 ], [ 110.161632125720899, 25.198505740587404, 0.0 ], [ 110.161474945570561, 25.198434557523168, 0.0 ], [ 110.161317765606952, 25.198363374295898, 0.0 ], [ 110.161160585830103, 25.198292190905605, 0.0 ], [ 110.161003406239885, 25.198221007352277, 0.0 ], [ 110.16084622683637, 25.19814982363593, 0.0 ], [ 110.160689047619456, 25.198078639756559, 0.0 ], [ 110.16053186858943, 25.198007455714162, 0.0 ], [ 110.160374689746007, 25.197936271508741, 0.0 ], [ 110.160217511089314, 25.197865087140304, 0.0 ], [ 110.160060332619295, 25.197793902608847, 0.0 ], [ 110.159903154335993, 25.197722717914381, 0.0 ], [ 110.159745976239392, 25.197651533056888, 0.0 ], [ 110.159588798335335, 25.197580348025699, 0.0 ], [ 110.159431620627259, 25.197509162814487, 0.0 ], [ 110.159274443105971, 25.197437977440281, 0.0 ], [ 110.159117265771314, 25.197366791903054, 0.0 ], [ 110.158960088623431, 25.197295606202822, 0.0 ], [ 110.158802911662264, 25.197224420339591, 0.0 ], [ 110.158645734887727, 25.197153234313348, 0.0 ], [ 110.158488558299879, 25.197082048124109, 0.0 ], [ 110.158331381898833, 25.197010861771869, 0.0 ], [ 110.158174205684404, 25.196939675256626, 0.0 ], [ 110.158017029656762, 25.196868488578396, 0.0 ], [ 110.157859853815751, 25.19679730173716, 0.0 ], [ 110.157702678161542, 25.19672611473294, 0.0 ], [ 110.15754550269402, 25.196654927565714, 0.0 ], [ 110.157388327413145, 25.196583740235514, 0.0 ], [ 110.157231976347106, 25.196511072823728, 0.0 ], [ 110.157077374327571, 25.196435371091898, 0.0 ], [ 110.156924592573958, 25.196356669712031, 0.0 ], [ 110.15677370162777, 25.196275004506457, 0.0 ], [ 110.156624770760828, 25.196190413318902, 0.0 ] ] ] } },
{ "type": "Feature", "properties": { }, "geometry": { "type": "Polygon", "coordinates": [ [ [ 110.163015748772366, 25.193971832375773, 0.0 ], [ 110.162801005867465, 25.193869018124399, 0.0 ], [ 110.162565285288821, 25.19388309263228, 0.0 ], [ 110.162387428257063, 25.194025368464267, 0.0 ], [ 110.162219365696799, 25.194184629822253, 0.0 ], [ 110.162051302698814, 25.194343890974636, 0.0 ], [ 110.161883239263076, 25.194503151921406, 0.0 ], [ 110.161715175389688, 25.194662412662545, 0.0 ], [ 110.16154711107859, 25.194821673198089, 0.0 ], [ 110.161379046329685, 25.194980933527987, 0.0 ], [ 110.161210981143142, 25.19514019365225, 0.0 ], [ 110.161042915518863, 25.19529945357089, 0.0 ], [ 110.160874849456789, 25.195458713283884, 0.0 ], [ 110.16070678295705, 25.195617972791236, 0.0 ], [ 110.160538716019587, 25.195777232092944, 0.0 ], [ 110.160370648644289, 25.195936491188998, 0.0 ], [ 110.160202580831339, 25.196095750079401, 0.0 ], [ 110.160034512580623, 25.196255008764147, 0.0 ], [ 110.159866443892071, 25.196414267243227, 0.0 ], [ 110.159698374765853, 25.196573525516634, 0.0 ], [ 110.159530305201798, 25.196732783584377, 0.0 ], [ 110.159596267499822, 25.197079585194139, 0.0 ], [ 110.159813506824136, 25.197177972069824, 0.0 ], [ 110.160030746505171, 25.197276358634117, 0.0 ], [ 110.160247986542785, 25.197374744887011, 0.0 ], [ 110.160465226937035, 25.197473130828499, 0.0 ], [ 110.160682467688019, 25.197571516458581, 0.0 ], [ 110.16089970879564, 25.197669901777246, 0.0 ], [ 110.161116950259824, 25.197768286784505, 0.0 ], [ 110.16133419208073, 25.197866671480334, 0.0 ], [ 110.1615514342582, 25.197965055864739, 0.0 ], [ 110.161768676792391, 25.198063439937716, 0.0 ], [ 110.161985919683147, 25.198161823699262, 0.0 ], [ 110.162203162930609, 25.198260207149364, 0.0 ], [ 110.162421002019784, 25.198357490455482, 0.0 ], [ 110.16264028629719, 25.198452047991861, 0.0 ], [ 110.163267658052746, 25.198324850976309, 0.0 ], [ 110.163427440887673, 25.1981586800385, 0.0 ], [ 110.16358722328718, 25.197992508913217, 0.0 ], [ 110.163747005251267, 25.197826337600468, 0.0 ], [ 110.163906786779975, 25.197660166100263, 0.0 ], [ 110.164066567873334, 25.197493994412593, 0.0 ], [ 110.16422634853123, 25.197327822537474, 0.0 ], [ 110.164386128753733, 25.197161650474907, 0.0 ], [ 110.164545908540845, 25.196995478224888, 0.0 ], [ 110.164705687892564, 25.196829305787428, 0.0 ], [ 110.164865466808905, 25.196663133162534, 0.0 ], [ 110.165025245289954, 25.196496960350199, 0.0 ], [ 110.165185023335553, 25.196330787350437, 0.0 ], [ 110.165344800945775, 25.196164614163244, 0.0 ], [ 110.165504578120647, 25.195998440788632, 0.0 ], [ 110.165664354860155, 25.195832267226592, 0.0 ], [ 110.165824131164385, 25.195666093477151, 0.0 ], [ 110.165807439990004, 25.195308389984284, 0.0 ], [ 110.165592692305964, 25.195205579684352, 0.0 ], [ 110.165377944989558, 25.195102769080439, 0.0 ], [ 110.165163198040773, 25.194999958172552, 0.0 ], [ 110.164948451459551, 25.194897146960688, 0.0 ], [ 110.164733705246022, 25.19479433544485, 0.0 ], [ 110.164518959400056, 25.19469152362505, 0.0 ], [ 110.164304213921781, 25.194588711501289, 0.0 ], [ 110.164089468811142, 25.194485899073566, 0.0 ], [ 110.16387472406808, 25.194383086341894, 0.0 ], [ 110.163659979692767, 25.194280273306273, 0.0 ], [ 110.163445235684961, 25.194177459966713, 0.0 ], [ 110.163230492044846, 25.194074646323209, 0.0 ], [ 110.163015748772366, 25.193971832375773, 0.0 ] ] ] } },
{ "type": "Feature", "properties": { }, "geometry": { "type": "Polygon", "coordinates": [ [ [ 110.16934075562132, 25.203859628262983, 0.0 ], [ 110.16985882788596, 25.203743397039386, 0.0 ], [ 110.170354507001406, 25.203977842989548, 0.0 ], [ 110.170246797058724, 25.203881867977447, 0.0 ], [ 110.169762460601291, 25.203636384769748, 0.0 ], [ 110.169246383059985, 25.203843149880701, 0.0 ], [ 110.168702115461613, 25.204033187172289, 0.0 ], [ 110.16815607881594, 25.204219312396603, 0.0 ], [ 110.168271453202891, 25.20421711404985, 0.0 ], [ 110.16879426972605, 25.204044668698863, 0.0 ], [ 110.16934075562132, 25.203859628262983, 0.0 ] ] ] } },
{ "type": "Feature", "properties": { }, "geometry": { "type": "Polygon", "coordinates": [ [ [ 110.166562070415523, 25.195669664655597, 0.0 ], [ 110.166409625677829, 25.195596683113234, 0.0 ], [ 110.166244113465154, 25.195602233911398, 0.0 ], [ 110.166114034501675, 25.195693599493065, 0.0 ], [ 110.166000613754591, 25.195811562137564, 0.0 ], [ 110.165887192788276, 25.195929524687632, 0.0 ], [ 110.165773771602517, 25.196047487143254, 0.0 ], [ 110.165660350197427, 25.196165449504438, 0.0 ], [ 110.165546928572866, 25.196283411771173, 0.0 ], [ 110.165433506728931, 25.196401373943463, 0.0 ], [ 110.165320084665595, 25.196519336021311, 0.0 ], [ 110.165206662382943, 25.19663729800471, 0.0 ], [ 110.165093239880832, 25.196755259893649, 0.0 ], [ 110.16497981715932, 25.196873221688151, 0.0 ], [ 110.164866394218478, 25.196991183388196, 0.0 ], [ 110.164752971058164, 25.197109144993789, 0.0 ], [ 110.164639547678462, 25.197227106504918, 0.0 ], [ 110.164526124079359, 25.197345067921599, 0.0 ], [ 110.164412700260911, 25.197463029243828, 0.0 ], [ 110.164299276223062, 25.19758099047159, 0.0 ], [ 110.164185851965726, 25.197698951604892, 0.0 ], [ 110.164072427488989, 25.197816912643731, 0.0 ], [ 110.163959002792851, 25.197934873588107, 0.0 ], [ 110.163845577877282, 25.198052834438023, 0.0 ], [ 110.163732152742398, 25.198170795193469, 0.0 ], [ 110.163618727388013, 25.198288755854445, 0.0 ], [ 110.163505301814297, 25.198406716420958, 0.0 ], [ 110.163402726936852, 25.198671538248512, 0.0 ], [ 110.16412519055595, 25.199027105581628, 0.0 ], [ 110.164284176421944, 25.199087445697995, 0.0 ], [ 110.164442291743015, 25.199149646308971, 0.0 ], [ 110.164598788657301, 25.199215140517996, 0.0 ], [ 110.164752951576759, 25.199285062599461, 0.0 ], [ 110.164904490477753, 25.199359581962312, 0.0 ], [ 110.165053237942189, 25.19943862012887, 0.0 ], [ 110.165199032003272, 25.199522089541041, 0.0 ], [ 110.165341712916785, 25.199609899381297, 0.0 ], [ 110.165481126129009, 25.199701951792907, 0.0 ], [ 110.165617409149533, 25.199797810148276, 0.0 ], [ 110.165751412074357, 25.199896298025212, 0.0 ], [ 110.16588420064609, 25.199996140622794, 0.0 ], [ 110.166016762873937, 25.200096232441663, 0.0 ], [ 110.166149325263689, 25.200196324211262, 0.0 ], [ 110.166604549346658, 25.200339811684234, 0.0 ], [ 110.166733699451171, 25.200241129743159, 0.0 ], [ 110.166858397806621, 25.20013299535859, 0.0 ], [ 110.166983095942044, 25.200024860861671, 0.0 ], [ 110.16710779385744, 25.199916726252411, 0.0 ], [ 110.167232491552838, 25.199808591530793, 0.0 ], [ 110.167357189028223, 25.199700456696835, 0.0 ], [ 110.167481886283596, 25.199592321750533, 0.0 ], [ 110.167606583318957, 25.199484186691894, 0.0 ], [ 110.16773128013439, 25.199376051520908, 0.0 ], [ 110.16785597672974, 25.199267916237577, 0.0 ], [ 110.167980673105006, 25.19915978084191, 0.0 ], [ 110.168105369260417, 25.199051645333906, 0.0 ], [ 110.168230065195687, 25.198943509713573, 0.0 ], [ 110.168354760911086, 25.198835373980913, 0.0 ], [ 110.16847945640643, 25.198727238135909, 0.0 ], [ 110.168604151681748, 25.198619102178576, 0.0 ], [ 110.168728846737082, 25.19851096610892, 0.0 ], [ 110.168853541572417, 25.198402829926934, 0.0 ], [ 110.168978236187826, 25.198294693632619, 0.0 ], [ 110.169102930583094, 25.198186557225977, 0.0 ], [ 110.16922762475852, 25.19807842070702, 0.0 ], [ 110.169352318713806, 25.197970284075737, 0.0 ], [ 110.169477012449178, 25.197862147332135, 0.0 ], [ 110.169601705964538, 25.197754010476221, 0.0 ], [ 110.16972639926, 25.197645873507984, 0.0 ], [ 110.169851092335392, 25.197537736427435, 0.0 ], [ 110.169910849775448, 25.197283809812824, 0.0 ], [ 110.169759971848322, 25.197208177694577, 0.0 ], [ 110.169608788701552, 25.197133051861897, 0.0 ], [ 110.169457319123865, 25.197058405337277, 0.0 ], [ 110.169305565246901, 25.196984238521576, 0.0 ], [ 110.169153528601001, 25.196910552832094, 0.0 ], [ 110.169001211413033, 25.1968373484981, 0.0 ], [ 110.16884876371131, 25.196764369407013, 0.0 ], [ 110.168696316194755, 25.196691390162709, 0.0 ], [ 110.168543868863523, 25.196618410765197, 0.0 ], [ 110.168391421717629, 25.196545431214467, 0.0 ], [ 110.168238974756903, 25.196472451510527, 0.0 ], [ 110.168086527981359, 25.196399471653372, 0.0 ], [ 110.167934081391138, 25.196326491643006, 0.0 ], [ 110.167781634986255, 25.196253511479441, 0.0 ], [ 110.167629188766526, 25.196180531162661, 0.0 ], [ 110.167476742731992, 25.196107550692684, 0.0 ], [ 110.167324296882782, 25.1960345700695, 0.0 ], [ 110.167171851218825, 25.195961589293113, 0.0 ], [ 110.16701940574012, 25.195888608363536, 0.0 ], [ 110.166866960446669, 25.195815627280751, 0.0 ], [ 110.166714515338469, 25.195742646044771, 0.0 ], [ 110.166562070415523, 25.195669664655597, 0.0 ] ] ] } },
{ "type": "Feature", "properties": { }, "geometry": { "type": "Polygon", "coordinates": [ [ [ 110.173194989475391, 25.201192067312473, 0.0 ], [ 110.17338422774958, 25.201128224730461, 0.0 ], [ 110.173573465832746, 25.201064381900711, 0.0 ], [ 110.173762703724918, 25.201000538823251, 0.0 ], [ 110.173951941426083, 25.200936695498054, 0.0 ], [ 110.174141178936253, 25.200872851925151, 0.0 ], [ 110.174330416255486, 25.200809008104521, 0.0 ], [ 110.174519653383641, 25.200745164036181, 0.0 ], [ 110.174708890320787, 25.200681319720125, 0.0 ], [ 110.174898127066982, 25.200617475156356, 0.0 ], [ 110.175018797739952, 25.200500529467323, 0.0 ], [ 110.175023099990355, 25.200330315597053, 0.0 ], [ 110.174875463829324, 25.200205122582567, 0.0 ], [ 110.174724142704008, 25.200083621327295, 0.0 ], [ 110.174569424683256, 25.199965714676871, 0.0 ], [ 110.17441141391707, 25.199851480041133, 0.0 ], [ 110.174250214529636, 25.199740994877367, 0.0 ], [ 110.174085934622425, 25.1996343320248, 0.0 ], [ 110.173918937187366, 25.19953121676145, 0.0 ], [ 110.173751445489899, 25.199428763383498, 0.0 ], [ 110.173583954076065, 25.199326309821565, 0.0 ], [ 110.173416254950908, 25.199224138333271, 0.0 ], [ 110.173248099826637, 25.199122589346544, 0.0 ], [ 110.173079491867455, 25.199021664024304, 0.0 ], [ 110.172910432446002, 25.198921366023232, 0.0 ], [ 110.172740925413564, 25.198821695566917, 0.0 ], [ 110.172570973481399, 25.198722654451515, 0.0 ], [ 110.172400578999685, 25.198624245001493, 0.0 ], [ 110.172229745266549, 25.198526468185392, 0.0 ], [ 110.172058474947676, 25.198429325876425, 0.0 ], [ 110.171886770634146, 25.198332820068174, 0.0 ], [ 110.171714635600821, 25.198236951746008, 0.0 ], [ 110.17154207246432, 25.198141722864641, 0.0 ], [ 110.17136908413616, 25.198047134944911, 0.0 ], [ 110.171195673787437, 25.197953189106642, 0.0 ], [ 110.171021843744967, 25.19785988776022, 0.0 ], [ 110.170847597353628, 25.197767231756806, 0.0 ], [ 110.17067293728077, 25.197675222990519, 0.0 ], [ 110.170497866410003, 25.197583863025891, 0.0 ], [ 110.170310920236531, 25.197545520768607, 0.0 ], [ 110.170126381661916, 25.197598277221168, 0.0 ], [ 110.169980291097986, 25.197724971190663, 0.0 ], [ 110.169834200232003, 25.197851665005995, 0.0 ], [ 110.16968810906414, 25.197978358667157, 0.0 ], [ 110.169542017594225, 25.198105052174142, 0.0 ], [ 110.169395925822414, 25.198231745526961, 0.0 ], [ 110.169249833748538, 25.198358438725599, 0.0 ], [ 110.169103741372695, 25.19848513177006, 0.0 ], [ 110.168957648694871, 25.198611824660329, 0.0 ], [ 110.168811555715138, 25.198738517396421, 0.0 ], [ 110.168665462433339, 25.198865209978326, 0.0 ], [ 110.168519368849644, 25.198991902406043, 0.0 ], [ 110.168373274963869, 25.199118594679572, 0.0 ], [ 110.168227180776114, 25.199245286798892, 0.0 ], [ 110.168081086286378, 25.199371978764034, 0.0 ], [ 110.167934991494704, 25.199498670574961, 0.0 ], [ 110.167788896400964, 25.199625362231689, 0.0 ], [ 110.167642801005314, 25.199752053734223, 0.0 ], [ 110.16749670530757, 25.199878745082547, 0.0 ], [ 110.167350609307846, 25.200005436276648, 0.0 ], [ 110.167204513125654, 25.200132127430592, 0.0 ], [ 110.167058416670798, 25.200258818458387, 0.0 ], [ 110.166912319913919, 25.200385509331973, 0.0 ], [ 110.167076829735265, 25.200468572674016, 0.0 ], [ 110.167248371198141, 25.200377748533924, 0.0 ], [ 110.16744968412236, 25.200364639210591, 0.0 ], [ 110.167650997011876, 25.200351529612082, 0.0 ], [ 110.167826494959996, 25.200411581797074, 0.0 ], [ 110.167981804085628, 25.20052885160548, 0.0 ], [ 110.168137113498716, 25.200646121269386, 0.0 ], [ 110.168292423208868, 25.20076339077816, 0.0 ], [ 110.168447733218187, 25.20088066012957, 0.0 ], [ 110.168603043526645, 25.20099792932362, 0.0 ], [ 110.16875835413434, 25.201115198360299, 0.0 ], [ 110.168913665041117, 25.20123246723962, 0.0 ], [ 110.169068976247104, 25.201349735961571, 0.0 ], [ 110.16922473012346, 25.201453846652811, 0.0 ], [ 110.169387629088803, 25.201345433635503, 0.0 ], [ 110.169550527768152, 25.201237020429808, 0.0 ], [ 110.169713426161508, 25.201128607035734, 0.0 ], [ 110.170031931575096, 25.201128990538926, 0.0 ], [ 110.170187255282855, 25.201246245478657, 0.0 ], [ 110.170342579289738, 25.201363500260989, 0.0 ], [ 110.170497903595717, 25.201480754885903, 0.0 ], [ 110.170653228200891, 25.201598009353408, 0.0 ], [ 110.170808553105232, 25.201715263663491, 0.0 ], [ 110.170963878308726, 25.201832517816161, 0.0 ], [ 110.171123116259537, 25.201915511369091, 0.0 ], [ 110.171304915300666, 25.201835824801851, 0.0 ], [ 110.171491836412898, 25.201766639402589, 0.0 ], [ 110.171681076406003, 25.201702799050206, 0.0 ], [ 110.171870316208128, 25.201638958450076, 0.0 ], [ 110.172059555819274, 25.2015751176022, 0.0 ], [ 110.172248795239497, 25.201511276506583, 0.0 ], [ 110.172438034468655, 25.201447435163235, 0.0 ], [ 110.17262727350689, 25.201383593572146, 0.0 ], [ 110.17281651235399, 25.201319751733315, 0.0 ], [ 110.173005751010152, 25.201255909646761, 0.0 ], [ 110.173194989475391, 25.201192067312473, 0.0 ] ] ] } },
{ "type": "Feature", "properties": { }, "geometry": { "type": "Polygon", "coordinates": [ [ [ 110.172258872097103, 25.210651595749752, 0.0 ], [ 110.172146949337659, 25.210470897068202, 0.0 ], [ 110.171942429410095, 25.210486778103551, 0.0 ], [ 110.17172128855853, 25.210537430609179, 0.0 ], [ 110.171546091777955, 25.210503694047937, 0.0 ], [ 110.171454112512194, 25.210313864206604, 0.0 ], [ 110.171361190659027, 25.210124409206625, 0.0 ], [ 110.171268269086426, 25.209934954150761, 0.0 ], [ 110.171177223860411, 25.209744751816562, 0.0 ], [ 110.171087236221183, 25.209554128309975, 0.0 ], [ 110.171108958026878, 25.209404248324358, 0.0 ], [ 110.171318768204955, 25.209322969431319, 0.0 ], [ 110.171486108989797, 25.209372189408089, 0.0 ], [ 110.171614954341422, 25.209543360617264, 0.0 ], [ 110.17174380004964, 25.209714531719378, 0.0 ], [ 110.171860560183106, 25.209631454137917, 0.0 ], [ 110.171748246593239, 25.209450901574524, 0.0 ], [ 110.171634147561051, 25.20927132388346, 0.0 ], [ 110.171511851986239, 25.209096221250686, 0.0 ], [ 110.171389556756793, 25.208921118521538, 0.0 ], [ 110.171267344774265, 25.208745967889147, 0.0 ], [ 110.171145465136661, 25.208570625706159, 0.0 ], [ 110.171023585843656, 25.208395283427464, 0.0 ], [ 110.170896554865351, 25.208223033759932, 0.0 ], [ 110.170768841780642, 25.208051165042246, 0.0 ], [ 110.170645854834191, 25.207876561540751, 0.0 ], [ 110.17052178753363, 25.207702511606936, 0.0 ], [ 110.170410177804911, 25.207521664497893, 0.0 ], [ 110.170300170235151, 25.20733994166573, 0.0 ], [ 110.170186301292489, 25.207160251095459, 0.0 ], [ 110.170066557825493, 25.206983730381193, 0.0 ], [ 110.169939497415967, 25.206811460058635, 0.0 ], [ 110.169811729880749, 25.206639623522314, 0.0 ], [ 110.16968386134414, 25.206467849041456, 0.0 ], [ 110.169560189463795, 25.206293734871608, 0.0 ], [ 110.169450001548697, 25.206112103063017, 0.0 ], [ 110.16933981395492, 25.205930471176231, 0.0 ], [ 110.169221294395868, 25.205753290954394, 0.0 ], [ 110.168895736458438, 25.205821028598027, 0.0 ], [ 110.168736133898236, 25.205895231915047, 0.0 ], [ 110.168733153257904, 25.206037714468035, 0.0 ], [ 110.168891951492625, 25.206130890951183, 0.0 ], [ 110.168996069769804, 25.206003473354492, 0.0 ], [ 110.169115363534104, 25.205989297003971, 0.0 ], [ 110.16923479230401, 25.206165975299609, 0.0 ], [ 110.169357488071626, 25.20634084431623, 0.0 ], [ 110.169480042311633, 25.20651579554902, 0.0 ], [ 110.169602979205436, 25.206690522321487, 0.0 ], [ 110.169727548269279, 25.206864291999718, 0.0 ], [ 110.169850494473735, 25.207038969196692, 0.0 ], [ 110.169964646604683, 25.20721856370648, 0.0 ], [ 110.170081213398632, 25.207396788253082, 0.0 ], [ 110.17020827520696, 25.207569058086587, 0.0 ], [ 110.17032662642174, 25.207746360744988, 0.0 ], [ 110.170439980160282, 25.2079263571678, 0.0 ], [ 110.170439229142531, 25.208084670054681, 0.0 ], [ 110.170461224879304, 25.208276583121357, 0.0 ], [ 110.170471648873118, 25.208483634339885, 0.0 ], [ 110.170453882462581, 25.208690218937669, 0.0 ], [ 110.17042827812422, 25.208896334930824, 0.0 ], [ 110.170404525307461, 25.209102665721691, 0.0 ], [ 110.170380772399994, 25.209308996500994, 0.0 ], [ 110.170357019401848, 25.209515327268758, 0.0 ], [ 110.170333266313079, 25.209721658024954, 0.0 ], [ 110.170309513133617, 25.209927988769611, 0.0 ], [ 110.17028575986339, 25.210134319502703, 0.0 ], [ 110.170262006502469, 25.21034065022425, 0.0 ], [ 110.170242839892992, 25.210547337731789, 0.0 ], [ 110.170260578504468, 25.210753257054577, 0.0 ], [ 110.170299211772104, 25.210957571698987, 0.0 ], [ 110.170395982862701, 25.211145425262966, 0.0 ], [ 110.17049521031052, 25.211332104861988, 0.0 ], [ 110.170610346423871, 25.211511180813481, 0.0 ], [ 110.170725482869045, 25.211690256679567, 0.0 ], [ 110.170848759913753, 25.211864373576383, 0.0 ], [ 110.170986923387289, 25.212029422073499, 0.0 ], [ 110.17113910129342, 25.212130070542472, 0.0 ], [ 110.171335967395009, 25.212025359381432, 0.0 ], [ 110.171532833164989, 25.211920647948187, 0.0 ], [ 110.171729698603215, 25.211815936242751, 0.0 ], [ 110.171926563709818, 25.211711224265116, 0.0 ], [ 110.172061667099399, 25.211591786381373, 0.0 ], [ 110.172054396119862, 25.211438685113265, 0.0 ], [ 110.172251877813082, 25.211334939396103, 0.0 ], [ 110.172449359176852, 25.211231193405201, 0.0 ], [ 110.172646840211115, 25.211127447140537, 0.0 ], [ 110.172844320915772, 25.211023700602144, 0.0 ], [ 110.172837561777797, 25.210941388045054, 0.0 ], [ 110.172619836992197, 25.210879689413037, 0.0 ], [ 110.172407701313432, 25.210803824443225, 0.0 ], [ 110.172258872097103, 25.210651595749752, 0.0 ] ] ] } },
{ "type": "Feature", "properties": { }, "geometry": { "type": "Polygon", "coordinates": [ [ [ 110.168902383746484, 25.205662358717348, 0.0 ], [ 110.168823828070458, 25.205545133578411, 0.0 ], [ 110.168690003302856, 25.205616700312124, 0.0 ], [ 110.168777155816713, 25.20572878346395, 0.0 ], [ 110.168902383746484, 25.205662358717348, 0.0 ] ] ] } },
{ "type": "Feature", "properties": { }, "geometry": { "type": "Polygon", "coordinates": [ [ [ 110.169185943211716, 25.206679062464431, 0.0 ], [ 110.169102497708053, 25.206579888545235, 0.0 ], [ 110.169019325791226, 25.206480526591953, 0.0 ], [ 110.168937245334178, 25.206380414342334, 0.0 ], [ 110.168855165765493, 25.206280301536683, 0.0 ], [ 110.16876993312124, 25.206182436863134, 0.0 ], [ 110.16868270126956, 25.20608599760628, 0.0 ], [ 110.168595469584105, 25.205989558278112, 0.0 ], [ 110.168507811297928, 25.205893441158761, 0.0 ], [ 110.168419459997025, 25.205797852942851, 0.0 ], [ 110.168328905122365, 25.205703983366149, 0.0 ], [ 110.168245391144993, 25.205605542514149, 0.0 ], [ 110.168173204790023, 25.205499608665928, 0.0 ], [ 110.168095503894122, 25.205396796925537, 0.0 ], [ 110.168021132313285, 25.205291817775045, 0.0 ], [ 110.167946760858413, 25.205186838588929, 0.0 ], [ 110.16787238916325, 25.205081859581924, 0.0 ], [ 110.167798016239331, 25.204976881333742, 0.0 ], [ 110.16772653219887, 25.204870414710015, 0.0 ], [ 110.167665831201901, 25.204758392581393, 0.0 ], [ 110.167605130714378, 25.204646370249261, 0.0 ], [ 110.167544105602232, 25.204534497119145, 0.0 ], [ 110.167447830228227, 25.204525915737108, 0.0 ], [ 110.167330156689758, 25.204590229686755, 0.0 ], [ 110.167214590807106, 25.20465763285106, 0.0 ], [ 110.167101232132794, 25.204728070244052, 0.0 ], [ 110.166990175993732, 25.204801480957151, 0.0 ], [ 110.166881517226685, 25.20487780350194, 0.0 ], [ 110.166775348266597, 25.2049569733223, 0.0 ], [ 110.16667175735742, 25.205038921317417, 0.0 ], [ 110.166570835344828, 25.205123581017727, 0.0 ], [ 110.166472665512558, 25.205210878210185, 0.0 ], [ 110.16637733097501, 25.205300738804823, 0.0 ], [ 110.166284765951758, 25.205392966548249, 0.0 ], [ 110.166194293366814, 25.205486899635918, 0.0 ], [ 110.166105082911727, 25.205581827865533, 0.0 ], [ 110.166016307414708, 25.2056770936831, 0.0 ], [ 110.165927551475875, 25.205772374671376, 0.0 ], [ 110.165838798187806, 25.205867657752552, 0.0 ], [ 110.165750044760799, 25.205962940775688, 0.0 ], [ 110.165661291195036, 25.206058223740797, 0.0 ], [ 110.16557253749032, 25.20615350664788, 0.0 ], [ 110.165483783646835, 25.206248789496932, 0.0 ], [ 110.165395029664424, 25.206344072287955, 0.0 ], [ 110.16530627554323, 25.206439355020937, 0.0 ], [ 110.165217521283083, 25.206534637695885, 0.0 ], [ 110.16512876688418, 25.206629920312796, 0.0 ], [ 110.165040012346324, 25.206725202871684, 0.0 ], [ 110.164951257669685, 25.206820485372539, 0.0 ], [ 110.164862502854106, 25.206915767815353, 0.0 ], [ 110.164773747899744, 25.207011050200126, 0.0 ], [ 110.16504475569792, 25.207161952410736, 0.0 ], [ 110.165175984286122, 25.207198516484329, 0.0 ], [ 110.165307914223419, 25.207233051146535, 0.0 ], [ 110.165439844238449, 25.207267585692758, 0.0 ], [ 110.165572321395814, 25.20729962043848, 0.0 ], [ 110.165703235416728, 25.207336531222591, 0.0 ], [ 110.165835719220667, 25.207366810489862, 0.0 ], [ 110.165972865718359, 25.207361249961096, 0.0 ], [ 110.166110012207525, 25.207355689304791, 0.0 ], [ 110.166247158688137, 25.20735012852094, 0.0 ], [ 110.166350201542969, 25.207352118185355, 0.0 ], [ 110.166467592897632, 25.207287366357903, 0.0 ], [ 110.166584984310546, 25.207222614704417, 0.0 ], [ 110.16670237554267, 25.207157862866474, 0.0 ], [ 110.1668141252092, 25.207086290526878, 0.0 ], [ 110.166937404133165, 25.207031530391809, 0.0 ], [ 110.167561030561345, 25.206667414583094, 0.0 ], [ 110.167695983325132, 25.206644505982336, 0.0 ], [ 110.16783093604549, 25.206621597274104, 0.0 ], [ 110.167966460076101, 25.206603816224092, 0.0 ], [ 110.168103720693423, 25.206601620629083, 0.0 ], [ 110.16824098130968, 25.206599424906511, 0.0 ], [ 110.168378241925097, 25.206597229056388, 0.0 ], [ 110.168515502539421, 25.206595033078713, 0.0 ], [ 110.16862772019455, 25.206645050673043, 0.0 ], [ 110.1687193020569, 25.206738092503382, 0.0 ], [ 110.168810884058075, 25.206831134279383, 0.0 ], [ 110.168902466198105, 25.206924176001053, 0.0 ], [ 110.168994048476861, 25.20701721766839, 0.0 ], [ 110.169085630894543, 25.207110259281386, 0.0 ], [ 110.169177213450979, 25.207203300840042, 0.0 ], [ 110.169282840917916, 25.207279391649703, 0.0 ], [ 110.169406373888435, 25.207333872287421, 0.0 ], [ 110.169529906971391, 25.207388352824321, 0.0 ], [ 110.169653439941683, 25.207442833682794, 0.0 ], [ 110.169762052482739, 25.207366644849031, 0.0 ], [ 110.169693595470648, 25.20726917122759, 0.0 ], [ 110.169608189032758, 25.207171388432478, 0.0 ], [ 110.169523012043356, 25.207073440838101, 0.0 ], [ 110.16943825399278, 25.206975192303489, 0.0 ], [ 110.169353496077377, 25.20687694372246, 0.0 ], [ 110.1692693888495, 25.206778236338657, 0.0 ], [ 110.169185943211716, 25.206679062464431, 0.0 ] ] ] } },
{ "type": "Feature", "properties": { }, "geometry": { "type": "Polygon", "coordinates": [ [ [ 110.166355431798166, 25.204690847436421, 0.0 ], [ 110.166506559002201, 25.204573277430882, 0.0 ], [ 110.166662508691857, 25.204461041344711, 0.0 ], [ 110.1668230523658, 25.204354301283885, 0.0 ], [ 110.166987957056605, 25.204253213945204, 0.0 ], [ 110.167151642956625, 25.204157889292414, 0.0 ], [ 110.167128060419003, 25.204014832196172, 0.0 ], [ 110.167047358004979, 25.20384948329934, 0.0 ], [ 110.166966655803492, 25.203684134360373, 0.0 ], [ 110.166859072362413, 25.203599594485258, 0.0 ], [ 110.166716681167401, 25.203713622936295, 0.0 ], [ 110.166652022619388, 25.203884560634123, 0.0 ], [ 110.166534048353753, 25.204025949889605, 0.0 ], [ 110.166376178030703, 25.204135958197071, 0.0 ], [ 110.166260245446608, 25.204219851851889, 0.0 ], [ 110.166113694200632, 25.204313778906492, 0.0 ], [ 110.16602500998323, 25.204427720727843, 0.0 ], [ 110.165937605671118, 25.204538234518772, 0.0 ], [ 110.165783183880848, 25.204615023767872, 0.0 ], [ 110.165592081286235, 25.204665053722863, 0.0 ], [ 110.165406410276717, 25.204632447798836, 0.0 ], [ 110.165208008460766, 25.204644685092372, 0.0 ], [ 110.165009606613296, 25.204656922118652, 0.0 ], [ 110.164811204734335, 25.204669158877671, 0.0 ], [ 110.164618394921959, 25.20465893983102, 0.0 ], [ 110.164445163882846, 25.204570100934458, 0.0 ], [ 110.164271933099371, 25.204481261840336, 0.0 ], [ 110.164107496691187, 25.204380002675876, 0.0 ], [ 110.163946963642971, 25.204273231044127, 0.0 ], [ 110.16384111369868, 25.204123641669572, 0.0 ], [ 110.163748973758715, 25.203963317252637, 0.0 ], [ 110.163656834055431, 25.203802992781021, 0.0 ], [ 110.163564694588715, 25.203642668254759, 0.0 ], [ 110.163525773560821, 25.203471075524085, 0.0 ], [ 110.163530635557663, 25.20329021239122, 0.0 ], [ 110.163535497531925, 25.203109349253459, 0.0 ], [ 110.163562120752161, 25.202933579192564, 0.0 ], [ 110.163653793021453, 25.202773033428159, 0.0 ], [ 110.163681660180103, 25.20267585562442, 0.0 ], [ 110.16359431589197, 25.202495552720002, 0.0 ], [ 110.163531576369806, 25.202343713092418, 0.0 ], [ 110.163249362122698, 25.202191571439091, 0.0 ], [ 110.162597759445021, 25.201866702597599, 0.0 ], [ 110.162424901617342, 25.201931822124912, 0.0 ], [ 110.162280090033377, 25.202055809663886, 0.0 ], [ 110.162135278156526, 25.202179797051446, 0.0 ], [ 110.161990465986875, 25.202303784287583, 0.0 ], [ 110.161845653524253, 25.202427771372292, 0.0 ], [ 110.161700840768759, 25.202551758305582, 0.0 ], [ 110.161556027720437, 25.202675745087454, 0.0 ], [ 110.161458707174887, 25.202825818483767, 0.0 ], [ 110.161443650975642, 25.202986855910005, 0.0 ], [ 110.161611332928544, 25.203084105761313, 0.0 ], [ 110.161779015151424, 25.20318135542805, 0.0 ], [ 110.161946697644296, 25.203278604910235, 0.0 ], [ 110.162114380407132, 25.203375854207845, 0.0 ], [ 110.16228206343996, 25.203473103320885, 0.0 ], [ 110.162449746742766, 25.203570352249347, 0.0 ], [ 110.162607333925408, 25.203680398748897, 0.0 ], [ 110.162762261500319, 25.203793816658504, 0.0 ], [ 110.16291718936408, 25.203907234411425, 0.0 ], [ 110.163072117516847, 25.204020652007685, 0.0 ], [ 110.163227045958507, 25.20413406944725, 0.0 ], [ 110.163381974689116, 25.204247486730139, 0.0 ], [ 110.163536903708646, 25.204360903856347, 0.0 ], [ 110.163676105195918, 25.204488675189932, 0.0 ], [ 110.163801258975624, 25.204629267639675, 0.0 ], [ 110.163926413041182, 25.204769859988204, 0.0 ], [ 110.164042152560768, 25.204915884570124, 0.0 ], [ 110.164128587599322, 25.205078817839603, 0.0 ], [ 110.164189284326241, 25.20524851011788, 0.0 ], [ 110.164211580580883, 25.205428286544731, 0.0 ], [ 110.164233876893036, 25.205608062965574, 0.0 ], [ 110.164286029933876, 25.205776512335497, 0.0 ], [ 110.16433584154079, 25.205945749673141, 0.0 ], [ 110.164357641859098, 25.206125576437334, 0.0 ], [ 110.164379442233368, 25.206305403195625, 0.0 ], [ 110.16444252218686, 25.206443704815616, 0.0 ], [ 110.164641373320507, 25.206445427292707, 0.0 ], [ 110.164773091134435, 25.206313671349136, 0.0 ], [ 110.164901656968809, 25.206175649364436, 0.0 ], [ 110.165030222511888, 25.20603762725796, 0.0 ], [ 110.165158787763517, 25.205899605029707, 0.0 ], [ 110.165287352723794, 25.205761582679688, 0.0 ], [ 110.165415917392707, 25.205623560207904, 0.0 ], [ 110.16554448177034, 25.205485537614344, 0.0 ], [ 110.165673045856551, 25.205347514899028, 0.0 ], [ 110.165801950614437, 25.205209756077707, 0.0 ], [ 110.165933068129377, 25.205073741418737, 0.0 ], [ 110.166068516517825, 25.204941294255818, 0.0 ], [ 110.16620934618183, 25.20481357885987, 0.0 ], [ 110.166355431798166, 25.204690847436421, 0.0 ] ] ] } },
{ "type": "Feature", "properties": { }, "geometry": { "type": "Polygon", "coordinates": [ [ [ 110.165072185834788, 25.200223718574605, 0.0 ], [ 110.164917219734562, 25.200184980442597, 0.0 ], [ 110.164728706496859, 25.200273239765046, 0.0 ], [ 110.164540192977228, 25.200361498811652, 0.0 ], [ 110.164351679052402, 25.200449757364556, 0.0 ], [ 110.164343405366381, 25.200619130932623, 0.0 ], [ 110.164229211952986, 25.201163905172791, 0.0 ], [ 110.164143249508669, 25.201340227528345, 0.0 ], [ 110.164057286810262, 25.201516549823431, 0.0 ], [ 110.16399732875513, 25.201673095031708, 0.0 ], [ 110.164121475076186, 25.201829456120059, 0.0 ], [ 110.164245621711601, 25.201985817109058, 0.0 ], [ 110.164369768651525, 25.202142178005005, 0.0 ], [ 110.164537254304861, 25.20222270242278, 0.0 ], [ 110.164748556761253, 25.202238472986782, 0.0 ], [ 110.16495985928124, 25.202254243250206, 0.0 ], [ 110.165171161865132, 25.202270013213049, 0.0 ], [ 110.165382464512589, 25.202285782875304, 0.0 ], [ 110.165579060850391, 25.202343725670367, 0.0 ], [ 110.165761709244208, 25.202441667401601, 0.0 ], [ 110.165944357934919, 25.20253960891343, 0.0 ], [ 110.166127006922395, 25.202637550205846, 0.0 ], [ 110.16627382753046, 25.202775790510334, 0.0 ], [ 110.1664172737798, 25.202917826446914, 0.0 ], [ 110.166560720361304, 25.203059862250168, 0.0 ], [ 110.166979103052043, 25.203273039105127, 0.0 ], [ 110.167109422211269, 25.203339265832735, 0.0 ], [ 110.167211135517306, 25.203219779372489, 0.0 ], [ 110.167072810495014, 25.20290183061714, 0.0 ], [ 110.166955011376331, 25.202741520404281, 0.0 ], [ 110.166844826254206, 25.202576733125898, 0.0 ], [ 110.166736503426236, 25.202410920662839, 0.0 ], [ 110.166628740622414, 25.20224480644378, 0.0 ], [ 110.166520978106547, 25.202078692149978, 0.0 ], [ 110.166414851731105, 25.201911710966836, 0.0 ], [ 110.166305052320041, 25.201746757431049, 0.0 ], [ 110.166191548581452, 25.201583839176454, 0.0 ], [ 110.16607804505108, 25.201420920890722, 0.0 ], [ 110.16597140117868, 25.201254588254557, 0.0 ], [ 110.165755492102505, 25.200957938730742, 0.0 ], [ 110.165609003878345, 25.200819040883903, 0.0 ], [ 110.165463058793492, 25.200679222707219, 0.0 ], [ 110.165321318545438, 25.200535883904919, 0.0 ], [ 110.165196469416571, 25.200379987490795, 0.0 ], [ 110.165072185834788, 25.200223718574605, 0.0 ] ] ] } },
{ "type": "Feature", "properties": { }, "geometry": { "type": "Polygon", "coordinates": [ [ [ 110.175715818929106, 25.201015351509795, 0.0 ], [ 110.17548814992989, 25.200941388970147, 0.0 ], [ 110.175255851909668, 25.200978140565521, 0.0 ], [ 110.175025223627415, 25.201055950089749, 0.0 ], [ 110.174794595061456, 25.201133759246048, 0.0 ], [ 110.174563966211764, 25.201211568034413, 0.0 ], [ 110.17433333707838, 25.201289376454842, 0.0 ], [ 110.174102707661277, 25.20136718450733, 0.0 ], [ 110.173872077960453, 25.201444992191885, 0.0 ], [ 110.173641447975953, 25.201522799508496, 0.0 ], [ 110.173410817707719, 25.201600606457149, 0.0 ], [ 110.173180187155808, 25.20167841303785, 0.0 ], [ 110.172949556320262, 25.201756219250594, 0.0 ], [ 110.172718925200883, 25.201834025095373, 0.0 ], [ 110.17248829379794, 25.20191183057219, 0.0 ], [ 110.172257662111249, 25.201989635681041, 0.0 ], [ 110.172027030140882, 25.202067440421914, 0.0 ], [ 110.171796397886823, 25.202145244794821, 0.0 ], [ 110.171566493298542, 25.202224766957482, 0.0 ], [ 110.17134388221163, 25.20231978796734, 0.0 ], [ 110.171131577263523, 25.202432656153611, 0.0 ], [ 110.170931304235552, 25.202562457029117, 0.0 ], [ 110.170744268674525, 25.202707716302381, 0.0 ], [ 110.170561443054766, 25.202857432648326, 0.0 ], [ 110.170418652939944, 25.20300858055705, 0.0 ], [ 110.170587998026107, 25.20317089112562, 0.0 ], [ 110.17075734356078, 25.203333201508144, 0.0 ], [ 110.170919685687707, 25.203501271536602, 0.0 ], [ 110.172782040531033, 25.205581181793409, 0.0 ], [ 110.172939294832531, 25.205753267699887, 0.0 ], [ 110.17309422128848, 25.205927092633747, 0.0 ], [ 110.173247893037967, 25.206101838947149, 0.0 ], [ 110.173401563282468, 25.206276586521216, 0.0 ], [ 110.173555233963029, 25.20645133394261, 0.0 ], [ 110.173708905079778, 25.206626081211326, 0.0 ], [ 110.173862576632587, 25.206800828327363, 0.0 ], [ 110.174016248621598, 25.20697557529072, 0.0 ], [ 110.174169921046754, 25.207150322101391, 0.0 ], [ 110.174323593907971, 25.207325068759371, 0.0 ], [ 110.174477267205418, 25.207499815264654, 0.0 ], [ 110.174630940939011, 25.207674561617246, 0.0 ], [ 110.174784615108692, 25.207849307817131, 0.0 ], [ 110.174938289714603, 25.208024053864307, 0.0 ], [ 110.175122094623035, 25.208153336559832, 0.0 ], [ 110.175356917085125, 25.208165372592074, 0.0 ], [ 110.175560733998921, 25.208040072708133, 0.0 ], [ 110.175764550499991, 25.207914772530557, 0.0 ], [ 110.175968366588322, 25.207789472059353, 0.0 ], [ 110.176172182263826, 25.207664171294521, 0.0 ], [ 110.176375997526677, 25.207538870236061, 0.0 ], [ 110.176579812376787, 25.207413568883986, 0.0 ], [ 110.176783626814156, 25.207288267238297, 0.0 ], [ 110.176988045982213, 25.207163791261301, 0.0 ], [ 110.177197139104734, 25.207045938248928, 0.0 ], [ 110.177411370802446, 25.206935989005554, 0.0 ], [ 110.177629730641883, 25.206832955478191, 0.0 ], [ 110.177848593704724, 25.206730800794311, 0.0 ], [ 110.178067456409366, 25.206628645775847, 0.0 ], [ 110.178286318756008, 25.206526490422785, 0.0 ], [ 110.178505180744381, 25.206424334735136, 0.0 ], [ 110.178774433454805, 25.206116045829965, 0.0 ], [ 110.178662145491302, 25.205916932086851, 0.0 ], [ 110.178549857886068, 25.205717818262368, 0.0 ], [ 110.17843757063882, 25.205518704356507, 0.0 ], [ 110.178325283749757, 25.205319590369285, 0.0 ], [ 110.178212997218736, 25.205120476300696, 0.0 ], [ 110.178100711045872, 25.204921362150738, 0.0 ], [ 110.177988425231135, 25.204722247919428, 0.0 ], [ 110.177876139774384, 25.204523133606749, 0.0 ], [ 110.177763854675817, 25.20432401921272, 0.0 ], [ 110.177651569935335, 25.204124904737327, 0.0 ], [ 110.177539285552925, 25.203925790180584, 0.0 ], [ 110.177427001528599, 25.203726675542494, 0.0 ], [ 110.177314717862245, 25.203527560823058, 0.0 ], [ 110.177202434553962, 25.20332844602228, 0.0 ], [ 110.177090151603807, 25.203129331140151, 0.0 ], [ 110.176977869011722, 25.202930216176689, 0.0 ], [ 110.176865586777652, 25.202731101131885, 0.0 ], [ 110.176753304901567, 25.202531986005745, 0.0 ], [ 110.176641023383596, 25.202332870798276, 0.0 ], [ 110.176527935917832, 25.202134136588441, 0.0 ], [ 110.176408935473361, 25.201938288747172, 0.0 ], [ 110.176283222751209, 25.201745943494931, 0.0 ], [ 110.176150922203718, 25.201557291192717, 0.0 ], [ 110.17601216487445, 25.201372518492036, 0.0 ], [ 110.175867087325187, 25.2011918087981, 0.0 ], [ 110.175715818929106, 25.201015351509795, 0.0 ] ] ] } },
{ "type": "Feature", "properties": { }, "geometry": { "type": "Polygon", "coordinates": [ [ [ 110.171983853247326, 25.203573985214526, 0.0 ], [ 110.171896936427601, 25.203368635110927, 0.0 ], [ 110.171688536621033, 25.203407955786599, 0.0 ], [ 110.171462215473127, 25.203486068955318, 0.0 ], [ 110.171513348779243, 25.20368693984134, 0.0 ], [ 110.171600681270149, 25.203892331566365, 0.0 ], [ 110.171726091199389, 25.204123867735913, 0.0 ], [ 110.171925700757768, 25.204066157473662, 0.0 ], [ 110.172151552955441, 25.203986926219564, 0.0 ], [ 110.172062785804798, 25.203782172072813, 0.0 ], [ 110.171983853247326, 25.203573985214526, 0.0 ] ] ] } },
{ "type": "Feature", "properties": { }, "geometry": { "type": "Polygon", "coordinates": [ [ [ 110.172247778679562, 25.204193987954945, 0.0 ], [ 110.172178014860478, 25.204049681130044, 0.0 ], [ 110.172103830102841, 25.204071305448295, 0.0 ], [ 110.17198354894299, 25.204113646529422, 0.0 ], [ 110.171863267702449, 25.204155987510351, 0.0 ], [ 110.171813516429197, 25.204202278877577, 0.0 ], [ 110.171952634745821, 25.204340865734441, 0.0 ], [ 110.172042513078082, 25.204425017019908, 0.0 ], [ 110.172139995064427, 25.204486619748447, 0.0 ], [ 110.172266232588015, 25.204462647672269, 0.0 ], [ 110.172351824195204, 25.204408539639129, 0.0 ], [ 110.172298158764207, 25.204301843825093, 0.0 ], [ 110.172247778679562, 25.204193987954945, 0.0 ] ] ] } },
{ "type": "Feature", "properties": { }, "geometry": { "type": "Polygon", "coordinates": [ [ [ 110.173428193236461, 25.207712528608411, 0.0 ], [ 110.17326985153133, 25.207679468373783, 0.0 ], [ 110.173084379331314, 25.20775229412126, 0.0 ], [ 110.172898978085328, 25.207825269559756, 0.0 ], [ 110.17286689244682, 25.207964321832137, 0.0 ], [ 110.172915413056529, 25.208142722288155, 0.0 ], [ 110.173033620647359, 25.208271304063935, 0.0 ], [ 110.17313355053841, 25.208418742647552, 0.0 ], [ 110.1732694095695, 25.208597267040918, 0.0 ], [ 110.173444411961327, 25.208583882051052, 0.0 ], [ 110.173463903498515, 25.208492890748509, 0.0 ], [ 110.173428993389763, 25.208313492523285, 0.0 ], [ 110.173475023566255, 25.208135828525496, 0.0 ], [ 110.173593250392543, 25.20798826696188, 0.0 ], [ 110.173559080140919, 25.20785251508385, 0.0 ], [ 110.173428193236461, 25.207712528608411, 0.0 ] ] ] } },
{ "type": "Feature", "properties": { }, "geometry": { "type": "Polygon", "coordinates": [ [ [ 110.173678812854106, 25.209360247599601, 0.0 ], [ 110.17343594237137, 25.209289420729107, 0.0 ], [ 110.173123220275897, 25.209326069968547, 0.0 ], [ 110.17293197864096, 25.209419117020008, 0.0 ], [ 110.172991554913267, 25.209705347846949, 0.0 ], [ 110.173049396648551, 25.20999307674127, 0.0 ], [ 110.173293388490549, 25.210056448467938, 0.0 ], [ 110.173613411217374, 25.21002822563063, 0.0 ], [ 110.17382142221841, 25.209930581582483, 0.0 ], [ 110.173753867522308, 25.209644669834024, 0.0 ], [ 110.173678812854106, 25.209360247599601, 0.0 ] ] ] } },
{ "type": "Feature", "properties": { }, "geometry": { "type": "Polygon", "coordinates": [ [ [ 110.180599049049633, 25.205783012800875, 0.0 ], [ 110.180517874467839, 25.205642665814597, 0.0 ], [ 110.180377483792739, 25.205703451939453, 0.0 ], [ 110.180147320135291, 25.205648087118842, 0.0 ], [ 110.180041704262933, 25.205576072400845, 0.0 ], [ 110.179887149047701, 25.205649419517854, 0.0 ], [ 110.17973259365094, 25.205722766467915, 0.0 ], [ 110.179623305759904, 25.205819859116211, 0.0 ], [ 110.179693704668935, 25.205964942384885, 0.0 ], [ 110.179788097707728, 25.206039508693141, 0.0 ], [ 110.180121658150327, 25.206127307325229, 0.0 ], [ 110.180201889344346, 25.206263200934512, 0.0 ], [ 110.180375005428417, 25.206274140804624, 0.0 ], [ 110.18051102436776, 25.20617735504181, 0.0 ], [ 110.180644563590448, 25.206076254932825, 0.0 ], [ 110.180785190302885, 25.205982537611444, 0.0 ], [ 110.180714276113932, 25.205885504422749, 0.0 ], [ 110.180599049049633, 25.205783012800875, 0.0 ] ] ] } },
{ "type": "Feature", "properties": { }, "geometry": { "type": "Polygon", "coordinates": [ [ [ 110.21935206731979, 25.263884330103132, 0.0 ], [ 110.218775102263876, 25.263638564832256, 0.0 ], [ 110.218345140075314, 25.263681639543094, 0.0 ], [ 110.217932565635223, 25.263704028214601, 0.0 ], [ 110.217502151490933, 25.263743194513928, 0.0 ], [ 110.217071507323453, 25.263780132819729, 0.0 ], [ 110.216640594118218, 25.263814464834173, 0.0 ], [ 110.216209680680805, 25.263848795316427, 0.0 ], [ 110.215778767060485, 25.263883124775788, 0.0 ], [ 110.215347853192981, 25.263917452546725, 0.0 ], [ 110.214916939162237, 25.263951779498154, 0.0 ], [ 110.214989787794892, 25.264363778632724, 0.0 ], [ 110.214932176576056, 25.264747018824355, 0.0 ], [ 110.214831471018613, 25.265128042212865, 0.0 ], [ 110.214718286392667, 25.265506947674339, 0.0 ], [ 110.214741363428601, 25.265894562333504, 0.0 ], [ 110.214831927538199, 25.266278377078969, 0.0 ], [ 110.215184476409434, 25.266451078113636, 0.0 ], [ 110.216554021793257, 25.26734104366065, 0.0 ], [ 110.216942275741388, 25.267507864058384, 0.0 ], [ 110.217354516408662, 25.267539553833885, 0.0 ], [ 110.21764369461215, 25.267638662134502, 0.0 ], [ 110.21772410642707, 25.268020393259036, 0.0 ], [ 110.218021554386539, 25.268285013762696, 0.0 ], [ 110.218297745615175, 25.268432639892961, 0.0 ], [ 110.218728376729004, 25.268395339086208, 0.0 ], [ 110.218775157229999, 25.268061217472756, 0.0 ], [ 110.218728866781277, 25.267670129712847, 0.0 ], [ 110.218682896387136, 25.267279011209016, 0.0 ], [ 110.218643641336357, 25.266887291191185, 0.0 ], [ 110.218597011063039, 25.266496242274485, 0.0 ], [ 110.218550040341654, 25.266105250133453, 0.0 ], [ 110.218563158630829, 25.265757717529343, 0.0 ], [ 110.218994068925326, 25.265723282570008, 0.0 ], [ 110.219424979044476, 25.265688846675744, 0.0 ], [ 110.219478525213489, 25.265366924647445, 0.0 ], [ 110.219440333387894, 25.264975114119284, 0.0 ], [ 110.219402141771468, 25.264583303566489, 0.0 ], [ 110.219363950364226, 25.26419149298906, 0.0 ], [ 110.21935206731979, 25.263884330103132, 0.0 ] ] ] } },
{ "type": "Feature", "properties": { }, "geometry": { "type": "Polygon", "coordinates": [ [ [ 110.194339764782299, 25.266275915804215, 0.0 ], [ 110.193986457046449, 25.266111985425418, 0.0 ], [ 110.193661714237237, 25.266325268878401, 0.0 ], [ 110.193320198117718, 25.266676617361746, 0.0 ], [ 110.193715980018681, 25.267025287382801, 0.0 ], [ 110.19411176418302, 25.267373956381995, 0.0 ], [ 110.194507550610865, 25.267722624359266, 0.0 ], [ 110.194903339302229, 25.26807129131458, 0.0 ], [ 110.195299130257254, 25.26841995724789, 0.0 ], [ 110.195694923475827, 25.268768622159122, 0.0 ], [ 110.196090718958061, 25.269117286048246, 0.0 ], [ 110.196514954579769, 25.269391148368957, 0.0 ], [ 110.196903034848674, 25.269081350126275, 0.0 ], [ 110.197235262981508, 25.268681561810897, 0.0 ], [ 110.197567488920839, 25.268281772672815, 0.0 ], [ 110.197899712666782, 25.267881982712069, 0.0 ], [ 110.197827388366946, 25.267661206204149, 0.0 ], [ 110.197276408344749, 25.26765223615218, 0.0 ], [ 110.197136944381313, 25.267283658884264, 0.0 ], [ 110.19714678658795, 25.266785347887549, 0.0 ], [ 110.196797920656948, 25.266597017866989, 0.0 ], [ 110.196508409202309, 25.266353094522263, 0.0 ], [ 110.195992561247991, 25.26630717152862, 0.0 ], [ 110.195441723540469, 25.266293251806058, 0.0 ], [ 110.194890744059776, 25.266284586507322, 0.0 ], [ 110.194339764782299, 25.266275915804215, 0.0 ] ] ] } },
{ "type": "Feature", "properties": { }, "geometry": { "type": "Polygon", "coordinates": [ [ [ 110.196295747675592, 25.269549251457157, 0.0 ], [ 110.195770041434713, 25.269086148596312, 0.0 ], [ 110.195244339187369, 25.268623043932241, 0.0 ], [ 110.194718970273627, 25.268182373931136, 0.0 ], [ 110.19420705248865, 25.268658073756683, 0.0 ], [ 110.193694488637263, 25.269114233059536, 0.0 ], [ 110.193152243727496, 25.268667177749034, 0.0 ], [ 110.192666025027236, 25.269091950798391, 0.0 ], [ 110.192936307121698, 25.269616072614156, 0.0 ], [ 110.193478350831029, 25.270063333744567, 0.0 ], [ 110.194020398524444, 25.270510592955272, 0.0 ], [ 110.194562450202085, 25.270957850246148, 0.0 ], [ 110.195100030436748, 25.271259540845474, 0.0 ], [ 110.195601414736998, 25.270647627236556, 0.0 ], [ 110.196042698519946, 25.270116623665324, 0.0 ], [ 110.196295747675592, 25.269549251457157, 0.0 ] ] ] } },
{ "type": "Feature", "properties": { }, "geometry": { "type": "Polygon", "coordinates": [ [ [ 110.194321464264647, 25.271002785142375, 0.0 ], [ 110.19421380096324, 25.270913950185786, 0.0 ], [ 110.194106137819006, 25.270825115153471, 0.0 ], [ 110.193998474832028, 25.270736280045401, 0.0 ], [ 110.193890812002152, 25.270647444861599, 0.0 ], [ 110.193783149329462, 25.270558609602066, 0.0 ], [ 110.19367548681393, 25.270469774266779, 0.0 ], [ 110.193567824455599, 25.270380938855773, 0.0 ], [ 110.193460162254439, 25.270292103369027, 0.0 ], [ 110.193352500210452, 25.270203267806551, 0.0 ], [ 110.193244838323636, 25.270114432168324, 0.0 ], [ 110.193137176594078, 25.270025596454385, 0.0 ], [ 110.193029515021607, 25.269936760664699, 0.0 ], [ 110.192921853606322, 25.269847924799294, 0.0 ], [ 110.192814192348209, 25.269759088858152, 0.0 ], [ 110.192706531247254, 25.269670252841284, 0.0 ], [ 110.192598870303485, 25.269581416748693, 0.0 ], [ 110.192341060962804, 25.269510746621847, 0.0 ], [ 110.192122495944872, 25.269658226573465, 0.0 ], [ 110.192026899565576, 25.269757822652615, 0.0 ], [ 110.191931303029662, 25.26985741866466, 0.0 ], [ 110.19183570633713, 25.269957014609588, 0.0 ], [ 110.191740109487881, 25.270056610487423, 0.0 ], [ 110.191644512482085, 25.27015620629814, 0.0 ], [ 110.191548915319629, 25.270255802041742, 0.0 ], [ 110.191453318000569, 25.270355397718244, 0.0 ], [ 110.191357720524934, 25.270454993327636, 0.0 ], [ 110.191262179571069, 25.27055463368038, 0.0 ], [ 110.191061382930755, 25.270858858001453, 0.0 ], [ 110.191171533964621, 25.270945134345872, 0.0 ], [ 110.191281685154948, 25.271031410610917, 0.0 ], [ 110.191391836501623, 25.271117686796597, 0.0 ], [ 110.191501241961703, 25.271196035970981, 0.0 ], [ 110.191593670139028, 25.271093996421499, 0.0 ], [ 110.191686098161043, 25.270991956808906, 0.0 ], [ 110.191778227117823, 25.270935048371626, 0.0 ], [ 110.192236159371319, 25.271253351161754, 0.0 ], [ 110.192141607326263, 25.271353769068476, 0.0 ], [ 110.192047055124917, 25.271454186909427, 0.0 ], [ 110.191952502767293, 25.27155460468461, 0.0 ], [ 110.192060048047097, 25.271641060512707, 0.0 ], [ 110.192170200480064, 25.271727336157589, 0.0 ], [ 110.192280353069378, 25.271813611723097, 0.0 ], [ 110.192390505815183, 25.271899887209237, 0.0 ], [ 110.192500658717378, 25.271986162615999, 0.0 ], [ 110.192610811776007, 25.272072437943379, 0.0 ], [ 110.19272096499104, 25.272158713191399, 0.0 ], [ 110.192831118362477, 25.272244988360033, 0.0 ], [ 110.192941271890348, 25.272331263449292, 0.0 ], [ 110.193051425574609, 25.27241753845918, 0.0 ], [ 110.193161579415232, 25.272503813389676, 0.0 ], [ 110.193271733412331, 25.272590088240801, 0.0 ], [ 110.193381887565863, 25.272676363012533, 0.0 ], [ 110.193492041875729, 25.272762637704901, 0.0 ], [ 110.193597480688922, 25.272778475870105, 0.0 ], [ 110.193695421763067, 25.272680779509123, 0.0 ], [ 110.193793362680054, 25.272583083077997, 0.0 ], [ 110.193891303439713, 25.272485386576733, 0.0 ], [ 110.1939892440422, 25.272387690005317, 0.0 ], [ 110.194087184487387, 25.272289993363767, 0.0 ], [ 110.194185124775316, 25.272192296652062, 0.0 ], [ 110.194283064906088, 25.272094599870218, 0.0 ], [ 110.19438100487956, 25.271996903018231, 0.0 ], [ 110.194478944695774, 25.271899206096101, 0.0 ], [ 110.194576884354845, 25.271801509103835, 0.0 ], [ 110.194674823856602, 25.271703812041437, 0.0 ], [ 110.194772763074809, 25.271606114804193, 0.0 ], [ 110.194783385062777, 25.271478441921079, 0.0 ], [ 110.194752119042121, 25.271358124211286, 0.0 ], [ 110.19464445511197, 25.271269289557669, 0.0 ], [ 110.194536791339033, 25.271180454828315, 0.0 ], [ 110.194429127723254, 25.271091620023217, 0.0 ], [ 110.194321464264647, 25.271002785142375, 0.0 ] ] ] } },
{ "type": "Feature", "properties": { }, "geometry": { "type": "Polygon", "coordinates": [ [ [ 110.200457682046533, 25.277704507996621, 0.0 ], [ 110.200337433604886, 25.277527635472016, 0.0 ], [ 110.200120205471364, 25.27750869153731, 0.0 ], [ 110.199894630240877, 25.277541857975478, 0.0 ], [ 110.199671357819426, 25.27758678066532, 0.0 ], [ 110.199452879172199, 25.277565386151842, 0.0 ], [ 110.199278188210627, 25.277433156661608, 0.0 ], [ 110.199173719413139, 25.277249760641215, 0.0 ], [ 110.199149092433061, 25.277110369899646, 0.0 ], [ 110.199196995169856, 25.27690704572651, 0.0 ], [ 110.199264442654453, 25.276710173433393, 0.0 ], [ 110.1993715451528, 25.276527092693733, 0.0 ], [ 110.199478259996255, 25.276343182310111, 0.0 ], [ 110.199584974512049, 25.276159271836889, 0.0 ], [ 110.199687185473351, 25.275974221592424, 0.0 ], [ 110.199657718400317, 25.275775102821562, 0.0 ], [ 110.199550442707164, 25.275591462679461, 0.0 ], [ 110.199443167331125, 25.275407822462746, 0.0 ], [ 110.19933589227216, 25.275224182171421, 0.0 ], [ 110.199228617530309, 25.275040541805478, 0.0 ], [ 110.19907998786222, 25.274928921941054, 0.0 ], [ 110.19891062656302, 25.274789193140823, 0.0 ], [ 110.198741265652728, 25.274649464153086, 0.0 ], [ 110.198571905131459, 25.274509734977858, 0.0 ], [ 110.198402544999169, 25.274370005615133, 0.0 ], [ 110.19823318525583, 25.27423027606492, 0.0 ], [ 110.198063825901386, 25.274090546327216, 0.0 ], [ 110.197894466936063, 25.273950816402039, 0.0 ], [ 110.197725108359535, 25.273811086289374, 0.0 ], [ 110.197555750172029, 25.273671355989233, 0.0 ], [ 110.197386392373403, 25.273531625501629, 0.0 ], [ 110.197217034963785, 25.273391894826545, 0.0 ], [ 110.197047677943118, 25.273252163964006, 0.0 ], [ 110.196878321311402, 25.273112432914008, 0.0 ], [ 110.196708965068623, 25.272972701676544, 0.0 ], [ 110.196539609214767, 25.272832970251638, 0.0 ], [ 110.196370253749862, 25.272693238639267, 0.0 ], [ 110.196200898673879, 25.272553506839458, 0.0 ], [ 110.196031543986749, 25.272413774852211, 0.0 ], [ 110.195862189688626, 25.272274042677513, 0.0 ], [ 110.195692835779425, 25.272134310315398, 0.0 ], [ 110.195523482259148, 25.271994577765845, 0.0 ], [ 110.195354129127779, 25.271854845028866, 0.0 ], [ 110.195141110443345, 25.27183118664724, 0.0 ], [ 110.194967267192311, 25.271948054332181, 0.0 ], [ 110.194813211986471, 25.272101728483364, 0.0 ], [ 110.194659156391666, 25.272255402461006, 0.0 ], [ 110.194505100407824, 25.272409076265109, 0.0 ], [ 110.194351044034946, 25.272562749895663, 0.0 ], [ 110.194196987272932, 25.272716423352676, 0.0 ], [ 110.194042930121938, 25.272870096636129, 0.0 ], [ 110.193888872581894, 25.273023769746036, 0.0 ], [ 110.194002890471069, 25.273162740215927, 0.0 ], [ 110.194176160547684, 25.273298446396957, 0.0 ], [ 110.194349431011403, 25.273434152381565, 0.0 ], [ 110.19452270186207, 25.273569858169743, 0.0 ], [ 110.194695973099769, 25.273705563761485, 0.0 ], [ 110.194869244724472, 25.273841269156797, 0.0 ], [ 110.195042516736223, 25.273976974355666, 0.0 ], [ 110.195215789135005, 25.27411267935809, 0.0 ], [ 110.195389061920892, 25.274248384164071, 0.0 ], [ 110.19556233509374, 25.274384088773591, 0.0 ], [ 110.195735608653621, 25.274519793186663, 0.0 ], [ 110.195908882600563, 25.27465549740328, 0.0 ], [ 110.196082156934594, 25.274791201423422, 0.0 ], [ 110.196255431655615, 25.274926905247092, 0.0 ], [ 110.196428706763683, 25.275062608874315, 0.0 ], [ 110.196601982258798, 25.275198312305051, 0.0 ], [ 110.19677525814096, 25.275334015539311, 0.0 ], [ 110.196948534410254, 25.275469718577096, 0.0 ], [ 110.197121811066538, 25.27560542141838, 0.0 ], [ 110.197295088109868, 25.275741124063192, 0.0 ], [ 110.197468365540345, 25.275876826511507, 0.0 ], [ 110.197606548329944, 25.276021046974588, 0.0 ], [ 110.197535585980987, 25.276218125939003, 0.0 ], [ 110.197513896908944, 25.276424618433158, 0.0 ], [ 110.197531805032554, 25.276624804197073, 0.0 ], [ 110.197590737155991, 25.276825543720559, 0.0 ], [ 110.197618371599788, 25.277031786788932, 0.0 ], [ 110.197620365640205, 25.277138986268028, 0.0 ], [ 110.19761899767235, 25.27734691937199, 0.0 ], [ 110.197617629689233, 25.277554852470022, 0.0 ], [ 110.197659635116267, 25.277746726170189, 0.0 ], [ 110.197833506350335, 25.277866296890021, 0.0 ], [ 110.198062197635167, 25.277867540182626, 0.0 ], [ 110.198290888935176, 25.277868783120898, 0.0 ], [ 110.19851958025032, 25.277870025704832, 0.0 ], [ 110.198748271580726, 25.277871267934426, 0.0 ], [ 110.19897696292611, 25.277872509809679, 0.0 ], [ 110.1992056542868, 25.277873751330592, 0.0 ], [ 110.199434345662553, 25.277874992497171, 0.0 ], [ 110.199663037053455, 25.277876233309403, 0.0 ], [ 110.199891728459491, 25.277877473767305, 0.0 ], [ 110.200120419880648, 25.277878713870866, 0.0 ], [ 110.200349111316939, 25.277879953620076, 0.0 ], [ 110.20057780276835, 25.277881193014959, 0.0 ], [ 110.200457682046533, 25.277704507996621, 0.0 ] ] ] } },
{ "type": "Feature", "properties": { }, "geometry": { "type": "Polygon", "coordinates": [ [ [ 110.193776506793242, 25.273773446080281, 0.0 ], [ 110.193671172355721, 25.273690985049061, 0.0 ], [ 110.193291380642947, 25.2737536270375, 0.0 ], [ 110.193222294566567, 25.273863289366457, 0.0 ], [ 110.193156756137455, 25.273974737521417, 0.0 ], [ 110.193094819675224, 25.274087875970324, 0.0 ], [ 110.19303653918864, 25.274202609048341, 0.0 ], [ 110.192981963355862, 25.274318838742094, 0.0 ], [ 110.192931138837807, 25.274436466257715, 0.0 ], [ 110.192884108399682, 25.274555391374488, 0.0 ], [ 110.192840913716282, 25.274675513424, 0.0 ], [ 110.192799712213912, 25.274796217677142, 0.0 ], [ 110.19275851187497, 25.274916922267419, 0.0 ], [ 110.192717311451375, 25.275037626842224, 0.0 ], [ 110.192676110942955, 25.27515833140156, 0.0 ], [ 110.192778571786945, 25.275507372900421, 0.0 ], [ 110.192889750118169, 25.275583226609722, 0.0 ], [ 110.192999767052413, 25.275660467682638, 0.0 ], [ 110.19310860159419, 25.275739081471841, 0.0 ], [ 110.193216233730524, 25.27581905223926, 0.0 ], [ 110.193322642089697, 25.275900365761199, 0.0 ], [ 110.193428060749042, 25.275982739531777, 0.0 ], [ 110.193533396978268, 25.276065200725661, 0.0 ], [ 110.193638733350483, 25.276147661846931, 0.0 ], [ 110.193744069865772, 25.276230122895608, 0.0 ], [ 110.193849406523881, 25.276312583871682, 0.0 ], [ 110.193954743325051, 25.276395044775157, 0.0 ], [ 110.194060080250168, 25.276477505626129, 0.0 ], [ 110.194165417309023, 25.276559966414311, 0.0 ], [ 110.194270754510868, 25.27664242712989, 0.0 ], [ 110.194376091855631, 25.276724887772861, 0.0 ], [ 110.194481430662236, 25.27680734694983, 0.0 ], [ 110.194588139363049, 25.276888330107155, 0.0 ], [ 110.194697374618727, 25.276966478915387, 0.0 ], [ 110.194809045942861, 25.27704172755622, 0.0 ], [ 110.19492305933305, 25.277114014461564, 0.0 ], [ 110.195039320301206, 25.277183278728913, 0.0 ], [ 110.195157731787234, 25.277249462858101, 0.0 ], [ 110.19527819540194, 25.27731251123409, 0.0 ], [ 110.195400610413813, 25.277372371817574, 0.0 ], [ 110.195524874844523, 25.277428994675795, 0.0 ], [ 110.195650885445403, 25.277482332004382, 0.0 ], [ 110.195778536623365, 25.277532340483766, 0.0 ], [ 110.195907722656742, 25.277578977012983, 0.0 ], [ 110.196038335254741, 25.277622204124913, 0.0 ], [ 110.196170265844614, 25.277661985175055, 0.0 ], [ 110.196303404659346, 25.277698286395296, 0.0 ], [ 110.196437640359562, 25.277731078659048, 0.0 ], [ 110.196572861353872, 25.277760333674813, 0.0 ], [ 110.196708954776582, 25.277786027665311, 0.0 ], [ 110.196845807283736, 25.277808138840456, 0.0 ], [ 110.196983304732498, 25.277826649194942, 0.0 ], [ 110.197121340861329, 25.277841471184139, 0.0 ], [ 110.197319024310318, 25.277672592628665, 0.0 ], [ 110.197319856075609, 25.277546210624088, 0.0 ], [ 110.197320687856447, 25.277419828617436, 0.0 ], [ 110.1973215196316, 25.277293446608596, 0.0 ], [ 110.197322351401212, 25.277167064597567, 0.0 ], [ 110.197320646184309, 25.277040716126539, 0.0 ], [ 110.197305755472399, 25.276915116270089, 0.0 ], [ 110.197276643700334, 25.27679159299888, 0.0 ], [ 110.197233624030147, 25.27667147368674, 0.0 ], [ 110.197177157512471, 25.276556049728189, 0.0 ], [ 110.197107852907081, 25.276446560801187, 0.0 ], [ 110.197026453936218, 25.276344184018964, 0.0 ], [ 110.196933833606266, 25.276250021272983, 0.0 ], [ 110.196831267350746, 25.276164784746186, 0.0 ], [ 110.196725928842341, 25.276082325740852, 0.0 ], [ 110.196620590476911, 25.275999866662904, 0.0 ], [ 110.196515252254457, 25.275917407512338, 0.0 ], [ 110.196409914175007, 25.275834948289155, 0.0 ], [ 110.196304576185042, 25.275752489049871, 0.0 ], [ 110.196199238316098, 25.275670029761109, 0.0 ], [ 110.196093900590199, 25.275587570399725, 0.0 ], [ 110.195988563007234, 25.275505110965732, 0.0 ], [ 110.1958832255673, 25.275422651459131, 0.0 ], [ 110.195777888270271, 25.275340191879923, 0.0 ], [ 110.195567214105239, 25.275175272503677, 0.0 ], [ 110.195461877237221, 25.275092812706632, 0.0 ], [ 110.195356540512122, 25.275010352836997, 0.0 ], [ 110.19525120393007, 25.274927892894755, 0.0 ], [ 110.195145867491007, 25.274845432879907, 0.0 ], [ 110.19504053119482, 25.274762972792459, 0.0 ], [ 110.194935195041623, 25.274680512632404, 0.0 ], [ 110.194829859031472, 25.274598052399746, 0.0 ], [ 110.194724523164311, 25.274515592094488, 0.0 ], [ 110.19461918744004, 25.274433131716631, 0.0 ], [ 110.194513851858815, 25.274350671266177, 0.0 ], [ 110.194408516420481, 25.274268210743131, 0.0 ], [ 110.194303181125207, 25.274185750147463, 0.0 ], [ 110.194197845972823, 25.274103289479221, 0.0 ], [ 110.194092510963486, 25.274020828738383, 0.0 ], [ 110.193987176097124, 25.273938367924934, 0.0 ], [ 110.193881841373667, 25.273855907038907, 0.0 ], [ 110.193776506793242, 25.273773446080281, 0.0 ] ] ] } },
{ "type": "Feature", "properties": { }, "geometry": { "type": "Polygon", "coordinates": [ [ [ 110.192731878562086, 25.275814326616072, 0.0 ], [ 110.192687772583085, 25.275786377228954, 0.0 ], [ 110.192432299655692, 25.275872615662568, 0.0 ], [ 110.192416036764271, 25.275920260464659, 0.0 ], [ 110.192399773751205, 25.27596790523371, 0.0 ], [ 110.192383510724923, 25.276015550000363, 0.0 ], [ 110.192367247685368, 25.276063194764586, 0.0 ], [ 110.192350984632739, 25.276110839526407, 0.0 ], [ 110.192334721566851, 25.27615848428583, 0.0 ], [ 110.192318458487676, 25.27620612904283, 0.0 ], [ 110.192302195395357, 25.276253773797418, 0.0 ], [ 110.192285932289849, 25.276301418549604, 0.0 ], [ 110.192269669171125, 25.276349063299371, 0.0 ], [ 110.192253406039214, 25.276396708046736, 0.0 ], [ 110.192237142894001, 25.276444352791685, 0.0 ], [ 110.192220879735657, 25.276491997534229, 0.0 ], [ 110.192204616564126, 25.276539642274351, 0.0 ], [ 110.192188353379393, 25.276587287012077, 0.0 ], [ 110.192172090181344, 25.276634931747381, 0.0 ], [ 110.192155826970193, 25.276682576480269, 0.0 ], [ 110.192139563745826, 25.276730221210762, 0.0 ], [ 110.192123300508257, 25.27677786593884, 0.0 ], [ 110.192107037257472, 25.276825510664505, 0.0 ], [ 110.192090773993499, 25.276873155387761, 0.0 ], [ 110.19207451071631, 25.276920800108606, 0.0 ], [ 110.192058247425848, 25.276968444827038, 0.0 ], [ 110.192041984122241, 25.277016089543064, 0.0 ], [ 110.192025720805432, 25.277063734256675, 0.0 ], [ 110.192009457475336, 25.277111378967877, 0.0 ], [ 110.19199319413211, 25.277159023676671, 0.0 ], [ 110.191976930775681, 25.277206668383048, 0.0 ], [ 110.19196066740605, 25.277254313087017, 0.0 ], [ 110.191944404023204, 25.27730195778858, 0.0 ], [ 110.191928140627169, 25.277349602487725, 0.0 ], [ 110.191911877217834, 25.277397247184457, 0.0 ], [ 110.191895613795367, 25.27744489187879, 0.0 ], [ 110.191879350359699, 25.277492536570708, 0.0 ], [ 110.191863086910828, 25.277540181260218, 0.0 ], [ 110.191846823448671, 25.2775878259473, 0.0 ], [ 110.191830559973454, 25.277635470631985, 0.0 ], [ 110.191814296484878, 25.277683115314264, 0.0 ], [ 110.191798032983186, 25.277730759994125, 0.0 ], [ 110.191781769468264, 25.277778404671579, 0.0 ], [ 110.191765505940154, 25.277826049346618, 0.0 ], [ 110.191749242398842, 25.277873694019252, 0.0 ], [ 110.1917329788443, 25.277921338689456, 0.0 ], [ 110.191716715276485, 25.277968983357272, 0.0 ], [ 110.191700451695539, 25.278016628022669, 0.0 ], [ 110.191684188101377, 25.278064272685658, 0.0 ], [ 110.191667924494027, 25.278111917346227, 0.0 ], [ 110.191651660873376, 25.278159562004397, 0.0 ], [ 110.191635397239608, 25.278207206660152, 0.0 ], [ 110.191619133592624, 25.278254851313488, 0.0 ], [ 110.191602869932424, 25.278302495964422, 0.0 ], [ 110.191586606258966, 25.27835014061294, 0.0 ], [ 110.191570342572362, 25.278397785259052, 0.0 ], [ 110.191554078872542, 25.278445429902749, 0.0 ], [ 110.191537815159521, 25.278493074544034, 0.0 ], [ 110.191521551418447, 25.278540719178718, 0.0 ], [ 110.191650333458995, 25.27880858326499, 0.0 ], [ 110.191700200156546, 25.278825363221408, 0.0 ], [ 110.191753025075784, 25.278838847730167, 0.0 ], [ 110.191805850007228, 25.278852332220282, 0.0 ], [ 110.191858674950865, 25.278865816691741, 0.0 ], [ 110.191911499906695, 25.278879301144567, 0.0 ], [ 110.191964324874732, 25.27889278557873, 0.0 ], [ 110.192017149854976, 25.278906269994248, 0.0 ], [ 110.192069974847414, 25.278919754391122, 0.0 ], [ 110.192122799852129, 25.278933238769337, 0.0 ], [ 110.192175624868895, 25.278946723128914, 0.0 ], [ 110.192228449897939, 25.27896020746984, 0.0 ], [ 110.192281274939177, 25.278973691792107, 0.0 ], [ 110.192334099992621, 25.278987176095736, 0.0 ], [ 110.192386925058244, 25.279000660380714, 0.0 ], [ 110.192439750136089, 25.279014144647046, 0.0 ], [ 110.192492575226126, 25.279027628894717, 0.0 ], [ 110.19254540032837, 25.27904111312375, 0.0 ], [ 110.192598226966851, 25.279054592391716, 0.0 ], [ 110.192651109360099, 25.279067889480267, 0.0 ], [ 110.192704072607597, 25.279080917839334, 0.0 ], [ 110.192757115151537, 25.279093676745525, 0.0 ], [ 110.192810235445307, 25.27910616540704, 0.0 ], [ 110.192863431772651, 25.279118383612488, 0.0 ], [ 110.192916702348725, 25.279130331422813, 0.0 ], [ 110.192970045597221, 25.279142008139708, 0.0 ], [ 110.193023459932292, 25.279153413071327, 0.0 ], [ 110.193076943582597, 25.279164546247472, 0.0 ], [ 110.193130494957359, 25.279175406976847, 0.0 ], [ 110.193184112250989, 25.279185995458402, 0.0 ], [ 110.193237793860021, 25.27919631105436, 0.0 ], [ 110.193291538188873, 25.279206353066709, 0.0 ], [ 110.193345343463932, 25.279216121572667, 0.0 ], [ 110.193399207825252, 25.27922561709601, 0.0 ], [ 110.193453129883764, 25.27923483797009, 0.0 ], [ 110.193507107869877, 25.279243784267145, 0.0 ], [ 110.193561140086643, 25.279252455737478, 0.0 ], [ 110.1936152247698, 25.279260852486349, 0.0 ], [ 110.193669360333601, 25.279268973675606, 0.0 ], [ 110.193723544898262, 25.279276820095347, 0.0 ], [ 110.193777777016351, 25.279284390078406, 0.0 ], [ 110.193832054840925, 25.279291684245536, 0.0 ], [ 110.193886376697364, 25.279298702225415, 0.0 ], [ 110.193940740834975, 25.279305444148207, 0.0 ], [ 110.19399514567634, 25.279311908968349, 0.0 ], [ 110.194049589379773, 25.279318097439205, 0.0 ], [ 110.194104070403029, 25.279324008194731, 0.0 ], [ 110.194158593249796, 25.279329590472919, 0.0 ], [ 110.194322883706292, 25.279197871764833, 0.0 ], [ 110.19432549219934, 25.27914892340721, 0.0 ], [ 110.194325821779699, 25.279099037624402, 0.0 ], [ 110.194326151359277, 25.27904915184126, 0.0 ], [ 110.19432648093796, 25.278999266057774, 0.0 ], [ 110.19432681051569, 25.278949380273936, 0.0 ], [ 110.194327140092625, 25.278899494489774, 0.0 ], [ 110.194327469668679, 25.278849608705265, 0.0 ], [ 110.194327799243794, 25.278799722920407, 0.0 ], [ 110.194328128818086, 25.278749837135226, 0.0 ], [ 110.19432845839151, 25.27869995134969, 0.0 ], [ 110.194328787964054, 25.27865006556382, 0.0 ], [ 110.194329117535645, 25.278600179777598, 0.0 ], [ 110.194329447106455, 25.278550293991042, 0.0 ], [ 110.194329776676369, 25.278500408204149, 0.0 ], [ 110.194330106245332, 25.278450522416904, 0.0 ], [ 110.194330435813413, 25.278400636629325, 0.0 ], [ 110.194330765380712, 25.278350750841398, 0.0 ], [ 110.194331094947117, 25.27830086505314, 0.0 ], [ 110.194331424512654, 25.278250979264534, 0.0 ], [ 110.194331754077311, 25.278201093475591, 0.0 ], [ 110.194332083641015, 25.2781512076863, 0.0 ], [ 110.194332413203909, 25.278101321896667, 0.0 ], [ 110.194332742765852, 25.278051436106701, 0.0 ], [ 110.194333072327012, 25.278001550316393, 0.0 ], [ 110.194333401887278, 25.277951664525737, 0.0 ], [ 110.194333731446676, 25.277901778734744, 0.0 ], [ 110.194334061005122, 25.277851892943414, 0.0 ], [ 110.194334390562759, 25.277802007151738, 0.0 ], [ 110.194334720119514, 25.277752121359715, 0.0 ], [ 110.194335049675331, 25.277702235567357, 0.0 ], [ 110.194335379230338, 25.277652349774659, 0.0 ], [ 110.194335708784465, 25.277602463981612, 0.0 ], [ 110.194336038337653, 25.277552578188235, 0.0 ], [ 110.194336367890031, 25.27750269239451, 0.0 ], [ 110.194336697441457, 25.277452806600447, 0.0 ], [ 110.194337026992088, 25.277402920806036, 0.0 ], [ 110.194337356541823, 25.277353035011298, 0.0 ], [ 110.194337686090691, 25.277303149216205, 0.0 ], [ 110.194338015638621, 25.277253263420778, 0.0 ], [ 110.194338345185727, 25.277203377625003, 0.0 ], [ 110.194330482685771, 25.277155006099498, 0.0 ], [ 110.194238951432297, 25.27697486071709, 0.0 ], [ 110.194197372290773, 25.276942311664097, 0.0 ], [ 110.194155793219593, 25.276909762549096, 0.0 ], [ 110.194114214170682, 25.276877213422775, 0.0 ], [ 110.194072635143982, 25.276844664285154, 0.0 ], [ 110.194031056139622, 25.27681211513622, 0.0 ], [ 110.193989477157558, 25.276779565975961, 0.0 ], [ 110.193947898197692, 25.2767470168044, 0.0 ], [ 110.193906319260179, 25.27671446762152, 0.0 ], [ 110.193864740344935, 25.276681918427336, 0.0 ], [ 110.193823161451917, 25.276649369221836, 0.0 ], [ 110.193781582581238, 25.276616820005021, 0.0 ], [ 110.193740003732771, 25.276584270776901, 0.0 ], [ 110.193698424906643, 25.276551721537462, 0.0 ], [ 110.193656846102726, 25.276519172286712, 0.0 ], [ 110.193615267321178, 25.276486623024656, 0.0 ], [ 110.193573688561898, 25.276454073751285, 0.0 ], [ 110.193532109824801, 25.27642152446661, 0.0 ], [ 110.193490531110086, 25.276388975170612, 0.0 ], [ 110.19344895241764, 25.276356425863305, 0.0 ], [ 110.193407373747405, 25.276323876544687, 0.0 ], [ 110.19336579509951, 25.276291327214754, 0.0 ], [ 110.193324216473897, 25.276258777873526, 0.0 ], [ 110.193282637870496, 25.276226228520972, 0.0 ], [ 110.193241059289377, 25.276193679157114, 0.0 ], [ 110.193199480730598, 25.276161129781936, 0.0 ], [ 110.193157897715807, 25.276128585128966, 0.0 ], [ 110.193116176421341, 25.276096187228198, 0.0 ], [ 110.193074255994134, 25.276064002551966, 0.0 ], [ 110.193032137588915, 25.2760320322882, 0.0 ], [ 110.192989822458983, 25.276000277526574, 0.0 ], [ 110.192947312068682, 25.275968739122497, 0.0 ], [ 110.192904607934778, 25.275937417867542, 0.0 ], [ 110.1928617113699, 25.275906314775632, 0.0 ], [ 110.192818623055828, 25.275875431594468, 0.0 ], [ 110.192775345209071, 25.275844768308257, 0.0 ], [ 110.192731878562086, 25.275814326616072, 0.0 ] ] ] } },
{ "type": "Feature", "properties": { }, "geometry": { "type": "Polygon", "coordinates": [ [ [ 110.194862646657171, 25.277401857504326, 0.0 ], [ 110.194691911368238, 25.277298144159534, 0.0 ], [ 110.194535848386181, 25.277362377479395, 0.0 ], [ 110.194534615316869, 25.277549083092591, 0.0 ], [ 110.194533382179898, 25.277735788700696, 0.0 ], [ 110.19453214903055, 25.277922494304025, 0.0 ], [ 110.194530915868853, 25.27810919990257, 0.0 ], [ 110.194529682695034, 25.278295905496343, 0.0 ], [ 110.19452844950878, 25.278482611085327, 0.0 ], [ 110.19452721631032, 25.278669316669543, 0.0 ], [ 110.194525983099638, 25.278856022248974, 0.0 ], [ 110.194524749876621, 25.279042727823626, 0.0 ], [ 110.19455175203467, 25.279220253157288, 0.0 ], [ 110.194682917041703, 25.279363911781637, 0.0 ], [ 110.194884239932122, 25.279383247619755, 0.0 ], [ 110.19508908524665, 25.279396341365857, 0.0 ], [ 110.195293930613573, 25.279409434828608, 0.0 ], [ 110.195498776032821, 25.279422528008016, 0.0 ], [ 110.195703621504535, 25.279435620904085, 0.0 ], [ 110.19590846702863, 25.2794487135168, 0.0 ], [ 110.196113312605036, 25.279461805846186, 0.0 ], [ 110.196318158233922, 25.279474897892221, 0.0 ], [ 110.196523003915161, 25.279487989654903, 0.0 ], [ 110.196727849648781, 25.279501081134249, 0.0 ], [ 110.196932695434697, 25.279514172330245, 0.0 ], [ 110.197132083614221, 25.279507160322876, 0.0 ], [ 110.197287506710481, 25.279386322611732, 0.0 ], [ 110.197308923881181, 25.279207199976877, 0.0 ], [ 110.197310152801634, 25.2790204942782, 0.0 ], [ 110.197311381709753, 25.278833788574744, 0.0 ], [ 110.197312610605721, 25.278647082866506, 0.0 ], [ 110.197313839489453, 25.27846037715349, 0.0 ], [ 110.197310478656107, 25.278273756088986, 0.0 ], [ 110.197156893089002, 25.278151467454002, 0.0 ], [ 110.196968312615155, 25.278097772561235, 0.0 ], [ 110.196765216724984, 25.278070304512866, 0.0 ], [ 110.196563481870427, 25.278035508116805, 0.0 ], [ 110.196363475277465, 25.277993257618924, 0.0 ], [ 110.19616551716274, 25.277943674597253, 0.0 ], [ 110.195969888341423, 25.277886967668277, 0.0 ], [ 110.195776896199305, 25.277823226881704, 0.0 ], [ 110.195586844038345, 25.277752552865678, 0.0 ], [ 110.195400151994718, 25.277674826053925, 0.0 ], [ 110.195217045282149, 25.277590347215884, 0.0 ], [ 110.195037783068088, 25.277499309619881, 0.0 ], [ 110.194862646657171, 25.277401857504326, 0.0 ] ] ] } },
{ "type": "Feature", "properties": { }, "geometry": { "type": "Polygon", "coordinates": [ [ [ 110.189231340241093, 25.278420129116519, 0.0 ], [ 110.188264056791084, 25.278173190582752, 0.0 ], [ 110.187793493322133, 25.278907108050312, 0.0 ], [ 110.187392192229566, 25.279970993794407, 0.0 ], [ 110.188173371728269, 25.280226704740748, 0.0 ], [ 110.189141127744804, 25.280472160801921, 0.0 ], [ 110.19010888783184, 25.280717610603652, 0.0 ], [ 110.190603113000364, 25.280013193273998, 0.0 ], [ 110.190900931947397, 25.279140758751389, 0.0 ], [ 110.190198627782465, 25.278667061397837, 0.0 ], [ 110.189231340241093, 25.278420129116519, 0.0 ] ] ] } },
{ "type": "Feature", "properties": { }, "geometry": { "type": "Polygon", "coordinates": [ [ [ 110.188129612917336, 25.280440511206816, 0.0 ], [ 110.187484754160593, 25.280276948872093, 0.0 ], [ 110.187121364224836, 25.280722342216183, 0.0 ], [ 110.186907755405102, 25.281299227138554, 0.0 ], [ 110.1866037723169, 25.282029064909214, 0.0 ], [ 110.18711780520465, 25.282241359845159, 0.0 ], [ 110.187767633174658, 25.282387802157206, 0.0 ], [ 110.188417462785864, 25.282534241642789, 0.0 ], [ 110.189067294038296, 25.282680678301858, 0.0 ], [ 110.189690428899326, 25.282648734773243, 0.0 ], [ 110.189899262667566, 25.282075007598468, 0.0 ], [ 110.190097720414457, 25.281493666019017, 0.0 ], [ 110.190202886692774, 25.280977075158564, 0.0 ], [ 110.189419335853273, 25.280767627538488, 0.0 ], [ 110.188774473481615, 25.280604070762294, 0.0 ], [ 110.188129612917336, 25.280440511206816, 0.0 ] ] ] } },
{ "type": "Feature", "properties": { }, "geometry": { "type": "Polygon", "coordinates": [ [ [ 110.185009031385022, 25.283720440283751, 0.0 ], [ 110.185349706079862, 25.283428398578884, 0.0 ], [ 110.18545928965051, 25.283462749554374, 0.0 ], [ 110.185568873333011, 25.283497100323121, 0.0 ], [ 110.185678457079476, 25.283531451011839, 0.0 ], [ 110.185767954695621, 25.283528663769332, 0.0 ], [ 110.185804939751108, 25.283428784775193, 0.0 ], [ 110.185841924743841, 25.283328905768933, 0.0 ], [ 110.185878909673875, 25.283229026750568, 0.0 ], [ 110.185915894541083, 25.283129147720079, 0.0 ], [ 110.185952879345507, 25.28302926867747, 0.0 ], [ 110.18598986408719, 25.282929389622744, 0.0 ], [ 110.18602684876609, 25.282829510555914, 0.0 ], [ 110.18606383338232, 25.282729631476954, 0.0 ], [ 110.186100817861742, 25.28262975236326, 0.0 ], [ 110.186071332559877, 25.282536197725097, 0.0 ], [ 110.186012405298897, 25.282445444656236, 0.0 ], [ 110.185953478124276, 25.282354691564919, 0.0 ], [ 110.185843560041008, 25.282326175147499, 0.0 ], [ 110.185731052022888, 25.282300819491912, 0.0 ], [ 110.185618544053838, 25.282275463751606, 0.0 ], [ 110.185506036133972, 25.282250107926579, 0.0 ], [ 110.185393528263333, 25.282224752016823, 0.0 ], [ 110.185281020441963, 25.282199396022353, 0.0 ], [ 110.185168512669733, 25.282174039943165, 0.0 ], [ 110.185056004946716, 25.282148683779255, 0.0 ], [ 110.184943497272968, 25.282123327530613, 0.0 ], [ 110.18483098964829, 25.282097971197263, 0.0 ], [ 110.184718482072967, 25.282072614779192, 0.0 ], [ 110.18460597454677, 25.282047258276407, 0.0 ], [ 110.184493467069871, 25.282021901688893, 0.0 ], [ 110.184380959642112, 25.281996545016664, 0.0 ], [ 110.184268452263538, 25.281971188259718, 0.0 ], [ 110.184155944934261, 25.281945831418049, 0.0 ], [ 110.184043437654125, 25.28192047449167, 0.0 ], [ 110.183930930423216, 25.281895117480559, 0.0 ], [ 110.183818423241505, 25.281869760384755, 0.0 ], [ 110.18370586655773, 25.281844586338366, 0.0 ], [ 110.183593106347132, 25.281820177379746, 0.0 ], [ 110.183480137676895, 25.281796578781311, 0.0 ], [ 110.183366968114342, 25.281773789854618, 0.0 ], [ 110.183253604285795, 25.281751813680366, 0.0 ], [ 110.183140053347799, 25.281730651208381, 0.0 ], [ 110.183026322407457, 25.281710303548525, 0.0 ], [ 110.182912418352544, 25.281690772872246, 0.0 ], [ 110.18279916688283, 25.281675550033434, 0.0 ], [ 110.182703846873508, 25.281735514184913, 0.0 ], [ 110.182608526771418, 25.281795478271963, 0.0 ], [ 110.18255120746413, 25.281877846830731, 0.0 ], [ 110.182529878202033, 25.281981434787149, 0.0 ], [ 110.182508548901183, 25.282085022738141, 0.0 ], [ 110.182487219561537, 25.282188610683715, 0.0 ], [ 110.182465890183039, 25.28229219862385, 0.0 ], [ 110.182444560765802, 25.282395786558556, 0.0 ], [ 110.182423231309699, 25.282499374487838, 0.0 ], [ 110.182401901814856, 25.282602962411691, 0.0 ], [ 110.182380572281161, 25.282706550330115, 0.0 ], [ 110.182359242708657, 25.282810138243118, 0.0 ], [ 110.182337913097427, 25.282913726150685, 0.0 ], [ 110.182316583447317, 25.283017314052831, 0.0 ], [ 110.182295253758397, 25.283120901949541, 0.0 ], [ 110.182273924030767, 25.28322448984083, 0.0 ], [ 110.182252594264327, 25.283328077726683, 0.0 ], [ 110.18223126445902, 25.283431665607107, 0.0 ], [ 110.182209934614903, 25.283535253482111, 0.0 ], [ 110.182188604732062, 25.283638841351689, 0.0 ], [ 110.18216727481034, 25.283742429215835, 0.0 ], [ 110.182145944849893, 25.283846017074545, 0.0 ], [ 110.182124614850565, 25.283949604927834, 0.0 ], [ 110.182103284812442, 25.284053192775698, 0.0 ], [ 110.18208195473558, 25.284156780618122, 0.0 ], [ 110.182060624619922, 25.284260368455126, 0.0 ], [ 110.182071552879989, 25.284357368174081, 0.0 ], [ 110.182139561679335, 25.284442710379327, 0.0 ], [ 110.182207570572885, 25.28452805255462, 0.0 ], [ 110.18230312705596, 25.284568306816887, 0.0 ], [ 110.182418755824003, 25.284575707558449, 0.0 ], [ 110.182534384608871, 25.284583108209716, 0.0 ], [ 110.182650013410509, 25.284590508770691, 0.0 ], [ 110.182765642228901, 25.284597909241388, 0.0 ], [ 110.182881271064048, 25.284605309621792, 0.0 ], [ 110.182996899915963, 25.284612709911912, 0.0 ], [ 110.183112528784619, 25.284620110111735, 0.0 ], [ 110.183228157670058, 25.284627510221277, 0.0 ], [ 110.183343786572237, 25.284634910240527, 0.0 ], [ 110.183459415491157, 25.284642310169488, 0.0 ], [ 110.183575044426831, 25.284649710008161, 0.0 ], [ 110.183690673379274, 25.284657109756552, 0.0 ], [ 110.183806302348472, 25.284664509414643, 0.0 ], [ 110.18392193133441, 25.28467190898245, 0.0 ], [ 110.184037560337103, 25.284679308459964, 0.0 ], [ 110.18415318935655, 25.28468670784719, 0.0 ], [ 110.184268818392738, 25.284694107144134, 0.0 ], [ 110.18438444744568, 25.284701506350782, 0.0 ], [ 110.184500076515377, 25.284708905467141, 0.0 ], [ 110.184611494704981, 25.284710399816746, 0.0 ], [ 110.184651248683309, 25.284611403928285, 0.0 ], [ 110.184691002595116, 25.284512408026195, 0.0 ], [ 110.184730756440231, 25.284413412110471, 0.0 ], [ 110.184770509738499, 25.28431441602169, 0.0 ], [ 110.184810263467298, 25.28421542008434, 0.0 ], [ 110.184850017129449, 25.284116424133355, 0.0 ], [ 110.184889770729086, 25.284017428170085, 0.0 ], [ 110.184929524347694, 25.283918432221608, 0.0 ], [ 110.184969277899683, 25.283819436259492, 0.0 ], [ 110.185009031385022, 25.283720440283751, 0.0 ] ] ] } },
{ "type": "Feature", "properties": { }, "geometry": { "type": "Polygon", "coordinates": [ [ [ 110.179448510800739, 25.27737688635434, 0.0 ], [ 110.179241991296749, 25.277227103646823, 0.0 ], [ 110.179110541987257, 25.277246224487513, 0.0 ], [ 110.17897909265119, 25.277265345274312, 0.0 ], [ 110.178847643277521, 25.277284465942934, 0.0 ], [ 110.178716193866038, 25.277303586493364, 0.0 ], [ 110.178584744416796, 25.277322706925602, 0.0 ], [ 110.17845329492981, 25.27734182723966, 0.0 ], [ 110.178321845405094, 25.277360947435533, 0.0 ], [ 110.178190846226272, 25.277382412261982, 0.0 ], [ 110.178061083166114, 25.277409377486901, 0.0 ], [ 110.17793284098282, 25.277441804786609, 0.0 ], [ 110.177806398193155, 25.277479625379062, 0.0 ], [ 110.177682027980865, 25.277522754786162, 0.0 ], [ 110.177560000063366, 25.277571100215692, 0.0 ], [ 110.177440579661138, 25.277624558291937, 0.0 ], [ 110.177323636840597, 25.277682383389187, 0.0 ], [ 110.177207056064418, 25.277740816728311, 0.0 ], [ 110.177090475178275, 25.277799249972048, 0.0 ], [ 110.176973894182538, 25.277857683120409, 0.0 ], [ 110.176857313076979, 25.277916116173397, 0.0 ], [ 110.176740731861742, 25.277974549130999, 0.0 ], [ 110.176624150536696, 25.278032981993224, 0.0 ], [ 110.176507569101972, 25.27809141476007, 0.0 ], [ 110.176390987557454, 25.278149847431528, 0.0 ], [ 110.176274405903172, 25.278208280007608, 0.0 ], [ 110.176157824139224, 25.278266712488307, 0.0 ], [ 110.176041242265441, 25.278325144873619, 0.0 ], [ 110.175924660282007, 25.278383577163545, 0.0 ], [ 110.175808078188766, 25.278442009358095, 0.0 ], [ 110.17569149598576, 25.278500441457254, 0.0 ], [ 110.175688882778914, 25.278615344959167, 0.0 ], [ 110.175698068051446, 25.278736094576864, 0.0 ], [ 110.175707253338629, 25.278856844192486, 0.0 ], [ 110.175716438640279, 25.278977593806047, 0.0 ], [ 110.175725623956581, 25.279098343417537, 0.0 ], [ 110.175734809287448, 25.279219093026956, 0.0 ], [ 110.175743994632867, 25.279339842634304, 0.0 ], [ 110.175753179992782, 25.279460592239577, 0.0 ], [ 110.175762365367262, 25.279581341842793, 0.0 ], [ 110.17577155075638, 25.27970209144393, 0.0 ], [ 110.17578073616005, 25.279822841043003, 0.0 ], [ 110.1757899215783, 25.279943590640006, 0.0 ], [ 110.175799107011102, 25.280064340234947, 0.0 ], [ 110.175808292458413, 25.28018508982781, 0.0 ], [ 110.175817477920347, 25.280305839418602, 0.0 ], [ 110.175826663396762, 25.280426589007334, 0.0 ], [ 110.175835848887829, 25.280547338593983, 0.0 ], [ 110.175845034393461, 25.280668088178576, 0.0 ], [ 110.17585421991366, 25.28078883776109, 0.0 ], [ 110.175863405448411, 25.280909587341537, 0.0 ], [ 110.17587259099767, 25.281030336919915, 0.0 ], [ 110.176010642108594, 25.281184185395507, 0.0 ], [ 110.176143739123162, 25.281181699883319, 0.0 ], [ 110.176276836135898, 25.281179214250912, 0.0 ], [ 110.176409933146942, 25.281176728498295, 0.0 ], [ 110.176543030156125, 25.281174242625475, 0.0 ], [ 110.176676127163617, 25.281171756632443, 0.0 ], [ 110.176809224169247, 25.2811692705192, 0.0 ], [ 110.176942321173115, 25.281166784285759, 0.0 ], [ 110.177075418175278, 25.281164297932097, 0.0 ], [ 110.17720851517565, 25.281161811458233, 0.0 ], [ 110.177341612174189, 25.281159324864152, 0.0 ], [ 110.177474709170937, 25.281156838149869, 0.0 ], [ 110.177607806165994, 25.281154351315379, 0.0 ], [ 110.177740903159176, 25.281151864360673, 0.0 ], [ 110.177874000150581, 25.281149377285768, 0.0 ], [ 110.178007097140281, 25.281146890090646, 0.0 ], [ 110.178140194128204, 25.281144402775318, 0.0 ], [ 110.178273291114252, 25.281141915339784, 0.0 ], [ 110.178406388098537, 25.281139427784034, 0.0 ], [ 110.178539485081089, 25.281136940108091, 0.0 ], [ 110.178672582061793, 25.281134452311928, 0.0 ], [ 110.178805679040792, 25.281131964395552, 0.0 ], [ 110.178938776017986, 25.281129476358977, 0.0 ], [ 110.179071872993319, 25.281126988202196, 0.0 ], [ 110.179204969966946, 25.281124499925198, 0.0 ], [ 110.179469214243383, 25.280886942764958, 0.0 ], [ 110.179468500370618, 25.280765906364028, 0.0 ], [ 110.179467786495522, 25.280644869961158, 0.0 ], [ 110.17946707261828, 25.280523833556362, 0.0 ], [ 110.179466358738821, 25.280402797149627, 0.0 ], [ 110.179465644857061, 25.280281760740966, 0.0 ], [ 110.179464930973154, 25.280160724330372, 0.0 ], [ 110.179464217086945, 25.280039687917842, 0.0 ], [ 110.179463503198519, 25.279918651503376, 0.0 ], [ 110.179462789307919, 25.279797615086981, 0.0 ], [ 110.179462075415117, 25.27967657866866, 0.0 ], [ 110.179461361520012, 25.279555542248399, 0.0 ], [ 110.179460647622747, 25.27943450582621, 0.0 ], [ 110.179459933723194, 25.279313469402084, 0.0 ], [ 110.179459219821481, 25.279192432976021, 0.0 ], [ 110.179458505917466, 25.279071396548034, 0.0 ], [ 110.179457792011235, 25.278950360118113, 0.0 ], [ 110.179457078102857, 25.278829323686253, 0.0 ], [ 110.179456364192248, 25.278708287252464, 0.0 ], [ 110.179455650279337, 25.278587250816738, 0.0 ], [ 110.179454936364209, 25.278466214379087, 0.0 ], [ 110.179454222446921, 25.278345177939499, 0.0 ], [ 110.179453508527416, 25.27822414149799, 0.0 ], [ 110.179452794605609, 25.278103105054523, 0.0 ], [ 110.179452080681571, 25.277982068609141, 0.0 ], [ 110.179451366755387, 25.277861032161823, 0.0 ], [ 110.179450652826915, 25.277739995712576, 0.0 ], [ 110.179449938896283, 25.277618959261396, 0.0 ], [ 110.17944922496342, 25.27749792280828, 0.0 ], [ 110.179448510800739, 25.27737688635434, 0.0 ] ] ] } },
{ "type": "Feature", "properties": { }, "geometry": { "type": "Polygon", "coordinates": [ [ [ 110.174799307849398, 25.287480344261002, 0.0 ], [ 110.17480643474849, 25.287296101698907, 0.0 ], [ 110.174401255998845, 25.287304772647897, 0.0 ], [ 110.17425153931157, 25.287369109361734, 0.0 ], [ 110.174351311790289, 25.287541184390143, 0.0 ], [ 110.174467074735958, 25.287822629562896, 0.0 ], [ 110.174548813687423, 25.28782505879942, 0.0 ], [ 110.174649870642824, 25.287813672469969, 0.0 ], [ 110.174619859887542, 25.287538930494161, 0.0 ], [ 110.174799307849398, 25.287480344261002, 0.0 ] ] ] } },
{ "type": "Feature", "properties": { }, "geometry": { "type": "Polygon", "coordinates": [ [ [ 110.17191815650952, 25.288109051788286, 0.0 ], [ 110.171776443997771, 25.288035727349502, 0.0 ], [ 110.171634731659211, 25.287962402778167, 0.0 ], [ 110.171493019494008, 25.287889078074272, 0.0 ], [ 110.171351307501993, 25.287815753237819, 0.0 ], [ 110.171209595683322, 25.28774242826881, 0.0 ], [ 110.171067884037839, 25.287669103167254, 0.0 ], [ 110.170926172565643, 25.287595777933145, 0.0 ], [ 110.170784427706934, 25.287522506265134, 0.0 ], [ 110.170642325051546, 25.287449810158428, 0.0 ], [ 110.170500000868103, 25.287377472909874, 0.0 ], [ 110.170357676813936, 25.287305135596533, 0.0 ], [ 110.17021535293155, 25.287232798149457, 0.0 ], [ 110.17007302922093, 25.287160460568632, 0.0 ], [ 110.169930705682148, 25.287088122854062, 0.0 ], [ 110.169788382315076, 25.287015785005757, 0.0 ], [ 110.169646059119856, 25.286943447023702, 0.0 ], [ 110.169525678618569, 25.286942691936432, 0.0 ], [ 110.169445021666448, 25.287071526996794, 0.0 ], [ 110.169364364541039, 25.287200362006516, 0.0 ], [ 110.169283707242414, 25.287329196965587, 0.0 ], [ 110.169203049770459, 25.287458031873992, 0.0 ], [ 110.169122392125217, 25.28758686673175, 0.0 ], [ 110.169041734306703, 25.287715701538847, 0.0 ], [ 110.168961076314957, 25.28784453629531, 0.0 ], [ 110.168880418149868, 25.287973371001101, 0.0 ], [ 110.168799759811492, 25.288102205656244, 0.0 ], [ 110.168719101299814, 25.288231040260715, 0.0 ], [ 110.168638442614863, 25.288359874814546, 0.0 ], [ 110.168557783756683, 25.288488709317708, 0.0 ], [ 110.168477124725143, 25.288617543770215, 0.0 ], [ 110.168396465520303, 25.288746378172064, 0.0 ], [ 110.168315806142246, 25.288875212523241, 0.0 ], [ 110.168243782265165, 25.28900582089841, 0.0 ], [ 110.168255673636054, 25.289153668410986, 0.0 ], [ 110.168266689857191, 25.289301563204223, 0.0 ], [ 110.168274139430139, 25.289449650654763, 0.0 ], [ 110.168308118507539, 25.28959454159488, 0.0 ], [ 110.168348067959798, 25.289738229228508, 0.0 ], [ 110.168389281845606, 25.289881599778475, 0.0 ], [ 110.168415404608027, 25.290027927271339, 0.0 ], [ 110.168449199585183, 25.290168779606745, 0.0 ], [ 110.168599344748216, 25.290226596704816, 0.0 ], [ 110.168749490057607, 25.290284413653207, 0.0 ], [ 110.168899635513185, 25.290342230451923, 0.0 ], [ 110.169028443097815, 25.290294709193482, 0.0 ], [ 110.169162003571145, 25.290209834548641, 0.0 ], [ 110.169304866226327, 25.29013952030726, 0.0 ], [ 110.169455957234533, 25.29008377713911, 0.0 ], [ 110.169606952383049, 25.290027820026239, 0.0 ], [ 110.169757406873487, 25.289970696937168, 0.0 ], [ 110.169909074252743, 25.289916311663191, 0.0 ], [ 110.170058647540145, 25.289858462353617, 0.0 ], [ 110.170187062556337, 25.289768126456543, 0.0 ], [ 110.17029899695747, 25.289660397320063, 0.0 ], [ 110.170406724197619, 25.289549194392652, 0.0 ], [ 110.170505075092564, 25.289431077282064, 0.0 ], [ 110.170558594298399, 25.289292849703195, 0.0 ], [ 110.170563373153939, 25.289145392695108, 0.0 ], [ 110.170540267024634, 25.288998646320966, 0.0 ], [ 110.170515053348822, 25.288852189464237, 0.0 ], [ 110.170488752384117, 25.288705889484596, 0.0 ], [ 110.170463508834146, 25.288559459647701, 0.0 ], [ 110.170443569138286, 25.288412329918213, 0.0 ], [ 110.170426236691711, 25.288264930626855, 0.0 ], [ 110.170411104806391, 25.288117328021009, 0.0 ], [ 110.170396417454569, 25.287969689620667, 0.0 ], [ 110.170476679013433, 25.287872217702457, 0.0 ], [ 110.17063671933613, 25.287844088952824, 0.0 ], [ 110.170797040609131, 25.287817981920934, 0.0 ], [ 110.17095575959884, 25.28778402244351, 0.0 ], [ 110.171114478505061, 25.287750062792913, 0.0 ], [ 110.171256911143516, 25.287818840206288, 0.0 ], [ 110.171398622915817, 25.287892165393572, 0.0 ], [ 110.171540334833793, 25.287965490492304, 0.0 ], [ 110.171296809569682, 25.288103277754775, 0.0 ], [ 110.171155505185041, 25.288029311141848, 0.0 ], [ 110.171011931156755, 25.287959296089646, 0.0 ], [ 110.170853533283392, 25.287939591506714, 0.0 ], [ 110.170690891750809, 25.287930036435551, 0.0 ], [ 110.170530938385625, 25.287937825747093, 0.0 ], [ 110.170480652538146, 25.288067136107124, 0.0 ], [ 110.170492535739982, 25.288214947883599, 0.0 ], [ 110.170501983959213, 25.288362941139805, 0.0 ], [ 110.170539716463537, 25.288504894876521, 0.0 ], [ 110.170565100564488, 25.288651329835201, 0.0 ], [ 110.170590484721146, 25.288797764788182, 0.0 ], [ 110.170617355491359, 25.28894397916692, 0.0 ], [ 110.170643396669973, 25.289090256694848, 0.0 ], [ 110.170649698545304, 25.289238388260543, 0.0 ], [ 110.170627125619589, 25.289383757192272, 0.0 ], [ 110.170570693712605, 25.289521601203571, 0.0 ], [ 110.170481958727322, 25.289645856344521, 0.0 ], [ 110.170385848531865, 25.289765497965742, 0.0 ], [ 110.170271222699895, 25.289870319013286, 0.0 ], [ 110.17015102913436, 25.289970494316666, 0.0 ], [ 110.170016930593945, 25.290052509746818, 0.0 ], [ 110.169869342184256, 25.290115258278377, 0.0 ], [ 110.169718961299225, 25.290172566742985, 0.0 ], [ 110.169568212816202, 25.290229069876258, 0.0 ], [ 110.169416872831832, 25.290284171152731, 0.0 ], [ 110.169262837083465, 25.290332799430288, 0.0 ], [ 110.169139791401903, 25.29042927818843, 0.0 ], [ 110.169279810626293, 25.290488624747237, 0.0 ], [ 110.169429956657723, 25.290546440890264, 0.0 ], [ 110.169580102835326, 25.290604256883611, 0.0 ], [ 110.169730249159258, 25.290662072727269, 0.0 ], [ 110.169880395629406, 25.29071988842124, 0.0 ], [ 110.170030542245868, 25.290777703965528, 0.0 ], [ 110.170180689008589, 25.290835519360133, 0.0 ], [ 110.170330835917497, 25.290893334605041, 0.0 ], [ 110.170480982972762, 25.290951149700273, 0.0 ], [ 110.170631130174186, 25.291008964645808, 0.0 ], [ 110.170781277521954, 25.29106677944165, 0.0 ], [ 110.170931425015908, 25.291124594087805, 0.0 ], [ 110.171081572656192, 25.291182408584259, 0.0 ], [ 110.171231720442719, 25.291240222931027, 0.0 ], [ 110.171381868375434, 25.291298037128097, 0.0 ], [ 110.171532522731539, 25.291337273273161, 0.0 ], [ 110.171685636346325, 25.291286291429866, 0.0 ], [ 110.171769844737341, 25.29116224299192, 0.0 ], [ 110.171848645972744, 25.291032460825022, 0.0 ], [ 110.171927447037447, 25.290902678609513, 0.0 ], [ 110.172006247931421, 25.290772896345409, 0.0 ], [ 110.172085048654679, 25.290643114032708, 0.0 ], [ 110.172163849207223, 25.290513331671399, 0.0 ], [ 110.172242649589037, 25.290383549261495, 0.0 ], [ 110.172321449800151, 25.290253766803001, 0.0 ], [ 110.172400249840535, 25.290123984295903, 0.0 ], [ 110.172479049710219, 25.28999420174021, 0.0 ], [ 110.172557849409117, 25.289864419135913, 0.0 ], [ 110.172636648937385, 25.289734636483033, 0.0 ], [ 110.172715448294937, 25.289604853781547, 0.0 ], [ 110.17279424748186, 25.289475071031475, 0.0 ], [ 110.172873046497926, 25.289345288232813, 0.0 ], [ 110.172951845343377, 25.289215505385549, 0.0 ], [ 110.173030644018112, 25.289085722489698, 0.0 ], [ 110.173109442522161, 25.288955939545257, 0.0 ], [ 110.173121779123861, 25.288819367568241, 0.0 ], [ 110.173052736978249, 25.288694234205714, 0.0 ], [ 110.172910368180311, 25.288621967430423, 0.0 ], [ 110.172768435218899, 25.288548995637221, 0.0 ], [ 110.172626721667484, 25.288475671993808, 0.0 ], [ 110.172485008289399, 25.288402348217833, 0.0 ], [ 110.172343295084502, 25.288329024309281, 0.0 ], [ 110.172201582052963, 25.288255700268181, 0.0 ], [ 110.172059869194612, 25.288182376094522, 0.0 ], [ 110.17191815650952, 25.288109051788286, 0.0 ] ], [ [ 110.168800482628555, 25.288670193124108, 0.0 ], [ 110.168672581100594, 25.288782370827093, 0.0 ], [ 110.168619520538186, 25.288640572948772, 0.0 ], [ 110.168683695387784, 25.288433572073213, 0.0 ], [ 110.1688066656328, 25.28823715327221, 0.0 ], [ 110.168939124382376, 25.288098167354917, 0.0 ], [ 110.169057232200174, 25.288239547295664, 0.0 ], [ 110.169177076559592, 25.288421667546871, 0.0 ], [ 110.169216582813789, 25.288619425224738, 0.0 ], [ 110.168968117331175, 25.288631705239773, 0.0 ], [ 110.168800482628555, 25.288670193124108, 0.0 ] ], [ [ 110.16892387736317, 25.289572253396667, 0.0 ], [ 110.168976565433255, 25.289613079100786, 0.0 ], [ 110.169087151181671, 25.289643374608637, 0.0 ], [ 110.169146570298437, 25.289610442835844, 0.0 ], [ 110.169206495574656, 25.289597367143475, 0.0 ], [ 110.169259874955628, 25.289637791655718, 0.0 ], [ 110.169306055743917, 25.289685087787575, 0.0 ], [ 110.16934297161751, 25.289733271713988, 0.0 ], [ 110.169386167395459, 25.289774745043321, 0.0 ], [ 110.169339415464279, 25.289820475081196, 0.0 ], [ 110.169275692562337, 25.289820280251906, 0.0 ], [ 110.169209163452962, 25.28980166043474, 0.0 ], [ 110.169147258065195, 25.289820447402892, 0.0 ], [ 110.169083325599061, 25.289795413501572, 0.0 ], [ 110.169021684247184, 25.289766035038753, 0.0 ], [ 110.168958458397327, 25.289739559408027, 0.0 ], [ 110.168895232575593, 25.289713083750804, 0.0 ], [ 110.168838559303978, 25.289677505802523, 0.0 ], [ 110.168794973747879, 25.289628356160499, 0.0 ], [ 110.168743779976623, 25.2895866348072, 0.0 ], [ 110.168693940919695, 25.28954481051181, 0.0 ], [ 110.168671229553041, 25.289485992289837, 0.0 ], [ 110.168665151575468, 25.289422948573154, 0.0 ], [ 110.168678997121148, 25.289370623990052, 0.0 ], [ 110.168737716401409, 25.289358872811704, 0.0 ], [ 110.16880010490128, 25.289380226862644, 0.0 ], [ 110.168832493974065, 25.28942398844632, 0.0 ], [ 110.168826238659548, 25.289485766852437, 0.0 ], [ 110.168866890980482, 25.289535909176685, 0.0 ], [ 110.16892387736317, 25.289572253396667, 0.0 ] ] ] } },
{ "type": "Feature", "properties": { }, "geometry": { "type": "Polygon", "coordinates": [ [ [ 110.165224235688612, 25.284848516908951, 0.0 ], [ 110.16507089107364, 25.284804520309699, 0.0 ], [ 110.164822889014431, 25.284949939915027, 0.0 ], [ 110.164751542511382, 25.285080956219439, 0.0 ], [ 110.164680195851659, 25.285211972483133, 0.0 ], [ 110.164608849035275, 25.285342988706098, 0.0 ], [ 110.16453750206243, 25.285474004888357, 0.0 ], [ 110.16446615493291, 25.285605021029887, 0.0 ], [ 110.164394807646815, 25.285736037130697, 0.0 ], [ 110.164323460204088, 25.285867053190785, 0.0 ], [ 110.164252112604771, 25.285998069210155, 0.0 ], [ 110.164180764848851, 25.286129085188797, 0.0 ], [ 110.164109416936327, 25.286260101126718, 0.0 ], [ 110.164038068867185, 25.286391117023914, 0.0 ], [ 110.163966720641426, 25.286522132880378, 0.0 ], [ 110.163895372259077, 25.286653148696125, 0.0 ], [ 110.16382402372011, 25.28678416447115, 0.0 ], [ 110.163752675024526, 25.28691518020544, 0.0 ], [ 110.163681326172309, 25.287046195899009, 0.0 ], [ 110.163609977163489, 25.287177211551846, 0.0 ], [ 110.163538627998065, 25.287308227163948, 0.0 ], [ 110.163467278675995, 25.287439242735338, 0.0 ], [ 110.163395929197321, 25.287570258265987, 0.0 ], [ 110.163324579562101, 25.287701273755914, 0.0 ], [ 110.163253229770177, 25.287832289205092, 0.0 ], [ 110.163185313088547, 25.287963489353334, 0.0 ], [ 110.163337990464839, 25.28820046306393, 0.0 ], [ 110.163486057122284, 25.288257486615386, 0.0 ], [ 110.163634123922023, 25.288314510021308, 0.0 ], [ 110.163782190864097, 25.288371533281705, 0.0 ], [ 110.163930257948351, 25.288428556396564, 0.0 ], [ 110.164078325174899, 25.28848557936589, 0.0 ], [ 110.164226392543696, 25.288542602189686, 0.0 ], [ 110.164374460054773, 25.288599624867949, 0.0 ], [ 110.164522527708129, 25.288656647400668, 0.0 ], [ 110.16467059550375, 25.288713669787853, 0.0 ], [ 110.164818663441636, 25.288770692029502, 0.0 ], [ 110.164966731521858, 25.288827714125606, 0.0 ], [ 110.165114799744273, 25.28888473607617, 0.0 ], [ 110.165262868108968, 25.288941757881187, 0.0 ], [ 110.165410936615984, 25.288998779540673, 0.0 ], [ 110.165559005265209, 25.289055801054605, 0.0 ], [ 110.165707074056684, 25.289112822422993, 0.0 ], [ 110.165855142990438, 25.28916984364583, 0.0 ], [ 110.166003212066443, 25.289226864723126, 0.0 ], [ 110.166151281284726, 25.289283885654871, 0.0 ], [ 110.166299350645261, 25.289340906441065, 0.0 ], [ 110.16644742014806, 25.289397927081705, 0.0 ], [ 110.166595489793124, 25.289454947576797, 0.0 ], [ 110.166743559580439, 25.289511967926327, 0.0 ], [ 110.166891629510033, 25.289568988130313, 0.0 ], [ 110.167039699581863, 25.289626008188733, 0.0 ], [ 110.167187769795973, 25.289683028101599, 0.0 ], [ 110.167335840152418, 25.289740047868914, 0.0 ], [ 110.167483910651029, 25.289797067490664, 0.0 ], [ 110.167631981291919, 25.289854086966848, 0.0 ], [ 110.167780052075045, 25.289911106297481, 0.0 ], [ 110.167939265844453, 25.289802011089655, 0.0 ], [ 110.167903205256025, 25.289659545071615, 0.0 ], [ 110.167865415074857, 25.289517444524595, 0.0 ], [ 110.167827624976994, 25.289375343967425, 0.0 ], [ 110.167789834962434, 25.289233243400105, 0.0 ], [ 110.167752045031108, 25.289091142822627, 0.0 ], [ 110.167714255183057, 25.288949042235, 0.0 ], [ 110.167676465418396, 25.288806941637215, 0.0 ], [ 110.167638675737024, 25.288664841029288, 0.0 ], [ 110.167600886138956, 25.288522740411214, 0.0 ], [ 110.167563096624107, 25.288380639782979, 0.0 ], [ 110.167525307192534, 25.288238539144597, 0.0 ], [ 110.16748751784435, 25.288096438496066, 0.0 ], [ 110.167449678039944, 25.287954349008899, 0.0 ], [ 110.167410167964192, 25.287812637532358, 0.0 ], [ 110.167368116629461, 25.287671531756597, 0.0 ], [ 110.167323532153844, 25.287531070196774, 0.0 ], [ 110.16727643139366, 25.287391289081061, 0.0 ], [ 110.167226754096504, 25.287252247700405, 0.0 ], [ 110.167174729472535, 25.287113917833828, 0.0 ], [ 110.167120142223624, 25.286976406251966, 0.0 ], [ 110.167063130103628, 25.286839710436634, 0.0 ], [ 110.167003641814119, 25.28670388950621, 0.0 ], [ 110.166941738605558, 25.28656896359545, 0.0 ], [ 110.166877413353063, 25.286434977406749, 0.0 ], [ 110.166810719452059, 25.286301951750065, 0.0 ], [ 110.166743167753637, 25.286169282784982, 0.0 ], [ 110.166675616198788, 25.286036613790337, 0.0 ], [ 110.166608064787468, 25.28590394476614, 0.0 ], [ 110.166540513519635, 25.285771275712385, 0.0 ], [ 110.166472962395233, 25.285638606629085, 0.0 ], [ 110.166405411414416, 25.285505937516227, 0.0 ], [ 110.166337860577087, 25.285373268373817, 0.0 ], [ 110.166245790661947, 25.285255961283251, 0.0 ], [ 110.166123376991621, 25.285164047943947, 0.0 ], [ 110.165977601295282, 25.28510235597567, 0.0 ], [ 110.165830018560783, 25.285044324170102, 0.0 ], [ 110.165680739383589, 25.284989997487845, 0.0 ], [ 110.165529876627019, 25.28493941597576, 0.0 ], [ 110.165377543443384, 25.284892619076221, 0.0 ], [ 110.165224235688612, 25.284848516908951, 0.0 ] ] ] } },
{ "type": "Feature", "properties": { }, "geometry": { "type": "Polygon", "coordinates": [ [ [ 110.163720286051074, 25.284506034593601, 0.0 ], [ 110.163596171543062, 25.284502790033098, 0.0 ], [ 110.163472018572776, 25.284504413207568, 0.0 ], [ 110.16334805803136, 25.28451090186466, 0.0 ], [ 110.163224520452076, 25.284522243692141, 0.0 ], [ 110.163101635739835, 25.284538418453359, 0.0 ], [ 110.162979632231156, 25.284559394670531, 0.0 ], [ 110.162858736815124, 25.284585133558167, 0.0 ], [ 110.162739174339791, 25.284615587440168, 0.0 ], [ 110.162621167436839, 25.284650700441492, 0.0 ], [ 110.162504935377115, 25.284690406578111, 0.0 ], [ 110.162390694017446, 25.28473463138738, 0.0 ], [ 110.162278656253605, 25.284783293617085, 0.0 ], [ 110.162169030224135, 25.284836302295169, 0.0 ], [ 110.162062020173252, 25.284893559403063, 0.0 ], [ 110.161957824519746, 25.284954957541, 0.0 ], [ 110.161856637701092, 25.285020383446906, 0.0 ], [ 110.161758647877477, 25.28508971530611, 0.0 ], [ 110.161664036422579, 25.285162823188571, 0.0 ], [ 110.16157297989264, 25.285239571853459, 0.0 ], [ 110.161485647637093, 25.285319818563529, 0.0 ], [ 110.161402201876271, 25.285403413895086, 0.0 ], [ 110.161322798345878, 25.285490202807555, 0.0 ], [ 110.161247584321714, 25.285580023550342, 0.0 ], [ 110.161175165629729, 25.28567173415453, 0.0 ], [ 110.161102805582743, 25.285763483211895, 0.0 ], [ 110.161030445425752, 25.28585523222986, 0.0 ], [ 110.160958085158882, 25.285946981208411, 0.0 ], [ 110.160885724782091, 25.286038730147542, 0.0 ], [ 110.160813689386018, 25.286130689236977, 0.0 ], [ 110.16074359426257, 25.286223877964794, 0.0 ], [ 110.160675688202119, 25.286318397008145, 0.0 ], [ 110.160610000348456, 25.286414203082593, 0.0 ], [ 110.160546561755467, 25.286511253997855, 0.0 ], [ 110.16048539962209, 25.286609505423666, 0.0 ], [ 110.160426541667192, 25.286708913354339, 0.0 ], [ 110.160370015211242, 25.28680943352812, 0.0 ], [ 110.160358281852737, 25.28691296485416, 0.0 ], [ 110.160474664929154, 25.287097697688736, 0.0 ], [ 110.160589006127239, 25.287141735865049, 0.0 ], [ 110.160703347410262, 25.287185773954583, 0.0 ], [ 110.160817688778053, 25.287229811957346, 0.0 ], [ 110.160932030230768, 25.287273849873333, 0.0 ], [ 110.161046371768265, 25.28731788770255, 0.0 ], [ 110.161160713390686, 25.287361925444987, 0.0 ], [ 110.161275055097889, 25.28740596310065, 0.0 ], [ 110.161389396890002, 25.28745000066953, 0.0 ], [ 110.16150373876691, 25.287494038151628, 0.0 ], [ 110.161618080728729, 25.287538075546959, 0.0 ], [ 110.161732422775316, 25.28758211285551, 0.0 ], [ 110.161846764906841, 25.287626150077276, 0.0 ], [ 110.161961107123133, 25.287670187212257, 0.0 ], [ 110.162075449424279, 25.287714224260466, 0.0 ], [ 110.162189791810349, 25.287758261221889, 0.0 ], [ 110.162304134281186, 25.287802298096533, 0.0 ], [ 110.162418476836933, 25.287846334884399, 0.0 ], [ 110.162532819477534, 25.287890371585465, 0.0 ], [ 110.162647162202916, 25.287934408199771, 0.0 ], [ 110.162761505036869, 25.287978444676391, 0.0 ], [ 110.162992321434544, 25.287904522287285, 0.0 ], [ 110.16304742000402, 25.287803346269051, 0.0 ], [ 110.163102519529332, 25.287702170698878, 0.0 ], [ 110.163157618961321, 25.287600995104413, 0.0 ], [ 110.163212718299889, 25.287499819485657, 0.0 ], [ 110.163267817545062, 25.287398643842611, 0.0 ], [ 110.163322916696842, 25.287297468175272, 0.0 ], [ 110.163378015755214, 25.287196292483646, 0.0 ], [ 110.163433114720178, 25.287095116767723, 0.0 ], [ 110.163488213591748, 25.286993941027518, 0.0 ], [ 110.16354331236991, 25.286892765263026, 0.0 ], [ 110.163598411054693, 25.286791589474245, 0.0 ], [ 110.163653509645982, 25.286690413661173, 0.0 ], [ 110.16370860814402, 25.286589237823812, 0.0 ], [ 110.163763706548608, 25.286488061962164, 0.0 ], [ 110.163818804859787, 25.28638688607623, 0.0 ], [ 110.163873903077487, 25.286285710166002, 0.0 ], [ 110.163929001201879, 25.286184534231495, 0.0 ], [ 110.163984099232863, 25.286083358272695, 0.0 ], [ 110.164039197170467, 25.285982182289615, 0.0 ], [ 110.164094295014593, 25.285881006282242, 0.0 ], [ 110.164149392765481, 25.28577983025059, 0.0 ], [ 110.16420449042289, 25.285678654194648, 0.0 ], [ 110.164259587986919, 25.285577478114426, 0.0 ], [ 110.164314685457484, 25.285476302009911, 0.0 ], [ 110.16436978283474, 25.285375125881114, 0.0 ], [ 110.164424880118588, 25.285273949728033, 0.0 ], [ 110.164479977309071, 25.285172773550673, 0.0 ], [ 110.164535074406146, 25.285071597349027, 0.0 ], [ 110.164590171409841, 25.284970421123095, 0.0 ], [ 110.164645268423683, 25.284869244919481, 0.0 ], [ 110.164568411699861, 25.284662041776475, 0.0 ], [ 110.164451303727475, 25.284626752071095, 0.0 ], [ 110.1643322296636, 25.284594754219157, 0.0 ], [ 110.16421175321085, 25.284567439489173, 0.0 ], [ 110.164090093587234, 25.28454487239264, 0.0 ], [ 110.163967476894413, 25.284527095587755, 0.0 ], [ 110.163844131319252, 25.284514141096125, 0.0 ], [ 110.163720286051074, 25.284506034593601, 0.0 ] ] ] } },
{ "type": "Feature", "properties": { }, "geometry": { "type": "Polygon", "coordinates": [ [ [ 110.162208076255425, 25.296160677355097, 0.0 ], [ 110.162151186506435, 25.296041614761908, 0.0 ], [ 110.161980611046204, 25.29605657113186, 0.0 ], [ 110.161810457819655, 25.296087249332697, 0.0 ], [ 110.161693588065305, 25.296031408602339, 0.0 ], [ 110.161859291395714, 25.295973855392884, 0.0 ], [ 110.162174425667487, 25.295884755484099, 0.0 ], [ 110.162143729491191, 25.295725862731572, 0.0 ], [ 110.162110376314942, 25.295570410474426, 0.0 ], [ 110.162054092004198, 25.295418952983049, 0.0 ], [ 110.16209322467121, 25.295273749612317, 0.0 ], [ 110.162172130922357, 25.29512896576534, 0.0 ], [ 110.162251036981957, 25.294984181868546, 0.0 ], [ 110.162329942850064, 25.294839397921926, 0.0 ], [ 110.162408848526638, 25.29469461392549, 0.0 ], [ 110.162487754011877, 25.29454982987923, 0.0 ], [ 110.162579912535605, 25.294280398697289, 0.0 ], [ 110.16242065274227, 25.294208665532079, 0.0 ], [ 110.162261393140469, 25.294136932198988, 0.0 ], [ 110.162102133730073, 25.294065198698021, 0.0 ], [ 110.161942874511212, 25.293993465029189, 0.0 ], [ 110.161783615483813, 25.293921731192469, 0.0 ], [ 110.16162435664782, 25.293849997187888, 0.0 ], [ 110.161465098003376, 25.29377826301543, 0.0 ], [ 110.161305839550309, 25.293706528675095, 0.0 ], [ 110.161146581288804, 25.293634794166902, 0.0 ], [ 110.160987323218762, 25.293563059490847, 0.0 ], [ 110.160828065340112, 25.293491324646919, 0.0 ], [ 110.160668807653011, 25.293419589635135, 0.0 ], [ 110.1605095501573, 25.293347854455487, 0.0 ], [ 110.160345482367205, 25.293341049274243, 0.0 ], [ 110.16020760972053, 25.293424474650656, 0.0 ], [ 110.160128743595322, 25.293569276027487, 0.0 ], [ 110.160049877278624, 25.293714077354522, 0.0 ], [ 110.159971010770676, 25.293858878631784, 0.0 ], [ 110.159892144071165, 25.294003679859244, 0.0 ], [ 110.159813277180305, 25.29414848103692, 0.0 ], [ 110.159734410098039, 25.294293282164794, 0.0 ], [ 110.159655542824368, 25.294438083242881, 0.0 ], [ 110.159576675359276, 25.294582884271179, 0.0 ], [ 110.159497807702749, 25.294727685249676, 0.0 ], [ 110.159418939854802, 25.294872486178377, 0.0 ], [ 110.159340071815436, 25.295017287057288, 0.0 ], [ 110.159261203584649, 25.2951620878864, 0.0 ], [ 110.15918233516237, 25.29530688866571, 0.0 ], [ 110.159103466548714, 25.295451689395222, 0.0 ], [ 110.159024597743638, 25.295596490074935, 0.0 ], [ 110.158945326041447, 25.295741106248357, 0.0 ], [ 110.158856553915044, 25.295881032496634, 0.0 ], [ 110.15875499875311, 25.296013579280597, 0.0 ], [ 110.158641398524438, 25.29613778420741, 0.0 ], [ 110.158516615158462, 25.296252781031509, 0.0 ], [ 110.15838733621645, 25.29636366653326, 0.0 ], [ 110.158392890603366, 25.296514473793497, 0.0 ], [ 110.158543376909151, 25.296585903400125, 0.0 ], [ 110.158707333686735, 25.296648262509002, 0.0 ], [ 110.158867435667005, 25.296718382435991, 0.0 ], [ 110.159022787321973, 25.296796837873782, 0.0 ], [ 110.159175503662908, 25.296879503410068, 0.0 ], [ 110.159328219080479, 25.296962170525159, 0.0 ], [ 110.15948093470827, 25.297044837486496, 0.0 ], [ 110.159633650546539, 25.297127504294082, 0.0 ], [ 110.159788030928055, 25.2972075348553, 0.0 ], [ 110.159947396892989, 25.297279022691306, 0.0 ], [ 110.160111281677246, 25.297341499506363, 0.0 ], [ 110.16027901446148, 25.297394885191654, 0.0 ], [ 110.160447944322215, 25.297445123996901, 0.0 ], [ 110.160616874327502, 25.297495362611862, 0.0 ], [ 110.160783976498294, 25.297550198625949, 0.0 ], [ 110.160941660209829, 25.297624475307082, 0.0 ], [ 110.16108641481631, 25.297718009322182, 0.0 ], [ 110.161215413564477, 25.297828974074857, 0.0 ], [ 110.161326139979138, 25.297955200978379, 0.0 ], [ 110.161416832167518, 25.298094036305304, 0.0 ], [ 110.161534438032305, 25.298199680692953, 0.0 ], [ 110.161701246686491, 25.298225131052501, 0.0 ], [ 110.161859838010187, 25.298152197168154, 0.0 ], [ 110.162021398875055, 25.298084864820812, 0.0 ], [ 110.162185690612361, 25.298023235048358, 0.0 ], [ 110.162352470052966, 25.297967399932727, 0.0 ], [ 110.162521489415084, 25.297917440623436, 0.0 ], [ 110.16269249847646, 25.297873431585799, 0.0 ], [ 110.162865243735752, 25.297835437436568, 0.0 ], [ 110.162994680125351, 25.29774969550439, 0.0 ], [ 110.163061264337372, 25.297600226325109, 0.0 ], [ 110.162956290031829, 25.297500014843486, 0.0 ], [ 110.162804499429214, 25.29741928338591, 0.0 ], [ 110.162628621536854, 25.2973978021883, 0.0 ], [ 110.162498241951951, 25.29730265135554, 0.0 ], [ 110.162385693966172, 25.297198057482248, 0.0 ], [ 110.162245076317717, 25.297099930902501, 0.0 ], [ 110.162129492677096, 25.296979568472555, 0.0 ], [ 110.162069742285652, 25.296827392301076, 0.0 ], [ 110.162009992038321, 25.296675216106099, 0.0 ], [ 110.161950241934974, 25.296523039887617, 0.0 ], [ 110.161965081880169, 25.296373063958626, 0.0 ], [ 110.162066453965807, 25.296251688749798, 0.0 ], [ 110.162208076255425, 25.296160677355097, 0.0 ] ] ] } },
{ "type": "Feature", "properties": { }, "geometry": { "type": "Polygon", "coordinates": [ [ [ 110.166061691653169, 25.29800346197932, 0.0 ], [ 110.16600262193657, 25.297850051260284, 0.0 ], [ 110.165778391280199, 25.297887188464816, 0.0 ], [ 110.165553775184733, 25.297922252682522, 0.0 ], [ 110.16532717094772, 25.297944067160991, 0.0 ], [ 110.165099518440428, 25.297954018794609, 0.0 ], [ 110.164871813647665, 25.297963055487848, 0.0 ], [ 110.164644108832036, 25.297972091828601, 0.0 ], [ 110.164416403993386, 25.297981127816868, 0.0 ], [ 110.16418869913187, 25.297990163452663, 0.0 ], [ 110.163960994247418, 25.29799919873598, 0.0 ], [ 110.163898685660115, 25.29813490174989, 0.0 ], [ 110.163670780255401, 25.298137397657765, 0.0 ], [ 110.163442874852237, 25.298139893213158, 0.0 ], [ 110.163214969450621, 25.298142388416089, 0.0 ], [ 110.163048542075941, 25.298273848404708, 0.0 ], [ 110.162855971070485, 25.298380917604746, 0.0 ], [ 110.16264350796736, 25.29845465864036, 0.0 ], [ 110.162421805988458, 25.298499950061249, 0.0 ], [ 110.162196772884229, 25.298532446285396, 0.0 ], [ 110.161974218707869, 25.298576934163002, 0.0 ], [ 110.161759314269318, 25.298645123801339, 0.0 ], [ 110.161583973651673, 25.298775402374506, 0.0 ], [ 110.161424657219797, 25.298923574637527, 0.0 ], [ 110.161270725991059, 25.299076378126404, 0.0 ], [ 110.161095015114753, 25.299207546615222, 0.0 ], [ 110.160897926232806, 25.299311239183606, 0.0 ], [ 110.160699078853156, 25.299412505855315, 0.0 ], [ 110.1604963071388, 25.299507059987537, 0.0 ], [ 110.160292285680768, 25.299599431090904, 0.0 ], [ 110.160090359458948, 25.299695121897972, 0.0 ], [ 110.159893537850493, 25.299798689469046, 0.0 ], [ 110.159688200386142, 25.299888618359688, 0.0 ], [ 110.159485922008756, 25.299983244264272, 0.0 ], [ 110.15930074030581, 25.300104032677133, 0.0 ], [ 110.159113391788836, 25.300221892517314, 0.0 ], [ 110.158916254164225, 25.30032586945547, 0.0 ], [ 110.158827962746258, 25.300513548825389, 0.0 ], [ 110.158723052608309, 25.300696554898639, 0.0 ], [ 110.158590677524145, 25.300865224447772, 0.0 ], [ 110.158460102697433, 25.30103504995132, 0.0 ], [ 110.158329730857005, 25.301205006514408, 0.0 ], [ 110.158207743658537, 25.301379786396854, 0.0 ], [ 110.158255751995711, 25.301520677941895, 0.0 ], [ 110.158451056828966, 25.301627495273486, 0.0 ], [ 110.158646362009719, 25.301734312353652, 0.0 ], [ 110.158841667538098, 25.301841129182375, 0.0 ], [ 110.159036973414047, 25.301947945759661, 0.0 ], [ 110.15923227963755, 25.30205476208549, 0.0 ], [ 110.159427586208594, 25.302161578159875, 0.0 ], [ 110.159622893127207, 25.302268393982807, 0.0 ], [ 110.15981820039336, 25.302375209554281, 0.0 ], [ 110.160013508007012, 25.302482024874294, 0.0 ], [ 110.160208815968303, 25.302588839942839, 0.0 ], [ 110.16040412427715, 25.30269565475993, 0.0 ], [ 110.160599432933537, 25.302802469325531, 0.0 ], [ 110.160794741937494, 25.302909283639671, 0.0 ], [ 110.160990051288934, 25.303016097702315, 0.0 ], [ 110.161185360988014, 25.303122911513491, 0.0 ], [ 110.161380671034649, 25.303229725073173, 0.0 ], [ 110.16157598142884, 25.30333653838137, 0.0 ], [ 110.16171420579424, 25.30328046301392, 0.0 ], [ 110.161805163014606, 25.303090477552505, 0.0 ], [ 110.161896896502157, 25.302900812311439, 0.0 ], [ 110.161988243184723, 25.302710981156388, 0.0 ], [ 110.162079589575313, 25.302521149932645, 0.0 ], [ 110.162175200107171, 25.302343570816369, 0.0 ], [ 110.162266648790805, 25.302153780387382, 0.0 ], [ 110.162358097182164, 25.301963989889561, 0.0 ], [ 110.162449545281177, 25.301774199322921, 0.0 ], [ 110.162540993087987, 25.301584408687443, 0.0 ], [ 110.162632440602536, 25.301394617983153, 0.0 ], [ 110.162723887824825, 25.301204827210029, 0.0 ], [ 110.162815334754782, 25.301015036368078, 0.0 ], [ 110.162987483297357, 25.300938238849426, 0.0 ], [ 110.163211334084082, 25.300919511590138, 0.0 ], [ 110.16342459911148, 25.300846402621374, 0.0 ], [ 110.163631983901212, 25.300760625235821, 0.0 ], [ 110.163838247858692, 25.300672461711962, 0.0 ], [ 110.164026768433246, 25.300564886927653, 0.0 ], [ 110.164102448414752, 25.30040761505726, 0.0 ], [ 110.164102093148102, 25.300200416774661, 0.0 ], [ 110.164101737871775, 25.29999321848635, 0.0 ], [ 110.164101766705841, 25.299786131468753, 0.0 ], [ 110.164101412879091, 25.299578933166877, 0.0 ], [ 110.164277905061468, 25.299523567722535, 0.0 ], [ 110.164505379357905, 25.299510613370888, 0.0 ], [ 110.164732932086025, 25.299499361646955, 0.0 ], [ 110.164960197051457, 25.299483627275631, 0.0 ], [ 110.16518765040739, 25.299470311587992, 0.0 ], [ 110.165414079097857, 25.299456354201386, 0.0 ], [ 110.165641534889303, 25.299443073595651, 0.0 ], [ 110.16586900313969, 25.299429970471099, 0.0 ], [ 110.166096471351793, 25.299416866994381, 0.0 ], [ 110.166128685286921, 25.299245159646581, 0.0 ], [ 110.166117513132491, 25.299038210057081, 0.0 ], [ 110.166106341005303, 25.298831260461949, 0.0 ], [ 110.166095168905173, 25.298624310861193, 0.0 ], [ 110.166083996832199, 25.298417361254813, 0.0 ], [ 110.16607282478644, 25.298210411642806, 0.0 ], [ 110.166061691653169, 25.29800346197932, 0.0 ] ] ] } },
{ "type": "Feature", "properties": { }, "geometry": { "type": "Polygon", "coordinates": [ [ [ 110.15645313312217, 25.294230126412263, 0.0 ], [ 110.156414252007323, 25.29421404553926, 0.0 ], [ 110.156385117100683, 25.294255596187398, 0.0 ], [ 110.156356041237771, 25.29429718106724, 0.0 ], [ 110.15632696543824, 25.294338765988876, 0.0 ], [ 110.156296470303928, 25.294379463851868, 0.0 ], [ 110.156255039120765, 25.294411233847359, 0.0 ], [ 110.156213607916172, 25.294443003830526, 0.0 ], [ 110.156172176690106, 25.294474773801397, 0.0 ], [ 110.156130745477924, 25.294506543798075, 0.0 ], [ 110.156085899209017, 25.294534098876479, 0.0 ], [ 110.156032212770882, 25.294538615806328, 0.0 ], [ 110.15597814036677, 25.294542014750469, 0.0 ], [ 110.155924930596413, 25.294551014423128, 0.0 ], [ 110.155872308417827, 25.294562822644782, 0.0 ], [ 110.155819686229492, 25.294574630847396, 0.0 ], [ 110.155771094660011, 25.294595676137575, 0.0 ], [ 110.155721345780051, 25.294609807917453, 0.0 ], [ 110.15566828210126, 25.294617326256851, 0.0 ], [ 110.155622701146598, 25.294643981707523, 0.0 ], [ 110.155586615217246, 25.294678652335321, 0.0 ], [ 110.155571035522968, 25.294724355593633, 0.0 ], [ 110.15561341912175, 25.294755069854233, 0.0 ], [ 110.155655817773535, 25.29478576621942, 0.0 ], [ 110.155700087131763, 25.29481418487909, 0.0 ], [ 110.155744880578482, 25.294841929088506, 0.0 ], [ 110.155789674045877, 25.29486967328473, 0.0 ], [ 110.155834467533907, 25.294897417467773, 0.0 ], [ 110.155879261042472, 25.294925161637671, 0.0 ], [ 110.155923819468953, 25.294953213815493, 0.0 ], [ 110.155966778791566, 25.294983255580892, 0.0 ], [ 110.15600965414167, 25.295013400596204, 0.0 ], [ 110.156041359225142, 25.29497948278253, 0.0 ], [ 110.156066052299721, 25.294935618537068, 0.0 ], [ 110.156090686818828, 25.294891727092295, 0.0 ], [ 110.156115262428187, 25.294847808366395, 0.0 ], [ 110.156139779862414, 25.294803862779915, 0.0 ], [ 110.156164237430147, 25.294759889635881, 0.0 ], [ 110.156188636546219, 25.294715889667071, 0.0 ], [ 110.156212976987931, 25.294671862851924, 0.0 ], [ 110.156237257980365, 25.294627808918698, 0.0 ], [ 110.156261480651523, 25.294583728462214, 0.0 ], [ 110.156285643850396, 25.294539621041338, 0.0 ], [ 110.156309748029699, 25.294495486942889, 0.0 ], [ 110.156333793573523, 25.29445132642104, 0.0 ], [ 110.156357779434131, 25.294407139085948, 0.0 ], [ 110.156381707061058, 25.294362925668167, 0.0 ], [ 110.156405574742806, 25.294318685483734, 0.0 ], [ 110.15642938362376, 25.294274419124523, 0.0 ], [ 110.15645313312217, 25.294230126412263, 0.0 ] ] ] } },
{ "type": "Feature", "properties": { }, "geometry": { "type": "Polygon", "coordinates": [ [ [ 110.158023687515893, 25.292228100623593, 0.0 ], [ 110.157912028642684, 25.292177802603256, 0.0 ], [ 110.157629700986618, 25.292337563961841, 0.0 ], [ 110.157578576650053, 25.292440880258955, 0.0 ], [ 110.157527452224642, 25.292544196534681, 0.0 ], [ 110.157476327710484, 25.292647512789017, 0.0 ], [ 110.157425203107479, 25.292750829021976, 0.0 ], [ 110.157374078415643, 25.292854145233559, 0.0 ], [ 110.157322953634946, 25.292957461423754, 0.0 ], [ 110.15727182876536, 25.293060777592565, 0.0 ], [ 110.15722070380707, 25.293164093739996, 0.0 ], [ 110.157169501999235, 25.293267378417589, 0.0 ], [ 110.157117998844555, 25.293370539190509, 0.0 ], [ 110.157066180328698, 25.293473569373109, 0.0 ], [ 110.157014045323322, 25.293576467526933, 0.0 ], [ 110.156961596806525, 25.29367923393383, 0.0 ], [ 110.156908833103657, 25.293781866923172, 0.0 ], [ 110.156855754938931, 25.293884365829165, 0.0 ], [ 110.156802363799983, 25.293986730319855, 0.0 ], [ 110.156748659148519, 25.294088959193594, 0.0 ], [ 110.156694642290873, 25.294191052047122, 0.0 ], [ 110.156640312185431, 25.294293007449689, 0.0 ], [ 110.156585670086841, 25.294394824975299, 0.0 ], [ 110.156530717277434, 25.29449650422006, 0.0 ], [ 110.156475453084624, 25.294598043908966, 0.0 ], [ 110.156419877550505, 25.294699443077363, 0.0 ], [ 110.156363991994496, 25.294800701341519, 0.0 ], [ 110.156307796999016, 25.294901817987618, 0.0 ], [ 110.156337301812101, 25.295123010481809, 0.0 ], [ 110.156421765241404, 25.295203539166838, 0.0 ], [ 110.156512983313561, 25.295280725307347, 0.0 ], [ 110.156604201501409, 25.295357911393598, 0.0 ], [ 110.156695419805033, 25.295435097425607, 0.0 ], [ 110.156786638224418, 25.295512283403376, 0.0 ], [ 110.156877856759579, 25.295589469326888, 0.0 ], [ 110.156969075410586, 25.29566665519615, 0.0 ], [ 110.157060294177356, 25.295743841011173, 0.0 ], [ 110.15715151305983, 25.295821026771932, 0.0 ], [ 110.15724273205808, 25.295898212478448, 0.0 ], [ 110.157333951172092, 25.295975398130714, 0.0 ], [ 110.157425170401964, 25.296052583728724, 0.0 ], [ 110.157516790384051, 25.296129370278759, 0.0 ], [ 110.157613943237166, 25.296200261120173, 0.0 ], [ 110.157717600035397, 25.296263079333663, 0.0 ], [ 110.157826951832234, 25.296317334201454, 0.0 ], [ 110.158175527565064, 25.296297144460858, 0.0 ], [ 110.158266169623801, 25.296219398745009, 0.0 ], [ 110.158356811566932, 25.29614165296967, 0.0 ], [ 110.158446341688219, 25.29606286500039, 0.0 ], [ 110.158530382614629, 25.295979242785112, 0.0 ], [ 110.158608168369781, 25.295890759765815, 0.0 ], [ 110.158679359352476, 25.295797801704047, 0.0 ], [ 110.158743645196552, 25.295700774241581, 0.0 ], [ 110.158800984864342, 25.29560020686252, 0.0 ], [ 110.158856282811641, 25.295498682069415, 0.0 ], [ 110.158911580664892, 25.295397157251834, 0.0 ], [ 110.158966878423968, 25.295295632409765, 0.0 ], [ 110.159022176088939, 25.295194107543217, 0.0 ], [ 110.159077473659792, 25.295092582652199, 0.0 ], [ 110.159132771136541, 25.294991057736691, 0.0 ], [ 110.159188068519271, 25.294889532796709, 0.0 ], [ 110.159243365807825, 25.294788007832238, 0.0 ], [ 110.159298663002275, 25.294686482843293, 0.0 ], [ 110.159353960102621, 25.294584957829869, 0.0 ], [ 110.159409257108862, 25.29448343279196, 0.0 ], [ 110.159464554021014, 25.294381907729573, 0.0 ], [ 110.159519850839047, 25.294280382642711, 0.0 ], [ 110.159575147563075, 25.294178857531374, 0.0 ], [ 110.159630444192857, 25.294077332395545, 0.0 ], [ 110.159685740728676, 25.293975807235253, 0.0 ], [ 110.159741037170321, 25.293874282050471, 0.0 ], [ 110.159796333517875, 25.293772756841218, 0.0 ], [ 110.159851629771339, 25.293671231607497, 0.0 ], [ 110.159906925930784, 25.293569706349285, 0.0 ], [ 110.159962221996054, 25.293468181066597, 0.0 ], [ 110.160017517967162, 25.293366655759439, 0.0 ], [ 110.159921902762136, 25.293083154345481, 0.0 ], [ 110.159810242288742, 25.29303285772782, 0.0 ], [ 110.159698581909552, 25.292982561027639, 0.0 ], [ 110.159586921624353, 25.292932264244946, 0.0 ], [ 110.159475261433414, 25.292881967379735, 0.0 ], [ 110.159363601336466, 25.292831670432012, 0.0 ], [ 110.159251941333707, 25.292781373401777, 0.0 ], [ 110.159140281425067, 25.292731076289037, 0.0 ], [ 110.159028621610645, 25.292680779093782, 0.0 ], [ 110.158916961890199, 25.292630481816015, 0.0 ], [ 110.158805302264028, 25.292580184455744, 0.0 ], [ 110.158693642731919, 25.292529887012957, 0.0 ], [ 110.158581983293914, 25.292479589487666, 0.0 ], [ 110.15847032395007, 25.292429291879856, 0.0 ], [ 110.15835866470033, 25.292378994189551, 0.0 ], [ 110.158247005544723, 25.292328696416742, 0.0 ], [ 110.158135346483249, 25.292278398561422, 0.0 ], [ 110.158023687515893, 25.292228100623593, 0.0 ] ] ] } },
{ "type": "Feature", "properties": { }, "geometry": { "type": "Polygon", "coordinates": [ [ [ 110.161686162713522, 25.287858381490942, 0.0 ], [ 110.160319436999956, 25.287331998399647, 0.0 ], [ 110.159572155019035, 25.288411938295734, 0.0 ], [ 110.158870260119485, 25.289795261876282, 0.0 ], [ 110.159945738305922, 25.29045129731902, 0.0 ], [ 110.161256486793221, 25.290992153573555, 0.0 ], [ 110.161949077887698, 25.289820120564553, 0.0 ], [ 110.162607697385653, 25.288610774971435, 0.0 ], [ 110.161686162713522, 25.287858381490942, 0.0 ] ] ] } },
{ "type": "Feature", "properties": { }, "geometry": { "type": "Polygon", "coordinates": [ [ [ 110.163877472276056, 25.288702311139243, 0.0 ], [ 110.163142140988825, 25.288419121079276, 0.0 ], [ 110.162659498475819, 25.288922509768962, 0.0 ], [ 110.16230515209817, 25.28957315676135, 0.0 ], [ 110.161950801857074, 25.290223802748955, 0.0 ], [ 110.161596447752444, 25.290874447731714, 0.0 ], [ 110.161484589177604, 25.291121197244859, 0.0 ], [ 110.162536959203564, 25.291770498844546, 0.0 ], [ 110.163233756049152, 25.292125228341927, 0.0 ], [ 110.163923727940599, 25.292380616354304, 0.0 ], [ 110.164345164199673, 25.291763908037673, 0.0 ], [ 110.164766596135422, 25.29114719835707, 0.0 ], [ 110.16512527453078, 25.290499917918595, 0.0 ], [ 110.165455120563962, 25.289838707902746, 0.0 ], [ 110.165348145377237, 25.289268680491009, 0.0 ], [ 110.164612807072189, 25.288985497609872, 0.0 ], [ 110.163877472276056, 25.288702311139243, 0.0 ] ] ] } },
{ "type": "Feature", "properties": { }, "geometry": { "type": "Polygon", "coordinates": [ [ [ 110.161813122738323, 25.291815807504101, 0.0 ], [ 110.16142436390453, 25.291617891060707, 0.0 ], [ 110.161089546549249, 25.291805176745818, 0.0 ], [ 110.160891838109904, 25.29216818788554, 0.0 ], [ 110.160694128467725, 25.292531198712396, 0.0 ], [ 110.160496417622625, 25.29289420922639, 0.0 ], [ 110.160595396965689, 25.293225346116717, 0.0 ], [ 110.16099464758895, 25.293405182236562, 0.0 ], [ 110.161393899415614, 25.293585017301425, 0.0 ], [ 110.16179315244554, 25.293764851311284, 0.0 ], [ 110.162192406678827, 25.293944684266101, 0.0 ], [ 110.162591662115489, 25.294124516165851, 0.0 ], [ 110.162885743660652, 25.293899517610619, 0.0 ], [ 110.163120880685327, 25.293555441414153, 0.0 ], [ 110.163356016364162, 25.293211364793013, 0.0 ], [ 110.163642960842409, 25.292789922338333, 0.0 ], [ 110.163368170914836, 25.292607463300758, 0.0 ], [ 110.162979406944515, 25.292409550848184, 0.0 ], [ 110.16259064425833, 25.29221163739787, 0.0 ], [ 110.162201882856266, 25.292013722949829, 0.0 ], [ 110.161813122738323, 25.291815807504101, 0.0 ] ] ] } },
{ "type": "Feature", "properties": { }, "geometry": { "type": "Polygon", "coordinates": [ [ [ 110.164179856684669, 25.293020672159095, 0.0 ], [ 110.163878581164639, 25.292867301099491, 0.0 ], [ 110.163651846800249, 25.293052141823306, 0.0 ], [ 110.163469628861932, 25.293318785060102, 0.0 ], [ 110.163287410115331, 25.293585428041876, 0.0 ], [ 110.163105190560515, 25.293852070768622, 0.0 ], [ 110.162849176195209, 25.294195999270141, 0.0 ], [ 110.163052315838868, 25.294332000864262, 0.0 ], [ 110.163361721474843, 25.294471360375546, 0.0 ], [ 110.163671127833425, 25.294610719253164, 0.0 ], [ 110.163980971373633, 25.294749232307236, 0.0 ], [ 110.16432033526479, 25.294768253741321, 0.0 ], [ 110.16460024218037, 25.294593534882306, 0.0 ], [ 110.164828823134485, 25.294358251330717, 0.0 ], [ 110.165057403203022, 25.294122967394937, 0.0 ], [ 110.165285982386038, 25.293887683074967, 0.0 ], [ 110.165379250229407, 25.293622119767186, 0.0 ], [ 110.16508966497112, 25.293470687324014, 0.0 ], [ 110.164783022669553, 25.293326405435078, 0.0 ], [ 110.164481132975894, 25.293174042619444, 0.0 ], [ 110.164179856684669, 25.293020672159095, 0.0 ] ] ] } },
{ "type": "Feature", "properties": { }, "geometry": { "type": "Polygon", "coordinates": [ [ [ 110.166099100952536, 25.289557871993896, 0.0 ], [ 110.165983210408911, 25.289513243023439, 0.0 ], [ 110.165704129923611, 25.289689200253648, 0.0 ], [ 110.165652146549334, 25.289793407506611, 0.0 ], [ 110.165600163083951, 25.289897614737537, 0.0 ], [ 110.165548179527562, 25.290001821946422, 0.0 ], [ 110.165496195880152, 25.29010602913327, 0.0 ], [ 110.165444212141608, 25.290210236298066, 0.0 ], [ 110.165392228312072, 25.290314443440838, 0.0 ], [ 110.165340244391501, 25.290418650561552, 0.0 ], [ 110.16528826037981, 25.290522857660235, 0.0 ], [ 110.165236276277128, 25.290627064736867, 0.0 ], [ 110.165184292083325, 25.290731271791454, 0.0 ], [ 110.165132307798544, 25.290835478824004, 0.0 ], [ 110.1650803234227, 25.290939685834513, 0.0 ], [ 110.165025099833258, 25.291042422335096, 0.0 ], [ 110.164958762884652, 25.291139661188744, 0.0 ], [ 110.164892345414032, 25.291236855178838, 0.0 ], [ 110.164825927836048, 25.291334049135052, 0.0 ], [ 110.164759510150674, 25.291431243057406, 0.0 ], [ 110.164693092357851, 25.291528436945867, 0.0 ], [ 110.164626674457722, 25.29162563080045, 0.0 ], [ 110.164560256450201, 25.291722824621171, 0.0 ], [ 110.164493838335247, 25.291820018408007, 0.0 ], [ 110.164427420112986, 25.291917212160964, 0.0 ], [ 110.16436100178332, 25.292014405880046, 0.0 ], [ 110.16429458334629, 25.292111599565246, 0.0 ], [ 110.164228164801813, 25.292208793216567, 0.0 ], [ 110.16416174615, 25.292305986834005, 0.0 ], [ 110.164095327390825, 25.292403180417576, 0.0 ], [ 110.164049481537816, 25.292502411649302, 0.0 ], [ 110.164239695051151, 25.292637328698728, 0.0 ], [ 110.164349511867613, 25.292693233394946, 0.0 ], [ 110.164459328786549, 25.292749138011551, 0.0 ], [ 110.164569145807945, 25.292805042548533, 0.0 ], [ 110.164678962931802, 25.292860947005895, 0.0 ], [ 110.164788780158119, 25.29291685138363, 0.0 ], [ 110.164898723286854, 25.292972550275763, 0.0 ], [ 110.165009375554575, 25.293027075294642, 0.0 ], [ 110.165120793873996, 25.293080295465284, 0.0 ], [ 110.165232960581335, 25.293132200196037, 0.0 ], [ 110.165345856401927, 25.293182781672886, 0.0 ], [ 110.165459462477031, 25.293232031387404, 0.0 ], [ 110.165573759899459, 25.293279940902654, 0.0 ], [ 110.165688731377017, 25.293326498383166, 0.0 ], [ 110.165939476155387, 25.29331253685929, 0.0 ], [ 110.166045414637239, 25.293253423337948, 0.0 ], [ 110.16615197797222, 25.293192551152995, 0.0 ], [ 110.166261206162218, 25.293135716809459, 0.0 ], [ 110.166372414234885, 25.293082134767701, 0.0 ], [ 110.166483772408299, 25.293028808868556, 0.0 ], [ 110.166595130486144, 25.292975482882465, 0.0 ], [ 110.16670648846852, 25.292922156809443, 0.0 ], [ 110.166817846355244, 25.292868830649471, 0.0 ], [ 110.166929204146413, 25.292815504402569, 0.0 ], [ 110.167040561842072, 25.292762178068724, 0.0 ], [ 110.16715191944219, 25.292708851647934, 0.0 ], [ 110.167262858788476, 25.292654823554233, 0.0 ], [ 110.167369141706416, 25.292593604073307, 0.0 ], [ 110.167468998055995, 25.292524014435763, 0.0 ], [ 110.167561633066342, 25.292446609138704, 0.0 ], [ 110.167646308086532, 25.292362003637233, 0.0 ], [ 110.167722347661964, 25.292270871157626, 0.0 ], [ 110.167789148792338, 25.292173939280715, 0.0 ], [ 110.167846178831752, 25.292071979292452, 0.0 ], [ 110.167892981004428, 25.291965802222371, 0.0 ], [ 110.167929185094209, 25.291856254783767, 0.0 ], [ 110.167954502775061, 25.291744209289501, 0.0 ], [ 110.167969632135737, 25.291630633865438, 0.0 ], [ 110.167982758059608, 25.291516834550141, 0.0 ], [ 110.167995883955754, 25.291403035231323, 0.0 ], [ 110.168009009824161, 25.291289235908973, 0.0 ], [ 110.168022100700028, 25.291175433292224, 0.0 ], [ 110.168033140606312, 25.291061454246254, 0.0 ], [ 110.168040947276836, 25.290947254466108, 0.0 ], [ 110.168045513804287, 25.290832909700388, 0.0 ], [ 110.16804684000472, 25.290718495943683, 0.0 ], [ 110.168044922487653, 25.290604089112865, 0.0 ], [ 110.168039764422886, 25.29048976513301, 0.0 ], [ 110.16800998665137, 25.290382421038768, 0.0 ], [ 110.167938899362142, 25.290287996957083, 0.0 ], [ 110.167837469565256, 25.290227295850908, 0.0 ], [ 110.167721577714431, 25.290182668217945, 0.0 ], [ 110.167605685950647, 25.290138040495819, 0.0 ], [ 110.167489794274104, 25.29009341268452, 0.0 ], [ 110.167373902684616, 25.290048784784055, 0.0 ], [ 110.167258011182369, 25.290004156794421, 0.0 ], [ 110.167142119767178, 25.289959528715613, 0.0 ], [ 110.167026228439212, 25.289914900547647, 0.0 ], [ 110.166910337198402, 25.2898702722905, 0.0 ], [ 110.166794446044662, 25.289825643944194, 0.0 ], [ 110.166678554978134, 25.289781015508726, 0.0 ], [ 110.16656266399869, 25.289736386984085, 0.0 ], [ 110.166446773106472, 25.289691758370282, 0.0 ], [ 110.16633088230131, 25.289647129667312, 0.0 ], [ 110.166214991583388, 25.289602500875183, 0.0 ], [ 110.166099100952536, 25.289557871993896, 0.0 ] ] ] } },
{ "type": "Feature", "properties": { }, "geometry": { "type": "Polygon", "coordinates": [ [ [ 110.169115944380252, 25.290719602981198, 0.0 ], [ 110.168981321649213, 25.290667764012895, 0.0 ], [ 110.168882893090768, 25.290900197208295, 0.0 ], [ 110.168845428373402, 25.291028613155685, 0.0 ], [ 110.168809323451057, 25.2911567717914, 0.0 ], [ 110.168750320400406, 25.2912782341566, 0.0 ], [ 110.168686236540864, 25.291352658509652, 0.0 ], [ 110.168593812547115, 25.291440101612341, 0.0 ], [ 110.168487071813615, 25.291530175600975, 0.0 ], [ 110.168389918080848, 25.291629003326051, 0.0 ], [ 110.1683376883459, 25.291751336114199, 0.0 ], [ 110.168373440397332, 25.291878121692218, 0.0 ], [ 110.168416009234363, 25.292005278551475, 0.0 ], [ 110.168458578156645, 25.292132435398528, 0.0 ], [ 110.168473224244934, 25.292263908371957, 0.0 ], [ 110.168002741679913, 25.292958610640518, 0.0 ], [ 110.167894786749969, 25.293048245574621, 0.0 ], [ 110.167773574865123, 25.293122474172346, 0.0 ], [ 110.16765266897518, 25.293197188249771, 0.0 ], [ 110.167533033172788, 25.293273590277966, 0.0 ], [ 110.167411200428916, 25.293346761398283, 0.0 ], [ 110.167294483985259, 25.293424821116226, 0.0 ], [ 110.167179277407897, 25.293506562697232, 0.0 ], [ 110.167061382943871, 25.29357088456036, 0.0 ], [ 110.166939160186061, 25.293635864201317, 0.0 ], [ 110.16683423736913, 25.29365970997479, 0.0 ], [ 110.166793181003527, 25.293760366841685, 0.0 ], [ 110.166925066447192, 25.293817723323112, 0.0 ], [ 110.167055233766234, 25.293878241223254, 0.0 ], [ 110.167185009588238, 25.293939455586809, 0.0 ], [ 110.167314785543141, 25.294000669838976, 0.0 ], [ 110.167444561630887, 25.294061883979758, 0.0 ], [ 110.167574337851619, 25.294123098009155, 0.0 ], [ 110.167704114205264, 25.294184311927161, 0.0 ], [ 110.167833890691824, 25.294245525733775, 0.0 ], [ 110.167963667311241, 25.294306739429004, 0.0 ], [ 110.168093444063629, 25.294367953012838, 0.0 ], [ 110.168223220948931, 25.294429166485276, 0.0 ], [ 110.168352997967176, 25.29449037984633, 0.0 ], [ 110.168482775118306, 25.294551593095981, 0.0 ], [ 110.16861255240228, 25.294612806234248, 0.0 ], [ 110.168742207894269, 25.294674231544466, 0.0 ], [ 110.168870261976309, 25.294738356348812, 0.0 ], [ 110.168994333896805, 25.294808621909173, 0.0 ], [ 110.169111913919551, 25.294887549879373, 0.0 ], [ 110.169442501086053, 25.294851036755254, 0.0 ], [ 110.169492534695323, 25.294726146275494, 0.0 ], [ 110.169542568198636, 25.294601255774065, 0.0 ], [ 110.169592601595951, 25.294476365250976, 0.0 ], [ 110.16964263488741, 25.294351474706218, 0.0 ], [ 110.16969384148706, 25.29422698885303, 0.0 ], [ 110.169755540201862, 25.294106541285874, 0.0 ], [ 110.169829303686612, 25.293991837818076, 0.0 ], [ 110.169914487507384, 25.293883872012444, 0.0 ], [ 110.170010352874442, 25.293783580923023, 0.0 ], [ 110.170111290299161, 25.293687424316513, 0.0 ], [ 110.170212227564491, 25.293591267635637, 0.0 ], [ 110.170312649171692, 25.293494672977602, 0.0 ], [ 110.170404374016158, 25.293391245896562, 0.0 ], [ 110.170483830717615, 25.293279743313882, 0.0 ], [ 110.170554701872632, 25.29316348906298, 0.0 ], [ 110.170625358320905, 25.293047125497537, 0.0 ], [ 110.170696014631915, 25.292930761893022, 0.0 ], [ 110.170766670805648, 25.292814398249423, 0.0 ], [ 110.170837326842204, 25.292698034566747, 0.0 ], [ 110.170907982741426, 25.292581670844989, 0.0 ], [ 110.170978638503385, 25.29246530708415, 0.0 ], [ 110.171049294128068, 25.292348943284235, 0.0 ], [ 110.171119949615516, 25.292232579445233, 0.0 ], [ 110.171190604965759, 25.292116215567173, 0.0 ], [ 110.171261260178696, 25.291999851650019, 0.0 ], [ 110.171331915254356, 25.291883487693799, 0.0 ], [ 110.171402464990237, 25.291767114873878, 0.0 ], [ 110.171269924067389, 25.291549010108493, 0.0 ], [ 110.171135299455102, 25.291497173065583, 0.0 ], [ 110.171000674960325, 25.291445335902331, 0.0 ], [ 110.170866050583186, 25.291393498618739, 0.0 ], [ 110.170731426323584, 25.291341661214801, 0.0 ], [ 110.170596802181606, 25.291289823690519, 0.0 ], [ 110.170462178157237, 25.291237986045903, 0.0 ], [ 110.170327554250349, 25.291186148280943, 0.0 ], [ 110.170192930461127, 25.291134310395648, 0.0 ], [ 110.1700583067895, 25.291082472390016, 0.0 ], [ 110.169923683235382, 25.29103063426404, 0.0 ], [ 110.169789059798902, 25.29097879601774, 0.0 ], [ 110.169654436480016, 25.290926957651095, 0.0 ], [ 110.16951981327864, 25.290875119164117, 0.0 ], [ 110.169385190194916, 25.290823280556815, 0.0 ], [ 110.169250567228787, 25.290771441829172, 0.0 ], [ 110.169115944380252, 25.290719602981198, 0.0 ] ] ] } },
{ "type": "Feature", "properties": { }, "geometry": { "type": "Polygon", "coordinates": [ [ [ 110.168533030885996, 25.294982150916081, 0.0 ], [ 110.168471844381628, 25.294953194995035, 0.0 ], [ 110.168424277410494, 25.294967460514755, 0.0 ], [ 110.168389310196517, 25.29502151642015, 0.0 ], [ 110.168354342950963, 25.295075572316058, 0.0 ], [ 110.168319375743806, 25.295129628239838, 0.0 ], [ 110.168188998345101, 25.295331180097858, 0.0 ], [ 110.168154031179398, 25.295385236078623, 0.0 ], [ 110.168119063975539, 25.295439292046424, 0.0 ], [ 110.168084096740259, 25.295493348004754, 0.0 ], [ 110.168049129473488, 25.29554740395362, 0.0 ], [ 110.16801416217514, 25.295601459893007, 0.0 ], [ 110.167979194845373, 25.295655515822936, 0.0 ], [ 110.167944227484099, 25.295709571743384, 0.0 ], [ 110.167909260091335, 25.295763627654367, 0.0 ], [ 110.167874292667065, 25.295817683555875, 0.0 ], [ 110.167839325211219, 25.295871739447914, 0.0 ], [ 110.167804357723952, 25.295925795330479, 0.0 ], [ 110.167790790461666, 25.296044174613151, 0.0 ], [ 110.167800150188626, 25.296106304805967, 0.0 ], [ 110.167809509924098, 25.296168434997927, 0.0 ], [ 110.167818869668153, 25.296230565189006, 0.0 ], [ 110.167828229420806, 25.296292695379222, 0.0 ], [ 110.167837589182113, 25.296354825568564, 0.0 ], [ 110.167846948952004, 25.296416955757039, 0.0 ], [ 110.167856308730407, 25.29647908594465, 0.0 ], [ 110.167865668517408, 25.296541216131381, 0.0 ], [ 110.167875028313063, 25.296603346317259, 0.0 ], [ 110.167887218662159, 25.296665023218157, 0.0 ], [ 110.167928237063208, 25.296700439629127, 0.0 ], [ 110.167996547982938, 25.296709161655844, 0.0 ], [ 110.16806296559885, 25.296725986254714, 0.0 ], [ 110.168123294480594, 25.296756309067231, 0.0 ], [ 110.16816898342077, 25.296800986429744, 0.0 ], [ 110.16820639561594, 25.29685367245893, 0.0 ], [ 110.168244360218651, 25.29690603046177, 0.0 ], [ 110.168282396117945, 25.296958346136279, 0.0 ], [ 110.168305756663145, 25.297015422611409, 0.0 ], [ 110.168312746049608, 25.29707781001952, 0.0 ], [ 110.168343199061653, 25.297187134269365, 0.0 ], [ 110.168411063438555, 25.297175893340484, 0.0 ], [ 110.16847892780396, 25.297164652380033, 0.0 ], [ 110.168546792157684, 25.297153411388006, 0.0 ], [ 110.168614656499756, 25.297142170364431, 0.0 ], [ 110.168682520830373, 25.297130929309276, 0.0 ], [ 110.168750385149337, 25.297119688222566, 0.0 ], [ 110.168818249456692, 25.297108447104286, 0.0 ], [ 110.168886113752393, 25.297097205954433, 0.0 ], [ 110.168953978036555, 25.297085964773029, 0.0 ], [ 110.169021839624207, 25.297074710228308, 0.0 ], [ 110.169089569281169, 25.297062820490662, 0.0 ], [ 110.16915708116646, 25.297049947851804, 0.0 ], [ 110.169224358471496, 25.297036097413987, 0.0 ], [ 110.169291383788675, 25.297021271682002, 0.0 ], [ 110.169358140172235, 25.297005474979983, 0.0 ], [ 110.169424610478188, 25.296988710934503, 0.0 ], [ 110.169490777768814, 25.296970983898959, 0.0 ], [ 110.169556590001733, 25.296952199730388, 0.0 ], [ 110.169671021117679, 25.296838766202409, 0.0 ], [ 110.169709371537508, 25.296680834024684, 0.0 ], [ 110.169684133188568, 25.296622604327247, 0.0 ], [ 110.169658537430863, 25.296564370948307, 0.0 ], [ 110.169632941696932, 25.296506137565089, 0.0 ], [ 110.16960734598679, 25.296447904177587, 0.0 ], [ 110.169581750300409, 25.296389670785821, 0.0 ], [ 110.169556154637689, 25.296331437389764, 0.0 ], [ 110.169530558998716, 25.29627320398944, 0.0 ], [ 110.169504963383559, 25.296214970584831, 0.0 ], [ 110.169479367792121, 25.296156737175952, 0.0 ], [ 110.169453772224387, 25.296098503762781, 0.0 ], [ 110.16942817668037, 25.29604027034534, 0.0 ], [ 110.169402581160185, 25.295982036923625, 0.0 ], [ 110.169376985663718, 25.295923803497633, 0.0 ], [ 110.16935139019094, 25.295865570067352, 0.0 ], [ 110.169325795093329, 25.295807336508965, 0.0 ], [ 110.16930008928297, 25.295749143370269, 0.0 ], [ 110.169273802471366, 25.295691165593652, 0.0 ], [ 110.169246364341291, 25.295633631343392, 0.0 ], [ 110.16921717469674, 25.295576815572733, 0.0 ], [ 110.169185605260836, 25.295521063871618, 0.0 ], [ 110.169151056529358, 25.295466794500076, 0.0 ], [ 110.16911337280213, 25.295414277816281, 0.0 ], [ 110.169072657166609, 25.295363666032515, 0.0 ], [ 110.169029025836949, 25.295315103688218, 0.0 ], [ 110.16898260357415, 25.295268729281656, 0.0 ], [ 110.168933521452118, 25.295224676588546, 0.0 ], [ 110.168881921370442, 25.295183069936364, 0.0 ], [ 110.168827950521333, 25.295144028144893, 0.0 ], [ 110.168771767857152, 25.295107656163367, 0.0 ], [ 110.168713709631419, 25.295073801425396, 0.0 ], [ 110.168654292034859, 25.295041951277415, 0.0 ], [ 110.168593947424824, 25.29501157274246, 0.0 ], [ 110.168533030885996, 25.294982150916081, 0.0 ] ] ] } },
{ "type": "Feature", "properties": { }, "geometry": { "type": "Polygon", "coordinates": [ [ [ 110.172109952802302, 25.291872458439752, 0.0 ], [ 110.171690856316005, 25.291757120477424, 0.0 ], [ 110.171556462261847, 25.291812517320093, 0.0 ], [ 110.17148336181576, 25.291932909060773, 0.0 ], [ 110.171410261262338, 25.292053300779529, 0.0 ], [ 110.171337160562075, 25.292173692456451, 0.0 ], [ 110.171264059714801, 25.292294084091544, 0.0 ], [ 110.171190958720615, 25.292414475684815, 0.0 ], [ 110.171117857579503, 25.292534867236256, 0.0 ], [ 110.17104475629155, 25.292655258745867, 0.0 ], [ 110.170971654856586, 25.292775650213645, 0.0 ], [ 110.170898553274753, 25.292896041639594, 0.0 ], [ 110.170825451545937, 25.293016433023713, 0.0 ], [ 110.170752349670181, 25.293136824365991, 0.0 ], [ 110.170679247647499, 25.293257215666443, 0.0 ], [ 110.170605100650405, 25.293377066287785, 0.0 ], [ 110.170520759507141, 25.293491158000389, 0.0 ], [ 110.170424728627225, 25.293597338478069, 0.0 ], [ 110.170320675581451, 25.293697145763904, 0.0 ], [ 110.170216244386054, 25.293796630615692, 0.0 ], [ 110.17011191177015, 25.293896200274951, 0.0 ], [ 110.170015144188369, 25.2940018102213, 0.0 ], [ 110.169931371028795, 25.294116232220418, 0.0 ], [ 110.16986155704727, 25.294238151619588, 0.0 ], [ 110.169805896581238, 25.294365971199475, 0.0 ], [ 110.169754131632629, 25.294495184620761, 0.0 ], [ 110.169702366570604, 25.294624398018851, 0.0 ], [ 110.169650601395119, 25.294753611393737, 0.0 ], [ 110.169598836106388, 25.294882824745446, 0.0 ], [ 110.169547070704169, 25.295012038073967, 0.0 ], [ 110.169499037742668, 25.295141639458731, 0.0 ], [ 110.169567168367394, 25.295405684274169, 0.0 ], [ 110.169630296099271, 25.295530631880801, 0.0 ], [ 110.169687768214203, 25.295657832200817, 0.0 ], [ 110.16974389988097, 25.295785530121105, 0.0 ], [ 110.16980002810476, 25.295913229323773, 0.0 ], [ 110.169856156442719, 25.296040928505871, 0.0 ], [ 110.16991228489492, 25.296168627667395, 0.0 ], [ 110.16996841346122, 25.296296326808353, 0.0 ], [ 110.170024542141775, 25.29642402592874, 0.0 ], [ 110.170091085519971, 25.296542588835951, 0.0 ], [ 110.170229465553405, 25.296598132947242, 0.0 ], [ 110.170367810621798, 25.296646745209337, 0.0 ], [ 110.170505622315844, 25.29659004520936, 0.0 ], [ 110.170643433835053, 25.296533344976897, 0.0 ], [ 110.17078124522908, 25.296476644611971, 0.0 ], [ 110.170919056498093, 25.296419944114582, 0.0 ], [ 110.172104194241285, 25.295388299745174, 0.0 ], [ 110.172202852487715, 25.295284057512347, 0.0 ], [ 110.172301510564608, 25.295179815207806, 0.0 ], [ 110.172401450200951, 25.295076590471918, 0.0 ], [ 110.172501675498495, 25.29497359574961, 0.0 ], [ 110.172596372896251, 25.294866360760533, 0.0 ], [ 110.17269198254813, 25.294759811457688, 0.0 ], [ 110.1727900303935, 25.294655094695653, 0.0 ], [ 110.172888078104364, 25.294550377889603, 0.0 ], [ 110.172986125667123, 25.294445661028998, 0.0 ], [ 110.173095164120724, 25.294350377277162, 0.0 ], [ 110.173204523417226, 25.294255368951479, 0.0 ], [ 110.173313882375865, 25.294160360379767, 0.0 ], [ 110.173423241114989, 25.294065351674529, 0.0 ], [ 110.173534956572638, 25.293972677131705, 0.0 ], [ 110.173648424601211, 25.293881738401009, 0.0 ], [ 110.173761892332152, 25.293790799444626, 0.0 ], [ 110.173875359612936, 25.293699860105395, 0.0 ], [ 110.173989072257044, 25.293609185859498, 0.0 ], [ 110.174191819310693, 25.293417625857295, 0.0 ], [ 110.17416734580695, 25.293288730016723, 0.0 ], [ 110.174107618994583, 25.293162387447385, 0.0 ], [ 110.174047892302923, 25.293036044854837, 0.0 ], [ 110.173988165731672, 25.292909702239086, 0.0 ], [ 110.173927925443706, 25.29278356713041, 0.0 ], [ 110.173851303326416, 25.292665212511199, 0.0 ], [ 110.173752700578575, 25.292561171751135, 0.0 ], [ 110.173635276470606, 25.292474777111803, 0.0 ], [ 110.173502790453796, 25.292408799775348, 0.0 ], [ 110.173363524434635, 25.292355127301985, 0.0 ], [ 110.173224238194351, 25.292301497943726, 0.0 ], [ 110.173084952079847, 25.292247868456634, 0.0 ], [ 110.172945666091209, 25.292194238840715, 0.0 ], [ 110.172806380228408, 25.292140609095956, 0.0 ], [ 110.172667094491487, 25.292086979222372, 0.0 ], [ 110.172527808880403, 25.29203334921996, 0.0 ], [ 110.172388523395171, 25.291979719088726, 0.0 ], [ 110.172249238035803, 25.291926088828649, 0.0 ], [ 110.172109952802302, 25.291872458439752, 0.0 ] ] ] } },
{ "type": "Feature", "properties": { }, "geometry": { "type": "Polygon", "coordinates": [ [ [ 110.175363346972986, 25.289855326979954, 0.0 ], [ 110.175248689135316, 25.289777104672467, 0.0 ], [ 110.175130482413763, 25.289703377798709, 0.0 ], [ 110.175008939361248, 25.289634280032232, 0.0 ], [ 110.174884279603887, 25.289569935266385, 0.0 ], [ 110.174757221719787, 25.289509574761027, 0.0 ], [ 110.174629936308932, 25.289449608058099, 0.0 ], [ 110.174502651025747, 25.289389641248011, 0.0 ], [ 110.174375365870148, 25.289329674330748, 0.0 ], [ 110.17424808084229, 25.289269707306328, 0.0 ], [ 110.174078759398981, 25.289400132744046, 0.0 ], [ 110.174011003471435, 25.289514992302358, 0.0 ], [ 110.173943247413789, 25.289629851824554, 0.0 ], [ 110.173875491226127, 25.28974471131064, 0.0 ], [ 110.173800986626105, 25.289838672420874, 0.0 ], [ 110.173675689822545, 25.289775338161935, 0.0 ], [ 110.173550393151487, 25.289712003799295, 0.0 ], [ 110.173425096612718, 25.289648669332969, 0.0 ], [ 110.173299800206507, 25.289585334762958, 0.0 ], [ 110.173174503932671, 25.289522000089253, 0.0 ], [ 110.173049207791323, 25.289458665311866, 0.0 ], [ 110.172958188101759, 25.289503907004491, 0.0 ], [ 110.172888907814979, 25.289618012475785, 0.0 ], [ 110.17281962739618, 25.289732117909494, 0.0 ], [ 110.172750346845419, 25.289846223305645, 0.0 ], [ 110.17268106616271, 25.289960328664236, 0.0 ], [ 110.172611785348025, 25.290074433985264, 0.0 ], [ 110.172542504401392, 25.29018853926873, 0.0 ], [ 110.172473223322797, 25.290302644514629, 0.0 ], [ 110.172403942112325, 25.290416749722965, 0.0 ], [ 110.172334660769792, 25.290530854893738, 0.0 ], [ 110.172265379295325, 25.290644960026938, 0.0 ], [ 110.172196097688882, 25.290759065122579, 0.0 ], [ 110.172126815950463, 25.290873170180642, 0.0 ], [ 110.172057534080096, 25.290987275201147, 0.0 ], [ 110.171988252077824, 25.291101380184088, 0.0 ], [ 110.171918969943519, 25.291215485129449, 0.0 ], [ 110.171864757178227, 25.291330869691368, 0.0 ], [ 110.172003500918549, 25.291537393671213, 0.0 ], [ 110.172135512041535, 25.291588223464675, 0.0 ], [ 110.17226752327764, 25.291639053142422, 0.0 ], [ 110.17239953462672, 25.291689882704443, 0.0 ], [ 110.172531546088948, 25.291740712150741, 0.0 ], [ 110.172663557664151, 25.291791541481313, 0.0 ], [ 110.172795569352459, 25.291842370696173, 0.0 ], [ 110.172927581153829, 25.2918931997953, 0.0 ], [ 110.173059593068174, 25.291944028778698, 0.0 ], [ 110.173191605095653, 25.291994857646376, 0.0 ], [ 110.173323617236179, 25.292045686398332, 0.0 ], [ 110.173455629489666, 25.292096515034551, 0.0 ], [ 110.17358764185623, 25.292147343555047, 0.0 ], [ 110.173717059804531, 25.292203244998479, 0.0 ], [ 110.173837892954509, 25.292273226630876, 0.0 ], [ 110.173948135664901, 25.292356413417195, 0.0 ], [ 110.174046053772869, 25.292451494876236, 0.0 ], [ 110.174130099881054, 25.292556978333632, 0.0 ], [ 110.174198955547141, 25.292671199103527, 0.0 ], [ 110.174256122118422, 25.292790718826836, 0.0 ], [ 110.174312729750497, 25.292910463573765, 0.0 ], [ 110.174369337490859, 25.293030208299854, 0.0 ], [ 110.174425945339507, 25.293149953005095, 0.0 ], [ 110.174528334627013, 25.293215324048809, 0.0 ], [ 110.174640098810912, 25.293133694571591, 0.0 ], [ 110.174751862846108, 25.293052065005007, 0.0 ], [ 110.17486444368248, 25.292971373901398, 0.0 ], [ 110.174977519711689, 25.292891251778727, 0.0 ], [ 110.175090595564598, 25.292811129531142, 0.0 ], [ 110.175203671104896, 25.292731006999968, 0.0 ], [ 110.175316746497728, 25.292650884377501, 0.0 ], [ 110.175431211906599, 25.292572423461543, 0.0 ], [ 110.175546346143875, 25.292494762141487, 0.0 ], [ 110.175661605573566, 25.292417255080107, 0.0 ], [ 110.175777150521611, 25.292340099717393, 0.0 ], [ 110.175892695324748, 25.292262944259665, 0.0 ], [ 110.176009688116395, 25.292187640810088, 0.0 ], [ 110.176127816379648, 25.292113789665876, 0.0 ], [ 110.176252331609533, 25.292049605485659, 0.0 ], [ 110.176379533279714, 25.291989487385447, 0.0 ], [ 110.176510645746333, 25.291936880388775, 0.0 ], [ 110.176616706366545, 25.291875013091811, 0.0 ], [ 110.176702285929011, 25.291674696921199, 0.0 ], [ 110.176641315414273, 25.29155673595708, 0.0 ], [ 110.176580345014841, 25.291438774968853, 0.0 ], [ 110.176519374730773, 25.291320813956517, 0.0 ], [ 110.176458404561899, 25.291202852920087, 0.0 ], [ 110.176397434508345, 25.291084891859544, 0.0 ], [ 110.176336464570127, 25.290966930774903, 0.0 ], [ 110.176272838138658, 25.290850145971625, 0.0 ], [ 110.176203816783158, 25.290735921642455, 0.0 ], [ 110.176129523967788, 25.290624464142599, 0.0 ], [ 110.176050093333018, 25.290515974609768, 0.0 ], [ 110.175965666784506, 25.290410649587823, 0.0 ], [ 110.175876398698932, 25.290308677651112, 0.0 ], [ 110.175782449098278, 25.290210243309549, 0.0 ], [ 110.175683987658758, 25.290115523871929, 0.0 ], [ 110.175581192194926, 25.290024689859933, 0.0 ], [ 110.175474247554533, 25.289937905537819, 0.0 ], [ 110.175363346972986, 25.289855326979954, 0.0 ] ] ] } },
{ "type": "Feature", "properties": { }, "geometry": { "type": "Polygon", "coordinates": [ [ [ 110.172359946285894, 25.287975027686677, 0.0 ], [ 110.172273121035161, 25.28793182496041, 0.0 ], [ 110.172246249112874, 25.28799638498764, 0.0 ], [ 110.172319082874168, 25.288057325750323, 0.0 ], [ 110.172391916933194, 25.288118266256298, 0.0 ], [ 110.172464750956834, 25.288179206834766, 0.0 ], [ 110.172547973435144, 25.288227211802024, 0.0 ], [ 110.172634001406664, 25.288271723419129, 0.0 ], [ 110.172720029442118, 25.288316234987377, 0.0 ], [ 110.172806057541493, 25.288360746506775, 0.0 ], [ 110.172892092650528, 25.288405246872259, 0.0 ], [ 110.172956670161682, 25.288378859709802, 0.0 ], [ 110.173005448462163, 25.288300553669348, 0.0 ], [ 110.172887932700633, 25.28822208315859, 0.0 ], [ 110.172800691219521, 25.288179568641343, 0.0 ], [ 110.172713398634698, 25.288137141255262, 0.0 ], [ 110.172625783524026, 25.288095266741589, 0.0 ], [ 110.172537787800763, 25.288054077579908, 0.0 ], [ 110.17244866651869, 25.288014918694966, 0.0 ], [ 110.172359946285894, 25.287975027686677, 0.0 ] ] ] } },
{ "type": "Feature", "properties": { }, "geometry": { "type": "Polygon", "coordinates": [ [ [ 110.178771206010765, 25.290786395969107, 0.0 ], [ 110.178821609370274, 25.290728176898995, 0.0 ], [ 110.178870168505028, 25.290668676238223, 0.0 ], [ 110.178916797434368, 25.290607912964646, 0.0 ], [ 110.178961500365972, 25.290545965070642, 0.0 ], [ 110.179004211168234, 25.290482866045419, 0.0 ], [ 110.179044934158227, 25.290418689771933, 0.0 ], [ 110.179083578212683, 25.290353459390147, 0.0 ], [ 110.179120901861481, 25.290287593859492, 0.0 ], [ 110.179158193368849, 25.290221713216532, 0.0 ], [ 110.179195484835049, 25.290155832562554, 0.0 ], [ 110.179232776260235, 25.290089951897546, 0.0 ], [ 110.179134244568985, 25.290034578952234, 0.0 ], [ 110.179054241565638, 25.290020455498787, 0.0 ], [ 110.178974238582171, 25.290006332002395, 0.0 ], [ 110.178894235618515, 25.289992208463037, 0.0 ], [ 110.178814232674725, 25.289978084880723, 0.0 ], [ 110.178734229750603, 25.289963961255452, 0.0 ], [ 110.178654226846419, 25.28994983758723, 0.0 ], [ 110.178574223961888, 25.289935713876055, 0.0 ], [ 110.178494221097324, 25.289921590121924, 0.0 ], [ 110.178414218252485, 25.289907466324834, 0.0 ], [ 110.178334215427441, 25.289893342484781, 0.0 ], [ 110.178254212622207, 25.289879218601786, 0.0 ], [ 110.178174209836769, 25.289865094675832, 0.0 ], [ 110.17809420707114, 25.289850970706926, 0.0 ], [ 110.178014204325322, 25.28983684669506, 0.0 ], [ 110.177934201599314, 25.289822722640242, 0.0 ], [ 110.177854198893101, 25.289808598542464, 0.0 ], [ 110.177774196206698, 25.289794474401742, 0.0 ], [ 110.177704095562405, 25.289811265476622, 0.0 ], [ 110.17764866916032, 25.289865537365259, 0.0 ], [ 110.177594522635985, 25.289920912476504, 0.0 ], [ 110.177529986225792, 25.289961266525118, 0.0 ], [ 110.177290785880103, 25.289955378028026, 0.0 ], [ 110.177213366504319, 25.289932739878175, 0.0 ], [ 110.177136543647578, 25.289908007813672, 0.0 ], [ 110.177058095608459, 25.289890009889142, 0.0 ], [ 110.176976940375468, 25.28988322942206, 0.0 ], [ 110.176895786726888, 25.289877963396854, 0.0 ], [ 110.176814645743534, 25.289884883324703, 0.0 ], [ 110.176733504752363, 25.289891803207688, 0.0 ], [ 110.176582494539346, 25.289931339459361, 0.0 ], [ 110.176508473330358, 25.28995994258603, 0.0 ], [ 110.176437339249404, 25.289996100103142, 0.0 ], [ 110.17636615720788, 25.290032179507708, 0.0 ], [ 110.176294954984101, 25.290068226060164, 0.0 ], [ 110.176242695472425, 25.290123830036531, 0.0 ], [ 110.17624947828223, 25.290181272982149, 0.0 ], [ 110.176261608588405, 25.29043196837365, 0.0 ], [ 110.176269688742465, 25.29048901731753, 0.0 ], [ 110.176313574349891, 25.290551447794687, 0.0 ], [ 110.176355895170289, 25.290614764847316, 0.0 ], [ 110.176396628562443, 25.290678936843527, 0.0 ], [ 110.176435716481492, 25.290743949200767, 0.0 ], [ 110.176473170660643, 25.290809751492404, 0.0 ], [ 110.176508977670338, 25.290876307384913, 0.0 ], [ 110.176617872791198, 25.290804054154673, 0.0 ], [ 110.176675097120963, 25.290751298854723, 0.0 ], [ 110.176732817858863, 25.290784019884324, 0.0 ], [ 110.176790651790952, 25.290836222865895, 0.0 ], [ 110.176848485772524, 25.290888425825653, 0.0 ], [ 110.176906319803706, 25.290940628763629, 0.0 ], [ 110.176964153884413, 25.290992831679802, 0.0 ], [ 110.177021988014602, 25.291045034574168, 0.0 ], [ 110.177079822194472, 25.291097237446742, 0.0 ], [ 110.177137656423668, 25.291149440297517, 0.0 ], [ 110.177195490702545, 25.291201643126488, 0.0 ], [ 110.177253325030975, 25.291253845933664, 0.0 ], [ 110.177311159408944, 25.291306048719036, 0.0 ], [ 110.177368993836382, 25.29135825148262, 0.0 ], [ 110.177426828313443, 25.291410454224394, 0.0 ], [ 110.177484662839959, 25.291462656944379, 0.0 ], [ 110.177542497416155, 25.29151485964255, 0.0 ], [ 110.177600507290123, 25.291566196566201, 0.0 ], [ 110.177674994699871, 25.291536132025779, 0.0 ], [ 110.17774940770822, 25.291505916760823, 0.0 ], [ 110.17782303819024, 25.291474161893881, 0.0 ], [ 110.177895622412223, 25.291440475084499, 0.0 ], [ 110.177967119033937, 25.291404918375424, 0.0 ], [ 110.178037454452706, 25.291367496223614, 0.0 ], [ 110.17810657811529, 25.291328252622836, 0.0 ], [ 110.178174435816501, 25.291287223258372, 0.0 ], [ 110.17824096930606, 25.29124443829841, 0.0 ], [ 110.178306100321763, 25.29119990549, 0.0 ], [ 110.178369811616406, 25.291153706451894, 0.0 ], [ 110.178432011297488, 25.291105835393477, 0.0 ], [ 110.178492688252547, 25.291056375786379, 0.0 ], [ 110.178551779480372, 25.291005353452338, 0.0 ], [ 110.178609206574876, 25.290952784048411, 0.0 ], [ 110.178664959850352, 25.290898746182883, 0.0 ], [ 110.178718974469334, 25.290843267828482, 0.0 ], [ 110.178771206010765, 25.290786395969107, 0.0 ] ] ] } },
{ "type": "Feature", "properties": { }, "geometry": { "type": "Polygon", "coordinates": [ [ [ 110.186912555020356, 25.289718525180366, 0.0 ], [ 110.186990801452268, 25.289562492761089, 0.0 ], [ 110.187069047679216, 25.28940646029206, 0.0 ], [ 110.187147293701045, 25.289250427773286, 0.0 ], [ 110.187225539517939, 25.289094395204771, 0.0 ], [ 110.187303785129714, 25.28893836258651, 0.0 ], [ 110.187382030536469, 25.288782329918497, 0.0 ], [ 110.187460275738275, 25.288626297200757, 0.0 ], [ 110.187538520734975, 25.288470264433272, 0.0 ], [ 110.187616765526656, 25.288314231616042, 0.0 ], [ 110.187695010113401, 25.288158198749077, 0.0 ], [ 110.187773254495042, 25.288002165832374, 0.0 ], [ 110.187898396171818, 25.287802694591687, 0.0 ], [ 110.187657913828019, 25.287793655874228, 0.0 ], [ 110.187469760414373, 25.287781620059594, 0.0 ], [ 110.187281607045065, 25.287769584005868, 0.0 ], [ 110.187093453720053, 25.287757547713042, 0.0 ], [ 110.186905300439278, 25.287745511181122, 0.0 ], [ 110.186717147202927, 25.287733474410107, 0.0 ], [ 110.186528994010885, 25.287721437399991, 0.0 ], [ 110.186340840863167, 25.287709400150796, 0.0 ], [ 110.186152687759716, 25.287697362662495, 0.0 ], [ 110.185964534700659, 25.287685324935104, 0.0 ], [ 110.18577638168594, 25.287673286968619, 0.0 ], [ 110.185588228715488, 25.287661248763047, 0.0 ], [ 110.185400075789502, 25.287649210318374, 0.0 ], [ 110.185211922907726, 25.287637171634618, 0.0 ], [ 110.185023770070373, 25.287625132711767, 0.0 ], [ 110.184835617277358, 25.287613093549822, 0.0 ], [ 110.184647464528624, 25.287601054148794, 0.0 ], [ 110.184459311824384, 25.287589014508672, 0.0 ], [ 110.184271159164339, 25.287576974629463, 0.0 ], [ 110.184083006548747, 25.287564934511163, 0.0 ], [ 110.183894853977492, 25.287552894153773, 0.0 ], [ 110.183706701450518, 25.287540853557296, 0.0 ], [ 110.183518548968067, 25.287528812721732, 0.0 ], [ 110.183330396529826, 25.287516771647077, 0.0 ], [ 110.183142244136036, 25.287504730333335, 0.0 ], [ 110.182954091786613, 25.287492688780514, 0.0 ], [ 110.182765939481484, 25.287480646988595, 0.0 ], [ 110.182577787220794, 25.287468604957599, 0.0 ], [ 110.182389635004498, 25.287456562687517, 0.0 ], [ 110.182201482832568, 25.287444520178351, 0.0 ], [ 110.182013330705033, 25.287432477430094, 0.0 ], [ 110.181825178621807, 25.287420434442755, 0.0 ], [ 110.181637026583104, 25.287408391216335, 0.0 ], [ 110.18144887458871, 25.287396347750835, 0.0 ], [ 110.18126072263864, 25.287384304046242, 0.0 ], [ 110.181086311106895, 25.287393098118066, 0.0 ], [ 110.181005778639175, 25.287548154619916, 0.0 ], [ 110.180920031668563, 25.287700891284679, 0.0 ], [ 110.180833726316891, 25.28785337009084, 0.0 ], [ 110.180747420745035, 25.288005848837983, 0.0 ], [ 110.180661114953068, 25.288158327526109, 0.0 ], [ 110.180574808940975, 25.288310806155224, 0.0 ], [ 110.18048850270884, 25.28846328472531, 0.0 ], [ 110.180402196256523, 25.288615763236379, 0.0 ], [ 110.18031588958408, 25.288768241688437, 0.0 ], [ 110.18022958269151, 25.288920720081467, 0.0 ], [ 110.180143275578871, 25.28907319841548, 0.0 ], [ 110.180056968246049, 25.289225676690471, 0.0 ], [ 110.18013982757698, 25.289283022138992, 0.0 ], [ 110.181199294337901, 25.289336706043006, 0.0 ], [ 110.181384763629111, 25.289367921957876, 0.0 ], [ 110.181570233033042, 25.289399137587989, 0.0 ], [ 110.181755702544109, 25.289430352960704, 0.0 ], [ 110.181941594543588, 25.289459384884665, 0.0 ], [ 110.182127648423219, 25.289487580345359, 0.0 ], [ 110.182313702307511, 25.289515776055786, 0.0 ], [ 110.182499420742275, 25.289545696719294, 0.0 ], [ 110.182684828211848, 25.28957721651545, 0.0 ], [ 110.18287023565118, 25.289608736726791, 0.0 ], [ 110.183055643310624, 25.289640256136487, 0.0 ], [ 110.18324031159824, 25.289674631682018, 0.0 ], [ 110.183797205721945, 25.289656441207342, 0.0 ], [ 110.183984993733688, 25.289641104656244, 0.0 ], [ 110.184162098480385, 25.28968652905958, 0.0 ], [ 110.184331540262122, 25.289753731871528, 0.0 ], [ 110.184514736442111, 25.289794360704526, 0.0 ], [ 110.184699764929491, 25.289827672477866, 0.0 ], [ 110.184886572385793, 25.289851234176005, 0.0 ], [ 110.185073200037749, 25.289875847083895, 0.0 ], [ 110.185258640045674, 25.289907211214025, 0.0 ], [ 110.185443197757195, 25.289942462700026, 0.0 ], [ 110.185627146571832, 25.289980397186085, 0.0 ], [ 110.185810500061066, 25.290020641818035, 0.0 ], [ 110.185993285326404, 25.290062885781875, 0.0 ], [ 110.186175077794175, 25.290108612640406, 0.0 ], [ 110.186356801608, 25.290154560192544, 0.0 ], [ 110.186677815044931, 25.290186622367973, 0.0 ], [ 110.186756061907616, 25.290030590021512, 0.0 ], [ 110.186834308565238, 25.289874557625303, 0.0 ], [ 110.186912555020356, 25.289718525180366, 0.0 ] ] ] } },
{ "type": "Feature", "properties": { }, "geometry": { "type": "Polygon", "coordinates": [ [ [ 110.181635178315275, 25.288035962552176, 0.0 ], [ 110.181635081896445, 25.287774990087382, 0.0 ], [ 110.181006934285605, 25.288392905234893, 0.0 ], [ 110.18100092418689, 25.288712012144519, 0.0 ], [ 110.180943597492714, 25.289019959925959, 0.0 ], [ 110.181228157269274, 25.288975293466731, 0.0 ], [ 110.181364334544369, 25.288662365896844, 0.0 ], [ 110.181497265014386, 25.288348272426937, 0.0 ], [ 110.181635178315275, 25.288035962552176, 0.0 ] ] ] } },
{ "type": "Feature", "properties": { }, "geometry": { "type": "Polygon", "coordinates": [ [ [ 110.194142713432555, 25.288968468668337, 0.0 ], [ 110.194161842162799, 25.288792075655564, 0.0 ], [ 110.194180970830161, 25.288615682634777, 0.0 ], [ 110.194200099434653, 25.288439289605979, 0.0 ], [ 110.194262724241284, 25.288251854606557, 0.0 ], [ 110.194077562928044, 25.288204162243872, 0.0 ], [ 110.193883083164167, 25.288191730208023, 0.0 ], [ 110.193688603447555, 25.288179297916717, 0.0 ], [ 110.193494123778265, 25.288166865369956, 0.0 ], [ 110.19329964415617, 25.28815443256774, 0.0 ], [ 110.193105164581326, 25.288141999510074, 0.0 ], [ 110.192910685053775, 25.28812956619695, 0.0 ], [ 110.19271620557349, 25.288117132628379, 0.0 ], [ 110.192521726140541, 25.288104698804354, 0.0 ], [ 110.1923272467548, 25.288092264724874, 0.0 ], [ 110.192132767416339, 25.288079830389943, 0.0 ], [ 110.191942089708547, 25.288071360865317, 0.0 ], [ 110.19192909461475, 25.288248214847144, 0.0 ], [ 110.191916099475549, 25.288425068822704, 0.0 ], [ 110.191903104291171, 25.28860192279199, 0.0 ], [ 110.191890109061319, 25.288778776754999, 0.0 ], [ 110.1917435673451, 25.288816849402242, 0.0 ], [ 110.191549038735587, 25.288805053867375, 0.0 ], [ 110.19135451017128, 25.288793258076865, 0.0 ], [ 110.191159981652305, 25.28878146203073, 0.0 ], [ 110.190965453178677, 25.288769665728953, 0.0 ], [ 110.190519233058438, 25.288625061184682, 0.0 ], [ 110.190532300817381, 25.288448211685758, 0.0 ], [ 110.190545368530778, 25.288271362180538, 0.0 ], [ 110.190558436198714, 25.288094512669034, 0.0 ], [ 110.190498689205683, 25.287975345007563, 0.0 ], [ 110.190304210308312, 25.287962908317546, 0.0 ], [ 110.190109731458179, 25.287950471372078, 0.0 ], [ 110.189915252655354, 25.287938034171159, 0.0 ], [ 110.189720773899907, 25.287925596714796, 0.0 ], [ 110.189526295191797, 25.287913159002994, 0.0 ], [ 110.18933181653091, 25.287900721035736, 0.0 ], [ 110.189137337917415, 25.287888282813039, 0.0 ], [ 110.188942859351258, 25.287875844334891, 0.0 ], [ 110.188748380832337, 25.287863405601307, 0.0 ], [ 110.188553902360752, 25.287850966612275, 0.0 ], [ 110.18835942393649, 25.2878385273678, 0.0 ], [ 110.188240258751648, 25.287941251152301, 0.0 ], [ 110.188159384870545, 25.288102529420922, 0.0 ], [ 110.188078510770353, 25.288263807636408, 0.0 ], [ 110.187997636451186, 25.28842508579876, 0.0 ], [ 110.187916761913016, 25.288586363907974, 0.0 ], [ 110.187835887155785, 25.288747641964058, 0.0 ], [ 110.187755012179451, 25.288908919966989, 0.0 ], [ 110.187674136984171, 25.289070197916786, 0.0 ], [ 110.18759326156983, 25.289231475813445, 0.0 ], [ 110.187512385513969, 25.289392753481852, 0.0 ], [ 110.187747952747159, 25.289629504324058, 0.0 ], [ 110.187939330282092, 25.289663336270944, 0.0 ], [ 110.188130707930398, 25.289697167972005, 0.0 ], [ 110.188322085692022, 25.289730999427231, 0.0 ], [ 110.188513463567091, 25.289764830636635, 0.0 ], [ 110.188704841555534, 25.289798661600202, 0.0 ], [ 110.188896219657352, 25.289832492317938, 0.0 ], [ 110.189087597872472, 25.289866322789848, 0.0 ], [ 110.189278976201038, 25.289900153015914, 0.0 ], [ 110.189470354642964, 25.289933982996146, 0.0 ], [ 110.189661733198179, 25.289967812730538, 0.0 ], [ 110.189853111866839, 25.290001642219096, 0.0 ], [ 110.190044490648845, 25.29003547146182, 0.0 ], [ 110.19023586954421, 25.290069300458708, 0.0 ], [ 110.190427248552865, 25.290103129209744, 0.0 ], [ 110.190618627674937, 25.290136957714939, 0.0 ], [ 110.190809880922558, 25.29017135455927, 0.0 ], [ 110.19099903683032, 25.29021416989907, 0.0 ], [ 110.191184830945346, 25.290267788710807, 0.0 ], [ 110.19136652022722, 25.29033198940256, 0.0 ], [ 110.191543376441302, 25.290406514832807, 0.0 ], [ 110.191714690648581, 25.290491066477379, 0.0 ], [ 110.191879771000785, 25.29058531245099, 0.0 ], [ 110.192037956826752, 25.290688871179, 0.0 ], [ 110.192189634517916, 25.290800220050766, 0.0 ], [ 110.192340359425913, 25.290912647752272, 0.0 ], [ 110.192491084613437, 25.291025075304919, 0.0 ], [ 110.192641810080445, 25.29113750270869, 0.0 ], [ 110.192792535826982, 25.291249929963588, 0.0 ], [ 110.192947933086145, 25.291347907489243, 0.0 ], [ 110.19314083322918, 25.291326273222161, 0.0 ], [ 110.193259282104123, 25.291185486944446, 0.0 ], [ 110.193335878404383, 25.291029050755601, 0.0 ], [ 110.193453676621104, 25.290922808966965, 0.0 ], [ 110.193584348270733, 25.290799114334412, 0.0 ], [ 110.193702795549044, 25.290658327272677, 0.0 ], [ 110.193821080034041, 25.290517428614883, 0.0 ], [ 110.193921945997317, 25.290366020551485, 0.0 ], [ 110.193991636918, 25.290200735456231, 0.0 ], [ 110.194027939730844, 25.290026826576565, 0.0 ], [ 110.194047068838401, 25.289850433611903, 0.0 ], [ 110.194066197882947, 25.28967404063923, 0.0 ], [ 110.194085326864609, 25.289497647658532, 0.0 ], [ 110.194104455783474, 25.289321254669819, 0.0 ], [ 110.194123584639513, 25.28914486167308, 0.0 ], [ 110.194142713432555, 25.288968468668337, 0.0 ] ] ] } },
{ "type": "Feature", "properties": { }, "geometry": { "type": "Polygon", "coordinates": [ [ [ 110.187626844353886, 25.289792002646106, 0.0 ], [ 110.187491447007886, 25.289768066682367, 0.0 ], [ 110.187367598736884, 25.289808809699323, 0.0 ], [ 110.187265356843042, 25.289885362560764, 0.0 ], [ 110.187208137766376, 25.289999464535875, 0.0 ], [ 110.187150918580059, 25.29011356648439, 0.0 ], [ 110.187174727931975, 25.290283472727257, 0.0 ], [ 110.187307499265742, 25.290317459651376, 0.0 ], [ 110.187440270343444, 25.290351447534061, 0.0 ], [ 110.187573041498482, 25.290385435298916, 0.0 ], [ 110.187705812730854, 25.290419422945931, 0.0 ], [ 110.187838584040634, 25.290453410475116, 0.0 ], [ 110.187971355427592, 25.290487397886466, 0.0 ], [ 110.188104126891957, 25.290521385179975, 0.0 ], [ 110.188236898433729, 25.290555372355655, 0.0 ], [ 110.188369670052751, 25.290589359413495, 0.0 ], [ 110.188502339188574, 25.290623652836043, 0.0 ], [ 110.18862943983288, 25.290671894063884, 0.0 ], [ 110.18875358978319, 25.290726538173679, 0.0 ], [ 110.188877063213852, 25.290782422719921, 0.0 ], [ 110.189000053470465, 25.290839193226674, 0.0 ], [ 110.189122092293744, 25.290897628279033, 0.0 ], [ 110.189243878815432, 25.290956504818819, 0.0 ], [ 110.189364317899148, 25.2910176293197, 0.0 ], [ 110.189484753445385, 25.291078759830935, 0.0 ], [ 110.189603812073798, 25.291142075722856, 0.0 ], [ 110.189722739322022, 25.291205600231848, 0.0 ], [ 110.18984034625197, 25.29127111644156, 0.0 ], [ 110.189957679295901, 25.29133704590491, 0.0 ], [ 110.190073884026305, 25.291404593620648, 0.0 ], [ 110.190189535005985, 25.29147293560078, 0.0 ], [ 110.190304292532389, 25.291542496699101, 0.0 ], [ 110.190418201675428, 25.291613215426885, 0.0 ], [ 110.190531471015063, 25.291684765516553, 0.0 ], [ 110.190643578916323, 25.291757824713468, 0.0 ], [ 110.190755319948607, 25.291831338256429, 0.0 ], [ 110.190865568491915, 25.291906699944125, 0.0 ], [ 110.190975740726159, 25.291982151830883, 0.0 ], [ 110.191084072604909, 25.292059777024512, 0.0 ], [ 110.191192404622498, 25.292137402141165, 0.0 ], [ 110.191298996646069, 25.292216987991839, 0.0 ], [ 110.19140535615314, 25.292296835929463, 0.0 ], [ 110.191512080921981, 25.292376279431608, 0.0 ], [ 110.191618948271383, 25.29245556512128, 0.0 ], [ 110.191725815959572, 25.29253485051434, 0.0 ], [ 110.191832684063385, 25.292614135525362, 0.0 ], [ 110.192113939515338, 25.292546809354796, 0.0 ], [ 110.192197742140806, 25.292447205282247, 0.0 ], [ 110.192281544628329, 25.292347601157356, 0.0 ], [ 110.192365346977965, 25.292247996980148, 0.0 ], [ 110.1924491491895, 25.292148392750612, 0.0 ], [ 110.192532951263217, 25.292048788468751, 0.0 ], [ 110.192616753198919, 25.291949184134573, 0.0 ], [ 110.192700554996662, 25.291849579748078, 0.0 ], [ 110.192784356656446, 25.291749975309255, 0.0 ], [ 110.192832101796171, 25.291641340969981, 0.0 ], [ 110.192816223591649, 25.291516773710644, 0.0 ], [ 110.192722196245811, 25.291430977169959, 0.0 ], [ 110.192615559430322, 25.291351436289883, 0.0 ], [ 110.19250892275474, 25.291271895335303, 0.0 ], [ 110.192402286218993, 25.291192354306201, 0.0 ], [ 110.192295649823222, 25.291112813202577, 0.0 ], [ 110.192189013567287, 25.291033272024443, 0.0 ], [ 110.192082377451328, 25.290953730771786, 0.0 ], [ 110.191975714332017, 25.2908742196243, 0.0 ], [ 110.191866571713135, 25.290797559740355, 0.0 ], [ 110.191753517592971, 25.290725738171222, 0.0 ], [ 110.191636814435483, 25.290658914587254, 0.0 ], [ 110.191516721251958, 25.290597254950065, 0.0 ], [ 110.191393518105869, 25.290540894671661, 0.0 ], [ 110.191267490901765, 25.29048995610173, 0.0 ], [ 110.191138922787758, 25.290444568150207, 0.0 ], [ 110.191008110978132, 25.290404831373067, 0.0 ], [ 110.190875358309398, 25.290370828387182, 0.0 ], [ 110.190740965926651, 25.290342647446092, 0.0 ], [ 110.190605600322925, 25.290318562716834, 0.0 ], [ 110.190470201728573, 25.290294629460213, 0.0 ], [ 110.190334803190865, 25.290270696080537, 0.0 ], [ 110.190199404709972, 25.290246762577802, 0.0 ], [ 110.190064006285752, 25.290222828952018, 0.0 ], [ 110.189928607918347, 25.290198895203186, 0.0 ], [ 110.189793209607615, 25.290174961331289, 0.0 ], [ 110.189657811353698, 25.290151027336343, 0.0 ], [ 110.18952241315651, 25.290127093218349, 0.0 ], [ 110.189387015015996, 25.290103158977303, 0.0 ], [ 110.189251616932239, 25.290079224613198, 0.0 ], [ 110.189116218905284, 25.290055290126041, 0.0 ], [ 110.188980820935086, 25.29003135551584, 0.0 ], [ 110.188845423021547, 25.290007420782587, 0.0 ], [ 110.188710025164767, 25.289983485926282, 0.0 ], [ 110.188574627364815, 25.289959550946929, 0.0 ], [ 110.188439229621608, 25.289935615844527, 0.0 ], [ 110.188303831935059, 25.28991168061907, 0.0 ], [ 110.188168434305368, 25.28988774527058, 0.0 ], [ 110.188033036732321, 25.28986380979903, 0.0 ], [ 110.187897639216118, 25.289839874204436, 0.0 ], [ 110.187762241756587, 25.28981593848679, 0.0 ], [ 110.187626844353886, 25.289792002646106, 0.0 ] ] ] } },
{ "type": "Feature", "properties": { }, "geometry": { "type": "Polygon", "coordinates": [ [ [ 110.190245613517092, 25.283240994916323, 0.0 ], [ 110.19012020660692, 25.283232974924374, 0.0 ], [ 110.190011019722235, 25.28327934118051, 0.0 ], [ 110.189849361419434, 25.283439184041214, 0.0 ], [ 110.189812094819175, 25.283548347068088, 0.0 ], [ 110.189774828149652, 25.283657510082303, 0.0 ], [ 110.189737561410666, 25.28376667308385, 0.0 ], [ 110.189700294602332, 25.283875836072735, 0.0 ], [ 110.189663027724635, 25.283984999048958, 0.0 ], [ 110.189625760777645, 25.284094162012511, 0.0 ], [ 110.189588493761207, 25.284203324963404, 0.0 ], [ 110.189551226675491, 25.28431248790163, 0.0 ], [ 110.189542034696686, 25.28442202337704, 0.0 ], [ 110.189575781590676, 25.284532128729015, 0.0 ], [ 110.189707481044223, 25.284712574453735, 0.0 ], [ 110.189807824808014, 25.284781433670013, 0.0 ], [ 110.189908168686017, 25.284850292820195, 0.0 ], [ 110.190009280399693, 25.284918198337515, 0.0 ], [ 110.19011604794305, 25.28497846695425, 0.0 ], [ 110.190228555984319, 25.28502937695686, 0.0 ], [ 110.190345813975938, 25.285070482733339, 0.0 ], [ 110.190466791140125, 25.285101422641986, 0.0 ], [ 110.190590423684995, 25.285121925709014, 0.0 ], [ 110.190715618288294, 25.285131935231117, 0.0 ], [ 110.190841154003124, 25.285138100474715, 0.0 ], [ 110.190966689733841, 25.28514426561178, 0.0 ], [ 110.191092225480432, 25.285150430642346, 0.0 ], [ 110.191217761242896, 25.285156595566377, 0.0 ], [ 110.191343297021234, 25.285162760383894, 0.0 ], [ 110.191468832815531, 25.28516892509489, 0.0 ], [ 110.191594368625616, 25.285175089699376, 0.0 ], [ 110.191719904451574, 25.285181254197322, 0.0 ], [ 110.191845440293434, 25.285187418588766, 0.0 ], [ 110.191970976151126, 25.285193582873685, 0.0 ], [ 110.192096512024719, 25.285199747052076, 0.0 ], [ 110.192222047914171, 25.285205911123949, 0.0 ], [ 110.192347583819569, 25.285212075089305, 0.0 ], [ 110.192473119740697, 25.285218238948151, 0.0 ], [ 110.192598655677813, 25.285224402700461, 0.0 ], [ 110.192724191630759, 25.285230566346254, 0.0 ], [ 110.192849727599551, 25.285236729885526, 0.0 ], [ 110.192975263584216, 25.285242893318276, 0.0 ], [ 110.193100799584755, 25.285249056644506, 0.0 ], [ 110.193226335601153, 25.285255219864219, 0.0 ], [ 110.193351871633396, 25.28526138297741, 0.0 ], [ 110.193477407681527, 25.285267545984073, 0.0 ], [ 110.193602943745518, 25.285273708884219, 0.0 ], [ 110.193728479825438, 25.285279871677844, 0.0 ], [ 110.193854015921161, 25.285286034364944, 0.0 ], [ 110.193979552032729, 25.285292196945534, 0.0 ], [ 110.194105088186461, 25.285298358976753, 0.0 ], [ 110.194285900349882, 25.285140941134909, 0.0 ], [ 110.194286655622435, 25.285026642727022, 0.0 ], [ 110.194287410922186, 25.284912344317529, 0.0 ], [ 110.194288166217277, 25.284798045906239, 0.0 ], [ 110.194288921507749, 25.284683747493155, 0.0 ], [ 110.194289676793616, 25.28456944907828, 0.0 ], [ 110.194290432074951, 25.284455150661618, 0.0 ], [ 110.19429118735161, 25.284340852243162, 0.0 ], [ 110.194291942623678, 25.284226553822915, 0.0 ], [ 110.194292697891115, 25.284112255400881, 0.0 ], [ 110.194293453153961, 25.283997956977046, 0.0 ], [ 110.194294208412202, 25.283883658551421, 0.0 ], [ 110.194294963665911, 25.283769360124005, 0.0 ], [ 110.194295718895418, 25.283655061694692, 0.0 ], [ 110.194223087221602, 25.283567940219296, 0.0 ], [ 110.19413323750274, 25.283489561752745, 0.0 ], [ 110.194007829964903, 25.283481545289273, 0.0 ], [ 110.193882422465052, 25.283473528483498, 0.0 ], [ 110.193757014984783, 25.283465511571517, 0.0 ], [ 110.193631607524154, 25.283457494553321, 0.0 ], [ 110.193506200083192, 25.283449477428931, 0.0 ], [ 110.19338079266187, 25.283441460198329, 0.0 ], [ 110.193255385260187, 25.283433442861512, 0.0 ], [ 110.193129977878172, 25.2834254254185, 0.0 ], [ 110.193004570515797, 25.283417407869269, 0.0 ], [ 110.192879163173089, 25.283409390213844, 0.0 ], [ 110.192753755850021, 25.283401372452207, 0.0 ], [ 110.19262834854662, 25.283393354584362, 0.0 ], [ 110.192502941262859, 25.283385336610309, 0.0 ], [ 110.192377533998751, 25.283377318530061, 0.0 ], [ 110.192252126754312, 25.283369300343598, 0.0 ], [ 110.192126719529611, 25.283361282050926, 0.0 ], [ 110.192001312324408, 25.283353263652057, 0.0 ], [ 110.191875905138929, 25.283345245146972, 0.0 ], [ 110.191750497973132, 25.2833372265357, 0.0 ], [ 110.191625090827046, 25.283329207818205, 0.0 ], [ 110.191499683700471, 25.28332118899451, 0.0 ], [ 110.191374276593649, 25.28331317006462, 0.0 ], [ 110.191248869506552, 25.283305151028515, 0.0 ], [ 110.191123462439037, 25.283297131886204, 0.0 ], [ 110.190998055391191, 25.283289112637689, 0.0 ], [ 110.190872648363026, 25.283281093282969, 0.0 ], [ 110.190747241354501, 25.283273073822048, 0.0 ], [ 110.190621834365643, 25.283265054254922, 0.0 ], [ 110.190496427396397, 25.283257034581592, 0.0 ], [ 110.19037102044696, 25.283249014802056, 0.0 ], [ 110.190245613517092, 25.283240994916323, 0.0 ] ] ] } },
{ "type": "Feature", "properties": { }, "geometry": { "type": "Polygon", "coordinates": [ [ [ 110.190977462177699, 25.281068077342113, 0.0 ], [ 110.190861775093225, 25.281060679476493, 0.0 ], [ 110.190599129005946, 25.281242889103201, 0.0 ], [ 110.190564751457515, 25.281343593265966, 0.0 ], [ 110.190530373849981, 25.281444297417966, 0.0 ], [ 110.190495996183571, 25.281545001559184, 0.0 ], [ 110.190461618458059, 25.281645705689627, 0.0 ], [ 110.190427240673543, 25.281746409809301, 0.0 ], [ 110.190392862829995, 25.2818471139182, 0.0 ], [ 110.19035848492743, 25.281947818016313, 0.0 ], [ 110.190324106965846, 25.282048522103658, 0.0 ], [ 110.190289728945316, 25.282149226180231, 0.0 ], [ 110.190255350865613, 25.282249930246024, 0.0 ], [ 110.190220972727019, 25.282350634301043, 0.0 ], [ 110.190186594529266, 25.282451338345282, 0.0 ], [ 110.190152216272637, 25.28255204237875, 0.0 ], [ 110.190132730698863, 25.282650707926635, 0.0 ], [ 110.190345757334953, 25.282885451602517, 0.0 ], [ 110.190461446104891, 25.282892849897802, 0.0 ], [ 110.190577134887519, 25.282900248154167, 0.0 ], [ 110.190692823686902, 25.282907646320151, 0.0 ], [ 110.190808512503082, 25.282915044395754, 0.0 ], [ 110.190924201335932, 25.282922442380979, 0.0 ], [ 110.191039890185522, 25.282929840275823, 0.0 ], [ 110.191155579051824, 25.282937238080283, 0.0 ], [ 110.191271267934937, 25.282944635794369, 0.0 ], [ 110.19138695683472, 25.282952033418063, 0.0 ], [ 110.191502645751243, 25.282959430951383, 0.0 ], [ 110.191618334684549, 25.282966828394319, 0.0 ], [ 110.191734023634538, 25.282974225746873, 0.0 ], [ 110.191849712601311, 25.282981623009043, 0.0 ], [ 110.191965401584753, 25.282989020180835, 0.0 ], [ 110.192081090584992, 25.28299641726224, 0.0 ], [ 110.192196779601886, 25.283003814253266, 0.0 ], [ 110.192312468635507, 25.283011211153912, 0.0 ], [ 110.192428157685939, 25.283018607964173, 0.0 ], [ 110.192543846753011, 25.283026004684057, 0.0 ], [ 110.192659535836825, 25.283033401313553, 0.0 ], [ 110.19277522493735, 25.28304079785266, 0.0 ], [ 110.192890914054686, 25.283048194301401, 0.0 ], [ 110.193006603188664, 25.28305559065975, 0.0 ], [ 110.193122292339439, 25.28306298692771, 0.0 ], [ 110.193237981506883, 25.283070383105294, 0.0 ], [ 110.193353670691025, 25.283077779192499, 0.0 ], [ 110.193469359891964, 25.283085175189317, 0.0 ], [ 110.193585049109572, 25.283092571095757, 0.0 ], [ 110.193700738343964, 25.283099966911802, 0.0 ], [ 110.19381642759501, 25.283107362637473, 0.0 ], [ 110.193932116862769, 25.283114758272749, 0.0 ], [ 110.194047806147253, 25.283122153817651, 0.0 ], [ 110.194300373917386, 25.282950695834433, 0.0 ], [ 110.19430107072921, 25.282845254426217, 0.0 ], [ 110.194301767413464, 25.282739813015805, 0.0 ], [ 110.194302464093781, 25.282634371603866, 0.0 ], [ 110.19430316077019, 25.282528930190402, 0.0 ], [ 110.194303857442662, 25.282423488775418, 0.0 ], [ 110.194304554111241, 25.282318047358903, 0.0 ], [ 110.194305250775884, 25.282212605940867, 0.0 ], [ 110.194305947436618, 25.282107164521314, 0.0 ], [ 110.194306644093359, 25.282001723100223, 0.0 ], [ 110.194307340746249, 25.281896281677611, 0.0 ], [ 110.194308037395217, 25.281790840253478, 0.0 ], [ 110.194308734040277, 25.281685398827811, 0.0 ], [ 110.194309430681344, 25.281579957400627, 0.0 ], [ 110.194310127318644, 25.281474515971919, 0.0 ], [ 110.194101019781797, 25.281267785552085, 0.0 ], [ 110.193985332245745, 25.281260390126594, 0.0 ], [ 110.19386964472632, 25.281252994610725, 0.0 ], [ 110.193753957223691, 25.281245599004485, 0.0 ], [ 110.19363826973786, 25.281238203307858, 0.0 ], [ 110.19352258226867, 25.281230807520867, 0.0 ], [ 110.193406894816206, 25.281223411643495, 0.0 ], [ 110.193291207380454, 25.281216015675746, 0.0 ], [ 110.193175519961443, 25.281208619617626, 0.0 ], [ 110.193059832559072, 25.281201223469125, 0.0 ], [ 110.192944145173485, 25.281193827230254, 0.0 ], [ 110.192828457804623, 25.281186430901013, 0.0 ], [ 110.192712770452502, 25.281179034481386, 0.0 ], [ 110.192597083117093, 25.281171637971397, 0.0 ], [ 110.19248139579841, 25.28116424137102, 0.0 ], [ 110.192365708496453, 25.281156844680272, 0.0 ], [ 110.192250021211223, 25.281149447899146, 0.0 ], [ 110.192134333942718, 25.281142051027654, 0.0 ], [ 110.19201864669094, 25.281134654065781, 0.0 ], [ 110.191902959455888, 25.281127257013541, 0.0 ], [ 110.191787272237505, 25.281119859870916, 0.0 ], [ 110.191671585035905, 25.281112462637921, 0.0 ], [ 110.191555897851046, 25.281105065314556, 0.0 ], [ 110.191440210682913, 25.281097667900809, 0.0 ], [ 110.191324523531506, 25.281090270396692, 0.0 ], [ 110.191208836396839, 25.281082872802205, 0.0 ], [ 110.191093149278899, 25.281075475117344, 0.0 ], [ 110.190977462177699, 25.281068077342113, 0.0 ] ] ] } },
{ "type": "Feature", "properties": { }, "geometry": { "type": "Polygon", "coordinates": [ [ [ 110.191703858507324, 25.279051306556624, 0.0 ], [ 110.191608372476495, 25.279026931995741, 0.0 ], [ 110.191294976112999, 25.279204467409404, 0.0 ], [ 110.191265577584218, 25.279290589407594, 0.0 ], [ 110.191236179012421, 25.279376711397916, 0.0 ], [ 110.191206780397394, 25.27946283338034, 0.0 ], [ 110.191177381739294, 25.279548955354901, 0.0 ], [ 110.191147983037951, 25.279635077321572, 0.0 ], [ 110.191118584293449, 25.279721199280374, 0.0 ], [ 110.191089185505803, 25.279807321231296, 0.0 ], [ 110.191059786675055, 25.279893443174334, 0.0 ], [ 110.191030387801078, 25.279979565109493, 0.0 ], [ 110.191000988884014, 25.280065687036778, 0.0 ], [ 110.190971589923706, 25.28015180895618, 0.0 ], [ 110.190942190920325, 25.28023793086771, 0.0 ], [ 110.190912791873714, 25.280324052771352, 0.0 ], [ 110.190883392783931, 25.280410174667114, 0.0 ], [ 110.190853993651061, 25.280496296555, 0.0 ], [ 110.190824594143237, 25.280582418341403, 0.0 ], [ 110.191046684440721, 25.28085533480807, 0.0 ], [ 110.191145619438515, 25.280861661287524, 0.0 ], [ 110.191244554444964, 25.280867987748987, 0.0 ], [ 110.191343489463591, 25.280874314144356, 0.0 ], [ 110.191442424494454, 25.280880640473637, 0.0 ], [ 110.191541359537553, 25.280886966736809, 0.0 ], [ 110.191640294592872, 25.280893292933897, 0.0 ], [ 110.191739229660442, 25.280899619064876, 0.0 ], [ 110.191838164740247, 25.280905945129781, 0.0 ], [ 110.191937099832273, 25.280912271128578, 0.0 ], [ 110.19203603493655, 25.280918597061277, 0.0 ], [ 110.192134970053047, 25.280924922927881, 0.0 ], [ 110.19223390518178, 25.28093124872839, 0.0 ], [ 110.192332840322749, 25.280937574462808, 0.0 ], [ 110.192431775475953, 25.28094390013112, 0.0 ], [ 110.192530710641392, 25.280950225733346, 0.0 ], [ 110.192629645819068, 25.280956551269476, 0.0 ], [ 110.192728581008964, 25.280962876739508, 0.0 ], [ 110.192827516211082, 25.280969202143442, 0.0 ], [ 110.19292645142545, 25.280975527481285, 0.0 ], [ 110.193025386652039, 25.280981852753026, 0.0 ], [ 110.193124321890863, 25.280988177958669, 0.0 ], [ 110.193223257141923, 25.280994503098221, 0.0 ], [ 110.193322192405191, 25.28100082817167, 0.0 ], [ 110.193421127680708, 25.281007153179029, 0.0 ], [ 110.193520062968446, 25.28101347812029, 0.0 ], [ 110.193618998268491, 25.281019802995456, 0.0 ], [ 110.193717933580615, 25.281026127804523, 0.0 ], [ 110.193816868905031, 25.281032452547496, 0.0 ], [ 110.193915804241684, 25.281038777224374, 0.0 ], [ 110.194014739590571, 25.281045101835151, 0.0 ], [ 110.194113674951751, 25.281051426379829, 0.0 ], [ 110.194314029424731, 25.280883933847555, 0.0 ], [ 110.194314625197549, 25.280793760734699, 0.0 ], [ 110.194315220967567, 25.280703587620732, 0.0 ], [ 110.194315816734658, 25.280613414505645, 0.0 ], [ 110.194316412498864, 25.280523241389453, 0.0 ], [ 110.194317008260299, 25.280433068272131, 0.0 ], [ 110.194317604018764, 25.280342895153701, 0.0 ], [ 110.194318199774472, 25.280252722034145, 0.0 ], [ 110.194318795527224, 25.280162548913488, 0.0 ], [ 110.19431939127719, 25.280072375791711, 0.0 ], [ 110.194319987024286, 25.279982202668823, 0.0 ], [ 110.194320582768441, 25.279892029544815, 0.0 ], [ 110.19432117850981, 25.279801856419695, 0.0 ], [ 110.194208554933823, 25.279570722746698, 0.0 ], [ 110.194119747212426, 25.279543681426183, 0.0 ], [ 110.194021242391187, 25.279533193078585, 0.0 ], [ 110.193922856322487, 25.279521820628538, 0.0 ], [ 110.193824598487694, 25.279509565967807, 0.0 ], [ 110.193726478578142, 25.279496429541869, 0.0 ], [ 110.193628506055958, 25.279482413279272, 0.0 ], [ 110.193530690509334, 25.279467518294414, 0.0 ], [ 110.193433041498977, 25.279451745910624, 0.0 ], [ 110.193335568409665, 25.279435098320317, 0.0 ], [ 110.193238280836809, 25.279417576629747, 0.0 ], [ 110.193141188508761, 25.279399181497396, 0.0 ], [ 110.193044300463512, 25.279379916600281, 0.0 ], [ 110.192947626315842, 25.279359783030706, 0.0 ], [ 110.192851175576422, 25.27933878242192, 0.0 ], [ 110.192754957671269, 25.279316916766277, 0.0 ], [ 110.192658981790771, 25.279294188874612, 0.0 ], [ 110.192563257465807, 25.279270600345257, 0.0 ], [ 110.192467748188875, 25.279246300850183, 0.0 ], [ 110.192372261839139, 25.279221926776753, 0.0 ], [ 110.19227677552928, 25.27919755264239, 0.0 ], [ 110.192181289259338, 25.279173178447103, 0.0 ], [ 110.192085803029201, 25.279148804190875, 0.0 ], [ 110.191990316838911, 25.279124429873708, 0.0 ], [ 110.191894830688511, 25.279100055495615, 0.0 ], [ 110.191799344577944, 25.27907568105659, 0.0 ], [ 110.191703858507324, 25.279051306556624, 0.0 ] ] ] } },
{ "type": "Feature", "properties": { }, "geometry": { "type": "Polygon", "coordinates": [ [ [ 110.19479764436943, 25.283532032482615, 0.0 ], [ 110.194706433553819, 25.283526202263534, 0.0 ], [ 110.194494184642153, 25.283669858456722, 0.0 ], [ 110.194493635521809, 25.283752989392131, 0.0 ], [ 110.194493086350349, 25.283836120326338, 0.0 ], [ 110.194492537176387, 25.283919251259587, 0.0 ], [ 110.194491988, 25.28400238219189, 0.0 ], [ 110.194491438821174, 25.284085513123252, 0.0 ], [ 110.194490889639894, 25.284168644053658, 0.0 ], [ 110.194490340456198, 25.284251774983119, 0.0 ], [ 110.194489791270129, 25.284334905911631, 0.0 ], [ 110.194489242081559, 25.284418036839202, 0.0 ], [ 110.194488692890559, 25.284501167765821, 0.0 ], [ 110.1944881436971, 25.284584298691492, 0.0 ], [ 110.19448759450124, 25.28466742961621, 0.0 ], [ 110.194487045302921, 25.284750560539987, 0.0 ], [ 110.194486496102243, 25.284833691462811, 0.0 ], [ 110.19448594689905, 25.284916822384695, 0.0 ], [ 110.194485397693441, 25.284999953305618, 0.0 ], [ 110.194484848485388, 25.285083084225608, 0.0 ], [ 110.194484298313753, 25.28516621513938, 0.0 ], [ 110.194545779171591, 25.285227731822808, 0.0 ], [ 110.194607298142316, 25.285289235223633, 0.0 ], [ 110.194681316868298, 25.285326955378057, 0.0 ], [ 110.194772568481241, 25.285332248770512, 0.0 ], [ 110.194863783032119, 25.285338046239708, 0.0 ], [ 110.194954957124949, 25.285344347912883, 0.0 ], [ 110.195046101861905, 25.285350992981051, 0.0 ], [ 110.195137245635038, 25.285357649092873, 0.0 ], [ 110.195228389419782, 25.285364305148615, 0.0 ], [ 110.195319533216079, 25.285370961148292, 0.0 ], [ 110.195410677024043, 25.285377617091889, 0.0 ], [ 110.195501820843631, 25.28538427297941, 0.0 ], [ 110.195592964674773, 25.285390928810848, 0.0 ], [ 110.195684108517568, 25.285397584586228, 0.0 ], [ 110.195775252371931, 25.285404240305528, 0.0 ], [ 110.19586639623796, 25.285410895968752, 0.0 ], [ 110.195957540115614, 25.2854175515759, 0.0 ], [ 110.196048684004879, 25.285424207126983, 0.0 ], [ 110.196139827905739, 25.285430862621979, 0.0 ], [ 110.196230971818153, 25.285437518060906, 0.0 ], [ 110.196322115742163, 25.285444173443757, 0.0 ], [ 110.196413259677882, 25.285450828770532, 0.0 ], [ 110.196504403625184, 25.285457484041235, 0.0 ], [ 110.19659554758411, 25.285464139255865, 0.0 ], [ 110.196686691554575, 25.285470794414419, 0.0 ], [ 110.196777835536707, 25.28547744951689, 0.0 ], [ 110.196868979530464, 25.285484104563288, 0.0 ], [ 110.196960123535746, 25.285490759553618, 0.0 ], [ 110.197051267552723, 25.285497414487864, 0.0 ], [ 110.197261127637532, 25.285349240905351, 0.0 ], [ 110.197269017615668, 25.285269068929434, 0.0 ], [ 110.197269564990705, 25.28518593795491, 0.0 ], [ 110.197270112363384, 25.285102806979449, 0.0 ], [ 110.197270659733562, 25.285019676003042, 0.0 ], [ 110.197271207101309, 25.28493654502568, 0.0 ], [ 110.197271754466627, 25.284853414047376, 0.0 ], [ 110.197272301829528, 25.28477028306812, 0.0 ], [ 110.19727284919, 25.284687152087916, 0.0 ], [ 110.197273396548042, 25.284604021106766, 0.0 ], [ 110.197273943903724, 25.284520890124664, 0.0 ], [ 110.197274491256849, 25.284437759141618, 0.0 ], [ 110.197275038607685, 25.284354628157619, 0.0 ], [ 110.197275585956021, 25.284271497172686, 0.0 ], [ 110.197276133301926, 25.284188366186804, 0.0 ], [ 110.197276680645487, 25.284105235199956, 0.0 ], [ 110.197277227986476, 25.284022104212173, 0.0 ], [ 110.197277775325162, 25.283938973223439, 0.0 ], [ 110.197269163727867, 25.283859255822719, 0.0 ], [ 110.197075455599645, 25.283682671579239, 0.0 ], [ 110.196986707062351, 25.283671940885597, 0.0 ], [ 110.196895495997438, 25.28366611201492, 0.0 ], [ 110.196804284942843, 25.283660283088057, 0.0 ], [ 110.196713073898621, 25.283654454105012, 0.0 ], [ 110.196621862864774, 25.283648625065766, 0.0 ], [ 110.196530651841329, 25.283642795970358, 0.0 ], [ 110.196439440828271, 25.283636966818758, 0.0 ], [ 110.196348229825588, 25.283631137610968, 0.0 ], [ 110.196257018833293, 25.283625308347002, 0.0 ], [ 110.196165807851386, 25.283619479026854, 0.0 ], [ 110.196074596879882, 25.283613649650526, 0.0 ], [ 110.195983385918737, 25.283607820218005, 0.0 ], [ 110.195892174968009, 25.283601990729299, 0.0 ], [ 110.195800964027711, 25.283596161184423, 0.0 ], [ 110.195709753097745, 25.283590331583358, 0.0 ], [ 110.195618542178096, 25.283584501926104, 0.0 ], [ 110.195527331268963, 25.28357867221267, 0.0 ], [ 110.195436120370161, 25.28357284244305, 0.0 ], [ 110.195344909481747, 25.283567012617258, 0.0 ], [ 110.195253698603722, 25.283561182735273, 0.0 ], [ 110.195162487736084, 25.283555352797105, 0.0 ], [ 110.195071276878835, 25.283549522802758, 0.0 ], [ 110.194980066032059, 25.283543692752222, 0.0 ], [ 110.194888855195586, 25.28353786264551, 0.0 ], [ 110.19479764436943, 25.283532032482615, 0.0 ] ] ] } },
{ "type": "Feature", "properties": { }, "geometry": { "type": "Polygon", "coordinates": [ [ [ 110.194792252195995, 25.281311971401315, 0.0 ], [ 110.19469996621622, 25.281306072371155, 0.0 ], [ 110.194508755170787, 25.281464238066533, 0.0 ], [ 110.194508199539882, 25.281548350477586, 0.0 ], [ 110.194507643900664, 25.281632462887632, 0.0 ], [ 110.194507088259016, 25.281716575296709, 0.0 ], [ 110.19450653261481, 25.28180068770482, 0.0 ], [ 110.194505976968173, 25.28188480011196, 0.0 ], [ 110.19450542131905, 25.281968912518121, 0.0 ], [ 110.19450486566744, 25.282053024923318, 0.0 ], [ 110.194504310013329, 25.282137137327549, 0.0 ], [ 110.194503754356646, 25.282221249730799, 0.0 ], [ 110.194503198697461, 25.282305362133087, 0.0 ], [ 110.194502643035889, 25.282389474534401, 0.0 ], [ 110.194502087371802, 25.282473586934749, 0.0 ], [ 110.194501531705228, 25.28255769933412, 0.0 ], [ 110.194500976036082, 25.282641811732525, 0.0 ], [ 110.19450042036452, 25.282725924129966, 0.0 ], [ 110.194499864690471, 25.282810036526431, 0.0 ], [ 110.194499309013921, 25.282894148921923, 0.0 ], [ 110.194498753334813, 25.282978261316444, 0.0 ], [ 110.194667858663564, 25.283161789278466, 0.0 ], [ 110.194760146016165, 25.283167688705795, 0.0 ], [ 110.194852433406339, 25.283173587725845, 0.0 ], [ 110.194944720807314, 25.283179486688372, 0.0 ], [ 110.195037008218904, 25.283185385593377, 0.0 ], [ 110.195129295641067, 25.283191284440868, 0.0 ], [ 110.195221583073874, 25.283197183230843, 0.0 ], [ 110.19531387051731, 25.283203081963308, 0.0 ], [ 110.195406157971448, 25.28320898063825, 0.0 ], [ 110.195498445436158, 25.283214879255681, 0.0 ], [ 110.195590732911512, 25.28322077781559, 0.0 ], [ 110.195683020397553, 25.283226676317984, 0.0 ], [ 110.195775307894166, 25.283232574762852, 0.0 ], [ 110.19586759540141, 25.283238473150217, 0.0 ], [ 110.195959882919297, 25.283244371480063, 0.0 ], [ 110.196052170447885, 25.283250269752386, 0.0 ], [ 110.196144457987032, 25.283256167967199, 0.0 ], [ 110.196236745536808, 25.283262066124493, 0.0 ], [ 110.196329033097228, 25.283267964224272, 0.0 ], [ 110.19642132066835, 25.283273862266526, 0.0 ], [ 110.196513608250015, 25.283279760251265, 0.0 ], [ 110.196605895842339, 25.283285658178496, 0.0 ], [ 110.196698183445349, 25.283291556048205, 0.0 ], [ 110.196790471058918, 25.283297453860392, 0.0 ], [ 110.196882758683202, 25.283303351615064, 0.0 ], [ 110.196975046317959, 25.283309249312218, 0.0 ], [ 110.197061938731579, 25.283300463634603, 0.0 ], [ 110.197271512645798, 25.283135024923464, 0.0 ], [ 110.197283589780668, 25.283055728779754, 0.0 ], [ 110.197284143548899, 25.282971616328513, 0.0 ], [ 110.197284697314657, 25.282887503876299, 0.0 ], [ 110.197285251077986, 25.282803391423119, 0.0 ], [ 110.197285804838771, 25.282719278968976, 0.0 ], [ 110.197286358597054, 25.282635166513849, 0.0 ], [ 110.197286912352951, 25.282551054057759, 0.0 ], [ 110.197287466106346, 25.282466941600692, 0.0 ], [ 110.197288019857183, 25.282382829142662, 0.0 ], [ 110.197288573605533, 25.282298716683659, 0.0 ], [ 110.197289127351553, 25.282214604223689, 0.0 ], [ 110.197289681094944, 25.282130491762754, 0.0 ], [ 110.197290234835847, 25.282046379300841, 0.0 ], [ 110.19729078857435, 25.281962266837958, 0.0 ], [ 110.197291342310351, 25.281878154374102, 0.0 ], [ 110.197291896043808, 25.281794041909279, 0.0 ], [ 110.197292449774835, 25.28170992944349, 0.0 ], [ 110.197293003471742, 25.28162581697655, 0.0 ], [ 110.197099405145977, 25.281459428463982, 0.0 ], [ 110.197007118900387, 25.281453530871623, 0.0 ], [ 110.196914832665442, 25.281447633221749, 0.0 ], [ 110.196822546441098, 25.281441735514363, 0.0 ], [ 110.196730260227469, 25.281435837749463, 0.0 ], [ 110.196637974024398, 25.281429939927047, 0.0 ], [ 110.196545687831957, 25.281424042047135, 0.0 ], [ 110.196453401650146, 25.281418144109693, 0.0 ], [ 110.196361115478965, 25.281412246114748, 0.0 ], [ 110.196268829318413, 25.281406348062291, 0.0 ], [ 110.196176543168491, 25.281400449952322, 0.0 ], [ 110.196084257029284, 25.281394551784835, 0.0 ], [ 110.195991970900636, 25.281388653559834, 0.0 ], [ 110.195899684782631, 25.281382755277328, 0.0 ], [ 110.195807398675242, 25.28137685693731, 0.0 ], [ 110.195715112578483, 25.281370958539775, 0.0 ], [ 110.195622826492368, 25.281365060084738, 0.0 ], [ 110.195530540416868, 25.28135916157218, 0.0 ], [ 110.195438254352098, 25.28135326300211, 0.0 ], [ 110.195345968297886, 25.28134736437454, 0.0 ], [ 110.195253682254304, 25.281341465689437, 0.0 ], [ 110.195161396221351, 25.281335566946833, 0.0 ], [ 110.195069110199043, 25.281329668146721, 0.0 ], [ 110.194976824187449, 25.281323769289102, 0.0 ], [ 110.1948845381864, 25.281317870373961, 0.0 ], [ 110.194792252195995, 25.281311971401315, 0.0 ] ] ] } },
{ "type": "Feature", "properties": { }, "geometry": { "type": "Polygon", "coordinates": [ [ [ 110.194796119238703, 25.279594782994785, 0.0 ], [ 110.194711302890397, 25.279589361388737, 0.0 ], [ 110.194520229462185, 25.279727106266694, 0.0 ], [ 110.194519718899741, 25.279804411719844, 0.0 ], [ 110.194519208295787, 25.279881717171964, 0.0 ], [ 110.194518697689617, 25.27995902262326, 0.0 ], [ 110.194518187081457, 25.280036328073738, 0.0 ], [ 110.194517676471165, 25.280113633523396, 0.0 ], [ 110.194517165858699, 25.280190938972236, 0.0 ], [ 110.194516655244129, 25.28026824442026, 0.0 ], [ 110.194516144627457, 25.280345549867452, 0.0 ], [ 110.194515634008752, 25.280422855313837, 0.0 ], [ 110.194515123387944, 25.280500160759395, 0.0 ], [ 110.194514612764948, 25.280577466204132, 0.0 ], [ 110.194514102139848, 25.280654771648063, 0.0 ], [ 110.194513591512731, 25.280732077091155, 0.0 ], [ 110.194513080883482, 25.280809382533441, 0.0 ], [ 110.194512570252073, 25.280886687974906, 0.0 ], [ 110.19452270756878, 25.28096023122886, 0.0 ], [ 110.194638286545754, 25.281073644156148, 0.0 ], [ 110.194717334017454, 25.281090014434195, 0.0 ], [ 110.194802151407956, 25.281095436059129, 0.0 ], [ 110.194886968807381, 25.281100857635487, 0.0 ], [ 110.194971786215859, 25.281106279163264, 0.0 ], [ 110.195056603633248, 25.281111700642459, 0.0 ], [ 110.195141421059688, 25.281117122073084, 0.0 ], [ 110.195226238495039, 25.281122543455119, 0.0 ], [ 110.195311055939456, 25.281127964788574, 0.0 ], [ 110.195395873392769, 25.281133386073456, 0.0 ], [ 110.195480690855078, 25.281138807309748, 0.0 ], [ 110.195565508326439, 25.281144228497478, 0.0 ], [ 110.195650325806696, 25.281149649636625, 0.0 ], [ 110.195735143295963, 25.281155070727181, 0.0 ], [ 110.195819960794253, 25.281160491769164, 0.0 ], [ 110.195904778301482, 25.281165912762567, 0.0 ], [ 110.195989595817665, 25.281171333707391, 0.0 ], [ 110.196074413342913, 25.281176754603639, 0.0 ], [ 110.196159230877086, 25.281182175451303, 0.0 ], [ 110.196244048420297, 25.281187596250383, 0.0 ], [ 110.196328865972404, 25.281193017000891, 0.0 ], [ 110.196413683533507, 25.281198437702816, 0.0 ], [ 110.196498501103662, 25.281203858356154, 0.0 ], [ 110.196583318682713, 25.281209278960922, 0.0 ], [ 110.196668136270759, 25.281214699517111, 0.0 ], [ 110.196752953867843, 25.281220120024713, 0.0 ], [ 110.196837771473838, 25.281225540483746, 0.0 ], [ 110.196922589088899, 25.281230960894188, 0.0 ], [ 110.197007406712856, 25.281236381256051, 0.0 ], [ 110.197092224336245, 25.281241801693604, 0.0 ], [ 110.197286454312504, 25.281099128825836, 0.0 ], [ 110.197296952616156, 25.281025895960678, 0.0 ], [ 110.197297461490422, 25.280948590467734, 0.0 ], [ 110.197297970362442, 25.280871284973966, 0.0 ], [ 110.19729847923243, 25.280793979479384, 0.0 ], [ 110.197298988100314, 25.280716673983971, 0.0 ], [ 110.197299496966039, 25.280639368487744, 0.0 ], [ 110.197300005829732, 25.280562062990704, 0.0 ], [ 110.197300514691335, 25.280484757492836, 0.0 ], [ 110.197301023550835, 25.280407451994147, 0.0 ], [ 110.197301532408233, 25.280330146494649, 0.0 ], [ 110.197302041263526, 25.280252840994315, 0.0 ], [ 110.19730255011666, 25.280175535493179, 0.0 ], [ 110.197303058967762, 25.280098229991211, 0.0 ], [ 110.197303567816775, 25.280020924488429, 0.0 ], [ 110.19730407666367, 25.279943618984831, 0.0 ], [ 110.197162218366785, 25.279763530310969, 0.0 ], [ 110.197086164038737, 25.279741147996461, 0.0 ], [ 110.197001347448008, 25.279735727701969, 0.0 ], [ 110.196916530866105, 25.2797303073589, 0.0 ], [ 110.196831714293268, 25.279724886967255, 0.0 ], [ 110.196746897729412, 25.279719466527023, 0.0 ], [ 110.196662081174452, 25.279714046038222, 0.0 ], [ 110.196577264628544, 25.279708625500849, 0.0 ], [ 110.196492448091618, 25.279703204914888, 0.0 ], [ 110.196407631563602, 25.279697784280369, 0.0 ], [ 110.196322815044709, 25.27969236359726, 0.0 ], [ 110.196237998534656, 25.279686942865577, 0.0 ], [ 110.196153182033655, 25.279681522085312, 0.0 ], [ 110.19606836554162, 25.279676101256477, 0.0 ], [ 110.195983549058496, 25.279670680379066, 0.0 ], [ 110.195898732584425, 25.279665259453076, 0.0 ], [ 110.195813916119349, 25.279659838478509, 0.0 ], [ 110.195729099663254, 25.279654417455369, 0.0 ], [ 110.195644283216041, 25.279648996383653, 0.0 ], [ 110.195559466777908, 25.279643575263353, 0.0 ], [ 110.195474650348743, 25.279638154094492, 0.0 ], [ 110.195389833928573, 25.27963273287704, 0.0 ], [ 110.195305017517313, 25.279627311611019, 0.0 ], [ 110.195220201115163, 25.279621890296422, 0.0 ], [ 110.195135384721866, 25.279616468933245, 0.0 ], [ 110.195050568337621, 25.279611047521495, 0.0 ], [ 110.194965751962357, 25.279605626061169, 0.0 ], [ 110.194880935596075, 25.279600204552267, 0.0 ], [ 110.194796119238703, 25.279594782994785, 0.0 ] ] ] } },
{ "type": "Feature", "properties": { }, "geometry": { "type": "Polygon", "coordinates": [ [ [ 110.197138780187316, 25.270192298393731, 0.0 ], [ 110.196724933430389, 25.269894558153009, 0.0 ], [ 110.196314735541932, 25.270388161997257, 0.0 ], [ 110.19590453430925, 25.270881764587166, 0.0 ], [ 110.195494329732384, 25.271375365922658, 0.0 ], [ 110.195670164070066, 25.271871829784981, 0.0 ], [ 110.196174047075161, 25.272287578527667, 0.0 ], [ 110.196677933523219, 25.272703325611037, 0.0 ], [ 110.197164953467961, 25.272999084277814, 0.0 ], [ 110.19752975878815, 25.272492072133257, 0.0 ], [ 110.197892073010493, 25.271968399844198, 0.0 ], [ 110.198441301071327, 25.271778767145275, 0.0 ], [ 110.198459201174259, 25.271237842973932, 0.0 ], [ 110.198279928716815, 25.270679034823122, 0.0 ], [ 110.197694431879597, 25.270537735542938, 0.0 ], [ 110.197138780187316, 25.270192298393731, 0.0 ] ] ] } },
{ "type": "Feature", "properties": { }, "geometry": { "type": "Polygon", "coordinates": [ [ [ 110.104795132608473, 25.203970794706603, 0.0 ], [ 110.104669116497419, 25.203934542980726, 0.0 ], [ 110.104561889228151, 25.203948301831893, 0.0 ], [ 110.104542208178458, 25.204060567284216, 0.0 ], [ 110.104491760889289, 25.204172067600162, 0.0 ], [ 110.104434781133833, 25.204281124240129, 0.0 ], [ 110.104457673824953, 25.204362694523446, 0.0 ], [ 110.104679398311873, 25.20444972825646, 0.0 ], [ 110.104801037177126, 25.204495516014834, 0.0 ], [ 110.104877570608593, 25.204430342155582, 0.0 ], [ 110.104875814717104, 25.204338197508068, 0.0 ], [ 110.104925173152978, 25.204226107520679, 0.0 ], [ 110.104974531495586, 25.204114017512644, 0.0 ], [ 110.104916191062429, 25.204019278737796, 0.0 ], [ 110.104795132608473, 25.203970794706603, 0.0 ] ] ] } },
{ "type": "Feature", "properties": { }, "geometry": { "type": "Polygon", "coordinates": [ [ [ 110.104074462561641, 25.202955659870714, 0.0 ], [ 110.10384791221, 25.202936256123397, 0.0 ], [ 110.103625221940732, 25.20296079955698, 0.0 ], [ 110.103400362562837, 25.202991363689566, 0.0 ], [ 110.10323572293953, 25.203059845245065, 0.0 ], [ 110.103271680593892, 25.203264271860299, 0.0 ], [ 110.10330763779173, 25.20346869854685, 0.0 ], [ 110.103420586784466, 25.203570873362324, 0.0 ], [ 110.103643099974931, 25.203527535880248, 0.0 ], [ 110.103858883893821, 25.203463960405251, 0.0 ], [ 110.104223552369234, 25.203343273027492, 0.0 ], [ 110.104381025330639, 25.203193824960731, 0.0 ], [ 110.104474797275287, 25.203021864438355, 0.0 ], [ 110.104301616925738, 25.202967919334547, 0.0 ], [ 110.104074462561641, 25.202955659870714, 0.0 ] ] ] } },
{ "type": "Feature", "properties": { }, "geometry": { "type": "Polygon", "coordinates": [ [ [ 110.113008283603463, 25.215941979245212, 0.0 ], [ 110.112785993240834, 25.215843362888883, 0.0 ], [ 110.112585239124556, 25.215986769581868, 0.0 ], [ 110.112520020882414, 25.216205454699665, 0.0 ], [ 110.112491027310753, 25.216439280800433, 0.0 ], [ 110.112493522487796, 25.216674846626727, 0.0 ], [ 110.112517018564915, 25.216909446091012, 0.0 ], [ 110.112522285133025, 25.217144936166935, 0.0 ], [ 110.112632706520827, 25.217267099070149, 0.0 ], [ 110.112890277598567, 25.217242698222716, 0.0 ], [ 110.113008714119331, 25.217045835827609, 0.0 ], [ 110.113098071822478, 25.216824727964536, 0.0 ], [ 110.113153713139425, 25.216594711885101, 0.0 ], [ 110.113208461886657, 25.216364460014194, 0.0 ], [ 110.113128174487812, 25.216150788627708, 0.0 ], [ 110.113008283603463, 25.215941979245212, 0.0 ] ] ] } },
{ "type": "Feature", "properties": { }, "geometry": { "type": "Polygon", "coordinates": [ [ [ 110.095398495207093, 25.209516740664537, 0.0 ], [ 110.094422165551862, 25.209282004519874, 0.0 ], [ 110.094653519575914, 25.210014248290872, 0.0 ], [ 110.094591081090698, 25.210491873888863, 0.0 ], [ 110.094122184760636, 25.210685571026129, 0.0 ], [ 110.094102162819823, 25.211150777927262, 0.0 ], [ 110.094305431635377, 25.211483620698065, 0.0 ], [ 110.094596816170466, 25.211106041366531, 0.0 ], [ 110.09498509950366, 25.211020265276822, 0.0 ], [ 110.095215023132909, 25.210577657293449, 0.0 ], [ 110.095497387622103, 25.210159679447852, 0.0 ], [ 110.095773565611495, 25.209738423879138, 0.0 ], [ 110.095398495207093, 25.209516740664537, 0.0 ] ] ] } },
{ "type": "Feature", "properties": { }, "geometry": { "type": "Polygon", "coordinates": [ [ [ 110.096447782821713, 25.211353774015667, 0.0 ], [ 110.096011504768754, 25.211052923391755, 0.0 ], [ 110.095551303296517, 25.211329150188529, 0.0 ], [ 110.095040554577565, 25.211044225196694, 0.0 ], [ 110.094798425304063, 25.211667332099651, 0.0 ], [ 110.094908669693453, 25.212078350593728, 0.0 ], [ 110.095569041560083, 25.212251739997907, 0.0 ], [ 110.095941838518073, 25.212341222692551, 0.0 ], [ 110.096383205533499, 25.212766670415206, 0.0 ], [ 110.096922659048246, 25.213164775777905, 0.0 ], [ 110.097305791262201, 25.212771886189572, 0.0 ], [ 110.096902253928533, 25.212528852038837, 0.0 ], [ 110.096986224166344, 25.211967621019571, 0.0 ], [ 110.096980648331723, 25.211571535630867, 0.0 ], [ 110.096447782821713, 25.211353774015667, 0.0 ] ] ] } },
{ "type": "Feature", "properties": { }, "geometry": { "type": "Polygon", "coordinates": [ [ [ 110.09613865199978, 25.209668672982527, 0.0 ], [ 110.096003857239637, 25.209615959213053, 0.0 ], [ 110.095861493774848, 25.209745371195975, 0.0 ], [ 110.095745281178182, 25.209893959451893, 0.0 ], [ 110.095655262423321, 25.210055140873912, 0.0 ], [ 110.095595198620984, 25.210178134147473, 0.0 ], [ 110.095691090193995, 25.210339071633733, 0.0 ], [ 110.095770304507411, 25.210507503119768, 0.0 ], [ 110.095919886899566, 25.210619316941219, 0.0 ], [ 110.096070701265617, 25.210538001981895, 0.0 ], [ 110.09624342238611, 25.210447265973162, 0.0 ], [ 110.096366844664018, 25.210338536069681, 0.0 ], [ 110.096319303130059, 25.210161655002068, 0.0 ], [ 110.096257700900836, 25.209816431763137, 0.0 ], [ 110.09613865199978, 25.209668672982527, 0.0 ] ] ] } },
{ "type": "Feature", "properties": { }, "geometry": { "type": "Polygon", "coordinates": [ [ [ 110.086643390413656, 25.204451273325603, 0.0 ], [ 110.086252332199919, 25.204374587964136, 0.0 ], [ 110.085997021533217, 25.20456273247115, 0.0 ], [ 110.085793082197156, 25.20484981870057, 0.0 ], [ 110.085840774093825, 25.205097383768198, 0.0 ], [ 110.085867635154401, 25.205456436315107, 0.0 ], [ 110.085878565356708, 25.205773408229938, 0.0 ], [ 110.085607430470091, 25.20600444418583, 0.0 ], [ 110.085769525581966, 25.206209501626383, 0.0 ], [ 110.085985297414879, 25.20598576464015, 0.0 ], [ 110.086190334052148, 25.205757170382263, 0.0 ], [ 110.086288947810104, 25.20540632260203, 0.0 ], [ 110.086288941257209, 25.205048744537329, 0.0 ], [ 110.086365626206387, 25.204692323603005, 0.0 ], [ 110.086702794449806, 25.204645465673497, 0.0 ], [ 110.086643390413656, 25.204451273325603, 0.0 ] ] ] } },
{ "type": "Feature", "properties": { }, "geometry": { "type": "Polygon", "coordinates": [ [ [ 110.117215311296732, 25.245592016905462, 0.0 ], [ 110.116846397151065, 25.2453197757578, 0.0 ], [ 110.116447693002101, 25.24562326036936, 0.0 ], [ 110.116105131154356, 25.245691300217459, 0.0 ], [ 110.116284868657033, 25.246144455550748, 0.0 ], [ 110.116530219609658, 25.246484744216943, 0.0 ], [ 110.116841739635731, 25.246699429568714, 0.0 ], [ 110.117028371271914, 25.246427828276737, 0.0 ], [ 110.117231048158487, 25.246096186410497, 0.0 ], [ 110.117543133907688, 25.245958197122867, 0.0 ], [ 110.117215311296732, 25.245592016905462, 0.0 ] ] ] } },
{ "type": "Feature", "properties": { }, "geometry": { "type": "Polygon", "coordinates": [ [ [ 110.134340782392982, 25.2455973447525, 0.0 ], [ 110.133805406084093, 25.245498473353926, 0.0 ], [ 110.133703698768329, 25.245950658113717, 0.0 ], [ 110.133628463971448, 25.246455738379531, 0.0 ], [ 110.133557144395382, 25.246961220192627, 0.0 ], [ 110.133476194060847, 25.24746546018514, 0.0 ], [ 110.133897115494293, 25.247560289253435, 0.0 ], [ 110.133988815266818, 25.247059265736333, 0.0 ], [ 110.134219614508041, 25.24660084124892, 0.0 ], [ 110.13429068769608, 25.246095275310449, 0.0 ], [ 110.134340782392982, 25.2455973447525, 0.0 ] ] ] } },
{ "type": "Feature", "properties": { }, "geometry": { "type": "Polygon", "coordinates": [ [ [ 110.132326133573613, 25.246998688015605, 0.0 ], [ 110.132025881668156, 25.246885772681555, 0.0 ], [ 110.131831995151472, 25.247029559137875, 0.0 ], [ 110.13194725497722, 25.247277584996585, 0.0 ], [ 110.132181805624683, 25.24744576127965, 0.0 ], [ 110.132480439317504, 25.247561467774563, 0.0 ], [ 110.132776895846334, 25.247682660109767, 0.0 ], [ 110.132964819476172, 25.247544923107483, 0.0 ], [ 110.132825802424136, 25.247345061925692, 0.0 ], [ 110.132575246982384, 25.247170149353977, 0.0 ], [ 110.132326133573613, 25.246998688015605, 0.0 ] ] ] } },
{ "type": "Feature", "properties": { }, "geometry": { "type": "Polygon", "coordinates": [ [ [ 110.115202945156597, 25.232938601191687, 0.0 ], [ 110.114756048208307, 25.232594223283947, 0.0 ], [ 110.113647021104626, 25.232893723152134, 0.0 ], [ 110.113232347663299, 25.232985633639867, 0.0 ], [ 110.113429410520084, 25.233519489220871, 0.0 ], [ 110.113823387455099, 25.233875869313987, 0.0 ], [ 110.114897691099614, 25.233533937597926, 0.0 ], [ 110.115293535160404, 25.233396991551665, 0.0 ], [ 110.115202945156597, 25.232938601191687, 0.0 ] ] ] } },
{ "type": "Feature", "properties": { }, "geometry": { "type": "Polygon", "coordinates": [ [ [ 110.194329582805921, 25.225040763844873, 0.0 ], [ 110.194195913006027, 25.2249724421828, 0.0 ], [ 110.194096001927065, 25.225149027574044, 0.0 ], [ 110.19414544883243, 25.225348951675144, 0.0 ], [ 110.194263118957565, 25.225523162646962, 0.0 ], [ 110.194410924794852, 25.225638601590468, 0.0 ], [ 110.194633002797644, 25.225675187561457, 0.0 ], [ 110.194671609681933, 25.225572274183776, 0.0 ], [ 110.1945541814911, 25.225396317955123, 0.0 ], [ 110.194425413840165, 25.225226344784133, 0.0 ], [ 110.194329582805921, 25.225040763844873, 0.0 ] ] ] } },
{ "type": "Feature", "properties": { }, "geometry": { "type": "Polygon", "coordinates": [ [ [ 110.200624704761182, 25.22540572404688, 0.0 ], [ 110.200459569780378, 25.225365616004058, 0.0 ], [ 110.200351517814923, 25.225514150419887, 0.0 ], [ 110.200232538670789, 25.225659892019383, 0.0 ], [ 110.200408848481075, 25.225723094994159, 0.0 ], [ 110.200633455528106, 25.225775043031323, 0.0 ], [ 110.200862574788374, 25.225802128748171, 0.0 ], [ 110.201010925431873, 25.225728375724177, 0.0 ], [ 110.200996802243935, 25.225517737118146, 0.0 ], [ 110.200765392587556, 25.225502739947327, 0.0 ], [ 110.200624704761182, 25.22540572404688, 0.0 ] ] ] } },
{ "type": "Feature", "properties": { }, "geometry": { "type": "Polygon", "coordinates": [ [ [ 110.195325082038877, 25.225587763424759, 0.0 ], [ 110.195007663755874, 25.225535251862116, 0.0 ], [ 110.194799671804972, 25.225704424181313, 0.0 ], [ 110.194897922352965, 25.225950059135457, 0.0 ], [ 110.195228853237069, 25.225951988844255, 0.0 ], [ 110.195559790179274, 25.225952568788689, 0.0 ], [ 110.195889075577625, 25.225932330079491, 0.0 ], [ 110.196204026510202, 25.225846484298856, 0.0 ], [ 110.195906250850811, 25.225760994943244, 0.0 ], [ 110.195598284883232, 25.225673280723385, 0.0 ], [ 110.195325082038877, 25.225587763424759, 0.0 ] ] ] } },
{ "type": "Feature", "properties": { }, "geometry": { "type": "Polygon", "coordinates": [ [ [ 110.195204838642397, 25.226487973236676, 0.0 ], [ 110.19559618975407, 25.22625724862748, 0.0 ], [ 110.195956334969281, 25.226301326537044, 0.0 ], [ 110.19629720773446, 25.226003410934112, 0.0 ], [ 110.196310885918408, 25.225838879396687, 0.0 ], [ 110.195870033305269, 25.225979478894619, 0.0 ], [ 110.19540046479004, 25.225997356996981, 0.0 ], [ 110.194929966595652, 25.226022851802746, 0.0 ], [ 110.194870425778333, 25.226255110211905, 0.0 ], [ 110.195204838642397, 25.226487973236676, 0.0 ] ] ] } },
{ "type": "Feature", "properties": { }, "geometry": { "type": "Polygon", "coordinates": [ [ [ 110.206852626963069, 25.214085996257349, 0.0 ], [ 110.206762286619707, 25.214076488367049, 0.0 ], [ 110.206737912734965, 25.21410948336813, 0.0 ], [ 110.206777754720278, 25.214183853354019, 0.0 ], [ 110.206824898021864, 25.214254592540588, 0.0 ], [ 110.206872202478465, 25.214325251600016, 0.0 ], [ 110.206927603331224, 25.214328396593928, 0.0 ], [ 110.206988147862617, 25.214266803416663, 0.0 ], [ 110.206969011434552, 25.214206877350868, 0.0 ], [ 110.20690207741373, 25.214153204378427, 0.0 ], [ 110.206852626963069, 25.214085996257349, 0.0 ] ] ] } },
{ "type": "Feature", "properties": { }, "geometry": { "type": "Polygon", "coordinates": [ [ [ 110.20718183593965, 25.214978756452926, 0.0 ], [ 110.207327626778479, 25.214938885940221, 0.0 ], [ 110.207497333409194, 25.214957332918654, 0.0 ], [ 110.207623142406078, 25.214910176207457, 0.0 ], [ 110.207548590162034, 25.214840325283483, 0.0 ], [ 110.20745015998051, 25.214713525898844, 0.0 ], [ 110.207373485920613, 25.214577333553041, 0.0 ], [ 110.207206424768344, 25.21463031936279, 0.0 ], [ 110.207050681927967, 25.214679885989387, 0.0 ], [ 110.207114770409078, 25.214829822482333, 0.0 ], [ 110.20718183593965, 25.214978756452926, 0.0 ] ] ] } },
{ "type": "Feature", "properties": { }, "geometry": { "type": "Polygon", "coordinates": [ [ [ 110.207125334059228, 25.214996224386685, 0.0 ], [ 110.207033121287239, 25.214790257128293, 0.0 ], [ 110.206827077734729, 25.214831816442832, 0.0 ], [ 110.206624296500948, 25.214937505475639, 0.0 ], [ 110.206392259477667, 25.214889533547417, 0.0 ], [ 110.206253142971207, 25.214977617066545, 0.0 ], [ 110.206343821001852, 25.215118091287703, 0.0 ], [ 110.206581739199876, 25.215169252115455, 0.0 ], [ 110.206824465554732, 25.215183833645064, 0.0 ], [ 110.207059939277201, 25.215144094311494, 0.0 ], [ 110.207125334059228, 25.214996224386685, 0.0 ] ] ] } },
{ "type": "Feature", "properties": { }, "geometry": { "type": "Polygon", "coordinates": [ [ [ 110.211796003340638, 25.215204241206731, 0.0 ], [ 110.211695234288513, 25.215190424240252, 0.0 ], [ 110.21155514685816, 25.215210549244713, 0.0 ], [ 110.21141549994978, 25.215232936016911, 0.0 ], [ 110.211290850578678, 25.215265655530512, 0.0 ], [ 110.211333524173298, 25.215388694103783, 0.0 ], [ 110.211398704736013, 25.215498923053723, 0.0 ], [ 110.211518787013617, 25.215454067912823, 0.0 ], [ 110.211633277454837, 25.215391095632068, 0.0 ], [ 110.211697107850384, 25.215286866983263, 0.0 ], [ 110.211796003340638, 25.215204241206731, 0.0 ] ] ] } },
{ "type": "Feature", "properties": { }, "geometry": { "type": "Polygon", "coordinates": [ [ [ 110.207512948915294, 25.216322142424989, 0.0 ], [ 110.207318809883631, 25.216300021869213, 0.0 ], [ 110.207098413065324, 25.216390673959111, 0.0 ], [ 110.206907999115089, 25.216494875024576, 0.0 ], [ 110.206985827217395, 25.216702739539773, 0.0 ], [ 110.206986858736471, 25.216920300959917, 0.0 ], [ 110.207147841631638, 25.217003786377145, 0.0 ], [ 110.207235279420615, 25.216870412886287, 0.0 ], [ 110.207244384481726, 25.216658578410108, 0.0 ], [ 110.207376167491233, 25.216493234165668, 0.0 ], [ 110.207512948915294, 25.216322142424989, 0.0 ] ] ] } },
{ "type": "Feature", "properties": { }, "geometry": { "type": "Polygon", "coordinates": [ [ [ 110.206586916587625, 25.206443388528537, 0.0 ], [ 110.206405305802335, 25.206314776388904, 0.0 ], [ 110.206199420364044, 25.206325047870894, 0.0 ], [ 110.205986013003837, 25.206395765927383, 0.0 ], [ 110.205827608546585, 25.2064670673604, 0.0 ], [ 110.205781576034681, 25.206652694924088, 0.0 ], [ 110.206189840539821, 25.206834003563824, 0.0 ], [ 110.206341032452983, 25.2067771074578, 0.0 ], [ 110.206483374055338, 25.206612833914615, 0.0 ], [ 110.206586916587625, 25.206443388528537, 0.0 ] ] ] } },
{ "type": "Feature", "properties": { }, "geometry": { "type": "Polygon", "coordinates": [ [ [ 110.23362110060512, 25.221652217285737, 0.0 ], [ 110.233577126676096, 25.221623862209363, 0.0 ], [ 110.233504913890158, 25.221636754269337, 0.0 ], [ 110.233432701089896, 25.221649646293635, 0.0 ], [ 110.23339059126711, 25.221680767054764, 0.0 ], [ 110.233405381016311, 25.221746343157694, 0.0 ], [ 110.233437396583838, 25.221786630973064, 0.0 ], [ 110.233508592881918, 25.221769694647218, 0.0 ], [ 110.233579789161197, 25.22175275828657, 0.0 ], [ 110.233640232973812, 25.22171685728717, 0.0 ], [ 110.23362110060512, 25.221652217285737, 0.0 ] ] ] } },
{ "type": "Feature", "properties": { }, "geometry": { "type": "Polygon", "coordinates": [ [ [ 110.233262682825057, 25.221549428220133, 0.0 ], [ 110.233177727135285, 25.221537295558683, 0.0 ], [ 110.23310957562957, 25.221580356972087, 0.0 ], [ 110.233126881835375, 25.221678612172806, 0.0 ], [ 110.233144188066788, 25.221776867370849, 0.0 ], [ 110.233161494323753, 25.221875122566228, 0.0 ], [ 110.233238785401568, 25.221900732753443, 0.0 ], [ 110.233316252816081, 25.221842717145833, 0.0 ], [ 110.233305624353704, 25.221744573880521, 0.0 ], [ 110.233284153573265, 25.221647001052119, 0.0 ], [ 110.233262682825057, 25.221549428220133, 0.0 ] ] ] } },
{ "type": "Feature", "properties": { }, "geometry": { "type": "Polygon", "coordinates": [ [ [ 110.232761500805154, 25.222682591094092, 0.0 ], [ 110.232616682482288, 25.222609686976813, 0.0 ], [ 110.232472671270642, 25.222686994496122, 0.0 ], [ 110.232309542475647, 25.222716830753502, 0.0 ], [ 110.2321433931032, 25.222738000637992, 0.0 ], [ 110.232029589839101, 25.22280040341084, 0.0 ], [ 110.232080734614854, 25.22294579245731, 0.0 ], [ 110.232123047994691, 25.223093514501656, 0.0 ], [ 110.232158457789666, 25.223242350428361, 0.0 ], [ 110.232174578093122, 25.223394298677142, 0.0 ], [ 110.232181868690589, 25.22354666892852, 0.0 ], [ 110.232250680916579, 25.223664227788579, 0.0 ], [ 110.232380668294965, 25.22362021947492, 0.0 ], [ 110.232488008591858, 25.223506520345641, 0.0 ], [ 110.23257070829132, 25.223373688978025, 0.0 ], [ 110.23267014465803, 25.223254728506411, 0.0 ], [ 110.232762730583005, 25.223132674023024, 0.0 ], [ 110.23286379366067, 25.223011564998671, 0.0 ], [ 110.232970449589587, 25.222918077295699, 0.0 ], [ 110.232858715044799, 25.222807023058063, 0.0 ], [ 110.232761500805154, 25.222682591094092, 0.0 ] ] ] } },
{ "type": "Feature", "properties": { }, "geometry": { "type": "Polygon", "coordinates": [ [ [ 110.236250689951305, 25.218485995816277, 0.0 ], [ 110.23647259225757, 25.218072847548573, 0.0 ], [ 110.235739793549868, 25.218164101246852, 0.0 ], [ 110.235086747206921, 25.218494903255767, 0.0 ], [ 110.234418828205392, 25.218782961654291, 0.0 ], [ 110.233641372315262, 25.219243285297896, 0.0 ], [ 110.232672091572383, 25.219296108461517, 0.0 ], [ 110.231737634325171, 25.219300958737715, 0.0 ], [ 110.231080384223787, 25.219687271560705, 0.0 ], [ 110.231264391376214, 25.220565266763174, 0.0 ], [ 110.231541169997641, 25.221423091096977, 0.0 ], [ 110.23184396755471, 25.222273960866385, 0.0 ], [ 110.232449746281006, 25.222574180788314, 0.0 ], [ 110.232720987021978, 25.221720190413848, 0.0 ], [ 110.232741077404611, 25.220871241903939, 0.0 ], [ 110.232863270387242, 25.220037152214147, 0.0 ], [ 110.233826110947106, 25.219959034844717, 0.0 ], [ 110.234670750308752, 25.219603801531019, 0.0 ], [ 110.235485103846187, 25.219207875259283, 0.0 ], [ 110.236250689951305, 25.218485995816277, 0.0 ] ] ] } },
{ "type": "Feature", "properties": { }, "geometry": { "type": "Polygon", "coordinates": [ [ [ 110.232378123625182, 25.216713586286527, 0.0 ], [ 110.232406300442378, 25.21649096711813, 0.0 ], [ 110.232172331303374, 25.216591142873778, 0.0 ], [ 110.23193632464212, 25.216764828017869, 0.0 ], [ 110.231702836865892, 25.216941330927906, 0.0 ], [ 110.231470878673164, 25.217119499494832, 0.0 ], [ 110.231238919807666, 25.217297667677567, 0.0 ], [ 110.231015525320814, 25.217484642042674, 0.0 ], [ 110.230801786747492, 25.217680517415527, 0.0 ], [ 110.23065508872692, 25.217917948708639, 0.0 ], [ 110.230699172621982, 25.218188413920554, 0.0 ], [ 110.23095399160438, 25.218196368748046, 0.0 ], [ 110.231251605970087, 25.218141851338789, 0.0 ], [ 110.231420230076154, 25.218022291706841, 0.0 ], [ 110.231381425370671, 25.217748519676348, 0.0 ], [ 110.231758919723859, 25.217225713047203, 0.0 ], [ 110.23199968527058, 25.217059041898835, 0.0 ], [ 110.232252473362252, 25.216908464636354, 0.0 ], [ 110.232378123625182, 25.216713586286527, 0.0 ] ] ] } },
{ "type": "Feature", "properties": { }, "geometry": { "type": "Polygon", "coordinates": [ [ [ 110.230549072436233, 25.217854173766632, 0.0 ], [ 110.229719077887481, 25.217755993107552, 0.0 ], [ 110.229522513475956, 25.21825097167677, 0.0 ], [ 110.230275520993544, 25.21854601630465, 0.0 ], [ 110.230487412672758, 25.219406729803129, 0.0 ], [ 110.230529841831725, 25.220179486800973, 0.0 ], [ 110.230293791974887, 25.220813204303159, 0.0 ], [ 110.229844936011304, 25.220817471574239, 0.0 ], [ 110.229620718200863, 25.221309782578146, 0.0 ], [ 110.230264620634443, 25.22187083102536, 0.0 ], [ 110.230699030260439, 25.222530598616444, 0.0 ], [ 110.231290296185989, 25.223156553998802, 0.0 ], [ 110.231798526124322, 25.223710538570675, 0.0 ], [ 110.231972916930232, 25.222972081969363, 0.0 ], [ 110.231690399025709, 25.222128326553065, 0.0 ], [ 110.231387857023549, 25.221290353075016, 0.0 ], [ 110.231123117787703, 25.220442628590252, 0.0 ], [ 110.23093835835671, 25.21957734384403, 0.0 ], [ 110.230728691927567, 25.218716186415374, 0.0 ], [ 110.230549072436233, 25.217854173766632, 0.0 ] ] ] } },
{ "type": "Feature", "properties": { }, "geometry": { "type": "Polygon", "coordinates": [ [ [ 110.239034007317116, 25.214090562815432, 0.0 ], [ 110.238906149647562, 25.21408797838188, 0.0 ], [ 110.238912109533445, 25.214170710278683, 0.0 ], [ 110.238965647881514, 25.214269764934532, 0.0 ], [ 110.239093505747135, 25.214272349178085, 0.0 ], [ 110.239221363621368, 25.214274933311184, 0.0 ], [ 110.239349221504028, 25.214277517333802, 0.0 ], [ 110.239477079395201, 25.214280101245965, 0.0 ], [ 110.239489507552136, 25.214390630060567, 0.0 ], [ 110.239496389326902, 25.214506774419952, 0.0 ], [ 110.239520806450912, 25.214620848895674, 0.0 ], [ 110.239546736784959, 25.214648063048003, 0.0 ], [ 110.239565687987437, 25.214562579503326, 0.0 ], [ 110.239550689212663, 25.21444897108584, 0.0 ], [ 110.239561237149587, 25.214333140182791, 0.0 ], [ 110.239553337614353, 25.214217019814527, 0.0 ], [ 110.239545438080526, 25.214100899445025, 0.0 ], [ 110.239417580376909, 25.214098315453324, 0.0 ], [ 110.239289722681789, 25.214095731351151, 0.0 ], [ 110.239161864995197, 25.214093147138531, 0.0 ], [ 110.239034007317116, 25.214090562815432, 0.0 ] ] ] } },
{ "type": "Feature", "properties": { }, "geometry": { "type": "Polygon", "coordinates": [ [ [ 110.236138767471431, 25.214130466920441, 0.0 ], [ 110.236129745275861, 25.214098797658735, 0.0 ], [ 110.236103275581485, 25.214107227911644, 0.0 ], [ 110.236068760906008, 25.214115360596313, 0.0 ], [ 110.235913213853365, 25.214100202252375, 0.0 ], [ 110.235884672972205, 25.214117384932681, 0.0 ], [ 110.23585585083282, 25.214138351661436, 0.0 ], [ 110.235865250855568, 25.214149262282916, 0.0 ], [ 110.235901946343063, 25.214152826551448, 0.0 ], [ 110.235938641832874, 25.214156390810917, 0.0 ], [ 110.235975337325002, 25.214159955062879, 0.0 ], [ 110.236012032812653, 25.214163519363677, 0.0 ], [ 110.236048728302691, 25.214167083655433, 0.0 ], [ 110.236085423795132, 25.214170647938122, 0.0 ], [ 110.236122119289959, 25.214174212211741, 0.0 ], [ 110.236143219001747, 25.214163793877905, 0.0 ], [ 110.236138767471431, 25.214130466920441, 0.0 ] ] ] } },
{ "type": "Feature", "properties": { }, "geometry": { "type": "Polygon", "coordinates": [ [ [ 110.237168480304902, 25.214052048975432, 0.0 ], [ 110.236966091438831, 25.214045923496876, 0.0 ], [ 110.236952414588046, 25.21408854533918, 0.0 ], [ 110.237041100024143, 25.214232300892704, 0.0 ], [ 110.236921030275155, 25.214333865584063, 0.0 ], [ 110.237033081530086, 25.214444988918551, 0.0 ], [ 110.237204852193727, 25.214536995738339, 0.0 ], [ 110.237369930808129, 25.214643693013034, 0.0 ], [ 110.237547745338304, 25.214692351949772, 0.0 ], [ 110.237677289180127, 25.214620467679655, 0.0 ], [ 110.237774443967098, 25.214506817070518, 0.0 ], [ 110.237949488175133, 25.214464630781325, 0.0 ], [ 110.237950795198174, 25.214287465540419, 0.0 ], [ 110.237941525323976, 25.214103440255602, 0.0 ], [ 110.237775813700353, 25.214065126243909, 0.0 ], [ 110.237573362132821, 25.214061032128786, 0.0 ], [ 110.237370912519822, 25.214056860671541, 0.0 ], [ 110.237168480304902, 25.214052048975432, 0.0 ] ] ] } },
{ "type": "Feature", "properties": { }, "geometry": { "type": "Polygon", "coordinates": [ [ [ 110.236024759124234, 25.214767468138032, 0.0 ], [ 110.23613159829813, 25.214740133904485, 0.0 ], [ 110.236275250914758, 25.214748901309342, 0.0 ], [ 110.236418168555261, 25.21476332529253, 0.0 ], [ 110.2365597774306, 25.214786982250782, 0.0 ], [ 110.236630059381554, 25.214708227152592, 0.0 ], [ 110.236507989532896, 25.21465229990709, 0.0 ], [ 110.236369700242975, 25.214632272124135, 0.0 ], [ 110.235973834894779, 25.214588987335777, 0.0 ], [ 110.23584864569446, 25.214529456800921, 0.0 ], [ 110.235705687176832, 25.214532368008484, 0.0 ], [ 110.235565350468519, 25.214556134388488, 0.0 ], [ 110.235432656642914, 25.214564248073991, 0.0 ], [ 110.23544802874693, 25.214685043547689, 0.0 ], [ 110.235524675783012, 25.21475190873845, 0.0 ], [ 110.235642779432567, 25.214787919321001, 0.0 ], [ 110.235786095849136, 25.214799954819199, 0.0 ], [ 110.235929849913077, 25.214807238588115, 0.0 ], [ 110.236024759124234, 25.214767468138032, 0.0 ] ] ] } },
{ "type": "Feature", "properties": { }, "geometry": { "type": "Polygon", "coordinates": [ [ [ 110.258370052385303, 25.221983684642218, 0.0 ], [ 110.257952543615787, 25.220798295843643, 0.0 ], [ 110.257847567668762, 25.219947206311407, 0.0 ], [ 110.257637263078678, 25.218844784134564, 0.0 ], [ 110.258243780436501, 25.217664283811729, 0.0 ], [ 110.257469906413775, 25.21666792386096, 0.0 ], [ 110.257095850367833, 25.217404870771919, 0.0 ], [ 110.256073977569798, 25.219385797366126, 0.0 ], [ 110.254842374453034, 25.220053149861879, 0.0 ], [ 110.254422253429979, 25.220726947283822, 0.0 ], [ 110.255173655234202, 25.221715604314745, 0.0 ], [ 110.256545966066625, 25.221507306109643, 0.0 ], [ 110.257429750009493, 25.222217718592393, 0.0 ], [ 110.257615515669343, 25.223390205847004, 0.0 ], [ 110.258071692314431, 25.224353765195271, 0.0 ], [ 110.258813589042362, 25.22532346301692, 0.0 ], [ 110.259518379828179, 25.224343026103149, 0.0 ], [ 110.259021770370296, 25.223156604383036, 0.0 ], [ 110.258370052385303, 25.221983684642218, 0.0 ] ] ] } },
{ "type": "Feature", "properties": { }, "geometry": { "type": "Polygon", "coordinates": [ [ [ 110.23616568785792, 25.208538185952698, 0.0 ], [ 110.236110793463965, 25.208528977296584, 0.0 ], [ 110.236108253340205, 25.208579554452388, 0.0 ], [ 110.236106517072969, 25.208630312244871, 0.0 ], [ 110.236116132794365, 25.208679775160082, 0.0 ], [ 110.236144321242833, 25.208723211302964, 0.0 ], [ 110.236198942983023, 25.208730706467627, 0.0 ], [ 110.236254717839557, 25.208728666632688, 0.0 ], [ 110.236310492694827, 25.20872662677667, 0.0 ], [ 110.236366267548846, 25.20872458689956, 0.0 ], [ 110.236422042401585, 25.208722547001376, 0.0 ], [ 110.236477817253075, 25.208720507082106, 0.0 ], [ 110.236527382424256, 25.208709440555388, 0.0 ], [ 110.236521431167716, 25.208659081261491, 0.0 ], [ 110.236483316176489, 25.208630827283635, 0.0 ], [ 110.236431356276128, 25.208612271290718, 0.0 ], [ 110.236379396391968, 25.208593715279854, 0.0 ], [ 110.236327436523993, 25.208575159251058, 0.0 ], [ 110.236275476672233, 25.208556603204325, 0.0 ], [ 110.236220582260643, 25.20854739458861, 0.0 ], [ 110.23616568785792, 25.208538185952698, 0.0 ] ] ] } },
{ "type": "Feature", "properties": { }, "geometry": { "type": "Polygon", "coordinates": [ [ [ 110.234737389012494, 25.208167030940345, 0.0 ], [ 110.234554867004135, 25.208142627336368, 0.0 ], [ 110.234410835383542, 25.208181834168986, 0.0 ], [ 110.234591411951712, 25.208218396861046, 0.0 ], [ 110.234771988684358, 25.208254959128038, 0.0 ], [ 110.234937708358018, 25.208321193608246, 0.0 ], [ 110.235105655381233, 25.208391762706185, 0.0 ], [ 110.235252388453077, 25.208488463556133, 0.0 ], [ 110.235330221392573, 25.208640099854083, 0.0 ], [ 110.235456872507967, 25.20871868911685, 0.0 ], [ 110.23593541299293, 25.208522973118924, 0.0 ], [ 110.235257991551293, 25.208330355508583, 0.0 ], [ 110.235094593099035, 25.208251441774468, 0.0 ], [ 110.234917768600297, 25.208204389678261, 0.0 ], [ 110.234737389012494, 25.208167030940345, 0.0 ] ] ] } },
{ "type": "Feature", "properties": { }, "geometry": { "type": "Polygon", "coordinates": [ [ [ 110.239167129539041, 25.208812749461384, 0.0 ], [ 110.239036922996874, 25.208658973813559, 0.0 ], [ 110.238994938430039, 25.208679209981486, 0.0 ], [ 110.239058953100127, 25.209061617506091, 0.0 ], [ 110.239134852107838, 25.209662950598961, 0.0 ], [ 110.239448395613636, 25.210304277127847, 0.0 ], [ 110.239425460020541, 25.210110712167037, 0.0 ], [ 110.239402918827679, 25.209916140609153, 0.0 ], [ 110.239388506972219, 25.20972093697684, 0.0 ], [ 110.23937603682856, 25.209525604253393, 0.0 ], [ 110.239363567005327, 25.209330271509415, 0.0 ], [ 110.239351097388692, 25.209134938750935, 0.0 ], [ 110.239319359316497, 25.208949867200179, 0.0 ], [ 110.239167129539041, 25.208812749461384, 0.0 ] ] ] } },
{ "type": "Feature", "properties": { }, "geometry": { "type": "Polygon", "coordinates": [ [ [ 110.233428692011984, 25.201386184045969, 0.0 ], [ 110.233460985404079, 25.201327322718601, 0.0 ], [ 110.233517665773178, 25.20133079765851, 0.0 ], [ 110.233550457309889, 25.201284329242338, 0.0 ], [ 110.233534640506292, 25.201239016622804, 0.0 ], [ 110.233468182959697, 25.20121309322575, 0.0 ], [ 110.2334142231377, 25.201230901845616, 0.0 ], [ 110.233367387431159, 25.201280944321681, 0.0 ], [ 110.233318465614644, 25.201329387992725, 0.0 ], [ 110.233270086194523, 25.20137827833959, 0.0 ], [ 110.23322196390896, 25.201427380450689, 0.0 ], [ 110.233260757268923, 25.201476367936465, 0.0 ], [ 110.23330903587032, 25.201525342899636, 0.0 ], [ 110.233359500885996, 25.20157212671986, 0.0 ], [ 110.233417733945515, 25.201611125630823, 0.0 ], [ 110.233465904285339, 25.201626172073507, 0.0 ], [ 110.233489437038301, 25.201564079352007, 0.0 ], [ 110.233456605296169, 25.201524395687727, 0.0 ], [ 110.233405280472383, 25.201491066606746, 0.0 ], [ 110.233439254304372, 25.201432993546167, 0.0 ], [ 110.233428692011984, 25.201386184045969, 0.0 ] ] ] } },
{ "type": "Feature", "properties": { }, "geometry": { "type": "Polygon", "coordinates": [ [ [ 110.23192213334697, 25.202412328591297, 0.0 ], [ 110.231897616538092, 25.20235112195186, 0.0 ], [ 110.231856288676028, 25.202323541908999, 0.0 ], [ 110.231794895597204, 25.202357106226547, 0.0 ], [ 110.231728491077078, 25.202381351827796, 0.0 ], [ 110.231659305802964, 25.202385233841255, 0.0 ], [ 110.231599223552408, 25.202350880121287, 0.0 ], [ 110.231541250527471, 25.20231261162542, 0.0 ], [ 110.231489333623742, 25.202348976793079, 0.0 ], [ 110.231443459272043, 25.202393938222301, 0.0 ], [ 110.231479765658165, 25.202450110438335, 0.0 ], [ 110.231516072077142, 25.202506282645828, 0.0 ], [ 110.231552378602174, 25.202562454805619, 0.0 ], [ 110.231588685238151, 25.202618626915079, 0.0 ], [ 110.231636113634707, 25.202652017281242, 0.0 ], [ 110.231706264282167, 25.202638863392181, 0.0 ], [ 110.231768788554533, 25.202620396855405, 0.0 ], [ 110.231782382576213, 25.202560826737539, 0.0 ], [ 110.231828966204304, 25.202511327371361, 0.0 ], [ 110.231875549794552, 25.202461827989271, 0.0 ], [ 110.23192213334697, 25.202412328591297, 0.0 ] ] ] } },
{ "type": "Feature", "properties": { }, "geometry": { "type": "Polygon", "coordinates": [ [ [ 110.255653107526228, 25.203602839573964, 0.0 ], [ 110.255630210389384, 25.20357560083886, 0.0 ], [ 110.255599154910968, 25.203603256095487, 0.0 ], [ 110.255569130861446, 25.203631825398514, 0.0 ], [ 110.25553956018851, 25.20366079648398, 0.0 ], [ 110.255525979816312, 25.203691894063276, 0.0 ], [ 110.255545198745011, 25.203727353491828, 0.0 ], [ 110.255564417684653, 25.203762812917976, 0.0 ], [ 110.255583636635137, 25.2037982723417, 0.0 ], [ 110.255602855596678, 25.203833731763023, 0.0 ], [ 110.255632083140966, 25.203850213674759, 0.0 ], [ 110.255674511461748, 25.203841665248152, 0.0 ], [ 110.255715544396054, 25.20382892574133, 0.0 ], [ 110.255756055086408, 25.203814617674073, 0.0 ], [ 110.25579491910365, 25.203797008911252, 0.0 ], [ 110.255766708917022, 25.203771308847703, 0.0 ], [ 110.255743420225841, 25.203737929524674, 0.0 ], [ 110.255720131547122, 25.203704550198115, 0.0 ], [ 110.255696842880965, 25.203671170868034, 0.0 ], [ 110.255674975197593, 25.203637005222557, 0.0 ], [ 110.255653107526228, 25.203602839573964, 0.0 ] ] ] } },
{ "type": "Feature", "properties": { }, "geometry": { "type": "Polygon", "coordinates": [ [ [ 110.251708964445299, 25.204699473805512, 0.0 ], [ 110.251688839335088, 25.204489619401656, 0.0 ], [ 110.251717901668371, 25.20428118906381, 0.0 ], [ 110.25157645639257, 25.204259503539792, 0.0 ], [ 110.251433058372228, 25.204424849885438, 0.0 ], [ 110.251243940607011, 25.204538674897087, 0.0 ], [ 110.251015061605855, 25.204566403455981, 0.0 ], [ 110.250785970311739, 25.204553114816491, 0.0 ], [ 110.250730781973687, 25.204612943639059, 0.0 ], [ 110.250874745029037, 25.204763467017035, 0.0 ], [ 110.251076214295367, 25.20486557508417, 0.0 ], [ 110.251146343635781, 25.205064579320918, 0.0 ], [ 110.251119978750538, 25.205271117573385, 0.0 ], [ 110.251038847273449, 25.205462915335495, 0.0 ], [ 110.251173191605716, 25.205623304502019, 0.0 ], [ 110.251386012152111, 25.205549537279598, 0.0 ], [ 110.251601029765609, 25.205497095852902, 0.0 ], [ 110.251714574179672, 25.205330567538613, 0.0 ], [ 110.251726716134186, 25.205120208160945, 0.0 ], [ 110.251724549219574, 25.20490961797098, 0.0 ], [ 110.251708964445299, 25.204699473805512, 0.0 ] ] ] } },
{ "type": "Feature", "properties": { }, "geometry": { "type": "Polygon", "coordinates": [ [ [ 110.244985201240766, 25.205158574569637, 0.0 ], [ 110.244894653481992, 25.205145610520038, 0.0 ], [ 110.244852409204114, 25.205234737050116, 0.0 ], [ 110.24481016486321, 25.205323863565635, 0.0 ], [ 110.244878294538964, 25.205372788782412, 0.0 ], [ 110.244976212211341, 25.205411299315251, 0.0 ], [ 110.245072803397306, 25.205452510230518, 0.0 ], [ 110.245169394649764, 25.205493721083968, 0.0 ], [ 110.245265985968658, 25.205534931875597, 0.0 ], [ 110.245341120024378, 25.205583990371359, 0.0 ], [ 110.245440315326519, 25.205619716572226, 0.0 ], [ 110.24552672215151, 25.205624366668616, 0.0 ], [ 110.245575737870681, 25.205538157240163, 0.0 ], [ 110.245624753514022, 25.205451947790237, 0.0 ], [ 110.245569563829832, 25.205395464910346, 0.0 ], [ 110.245472845203793, 25.20535450220202, 0.0 ], [ 110.24537612664389, 25.205313539431707, 0.0 ], [ 110.245279408150026, 25.205272576599405, 0.0 ], [ 110.245182689722384, 25.205231613705109, 0.0 ], [ 110.245085392319467, 25.205191920758438, 0.0 ], [ 110.244985201240766, 25.205158574569637, 0.0 ] ] ] } },
{ "type": "Feature", "properties": { }, "geometry": { "type": "Polygon", "coordinates": [ [ [ 110.25365273514609, 25.212951965744082, 0.0 ], [ 110.25355187826375, 25.212870661612953, 0.0 ], [ 110.253400972187336, 25.212902433592564, 0.0 ], [ 110.253383943735216, 25.212756008331443, 0.0 ], [ 110.253333656714744, 25.212649415101151, 0.0 ], [ 110.253178467362716, 25.212657457617691, 0.0 ], [ 110.253044792285749, 25.212745158610534, 0.0 ], [ 110.25293865274682, 25.212826893777745, 0.0 ], [ 110.252861869369568, 25.212926656595378, 0.0 ], [ 110.252861901494882, 25.213077913258672, 0.0 ], [ 110.25282366875868, 25.213191043952488, 0.0 ], [ 110.252657589716392, 25.213201941758943, 0.0 ], [ 110.252677219216807, 25.213333823706392, 0.0 ], [ 110.252756264191106, 25.213422699318293, 0.0 ], [ 110.252918455712575, 25.21338843251031, 0.0 ], [ 110.253080360318123, 25.213353043650358, 0.0 ], [ 110.253242264834569, 25.213317654610773, 0.0 ], [ 110.253404193227269, 25.213282356527085, 0.0 ], [ 110.253502190415603, 25.213206839359536, 0.0 ], [ 110.253564395379769, 25.213073773208187, 0.0 ], [ 110.25365273514609, 25.212951965744082, 0.0 ] ] ] } },
{ "type": "Feature", "properties": { }, "geometry": { "type": "Polygon", "coordinates": [ [ [ 110.23350310122872, 25.202631889253876, 0.0 ], [ 110.233473326762237, 25.202617682660101, 0.0 ], [ 110.233527610216086, 25.202717874291832, 0.0 ], [ 110.233581893757105, 25.202818065904385, 0.0 ], [ 110.233620119764623, 25.202922015988531, 0.0 ], [ 110.23370102193492, 25.203006038672989, 0.0 ], [ 110.233781808986222, 25.203090152953401, 0.0 ], [ 110.233868306205764, 25.203169393623543, 0.0 ], [ 110.233968028393775, 25.203201299323794, 0.0 ], [ 110.234082841039651, 25.203286954267288, 0.0 ], [ 110.234143189441866, 25.20313014887353, 0.0 ], [ 110.234056571959343, 25.203050982377363, 0.0 ], [ 110.233969954588787, 25.202971815832242, 0.0 ], [ 110.233869846867009, 25.202922649920115, 0.0 ], [ 110.233766641541692, 25.202862143795109, 0.0 ], [ 110.233665483432247, 25.202799472351185, 0.0 ], [ 110.233584292275168, 25.202715680823982, 0.0 ], [ 110.23350310122872, 25.202631889253876, 0.0 ] ] ] } },
{ "type": "Feature", "properties": { }, "geometry": { "type": "Polygon", "coordinates": [ [ [ 110.220240149343724, 25.263545450284433, 0.0 ], [ 110.219860348039219, 25.263529836714483, 0.0 ], [ 110.219449672750841, 25.263585205549823, 0.0 ], [ 110.219582356456286, 25.263958179918941, 0.0 ], [ 110.219822873023048, 25.264281873918886, 0.0 ], [ 110.22020351214195, 25.264463778168626, 0.0 ], [ 110.22031404176667, 25.264735742386058, 0.0 ], [ 110.220289317751124, 25.265127925553479, 0.0 ], [ 110.220297446908276, 25.265520870811606, 0.0 ], [ 110.220382234854796, 25.26584068703929, 0.0 ], [ 110.220479731751723, 25.266213011009238, 0.0 ], [ 110.220623850914691, 25.266582714931637, 0.0 ], [ 110.220742071879954, 25.266426321506501, 0.0 ], [ 110.220723573996949, 25.266054127648754, 0.0 ], [ 110.220610159031324, 25.265674600190383, 0.0 ], [ 110.220491141823999, 25.265381934176695, 0.0 ], [ 110.220452463134222, 25.265022198281581, 0.0 ], [ 110.220373466657946, 25.264713130794306, 0.0 ], [ 110.220361588720422, 25.264324240193996, 0.0 ], [ 110.220300867640773, 25.263934845413942, 0.0 ], [ 110.220240149343724, 25.263545450284433, 0.0 ] ] ] } },
{ "type": "Feature", "properties": { }, "geometry": { "type": "Polygon", "coordinates": [ [ [ 110.220932309829308, 25.267583255610088, 0.0 ], [ 110.220881970760402, 25.267501352234977, 0.0 ], [ 110.220804123769128, 25.267544081972648, 0.0 ], [ 110.220709246776309, 25.267553221955033, 0.0 ], [ 110.220620988228333, 25.267505555369883, 0.0 ], [ 110.220535860897158, 25.267452640763089, 0.0 ], [ 110.220509048481844, 25.267463635854519, 0.0 ], [ 110.220540466055041, 25.26755300727951, 0.0 ], [ 110.220571883672605, 25.267642378697833, 0.0 ], [ 110.220603301334449, 25.267731750109501, 0.0 ], [ 110.220634719040675, 25.267821121514498, 0.0 ], [ 110.220666136791223, 25.267910492912829, 0.0 ], [ 110.22069755458601, 25.26799986430451, 0.0 ], [ 110.220744731517186, 25.268059666462772, 0.0 ], [ 110.220841309832323, 25.268026633256291, 0.0 ], [ 110.22093512330899, 25.267988469044042, 0.0 ], [ 110.2210099917273, 25.267924183794381, 0.0 ], [ 110.221046630505484, 25.267838941375491, 0.0 ], [ 110.221032899785925, 25.267747107173388, 0.0 ], [ 110.220982648964679, 25.26766515896874, 0.0 ], [ 110.220932309829308, 25.267583255610088, 0.0 ] ] ] } },
{ "type": "Feature", "properties": { }, "geometry": { "type": "Polygon", "coordinates": [ [ [ 110.220509884977261, 25.268234454323075, 0.0 ], [ 110.220465093932603, 25.268197023695059, 0.0 ], [ 110.220348693410571, 25.268220281167554, 0.0 ], [ 110.220232292846759, 25.268243538547122, 0.0 ], [ 110.220115892249169, 25.268266795867163, 0.0 ], [ 110.219999491617159, 25.268290053125487, 0.0 ], [ 110.219883090943455, 25.268313310290871, 0.0 ], [ 110.219838634525686, 25.26837889627264, 0.0 ], [ 110.219863002277265, 25.268484975377291, 0.0 ], [ 110.219887370068648, 25.268591054477419, 0.0 ], [ 110.219911737899849, 25.268697133573028, 0.0 ], [ 110.219936105770813, 25.268803212664103, 0.0 ], [ 110.220024804066838, 25.268825890852472, 0.0 ], [ 110.220142789723425, 25.268810599444652, 0.0 ], [ 110.22026077535304, 25.268795307941772, 0.0 ], [ 110.22035358371248, 25.268748516301603, 0.0 ], [ 110.220406003938621, 25.268651193543338, 0.0 ], [ 110.220456325611906, 25.268552964928812, 0.0 ], [ 110.220493643737242, 25.268450665911708, 0.0 ], [ 110.220500433803466, 25.268342473399233, 0.0 ], [ 110.220509884977261, 25.268234454323075, 0.0 ] ] ] } },
{ "type": "Feature", "properties": { }, "geometry": { "type": "Polygon", "coordinates": [ [ [ 110.221207530312, 25.270659715833599, 0.0 ], [ 110.221306550865762, 25.270489444863216, 0.0 ], [ 110.221084258085511, 25.270521072482993, 0.0 ], [ 110.220836903486074, 25.270573349647016, 0.0 ], [ 110.220597566152293, 25.270649264984094, 0.0 ], [ 110.220377140774815, 25.270629364243003, 0.0 ], [ 110.220164954204122, 25.270502261693593, 0.0 ], [ 110.219944888416862, 25.270386961468468, 0.0 ], [ 110.219722966925843, 25.270274441129519, 0.0 ], [ 110.219501045850805, 25.270161920464933, 0.0 ], [ 110.219279125169848, 25.270049399510128, 0.0 ], [ 110.219417914631364, 25.270135266322754, 0.0 ], [ 110.219625413724913, 25.270268568480951, 0.0 ], [ 110.219832095059644, 25.270402860335302, 0.0 ], [ 110.220041069974585, 25.270534288437204, 0.0 ], [ 110.220253320726471, 25.270661166106102, 0.0 ], [ 110.22047188289136, 25.270778954188408, 0.0 ], [ 110.220684109513599, 25.270905999271676, 0.0 ], [ 110.220900114665255, 25.27102766286685, 0.0 ], [ 110.22105382272207, 25.270843689438056, 0.0 ], [ 110.221207530312, 25.270659715833599, 0.0 ] ] ] } },
{ "type": "Feature", "properties": { }, "geometry": { "type": "Polygon", "coordinates": [ [ [ 110.221827176743275, 25.269918049822341, 0.0 ], [ 110.221948918759608, 25.269772333206561, 0.0 ], [ 110.22199643027227, 25.26965684990769, 0.0 ], [ 110.22180013352758, 25.269670575447734, 0.0 ], [ 110.221612346603266, 25.26973638523318, 0.0 ], [ 110.22141689576695, 25.26977602289595, 0.0 ], [ 110.221256692033307, 25.269736516122716, 0.0 ], [ 110.221056940951769, 25.269714214521727, 0.0 ], [ 110.220857189950891, 25.269691912652046, 0.0 ], [ 110.220657439030688, 25.269669610513688, 0.0 ], [ 110.220457688191189, 25.269647308106645, 0.0 ], [ 110.220540715059428, 25.269791977426365, 0.0 ], [ 110.2206450930546, 25.269948214537905, 0.0 ], [ 110.220811524811097, 25.270051099748336, 0.0 ], [ 110.220966465862872, 25.270084236747017, 0.0 ], [ 110.221133731117163, 25.270185998511447, 0.0 ], [ 110.221300996653454, 25.270287760091556, 0.0 ], [ 110.221461948937062, 25.270355199008542, 0.0 ], [ 110.221583691832038, 25.270209482723331, 0.0 ], [ 110.221705434434142, 25.270063766327933, 0.0 ], [ 110.221827176743275, 25.269918049822341, 0.0 ] ] ] } },
{ "type": "Feature", "properties": { }, "geometry": { "type": "Polygon", "coordinates": [ [ [ 110.251066432231141, 25.240867748823298, 0.0 ], [ 110.251017149230364, 25.240779415095332, 0.0 ], [ 110.250888759203676, 25.240820098760299, 0.0 ], [ 110.250757560635193, 25.2408528718478, 0.0 ], [ 110.250624211043245, 25.240877712198795, 0.0 ], [ 110.250552704393428, 25.240947018341551, 0.0 ], [ 110.250420377526822, 25.240976032633789, 0.0 ], [ 110.250288050600517, 25.24100504680592, 0.0 ], [ 110.250155723614483, 25.241034060857942, 0.0 ], [ 110.250023396568636, 25.241063074789871, 0.0 ], [ 110.250034478292946, 25.241186181589235, 0.0 ], [ 110.2501356744649, 25.241221495044368, 0.0 ], [ 110.250271142331357, 25.24120945235099, 0.0 ], [ 110.250405718965993, 25.241190908765407, 0.0 ], [ 110.250541402562234, 25.241181024616761, 0.0 ], [ 110.250677474877435, 25.241179326448666, 0.0 ], [ 110.250813237174995, 25.241173275415235, 0.0 ], [ 110.250947742816393, 25.241154276244465, 0.0 ], [ 110.251067603106691, 25.241114394859945, 0.0 ], [ 110.251067695853948, 25.24099153617497, 0.0 ], [ 110.251066432231141, 25.240867748823298, 0.0 ] ] ] } },
{ "type": "Feature", "properties": { }, "geometry": { "type": "Polygon", "coordinates": [ [ [ 110.24954806008833, 25.240155619742602, 0.0 ], [ 110.249263811596833, 25.240127636153908, 0.0 ], [ 110.248977133002555, 25.240156411276761, 0.0 ], [ 110.248916679839411, 25.2403505981903, 0.0 ], [ 110.248777338415962, 25.240521617395853, 0.0 ], [ 110.248505076596459, 25.240609064759692, 0.0 ], [ 110.248436892819285, 25.240799777306506, 0.0 ], [ 110.248460386214248, 25.241034276324509, 0.0 ], [ 110.248549223753528, 25.241257890880984, 0.0 ], [ 110.248442083054599, 25.241430412521005, 0.0 ], [ 110.248587794737347, 25.241575127507527, 0.0 ], [ 110.24886608611088, 25.241505112839956, 0.0 ], [ 110.249144377085955, 25.241435097334222, 0.0 ], [ 110.24942235415422, 25.241364147106175, 0.0 ], [ 110.249696183834985, 25.2412808429909, 0.0 ], [ 110.249617897195563, 25.241037505575633, 0.0 ], [ 110.249559867402425, 25.240811987916342, 0.0 ], [ 110.249544608948014, 25.240549741973979, 0.0 ], [ 110.249738361252469, 25.240449083786576, 0.0 ], [ 110.249795857173112, 25.240238993452767, 0.0 ], [ 110.24954806008833, 25.240155619742602, 0.0 ] ] ] } },
{ "type": "Feature", "properties": { }, "geometry": { "type": "Polygon", "coordinates": [ [ [ 110.247635318565074, 25.241228789589869, 0.0 ], [ 110.247578828035827, 25.241134671595173, 0.0 ], [ 110.247475215298408, 25.241157955981517, 0.0 ], [ 110.247364386106597, 25.241194525126684, 0.0 ], [ 110.247253556850467, 25.241231094186986, 0.0 ], [ 110.247142727530019, 25.241267663162414, 0.0 ], [ 110.247031898145295, 25.241304232052979, 0.0 ], [ 110.246945402663528, 25.241370333225838, 0.0 ], [ 110.247035864563387, 25.241439098511872, 0.0 ], [ 110.247119002887999, 25.241511016872096, 0.0 ], [ 110.247150593933966, 25.241614324247617, 0.0 ], [ 110.247170637054623, 25.241719910524029, 0.0 ], [ 110.247214288714318, 25.241795227502884, 0.0 ], [ 110.247327997782136, 25.241767023655921, 0.0 ], [ 110.247440430234164, 25.24173475439623, 0.0 ], [ 110.247551482691961, 25.24169876296796, 0.0 ], [ 110.247619906157468, 25.241643786209249, 0.0 ], [ 110.247637590987907, 25.241539536740301, 0.0 ], [ 110.247665989361494, 25.24143624309481, 0.0 ], [ 110.247669025634806, 25.241329050130311, 0.0 ], [ 110.247635318565074, 25.241228789589869, 0.0 ] ] ] } },
{ "type": "Feature", "properties": { }, "geometry": { "type": "Polygon", "coordinates": [ [ [ 110.249684108239151, 25.239702821103496, 0.0 ], [ 110.249629271541991, 25.239407790930283, 0.0 ], [ 110.250445800117291, 25.239182338788311, 0.0 ], [ 110.250253567883703, 25.239057513129616, 0.0 ], [ 110.25002608359172, 25.238902129062311, 0.0 ], [ 110.249830430307881, 25.238714430202045, 0.0 ], [ 110.249535950747486, 25.238847823295181, 0.0 ], [ 110.249241470291452, 25.23898121529983, 0.0 ], [ 110.249028628653051, 25.239147190111876, 0.0 ], [ 110.248771501100904, 25.239303400564388, 0.0 ], [ 110.248606481581533, 25.239513711652638, 0.0 ], [ 110.248618220064827, 25.239718044697394, 0.0 ], [ 110.248889033674658, 25.239601730594011, 0.0 ], [ 110.24918667158795, 25.239474264644219, 0.0 ], [ 110.249385652318807, 25.23951462353692, 0.0 ], [ 110.249289696922403, 25.239711776378396, 0.0 ], [ 110.249249289393092, 25.239765503994619, 0.0 ], [ 110.249569367035974, 25.239834645990001, 0.0 ], [ 110.249684108239151, 25.239702821103496, 0.0 ] ] ] } },
{ "type": "Feature", "properties": { }, "geometry": { "type": "Polygon", "coordinates": [ [ [ 110.251376392329547, 25.23946196978903, 0.0 ], [ 110.251282630691165, 25.239439596476, 0.0 ], [ 110.251168865679816, 25.239468120670608, 0.0 ], [ 110.251055100686372, 25.239496645003342, 0.0 ], [ 110.250941335642153, 25.239525169247138, 0.0 ], [ 110.250840427590376, 25.239562025439774, 0.0 ], [ 110.250848580694594, 25.239669099340304, 0.0 ], [ 110.250857130329194, 25.239776148649128, 0.0 ], [ 110.250865679438391, 25.239883197991801, 0.0 ], [ 110.250885393340923, 25.239980140648779, 0.0 ], [ 110.251213050389765, 25.240082631857803, 0.0 ], [ 110.25132461268386, 25.240053945353083, 0.0 ], [ 110.251439755005208, 25.240031477333421, 0.0 ], [ 110.251509306491698, 25.239984833724893, 0.0 ], [ 110.251482723438741, 25.239880260976364, 0.0 ], [ 110.25145614053001, 25.239775688201359, 0.0 ], [ 110.251429557697293, 25.239671115414254, 0.0 ], [ 110.251402974905957, 25.239566542622295, 0.0 ], [ 110.251376392329547, 25.23946196978903, 0.0 ] ] ] } },
{ "type": "Feature", "properties": { }, "geometry": { "type": "Polygon", "coordinates": [ [ [ 110.250932834706234, 25.240764464867731, 0.0 ], [ 110.250873351331037, 25.240664130950734, 0.0 ], [ 110.250713378800967, 25.24068893734853, 0.0 ], [ 110.250553467211247, 25.240714072968405, 0.0 ], [ 110.250509227478233, 25.240596967853424, 0.0 ], [ 110.250480792786092, 25.240451767046267, 0.0 ], [ 110.250394443608627, 25.240374958851657, 0.0 ], [ 110.250128317012454, 25.240587589009728, 0.0 ], [ 110.249967617994528, 25.240608154082647, 0.0 ], [ 110.249835202678611, 25.240648110759629, 0.0 ], [ 110.249857706402707, 25.240794282259731, 0.0 ], [ 110.249880270089648, 25.24094044599061, 0.0 ], [ 110.249981845022731, 25.24094806231361, 0.0 ], [ 110.250139108013954, 25.240912654839313, 0.0 ], [ 110.250298371893294, 25.240884334477315, 0.0 ], [ 110.250458237212044, 25.240858955432927, 0.0 ], [ 110.250618102468962, 25.240833576213891, 0.0 ], [ 110.250777698351797, 25.24080701385159, 0.0 ], [ 110.250932834706234, 25.240764464867731, 0.0 ] ] ] } },
{ "type": "Feature", "properties": { }, "geometry": { "type": "Polygon", "coordinates": [ [ [ 110.255600144159104, 25.239079134280573, 0.0 ], [ 110.255578689466304, 25.238837430667221, 0.0 ], [ 110.255710229424523, 25.238637749652288, 0.0 ], [ 110.255852216459829, 25.238431075963806, 0.0 ], [ 110.255774892357138, 25.238208740205216, 0.0 ], [ 110.255568773728086, 25.238262812662498, 0.0 ], [ 110.255423118731954, 25.238474733297767, 0.0 ], [ 110.255277463224473, 25.238686653771868, 0.0 ], [ 110.255131807205601, 25.238898574084793, 0.0 ], [ 110.254910627133398, 25.238828845848037, 0.0 ], [ 110.255015557955645, 25.238630294385665, 0.0 ], [ 110.255110539413565, 25.238426266126428, 0.0 ], [ 110.254896866824936, 25.238271067399246, 0.0 ], [ 110.254897785534226, 25.238069787412179, 0.0 ], [ 110.25513803505703, 25.238070705163331, 0.0 ], [ 110.255173916482349, 25.237892275292491, 0.0 ], [ 110.255236546300523, 25.2377223457861, 0.0 ], [ 110.255101615895754, 25.237504631559975, 0.0 ], [ 110.254928712908992, 25.237410906155375, 0.0 ], [ 110.254682670205256, 25.237522176167449, 0.0 ], [ 110.25442503631939, 25.237579547569741, 0.0 ], [ 110.254184649933862, 25.237557854240727, 0.0 ], [ 110.253978896838433, 25.237723501944824, 0.0 ], [ 110.253772442650984, 25.237888427367803, 0.0 ], [ 110.25361510624704, 25.237780129726247, 0.0 ], [ 110.253489326682512, 25.237615185847126, 0.0 ], [ 110.25345083461832, 25.23747684621862, 0.0 ], [ 110.253303725823443, 25.23750381450256, 0.0 ], [ 110.253170650735441, 25.237624341156543, 0.0 ], [ 110.252977498905565, 25.237735475881987, 0.0 ], [ 110.252764718123728, 25.23770381544352, 0.0 ], [ 110.252561354373526, 25.237701353796439, 0.0 ], [ 110.252363519665053, 25.237566552649824, 0.0 ], [ 110.252244143570522, 25.237752621374568, 0.0 ], [ 110.252433246105156, 25.237780924996233, 0.0 ], [ 110.252574979817425, 25.237993587811566, 0.0 ], [ 110.252195489350825, 25.238132462937386, 0.0 ], [ 110.25205533957778, 25.238316590542816, 0.0 ], [ 110.251847754605294, 25.238178334333554, 0.0 ], [ 110.251866145051437, 25.237928973574046, 0.0 ], [ 110.251716370912021, 25.237857264744935, 0.0 ], [ 110.251699801170929, 25.238106731059283, 0.0 ], [ 110.251755764263834, 25.238309829022651, 0.0 ], [ 110.251953872520332, 25.238477471582232, 0.0 ], [ 110.252165058583486, 25.238417370799201, 0.0 ], [ 110.252334502859753, 25.238511463372259, 0.0 ], [ 110.252494592922758, 25.23853330590623, 0.0 ], [ 110.252670578272145, 25.23860152976312, 0.0 ], [ 110.252709776166157, 25.238821662742019, 0.0 ], [ 110.252920231668469, 25.238865145491836, 0.0 ], [ 110.253120806766404, 25.238845216894941, 0.0 ], [ 110.253191561510206, 25.23901459756037, 0.0 ], [ 110.252954650809826, 25.239139063207702, 0.0 ], [ 110.252883819202381, 25.239346543595953, 0.0 ], [ 110.253132762005009, 25.239450839808477, 0.0 ], [ 110.253389827598227, 25.239538936692821, 0.0 ], [ 110.25363643023536, 25.239647672336925, 0.0 ], [ 110.253835247271553, 25.239811434785313, 0.0 ], [ 110.254088500495257, 25.239715131469222, 0.0 ], [ 110.254339492694953, 25.239613470968198, 0.0 ], [ 110.254597797727186, 25.239529381418212, 0.0 ], [ 110.254865770116538, 25.239476528573519, 0.0 ], [ 110.255140142946345, 25.239474708171993, 0.0 ], [ 110.255376422409157, 25.239392358252118, 0.0 ], [ 110.255589626126508, 25.239235325442667, 0.0 ], [ 110.255600144159104, 25.239079134280573, 0.0 ] ] ] } },
{ "type": "Feature", "properties": { }, "geometry": { "type": "Polygon", "coordinates": [ [ [ 110.251839461304812, 25.23721677017943, 0.0 ], [ 110.251800447280871, 25.237193041954974, 0.0 ], [ 110.251745118338135, 25.237203381540319, 0.0 ], [ 110.251698315561512, 25.237225098590905, 0.0 ], [ 110.251659566899235, 25.237261883608724, 0.0 ], [ 110.25161698779435, 25.237295641384012, 0.0 ], [ 110.251597801004792, 25.237332720218266, 0.0 ], [ 110.251621946038554, 25.237378967950917, 0.0 ], [ 110.251642610925032, 25.237426781354905, 0.0 ], [ 110.251676638950087, 25.237466281270876, 0.0 ], [ 110.251722809354163, 25.23749563650723, 0.0 ], [ 110.251766199773812, 25.237527727619923, 0.0 ], [ 110.251797730142073, 25.237553956466201, 0.0 ], [ 110.251846372686501, 25.237533997893937, 0.0 ], [ 110.251870227829869, 25.237487429374934, 0.0 ], [ 110.251894082858868, 25.237440860810821, 0.0 ], [ 110.251917937769505, 25.237394292199845, 0.0 ], [ 110.251927536844775, 25.237348441095129, 0.0 ], [ 110.251898178372201, 25.237304550761447, 0.0 ], [ 110.251868819828132, 25.23726066047324, 0.0 ], [ 110.251839461304812, 25.23721677017943, 0.0 ] ] ] } },
{ "type": "Feature", "properties": { }, "geometry": { "type": "Polygon", "coordinates": [ [ [ 110.252479162595591, 25.239141868875613, 0.0 ], [ 110.252421640368325, 25.239083293468859, 0.0 ], [ 110.252358828452614, 25.23912365681776, 0.0 ], [ 110.252303728959603, 25.239176377720867, 0.0 ], [ 110.252359680991916, 25.239236198082622, 0.0 ], [ 110.252415632971719, 25.23929601850682, 0.0 ], [ 110.252463743370498, 25.239360970704361, 0.0 ], [ 110.252508326573718, 25.239428231250741, 0.0 ], [ 110.252552909825312, 25.239495491784165, 0.0 ], [ 110.252597493125393, 25.239562752304664, 0.0 ], [ 110.252663024297661, 25.239558009362643, 0.0 ], [ 110.252738347809697, 25.239519605607818, 0.0 ], [ 110.252813671275121, 25.239481201813309, 0.0 ], [ 110.252888994693933, 25.239442797979105, 0.0 ], [ 110.252905575999421, 25.239406870789573, 0.0 ], [ 110.252829250125487, 25.239370632092225, 0.0 ], [ 110.252756728000776, 25.239328000524278, 0.0 ], [ 110.252684205927324, 25.239285368921632, 0.0 ], [ 110.25261418570193, 25.239239524715416, 0.0 ], [ 110.252545903381673, 25.239191448894427, 0.0 ], [ 110.252479162595591, 25.239141868875613, 0.0 ] ] ] } },
{ "type": "Feature", "properties": { }, "geometry": { "type": "Polygon", "coordinates": [ [ [ 110.253512681276703, 25.23991349098306, 0.0 ], [ 110.253637054180203, 25.239874140861666, 0.0 ], [ 110.253761427006097, 25.239834790633502, 0.0 ], [ 110.253724441272766, 25.239750993401266, 0.0 ], [ 110.253618840169068, 25.239681035307918, 0.0 ], [ 110.253518962007519, 25.239663005591904, 0.0 ], [ 110.253479113111297, 25.239777158343955, 0.0 ], [ 110.253390772491656, 25.239839085702737, 0.0 ], [ 110.253259302914799, 25.239832267661296, 0.0 ], [ 110.253127833355791, 25.239825449503172, 0.0 ], [ 110.252920224907555, 25.239889756348081, 0.0 ], [ 110.252788554742665, 25.239888073325435, 0.0 ], [ 110.252704508838349, 25.239925816303035, 0.0 ], [ 110.252740291514513, 25.240027899311702, 0.0 ], [ 110.252868507711483, 25.240029861207056, 0.0 ], [ 110.252998771171747, 25.240012421838433, 0.0 ], [ 110.253129261156019, 25.239996334573664, 0.0 ], [ 110.253258857166543, 25.239975515905027, 0.0 ], [ 110.253387765904691, 25.239951059895841, 0.0 ], [ 110.253512681276703, 25.23991349098306, 0.0 ] ] ] } },
{ "type": "Feature", "properties": { }, "geometry": { "type": "Polygon", "coordinates": [ [ [ 110.256483700757329, 25.246815829570323, 0.0 ], [ 110.255856795617944, 25.246808961983479, 0.0 ], [ 110.255219279027102, 25.246922364956944, 0.0 ], [ 110.254600060745716, 25.247100919249402, 0.0 ], [ 110.254007162854606, 25.247342312393918, 0.0 ], [ 110.253448266028187, 25.247643416547305, 0.0 ], [ 110.253059737864959, 25.248068284330259, 0.0 ], [ 110.253360328621127, 25.248579781371085, 0.0 ], [ 110.253698273166833, 25.249084701394359, 0.0 ], [ 110.254036220470354, 25.249589620673859, 0.0 ], [ 110.25437417053169, 25.250094539209549, 0.0 ], [ 110.25471212335097, 25.250599457001346, 0.0 ], [ 110.255253571805625, 25.250588562322694, 0.0 ], [ 110.255867397707959, 25.250394200400418, 0.0 ], [ 110.256481221718445, 25.25019983587708, 0.0 ], [ 110.256696046369896, 25.249765037514216, 0.0 ], [ 110.256653576583091, 25.249175196024609, 0.0 ], [ 110.25661110712845, 25.248585354485421, 0.0 ], [ 110.256568638005973, 25.247995512896637, 0.0 ], [ 110.256526169215633, 25.247405671258278, 0.0 ], [ 110.256483700757329, 25.246815829570323, 0.0 ] ] ] } },
{ "type": "Feature", "properties": { }, "geometry": { "type": "Polygon", "coordinates": [ [ [ 110.258288492102594, 25.246984391103165, 0.0 ], [ 110.257546163145804, 25.246827938832094, 0.0 ], [ 110.257422876909231, 25.247426910945205, 0.0 ], [ 110.257472709597337, 25.248118957465866, 0.0 ], [ 110.257522542742834, 25.248811003918242, 0.0 ], [ 110.257572376345763, 25.249503050302334, 0.0 ], [ 110.257622210406154, 25.250195096618157, 0.0 ], [ 110.257672044924036, 25.25088714286569, 0.0 ], [ 110.257965012940772, 25.251257217169314, 0.0 ], [ 110.258674620391162, 25.251003424907147, 0.0 ], [ 110.259370125010321, 25.250719078699067, 0.0 ], [ 110.260062633428106, 25.250428659575629, 0.0 ], [ 110.260755138622599, 25.250138237118751, 0.0 ], [ 110.261447640593587, 25.249847811328546, 0.0 ], [ 110.26192759643304, 25.249416579450102, 0.0 ], [ 110.261385867646894, 25.248928465536203, 0.0 ], [ 110.260844143415014, 25.248440349495841, 0.0 ], [ 110.260288211228158, 25.2479660423738, 0.0 ], [ 110.259671846167521, 25.247558560253335, 0.0 ], [ 110.259001288687429, 25.247229386956551, 0.0 ], [ 110.258288492102594, 25.246984391103165, 0.0 ] ] ] } },
{ "type": "Feature", "properties": { }, "geometry": { "type": "Polygon", "coordinates": [ [ [ 110.253158275399642, 25.248729267861989, 0.0 ], [ 110.252889351041915, 25.248327465094825, 0.0 ], [ 110.252429701593357, 25.248411270471152, 0.0 ], [ 110.252047240212065, 25.248727934063801, 0.0 ], [ 110.25166477685238, 25.249044596607064, 0.0 ], [ 110.25128231151426, 25.249361258100905, 0.0 ], [ 110.250899844197676, 25.249677918545284, 0.0 ], [ 110.250534952843253, 25.250002901436389, 0.0 ], [ 110.25065689606518, 25.250433127887931, 0.0 ], [ 110.250925813658185, 25.250834936622145, 0.0 ], [ 110.251194732997561, 25.251236744885524, 0.0 ], [ 110.251643810824589, 25.251269829315039, 0.0 ], [ 110.252119788550701, 25.251085749219559, 0.0 ], [ 110.252595764876773, 25.250901667552469, 0.0 ], [ 110.253071739802792, 25.250717584313808, 0.0 ], [ 110.253547713328715, 25.250533499503618, 0.0 ], [ 110.254023685545192, 25.250349413315835, 0.0 ], [ 110.253965060976356, 25.249934672216572, 0.0 ], [ 110.253696130704384, 25.249532871236045, 0.0 ], [ 110.253427202178827, 25.249131069784518, 0.0 ], [ 110.253158275399642, 25.248729267861989, 0.0 ] ] ] } },
{ "type": "Feature", "properties": { }, "geometry": { "type": "Polygon", "coordinates": [ [ [ 110.254645366513969, 25.250951085393137, 0.0 ], [ 110.25440017206482, 25.250584753367761, 0.0 ], [ 110.253960020648577, 25.250629067782253, 0.0 ], [ 110.253526062965875, 25.25079690406584, 0.0 ], [ 110.253092104119318, 25.250964739043109, 0.0 ], [ 110.252658144108949, 25.251132572714027, 0.0 ], [ 110.252224182934825, 25.251300405078574, 0.0 ], [ 110.251790220596831, 25.251468236136724, 0.0 ], [ 110.251549613470004, 25.251766988499615, 0.0 ], [ 110.25189255548355, 25.252048856923096, 0.0 ], [ 110.252282322856573, 25.252290265140147, 0.0 ], [ 110.252672091441184, 25.25253167281604, 0.0 ], [ 110.253061861759534, 25.252773079253437, 0.0 ], [ 110.253501428804313, 25.252671908938442, 0.0 ], [ 110.253946785725347, 25.25253089869684, 0.0 ], [ 110.254392141650499, 25.252389887085851, 0.0 ], [ 110.254837496579654, 25.252248874105515, 0.0 ], [ 110.255236172444413, 25.252067586980626, 0.0 ], [ 110.255135760848148, 25.251683747671045, 0.0 ], [ 110.254890562955154, 25.251317416727908, 0.0 ], [ 110.254645366513969, 25.250951085393137, 0.0 ] ] ] } },
{ "type": "Feature", "properties": { }, "geometry": { "type": "Polygon", "coordinates": [ [ [ 110.249841184637745, 25.251200056841771, 0.0 ], [ 110.249404037966585, 25.250917359014352, 0.0 ], [ 110.249007318841379, 25.251244780061782, 0.0 ], [ 110.248610662360136, 25.251573172036, 0.0 ], [ 110.248214003750888, 25.251901562881187, 0.0 ], [ 110.248149445128647, 25.252339950440955, 0.0 ], [ 110.248451901918145, 25.252742827557547, 0.0 ], [ 110.248754360683591, 25.253145704078715, 0.0 ], [ 110.249056821424887, 25.253548580004409, 0.0 ], [ 110.249425776082447, 25.253875080587235, 0.0 ], [ 110.249930796191606, 25.253802392390742, 0.0 ], [ 110.250437388033589, 25.253642009066745, 0.0 ], [ 110.250943978587316, 25.253481623970718, 0.0 ], [ 110.251338664693947, 25.253282720769263, 0.0 ], [ 110.251075794815591, 25.25285749180393, 0.0 ], [ 110.251444795977491, 25.252649748803897, 0.0 ], [ 110.251530003465533, 25.252388704897573, 0.0 ], [ 110.251131892735486, 25.252061802511623, 0.0 ], [ 110.250743112357284, 25.251725709029923, 0.0 ], [ 110.250297160268886, 25.251456979493142, 0.0 ], [ 110.249841184637745, 25.251200056841771, 0.0 ] ] ] } },
{ "type": "Feature", "properties": { }, "geometry": { "type": "Polygon", "coordinates": [ [ [ 110.263989511164212, 25.259366661510086, 0.0 ], [ 110.263937172261095, 25.259154384196179, 0.0 ], [ 110.263653474585524, 25.25915459947139, 0.0 ], [ 110.263369776923739, 25.259154814201413, 0.0 ], [ 110.263099103422448, 25.259180812303885, 0.0 ], [ 110.262995526707144, 25.259403547172724, 0.0 ], [ 110.262997632875781, 25.259661526900455, 0.0 ], [ 110.262999739038392, 25.259919506619404, 0.0 ], [ 110.26300184519512, 25.260177486329589, 0.0 ], [ 110.263003951345809, 25.260435466031002, 0.0 ], [ 110.263006057490628, 25.260693445723657, 0.0 ], [ 110.263154024017979, 25.260901402882997, 0.0 ], [ 110.263437685085137, 25.260905775154441, 0.0 ], [ 110.263721346182791, 25.260910147124378, 0.0 ], [ 110.264005007315689, 25.260914518549718, 0.0 ], [ 110.264002424633631, 25.260656542398294, 0.0 ], [ 110.26399984194758, 25.260398566238131, 0.0 ], [ 110.263997259257593, 25.260140590069227, 0.0 ], [ 110.263994676563698, 25.25988261389158, 0.0 ], [ 110.263992093865966, 25.259624637705205, 0.0 ], [ 110.263989511164212, 25.259366661510086, 0.0 ] ] ] } },
{ "type": "Feature", "properties": { }, "geometry": { "type": "Polygon", "coordinates": [ [ [ 110.261084894318515, 25.257319700746162, 0.0 ], [ 110.260217336449003, 25.257273123518576, 0.0 ], [ 110.259523194414385, 25.257403826825026, 0.0 ], [ 110.258996246499251, 25.257704497690057, 0.0 ], [ 110.258506004823872, 25.258475934796838, 0.0 ], [ 110.258193099373642, 25.258978070065606, 0.0 ], [ 110.258081456620531, 25.259665313741987, 0.0 ], [ 110.258076650534562, 25.260455617994875, 0.0 ], [ 110.258548854261463, 25.260830336445743, 0.0 ], [ 110.25941782232826, 25.260843757196451, 0.0 ], [ 110.260286790726227, 25.260857172836477, 0.0 ], [ 110.26115575945488, 25.260870583365822, 0.0 ], [ 110.262024728514291, 25.26088398878445, 0.0 ], [ 110.262787816286377, 25.26071079921876, 0.0 ], [ 110.262781365025177, 25.259920502028795, 0.0 ], [ 110.262774913708014, 25.259130204756545, 0.0 ], [ 110.26276846233489, 25.258339907402011, 0.0 ], [ 110.262737094876044, 25.257558428721811, 0.0 ], [ 110.261952452988666, 25.257366272890533, 0.0 ], [ 110.261084894318515, 25.257319700746162, 0.0 ] ] ] } },
{ "type": "Feature", "properties": { }, "geometry": { "type": "Polygon", "coordinates": [ [ [ 110.265035207057664, 25.263404692510495, 0.0 ], [ 110.265602607365039, 25.263151906873663, 0.0 ], [ 110.265612445715107, 25.262507655528225, 0.0 ], [ 110.265578915870321, 25.26182732850857, 0.0 ], [ 110.265367351440659, 25.26121494320379, 0.0 ], [ 110.264622746900571, 25.261194872827168, 0.0 ], [ 110.263873962650749, 25.261183334944526, 0.0 ], [ 110.263125178645851, 25.261171793267057, 0.0 ], [ 110.262376394886118, 25.261160247794788, 0.0 ], [ 110.261627611371566, 25.261148698527712, 0.0 ], [ 110.260896520445044, 25.261175524357483, 0.0 ], [ 110.260723551782092, 25.261793686993165, 0.0 ], [ 110.260725102512808, 25.262473401556942, 0.0 ], [ 110.262068802114143, 25.263370597522201, 0.0 ], [ 110.262670472148514, 25.263308830195637, 0.0 ], [ 110.263399859791804, 25.263339116914945, 0.0 ], [ 110.264004774707985, 25.263506225526989, 0.0 ], [ 110.265035207057664, 25.263404692510495, 0.0 ] ] ] } },
{ "type": "Feature", "properties": { }, "geometry": { "type": "Polygon", "coordinates": [ [ [ 110.250448447330356, 25.249259679874701, 0.0 ], [ 110.250112266807733, 25.248780701197187, 0.0 ], [ 110.250709951333093, 25.248774687259015, 0.0 ], [ 110.251241282521875, 25.248603282692528, 0.0 ], [ 110.251687343863495, 25.248233986247797, 0.0 ], [ 110.252248571022477, 25.247769331053291, 0.0 ], [ 110.252879166178431, 25.24729136585221, 0.0 ], [ 110.253571322038283, 25.246890137129366, 0.0 ], [ 110.253360516721926, 25.246620387228532, 0.0 ], [ 110.252626915527671, 25.246467922585044, 0.0 ], [ 110.251893782528512, 25.246338451387818, 0.0 ], [ 110.251296488974759, 25.246682029346108, 0.0 ], [ 110.251150707564577, 25.246770210059818, 0.0 ], [ 110.250609986705555, 25.247125298532406, 0.0 ], [ 110.250374625411965, 25.247765214282214, 0.0 ], [ 110.250231688968782, 25.248484494013397, 0.0 ], [ 110.249525138744659, 25.248827845898528, 0.0 ], [ 110.248726034554196, 25.248735396000374, 0.0 ], [ 110.24922203413611, 25.249169149853902, 0.0 ], [ 110.249726049603765, 25.24948049054176, 0.0 ], [ 110.250448447330356, 25.249259679874701, 0.0 ] ] ] } },
{ "type": "Feature", "properties": { }, "geometry": { "type": "Polygon", "coordinates": [ [ [ 110.267660129531791, 25.247966322145043, 0.0 ], [ 110.268888847624766, 25.247506381988991, 0.0 ], [ 110.269980095274178, 25.247623908361945, 0.0 ], [ 110.269975191810843, 25.247547715134072, 0.0 ], [ 110.270157217952786, 25.247640688563397, 0.0 ], [ 110.270338476349352, 25.247734953148367, 0.0 ], [ 110.270517525547078, 25.247832562393398, 0.0 ], [ 110.270694156326456, 25.247933833052819, 0.0 ], [ 110.270873275531244, 25.248031346203, 0.0 ], [ 110.271054934348115, 25.248124941476469, 0.0 ], [ 110.271235654666341, 25.248192997855067, 0.0 ], [ 110.271354813537926, 25.248037060731033, 0.0 ], [ 110.271224419787842, 25.247909475485649, 0.0 ], [ 110.27113103556259, 25.247741917016995, 0.0 ], [ 110.270993689498923, 25.247604567397978, 0.0 ], [ 110.270649381219158, 25.247389653117711, 0.0 ], [ 110.270495999915482, 25.247394912470416, 0.0 ], [ 110.270350379443428, 25.247423507599578, 0.0 ], [ 110.270164550871002, 25.24733695722237, 0.0 ], [ 110.269981711091617, 25.247274746503638, 0.0 ], [ 110.269833725957312, 25.247360262987407, 0.0 ], [ 110.269797338409163, 25.247446015437742, 0.0 ], [ 110.269225130052675, 25.24688903123144, 0.0 ], [ 110.268198952958286, 25.246133720999033, 0.0 ], [ 110.267411345217866, 25.24517556741359, 0.0 ], [ 110.266532610070882, 25.244238221096634, 0.0 ], [ 110.265887533701743, 25.243402023190942, 0.0 ], [ 110.265905750008784, 25.242378882990305, 0.0 ], [ 110.265594148823837, 25.242150292849765, 0.0 ], [ 110.264379888361276, 25.242704766522778, 0.0 ], [ 110.263064145171242, 25.242949409956189, 0.0 ], [ 110.261721960944726, 25.242762399555549, 0.0 ], [ 110.262341699991509, 25.243418829322817, 0.0 ], [ 110.263452313622977, 25.243930434152492, 0.0 ], [ 110.264402476312569, 25.244621486819266, 0.0 ], [ 110.265170372292147, 25.24536051069305, 0.0 ], [ 110.26598294846147, 25.246253228700265, 0.0 ], [ 110.266322634128784, 25.247283457774145, 0.0 ], [ 110.266671410241017, 25.248329289243916, 0.0 ], [ 110.267660129531791, 25.247966322145043, 0.0 ] ] ] } },
{ "type": "Feature", "properties": { }, "geometry": { "type": "Polygon", "coordinates": [ [ [ 110.26940419933554, 25.24787195623103, 0.0 ], [ 110.268912740682026, 25.247777464616249, 0.0 ], [ 110.268417541420192, 25.247853164520283, 0.0 ], [ 110.268007357442642, 25.248074625129316, 0.0 ], [ 110.26924761196608, 25.249286240847415, 0.0 ], [ 110.268892686168542, 25.249604835317399, 0.0 ], [ 110.269266564184463, 25.249894551239763, 0.0 ], [ 110.269580840190685, 25.249542750964505, 0.0 ], [ 110.269789868399457, 25.249195752985202, 0.0 ], [ 110.270074438872825, 25.248856519060855, 0.0 ], [ 110.270452443581959, 25.248551785384095, 0.0 ], [ 110.270820000909282, 25.248441200048077, 0.0 ], [ 110.270641389960375, 25.24829397159521, 0.0 ], [ 110.270239259765006, 25.24823960150071, 0.0 ], [ 110.269877158848232, 25.248033287789596, 0.0 ], [ 110.26940419933554, 25.24787195623103, 0.0 ] ] ] } },
{ "type": "Feature", "properties": { }, "geometry": { "type": "Polygon", "coordinates": [ [ [ 110.159646217638752, 25.2973022258535, 0.0 ], [ 110.15959399724666, 25.297274107747651, 0.0 ], [ 110.159550628617254, 25.2973095063793, 0.0 ], [ 110.159507990033205, 25.297349790360773, 0.0 ], [ 110.1594653514844, 25.297390074384428, 0.0 ], [ 110.1594227129073, 25.297430358394813, 0.0 ], [ 110.159373036648503, 25.297461747689884, 0.0 ], [ 110.159317463209064, 25.297485683858444, 0.0 ], [ 110.159288581544089, 25.297525134402921, 0.0 ], [ 110.159324132751422, 25.297568145037324, 0.0 ], [ 110.159366383937723, 25.297608765022538, 0.0 ], [ 110.159408635152232, 25.297649384996141, 0.0 ], [ 110.159455373098524, 25.297615130397912, 0.0 ], [ 110.159502228025588, 25.297578923147729, 0.0 ], [ 110.159549082924869, 25.297542715881765, 0.0 ], [ 110.159595937796496, 25.297506508600019, 0.0 ], [ 110.159553212834595, 25.297475661092275, 0.0 ], [ 110.15952903847635, 25.297429519182046, 0.0 ], [ 110.15956508591286, 25.297386257412388, 0.0 ], [ 110.159605651789775, 25.297344241639003, 0.0 ], [ 110.159646217638752, 25.2973022258535, 0.0 ] ] ] } },
{ "type": "Feature", "properties": { }, "geometry": { "type": "Polygon", "coordinates": [ [ [ 110.160321131416524, 25.297559363138628, 0.0 ], [ 110.160108675652168, 25.297494745960471, 0.0 ], [ 110.15996386301579, 25.297495674458567, 0.0 ], [ 110.159969447994882, 25.297698924565999, 0.0 ], [ 110.159930224046022, 25.297874918842407, 0.0 ], [ 110.159983844560628, 25.29807262569031, 0.0 ], [ 110.159953456913982, 25.298268205260925, 0.0 ], [ 110.160082547441377, 25.298351607634711, 0.0 ], [ 110.160151960506454, 25.298545257838999, 0.0 ], [ 110.160209783376544, 25.298741867407909, 0.0 ], [ 110.160272288065769, 25.298918193317988, 0.0 ], [ 110.160469957610161, 25.298822320137756, 0.0 ], [ 110.160436046183534, 25.298649132762755, 0.0 ], [ 110.160357957408394, 25.298458382044245, 0.0 ], [ 110.160356270720285, 25.29829728777781, 0.0 ], [ 110.160487713558268, 25.29821305025547, 0.0 ], [ 110.160484394508742, 25.298056372225204, 0.0 ], [ 110.160548742395051, 25.297915786212688, 0.0 ], [ 110.160593020104571, 25.297735124991782, 0.0 ], [ 110.160534068429556, 25.297622689098244, 0.0 ], [ 110.160321131416524, 25.297559363138628, 0.0 ] ] ] } },
{ "type": "Feature", "properties": { }, "geometry": { "type": "Polygon", "coordinates": [ [ [ 110.159943516478208, 25.29858588416457, 0.0 ], [ 110.15985945167975, 25.298562682437804, 0.0 ], [ 110.159744008836753, 25.298572277941574, 0.0 ], [ 110.159643940477679, 25.298638662375939, 0.0 ], [ 110.159543872010502, 25.298705046739013, 0.0 ], [ 110.159443803435295, 25.298771431030787, 0.0 ], [ 110.159386120787758, 25.298866582578455, 0.0 ], [ 110.159364570628242, 25.298976405435685, 0.0 ], [ 110.1594386364348, 25.29905856551391, 0.0 ], [ 110.159439047977799, 25.299149081539699, 0.0 ], [ 110.159489755489545, 25.299244636078548, 0.0 ], [ 110.159579433767377, 25.299254236018207, 0.0 ], [ 110.159688731479889, 25.299201225627989, 0.0 ], [ 110.159798029099093, 25.299148215153945, 0.0 ], [ 110.159907326625017, 25.299095204596078, 0.0 ], [ 110.160016624057647, 25.299042193954381, 0.0 ], [ 110.160125921396968, 25.298989183228855, 0.0 ], [ 110.160095989892397, 25.298893921549556, 0.0 ], [ 110.160043637912054, 25.298791856025485, 0.0 ], [ 110.159991286017259, 25.298689790483682, 0.0 ], [ 110.159943516478208, 25.29858588416457, 0.0 ] ] ] } },
{ "type": "Feature", "properties": { }, "geometry": { "type": "Polygon", "coordinates": [ [ [ 110.157398068888, 25.300856591505216, 0.0 ], [ 110.157347023378804, 25.300823801823412, 0.0 ], [ 110.157303466486368, 25.300838605848064, 0.0 ], [ 110.157264579360827, 25.300883089110904, 0.0 ], [ 110.157225691667549, 25.300927571973023, 0.0 ], [ 110.157186803945692, 25.300972054823884, 0.0 ], [ 110.15722891175669, 25.301007133032066, 0.0 ], [ 110.157278850707684, 25.301041301930546, 0.0 ], [ 110.157328789687014, 25.301075470812687, 0.0 ], [ 110.157378728694496, 25.301109639678469, 0.0 ], [ 110.157428667730201, 25.301143808527907, 0.0 ], [ 110.157478606794228, 25.301177977360982, 0.0 ], [ 110.157518522397453, 25.301165493386506, 0.0 ], [ 110.157550749022022, 25.301116808852122, 0.0 ], [ 110.157575832141518, 25.301065130432697, 0.0 ], [ 110.157561645600609, 25.301024331218844, 0.0 ], [ 110.157505274507116, 25.300999786708463, 0.0 ], [ 110.157482276431566, 25.30092568973199, 0.0 ], [ 110.15744911442502, 25.30088938116991, 0.0 ], [ 110.157398068888, 25.300856591505216, 0.0 ] ] ] } },
{ "type": "Feature", "properties": { }, "geometry": { "type": "Polygon", "coordinates": [ [ [ 110.155648715372905, 25.311556289089364, 0.0 ], [ 110.155316777197143, 25.311428572150678, 0.0 ], [ 110.15524521702153, 25.311530946318307, 0.0 ], [ 110.155225456767198, 25.311667866271886, 0.0 ], [ 110.155205695913125, 25.311804786153481, 0.0 ], [ 110.155185935627699, 25.311941706102452, 0.0 ], [ 110.155166175293132, 25.312078626045107, 0.0 ], [ 110.155154086807457, 25.312214813430206, 0.0 ], [ 110.155261828547864, 25.312269643040064, 0.0 ], [ 110.155412447266599, 25.312287696567253, 0.0 ], [ 110.155562980142506, 25.312283025340111, 0.0 ], [ 110.155709317490135, 25.312245925818615, 0.0 ], [ 110.155842763321019, 25.312184173685694, 0.0 ], [ 110.155809572762479, 25.312049416458979, 0.0 ], [ 110.155776382272975, 25.311914659224243, 0.0 ], [ 110.155745820767535, 25.31177938977233, 0.0 ], [ 110.155712124433151, 25.311644781053474, 0.0 ], [ 110.155648715372905, 25.311556289089364, 0.0 ] ] ] } },
{ "type": "Feature", "properties": { }, "geometry": { "type": "Polygon", "coordinates": [ [ [ 110.15642017780543, 25.308615014066948, 0.0 ], [ 110.156443551217009, 25.308372260278571, 0.0 ], [ 110.156730794437294, 25.308430293418983, 0.0 ], [ 110.156999746037613, 25.308343925052057, 0.0 ], [ 110.156968564568544, 25.308118849816648, 0.0 ], [ 110.156842943638168, 25.307875748970794, 0.0 ], [ 110.15661339081997, 25.307717688248953, 0.0 ], [ 110.156329706414652, 25.307682083800373, 0.0 ], [ 110.156037705485232, 25.307693897837485, 0.0 ], [ 110.155780362165572, 25.307755504700101, 0.0 ], [ 110.155614417187209, 25.307961419887437, 0.0 ], [ 110.155656556183033, 25.308216296350025, 0.0 ], [ 110.15579255918729, 25.308448965949925, 0.0 ], [ 110.15581730625027, 25.308716983665818, 0.0 ], [ 110.155991720388428, 25.308912590661421, 0.0 ], [ 110.156285388620503, 25.308889877916769, 0.0 ], [ 110.156563331246488, 25.308819725577251, 0.0 ], [ 110.15642017780543, 25.308615014066948, 0.0 ] ] ] } },
{ "type": "Feature", "properties": { }, "geometry": { "type": "Polygon", "coordinates": [ [ [ 110.137366259067164, 25.309322330342646, 0.0 ], [ 110.13735856910202, 25.309038860691508, 0.0 ], [ 110.137611851929876, 25.309121482929829, 0.0 ], [ 110.137877287344267, 25.309134983482519, 0.0 ], [ 110.138175576199785, 25.309019179660584, 0.0 ], [ 110.137965087093079, 25.308739588027375, 0.0 ], [ 110.137627870915864, 25.308622057173832, 0.0 ], [ 110.137635154169757, 25.308429522127696, 0.0 ], [ 110.137844736266629, 25.30821964520732, 0.0 ], [ 110.137918554609755, 25.308041447210215, 0.0 ], [ 110.137689130716467, 25.307889298621472, 0.0 ], [ 110.13731403575882, 25.307892783040693, 0.0 ], [ 110.137241838965465, 25.308193027838811, 0.0 ], [ 110.137065626703887, 25.308493014481403, 0.0 ], [ 110.136741060134099, 25.308638981123394, 0.0 ], [ 110.136651692560818, 25.308894293815463, 0.0 ], [ 110.136695529415391, 25.309231581071774, 0.0 ], [ 110.136851513611333, 25.309540209075802, 0.0 ], [ 110.137028284640721, 25.309786906601261, 0.0 ], [ 110.137325951395113, 25.30958559193942, 0.0 ], [ 110.137366259067164, 25.309322330342646, 0.0 ] ] ] } },
{ "type": "Feature", "properties": { }, "geometry": { "type": "Polygon", "coordinates": [ [ [ 110.13711521147826, 25.310365181043888, 0.0 ], [ 110.137348434796749, 25.310326344863171, 0.0 ], [ 110.137602350838108, 25.310346699007681, 0.0 ], [ 110.137848464045433, 25.310286997343308, 0.0 ], [ 110.138098263453614, 25.310240731791176, 0.0 ], [ 110.138352059326976, 25.310241444110698, 0.0 ], [ 110.138560485800724, 25.310207741921175, 0.0 ], [ 110.138577683180685, 25.309976233754682, 0.0 ], [ 110.138578171329655, 25.309744670306699, 0.0 ], [ 110.138746510930758, 25.309655937921754, 0.0 ], [ 110.138568284661574, 25.309551345389512, 0.0 ], [ 110.138426789596053, 25.309445102772283, 0.0 ], [ 110.138172740192971, 25.309467678747971, 0.0 ], [ 110.138093006323174, 25.309624121810362, 0.0 ], [ 110.137950005989524, 25.309732399916133, 0.0 ], [ 110.137700342209669, 25.309779157636775, 0.0 ], [ 110.137447598315717, 25.309810930902021, 0.0 ], [ 110.137194298834558, 25.309839646633261, 0.0 ], [ 110.13700705704845, 25.309911731976989, 0.0 ], [ 110.137061960357613, 25.310138265041719, 0.0 ], [ 110.13711521147826, 25.310365181043888, 0.0 ] ] ] } },
{ "type": "Feature", "properties": { }, "geometry": { "type": "Polygon", "coordinates": [ [ [ 110.137069090831332, 25.310484313882526, 0.0 ], [ 110.137026993185131, 25.310319991801535, 0.0 ], [ 110.136854949506144, 25.310349972362346, 0.0 ], [ 110.136686193471093, 25.310366362221572, 0.0 ], [ 110.136542714285781, 25.310363633732216, 0.0 ], [ 110.136477807904924, 25.310462878490977, 0.0 ], [ 110.136333410350176, 25.310543068040275, 0.0 ], [ 110.136306310372419, 25.310709978868214, 0.0 ], [ 110.136340178188249, 25.310873559533963, 0.0 ], [ 110.136444316662221, 25.31100677201599, 0.0 ], [ 110.136596151820982, 25.311102822920606, 0.0 ], [ 110.136544769992042, 25.311197488757973, 0.0 ], [ 110.136601219961506, 25.311296506080527, 0.0 ], [ 110.136772788470054, 25.31130793742653, 0.0 ], [ 110.136916197093214, 25.311255286680758, 0.0 ], [ 110.136875517930122, 25.311105166863349, 0.0 ], [ 110.136937970884233, 25.310996331415762, 0.0 ], [ 110.137112751206615, 25.31093953528018, 0.0 ], [ 110.137151528548955, 25.31081327777018, 0.0 ], [ 110.137112792566953, 25.310648289590983, 0.0 ], [ 110.137069090831332, 25.310484313882526, 0.0 ] ] ] } },
{ "type": "Feature", "properties": { }, "geometry": { "type": "Polygon", "coordinates": [ [ [ 110.13232909527521, 25.312755155924286, 0.0 ], [ 110.131814373571132, 25.312733315949416, 0.0 ], [ 110.131520184837271, 25.31292287510411, 0.0 ], [ 110.131516845043777, 25.313391239261513, 0.0 ], [ 110.131513504506202, 25.313859603384845, 0.0 ], [ 110.131510164396289, 25.314327967480878, 0.0 ], [ 110.131506825406433, 25.314796331553978, 0.0 ], [ 110.131503485340204, 25.315264695591058, 0.0 ], [ 110.131869011924536, 25.315374598092689, 0.0 ], [ 110.132382911176151, 25.315340171667273, 0.0 ], [ 110.132896713736841, 25.315304571822271, 0.0 ], [ 110.13341051610287, 25.315268970763917, 0.0 ], [ 110.133841679035811, 25.315162917659752, 0.0 ], [ 110.133847867046413, 25.314694577312306, 0.0 ], [ 110.133854054939789, 25.314226236933802, 0.0 ], [ 110.133860242434466, 25.313757896521189, 0.0 ], [ 110.13386643009899, 25.313289556080623, 0.0 ], [ 110.133872617658312, 25.31282121560913, 0.0 ], [ 110.13335853946262, 25.312798829460824, 0.0 ], [ 110.13284381725299, 25.312776993490509, 0.0 ], [ 110.13232909527521, 25.312755155924286, 0.0 ] ] ] } },
{ "type": "Feature", "properties": { }, "geometry": { "type": "Polygon", "coordinates": [ [ [ 110.126830026288175, 25.319988953031348, 0.0 ], [ 110.126720216474453, 25.319978820217443, 0.0 ], [ 110.126607907111605, 25.320339212264834, 0.0 ], [ 110.126681736279039, 25.320474420080135, 0.0 ], [ 110.126760584713068, 25.320608993551041, 0.0 ], [ 110.126820819564202, 25.320748696511327, 0.0 ], [ 110.126812150322607, 25.320901047081815, 0.0 ], [ 110.126841948016448, 25.321043501730585, 0.0 ], [ 110.126990411847345, 25.321042685505162, 0.0 ], [ 110.127026148269323, 25.320905717123836, 0.0 ], [ 110.127180889892273, 25.320846633523171, 0.0 ], [ 110.127335917014108, 25.320788163387721, 0.0 ], [ 110.127371748661162, 25.320684190725718, 0.0 ], [ 110.127305158643082, 25.320544171738547, 0.0 ], [ 110.127248932215011, 25.320400689366092, 0.0 ], [ 110.127217539168285, 25.3202532051242, 0.0 ], [ 110.127116939237908, 25.320133178369836, 0.0 ], [ 110.126965000083004, 25.320070365078433, 0.0 ], [ 110.126830026288175, 25.319988953031348, 0.0 ] ] ] } },
{ "type": "Feature", "properties": { }, "geometry": { "type": "Polygon", "coordinates": [ [ [ 110.222997813612537, 25.301996085178178, 0.0 ], [ 110.222799909612959, 25.301871962170782, 0.0 ], [ 110.222672893512922, 25.30199640835864, 0.0 ], [ 110.222806323197801, 25.302141510300793, 0.0 ], [ 110.222721759341567, 25.302345549608511, 0.0 ], [ 110.222826287398235, 25.302513343012059, 0.0 ], [ 110.222992203592725, 25.302671532398559, 0.0 ], [ 110.223153742612894, 25.30283341498907, 0.0 ], [ 110.223313827447029, 25.302996483187087, 0.0 ], [ 110.223471629517348, 25.30316139116751, 0.0 ], [ 110.223625931160171, 25.303328988981427, 0.0 ], [ 110.22377852803136, 25.303497896883226, 0.0 ], [ 110.223968265457245, 25.303438309484516, 0.0 ], [ 110.223911492677942, 25.303268886044219, 0.0 ], [ 110.223806573509975, 25.303072225007238, 0.0 ], [ 110.22369607527132, 25.30287821081399, 0.0 ], [ 110.223578606917044, 25.302687503385251, 0.0 ], [ 110.223449547499555, 25.302503388204727, 0.0 ], [ 110.223312268759486, 25.302323947675532, 0.0 ], [ 110.22317081081809, 25.302147275091546, 0.0 ], [ 110.222997813612537, 25.301996085178178, 0.0 ] ] ] } },
{ "type": "Feature", "properties": { }, "geometry": { "type": "Polygon", "coordinates": [ [ [ 110.225300586618587, 25.305950416419769, 0.0 ], [ 110.225169873194432, 25.305936947256825, 0.0 ], [ 110.225031587791037, 25.306045985357635, 0.0 ], [ 110.224893301953628, 25.306155023124788, 0.0 ], [ 110.224755015575383, 25.306264060446601, 0.0 ], [ 110.224643744820142, 25.30637967387613, 0.0 ], [ 110.224653237017876, 25.306543507404648, 0.0 ], [ 110.224753819882096, 25.306609737682393, 0.0 ], [ 110.224777243617368, 25.306627909106815, 0.0 ], [ 110.224820000953628, 25.306629696591415, 0.0 ], [ 110.224930292859241, 25.306715878123143, 0.0 ], [ 110.225029772145987, 25.306855569092761, 0.0 ], [ 110.225160507112605, 25.306899175627244, 0.0 ], [ 110.225202410026682, 25.306793765549514, 0.0 ], [ 110.225317094057303, 25.306664356236062, 0.0 ], [ 110.225460062931049, 25.306560428261658, 0.0 ], [ 110.225594036909655, 25.306447347160528, 0.0 ], [ 110.225660138132383, 25.306327767303518, 0.0 ], [ 110.22554028738125, 25.306201983769316, 0.0 ], [ 110.225420436876604, 25.306076200141398, 0.0 ], [ 110.225300586618587, 25.305950416419769, 0.0 ] ] ] } },
{ "type": "Feature", "properties": { }, "geometry": { "type": "Polygon", "coordinates": [ [ [ 110.225469661893584, 25.307074864705868, 0.0 ], [ 110.225389600057454, 25.307055015846103, 0.0 ], [ 110.225308930839176, 25.307112674484696, 0.0 ], [ 110.22537541036175, 25.307192035864528, 0.0 ], [ 110.225441889970384, 25.30727139721558, 0.0 ], [ 110.225508369664936, 25.307350758537854, 0.0 ], [ 110.225554835780926, 25.307438715618055, 0.0 ], [ 110.225614919666455, 25.307518418581431, 0.0 ], [ 110.225691408519282, 25.307589943515076, 0.0 ], [ 110.225773805622296, 25.307653670181317, 0.0 ], [ 110.225849949301505, 25.307725498867224, 0.0 ], [ 110.22592997493544, 25.307724267785762, 0.0 ], [ 110.226013379387467, 25.307659443775947, 0.0 ], [ 110.225989436272542, 25.307588940384548, 0.0 ], [ 110.22591486827082, 25.307515758611686, 0.0 ], [ 110.225840300240691, 25.307442576901721, 0.0 ], [ 110.225765732299905, 25.307369395155447, 0.0 ], [ 110.225691164448591, 25.307296213372847, 0.0 ], [ 110.225616596549244, 25.30722303166965, 0.0 ], [ 110.22554202871676, 25.307149849949109, 0.0 ], [ 110.225469661893584, 25.307074864705868, 0.0 ] ] ] } },
{ "type": "Feature", "properties": { }, "geometry": { "type": "Polygon", "coordinates": [ [ [ 110.213158596784055, 25.308933262333337, 0.0 ], [ 110.213023737414218, 25.3086954264365, 0.0 ], [ 110.212832322204648, 25.308825821046394, 0.0 ], [ 110.212082572923634, 25.308864144401852, 0.0 ], [ 110.212300094675314, 25.309036396701281, 0.0 ], [ 110.212480859576388, 25.309210086385722, 0.0 ], [ 110.212414649737795, 25.30946702673473, 0.0 ], [ 110.212366189097352, 25.309718579206709, 0.0 ], [ 110.212478891471449, 25.309941141506734, 0.0 ], [ 110.212697728802056, 25.309907518869618, 0.0 ], [ 110.212959151600074, 25.309785502089042, 0.0 ], [ 110.213087777479572, 25.309559873821861, 0.0 ], [ 110.213047435635303, 25.3093359417736, 0.0 ], [ 110.212933654646932, 25.309089214809113, 0.0 ], [ 110.213158596784055, 25.308933262333337, 0.0 ] ] ] } },
{ "type": "Feature", "properties": { }, "geometry": { "type": "Polygon", "coordinates": [ [ [ 110.25533180803022, 25.306919627854036, 0.0 ], [ 110.255230690995035, 25.306420170335787, 0.0 ], [ 110.255132711334369, 25.305944427415721, 0.0 ], [ 110.255030500623292, 25.305445153972137, 0.0 ], [ 110.254756757058345, 25.305013022714085, 0.0 ], [ 110.254405945684837, 25.304621703932582, 0.0 ], [ 110.253903656681317, 25.304452274900601, 0.0 ], [ 110.25352499186063, 25.304229027162975, 0.0 ], [ 110.253188892358281, 25.303824524988414, 0.0 ], [ 110.252702562054381, 25.303967824359816, 0.0 ], [ 110.252310950879306, 25.303769546694486, 0.0 ], [ 110.251764987572514, 25.303664500103462, 0.0 ], [ 110.251441395461256, 25.303260990020082, 0.0 ], [ 110.251093596642164, 25.302864437749104, 0.0 ], [ 110.250737635177018, 25.302473070008094, 0.0 ], [ 110.250386663937704, 25.302077981626944, 0.0 ], [ 110.250043213132173, 25.301677445642671, 0.0 ], [ 110.249688288433561, 25.301288511318088, 0.0 ], [ 110.249282946129824, 25.300939462033949, 0.0 ], [ 110.248866964248549, 25.300600481302173, 0.0 ], [ 110.248457421525657, 25.300255236806059, 0.0 ], [ 110.247658447668343, 25.299545245870075, 0.0 ], [ 110.24726373139805, 25.299185872068691, 0.0 ], [ 110.246357664981758, 25.297733528405445, 0.0 ], [ 110.246723230427577, 25.297349518173899, 0.0 ], [ 110.246623958359066, 25.296950094098538, 0.0 ], [ 110.246239487949708, 25.296581659502099, 0.0 ], [ 110.24584246666123, 25.296238660931998, 0.0 ], [ 110.24543461837726, 25.295891634817831, 0.0 ], [ 110.245029008573496, 25.295542455090899, 0.0 ], [ 110.244626035091997, 25.29519074565853, 0.0 ], [ 110.244214840481746, 25.29496510856044, 0.0 ], [ 110.243772827565749, 25.29492411901586, 0.0 ], [ 110.243345649502061, 25.294625225567788, 0.0 ], [ 110.242278150814514, 25.293834535530269, 0.0 ], [ 110.241844676244867, 25.293813524701932, 0.0 ], [ 110.241460278161568, 25.293643885343187, 0.0 ], [ 110.241346260878359, 25.293973683801784, 0.0 ], [ 110.241230737250731, 25.294466630791771, 0.0 ], [ 110.241740502564156, 25.295350991385266, 0.0 ], [ 110.241387654930861, 25.296081305399227, 0.0 ], [ 110.241798618361557, 25.296317523230499, 0.0 ], [ 110.24195518063253, 25.29635396182724, 0.0 ], [ 110.242091840291152, 25.296430612277177, 0.0 ], [ 110.242207839444035, 25.296534382522641, 0.0 ], [ 110.242249127585922, 25.296589878400066, 0.0 ], [ 110.242586966496361, 25.296988174744229, 0.0 ], [ 110.242617559905923, 25.297021760581192, 0.0 ], [ 110.242735928571506, 25.29716462872943, 0.0 ], [ 110.242832407855019, 25.297298448061184, 0.0 ], [ 110.242832645614627, 25.297298855479436, 0.0 ], [ 110.242902226673948, 25.297437309284764, 0.0 ], [ 110.242996966451159, 25.297895303413821, 0.0 ], [ 110.243248104998173, 25.298213593481972, 0.0 ], [ 110.243658623419392, 25.298557196213586, 0.0 ], [ 110.244074612478329, 25.298895879483641, 0.0 ], [ 110.244498413804124, 25.299226007776177, 0.0 ], [ 110.244983704063984, 25.299473857697066, 0.0 ], [ 110.245396914986316, 25.299812984424303, 0.0 ], [ 110.245880533346892, 25.300066074772996, 0.0 ], [ 110.246384524404775, 25.300254311414456, 0.0 ], [ 110.246925515925767, 25.300293468572828, 0.0 ], [ 110.247357490910133, 25.300571123535313, 0.0 ], [ 110.247760551074975, 25.300739340124903, 0.0 ], [ 110.248176369676557, 25.300965896917983, 0.0 ], [ 110.248444486483407, 25.300939654587896, 0.0 ], [ 110.248849897363087, 25.301162767535555, 0.0 ], [ 110.249157580356481, 25.301513398264635, 0.0 ], [ 110.249213161605425, 25.30189290885307, 0.0 ], [ 110.249559082858582, 25.302290021378841, 0.0 ], [ 110.249929710253426, 25.302669572081378, 0.0 ], [ 110.250262245248706, 25.303077245168126, 0.0 ], [ 110.250412274380309, 25.303449865071062, 0.0 ], [ 110.250741561413662, 25.303858684775314, 0.0 ], [ 110.251147925282936, 25.303733469011359, 0.0 ], [ 110.251358009183591, 25.304158896927284, 0.0 ], [ 110.25148441534364, 25.304649829425117, 0.0 ], [ 110.251131123104997, 25.304873288061479, 0.0 ], [ 110.251261126509917, 25.305345931972628, 0.0 ], [ 110.251552881907728, 25.305645282212957, 0.0 ], [ 110.251944572514816, 25.305742908274972, 0.0 ], [ 110.25214646538295, 25.306212670615999, 0.0 ], [ 110.252249675601561, 25.30668230715899, 0.0 ], [ 110.252753287100518, 25.306612876041804, 0.0 ], [ 110.253869190091464, 25.306561123346569, 0.0 ], [ 110.25444859996206, 25.307046896941422, 0.0 ], [ 110.254245067679449, 25.30906983330361, 0.0 ], [ 110.254635201347611, 25.309210466009048, 0.0 ], [ 110.255193889455157, 25.309211557154335, 0.0 ], [ 110.255499392600981, 25.308983164192156, 0.0 ], [ 110.255609400035979, 25.308577836345041, 0.0 ], [ 110.255937809310439, 25.308189977368873, 0.0 ], [ 110.255948395234938, 25.307685951112536, 0.0 ], [ 110.255687046203917, 25.307290917988908, 0.0 ], [ 110.25533180803022, 25.306919627854036, 0.0 ] ] ] } },
{ "type": "Feature", "properties": { }, "geometry": { "type": "Polygon", "coordinates": [ [ [ 110.173716528488427, 25.297350150430852, 0.0 ], [ 110.173857887131362, 25.297292335430416, 0.0 ], [ 110.174010955156476, 25.29730457637918, 0.0 ], [ 110.174166099338009, 25.297321444756307, 0.0 ], [ 110.174322101849356, 25.297328579770706, 0.0 ], [ 110.17447638118648, 25.297309123502874, 0.0 ], [ 110.174597626346298, 25.297231842131403, 0.0 ], [ 110.174633160089471, 25.297123632835049, 0.0 ], [ 110.17449614813475, 25.296991704769109, 0.0 ], [ 110.174609345532815, 25.296937409312477, 0.0 ], [ 110.174520775463463, 25.296875304904475, 0.0 ], [ 110.174331077299513, 25.296769393692593, 0.0 ], [ 110.174219593574946, 25.296676555512416, 0.0 ], [ 110.173939617833881, 25.296263255581518, 0.0 ], [ 110.173905899018692, 25.29612632185658, 0.0 ], [ 110.173868779162788, 25.296004004517044, 0.0 ], [ 110.173720885471809, 25.295963821246442, 0.0 ], [ 110.173568469489879, 25.295932482567544, 0.0 ], [ 110.173417350098674, 25.295928670518951, 0.0 ], [ 110.173269037455, 25.295973415390325, 0.0 ], [ 110.17310821638138, 25.295713598397807, 0.0 ], [ 110.173253250731875, 25.295698610671419, 0.0 ], [ 110.173279602031272, 25.295572510849453, 0.0 ], [ 110.172792315971449, 25.295216618625719, 0.0 ], [ 110.172690816405307, 25.295297098506296, 0.0 ], [ 110.172201465090453, 25.295850834897873, 0.0 ], [ 110.172100736468238, 25.295959424331787, 0.0 ], [ 110.171994170858667, 25.296063307338876, 0.0 ], [ 110.171882030223799, 25.296162221504062, 0.0 ], [ 110.171764596252189, 25.296255921647592, 0.0 ], [ 110.171642159753048, 25.296344171461126, 0.0 ], [ 110.171515028563803, 25.296426753191405, 0.0 ], [ 110.171383519159761, 25.296503459839947, 0.0 ], [ 110.171247959266807, 25.296574099146515, 0.0 ], [ 110.171108688070632, 25.296638496129216, 0.0 ], [ 110.17096659887963, 25.296697615670482, 0.0 ], [ 110.170539501404249, 25.296873337930602, 0.0 ], [ 110.170431325819209, 25.29696065301399, 0.0 ], [ 110.170378215468745, 25.297094257213836, 0.0 ], [ 110.170414995341261, 25.297188735671622, 0.0 ], [ 110.170534215280199, 25.297277880912933, 0.0 ], [ 110.170649092511681, 25.297374187599363, 0.0 ], [ 110.17072751021918, 25.297494092805088, 0.0 ], [ 110.170833897781279, 25.298265366736555, 0.0 ], [ 110.170949868519884, 25.298529204184433, 0.0 ], [ 110.171009726135182, 25.298660417569636, 0.0 ], [ 110.171077187195806, 25.298788538183391, 0.0 ], [ 110.171152459075941, 25.29891301134186, 0.0 ], [ 110.171235305392159, 25.299033443143294, 0.0 ], [ 110.17132546181989, 25.299149454799387, 0.0 ], [ 110.17142264738159, 25.299260677393285, 0.0 ], [ 110.171526551667796, 25.299366762018362, 0.0 ], [ 110.171636848316069, 25.299467372230712, 0.0 ], [ 110.171753188581135, 25.299562190511498, 0.0 ], [ 110.171875205109771, 25.299650917179431, 0.0 ], [ 110.172002511660679, 25.299733273027773, 0.0 ], [ 110.172313179229008, 25.299897129140916, 0.0 ], [ 110.172361411570179, 25.299819347585338, 0.0 ], [ 110.172605176332368, 25.299415008878061, 0.0 ], [ 110.172728694475865, 25.29923346282991, 0.0 ], [ 110.172769245207206, 25.299103995541561, 0.0 ], [ 110.172777903936719, 25.298989407382905, 0.0 ], [ 110.172752100575337, 25.29884310081378, 0.0 ], [ 110.172892001784774, 25.298246253503244, 0.0 ], [ 110.172884883374948, 25.298173546522108, 0.0 ], [ 110.172885753792613, 25.298171782038178, 0.0 ], [ 110.172960993787129, 25.298047799577478, 0.0 ], [ 110.173050731383526, 25.297931506155567, 0.0 ], [ 110.173139812187699, 25.297814917226713, 0.0 ], [ 110.173231016635881, 25.29770047071916, 0.0 ], [ 110.173336541811878, 25.29759598675129, 0.0 ], [ 110.173454488217558, 25.297503389517441, 0.0 ], [ 110.173579955041873, 25.297419189514113, 0.0 ], [ 110.173716528488427, 25.297350150430852, 0.0 ] ] ] } },
{ "type": "Feature", "properties": { }, "geometry": { "type": "Polygon", "coordinates": [ [ [ 110.198010340832084, 25.283737352844454, 0.0 ], [ 110.197841143596577, 25.283726541333678, 0.0 ], [ 110.197702171399641, 25.283812904263495, 0.0 ], [ 110.19757736286202, 25.283915408796737, 0.0 ], [ 110.197574760866146, 25.284069594278396, 0.0 ], [ 110.197573746025711, 25.284223802731859, 0.0 ], [ 110.197572731176933, 25.284378011182064, 0.0 ], [ 110.197571716319729, 25.284532219628996, 0.0 ], [ 110.197570701454268, 25.284686428072682, 0.0 ], [ 110.197569686580366, 25.284840636513096, 0.0 ], [ 110.197568671698193, 25.284994844950255, 0.0 ], [ 110.197567656807678, 25.285149053384146, 0.0 ], [ 110.197566641908807, 25.285303261814782, 0.0 ], [ 110.197739701189718, 25.285547678537615, 0.0 ], [ 110.197908774030665, 25.285560022648944, 0.0 ], [ 110.198077846928257, 25.285572366376858, 0.0 ], [ 110.198246919865937, 25.285584709911831, 0.0 ], [ 110.198415992843408, 25.285597053253831, 0.0 ], [ 110.198585065860954, 25.285609396402879, 0.0 ], [ 110.198754138918346, 25.285621739358959, 0.0 ], [ 110.198923212015671, 25.285634082122083, 0.0 ], [ 110.199092285152915, 25.285646424692239, 0.0 ], [ 110.199261358330077, 25.285658767069435, 0.0 ], [ 110.199430431547242, 25.285671109253681, 0.0 ], [ 110.199599504804183, 25.285683451244964, 0.0 ], [ 110.199768578101185, 25.285695793043271, 0.0 ], [ 110.199915985194309, 25.285627664123005, 0.0 ], [ 110.20001235519544, 25.285507130246696, 0.0 ], [ 110.200028224853568, 25.285353603230448, 0.0 ], [ 110.200038136961837, 25.285199663154916, 0.0 ], [ 110.200042124005037, 25.285045501114048, 0.0 ], [ 110.200043137856284, 25.284891292595812, 0.0 ], [ 110.20004414954758, 25.284737084062623, 0.0 ], [ 110.200045161230562, 25.284582875526169, 0.0 ], [ 110.200046172905147, 25.284428666986472, 0.0 ], [ 110.200047184571488, 25.284274458443495, 0.0 ], [ 110.20004814054866, 25.284120250256922, 0.0 ], [ 110.199866292578946, 25.283879058517517, 0.0 ], [ 110.199702235297778, 25.283846436046236, 0.0 ], [ 110.199533117163639, 25.283834652855816, 0.0 ], [ 110.199363920002185, 25.283823837970683, 0.0 ], [ 110.199194722480954, 25.283813028006573, 0.0 ], [ 110.199025524995349, 25.283802217849136, 0.0 ], [ 110.198856327545528, 25.283791407498352, 0.0 ], [ 110.198687130131418, 25.283780596954244, 0.0 ], [ 110.198517932752949, 25.283769786216798, 0.0 ], [ 110.198348735410363, 25.283758975286016, 0.0 ], [ 110.198179538103332, 25.283748164161899, 0.0 ], [ 110.198010340832084, 25.283737352844454, 0.0 ] ] ] } },
{ "type": "Feature", "properties": { }, "geometry": { "type": "Polygon", "coordinates": [ [ [ 110.214117542632493, 25.239062820729771, 0.0 ], [ 110.214236822524697, 25.238803134375541, 0.0 ], [ 110.214563917835875, 25.238481862419675, 0.0 ], [ 110.214863656625283, 25.238082669159887, 0.0 ], [ 110.215043046395792, 25.237855720058555, 0.0 ], [ 110.21526537830357, 25.237661492704909, 0.0 ], [ 110.215504934925747, 25.237483933495511, 0.0 ], [ 110.215742411394459, 25.237303507613166, 0.0 ], [ 110.215979887165204, 25.237123081327866, 0.0 ], [ 110.216215230091024, 25.236940378524483, 0.0 ], [ 110.216112750047927, 25.236733236328959, 0.0 ], [ 110.21586488276678, 25.236708445796364, 0.0 ], [ 110.21558531195268, 25.236829059964442, 0.0 ], [ 110.21528982272271, 25.236904012227487, 0.0 ], [ 110.214984917977191, 25.23695195571835, 0.0 ], [ 110.214677389756389, 25.236980519378974, 0.0 ], [ 110.214368804769464, 25.237001276352562, 0.0 ], [ 110.214060219696435, 25.237022032678954, 0.0 ], [ 110.213651305448295, 25.237263583830401, 0.0 ], [ 110.213624338413666, 25.237477766829915, 0.0 ], [ 110.213713779898839, 25.237747189964189, 0.0 ], [ 110.213803221762689, 25.238016613044085, 0.0 ], [ 110.213892664005144, 25.238286036069582, 0.0 ], [ 110.214191286950111, 25.238626901746347, 0.0 ], [ 110.214072006846393, 25.238886587958252, 0.0 ], [ 110.21390126320064, 25.239057828243517, 0.0 ], [ 110.21359809557957, 25.239001481236599, 0.0 ], [ 110.213294928255451, 25.238945133613775, 0.0 ], [ 110.213133019037073, 25.239144171275715, 0.0 ], [ 110.212853819090242, 25.239262457707266, 0.0 ], [ 110.212634095618682, 25.239382890091672, 0.0 ], [ 110.212536630129676, 25.239650001176088, 0.0 ], [ 110.212766312341344, 25.239758943920375, 0.0 ], [ 110.213059752961854, 25.239848202650251, 0.0 ], [ 110.213352316538206, 25.239939863676426, 0.0 ], [ 110.213575372739442, 25.24006234799123, 0.0 ], [ 110.213550543663189, 25.24033531739228, 0.0 ], [ 110.213813185979987, 25.240449395898825, 0.0 ], [ 110.214105672725196, 25.240541263445465, 0.0 ], [ 110.214398159925068, 25.240633130422392, 0.0 ], [ 110.21453025708108, 25.240506957051355, 0.0 ], [ 110.214507173093637, 25.240233546578473, 0.0 ], [ 110.214407745707206, 25.239969991501006, 0.0 ], [ 110.214355437713195, 25.23969260501195, 0.0 ], [ 110.214284886270619, 25.239428558499441, 0.0 ], [ 110.213998262220159, 25.239322506966449, 0.0 ], [ 110.214117542632493, 25.239062820729771, 0.0 ] ] ] } }
]
}
