{
"type": "FeatureCollection",
"name": "municipal-land",
"crs": { "type": "name", "properties": { "name": "urn:ogc:def:crs:OGC:1.3:CRS84" } },
"features": [
{ "type": "Feature", "properties": { "用地": "1306通信用地", "名称": "移动吴中分公司", "等级": "市级", "状态": "现状", "设施类": "电信局", "规模": "暂无", "备注": "无" }, "geometry": { "type": "Polygon", "coordinates": [ [ [ 110.144936, 25.26939 ], [ 110.144991, 25.269442 ], [ 110.145045, 25.269493 ], [ 110.145101, 25.269543 ], [ 110.145157, 25.269592 ], [ 110.145214, 25.269641 ], [ 110.145272, 25.26969 ], [ 110.145331, 25.269737 ], [ 110.14539, 25.269784 ], [ 110.145458, 25.269795 ], [ 110.145512, 25.269744 ], [ 110.145567, 25.269692 ], [ 110.145621, 25.269641 ], [ 110.145675, 25.269589 ], [ 110.145723, 25.269535 ], [ 110.145697, 25.269474 ], [ 110.145649, 25.269418 ], [ 110.1456, 25.269362 ], [ 110.145551, 25.269306 ], [ 110.145502, 25.269251 ], [ 110.145453, 25.269195 ], [ 110.145404, 25.269139 ], [ 110.145355, 25.269083 ], [ 110.145291, 25.269109 ], [ 110.145232, 25.269156 ], [ 110.145173, 25.269203 ], [ 110.145114, 25.26925 ], [ 110.145054, 25.269297 ], [ 110.144995, 25.269344 ], [ 110.144936, 25.26939 ], [ 110.144936, 25.26939 ] ] ] } },
{ "type": "Feature", "properties": { "用地": "1306通信用地", "名称": "电信吴中分公司", "等级": "市级", "状态": "现状", "设施类": "电信局", "规模": "暂无", "备注": "无" }, "geometry": { "type": "Polygon", "coordinates": [ [ [ 110.199767, 25.250387 ], [ 110.199356, 25.250452 ], [ 110.19922, 25.250787 ], [ 110.199459, 25.250958 ], [ 110.19979, 25.250767 ], [ 110.199767, 25.250387 ], [ 110.199767, 25.250387 ] ] ] } },
{ "type": "Feature", "properties": { "用地": "1303供电用电", "名称": "万兴站", "等级": "区级", "状态": "规划", "设施类": "变电站", "规模": "110kV", "备注": "无" }, "geometry": { "type": "Polygon", "coordinates": [ [ [ 110.269717, 25.243494 ], [ 110.269709, 25.243472 ], [ 110.269702, 25.24345 ], [ 110.269695, 25.243427 ], [ 110.269687, 25.243405 ], [ 110.26968, 25.243383 ], [ 110.269672, 25.24336 ], [ 110.269665, 25.243338 ], [ 110.269658, 25.243316 ], [ 110.26965, 25.243294 ], [ 110.269643, 25.243271 ], [ 110.269636, 25.243249 ], [ 110.269628, 25.243227 ], [ 110.269621, 25.243204 ], [ 110.269614, 25.243182 ], [ 110.269606, 25.24316 ], [ 110.269599, 25.243138 ], [ 110.269591, 25.243115 ], [ 110.269584, 25.243093 ], [ 110.269577, 25.243071 ], [ 110.269569, 25.243048 ], [ 110.269551, 25.243042 ], [ 110.269526, 25.243048 ], [ 110.269502, 25.243055 ], [ 110.269477, 25.243062 ], [ 110.269453, 25.243068 ], [ 110.269428, 25.243075 ], [ 110.269404, 25.243082 ], [ 110.269379, 25.243089 ], [ 110.269355, 25.243095 ], [ 110.26933, 25.243102 ], [ 110.269306, 25.243109 ], [ 110.269281, 25.243115 ], [ 110.269257, 25.243122 ], [ 110.269232, 25.243129 ], [ 110.269208, 25.243135 ], [ 110.269183, 25.243142 ], [ 110.269159, 25.243149 ], [ 110.269135, 25.243157 ], [ 110.269136, 25.243178 ], [ 110.269147, 25.243199 ], [ 110.269158, 25.24322 ], [ 110.269168, 25.243241 ], [ 110.269178, 25.243263 ], [ 110.269187, 25.243284 ], [ 110.269196, 25.243306 ], [ 110.269204, 25.243328 ], [ 110.269212, 25.24335 ], [ 110.26922, 25.243372 ], [ 110.269227, 25.243395 ], [ 110.269235, 25.243417 ], [ 110.269242, 25.243439 ], [ 110.269249, 25.243462 ], [ 110.269257, 25.243484 ], [ 110.269264, 25.243506 ], [ 110.269272, 25.243528 ], [ 110.269279, 25.243551 ], [ 110.269286, 25.243573 ], [ 110.269294, 25.243595 ], [ 110.269301, 25.243618 ], [ 110.269308, 25.24364 ], [ 110.269316, 25.243662 ], [ 110.269323, 25.243684 ], [ 110.26933, 25.243707 ], [ 110.269338, 25.243729 ], [ 110.269345, 25.243751 ], [ 110.269353, 25.243774 ], [ 110.269365, 25.243791 ], [ 110.269389, 25.243784 ], [ 110.269413, 25.243777 ], [ 110.269438, 25.24377 ], [ 110.269462, 25.243764 ], [ 110.269487, 25.243757 ], [ 110.269511, 25.24375 ], [ 110.269536, 25.243743 ], [ 110.26956, 25.243737 ], [ 110.269585, 25.24373 ], [ 110.269609, 25.243723 ], [ 110.269634, 25.243717 ], [ 110.269658, 25.24371 ], [ 110.269683, 25.243703 ], [ 110.269707, 25.243696 ], [ 110.269732, 25.243689 ], [ 110.269756, 25.243682 ], [ 110.269775, 25.243673 ], [ 110.269768, 25.24365 ], [ 110.269761, 25.243628 ], [ 110.269753, 25.243606 ], [ 110.269746, 25.243583 ], [ 110.269739, 25.243561 ], [ 110.269731, 25.243539 ], [ 110.269724, 25.243516 ], [ 110.269717, 25.243494 ], [ 110.269717, 25.243494 ] ] ] } },
{ "type": "Feature", "properties": { "用地": "1302排水用地", "名称": "北仑污水厂", "等级": "市级", "状态": "现状", "设施类": "污水处理厂", "规模": "3.35万吨/天", "备注": "无" }, "geometry": { "type": "Polygon", "coordinates": [ [ [ 110.279844, 25.311973 ], [ 110.279849, 25.311961 ], [ 110.279841, 25.311954 ], [ 110.279828, 25.31195 ], [ 110.279815, 25.311946 ], [ 110.279802, 25.311941 ], [ 110.279789, 25.311937 ], [ 110.279776, 25.311932 ], [ 110.279763, 25.311928 ], [ 110.27975, 25.311923 ], [ 110.279737, 25.311919 ], [ 110.279724, 25.311914 ], [ 110.279711, 25.31191 ], [ 110.279698, 25.311906 ], [ 110.279685, 25.311901 ], [ 110.279672, 25.311897 ], [ 110.279659, 25.311892 ], [ 110.279645, 25.311888 ], [ 110.279632, 25.311885 ], [ 110.279619, 25.311881 ], [ 110.279605, 25.311877 ], [ 110.279593, 25.311872 ], [ 110.27958, 25.311867 ], [ 110.279567, 25.311862 ], [ 110.279555, 25.311856 ], [ 110.279542, 25.311851 ], [ 110.279529, 25.311847 ], [ 110.279516, 25.311842 ], [ 110.279503, 25.311837 ], [ 110.27949, 25.311832 ], [ 110.279477, 25.311828 ], [ 110.279465, 25.311823 ], [ 110.279452, 25.311818 ], [ 110.279439, 25.311813 ], [ 110.279426, 25.311809 ], [ 110.279413, 25.311804 ], [ 110.2794, 25.311799 ], [ 110.279387, 25.311794 ], [ 110.279375, 25.311788 ], [ 110.279363, 25.311782 ], [ 110.27935, 25.311777 ], [ 110.279338, 25.311771 ], [ 110.279325, 25.311766 ], [ 110.279313, 25.31176 ], [ 110.2793, 25.311754 ], [ 110.279288, 25.311749 ], [ 110.279275, 25.311743 ], [ 110.279263, 25.311737 ], [ 110.27925, 25.311732 ], [ 110.279238, 25.311726 ], [ 110.279225, 25.31172 ], [ 110.279213, 25.311715 ], [ 110.279201, 25.311709 ], [ 110.279188, 25.311704 ], [ 110.279176, 25.311697 ], [ 110.279164, 25.311691 ], [ 110.279152, 25.311684 ], [ 110.27914, 25.311678 ], [ 110.279128, 25.311671 ], [ 110.279116, 25.311665 ], [ 110.279104, 25.311658 ], [ 110.279093, 25.311652 ], [ 110.279081, 25.311645 ], [ 110.279069, 25.311638 ], [ 110.279057, 25.311632 ], [ 110.279045, 25.311625 ], [ 110.279033, 25.311619 ], [ 110.279021, 25.311612 ], [ 110.279009, 25.311606 ], [ 110.278997, 25.311599 ], [ 110.278985, 25.311593 ], [ 110.278973, 25.311586 ], [ 110.278962, 25.311579 ], [ 110.278951, 25.311571 ], [ 110.27894, 25.311564 ], [ 110.278928, 25.311556 ], [ 110.278917, 25.311549 ], [ 110.278906, 25.311541 ], [ 110.278894, 25.311534 ], [ 110.278883, 25.311527 ], [ 110.278872, 25.311519 ], [ 110.278861, 25.311512 ], [ 110.278849, 25.311504 ], [ 110.278838, 25.311497 ], [ 110.278827, 25.31149 ], [ 110.278816, 25.311482 ], [ 110.278804, 25.311475 ], [ 110.278793, 25.311467 ], [ 110.278782, 25.31146 ], [ 110.27877, 25.311452 ], [ 110.278759, 25.311445 ], [ 110.278748, 25.311438 ], [ 110.278737, 25.31143 ], [ 110.278726, 25.311422 ], [ 110.278717, 25.311413 ], [ 110.278707, 25.311404 ], [ 110.278697, 25.311395 ], [ 110.278687, 25.311386 ], [ 110.278678, 25.311377 ], [ 110.278668, 25.311368 ], [ 110.278657, 25.311369 ], [ 110.278647, 25.311378 ], [ 110.278638, 25.311387 ], [ 110.278628, 25.311396 ], [ 110.278618, 25.311405 ], [ 110.278609, 25.311414 ], [ 110.278599, 25.311423 ], [ 110.278589, 25.311432 ], [ 110.278579, 25.311441 ], [ 110.278569, 25.31145 ], [ 110.278559, 25.311459 ], [ 110.278549, 25.311467 ], [ 110.278539, 25.311476 ], [ 110.278529, 25.311485 ], [ 110.278519, 25.311494 ], [ 110.278509, 25.311503 ], [ 110.278499, 25.311512 ], [ 110.278489, 25.311521 ], [ 110.27848, 25.31153 ], [ 110.27847, 25.311539 ], [ 110.27846, 25.311547 ], [ 110.27845, 25.311556 ], [ 110.27844, 25.311565 ], [ 110.27843, 25.311574 ], [ 110.27842, 25.311583 ], [ 110.27841, 25.311592 ], [ 110.2784, 25.311601 ], [ 110.27839, 25.31161 ], [ 110.27838, 25.311618 ], [ 110.27837, 25.311627 ], [ 110.278361, 25.311636 ], [ 110.278351, 25.311645 ], [ 110.278341, 25.311654 ], [ 110.278331, 25.311663 ], [ 110.278321, 25.311672 ], [ 110.278311, 25.311681 ], [ 110.278301, 25.31169 ], [ 110.278291, 25.311698 ], [ 110.278281, 25.311707 ], [ 110.278271, 25.311716 ], [ 110.278261, 25.311725 ], [ 110.278252, 25.311734 ], [ 110.278243, 25.311744 ], [ 110.278237, 25.311755 ], [ 110.278234, 25.311768 ], [ 110.278231, 25.31178 ], [ 110.278228, 25.311792 ], [ 110.278222, 25.311804 ], [ 110.278212, 25.311813 ], [ 110.278203, 25.311822 ], [ 110.278193, 25.311831 ], [ 110.278183, 25.31184 ], [ 110.278173, 25.311849 ], [ 110.278164, 25.311858 ], [ 110.278154, 25.311867 ], [ 110.278144, 25.311876 ], [ 110.278134, 25.311885 ], [ 110.278124, 25.311894 ], [ 110.278115, 25.311903 ], [ 110.278105, 25.311912 ], [ 110.278095, 25.311921 ], [ 110.2781, 25.311929 ], [ 110.27811, 25.311938 ], [ 110.278105, 25.311947 ], [ 110.278095, 25.311956 ], [ 110.278085, 25.311965 ], [ 110.278076, 25.311974 ], [ 110.278066, 25.311983 ], [ 110.278056, 25.311992 ], [ 110.278046, 25.312001 ], [ 110.278036, 25.31201 ], [ 110.278027, 25.312019 ], [ 110.278017, 25.312028 ], [ 110.278007, 25.312037 ], [ 110.277997, 25.312046 ], [ 110.277988, 25.312055 ], [ 110.277978, 25.312064 ], [ 110.277968, 25.312073 ], [ 110.277958, 25.312082 ], [ 110.277948, 25.312091 ], [ 110.277939, 25.3121 ], [ 110.277929, 25.312109 ], [ 110.277919, 25.312118 ], [ 110.277909, 25.312127 ], [ 110.277899, 25.312136 ], [ 110.27789, 25.312145 ], [ 110.27788, 25.312154 ], [ 110.27787, 25.312163 ], [ 110.27786, 25.312172 ], [ 110.277851, 25.312181 ], [ 110.277841, 25.31219 ], [ 110.277831, 25.312199 ], [ 110.277821, 25.312208 ], [ 110.277811, 25.312217 ], [ 110.277802, 25.312226 ], [ 110.277792, 25.312235 ], [ 110.277782, 25.312244 ], [ 110.277772, 25.312253 ], [ 110.277762, 25.312262 ], [ 110.277753, 25.312271 ], [ 110.277743, 25.31228 ], [ 110.277733, 25.312289 ], [ 110.277723, 25.312298 ], [ 110.277714, 25.312307 ], [ 110.277704, 25.312316 ], [ 110.277694, 25.312325 ], [ 110.277684, 25.312334 ], [ 110.277679, 25.312345 ], [ 110.277682, 25.312357 ], [ 110.277686, 25.312369 ], [ 110.277689, 25.312382 ], [ 110.277693, 25.312394 ], [ 110.277696, 25.312406 ], [ 110.277699, 25.312418 ], [ 110.277703, 25.312431 ], [ 110.277706, 25.312443 ], [ 110.27771, 25.312455 ], [ 110.277713, 25.312468 ], [ 110.277716, 25.31248 ], [ 110.27772, 25.312492 ], [ 110.277723, 25.312504 ], [ 110.277727, 25.312517 ], [ 110.27773, 25.312529 ], [ 110.277734, 25.312541 ], [ 110.277737, 25.312553 ], [ 110.27774, 25.312566 ], [ 110.277744, 25.312578 ], [ 110.277747, 25.31259 ], [ 110.277751, 25.312602 ], [ 110.277754, 25.312615 ], [ 110.277758, 25.312627 ], [ 110.277761, 25.312639 ], [ 110.277764, 25.312651 ], [ 110.277768, 25.312664 ], [ 110.277771, 25.312676 ], [ 110.277775, 25.312688 ], [ 110.277778, 25.312701 ], [ 110.277782, 25.312713 ], [ 110.277785, 25.312725 ], [ 110.277788, 25.312737 ], [ 110.277792, 25.31275 ], [ 110.277795, 25.312762 ], [ 110.277799, 25.312774 ], [ 110.277801, 25.312787 ], [ 110.277794, 25.312797 ], [ 110.277787, 25.312808 ], [ 110.277779, 25.312818 ], [ 110.277771, 25.312829 ], [ 110.277763, 25.312839 ], [ 110.277755, 25.31285 ], [ 110.277747, 25.31286 ], [ 110.277736, 25.312867 ], [ 110.277724, 25.312874 ], [ 110.277712, 25.31288 ], [ 110.2777, 25.312887 ], [ 110.277688, 25.312893 ], [ 110.277676, 25.3129 ], [ 110.277664, 25.312906 ], [ 110.277652, 25.312913 ], [ 110.27764, 25.312919 ], [ 110.277627, 25.312919 ], [ 110.277614, 25.312914 ], [ 110.277601, 25.31291 ], [ 110.277588, 25.312905 ], [ 110.277575, 25.3129 ], [ 110.277562, 25.312895 ], [ 110.27755, 25.31289 ], [ 110.277537, 25.312886 ], [ 110.277524, 25.312883 ], [ 110.277512, 25.312889 ], [ 110.277499, 25.312895 ], [ 110.277487, 25.312901 ], [ 110.277475, 25.312907 ], [ 110.277463, 25.312913 ], [ 110.27745, 25.312919 ], [ 110.277438, 25.312925 ], [ 110.277426, 25.312931 ], [ 110.277414, 25.312937 ], [ 110.277401, 25.312943 ], [ 110.277389, 25.312949 ], [ 110.277377, 25.312955 ], [ 110.277365, 25.312961 ], [ 110.277352, 25.312967 ], [ 110.27734, 25.312973 ], [ 110.277328, 25.312979 ], [ 110.277316, 25.312985 ], [ 110.277303, 25.312991 ], [ 110.277291, 25.312997 ], [ 110.277279, 25.313003 ], [ 110.277267, 25.313009 ], [ 110.277254, 25.313016 ], [ 110.277242, 25.313022 ], [ 110.27723, 25.313028 ], [ 110.277218, 25.313034 ], [ 110.277213, 25.313044 ], [ 110.277217, 25.313056 ], [ 110.277221, 25.313069 ], [ 110.277225, 25.313081 ], [ 110.277229, 25.313093 ], [ 110.277232, 25.313105 ], [ 110.277236, 25.313117 ], [ 110.27724, 25.313129 ], [ 110.277244, 25.313142 ], [ 110.277247, 25.313154 ], [ 110.277251, 25.313166 ], [ 110.277255, 25.313178 ], [ 110.277259, 25.31319 ], [ 110.277263, 25.313203 ], [ 110.277266, 25.313215 ], [ 110.27727, 25.313227 ], [ 110.277274, 25.313239 ], [ 110.277278, 25.313251 ], [ 110.277281, 25.313263 ], [ 110.277285, 25.313276 ], [ 110.277289, 25.313288 ], [ 110.277293, 25.3133 ], [ 110.277297, 25.313312 ], [ 110.2773, 25.313324 ], [ 110.277304, 25.313337 ], [ 110.277308, 25.313349 ], [ 110.277312, 25.313361 ], [ 110.277316, 25.313373 ], [ 110.277319, 25.313385 ], [ 110.277323, 25.313397 ], [ 110.277327, 25.31341 ], [ 110.277331, 25.313422 ], [ 110.277334, 25.313434 ], [ 110.277338, 25.313446 ], [ 110.277342, 25.313458 ], [ 110.277346, 25.31347 ], [ 110.27735, 25.313483 ], [ 110.277353, 25.313495 ], [ 110.277357, 25.313507 ], [ 110.277361, 25.313519 ], [ 110.277365, 25.313531 ], [ 110.277368, 25.313544 ], [ 110.277372, 25.313556 ], [ 110.277376, 25.313568 ], [ 110.27738, 25.31358 ], [ 110.277384, 25.313592 ], [ 110.277387, 25.313604 ], [ 110.277391, 25.313617 ], [ 110.277395, 25.313629 ], [ 110.277399, 25.313641 ], [ 110.277402, 25.313653 ], [ 110.277406, 25.313665 ], [ 110.27741, 25.313677 ], [ 110.277414, 25.31369 ], [ 110.277418, 25.313702 ], [ 110.277421, 25.313714 ], [ 110.277425, 25.313726 ], [ 110.277429, 25.313738 ], [ 110.277433, 25.313751 ], [ 110.277436, 25.313763 ], [ 110.27744, 25.313775 ], [ 110.277444, 25.313787 ], [ 110.277448, 25.313799 ], [ 110.277452, 25.313811 ], [ 110.277462, 25.313812 ], [ 110.277476, 25.313808 ], [ 110.277489, 25.313805 ], [ 110.277501, 25.313799 ], [ 110.277513, 25.313792 ], [ 110.277525, 25.313786 ], [ 110.277537, 25.313779 ], [ 110.277549, 25.313773 ], [ 110.277561, 25.313766 ], [ 110.277573, 25.31376 ], [ 110.277585, 25.313753 ], [ 110.277596, 25.313746 ], [ 110.277608, 25.313739 ], [ 110.277619, 25.313732 ], [ 110.277631, 25.313725 ], [ 110.277641, 25.313716 ], [ 110.27765, 25.313706 ], [ 110.277659, 25.313697 ], [ 110.277668, 25.313687 ], [ 110.277677, 25.313677 ], [ 110.277686, 25.313668 ], [ 110.277694, 25.313658 ], [ 110.277703, 25.313648 ], [ 110.277712, 25.313639 ], [ 110.277721, 25.313629 ], [ 110.27773, 25.313619 ], [ 110.277739, 25.313609 ], [ 110.277748, 25.3136 ], [ 110.277757, 25.31359 ], [ 110.277766, 25.31358 ], [ 110.277775, 25.313571 ], [ 110.277784, 25.313561 ], [ 110.277793, 25.313551 ], [ 110.277802, 25.313541 ], [ 110.277811, 25.313532 ], [ 110.277819, 25.313522 ], [ 110.277828, 25.313512 ], [ 110.277837, 25.313503 ], [ 110.277846, 25.313493 ], [ 110.277858, 25.313496 ], [ 110.27787, 25.313503 ], [ 110.277881, 25.313511 ], [ 110.277892, 25.313518 ], [ 110.277904, 25.313526 ], [ 110.277915, 25.313533 ], [ 110.277921, 25.313544 ], [ 110.277925, 25.313556 ], [ 110.277929, 25.313568 ], [ 110.277933, 25.31358 ], [ 110.277938, 25.313593 ], [ 110.277942, 25.313605 ], [ 110.277946, 25.313617 ], [ 110.27795, 25.313629 ], [ 110.277954, 25.313641 ], [ 110.277958, 25.313653 ], [ 110.277962, 25.313665 ], [ 110.277966, 25.313677 ], [ 110.27797, 25.313689 ], [ 110.277974, 25.313701 ], [ 110.277978, 25.313713 ], [ 110.277982, 25.313726 ], [ 110.277986, 25.313738 ], [ 110.277991, 25.31375 ], [ 110.277995, 25.313762 ], [ 110.277999, 25.313774 ], [ 110.278003, 25.313786 ], [ 110.278007, 25.313798 ], [ 110.278011, 25.31381 ], [ 110.278015, 25.313822 ], [ 110.278019, 25.313834 ], [ 110.278023, 25.313847 ], [ 110.278027, 25.313859 ], [ 110.278031, 25.313871 ], [ 110.278035, 25.313883 ], [ 110.278039, 25.313895 ], [ 110.278044, 25.313907 ], [ 110.278048, 25.313919 ], [ 110.278052, 25.313931 ], [ 110.278056, 25.313943 ], [ 110.278069, 25.313946 ], [ 110.278083, 25.313947 ], [ 110.278097, 25.313948 ], [ 110.278111, 25.313949 ], [ 110.278124, 25.313951 ], [ 110.278138, 25.313952 ], [ 110.278152, 25.313953 ], [ 110.278166, 25.313954 ], [ 110.27818, 25.313956 ], [ 110.278194, 25.313957 ], [ 110.278208, 25.313958 ], [ 110.278221, 25.313959 ], [ 110.278235, 25.313959 ], [ 110.278245, 25.313951 ], [ 110.278255, 25.313942 ], [ 110.278264, 25.313932 ], [ 110.278273, 25.313923 ], [ 110.278283, 25.313913 ], [ 110.278292, 25.313904 ], [ 110.278301, 25.313895 ], [ 110.278311, 25.313887 ], [ 110.278325, 25.313887 ], [ 110.278339, 25.313888 ], [ 110.278353, 25.31389 ], [ 110.278367, 25.313891 ], [ 110.27838, 25.313893 ], [ 110.278394, 25.313894 ], [ 110.278408, 25.313896 ], [ 110.278422, 25.313897 ], [ 110.278436, 25.313899 ], [ 110.27845, 25.3139 ], [ 110.278463, 25.313902 ], [ 110.278477, 25.313903 ], [ 110.278491, 25.313905 ], [ 110.278505, 25.313906 ], [ 110.278519, 25.313908 ], [ 110.278532, 25.313909 ], [ 110.278546, 25.313911 ], [ 110.27856, 25.313912 ], [ 110.278574, 25.313914 ], [ 110.278588, 25.313915 ], [ 110.278602, 25.313917 ], [ 110.278615, 25.313918 ], [ 110.278629, 25.31392 ], [ 110.278643, 25.313921 ], [ 110.278657, 25.313923 ], [ 110.278671, 25.313924 ], [ 110.278685, 25.313926 ], [ 110.278698, 25.313927 ], [ 110.278712, 25.313929 ], [ 110.278726, 25.31393 ], [ 110.27874, 25.31393 ], [ 110.27874, 25.313917 ], [ 110.27874, 25.313904 ], [ 110.27874, 25.313892 ], [ 110.278741, 25.313879 ], [ 110.278741, 25.313866 ], [ 110.278741, 25.313854 ], [ 110.278741, 25.313841 ], [ 110.278741, 25.313828 ], [ 110.278742, 25.313816 ], [ 110.278742, 25.313803 ], [ 110.278742, 25.31379 ], [ 110.278742, 25.313778 ], [ 110.278742, 25.313765 ], [ 110.278743, 25.313752 ], [ 110.278743, 25.31374 ], [ 110.278743, 25.313727 ], [ 110.278743, 25.313714 ], [ 110.278744, 25.313702 ], [ 110.278744, 25.313689 ], [ 110.278744, 25.313676 ], [ 110.278752, 25.313667 ], [ 110.278762, 25.313658 ], [ 110.278772, 25.313649 ], [ 110.278782, 25.31364 ], [ 110.278793, 25.313632 ], [ 110.278803, 25.313623 ], [ 110.278813, 25.313614 ], [ 110.278823, 25.313605 ], [ 110.278833, 25.313597 ], [ 110.278843, 25.313588 ], [ 110.278853, 25.313579 ], [ 110.278863, 25.31357 ], [ 110.278873, 25.313562 ], [ 110.278883, 25.313553 ], [ 110.278893, 25.313544 ], [ 110.278903, 25.313536 ], [ 110.278913, 25.313527 ], [ 110.278923, 25.313518 ], [ 110.278933, 25.313509 ], [ 110.278944, 25.313501 ], [ 110.278954, 25.313492 ], [ 110.278964, 25.313483 ], [ 110.278974, 25.313474 ], [ 110.278984, 25.313466 ], [ 110.278994, 25.313457 ], [ 110.279004, 25.313448 ], [ 110.279014, 25.313439 ], [ 110.279024, 25.313431 ], [ 110.279034, 25.313422 ], [ 110.279044, 25.313413 ], [ 110.279054, 25.313404 ], [ 110.279064, 25.313396 ], [ 110.279074, 25.313387 ], [ 110.279084, 25.313378 ], [ 110.279095, 25.313369 ], [ 110.279105, 25.313361 ], [ 110.279115, 25.313352 ], [ 110.279125, 25.313343 ], [ 110.279135, 25.313334 ], [ 110.279145, 25.313326 ], [ 110.279155, 25.313317 ], [ 110.279165, 25.313308 ], [ 110.279175, 25.3133 ], [ 110.279185, 25.313291 ], [ 110.279195, 25.313282 ], [ 110.279205, 25.313273 ], [ 110.279215, 25.313265 ], [ 110.279225, 25.313256 ], [ 110.279235, 25.313247 ], [ 110.279246, 25.313238 ], [ 110.279256, 25.31323 ], [ 110.279266, 25.313221 ], [ 110.279276, 25.313212 ], [ 110.279286, 25.313203 ], [ 110.279296, 25.313195 ], [ 110.279306, 25.313186 ], [ 110.279316, 25.313177 ], [ 110.279326, 25.313168 ], [ 110.279336, 25.31316 ], [ 110.279346, 25.313151 ], [ 110.279356, 25.313142 ], [ 110.279366, 25.313133 ], [ 110.279376, 25.313125 ], [ 110.279382, 25.313113 ], [ 110.279386, 25.313101 ], [ 110.279391, 25.313089 ], [ 110.279396, 25.313077 ], [ 110.279401, 25.313065 ], [ 110.279406, 25.313054 ], [ 110.27941, 25.313042 ], [ 110.279415, 25.31303 ], [ 110.27942, 25.313018 ], [ 110.279425, 25.313006 ], [ 110.27943, 25.312994 ], [ 110.279435, 25.312982 ], [ 110.279439, 25.31297 ], [ 110.279444, 25.312959 ], [ 110.279449, 25.312947 ], [ 110.279454, 25.312935 ], [ 110.279459, 25.312923 ], [ 110.279463, 25.312911 ], [ 110.279468, 25.312899 ], [ 110.279473, 25.312887 ], [ 110.279478, 25.312875 ], [ 110.279483, 25.312864 ], [ 110.279488, 25.312852 ], [ 110.279492, 25.31284 ], [ 110.279497, 25.312828 ], [ 110.279502, 25.312816 ], [ 110.279507, 25.312804 ], [ 110.279512, 25.312792 ], [ 110.279516, 25.312781 ], [ 110.279521, 25.312769 ], [ 110.279526, 25.312757 ], [ 110.279531, 25.312745 ], [ 110.279536, 25.312733 ], [ 110.279541, 25.312721 ], [ 110.279545, 25.312709 ], [ 110.27955, 25.312697 ], [ 110.279555, 25.312686 ], [ 110.27956, 25.312674 ], [ 110.279565, 25.312662 ], [ 110.279569, 25.31265 ], [ 110.279574, 25.312638 ], [ 110.279579, 25.312626 ], [ 110.279584, 25.312614 ], [ 110.279589, 25.312602 ], [ 110.279594, 25.312591 ], [ 110.279598, 25.312579 ], [ 110.279603, 25.312567 ], [ 110.279608, 25.312555 ], [ 110.279613, 25.312543 ], [ 110.279618, 25.312531 ], [ 110.279622, 25.312519 ], [ 110.279627, 25.312507 ], [ 110.279632, 25.312496 ], [ 110.279637, 25.312484 ], [ 110.279642, 25.312472 ], [ 110.279647, 25.31246 ], [ 110.279651, 25.312448 ], [ 110.279656, 25.312436 ], [ 110.279661, 25.312424 ], [ 110.279666, 25.312412 ], [ 110.279671, 25.312401 ], [ 110.279675, 25.312389 ], [ 110.27968, 25.312377 ], [ 110.279685, 25.312365 ], [ 110.27969, 25.312353 ], [ 110.279695, 25.312341 ], [ 110.2797, 25.312329 ], [ 110.279704, 25.312317 ], [ 110.279709, 25.312306 ], [ 110.279714, 25.312294 ], [ 110.279719, 25.312282 ], [ 110.279724, 25.31227 ], [ 110.279728, 25.312258 ], [ 110.279733, 25.312246 ], [ 110.279738, 25.312234 ], [ 110.279743, 25.312223 ], [ 110.279748, 25.312211 ], [ 110.279752, 25.312199 ], [ 110.279757, 25.312187 ], [ 110.279762, 25.312175 ], [ 110.279767, 25.312163 ], [ 110.279772, 25.312151 ], [ 110.279777, 25.312139 ], [ 110.279781, 25.312128 ], [ 110.279786, 25.312116 ], [ 110.279791, 25.312104 ], [ 110.279796, 25.312092 ], [ 110.279801, 25.31208 ], [ 110.279805, 25.312068 ], [ 110.27981, 25.312056 ], [ 110.279815, 25.312044 ], [ 110.27982, 25.312033 ], [ 110.279825, 25.312021 ], [ 110.27983, 25.312009 ], [ 110.279834, 25.311997 ], [ 110.279839, 25.311985 ], [ 110.279844, 25.311973 ], [ 110.279844, 25.311973 ] ] ] } },
{ "type": "Feature", "properties": { "用地": "1302排水用地", "名称": "涝泵站", "等级": "市级", "状态": "规划", "设施类": "排涝泵站", "规模": "39.3m3/s", "备注": "无" }, "geometry": { "type": "Polygon", "coordinates": [ [ [ 110.259678, 25.278791 ], [ 110.25957, 25.278686 ], [ 110.259359, 25.278713 ], [ 110.259146, 25.278702 ], [ 110.2591, 25.278884 ], [ 110.259217, 25.27902 ], [ 110.259407, 25.279108 ], [ 110.259589, 25.279122 ], [ 110.259711, 25.278966 ], [ 110.259678, 25.278791 ], [ 110.259678, 25.278791 ] ] ] } },
{ "type": "Feature", "properties": { "用地": "1304供燃气用地", "名称": "环镇高中压调压站", "等级": "市级", "状态": "现状", "设施类": "调压站", "规模": "暂无", "备注": "无" }, "geometry": { "type": "Polygon", "coordinates": [ [ [ 110.148981, 25.188792 ], [ 110.148636, 25.188352 ], [ 110.148127, 25.188573 ], [ 110.148466, 25.189018 ], [ 110.148981, 25.188792 ], [ 110.148981, 25.188792 ] ] ] } },
{ "type": "Feature", "properties": { "用地": "1304供燃气用地", "名称": "LNG应急储配站", "等级": "市级", "状态": "规划", "设施类": "储配站", "规模": "暂无", "备注": "无" }, "geometry": { "type": "Polygon", "coordinates": [ [ [ 110.149971, 25.184824 ], [ 110.148686, 25.184039 ], [ 110.147783, 25.185099 ], [ 110.149035, 25.185925 ], [ 110.149971, 25.184824 ], [ 110.149971, 25.184824 ] ] ] } },
{ "type": "Feature", "properties": { "用地": "1304供燃气用地", "名称": "兴桥高中压调压站", "等级": "市级", "状态": "规划", "设施类": "调压站", "规模": "暂无", "备注": "无" }, "geometry": { "type": "Polygon", "coordinates": [ [ [ 110.100892, 25.12014 ], [ 110.100368, 25.119932 ], [ 110.100039, 25.120387 ], [ 110.100563, 25.120597 ], [ 110.100892, 25.12014 ], [ 110.100892, 25.12014 ] ] ] } },
{ "type": "Feature", "properties": { "用地": "1304供燃气用地", "名称": "兴桥LNG储存气化站", "等级": "市级", "状态": "现状", "设施类": "气化站", "规模": "暂无", "备注": "无" }, "geometry": { "type": "Polygon", "coordinates": [ [ [ 110.004952, 25.100484 ], [ 110.00475, 25.101694 ], [ 110.00602, 25.101886 ], [ 110.00621, 25.100729 ], [ 110.004952, 25.100484 ], [ 110.004952, 25.100484 ] ] ] } },
{ "type": "Feature", "properties": { "用地": "1304供燃气用地", "名称": "国新路高中压调压站", "等级": "市级", "状态": "规划", "设施类": "调压站", "规模": "暂无", "备注": "无" }, "geometry": { "type": "Polygon", "coordinates": [ [ [ 110.119542, 25.243511 ], [ 110.119455, 25.242997 ], [ 110.118856, 25.242987 ], [ 110.118942, 25.243503 ], [ 110.119542, 25.243511 ], [ 110.119542, 25.243511 ] ] ] } },
{ "type": "Feature", "properties": { "用地": "1303供电用地", "名称": "春业站", "等级": "区级", "状态": "现状", "设施类": "变电站", "规模": "110kV", "备注": "无" }, "geometry": { "type": "Polygon", "coordinates": [ [ [ 110.217878, 25.258319 ], [ 110.217978, 25.258143 ], [ 110.217822, 25.257968 ], [ 110.217608, 25.257923 ], [ 110.217486, 25.258098 ], [ 110.217654, 25.258224 ], [ 110.217878, 25.258319 ], [ 110.217878, 25.258319 ] ] ] } },
{ "type": "Feature", "properties": { "用地": "1303供电用地", "名称": "星桥站", "等级": "市级", "状态": "现状", "设施类": "变电站", "规模": "220kV", "备注": "无" }, "geometry": { "type": "Polygon", "coordinates": [ [ [ 110.040917, 25.117627 ], [ 110.041575, 25.116042 ], [ 110.040103, 25.115579 ], [ 110.039435, 25.117062 ], [ 110.040917, 25.117627 ], [ 110.040917, 25.117627 ] ] ] } },
{ "type": "Feature", "properties": { "用地": "1304供燃气用地", "名称": "平湖LNG储存气化站", "等级": "市级", "状态": "现状", "设施类": "气化站", "规模": "暂无", "备注": "无" }, "geometry": { "type": "Polygon", "coordinates": [ [ [ 110.154487, 25.219641 ], [ 110.15407, 25.219251 ], [ 110.153836, 25.218757 ], [ 110.153705, 25.218222 ], [ 110.15324, 25.218432 ], [ 110.153084, 25.218951 ], [ 110.153289, 25.21945 ], [ 110.153766, 25.219777 ], [ 110.154244, 25.220107 ], [ 110.154676, 25.220159 ], [ 110.154487, 25.219641 ], [ 110.154487, 25.219641 ] ] ] } },
{ "type": "Feature", "properties": { "用地": "1303供电用地", "名称": "昆仑站", "等级": "区级", "状态": "规划", "设施类": "变电站", "规模": "110kV", "备注": "无" }, "geometry": { "type": "Polygon", "coordinates": [ [ [ 110.016606, 25.167521 ], [ 110.016515, 25.167518 ], [ 110.016424, 25.167515 ], [ 110.016333, 25.167512 ], [ 110.016241, 25.16751 ], [ 110.01615, 25.167508 ], [ 110.016059, 25.167506 ], [ 110.016001, 25.167553 ], [ 110.015999, 25.167636 ], [ 110.015996, 25.167719 ], [ 110.015993, 25.167802 ], [ 110.01599, 25.167885 ], [ 110.015987, 25.167968 ], [ 110.015985, 25.168051 ], [ 110.016006, 25.168117 ], [ 110.016097, 25.168126 ], [ 110.016188, 25.168129 ], [ 110.016279, 25.168132 ], [ 110.01637, 25.168135 ], [ 110.016461, 25.168138 ], [ 110.016553, 25.168141 ], [ 110.016644, 25.168145 ], [ 110.016735, 25.168148 ], [ 110.016826, 25.168151 ], [ 110.016917, 25.168154 ], [ 110.017, 25.168141 ], [ 110.017017, 25.168063 ], [ 110.017021, 25.16798 ], [ 110.017024, 25.167897 ], [ 110.017028, 25.167814 ], [ 110.017031, 25.167731 ], [ 110.017035, 25.167648 ], [ 110.017038, 25.167565 ], [ 110.016971, 25.167533 ], [ 110.01688, 25.16753 ], [ 110.016789, 25.167527 ], [ 110.016697, 25.167524 ], [ 110.016606, 25.167521 ], [ 110.016606, 25.167521 ] ] ] } },
{ "type": "Feature", "properties": { "用地": "1303供电用地", "名称": "西州站", "等级": "区级", "状态": "规划", "设施类": "变电站", "规模": "110kV", "备注": "无" }, "geometry": { "type": "Polygon", "coordinates": [ [ [ 110.000192, 25.10478 ], [ 110.0001, 25.104777 ], [ 110.000009, 25.104774 ], [ 109.999918, 25.104771 ], [ 109.999827, 25.104769 ], [ 109.999736, 25.104767 ], [ 109.999645, 25.104765 ], [ 109.999587, 25.104812 ], [ 109.999584, 25.104895 ], [ 109.999581, 25.104978 ], [ 109.999579, 25.105061 ], [ 109.999576, 25.105144 ], [ 109.999573, 25.105227 ], [ 109.99957, 25.10531 ], [ 109.999592, 25.105376 ], [ 109.999682, 25.105385 ], [ 109.999773, 25.105388 ], [ 109.999865, 25.105391 ], [ 109.999956, 25.105394 ], [ 110.000047, 25.105397 ], [ 110.000138, 25.105401 ], [ 110.000229, 25.105404 ], [ 110.00032, 25.105407 ], [ 110.000411, 25.10541 ], [ 110.000502, 25.105413 ], [ 110.000585, 25.1054 ], [ 110.000602, 25.105322 ], [ 110.000606, 25.105239 ], [ 110.000609, 25.105156 ], [ 110.000613, 25.105073 ], [ 110.000616, 25.10499 ], [ 110.00062, 25.104907 ], [ 110.000623, 25.104824 ], [ 110.000556, 25.104792 ], [ 110.000465, 25.104789 ], [ 110.000374, 25.104786 ], [ 110.000283, 25.104783 ], [ 110.000192, 25.10478 ], [ 110.000192, 25.10478 ] ] ] } },
{ "type": "Feature", "properties": { "用地": "1303供电用地", "名称": "鸭湖站", "等级": "区级", "状态": "规划", "设施类": "变电站", "规模": "110kV", "备注": "无" }, "geometry": { "type": "Polygon", "coordinates": [ [ [ 110.035069, 25.133124 ], [ 110.035005, 25.133065 ], [ 110.034942, 25.133005 ], [ 110.034879, 25.132946 ], [ 110.034814, 25.132886 ], [ 110.03475, 25.132828 ], [ 110.034686, 25.132769 ], [ 110.034608, 25.132766 ], [ 110.034543, 25.132825 ], [ 110.034478, 25.132883 ], [ 110.034413, 25.132941 ], [ 110.034348, 25.132999 ], [ 110.034282, 25.133057 ], [ 110.034217, 25.133115 ], [ 110.034183, 25.133176 ], [ 110.034242, 25.13324 ], [ 110.034305, 25.133299 ], [ 110.034368, 25.133359 ], [ 110.034432, 25.133419 ], [ 110.034495, 25.133478 ], [ 110.034558, 25.133538 ], [ 110.034622, 25.133598 ], [ 110.034685, 25.133658 ], [ 110.034748, 25.133717 ], [ 110.034812, 25.133777 ], [ 110.034881, 25.13382 ], [ 110.034954, 25.133774 ], [ 110.035019, 25.133717 ], [ 110.035085, 25.133659 ], [ 110.03515, 25.133601 ], [ 110.035216, 25.133544 ], [ 110.035282, 25.133486 ], [ 110.035347, 25.133428 ], [ 110.035323, 25.133363 ], [ 110.035259, 25.133303 ], [ 110.035196, 25.133243 ], [ 110.035133, 25.133184 ], [ 110.035069, 25.133124 ], [ 110.035069, 25.133124 ] ] ] } },
{ "type": "Feature", "properties": { "用地": "1303供电用地", "名称": "万隆2站", "等级": "区级", "状态": "规划", "设施类": "变电站", "规模": "110kV", "备注": "无" }, "geometry": { "type": "Polygon", "coordinates": [ [ [ 110.070815, 25.120168 ], [ 110.070751, 25.120109 ], [ 110.070688, 25.120049 ], [ 110.070625, 25.11999 ], [ 110.07056, 25.119931 ], [ 110.070496, 25.119872 ], [ 110.070432, 25.119813 ], [ 110.070354, 25.119811 ], [ 110.070289, 25.119869 ], [ 110.070224, 25.119927 ], [ 110.070159, 25.119985 ], [ 110.070094, 25.120043 ], [ 110.070029, 25.120101 ], [ 110.069963, 25.120159 ], [ 110.069929, 25.120221 ], [ 110.069988, 25.120284 ], [ 110.070051, 25.120344 ], [ 110.070115, 25.120403 ], [ 110.070178, 25.120463 ], [ 110.070241, 25.120523 ], [ 110.070305, 25.120582 ], [ 110.070368, 25.120642 ], [ 110.070431, 25.120702 ], [ 110.070495, 25.120762 ], [ 110.070558, 25.120821 ], [ 110.070628, 25.120864 ], [ 110.0707, 25.120818 ], [ 110.070765, 25.120761 ], [ 110.070831, 25.120703 ], [ 110.070896, 25.120645 ], [ 110.070962, 25.120588 ], [ 110.071028, 25.12053 ], [ 110.071093, 25.120472 ], [ 110.071069, 25.120407 ], [ 110.071005, 25.120347 ], [ 110.070942, 25.120288 ], [ 110.070879, 25.120228 ], [ 110.070815, 25.120168 ], [ 110.070815, 25.120168 ] ] ] } },
{ "type": "Feature", "properties": { "用地": "1303供电用地", "名称": "万隆1站", "等级": "区级", "状态": "规划", "设施类": "变电站", "规模": "110kV", "备注": "无" }, "geometry": { "type": "Polygon", "coordinates": [ [ [ 110.043456, 25.090182 ], [ 110.043365, 25.090183 ], [ 110.043274, 25.090184 ], [ 110.043183, 25.090185 ], [ 110.043092, 25.090188 ], [ 110.043, 25.09019 ], [ 110.042909, 25.090192 ], [ 110.042854, 25.090242 ], [ 110.042856, 25.090325 ], [ 110.042858, 25.090408 ], [ 110.04286, 25.090491 ], [ 110.042862, 25.090574 ], [ 110.042863, 25.090657 ], [ 110.042865, 25.09074 ], [ 110.042891, 25.090805 ], [ 110.042981, 25.090809 ], [ 110.043073, 25.090808 ], [ 110.043164, 25.090807 ], [ 110.043255, 25.090806 ], [ 110.043346, 25.090805 ], [ 110.043437, 25.090804 ], [ 110.043528, 25.090803 ], [ 110.04362, 25.090802 ], [ 110.043711, 25.090801 ], [ 110.043802, 25.0908 ], [ 110.043884, 25.090783 ], [ 110.043897, 25.090704 ], [ 110.043896, 25.090621 ], [ 110.043894, 25.090538 ], [ 110.043893, 25.090455 ], [ 110.043892, 25.090372 ], [ 110.043891, 25.090289 ], [ 110.04389, 25.090206 ], [ 110.043821, 25.090177 ], [ 110.04373, 25.090178 ], [ 110.043639, 25.090179 ], [ 110.043547, 25.090181 ], [ 110.043456, 25.090182 ], [ 110.043456, 25.090182 ] ] ] } },
{ "type": "Feature", "properties": { "用地": "1303供电用地", "名称": "村西路站", "等级": "区级", "状态": "规划", "设施类": "变电站", "规模": "110kV", "备注": "无" }, "geometry": { "type": "Polygon", "coordinates": [ [ [ 110.130515, 25.229659 ], [ 110.13035, 25.229334 ], [ 110.130168, 25.229017 ], [ 110.129853, 25.228886 ], [ 110.129527, 25.229021 ], [ 110.129543, 25.229378 ], [ 110.129735, 25.229623 ], [ 110.130122, 25.229659 ], [ 110.130515, 25.229659 ], [ 110.130515, 25.229659 ] ] ] } },
{ "type": "Feature", "properties": { "用地": "1303供电用地", "名称": "石头岭站", "等级": "区级", "状态": "规划", "设施类": "变电站", "规模": "110kV", "备注": "无" }, "geometry": { "type": "Polygon", "coordinates": [ [ [ 110.199079, 25.199235 ], [ 110.199015, 25.199176 ], [ 110.198951, 25.199116 ], [ 110.198888, 25.199057 ], [ 110.198824, 25.198998 ], [ 110.198759, 25.198939 ], [ 110.198695, 25.19888 ], [ 110.198617, 25.198878 ], [ 110.198552, 25.198936 ], [ 110.198487, 25.198994 ], [ 110.198422, 25.199052 ], [ 110.198357, 25.199111 ], [ 110.198292, 25.199169 ], [ 110.198227, 25.199227 ], [ 110.198192, 25.199288 ], [ 110.198251, 25.199351 ], [ 110.198314, 25.199411 ], [ 110.198378, 25.199471 ], [ 110.198441, 25.19953 ], [ 110.198505, 25.19959 ], [ 110.198568, 25.19965 ], [ 110.198632, 25.199709 ], [ 110.198695, 25.199769 ], [ 110.198759, 25.199829 ], [ 110.198822, 25.199888 ], [ 110.198892, 25.199931 ], [ 110.198964, 25.199885 ], [ 110.19903, 25.199828 ], [ 110.199095, 25.19977 ], [ 110.199161, 25.199712 ], [ 110.199226, 25.199654 ], [ 110.199292, 25.199597 ], [ 110.199357, 25.199539 ], [ 110.199333, 25.199474 ], [ 110.199269, 25.199414 ], [ 110.199206, 25.199354 ], [ 110.199142, 25.199295 ], [ 110.199079, 25.199235 ], [ 110.199079, 25.199235 ] ] ] } },
{ "type": "Feature", "properties": { "用地": "1303供电用地", "名称": "复兴门站", "等级": "区级", "状态": "现状", "设施类": "变电站", "规模": "110kV", "备注": "无" }, "geometry": { "type": "Polygon", "coordinates": [ [ [ 110.011431, 25.085315 ], [ 110.011072, 25.084039 ], [ 110.009535, 25.084029 ], [ 110.009894, 25.085305 ], [ 110.011431, 25.085315 ], [ 110.011431, 25.085315 ] ] ] } },
{ "type": "Feature", "properties": { "用地": "1303供电用地", "名称": "中交站", "等级": "区级", "状态": "现状", "设施类": "变电站", "规模": "110kV", "备注": "无" }, "geometry": { "type": "Polygon", "coordinates": [ [ [ 110.033261, 25.102302 ], [ 110.032833, 25.101019 ], [ 110.031497, 25.101067 ], [ 110.031788, 25.102293 ], [ 110.033261, 25.102302 ], [ 110.033261, 25.102302 ] ] ] } },
{ "type": "Feature", "properties": { "用地": "1303供电用地", "名称": "安民兴站", "等级": "区级", "状态": "现状", "设施类": "变电站", "规模": "110kV", "备注": "无" }, "geometry": { "type": "Polygon", "coordinates": [ [ [ 110.0108, 25.114998 ], [ 110.010552, 25.114121 ], [ 110.009638, 25.114414 ], [ 110.009852, 25.115271 ], [ 110.0108, 25.114998 ], [ 110.0108, 25.114998 ] ] ] } },
{ "type": "Feature", "properties": { "用地": "1307邮政用地", "名称": "兴化大道邮政所", "等级": "区级", "状态": "现状", "设施类": "邮政所", "规模": "暂无", "备注": "无" }, "geometry": { "type": "Polygon", "coordinates": [ [ [ 110.197372, 25.245768 ], [ 110.197221, 25.245634 ], [ 110.197089, 25.245772 ], [ 110.197222, 25.2459 ], [ 110.197372, 25.245768 ], [ 110.197372, 25.245768 ] ] ] } },
{ "type": "Feature", "properties": { "用地": "1303供电用地", "名称": "创业站", "等级": "区级", "状态": "规划", "设施类": "变电站", "规模": "110kV", "备注": "无" }, "geometry": { "type": "Polygon", "coordinates": [ [ [ 110.126868, 25.185981 ], [ 110.126565, 25.18566 ], [ 110.126198, 25.185606 ], [ 110.126164, 25.185908 ], [ 110.126507, 25.186191 ], [ 110.126868, 25.185981 ], [ 110.126868, 25.185981 ] ] ] } },
{ "type": "Feature", "properties": { "用地": "1303供电用地", "名称": "火焰站", "等级": "区级", "状态": "规划", "设施类": "变电站", "规模": "110kV", "备注": "无" }, "geometry": { "type": "Polygon", "coordinates": [ [ [ 110.077394, 25.203402 ], [ 110.077477, 25.203212 ], [ 110.07756, 25.203022 ], [ 110.077643, 25.202832 ], [ 110.07764, 25.202655 ], [ 110.077435, 25.202581 ], [ 110.077231, 25.20259 ], [ 110.077136, 25.202771 ], [ 110.077053, 25.202961 ], [ 110.07697, 25.203151 ], [ 110.076887, 25.203341 ], [ 110.076804, 25.203531 ], [ 110.076968, 25.20353 ], [ 110.077184, 25.203475 ], [ 110.077394, 25.203402 ], [ 110.077394, 25.203402 ] ] ] } },
{ "type": "Feature", "properties": { "用地": "1303供电用地", "名称": "鸿达站", "等级": "区级", "状态": "规划", "设施类": "变电站", "规模": "110kV", "备注": "无" }, "geometry": { "type": "Polygon", "coordinates": [ [ [ 110.200256, 25.228429 ], [ 110.199763, 25.228781 ], [ 110.20003, 25.22933 ], [ 110.200524, 25.228979 ], [ 110.200256, 25.228429 ], [ 110.200256, 25.228429 ] ] ] } },
{ "type": "Feature", "properties": { "用地": "1303供电用地", "名称": "庙岭山站", "等级": "市级", "状态": "现状", "设施类": "变电站", "规模": "220kV", "备注": "无" }, "geometry": { "type": "Polygon", "coordinates": [ [ [ 110.209288, 25.225221 ], [ 110.209285, 25.22513 ], [ 110.209282, 25.225039 ], [ 110.209279, 25.224948 ], [ 110.209276, 25.224857 ], [ 110.209273, 25.224766 ], [ 110.20927, 25.224675 ], [ 110.209267, 25.224584 ], [ 110.209265, 25.224493 ], [ 110.209262, 25.224402 ], [ 110.209259, 25.224311 ], [ 110.209256, 25.22422 ], [ 110.209253, 25.224129 ], [ 110.20925, 25.224038 ], [ 110.209247, 25.223947 ], [ 110.209244, 25.223856 ], [ 110.209241, 25.223765 ], [ 110.209238, 25.223674 ], [ 110.209235, 25.223583 ], [ 110.209199, 25.223506 ], [ 110.209099, 25.223508 ], [ 110.208999, 25.22351 ], [ 110.208899, 25.223512 ], [ 110.208799, 25.223514 ], [ 110.208699, 25.223516 ], [ 110.208599, 25.223518 ], [ 110.208499, 25.223521 ], [ 110.208399, 25.223524 ], [ 110.208299, 25.223527 ], [ 110.208199, 25.22353 ], [ 110.208099, 25.223533 ], [ 110.207999, 25.223536 ], [ 110.207899, 25.223539 ], [ 110.207799, 25.223542 ], [ 110.207699, 25.223545 ], [ 110.207601, 25.223557 ], [ 110.207578, 25.223636 ], [ 110.207581, 25.223727 ], [ 110.207584, 25.223818 ], [ 110.207587, 25.223909 ], [ 110.20759, 25.224 ], [ 110.207593, 25.224091 ], [ 110.207596, 25.224182 ], [ 110.207599, 25.224273 ], [ 110.207602, 25.224364 ], [ 110.20759, 25.224454 ], [ 110.207596, 25.224542 ], [ 110.207676, 25.224571 ], [ 110.207685, 25.224661 ], [ 110.207688, 25.224752 ], [ 110.207692, 25.224843 ], [ 110.207695, 25.224934 ], [ 110.207698, 25.225025 ], [ 110.207701, 25.225116 ], [ 110.207705, 25.225207 ], [ 110.207708, 25.225298 ], [ 110.207767, 25.225353 ], [ 110.207867, 25.22535 ], [ 110.207967, 25.225347 ], [ 110.208067, 25.225344 ], [ 110.208167, 25.225341 ], [ 110.208267, 25.225338 ], [ 110.208367, 25.225335 ], [ 110.208467, 25.225332 ], [ 110.208567, 25.225329 ], [ 110.208667, 25.225326 ], [ 110.208767, 25.225323 ], [ 110.208867, 25.22532 ], [ 110.208967, 25.225317 ], [ 110.209068, 25.225314 ], [ 110.209168, 25.225312 ], [ 110.209264, 25.2253 ], [ 110.209288, 25.225221 ], [ 110.209288, 25.225221 ] ] ] } },
{ "type": "Feature", "properties": { "用地": "1303供电用地", "名称": "禄山站", "等级": "区级", "状态": "现状", "设施类": "变电站", "规模": "110kV", "备注": "无" }, "geometry": { "type": "Polygon", "coordinates": [ [ [ 110.192276, 25.271211 ], [ 110.192205, 25.271155 ], [ 110.192134, 25.271099 ], [ 110.192062, 25.271044 ], [ 110.191991, 25.270988 ], [ 110.19192, 25.270933 ], [ 110.191848, 25.270877 ], [ 110.191779, 25.27089 ], [ 110.191719, 25.270956 ], [ 110.191659, 25.271022 ], [ 110.1916, 25.271087 ], [ 110.19154, 25.271153 ], [ 110.191532, 25.271228 ], [ 110.191603, 25.271283 ], [ 110.191674, 25.271339 ], [ 110.191746, 25.271395 ], [ 110.191817, 25.271451 ], [ 110.191888, 25.271506 ], [ 110.19197, 25.271534 ], [ 110.192032, 25.27147 ], [ 110.192093, 25.271405 ], [ 110.192154, 25.27134 ], [ 110.192215, 25.271275 ], [ 110.192276, 25.271211 ], [ 110.192276, 25.271211 ] ] ] } },
{ "type": "Feature", "properties": { "用地": "1303供电用地", "名称": "石松涛站", "等级": "区级", "状态": "现状", "设施类": "变电站", "规模": "110kV", "备注": "无" }, "geometry": { "type": "Polygon", "coordinates": [ [ [ 110.181428, 25.251544 ], [ 110.18133, 25.25155 ], [ 110.181231, 25.251556 ], [ 110.181133, 25.251562 ], [ 110.181034, 25.251568 ], [ 110.180936, 25.251573 ], [ 110.180837, 25.251579 ], [ 110.180739, 25.251585 ], [ 110.180738, 25.251675 ], [ 110.180745, 25.251764 ], [ 110.180752, 25.251854 ], [ 110.180759, 25.251943 ], [ 110.180767, 25.252033 ], [ 110.180774, 25.252123 ], [ 110.180781, 25.252212 ], [ 110.180788, 25.252302 ], [ 110.180795, 25.252391 ], [ 110.180891, 25.252389 ], [ 110.180989, 25.252382 ], [ 110.181088, 25.252375 ], [ 110.181186, 25.252369 ], [ 110.181285, 25.252362 ], [ 110.181383, 25.252355 ], [ 110.181482, 25.252349 ], [ 110.181487, 25.25226 ], [ 110.181479, 25.25217 ], [ 110.181472, 25.252081 ], [ 110.181465, 25.251991 ], [ 110.181457, 25.251902 ], [ 110.18145, 25.251812 ], [ 110.181443, 25.251723 ], [ 110.181435, 25.251633 ], [ 110.181428, 25.251544 ], [ 110.181428, 25.251544 ] ] ] } },
{ "type": "Feature", "properties": { "用地": "1303供电用地", "名称": "坂田站", "等级": "区级", "状态": "现状", "设施类": "变电站", "规模": "110kV", "备注": "无" }, "geometry": { "type": "Polygon", "coordinates": [ [ [ 110.152917, 25.247296 ], [ 110.152903, 25.247283 ], [ 110.152888, 25.247271 ], [ 110.152874, 25.247258 ], [ 110.15286, 25.247246 ], [ 110.152845, 25.247233 ], [ 110.152831, 25.247221 ], [ 110.152816, 25.247208 ], [ 110.152802, 25.247196 ], [ 110.152788, 25.247183 ], [ 110.152773, 25.247171 ], [ 110.152759, 25.247159 ], [ 110.152744, 25.247146 ], [ 110.15273, 25.247134 ], [ 110.152716, 25.247121 ], [ 110.152701, 25.247109 ], [ 110.152687, 25.247096 ], [ 110.152672, 25.247084 ], [ 110.152658, 25.247071 ], [ 110.152643, 25.247059 ], [ 110.152629, 25.247046 ], [ 110.152615, 25.247034 ], [ 110.1526, 25.247021 ], [ 110.152586, 25.247009 ], [ 110.152571, 25.246996 ], [ 110.152557, 25.246984 ], [ 110.152543, 25.246972 ], [ 110.152528, 25.246959 ], [ 110.152514, 25.246947 ], [ 110.152499, 25.246934 ], [ 110.152485, 25.246922 ], [ 110.152471, 25.246909 ], [ 110.152456, 25.246897 ], [ 110.152442, 25.246884 ], [ 110.152427, 25.246872 ], [ 110.152413, 25.246859 ], [ 110.152398, 25.246856 ], [ 110.152384, 25.246868 ], [ 110.152369, 25.246881 ], [ 110.152355, 25.246893 ], [ 110.15234, 25.246906 ], [ 110.152326, 25.246918 ], [ 110.152311, 25.246931 ], [ 110.152297, 25.246943 ], [ 110.152282, 25.246956 ], [ 110.152268, 25.246968 ], [ 110.152254, 25.24698 ], [ 110.152239, 25.246993 ], [ 110.152225, 25.247005 ], [ 110.15221, 25.247018 ], [ 110.152196, 25.24703 ], [ 110.152181, 25.247043 ], [ 110.152167, 25.247055 ], [ 110.152153, 25.247067 ], [ 110.152138, 25.24708 ], [ 110.152124, 25.247092 ], [ 110.152109, 25.247105 ], [ 110.152095, 25.247117 ], [ 110.15208, 25.24713 ], [ 110.152066, 25.247142 ], [ 110.152051, 25.247154 ], [ 110.152037, 25.247167 ], [ 110.152023, 25.247179 ], [ 110.152008, 25.247192 ], [ 110.151994, 25.247204 ], [ 110.151979, 25.247217 ], [ 110.151965, 25.247229 ], [ 110.15195, 25.247241 ], [ 110.151936, 25.247254 ], [ 110.151922, 25.247266 ], [ 110.151907, 25.247279 ], [ 110.151893, 25.247291 ], [ 110.151878, 25.247304 ], [ 110.151865, 25.247317 ], [ 110.151872, 25.24733 ], [ 110.151886, 25.247343 ], [ 110.1519, 25.247357 ], [ 110.151913, 25.24737 ], [ 110.151927, 25.247383 ], [ 110.151941, 25.247396 ], [ 110.151954, 25.247409 ], [ 110.151968, 25.247422 ], [ 110.151982, 25.247435 ], [ 110.151996, 25.247448 ], [ 110.152009, 25.247461 ], [ 110.152023, 25.247474 ], [ 110.152037, 25.247488 ], [ 110.15205, 25.247501 ], [ 110.152064, 25.247514 ], [ 110.152077, 25.247527 ], [ 110.152091, 25.24754 ], [ 110.152105, 25.247553 ], [ 110.152118, 25.247567 ], [ 110.152132, 25.24758 ], [ 110.152145, 25.247593 ], [ 110.152159, 25.247606 ], [ 110.152172, 25.24762 ], [ 110.152186, 25.247633 ], [ 110.152199, 25.247646 ], [ 110.152213, 25.247659 ], [ 110.152226, 25.247673 ], [ 110.15224, 25.247686 ], [ 110.152253, 25.247699 ], [ 110.152267, 25.247713 ], [ 110.15228, 25.247726 ], [ 110.152294, 25.247739 ], [ 110.152307, 25.247753 ], [ 110.152321, 25.247766 ], [ 110.152334, 25.247779 ], [ 110.152349, 25.247775 ], [ 110.152363, 25.247763 ], [ 110.152378, 25.247751 ], [ 110.152393, 25.247738 ], [ 110.152407, 25.247726 ], [ 110.152422, 25.247714 ], [ 110.152436, 25.247702 ], [ 110.152451, 25.247689 ], [ 110.152465, 25.247677 ], [ 110.15248, 25.247665 ], [ 110.152495, 25.247652 ], [ 110.152509, 25.24764 ], [ 110.152524, 25.247628 ], [ 110.152538, 25.247615 ], [ 110.152553, 25.247603 ], [ 110.152567, 25.247591 ], [ 110.152582, 25.247579 ], [ 110.152597, 25.247566 ], [ 110.152611, 25.247554 ], [ 110.152626, 25.247542 ], [ 110.15264, 25.247529 ], [ 110.152655, 25.247517 ], [ 110.152669, 25.247505 ], [ 110.152684, 25.247492 ], [ 110.152699, 25.24748 ], [ 110.152713, 25.247468 ], [ 110.152728, 25.247456 ], [ 110.152742, 25.247443 ], [ 110.152757, 25.247431 ], [ 110.152771, 25.247419 ], [ 110.152786, 25.247406 ], [ 110.152801, 25.247394 ], [ 110.152815, 25.247382 ], [ 110.15283, 25.247369 ], [ 110.152844, 25.247357 ], [ 110.152859, 25.247345 ], [ 110.152873, 25.247333 ], [ 110.152888, 25.24732 ], [ 110.152903, 25.247308 ], [ 110.152917, 25.247296 ], [ 110.152917, 25.247296 ] ] ] } },
{ "type": "Feature", "properties": { "用地": "1303供电用地", "名称": "秦民站", "等级": "区级", "状态": "现状", "设施类": "变电站", "规模": "110kV", "备注": "无" }, "geometry": { "type": "Polygon", "coordinates": [ [ [ 110.158856, 25.210851 ], [ 110.158841, 25.210842 ], [ 110.158827, 25.210834 ], [ 110.158812, 25.210825 ], [ 110.158798, 25.210816 ], [ 110.158783, 25.210807 ], [ 110.158768, 25.210799 ], [ 110.158754, 25.21079 ], [ 110.158739, 25.210782 ], [ 110.158725, 25.210773 ], [ 110.15871, 25.210765 ], [ 110.158695, 25.210756 ], [ 110.15868, 25.210748 ], [ 110.158666, 25.210739 ], [ 110.158651, 25.210731 ], [ 110.158636, 25.210723 ], [ 110.158621, 25.210714 ], [ 110.158606, 25.210706 ], [ 110.158592, 25.210698 ], [ 110.158577, 25.21069 ], [ 110.158562, 25.210681 ], [ 110.158547, 25.210673 ], [ 110.158532, 25.210665 ], [ 110.158517, 25.210657 ], [ 110.158502, 25.210649 ], [ 110.158487, 25.210641 ], [ 110.158472, 25.210633 ], [ 110.158457, 25.210625 ], [ 110.158442, 25.210617 ], [ 110.158427, 25.210609 ], [ 110.158412, 25.210601 ], [ 110.158396, 25.210594 ], [ 110.158381, 25.210586 ], [ 110.158366, 25.210578 ], [ 110.158351, 25.21057 ], [ 110.158336, 25.210563 ], [ 110.15832, 25.210555 ], [ 110.158305, 25.210547 ], [ 110.15829, 25.21054 ], [ 110.158275, 25.210532 ], [ 110.158259, 25.210525 ], [ 110.158244, 25.210517 ], [ 110.158228, 25.21051 ], [ 110.158213, 25.210502 ], [ 110.158198, 25.210495 ], [ 110.158182, 25.210488 ], [ 110.158167, 25.21048 ], [ 110.158151, 25.210473 ], [ 110.158136, 25.210466 ], [ 110.15812, 25.210459 ], [ 110.158105, 25.210452 ], [ 110.158089, 25.210444 ], [ 110.158074, 25.210437 ], [ 110.158058, 25.21043 ], [ 110.158042, 25.210425 ], [ 110.158025, 25.210426 ], [ 110.158008, 25.21043 ], [ 110.157991, 25.210433 ], [ 110.157974, 25.210437 ], [ 110.157957, 25.21044 ], [ 110.15794, 25.210444 ], [ 110.157923, 25.210447 ], [ 110.157906, 25.210451 ], [ 110.157889, 25.210454 ], [ 110.157872, 25.210458 ], [ 110.157855, 25.210461 ], [ 110.157839, 25.210466 ], [ 110.157826, 25.210476 ], [ 110.157815, 25.210488 ], [ 110.157804, 25.210501 ], [ 110.157793, 25.210513 ], [ 110.157783, 25.210525 ], [ 110.157772, 25.210538 ], [ 110.157761, 25.21055 ], [ 110.15775, 25.210563 ], [ 110.15774, 25.210575 ], [ 110.157729, 25.210588 ], [ 110.157718, 25.2106 ], [ 110.157707, 25.210613 ], [ 110.157696, 25.210625 ], [ 110.157686, 25.210637 ], [ 110.157675, 25.21065 ], [ 110.157664, 25.210662 ], [ 110.157653, 25.210675 ], [ 110.157642, 25.210687 ], [ 110.157632, 25.2107 ], [ 110.157621, 25.210712 ], [ 110.15761, 25.210724 ], [ 110.157599, 25.210737 ], [ 110.157589, 25.21075 ], [ 110.157601, 25.210759 ], [ 110.157616, 25.210767 ], [ 110.157631, 25.210775 ], [ 110.157646, 25.210784 ], [ 110.15766, 25.210792 ], [ 110.157675, 25.2108 ], [ 110.15769, 25.210808 ], [ 110.157705, 25.210817 ], [ 110.15772, 25.210825 ], [ 110.157735, 25.210833 ], [ 110.157749, 25.210842 ], [ 110.157764, 25.21085 ], [ 110.157779, 25.210858 ], [ 110.157794, 25.210866 ], [ 110.157809, 25.210875 ], [ 110.157824, 25.210883 ], [ 110.157839, 25.210891 ], [ 110.157853, 25.210899 ], [ 110.157868, 25.210908 ], [ 110.157883, 25.210916 ], [ 110.157898, 25.210924 ], [ 110.157913, 25.210932 ], [ 110.157928, 25.210941 ], [ 110.157942, 25.210949 ], [ 110.157957, 25.210957 ], [ 110.157972, 25.210966 ], [ 110.157987, 25.210974 ], [ 110.158002, 25.210982 ], [ 110.158017, 25.21099 ], [ 110.158032, 25.210999 ], [ 110.158046, 25.211007 ], [ 110.158061, 25.211015 ], [ 110.158076, 25.211023 ], [ 110.158091, 25.211032 ], [ 110.158106, 25.21104 ], [ 110.158121, 25.211048 ], [ 110.158135, 25.211056 ], [ 110.15815, 25.211065 ], [ 110.158165, 25.211073 ], [ 110.15818, 25.211081 ], [ 110.158195, 25.21109 ], [ 110.15821, 25.211098 ], [ 110.158225, 25.211106 ], [ 110.158239, 25.211114 ], [ 110.158254, 25.211123 ], [ 110.158269, 25.211131 ], [ 110.158284, 25.211139 ], [ 110.158299, 25.211147 ], [ 110.158314, 25.211156 ], [ 110.158329, 25.211164 ], [ 110.158343, 25.211172 ], [ 110.158358, 25.211181 ], [ 110.158373, 25.211189 ], [ 110.158388, 25.211197 ], [ 110.158403, 25.211205 ], [ 110.158418, 25.211214 ], [ 110.158432, 25.211222 ], [ 110.158447, 25.21123 ], [ 110.158462, 25.211238 ], [ 110.158477, 25.211247 ], [ 110.158492, 25.211255 ], [ 110.158507, 25.211263 ], [ 110.158522, 25.211271 ], [ 110.158536, 25.21128 ], [ 110.158551, 25.211288 ], [ 110.158565, 25.211283 ], [ 110.158574, 25.21127 ], [ 110.158583, 25.211256 ], [ 110.158592, 25.211243 ], [ 110.158601, 25.211229 ], [ 110.15861, 25.211216 ], [ 110.158619, 25.211202 ], [ 110.158629, 25.211189 ], [ 110.158638, 25.211175 ], [ 110.158647, 25.211162 ], [ 110.158656, 25.211148 ], [ 110.158665, 25.211135 ], [ 110.158674, 25.211121 ], [ 110.158683, 25.211108 ], [ 110.158692, 25.211094 ], [ 110.158701, 25.211081 ], [ 110.15871, 25.211067 ], [ 110.158719, 25.211054 ], [ 110.158728, 25.21104 ], [ 110.158738, 25.211027 ], [ 110.158747, 25.211013 ], [ 110.158756, 25.211 ], [ 110.158765, 25.210986 ], [ 110.158774, 25.210973 ], [ 110.158783, 25.210959 ], [ 110.158792, 25.210946 ], [ 110.158801, 25.210932 ], [ 110.15881, 25.210919 ], [ 110.158819, 25.210905 ], [ 110.158828, 25.210892 ], [ 110.158838, 25.210878 ], [ 110.158847, 25.210865 ], [ 110.158856, 25.210851 ], [ 110.158856, 25.210851 ] ] ] } },
{ "type": "Feature", "properties": { "用地": "1303供电用地", "名称": "狮驼站", "等级": "市级", "状态": "现状", "设施类": "变电站", "规模": "220kV", "备注": "无" }, "geometry": { "type": "Polygon", "coordinates": [ [ [ 110.123712, 25.203535 ], [ 110.123719, 25.203443 ], [ 110.123726, 25.20335 ], [ 110.123733, 25.203258 ], [ 110.123739, 25.203165 ], [ 110.123746, 25.203073 ], [ 110.123753, 25.202981 ], [ 110.12376, 25.202888 ], [ 110.123767, 25.202796 ], [ 110.123774, 25.202704 ], [ 110.123781, 25.202611 ], [ 110.123788, 25.202519 ], [ 110.123794, 25.202427 ], [ 110.123801, 25.202334 ], [ 110.123714, 25.202314 ], [ 110.123612, 25.202307 ], [ 110.123511, 25.202301 ], [ 110.123409, 25.202295 ], [ 110.123307, 25.202289 ], [ 110.123206, 25.202282 ], [ 110.123104, 25.202276 ], [ 110.123003, 25.20227 ], [ 110.122901, 25.202264 ], [ 110.1228, 25.202257 ], [ 110.122698, 25.202251 ], [ 110.122597, 25.202245 ], [ 110.122495, 25.202239 ], [ 110.122394, 25.202232 ], [ 110.122292, 25.202226 ], [ 110.122191, 25.20222 ], [ 110.122094, 25.202232 ], [ 110.122075, 25.202318 ], [ 110.122068, 25.20241 ], [ 110.122061, 25.202503 ], [ 110.122054, 25.202595 ], [ 110.122036, 25.202686 ], [ 110.122011, 25.202773 ], [ 110.122053, 25.202848 ], [ 110.122066, 25.20293 ], [ 110.12206, 25.203022 ], [ 110.122053, 25.203115 ], [ 110.122046, 25.203207 ], [ 110.122039, 25.203299 ], [ 110.122032, 25.203392 ], [ 110.122088, 25.203435 ], [ 110.122189, 25.203441 ], [ 110.122291, 25.203447 ], [ 110.122392, 25.203454 ], [ 110.122494, 25.20346 ], [ 110.122595, 25.203466 ], [ 110.122697, 25.203472 ], [ 110.122798, 25.203479 ], [ 110.1229, 25.203485 ], [ 110.123001, 25.203491 ], [ 110.123103, 25.203497 ], [ 110.123204, 25.203504 ], [ 110.123306, 25.20351 ], [ 110.123407, 25.203516 ], [ 110.123509, 25.203522 ], [ 110.12361, 25.203529 ], [ 110.123712, 25.203535 ], [ 110.123712, 25.203535 ] ] ] } },
{ "type": "Feature", "properties": { "用地": "1303供电用地", "名称": "长阳站", "等级": "区级", "状态": "现状", "设施类": "变电站", "规模": "110kV", "备注": "无" }, "geometry": { "type": "Polygon", "coordinates": [ [ [ 110.024395, 25.220237 ], [ 110.024396, 25.220158 ], [ 110.024396, 25.220078 ], [ 110.024397, 25.219999 ], [ 110.024361, 25.219937 ], [ 110.024273, 25.219935 ], [ 110.024186, 25.219933 ], [ 110.024099, 25.219931 ], [ 110.024012, 25.219929 ], [ 110.023924, 25.219928 ], [ 110.023837, 25.219926 ], [ 110.02375, 25.219924 ], [ 110.023686, 25.219955 ], [ 110.023608, 25.219974 ], [ 110.023521, 25.219965 ], [ 110.023434, 25.219956 ], [ 110.023348, 25.219947 ], [ 110.023261, 25.219938 ], [ 110.023223, 25.219976 ], [ 110.0233, 25.220007 ], [ 110.023387, 25.220016 ], [ 110.023473, 25.220024 ], [ 110.02356, 25.220033 ], [ 110.023647, 25.220041 ], [ 110.023688, 25.220091 ], [ 110.023688, 25.22017 ], [ 110.023688, 25.22025 ], [ 110.023687, 25.220329 ], [ 110.023686, 25.220409 ], [ 110.023686, 25.220488 ], [ 110.023685, 25.220568 ], [ 110.023684, 25.220647 ], [ 110.023711, 25.22071 ], [ 110.023797, 25.220718 ], [ 110.023884, 25.22072 ], [ 110.023972, 25.220722 ], [ 110.024059, 25.220723 ], [ 110.024146, 25.220725 ], [ 110.024234, 25.220727 ], [ 110.024321, 25.220729 ], [ 110.02439, 25.220714 ], [ 110.024392, 25.220634 ], [ 110.024393, 25.220555 ], [ 110.024393, 25.220475 ], [ 110.024394, 25.220396 ], [ 110.024394, 25.220317 ], [ 110.024395, 25.220237 ], [ 110.024395, 25.220237 ] ] ] } },
{ "type": "Feature", "properties": { "用地": "1303供电用地", "名称": "维新站", "等级": "区级", "状态": "规划", "设施类": "变电站", "规模": "110kV", "备注": "无" }, "geometry": { "type": "Polygon", "coordinates": [ [ [ 110.172285, 25.284641 ], [ 110.17227, 25.284641 ], [ 110.172254, 25.284642 ], [ 110.172238, 25.284642 ], [ 110.172223, 25.284643 ], [ 110.172207, 25.284643 ], [ 110.172191, 25.284643 ], [ 110.172176, 25.284643 ], [ 110.17216, 25.284643 ], [ 110.172144, 25.284643 ], [ 110.172129, 25.284643 ], [ 110.172113, 25.284643 ], [ 110.172097, 25.284643 ], [ 110.172082, 25.284642 ], [ 110.172066, 25.284642 ], [ 110.17205, 25.284642 ], [ 110.172035, 25.284641 ], [ 110.172019, 25.284641 ], [ 110.172004, 25.28464 ], [ 110.171988, 25.284639 ], [ 110.171972, 25.284638 ], [ 110.171957, 25.284638 ], [ 110.171941, 25.284637 ], [ 110.171925, 25.284636 ], [ 110.17191, 25.284635 ], [ 110.171894, 25.284633 ], [ 110.171878, 25.284632 ], [ 110.171863, 25.284631 ], [ 110.171847, 25.284629 ], [ 110.171832, 25.284628 ], [ 110.171816, 25.284627 ], [ 110.171801, 25.284625 ], [ 110.171785, 25.284623 ], [ 110.171769, 25.284622 ], [ 110.171754, 25.28462 ], [ 110.171738, 25.284618 ], [ 110.171723, 25.284616 ], [ 110.171707, 25.284614 ], [ 110.171692, 25.284612 ], [ 110.171676, 25.28461 ], [ 110.171661, 25.284608 ], [ 110.171645, 25.284605 ], [ 110.17163, 25.284603 ], [ 110.171614, 25.2846 ], [ 110.171599, 25.284598 ], [ 110.171584, 25.284595 ], [ 110.171568, 25.284593 ], [ 110.171554, 25.284591 ], [ 110.171553, 25.284605 ], [ 110.171552, 25.28462 ], [ 110.171551, 25.284634 ], [ 110.17155, 25.284648 ], [ 110.171549, 25.284662 ], [ 110.171548, 25.284677 ], [ 110.171547, 25.284691 ], [ 110.171546, 25.284705 ], [ 110.171545, 25.284719 ], [ 110.171544, 25.284733 ], [ 110.171543, 25.284748 ], [ 110.171542, 25.284762 ], [ 110.171541, 25.284776 ], [ 110.17154, 25.28479 ], [ 110.171539, 25.284805 ], [ 110.171538, 25.284819 ], [ 110.171537, 25.284833 ], [ 110.171536, 25.284847 ], [ 110.171535, 25.284861 ], [ 110.171534, 25.284876 ], [ 110.171533, 25.28489 ], [ 110.171532, 25.284904 ], [ 110.171531, 25.284918 ], [ 110.17153, 25.284932 ], [ 110.171529, 25.284947 ], [ 110.171528, 25.284961 ], [ 110.171528, 25.284975 ], [ 110.171538, 25.284981 ], [ 110.171553, 25.284982 ], [ 110.171569, 25.284983 ], [ 110.171585, 25.284984 ], [ 110.1716, 25.284984 ], [ 110.171616, 25.284985 ], [ 110.171632, 25.284986 ], [ 110.171647, 25.284987 ], [ 110.171663, 25.284988 ], [ 110.171679, 25.284989 ], [ 110.171694, 25.28499 ], [ 110.17171, 25.284991 ], [ 110.171725, 25.284992 ], [ 110.171741, 25.284993 ], [ 110.171757, 25.284994 ], [ 110.171772, 25.284995 ], [ 110.171788, 25.284996 ], [ 110.171804, 25.284996 ], [ 110.171819, 25.284997 ], [ 110.171835, 25.284998 ], [ 110.171851, 25.284999 ], [ 110.171866, 25.285 ], [ 110.171882, 25.285001 ], [ 110.171897, 25.285002 ], [ 110.171913, 25.285003 ], [ 110.171929, 25.285004 ], [ 110.171944, 25.285005 ], [ 110.17196, 25.285006 ], [ 110.171976, 25.285007 ], [ 110.171991, 25.285008 ], [ 110.172007, 25.285009 ], [ 110.172023, 25.285009 ], [ 110.172038, 25.28501 ], [ 110.172054, 25.285011 ], [ 110.172069, 25.285012 ], [ 110.172085, 25.285013 ], [ 110.172101, 25.285014 ], [ 110.172116, 25.285015 ], [ 110.172132, 25.285016 ], [ 110.172148, 25.285017 ], [ 110.172163, 25.285018 ], [ 110.172179, 25.285019 ], [ 110.172195, 25.28502 ], [ 110.17221, 25.285021 ], [ 110.172226, 25.285022 ], [ 110.172241, 25.285022 ], [ 110.172257, 25.285022 ], [ 110.172261, 25.28501 ], [ 110.172262, 25.284996 ], [ 110.172263, 25.284982 ], [ 110.172264, 25.284968 ], [ 110.172264, 25.284954 ], [ 110.172265, 25.284939 ], [ 110.172266, 25.284925 ], [ 110.172267, 25.284911 ], [ 110.172268, 25.284897 ], [ 110.172269, 25.284883 ], [ 110.17227, 25.284868 ], [ 110.172271, 25.284854 ], [ 110.172272, 25.28484 ], [ 110.172273, 25.284826 ], [ 110.172274, 25.284811 ], [ 110.172275, 25.284797 ], [ 110.172276, 25.284783 ], [ 110.172277, 25.284769 ], [ 110.172278, 25.284755 ], [ 110.172279, 25.28474 ], [ 110.17228, 25.284726 ], [ 110.172281, 25.284712 ], [ 110.172282, 25.284698 ], [ 110.172283, 25.284683 ], [ 110.172284, 25.284669 ], [ 110.172284, 25.284655 ], [ 110.172285, 25.284641 ], [ 110.172285, 25.284641 ] ] ] } },
{ "type": "Feature", "properties": { "用地": "1303供电用地", "名称": "街头站", "等级": "市级", "状态": "规划", "设施类": "变电站", "规模": "220kV", "备注": "无" }, "geometry": { "type": "Polygon", "coordinates": [ [ [ 110.147236, 25.270594 ], [ 110.147255, 25.270577 ], [ 110.147274, 25.27056 ], [ 110.147293, 25.270543 ], [ 110.147312, 25.270526 ], [ 110.147331, 25.270509 ], [ 110.14735, 25.270492 ], [ 110.147369, 25.270475 ], [ 110.147388, 25.270458 ], [ 110.147408, 25.270441 ], [ 110.147427, 25.270424 ], [ 110.147446, 25.270407 ], [ 110.147465, 25.27039 ], [ 110.147484, 25.270373 ], [ 110.147503, 25.270356 ], [ 110.147522, 25.270339 ], [ 110.147541, 25.270322 ], [ 110.14756, 25.270305 ], [ 110.147579, 25.270288 ], [ 110.147598, 25.270271 ], [ 110.147618, 25.270254 ], [ 110.147637, 25.270237 ], [ 110.147656, 25.27022 ], [ 110.147675, 25.270203 ], [ 110.147694, 25.270186 ], [ 110.147713, 25.270169 ], [ 110.147732, 25.270152 ], [ 110.147751, 25.270135 ], [ 110.14777, 25.270118 ], [ 110.147789, 25.270101 ], [ 110.147808, 25.270084 ], [ 110.147828, 25.270067 ], [ 110.147847, 25.27005 ], [ 110.147866, 25.270033 ], [ 110.147885, 25.270016 ], [ 110.147904, 25.269998 ], [ 110.147923, 25.269981 ], [ 110.147942, 25.269964 ], [ 110.147961, 25.269947 ], [ 110.14798, 25.26993 ], [ 110.147999, 25.269913 ], [ 110.148018, 25.269896 ], [ 110.148037, 25.269879 ], [ 110.148057, 25.269862 ], [ 110.148076, 25.269845 ], [ 110.148095, 25.269828 ], [ 110.148114, 25.269811 ], [ 110.148133, 25.269794 ], [ 110.148152, 25.269777 ], [ 110.148171, 25.26976 ], [ 110.14819, 25.269743 ], [ 110.148209, 25.269726 ], [ 110.148228, 25.269709 ], [ 110.148247, 25.269692 ], [ 110.148247, 25.269675 ], [ 110.148226, 25.26966 ], [ 110.148205, 25.269644 ], [ 110.148184, 25.269629 ], [ 110.148163, 25.269614 ], [ 110.148142, 25.269599 ], [ 110.148121, 25.269584 ], [ 110.1481, 25.269569 ], [ 110.148079, 25.269554 ], [ 110.148058, 25.269539 ], [ 110.148037, 25.269524 ], [ 110.148016, 25.269509 ], [ 110.147995, 25.269494 ], [ 110.147974, 25.269479 ], [ 110.147953, 25.269464 ], [ 110.147932, 25.269449 ], [ 110.147911, 25.269434 ], [ 110.14789, 25.269419 ], [ 110.147869, 25.269404 ], [ 110.147849, 25.269389 ], [ 110.147828, 25.269374 ], [ 110.147807, 25.269358 ], [ 110.147786, 25.269343 ], [ 110.147765, 25.269328 ], [ 110.147744, 25.269313 ], [ 110.147723, 25.269298 ], [ 110.147702, 25.269283 ], [ 110.147681, 25.269268 ], [ 110.14766, 25.269253 ], [ 110.147639, 25.269238 ], [ 110.147618, 25.269223 ], [ 110.147597, 25.269208 ], [ 110.147576, 25.269193 ], [ 110.147555, 25.269178 ], [ 110.147534, 25.269163 ], [ 110.147513, 25.269148 ], [ 110.147492, 25.269133 ], [ 110.147471, 25.269118 ], [ 110.14745, 25.269103 ], [ 110.147429, 25.269087 ], [ 110.147408, 25.269072 ], [ 110.147387, 25.269057 ], [ 110.147366, 25.269042 ], [ 110.147345, 25.269027 ], [ 110.147324, 25.269012 ], [ 110.147303, 25.268997 ], [ 110.147282, 25.268982 ], [ 110.147261, 25.268967 ], [ 110.14724, 25.268952 ], [ 110.147219, 25.268937 ], [ 110.147198, 25.268922 ], [ 110.147177, 25.268907 ], [ 110.147156, 25.268892 ], [ 110.147135, 25.268877 ], [ 110.147114, 25.268862 ], [ 110.147093, 25.268847 ], [ 110.147072, 25.268832 ], [ 110.147051, 25.268816 ], [ 110.147031, 25.268801 ], [ 110.14701, 25.268786 ], [ 110.146989, 25.268771 ], [ 110.146968, 25.268756 ], [ 110.146947, 25.268741 ], [ 110.146926, 25.268726 ], [ 110.146905, 25.268711 ], [ 110.146884, 25.268696 ], [ 110.146863, 25.268681 ], [ 110.146842, 25.268666 ], [ 110.146821, 25.268651 ], [ 110.1468, 25.268636 ], [ 110.146779, 25.268621 ], [ 110.146758, 25.268606 ], [ 110.146737, 25.268591 ], [ 110.146714, 25.268595 ], [ 110.146696, 25.268612 ], [ 110.146677, 25.26863 ], [ 110.146659, 25.268647 ], [ 110.14664, 25.268665 ], [ 110.146622, 25.268682 ], [ 110.146603, 25.2687 ], [ 110.146585, 25.268717 ], [ 110.146566, 25.268735 ], [ 110.146548, 25.268752 ], [ 110.146529, 25.26877 ], [ 110.146511, 25.268787 ], [ 110.146492, 25.268805 ], [ 110.146474, 25.268823 ], [ 110.146455, 25.26884 ], [ 110.146437, 25.268858 ], [ 110.146418, 25.268875 ], [ 110.1464, 25.268893 ], [ 110.146381, 25.26891 ], [ 110.146363, 25.268928 ], [ 110.146344, 25.268945 ], [ 110.146326, 25.268963 ], [ 110.146307, 25.26898 ], [ 110.146289, 25.268998 ], [ 110.14627, 25.269015 ], [ 110.146252, 25.269033 ], [ 110.146233, 25.26905 ], [ 110.146215, 25.269068 ], [ 110.146196, 25.269085 ], [ 110.146178, 25.269103 ], [ 110.146159, 25.269121 ], [ 110.146141, 25.269138 ], [ 110.146122, 25.269156 ], [ 110.146104, 25.269173 ], [ 110.146085, 25.269191 ], [ 110.146067, 25.269208 ], [ 110.146048, 25.269226 ], [ 110.14603, 25.269243 ], [ 110.146011, 25.269261 ], [ 110.145993, 25.269278 ], [ 110.145974, 25.269296 ], [ 110.145956, 25.269313 ], [ 110.145937, 25.269331 ], [ 110.145919, 25.269348 ], [ 110.1459, 25.269366 ], [ 110.145882, 25.269383 ], [ 110.145863, 25.269401 ], [ 110.145845, 25.269419 ], [ 110.145826, 25.269436 ], [ 110.145808, 25.269454 ], [ 110.145789, 25.269471 ], [ 110.145771, 25.269489 ], [ 110.145753, 25.269506 ], [ 110.145735, 25.269525 ], [ 110.145716, 25.269542 ], [ 110.145698, 25.26956 ], [ 110.145679, 25.269577 ], [ 110.145661, 25.269595 ], [ 110.145642, 25.269612 ], [ 110.145624, 25.26963 ], [ 110.145605, 25.269647 ], [ 110.145587, 25.269665 ], [ 110.145568, 25.269682 ], [ 110.14555, 25.2697 ], [ 110.145531, 25.269717 ], [ 110.145513, 25.269735 ], [ 110.145494, 25.269753 ], [ 110.145476, 25.26977 ], [ 110.145457, 25.269788 ], [ 110.14544, 25.269806 ], [ 110.145452, 25.269822 ], [ 110.145473, 25.269838 ], [ 110.145494, 25.269853 ], [ 110.145514, 25.269869 ], [ 110.145535, 25.269884 ], [ 110.145556, 25.269899 ], [ 110.145577, 25.269914 ], [ 110.145598, 25.269929 ], [ 110.145619, 25.269944 ], [ 110.14564, 25.269959 ], [ 110.145662, 25.269973 ], [ 110.145683, 25.269988 ], [ 110.145704, 25.270003 ], [ 110.145726, 25.270017 ], [ 110.145747, 25.270031 ], [ 110.145769, 25.270046 ], [ 110.145791, 25.27006 ], [ 110.145813, 25.270074 ], [ 110.145834, 25.270088 ], [ 110.145856, 25.270102 ], [ 110.145878, 25.270116 ], [ 110.1459, 25.270129 ], [ 110.145922, 25.270143 ], [ 110.145945, 25.270157 ], [ 110.145967, 25.27017 ], [ 110.145989, 25.270183 ], [ 110.146012, 25.270197 ], [ 110.146034, 25.27021 ], [ 110.146057, 25.270223 ], [ 110.146079, 25.270236 ], [ 110.146102, 25.270249 ], [ 110.146125, 25.270261 ], [ 110.146147, 25.270274 ], [ 110.14617, 25.270287 ], [ 110.146193, 25.270299 ], [ 110.146216, 25.270312 ], [ 110.146239, 25.270324 ], [ 110.146262, 25.270336 ], [ 110.146285, 25.270348 ], [ 110.146309, 25.27036 ], [ 110.146332, 25.270372 ], [ 110.146355, 25.270384 ], [ 110.146379, 25.270396 ], [ 110.146402, 25.270407 ], [ 110.146426, 25.270419 ], [ 110.146449, 25.27043 ], [ 110.146473, 25.270442 ], [ 110.146497, 25.270453 ], [ 110.14652, 25.270464 ], [ 110.146544, 25.270476 ], [ 110.146568, 25.270487 ], [ 110.146591, 25.270498 ], [ 110.146615, 25.270509 ], [ 110.146639, 25.270521 ], [ 110.146662, 25.270532 ], [ 110.146686, 25.270543 ], [ 110.14671, 25.270555 ], [ 110.146733, 25.270566 ], [ 110.146757, 25.270577 ], [ 110.146781, 25.270588 ], [ 110.146804, 25.2706 ], [ 110.146828, 25.270611 ], [ 110.146852, 25.270622 ], [ 110.146875, 25.270633 ], [ 110.146899, 25.270645 ], [ 110.146924, 25.270654 ], [ 110.14695, 25.270649 ], [ 110.146976, 25.270645 ], [ 110.147002, 25.27064 ], [ 110.147029, 25.270636 ], [ 110.147055, 25.270631 ], [ 110.147081, 25.270627 ], [ 110.147107, 25.270622 ], [ 110.147134, 25.270618 ], [ 110.14716, 25.270613 ], [ 110.147186, 25.270609 ], [ 110.147212, 25.270604 ], [ 110.147236, 25.270594 ], [ 110.147236, 25.270594 ] ] ] } },
{ "type": "Feature", "properties": { "用地": "1303供电用地", "名称": "嘴头站", "等级": "区级", "状态": "规划", "设施类": "变电站", "规模": "110kV", "备注": "无" }, "geometry": { "type": "Polygon", "coordinates": [ [ [ 110.159298, 25.261248 ], [ 110.159226, 25.261185 ], [ 110.159154, 25.261122 ], [ 110.159082, 25.261059 ], [ 110.15901, 25.260996 ], [ 110.158938, 25.260934 ], [ 110.158866, 25.260871 ], [ 110.158794, 25.260808 ], [ 110.15871, 25.260828 ], [ 110.158641, 25.260893 ], [ 110.158572, 25.260959 ], [ 110.158503, 25.261024 ], [ 110.158443, 25.261095 ], [ 110.158433, 25.261184 ], [ 110.158435, 25.261275 ], [ 110.158452, 25.261363 ], [ 110.158517, 25.26143 ], [ 110.158589, 25.261493 ], [ 110.158661, 25.261556 ], [ 110.158733, 25.261618 ], [ 110.158805, 25.261681 ], [ 110.158885, 25.261642 ], [ 110.158954, 25.261577 ], [ 110.159022, 25.261511 ], [ 110.159091, 25.261445 ], [ 110.15916, 25.261379 ], [ 110.159229, 25.261314 ], [ 110.159298, 25.261248 ], [ 110.159298, 25.261248 ] ] ] } },
{ "type": "Feature", "properties": { "用地": "1303供电用地", "名称": "千金站", "等级": "区级", "状态": "规划", "设施类": "变电站", "规模": "110kV", "备注": "无" }, "geometry": { "type": "Polygon", "coordinates": [ [ [ 110.177158, 25.226548 ], [ 110.177617, 25.226241 ], [ 110.177512, 25.225905 ], [ 110.177014, 25.226099 ], [ 110.177158, 25.226548 ], [ 110.177158, 25.226548 ] ] ] } },
{ "type": "Feature", "properties": { "用地": "1303供电用地", "名称": "周仑站", "等级": "区级", "状态": "规划", "设施类": "变电站", "规模": "110kV", "备注": "无" }, "geometry": { "type": "Polygon", "coordinates": [ [ [ 110.207697, 25.290205 ], [ 110.207509, 25.290002 ], [ 110.207313, 25.289851 ], [ 110.207151, 25.28965 ], [ 110.206899, 25.289557 ], [ 110.206726, 25.28975 ], [ 110.206631, 25.289991 ], [ 110.206823, 25.290193 ], [ 110.207075, 25.290329 ], [ 110.20734, 25.290448 ], [ 110.207609, 25.290559 ], [ 110.207776, 25.290453 ], [ 110.207697, 25.290205 ], [ 110.207697, 25.290205 ] ] ] } },
{ "type": "Feature", "properties": { "用地": "1304供燃气用地", "名称": "东北岭高中压调压站", "等级": "市级", "状态": "现状", "设施类": "调压站", "规模": "暂无", "备注": "无" }, "geometry": { "type": "Polygon", "coordinates": [ [ [ 110.263082, 25.203713 ], [ 110.262961, 25.203717 ], [ 110.262841, 25.203736 ], [ 110.262737, 25.20379 ], [ 110.262644, 25.203862 ], [ 110.262618, 25.203963 ], [ 110.26262, 25.204073 ], [ 110.262625, 25.204184 ], [ 110.262596, 25.20429 ], [ 110.262637, 25.204366 ], [ 110.262758, 25.204367 ], [ 110.26285, 25.204317 ], [ 110.262905, 25.204218 ], [ 110.262946, 25.204114 ], [ 110.26297, 25.204006 ], [ 110.263049, 25.203926 ], [ 110.263082, 25.203824 ], [ 110.263082, 25.203713 ], [ 110.263082, 25.203713 ] ] ] } },
{ "type": "Feature", "properties": { "用地": "1302排水用地", "名称": "涝泵站", "等级": "市级", "状态": "规划", "设施类": "排涝泵站", "规模": "17.9m3/s", "备注": "无" }, "geometry": { "type": "Polygon", "coordinates": [ [ [ 110.270118, 25.304211 ], [ 110.27007, 25.304045 ], [ 110.269938, 25.30404 ], [ 110.269812, 25.304163 ], [ 110.269636, 25.304134 ], [ 110.269514, 25.304262 ], [ 110.269411, 25.304408 ], [ 110.269373, 25.30457 ], [ 110.269496, 25.304698 ], [ 110.269668, 25.304769 ], [ 110.269846, 25.304765 ], [ 110.269984, 25.304645 ], [ 110.270099, 25.304509 ], [ 110.270156, 25.30438 ], [ 110.270118, 25.304211 ], [ 110.270118, 25.304211 ] ] ] } },
{ "type": "Feature", "properties": { "用地": "1301供水用地", "名称": "加压泵站", "等级": "市级", "状态": "现状", "设施类": "加压泵站", "规模": "3万吨/天", "备注": "无" }, "geometry": { "type": "Polygon", "coordinates": [ [ [ 110.2594, 25.213993 ], [ 110.259416, 25.213854 ], [ 110.259432, 25.213716 ], [ 110.259447, 25.213577 ], [ 110.259463, 25.213438 ], [ 110.259479, 25.213299 ], [ 110.25943, 25.213192 ], [ 110.259279, 25.213175 ], [ 110.259126, 25.213163 ], [ 110.258973, 25.213151 ], [ 110.25882, 25.213138 ], [ 110.258667, 25.213126 ], [ 110.258514, 25.213115 ], [ 110.258361, 25.213104 ], [ 110.258209, 25.213103 ], [ 110.258153, 25.213204 ], [ 110.258177, 25.21333 ], [ 110.258295, 25.213419 ], [ 110.258414, 25.213507 ], [ 110.258532, 25.213597 ], [ 110.258596, 25.213718 ], [ 110.258719, 25.213794 ], [ 110.258866, 25.213822 ], [ 110.25896, 25.21393 ], [ 110.259096, 25.213964 ], [ 110.259249, 25.213974 ], [ 110.2594, 25.213993 ], [ 110.2594, 25.213993 ] ] ] } },
{ "type": "Feature", "properties": { "用地": "1302排水用地", "名称": "工程泵站", "等级": "市级", "状态": "现状", "设施类": "排涝泵站", "规模": "暂无", "备注": "无" }, "geometry": { "type": "Polygon", "coordinates": [ [ [ 110.285785, 25.090648 ], [ 110.285125, 25.090655 ], [ 110.2848, 25.091127 ], [ 110.28546, 25.091121 ], [ 110.285785, 25.090648 ], [ 110.285785, 25.090648 ] ] ] } },
{ "type": "Feature", "properties": { "用地": "1302排水用地", "名称": "星桥工业污水厂", "等级": "市级", "状态": "规划", "设施类": "污水处理厂", "规模": "2万吨/天", "备注": "无" }, "geometry": { "type": "Polygon", "coordinates": [ [ [ 110.027853, 25.085552 ], [ 110.02738, 25.084928 ], [ 110.02686, 25.084339 ], [ 110.026204, 25.083879 ], [ 110.025419, 25.083656 ], [ 110.02492, 25.08403 ], [ 110.024865, 25.084784 ], [ 110.024843, 25.085542 ], [ 110.024861, 25.086299 ], [ 110.025493, 25.086296 ], [ 110.02628, 25.086048 ], [ 110.027067, 25.0858 ], [ 110.027853, 25.085552 ], [ 110.027853, 25.085552 ] ] ] } },
{ "type": "Feature", "properties": { "用地": "1302排水用地", "名称": "星桥污水厂", "等级": "市级", "状态": "现状", "设施类": "污水处理厂", "规模": "10万吨/天", "备注": "无" }, "geometry": { "type": "Polygon", "coordinates": [ [ [ 110.046065, 25.089228 ], [ 110.04574, 25.088142 ], [ 110.045249, 25.08712 ], [ 110.044089, 25.086916 ], [ 110.042867, 25.08702 ], [ 110.042196, 25.087858 ], [ 110.041723, 25.088895 ], [ 110.042358, 25.08924 ], [ 110.043594, 25.089237 ], [ 110.044829, 25.089232 ], [ 110.046065, 25.089228 ], [ 110.046065, 25.089228 ] ] ] } },
{ "type": "Feature", "properties": { "用地": "1301供水用地", "名称": "星桥黑石岭水厂", "等级": "市级", "状态": "现状", "设施类": "自来水厂", "规模": "6万吨/天", "备注": "无" }, "geometry": { "type": "Polygon", "coordinates": [ [ [ 110.033356, 25.136504 ], [ 110.03427, 25.137029 ], [ 110.035361, 25.137148 ], [ 110.036264, 25.13674 ], [ 110.036223, 25.135893 ], [ 110.035154, 25.135651 ], [ 110.034147, 25.135817 ], [ 110.033356, 25.136504 ], [ 110.033356, 25.136504 ] ] ] } },
{ "type": "Feature", "properties": { "用地": "1301供水用地", "名称": "星桥第二水厂", "等级": "市级", "状态": "规划", "设施类": "自来水厂", "规模": "10万吨/天", "备注": "无" }, "geometry": { "type": "Polygon", "coordinates": [ [ [ 109.97215, 25.124194 ], [ 109.971659, 25.124661 ], [ 109.971223, 25.125119 ], [ 109.970987, 25.125817 ], [ 109.970893, 25.126518 ], [ 109.971524, 25.126852 ], [ 109.972292, 25.127067 ], [ 109.973059, 25.127281 ], [ 109.973691, 25.127027 ], [ 109.973926, 25.126329 ], [ 109.974162, 25.12563 ], [ 109.974397, 25.124932 ], [ 109.973684, 25.124623 ], [ 109.972917, 25.124409 ], [ 109.97215, 25.124194 ], [ 109.97215, 25.124194 ] ] ] } },
{ "type": "Feature", "properties": { "用地": "1302排水用地", "名称": "向华污水厂", "等级": "市级", "状态": "规划", "设施类": "污水处理厂", "规模": "4万吨/天", "备注": "无" }, "geometry": { "type": "Polygon", "coordinates": [ [ [ 110.027557, 25.167674 ], [ 110.02765, 25.167635 ], [ 110.02773, 25.167574 ], [ 110.027794, 25.167504 ], [ 110.027807, 25.16741 ], [ 110.027812, 25.167315 ], [ 110.027817, 25.167221 ], [ 110.027822, 25.167126 ], [ 110.027827, 25.167031 ], [ 110.027832, 25.166936 ], [ 110.027837, 25.166841 ], [ 110.027842, 25.166747 ], [ 110.027847, 25.166652 ], [ 110.027852, 25.166557 ], [ 110.027857, 25.166462 ], [ 110.027862, 25.166367 ], [ 110.027867, 25.166272 ], [ 110.027786, 25.166245 ], [ 110.027682, 25.166244 ], [ 110.027578, 25.166243 ], [ 110.027473, 25.166241 ], [ 110.027369, 25.16624 ], [ 110.027265, 25.166239 ], [ 110.02716, 25.166238 ], [ 110.027056, 25.166237 ], [ 110.026952, 25.166236 ], [ 110.026847, 25.166234 ], [ 110.026743, 25.166233 ], [ 110.026639, 25.166232 ], [ 110.026535, 25.166231 ], [ 110.02643, 25.16623 ], [ 110.026326, 25.166229 ], [ 110.026222, 25.166227 ], [ 110.026117, 25.166226 ], [ 110.026013, 25.166225 ], [ 110.025909, 25.166224 ], [ 110.025804, 25.166223 ], [ 110.0257, 25.166221 ], [ 110.025596, 25.16622 ], [ 110.025491, 25.166219 ], [ 110.025387, 25.166216 ], [ 110.025286, 25.166196 ], [ 110.025184, 25.166175 ], [ 110.025082, 25.166155 ], [ 110.02498, 25.166135 ], [ 110.024941, 25.166218 ], [ 110.02493, 25.166312 ], [ 110.024919, 25.166407 ], [ 110.024908, 25.166501 ], [ 110.024896, 25.166595 ], [ 110.024885, 25.16669 ], [ 110.024874, 25.166784 ], [ 110.024863, 25.166878 ], [ 110.024853, 25.166973 ], [ 110.02484, 25.167067 ], [ 110.024829, 25.167162 ], [ 110.024818, 25.167256 ], [ 110.024806, 25.16735 ], [ 110.024795, 25.167445 ], [ 110.024784, 25.167539 ], [ 110.024773, 25.167633 ], [ 110.024845, 25.167677 ], [ 110.024949, 25.167677 ], [ 110.025054, 25.167677 ], [ 110.025158, 25.167677 ], [ 110.025262, 25.167677 ], [ 110.025367, 25.167677 ], [ 110.025471, 25.167677 ], [ 110.025575, 25.167677 ], [ 110.02568, 25.167676 ], [ 110.025784, 25.167676 ], [ 110.025888, 25.167676 ], [ 110.025993, 25.167676 ], [ 110.026097, 25.167676 ], [ 110.026201, 25.167676 ], [ 110.026306, 25.167676 ], [ 110.02641, 25.167676 ], [ 110.026514, 25.167675 ], [ 110.026618, 25.167675 ], [ 110.026723, 25.167675 ], [ 110.026827, 25.167675 ], [ 110.026931, 25.167675 ], [ 110.027036, 25.167675 ], [ 110.02714, 25.167675 ], [ 110.027244, 25.167675 ], [ 110.027349, 25.167674 ], [ 110.027453, 25.167674 ], [ 110.027557, 25.167674 ], [ 110.027557, 25.167674 ] ] ] } },
{ "type": "Feature", "properties": { "用地": "1302排水用地", "名称": "江仑污水厂", "等级": "市级", "状态": "现状", "设施类": "污水处理厂", "规模": "3万吨/天", "备注": "无" }, "geometry": { "type": "Polygon", "coordinates": [ [ [ 110.027783, 25.19395 ], [ 110.027693, 25.193948 ], [ 110.027603, 25.193948 ], [ 110.027513, 25.193948 ], [ 110.027422, 25.19395 ], [ 110.027332, 25.193954 ], [ 110.027242, 25.193958 ], [ 110.027152, 25.193964 ], [ 110.027062, 25.193972 ], [ 110.026972, 25.193983 ], [ 110.026883, 25.193993 ], [ 110.026846, 25.194045 ], [ 110.026849, 25.194127 ], [ 110.026851, 25.194209 ], [ 110.026854, 25.194291 ], [ 110.026866, 25.194372 ], [ 110.026893, 25.19445 ], [ 110.026921, 25.194528 ], [ 110.026949, 25.194606 ], [ 110.026979, 25.194684 ], [ 110.027009, 25.194761 ], [ 110.027044, 25.194837 ], [ 110.027117, 25.194845 ], [ 110.027202, 25.194817 ], [ 110.027287, 25.194789 ], [ 110.027372, 25.194761 ], [ 110.027457, 25.194733 ], [ 110.027542, 25.194705 ], [ 110.027627, 25.194676 ], [ 110.027711, 25.194647 ], [ 110.027782, 25.194606 ], [ 110.027791, 25.194525 ], [ 110.027789, 25.194443 ], [ 110.027788, 25.194361 ], [ 110.027787, 25.194279 ], [ 110.027786, 25.194197 ], [ 110.027784, 25.194114 ], [ 110.027783, 25.194032 ], [ 110.027783, 25.19395 ], [ 110.027783, 25.19395 ] ] ] } },
{ "type": "Feature", "properties": { "用地": "1301供水用地", "名称": "三湖老水厂", "等级": "市级", "状态": "现状", "设施类": "自来水厂", "规模": "0.2万吨/天", "备注": "无" }, "geometry": { "type": "Polygon", "coordinates": [ [ [ 110.011411, 25.202544 ], [ 110.011344, 25.202536 ], [ 110.011281, 25.202496 ], [ 110.011215, 25.202462 ], [ 110.011141, 25.202471 ], [ 110.011067, 25.20249 ], [ 110.010993, 25.20251 ], [ 110.010934, 25.202546 ], [ 110.010913, 25.202612 ], [ 110.010938, 25.20267 ], [ 110.011012, 25.202686 ], [ 110.011087, 25.202699 ], [ 110.011077, 25.202754 ], [ 110.011091, 25.202794 ], [ 110.011168, 25.202794 ], [ 110.011244, 25.202784 ], [ 110.01132, 25.202791 ], [ 110.011386, 25.20282 ], [ 110.011417, 25.202882 ], [ 110.011399, 25.202947 ], [ 110.011334, 25.202978 ], [ 110.011258, 25.202985 ], [ 110.011195, 25.20302 ], [ 110.011119, 25.203027 ], [ 110.011042, 25.203026 ], [ 110.010981, 25.203064 ], [ 110.010939, 25.203123 ], [ 110.0109, 25.203183 ], [ 110.010875, 25.203248 ], [ 110.010821, 25.203293 ], [ 110.010748, 25.203315 ], [ 110.010677, 25.20334 ], [ 110.010607, 25.203368 ], [ 110.010532, 25.203359 ], [ 110.010465, 25.203325 ], [ 110.010399, 25.20329 ], [ 110.010328, 25.203264 ], [ 110.010253, 25.203257 ], [ 110.010196, 25.203299 ], [ 110.01015, 25.203355 ], [ 110.010108, 25.203413 ], [ 110.010067, 25.203472 ], [ 110.010027, 25.203532 ], [ 110.009986, 25.203591 ], [ 110.009945, 25.20365 ], [ 110.009905, 25.20371 ], [ 110.009891, 25.203769 ], [ 110.009955, 25.203805 ], [ 110.010023, 25.203837 ], [ 110.010092, 25.203869 ], [ 110.01016, 25.2039 ], [ 110.010228, 25.203932 ], [ 110.010297, 25.203964 ], [ 110.010365, 25.203996 ], [ 110.010434, 25.204027 ], [ 110.010502, 25.204059 ], [ 110.01057, 25.204091 ], [ 110.010639, 25.204122 ], [ 110.010707, 25.204154 ], [ 110.010776, 25.204186 ], [ 110.010844, 25.204218 ], [ 110.010912, 25.204249 ], [ 110.010981, 25.204281 ], [ 110.011049, 25.204313 ], [ 110.011112, 25.204315 ], [ 110.011137, 25.204249 ], [ 110.011172, 25.204187 ], [ 110.011216, 25.20413 ], [ 110.011269, 25.20408 ], [ 110.011331, 25.204039 ], [ 110.0114, 25.204007 ], [ 110.011473, 25.203988 ], [ 110.011549, 25.20398 ], [ 110.011626, 25.203986 ], [ 110.0117, 25.204003 ], [ 110.011772, 25.203986 ], [ 110.011837, 25.203949 ], [ 110.011902, 25.203912 ], [ 110.011969, 25.203877 ], [ 110.012036, 25.203844 ], [ 110.012104, 25.203811 ], [ 110.012171, 25.203777 ], [ 110.012237, 25.203742 ], [ 110.012296, 25.203698 ], [ 110.012352, 25.20365 ], [ 110.012409, 25.203603 ], [ 110.012466, 25.203556 ], [ 110.012524, 25.20351 ], [ 110.012581, 25.203464 ], [ 110.012639, 25.203417 ], [ 110.012695, 25.20337 ], [ 110.012742, 25.203315 ], [ 110.012786, 25.203257 ], [ 110.012829, 25.2032 ], [ 110.012873, 25.203142 ], [ 110.012916, 25.203085 ], [ 110.01296, 25.203027 ], [ 110.013003, 25.202969 ], [ 110.013046, 25.202912 ], [ 110.01309, 25.202854 ], [ 110.013133, 25.202796 ], [ 110.013176, 25.202739 ], [ 110.013219, 25.202681 ], [ 110.013262, 25.202623 ], [ 110.013306, 25.202566 ], [ 110.013278, 25.202516 ], [ 110.013208, 25.202488 ], [ 110.013138, 25.202459 ], [ 110.013068, 25.202431 ], [ 110.012998, 25.202402 ], [ 110.012926, 25.202377 ], [ 110.012851, 25.202379 ], [ 110.012777, 25.202393 ], [ 110.01272, 25.202437 ], [ 110.012645, 25.202442 ], [ 110.01257, 25.202443 ], [ 110.012565, 25.202502 ], [ 110.012579, 25.202571 ], [ 110.012582, 25.20264 ], [ 110.012524, 25.202684 ], [ 110.012451, 25.202703 ], [ 110.012375, 25.202716 ], [ 110.0123, 25.202729 ], [ 110.012263, 25.20278 ], [ 110.012262, 25.20285 ], [ 110.012222, 25.202901 ], [ 110.012147, 25.202909 ], [ 110.01207, 25.202909 ], [ 110.011993, 25.20291 ], [ 110.011923, 25.202925 ], [ 110.011914, 25.202987 ], [ 110.011871, 25.203037 ], [ 110.011796, 25.203049 ], [ 110.011736, 25.203013 ], [ 110.011708, 25.202949 ], [ 110.011707, 25.202879 ], [ 110.011705, 25.202809 ], [ 110.011698, 25.20274 ], [ 110.011672, 25.202674 ], [ 110.011612, 25.202633 ], [ 110.011547, 25.202595 ], [ 110.011482, 25.202558 ], [ 110.011411, 25.202544 ], [ 110.011411, 25.202544 ] ] ] } },
{ "type": "Feature", "properties": { "用地": "1301供水用地", "名称": "三湖水厂", "等级": "市级", "状态": "规划", "设施类": "自来水厂", "规模": "2.3万吨/天", "备注": "无" }, "geometry": { "type": "Polygon", "coordinates": [ [ [ 110.01672, 25.233971 ], [ 110.016873, 25.233728 ], [ 110.017027, 25.233485 ], [ 110.017181, 25.233241 ], [ 110.01732, 25.232992 ], [ 110.017185, 25.232809 ], [ 110.016918, 25.232669 ], [ 110.01665, 25.232529 ], [ 110.016383, 25.23239 ], [ 110.016135, 25.232449 ], [ 110.016061, 25.232707 ], [ 110.016269, 25.232887 ], [ 110.01617, 25.233138 ], [ 110.016152, 25.233417 ], [ 110.01598, 25.233562 ], [ 110.015913, 25.233732 ], [ 110.016177, 25.233707 ], [ 110.016453, 25.233831 ], [ 110.01672, 25.233971 ], [ 110.01672, 25.233971 ] ] ] } },
{ "type": "Feature", "properties": { "用地": "1302排水用地", "名称": "小仓污水泵站", "等级": "市级", "状态": "规划", "设施类": "污水泵站", "规模": "1万吨/天", "备注": "无" }, "geometry": { "type": "Polygon", "coordinates": [ [ [ 110.134706, 25.193635 ], [ 110.134621, 25.193954 ], [ 110.134854, 25.19418 ], [ 110.135096, 25.19407 ], [ 110.135031, 25.193783 ], [ 110.134706, 25.193635 ], [ 110.134706, 25.193635 ] ] ] } },
{ "type": "Feature", "properties": { "用地": "1302排水用地", "名称": "苏州路污水厂", "等级": "市级", "状态": "规划", "设施类": "污水处理厂", "规模": "6万吨/天", "备注": "无" }, "geometry": { "type": "MultiPolygon", "coordinates": [ [ [ [ 110.115425, 25.204439 ], [ 110.114833, 25.204224 ], [ 110.11407, 25.204433 ], [ 110.114041, 25.205183 ], [ 110.114183, 25.205949 ], [ 110.114329, 25.206715 ], [ 110.114479, 25.20748 ], [ 110.114599, 25.208249 ], [ 110.114637, 25.209025 ], [ 110.114774, 25.20966 ], [ 110.115319, 25.209089 ], [ 110.115721, 25.208403 ], [ 110.116124, 25.207718 ], [ 110.116766, 25.207272 ], [ 110.117227, 25.206935 ], [ 110.116642, 25.20641 ], [ 110.116122, 25.205802 ], [ 110.11558, 25.205203 ], [ 110.115425, 25.204439 ] ] ], [ [ [ 110.117756, 25.207773 ], [ 110.116669, 25.20766 ], [ 110.115924, 25.208518 ], [ 110.115405, 25.209504 ], [ 110.116416, 25.209949 ], [ 110.117644, 25.20989 ], [ 110.118722, 25.209568 ], [ 110.118532, 25.208646 ], [ 110.117756, 25.207773 ] ] ] ] } },
{ "type": "Feature", "properties": { "用地": "1301供水用地", "名称": "加压泵站", "等级": "市级", "状态": "规划", "设施类": "加压泵站", "规模": "5万吨/天", "备注": "无" }, "geometry": { "type": "Polygon", "coordinates": [ [ [ 110.12575, 25.215273 ], [ 110.126096, 25.214956 ], [ 110.125847, 25.214594 ], [ 110.12557, 25.214858 ], [ 110.12575, 25.215273 ], [ 110.12575, 25.215273 ] ] ] } },
{ "type": "Feature", "properties": { "用地": "1302排水用地", "名称": "千山污水厂", "等级": "市级", "状态": "现状", "设施类": "污水处理厂", "规模": "6万吨/天", "备注": "在建" }, "geometry": { "type": "Polygon", "coordinates": [ [ [ 110.182156, 25.219723 ], [ 110.182163, 25.219699 ], [ 110.18217, 25.219675 ], [ 110.182177, 25.219651 ], [ 110.182184, 25.219627 ], [ 110.182191, 25.219603 ], [ 110.182197, 25.219579 ], [ 110.182203, 25.219555 ], [ 110.18221, 25.219531 ], [ 110.182216, 25.219508 ], [ 110.182222, 25.219484 ], [ 110.182229, 25.21946 ], [ 110.182235, 25.219436 ], [ 110.182241, 25.219412 ], [ 110.182247, 25.219388 ], [ 110.182254, 25.219364 ], [ 110.18226, 25.21934 ], [ 110.182266, 25.219316 ], [ 110.182272, 25.219292 ], [ 110.182279, 25.219268 ], [ 110.182286, 25.219244 ], [ 110.182298, 25.219222 ], [ 110.18231, 25.219199 ], [ 110.182321, 25.219177 ], [ 110.182333, 25.219155 ], [ 110.182345, 25.219133 ], [ 110.182356, 25.21911 ], [ 110.182368, 25.219088 ], [ 110.18238, 25.219066 ], [ 110.182391, 25.219044 ], [ 110.182403, 25.219021 ], [ 110.182415, 25.218999 ], [ 110.182426, 25.218977 ], [ 110.182438, 25.218955 ], [ 110.18245, 25.218932 ], [ 110.182462, 25.21891 ], [ 110.182473, 25.218888 ], [ 110.182485, 25.218865 ], [ 110.182497, 25.218843 ], [ 110.182508, 25.218821 ], [ 110.18252, 25.218799 ], [ 110.182532, 25.218776 ], [ 110.182543, 25.218754 ], [ 110.182552, 25.218731 ], [ 110.182559, 25.218707 ], [ 110.182566, 25.218683 ], [ 110.182572, 25.218659 ], [ 110.182579, 25.218635 ], [ 110.182586, 25.218611 ], [ 110.182593, 25.218588 ], [ 110.182599, 25.218564 ], [ 110.182606, 25.21854 ], [ 110.182613, 25.218516 ], [ 110.182619, 25.218492 ], [ 110.182626, 25.218468 ], [ 110.182633, 25.218444 ], [ 110.18264, 25.21842 ], [ 110.182646, 25.218396 ], [ 110.182653, 25.218373 ], [ 110.18266, 25.218349 ], [ 110.182667, 25.218325 ], [ 110.182673, 25.218301 ], [ 110.18268, 25.218277 ], [ 110.182687, 25.218253 ], [ 110.182693, 25.218229 ], [ 110.1827, 25.218205 ], [ 110.182707, 25.218181 ], [ 110.182714, 25.218157 ], [ 110.18272, 25.218134 ], [ 110.182727, 25.21811 ], [ 110.182736, 25.218086 ], [ 110.182746, 25.218064 ], [ 110.182757, 25.218041 ], [ 110.182767, 25.218018 ], [ 110.182777, 25.217995 ], [ 110.182788, 25.217972 ], [ 110.182798, 25.21795 ], [ 110.182809, 25.217927 ], [ 110.182819, 25.217904 ], [ 110.182829, 25.217881 ], [ 110.18284, 25.217859 ], [ 110.18285, 25.217836 ], [ 110.182861, 25.217813 ], [ 110.182871, 25.21779 ], [ 110.182881, 25.217767 ], [ 110.182892, 25.217745 ], [ 110.182902, 25.217722 ], [ 110.182913, 25.217699 ], [ 110.182923, 25.217676 ], [ 110.182933, 25.217654 ], [ 110.182944, 25.217631 ], [ 110.182954, 25.217608 ], [ 110.182965, 25.217585 ], [ 110.182975, 25.217562 ], [ 110.182985, 25.21754 ], [ 110.182996, 25.217517 ], [ 110.183006, 25.217494 ], [ 110.183017, 25.217471 ], [ 110.183027, 25.217449 ], [ 110.183037, 25.217426 ], [ 110.183048, 25.217403 ], [ 110.183058, 25.21738 ], [ 110.183069, 25.217357 ], [ 110.183079, 25.217335 ], [ 110.18309, 25.217312 ], [ 110.183105, 25.217292 ], [ 110.183121, 25.217272 ], [ 110.183137, 25.217252 ], [ 110.183153, 25.217232 ], [ 110.183169, 25.217212 ], [ 110.183185, 25.217192 ], [ 110.183201, 25.217172 ], [ 110.183217, 25.217152 ], [ 110.183233, 25.217132 ], [ 110.183249, 25.217112 ], [ 110.183265, 25.217093 ], [ 110.183281, 25.217073 ], [ 110.183297, 25.217053 ], [ 110.183313, 25.217033 ], [ 110.183329, 25.217013 ], [ 110.183345, 25.216993 ], [ 110.183361, 25.216973 ], [ 110.183377, 25.216953 ], [ 110.183393, 25.216933 ], [ 110.183409, 25.216913 ], [ 110.183425, 25.216894 ], [ 110.183438, 25.216872 ], [ 110.183449, 25.216849 ], [ 110.18346, 25.216827 ], [ 110.183471, 25.216804 ], [ 110.183482, 25.216782 ], [ 110.183493, 25.216759 ], [ 110.183504, 25.216737 ], [ 110.183515, 25.216714 ], [ 110.183526, 25.216692 ], [ 110.183537, 25.216669 ], [ 110.183548, 25.216646 ], [ 110.183559, 25.216624 ], [ 110.18357, 25.216601 ], [ 110.183581, 25.216579 ], [ 110.183587, 25.216555 ], [ 110.183588, 25.21653 ], [ 110.183589, 25.216506 ], [ 110.18359, 25.216481 ], [ 110.183591, 25.216456 ], [ 110.183592, 25.216432 ], [ 110.183591, 25.216407 ], [ 110.183584, 25.216383 ], [ 110.183577, 25.216359 ], [ 110.18357, 25.216336 ], [ 110.183563, 25.216312 ], [ 110.183556, 25.216288 ], [ 110.183549, 25.216264 ], [ 110.183542, 25.21624 ], [ 110.183535, 25.216216 ], [ 110.183528, 25.216193 ], [ 110.183521, 25.216169 ], [ 110.183515, 25.216145 ], [ 110.183508, 25.216121 ], [ 110.183501, 25.216097 ], [ 110.183494, 25.216073 ], [ 110.183486, 25.21605 ], [ 110.183479, 25.216026 ], [ 110.183471, 25.216002 ], [ 110.183464, 25.215979 ], [ 110.183456, 25.215955 ], [ 110.183451, 25.215931 ], [ 110.183455, 25.215907 ], [ 110.183459, 25.215882 ], [ 110.183464, 25.215858 ], [ 110.183468, 25.215834 ], [ 110.183473, 25.215809 ], [ 110.183477, 25.215785 ], [ 110.183482, 25.215761 ], [ 110.183486, 25.215736 ], [ 110.183491, 25.215712 ], [ 110.183495, 25.215688 ], [ 110.1835, 25.215663 ], [ 110.183504, 25.215639 ], [ 110.183509, 25.215615 ], [ 110.183515, 25.215591 ], [ 110.18352, 25.215566 ], [ 110.183526, 25.215542 ], [ 110.183531, 25.215518 ], [ 110.183536, 25.215494 ], [ 110.183542, 25.21547 ], [ 110.183547, 25.215446 ], [ 110.183544, 25.215422 ], [ 110.183531, 25.2154 ], [ 110.183519, 25.215379 ], [ 110.183506, 25.215357 ], [ 110.183494, 25.215335 ], [ 110.183482, 25.215313 ], [ 110.183469, 25.215291 ], [ 110.183457, 25.215269 ], [ 110.183445, 25.215247 ], [ 110.183432, 25.215225 ], [ 110.18342, 25.215203 ], [ 110.183407, 25.215181 ], [ 110.183395, 25.215159 ], [ 110.183383, 25.215137 ], [ 110.18337, 25.215115 ], [ 110.183358, 25.215093 ], [ 110.183346, 25.215071 ], [ 110.183333, 25.215049 ], [ 110.183321, 25.215027 ], [ 110.183308, 25.215005 ], [ 110.183296, 25.214983 ], [ 110.183284, 25.214962 ], [ 110.183271, 25.21494 ], [ 110.183259, 25.214918 ], [ 110.183246, 25.214896 ], [ 110.183234, 25.214874 ], [ 110.183222, 25.214852 ], [ 110.183209, 25.21483 ], [ 110.183197, 25.214808 ], [ 110.183185, 25.214786 ], [ 110.183172, 25.214764 ], [ 110.18316, 25.214742 ], [ 110.183147, 25.21472 ], [ 110.183135, 25.214698 ], [ 110.183123, 25.214676 ], [ 110.18311, 25.214654 ], [ 110.183098, 25.214632 ], [ 110.183086, 25.21461 ], [ 110.183073, 25.214588 ], [ 110.183061, 25.214567 ], [ 110.183048, 25.214545 ], [ 110.183036, 25.214523 ], [ 110.183024, 25.214501 ], [ 110.183011, 25.214479 ], [ 110.182999, 25.214457 ], [ 110.182987, 25.214435 ], [ 110.182974, 25.214413 ], [ 110.182962, 25.214391 ], [ 110.182949, 25.214369 ], [ 110.182937, 25.214347 ], [ 110.182925, 25.214325 ], [ 110.182912, 25.214303 ], [ 110.1829, 25.214281 ], [ 110.182888, 25.214259 ], [ 110.182875, 25.214237 ], [ 110.182863, 25.214215 ], [ 110.18285, 25.214193 ], [ 110.182838, 25.214172 ], [ 110.182826, 25.21415 ], [ 110.182813, 25.214128 ], [ 110.182801, 25.214106 ], [ 110.182789, 25.214084 ], [ 110.182776, 25.214062 ], [ 110.182764, 25.21404 ], [ 110.182751, 25.214018 ], [ 110.182739, 25.213996 ], [ 110.182727, 25.213974 ], [ 110.182714, 25.213952 ], [ 110.182702, 25.21393 ], [ 110.182689, 25.213908 ], [ 110.182677, 25.213886 ], [ 110.182665, 25.213864 ], [ 110.182652, 25.213842 ], [ 110.18264, 25.21382 ], [ 110.182628, 25.213798 ], [ 110.182615, 25.213776 ], [ 110.182603, 25.213755 ], [ 110.18259, 25.213733 ], [ 110.182578, 25.213711 ], [ 110.182566, 25.213689 ], [ 110.182553, 25.213667 ], [ 110.182541, 25.213645 ], [ 110.182529, 25.213623 ], [ 110.182516, 25.213601 ], [ 110.182504, 25.213579 ], [ 110.182491, 25.213557 ], [ 110.182479, 25.213535 ], [ 110.182467, 25.213513 ], [ 110.182454, 25.213491 ], [ 110.182442, 25.213469 ], [ 110.18243, 25.213447 ], [ 110.182417, 25.213425 ], [ 110.182405, 25.213403 ], [ 110.182392, 25.213381 ], [ 110.18238, 25.21336 ], [ 110.182368, 25.213338 ], [ 110.182355, 25.213316 ], [ 110.182343, 25.213294 ], [ 110.182331, 25.213272 ], [ 110.182318, 25.21325 ], [ 110.182306, 25.213228 ], [ 110.182293, 25.213206 ], [ 110.182281, 25.213184 ], [ 110.182269, 25.213162 ], [ 110.182256, 25.21314 ], [ 110.182244, 25.213118 ], [ 110.182232, 25.213096 ], [ 110.182219, 25.213074 ], [ 110.182207, 25.213052 ], [ 110.182194, 25.21303 ], [ 110.182182, 25.213008 ], [ 110.18217, 25.212986 ], [ 110.182157, 25.212965 ], [ 110.182145, 25.212943 ], [ 110.182133, 25.212921 ], [ 110.18212, 25.212899 ], [ 110.182108, 25.212877 ], [ 110.182095, 25.212855 ], [ 110.182083, 25.212833 ], [ 110.182071, 25.212811 ], [ 110.182058, 25.212789 ], [ 110.182046, 25.212767 ], [ 110.182033, 25.212745 ], [ 110.182021, 25.212723 ], [ 110.182009, 25.212701 ], [ 110.181996, 25.212679 ], [ 110.181984, 25.212657 ], [ 110.181972, 25.212635 ], [ 110.181957, 25.212614 ], [ 110.181936, 25.212608 ], [ 110.181911, 25.212619 ], [ 110.181888, 25.212631 ], [ 110.181864, 25.212643 ], [ 110.18184, 25.212655 ], [ 110.181817, 25.212667 ], [ 110.181793, 25.212679 ], [ 110.181769, 25.212691 ], [ 110.181746, 25.212703 ], [ 110.181722, 25.212715 ], [ 110.181698, 25.212727 ], [ 110.181675, 25.212739 ], [ 110.181651, 25.212751 ], [ 110.181628, 25.212763 ], [ 110.181604, 25.212775 ], [ 110.18158, 25.212787 ], [ 110.181557, 25.212799 ], [ 110.181533, 25.212811 ], [ 110.181509, 25.212823 ], [ 110.181486, 25.212835 ], [ 110.181462, 25.212847 ], [ 110.181438, 25.212859 ], [ 110.181415, 25.212872 ], [ 110.181391, 25.212884 ], [ 110.181367, 25.212896 ], [ 110.181344, 25.212908 ], [ 110.18132, 25.21292 ], [ 110.181296, 25.212932 ], [ 110.181273, 25.212944 ], [ 110.181249, 25.212956 ], [ 110.181225, 25.212968 ], [ 110.181202, 25.21298 ], [ 110.181178, 25.212992 ], [ 110.181154, 25.213004 ], [ 110.181131, 25.213016 ], [ 110.181107, 25.213028 ], [ 110.181083, 25.21304 ], [ 110.18106, 25.213052 ], [ 110.181036, 25.213064 ], [ 110.181012, 25.213076 ], [ 110.180989, 25.213088 ], [ 110.180965, 25.2131 ], [ 110.180941, 25.213112 ], [ 110.180918, 25.213124 ], [ 110.180894, 25.213136 ], [ 110.18087, 25.213148 ], [ 110.180847, 25.21316 ], [ 110.180823, 25.213173 ], [ 110.180799, 25.213185 ], [ 110.180776, 25.213197 ], [ 110.180752, 25.213209 ], [ 110.180728, 25.213221 ], [ 110.180705, 25.213233 ], [ 110.180681, 25.213245 ], [ 110.180657, 25.213257 ], [ 110.180634, 25.213269 ], [ 110.18061, 25.213281 ], [ 110.180586, 25.213293 ], [ 110.180563, 25.213305 ], [ 110.180539, 25.213317 ], [ 110.180515, 25.213329 ], [ 110.180492, 25.213341 ], [ 110.180468, 25.213353 ], [ 110.180444, 25.213365 ], [ 110.180421, 25.213377 ], [ 110.180397, 25.213389 ], [ 110.180373, 25.213401 ], [ 110.180368, 25.21342 ], [ 110.180387, 25.213438 ], [ 110.180405, 25.213456 ], [ 110.180423, 25.213474 ], [ 110.180442, 25.213492 ], [ 110.18046, 25.21351 ], [ 110.180479, 25.213528 ], [ 110.180497, 25.213546 ], [ 110.180515, 25.213565 ], [ 110.180533, 25.213583 ], [ 110.180551, 25.213601 ], [ 110.180569, 25.21362 ], [ 110.180587, 25.213638 ], [ 110.180605, 25.213657 ], [ 110.180623, 25.213675 ], [ 110.180641, 25.213694 ], [ 110.180659, 25.213712 ], [ 110.180676, 25.213731 ], [ 110.180694, 25.21375 ], [ 110.180711, 25.213769 ], [ 110.180729, 25.213788 ], [ 110.180746, 25.213807 ], [ 110.180764, 25.213826 ], [ 110.180781, 25.213845 ], [ 110.180798, 25.213864 ], [ 110.180815, 25.213883 ], [ 110.180832, 25.213902 ], [ 110.180848, 25.213922 ], [ 110.180865, 25.213941 ], [ 110.180882, 25.213961 ], [ 110.180898, 25.21398 ], [ 110.180915, 25.214 ], [ 110.180931, 25.21402 ], [ 110.180947, 25.214039 ], [ 110.180963, 25.214059 ], [ 110.180979, 25.214079 ], [ 110.180995, 25.214099 ], [ 110.18101, 25.214119 ], [ 110.181026, 25.21414 ], [ 110.181041, 25.21416 ], [ 110.181057, 25.21418 ], [ 110.181072, 25.214201 ], [ 110.181087, 25.214221 ], [ 110.181102, 25.214242 ], [ 110.181117, 25.214263 ], [ 110.181131, 25.214283 ], [ 110.181146, 25.214304 ], [ 110.18116, 25.214325 ], [ 110.181174, 25.214346 ], [ 110.181188, 25.214367 ], [ 110.181202, 25.214388 ], [ 110.181216, 25.21441 ], [ 110.18123, 25.214431 ], [ 110.181244, 25.214452 ], [ 110.181257, 25.214474 ], [ 110.18127, 25.214495 ], [ 110.181283, 25.214517 ], [ 110.181296, 25.214538 ], [ 110.181309, 25.21456 ], [ 110.181322, 25.214582 ], [ 110.181335, 25.214604 ], [ 110.181347, 25.214626 ], [ 110.18136, 25.214647 ], [ 110.181372, 25.21467 ], [ 110.181384, 25.214692 ], [ 110.181396, 25.214714 ], [ 110.181407, 25.214736 ], [ 110.181419, 25.214758 ], [ 110.181431, 25.214781 ], [ 110.181442, 25.214803 ], [ 110.181453, 25.214825 ], [ 110.181464, 25.214848 ], [ 110.181475, 25.214871 ], [ 110.181486, 25.214893 ], [ 110.181497, 25.214916 ], [ 110.181507, 25.214939 ], [ 110.181517, 25.214961 ], [ 110.181528, 25.214984 ], [ 110.181538, 25.215007 ], [ 110.181548, 25.21503 ], [ 110.181557, 25.215053 ], [ 110.181567, 25.215076 ], [ 110.181577, 25.215099 ], [ 110.181586, 25.215122 ], [ 110.181595, 25.215146 ], [ 110.181604, 25.215169 ], [ 110.181613, 25.215192 ], [ 110.181622, 25.215216 ], [ 110.18163, 25.215239 ], [ 110.181639, 25.215262 ], [ 110.181647, 25.215286 ], [ 110.181655, 25.215309 ], [ 110.181663, 25.215333 ], [ 110.181671, 25.215357 ], [ 110.181679, 25.21538 ], [ 110.181686, 25.215404 ], [ 110.181694, 25.215428 ], [ 110.181701, 25.215451 ], [ 110.181708, 25.215475 ], [ 110.181715, 25.215499 ], [ 110.181722, 25.215523 ], [ 110.181729, 25.215547 ], [ 110.181735, 25.215571 ], [ 110.181741, 25.215595 ], [ 110.181748, 25.215619 ], [ 110.181754, 25.215643 ], [ 110.18176, 25.215667 ], [ 110.181765, 25.215691 ], [ 110.181771, 25.215715 ], [ 110.181776, 25.215739 ], [ 110.181782, 25.215763 ], [ 110.181787, 25.215788 ], [ 110.181792, 25.215812 ], [ 110.181797, 25.215836 ], [ 110.181801, 25.21586 ], [ 110.181806, 25.215885 ], [ 110.18181, 25.215909 ], [ 110.181814, 25.215934 ], [ 110.181818, 25.215958 ], [ 110.181822, 25.215982 ], [ 110.181826, 25.216007 ], [ 110.18183, 25.216031 ], [ 110.181833, 25.216056 ], [ 110.181836, 25.21608 ], [ 110.181839, 25.216105 ], [ 110.181842, 25.216129 ], [ 110.181845, 25.216154 ], [ 110.181848, 25.216178 ], [ 110.18185, 25.216203 ], [ 110.181853, 25.216227 ], [ 110.181855, 25.216252 ], [ 110.181857, 25.216277 ], [ 110.181859, 25.216301 ], [ 110.181861, 25.216326 ], [ 110.181862, 25.21635 ], [ 110.181864, 25.216375 ], [ 110.181865, 25.2164 ], [ 110.181866, 25.216424 ], [ 110.181867, 25.216449 ], [ 110.181868, 25.216474 ], [ 110.181868, 25.216498 ], [ 110.181869, 25.216523 ], [ 110.181869, 25.216548 ], [ 110.181869, 25.216572 ], [ 110.181869, 25.216597 ], [ 110.181869, 25.216622 ], [ 110.181869, 25.216646 ], [ 110.181869, 25.216671 ], [ 110.181868, 25.216696 ], [ 110.181867, 25.21672 ], [ 110.181866, 25.216745 ], [ 110.181865, 25.21677 ], [ 110.181864, 25.216794 ], [ 110.181863, 25.216819 ], [ 110.181861, 25.216843 ], [ 110.181859, 25.216868 ], [ 110.181857, 25.216893 ], [ 110.181855, 25.216917 ], [ 110.181853, 25.216942 ], [ 110.181851, 25.216966 ], [ 110.181849, 25.216991 ], [ 110.181846, 25.217016 ], [ 110.181843, 25.21704 ], [ 110.18184, 25.217065 ], [ 110.181837, 25.217089 ], [ 110.181834, 25.217114 ], [ 110.181831, 25.217138 ], [ 110.181828, 25.217163 ], [ 110.181824, 25.217187 ], [ 110.18182, 25.217211 ], [ 110.181817, 25.217236 ], [ 110.181813, 25.21726 ], [ 110.181816, 25.217282 ], [ 110.181838, 25.217296 ], [ 110.181861, 25.217309 ], [ 110.181884, 25.217323 ], [ 110.181907, 25.217336 ], [ 110.18193, 25.217349 ], [ 110.181953, 25.217363 ], [ 110.181962, 25.217384 ], [ 110.181968, 25.217408 ], [ 110.181973, 25.217433 ], [ 110.181978, 25.217457 ], [ 110.181983, 25.217481 ], [ 110.181988, 25.217505 ], [ 110.181989, 25.21753 ], [ 110.181983, 25.217554 ], [ 110.181977, 25.217578 ], [ 110.181971, 25.217602 ], [ 110.181966, 25.217626 ], [ 110.18196, 25.21765 ], [ 110.181954, 25.217674 ], [ 110.181948, 25.217698 ], [ 110.181942, 25.217722 ], [ 110.181936, 25.217746 ], [ 110.18193, 25.217771 ], [ 110.181924, 25.217795 ], [ 110.181918, 25.217819 ], [ 110.181912, 25.217843 ], [ 110.181906, 25.217867 ], [ 110.1819, 25.217891 ], [ 110.181894, 25.217915 ], [ 110.181889, 25.217939 ], [ 110.181883, 25.217963 ], [ 110.181877, 25.217987 ], [ 110.181871, 25.218011 ], [ 110.181865, 25.218035 ], [ 110.181859, 25.218059 ], [ 110.181853, 25.218083 ], [ 110.181847, 25.218108 ], [ 110.181841, 25.218132 ], [ 110.181835, 25.218156 ], [ 110.181829, 25.21818 ], [ 110.181823, 25.218204 ], [ 110.181817, 25.218228 ], [ 110.181812, 25.218252 ], [ 110.181806, 25.218276 ], [ 110.1818, 25.2183 ], [ 110.181794, 25.218324 ], [ 110.181788, 25.218348 ], [ 110.181782, 25.218372 ], [ 110.181776, 25.218396 ], [ 110.18177, 25.21842 ], [ 110.181764, 25.218445 ], [ 110.181758, 25.218469 ], [ 110.181752, 25.218493 ], [ 110.181746, 25.218517 ], [ 110.18174, 25.218541 ], [ 110.181735, 25.218565 ], [ 110.181729, 25.218589 ], [ 110.181723, 25.218613 ], [ 110.181717, 25.218637 ], [ 110.181711, 25.218661 ], [ 110.181705, 25.218685 ], [ 110.181699, 25.218709 ], [ 110.181693, 25.218733 ], [ 110.181687, 25.218757 ], [ 110.181681, 25.218781 ], [ 110.181675, 25.218806 ], [ 110.181669, 25.21883 ], [ 110.181663, 25.218854 ], [ 110.181658, 25.218878 ], [ 110.181652, 25.218902 ], [ 110.181646, 25.218926 ], [ 110.181643, 25.21895 ], [ 110.181641, 25.218975 ], [ 110.181639, 25.219 ], [ 110.181637, 25.219024 ], [ 110.181635, 25.219049 ], [ 110.181633, 25.219073 ], [ 110.181631, 25.219098 ], [ 110.181631, 25.219123 ], [ 110.181633, 25.219147 ], [ 110.181634, 25.219172 ], [ 110.181637, 25.219196 ], [ 110.181646, 25.21922 ], [ 110.181661, 25.21924 ], [ 110.181678, 25.219259 ], [ 110.181695, 25.219278 ], [ 110.181712, 25.219298 ], [ 110.181728, 25.219317 ], [ 110.181745, 25.219337 ], [ 110.181763, 25.219355 ], [ 110.181783, 25.219372 ], [ 110.181802, 25.21939 ], [ 110.181821, 25.219407 ], [ 110.181839, 25.219426 ], [ 110.181855, 25.219445 ], [ 110.181872, 25.219465 ], [ 110.181889, 25.219484 ], [ 110.181905, 25.219504 ], [ 110.181922, 25.219523 ], [ 110.181938, 25.219543 ], [ 110.181955, 25.219562 ], [ 110.181971, 25.219582 ], [ 110.181988, 25.219601 ], [ 110.182003, 25.219622 ], [ 110.182015, 25.219644 ], [ 110.182027, 25.219666 ], [ 110.182042, 25.219687 ], [ 110.182058, 25.219706 ], [ 110.182075, 25.219726 ], [ 110.182092, 25.219745 ], [ 110.182113, 25.219753 ], [ 110.182135, 25.219738 ], [ 110.182156, 25.219723 ], [ 110.182156, 25.219723 ] ] ] } },
{ "type": "Feature", "properties": { "用地": "1302排水用地", "名称": "后街污水处理厂", "等级": "市级", "状态": "现状", "设施类": "污水处理厂", "规模": "3万吨/天", "备注": "无" }, "geometry": { "type": "Polygon", "coordinates": [ [ [ 110.174167, 25.215985 ], [ 110.174166, 25.2161 ], [ 110.174165, 25.216214 ], [ 110.174164, 25.216329 ], [ 110.174164, 25.216444 ], [ 110.174163, 25.216558 ], [ 110.174162, 25.216673 ], [ 110.174161, 25.216787 ], [ 110.17416, 25.216902 ], [ 110.17416, 25.217017 ], [ 110.174159, 25.217131 ], [ 110.174162, 25.217245 ], [ 110.174241, 25.217329 ], [ 110.174347, 25.217391 ], [ 110.174452, 25.217454 ], [ 110.174558, 25.217516 ], [ 110.174664, 25.217578 ], [ 110.17477, 25.21764 ], [ 110.174876, 25.217702 ], [ 110.174982, 25.217765 ], [ 110.175093, 25.217809 ], [ 110.175219, 25.21781 ], [ 110.175345, 25.217811 ], [ 110.175471, 25.217811 ], [ 110.175597, 25.217812 ], [ 110.175663, 25.217756 ], [ 110.175664, 25.217641 ], [ 110.175665, 25.217527 ], [ 110.175665, 25.217412 ], [ 110.175666, 25.217297 ], [ 110.175667, 25.217183 ], [ 110.175668, 25.217068 ], [ 110.175668, 25.216953 ], [ 110.175669, 25.216839 ], [ 110.17567, 25.216724 ], [ 110.175671, 25.216609 ], [ 110.175671, 25.216495 ], [ 110.175672, 25.21638 ], [ 110.175673, 25.216266 ], [ 110.175674, 25.216151 ], [ 110.175675, 25.216036 ], [ 110.175675, 25.215922 ], [ 110.175676, 25.215807 ], [ 110.175677, 25.215692 ], [ 110.175678, 25.215578 ], [ 110.175678, 25.215463 ], [ 110.175649, 25.21536 ], [ 110.175539, 25.215412 ], [ 110.175428, 25.215466 ], [ 110.175317, 25.21552 ], [ 110.175206, 25.215573 ], [ 110.175093, 25.215624 ], [ 110.17498, 25.215674 ], [ 110.174866, 25.215723 ], [ 110.174751, 25.215771 ], [ 110.174635, 25.215817 ], [ 110.174519, 25.215861 ], [ 110.174402, 25.215903 ], [ 110.174285, 25.215945 ], [ 110.174167, 25.215985 ], [ 110.174167, 25.215985 ] ] ] } },
{ "type": "Feature", "properties": { "用地": "1302排水用地", "名称": "高教新区污水处理厂", "等级": "市级", "状态": "现状", "设施类": "污水处理厂", "规模": "3万吨/天", "备注": "无" }, "geometry": { "type": "Polygon", "coordinates": [ [ [ 110.180634, 25.219945 ], [ 110.180691, 25.219925 ], [ 110.180733, 25.21988 ], [ 110.180775, 25.219835 ], [ 110.180818, 25.21979 ], [ 110.180854, 25.219742 ], [ 110.180863, 25.219684 ], [ 110.180865, 25.219624 ], [ 110.180869, 25.219565 ], [ 110.180873, 25.219506 ], [ 110.180877, 25.219447 ], [ 110.180859, 25.2194 ], [ 110.180795, 25.21939 ], [ 110.18073, 25.219384 ], [ 110.180665, 25.219379 ], [ 110.1806, 25.219382 ], [ 110.180536, 25.219389 ], [ 110.180479, 25.219418 ], [ 110.180424, 25.219449 ], [ 110.180363, 25.219471 ], [ 110.180302, 25.21949 ], [ 110.18024, 25.219509 ], [ 110.180178, 25.219528 ], [ 110.180117, 25.219548 ], [ 110.180055, 25.219567 ], [ 110.179993, 25.219586 ], [ 110.17993, 25.219602 ], [ 110.179867, 25.219617 ], [ 110.179804, 25.219632 ], [ 110.179741, 25.219647 ], [ 110.179678, 25.219662 ], [ 110.179615, 25.219677 ], [ 110.179552, 25.219692 ], [ 110.179489, 25.219707 ], [ 110.179424, 25.219707 ], [ 110.179359, 25.219704 ], [ 110.179294, 25.219702 ], [ 110.179229, 25.219699 ], [ 110.179164, 25.219696 ], [ 110.179101, 25.219682 ], [ 110.179044, 25.219653 ], [ 110.178987, 25.219624 ], [ 110.178931, 25.219594 ], [ 110.178888, 25.219552 ], [ 110.178854, 25.219501 ], [ 110.17882, 25.21945 ], [ 110.178787, 25.219399 ], [ 110.178758, 25.219346 ], [ 110.178738, 25.21929 ], [ 110.178718, 25.219234 ], [ 110.178698, 25.219177 ], [ 110.178679, 25.219121 ], [ 110.178658, 25.219064 ], [ 110.178615, 25.219028 ], [ 110.17856, 25.218996 ], [ 110.178506, 25.218963 ], [ 110.178452, 25.218929 ], [ 110.178398, 25.218896 ], [ 110.178344, 25.218863 ], [ 110.17829, 25.21883 ], [ 110.178236, 25.218796 ], [ 110.178182, 25.218763 ], [ 110.178129, 25.21873 ], [ 110.178075, 25.218697 ], [ 110.178021, 25.218663 ], [ 110.177967, 25.21863 ], [ 110.177913, 25.218597 ], [ 110.177859, 25.218564 ], [ 110.177805, 25.21853 ], [ 110.177751, 25.218497 ], [ 110.177697, 25.218464 ], [ 110.177643, 25.218431 ], [ 110.177589, 25.218397 ], [ 110.177535, 25.218364 ], [ 110.177481, 25.218331 ], [ 110.177427, 25.218298 ], [ 110.177373, 25.218264 ], [ 110.177319, 25.218231 ], [ 110.177265, 25.218198 ], [ 110.177211, 25.218165 ], [ 110.177157, 25.218132 ], [ 110.177103, 25.218098 ], [ 110.177049, 25.218065 ], [ 110.176995, 25.218032 ], [ 110.176941, 25.217999 ], [ 110.176887, 25.217965 ], [ 110.176833, 25.217932 ], [ 110.176779, 25.217899 ], [ 110.176725, 25.217866 ], [ 110.176671, 25.217832 ], [ 110.176618, 25.217799 ], [ 110.176564, 25.217766 ], [ 110.17651, 25.217733 ], [ 110.176456, 25.217699 ], [ 110.176402, 25.217666 ], [ 110.176348, 25.217633 ], [ 110.176294, 25.2176 ], [ 110.17624, 25.217566 ], [ 110.176186, 25.217533 ], [ 110.176132, 25.2175 ], [ 110.176078, 25.217467 ], [ 110.176024, 25.217433 ], [ 110.17597, 25.2174 ], [ 110.175916, 25.217367 ], [ 110.175862, 25.217334 ], [ 110.175808, 25.2173 ], [ 110.175754, 25.217267 ], [ 110.1757, 25.217234 ], [ 110.175666, 25.217253 ], [ 110.175666, 25.217312 ], [ 110.175666, 25.217371 ], [ 110.175665, 25.217431 ], [ 110.175665, 25.21749 ], [ 110.175664, 25.217549 ], [ 110.175664, 25.217608 ], [ 110.175664, 25.217668 ], [ 110.175663, 25.217727 ], [ 110.175663, 25.217786 ], [ 110.175615, 25.217812 ], [ 110.17555, 25.217812 ], [ 110.175485, 25.217812 ], [ 110.175419, 25.217811 ], [ 110.175354, 25.217811 ], [ 110.175289, 25.21781 ], [ 110.175224, 25.21781 ], [ 110.175159, 25.21781 ], [ 110.175093, 25.217809 ], [ 110.175057, 25.217847 ], [ 110.175057, 25.217906 ], [ 110.175043, 25.217955 ], [ 110.174988, 25.217928 ], [ 110.174934, 25.217895 ], [ 110.17488, 25.217862 ], [ 110.174825, 25.217829 ], [ 110.17477, 25.217801 ], [ 110.174756, 25.217849 ], [ 110.174755, 25.217908 ], [ 110.174754, 25.217968 ], [ 110.174754, 25.218027 ], [ 110.174752, 25.218086 ], [ 110.17471, 25.218114 ], [ 110.174645, 25.218114 ], [ 110.17458, 25.218113 ], [ 110.174514, 25.218113 ], [ 110.17445, 25.218119 ], [ 110.174389, 25.218138 ], [ 110.174352, 25.218176 ], [ 110.17437, 25.218233 ], [ 110.174415, 25.218255 ], [ 110.174478, 25.218239 ], [ 110.174542, 25.218231 ], [ 110.174607, 25.218232 ], [ 110.174672, 25.218232 ], [ 110.174737, 25.218233 ], [ 110.174802, 25.218233 ], [ 110.174868, 25.218234 ], [ 110.174933, 25.218234 ], [ 110.174998, 25.218235 ], [ 110.175053, 25.218256 ], [ 110.175053, 25.218315 ], [ 110.175074, 25.218364 ], [ 110.175139, 25.218364 ], [ 110.175204, 25.218365 ], [ 110.175269, 25.218365 ], [ 110.175334, 25.218366 ], [ 110.1754, 25.218366 ], [ 110.175464, 25.218368 ], [ 110.175522, 25.218394 ], [ 110.175576, 25.218427 ], [ 110.17563, 25.218461 ], [ 110.175684, 25.218494 ], [ 110.175738, 25.218527 ], [ 110.175792, 25.21856 ], [ 110.175846, 25.218594 ], [ 110.1759, 25.218627 ], [ 110.175954, 25.21866 ], [ 110.176008, 25.218693 ], [ 110.176062, 25.218726 ], [ 110.176116, 25.21876 ], [ 110.17617, 25.218793 ], [ 110.176224, 25.218826 ], [ 110.176278, 25.218859 ], [ 110.176332, 25.218892 ], [ 110.176386, 25.218926 ], [ 110.17644, 25.218959 ], [ 110.176494, 25.218992 ], [ 110.176548, 25.219025 ], [ 110.176602, 25.219059 ], [ 110.176656, 25.219092 ], [ 110.17671, 25.219125 ], [ 110.176764, 25.219158 ], [ 110.176818, 25.219191 ], [ 110.176872, 25.219225 ], [ 110.176926, 25.219258 ], [ 110.17698, 25.219291 ], [ 110.177034, 25.219324 ], [ 110.177088, 25.219358 ], [ 110.177142, 25.219391 ], [ 110.177196, 25.219424 ], [ 110.177244, 25.219463 ], [ 110.177255, 25.219521 ], [ 110.177265, 25.21958 ], [ 110.177275, 25.219639 ], [ 110.177286, 25.219697 ], [ 110.177296, 25.219756 ], [ 110.177306, 25.219814 ], [ 110.177317, 25.219873 ], [ 110.177327, 25.219931 ], [ 110.177337, 25.21999 ], [ 110.177352, 25.220047 ], [ 110.177395, 25.220091 ], [ 110.17744, 25.220134 ], [ 110.177485, 25.220177 ], [ 110.17753, 25.22022 ], [ 110.17759, 25.220232 ], [ 110.177653, 25.220217 ], [ 110.177716, 25.220203 ], [ 110.17778, 25.22019 ], [ 110.177844, 25.220178 ], [ 110.177908, 25.220167 ], [ 110.177972, 25.220156 ], [ 110.178036, 25.220147 ], [ 110.178101, 25.220138 ], [ 110.178165, 25.220131 ], [ 110.17823, 25.220124 ], [ 110.178295, 25.220119 ], [ 110.17836, 25.220114 ], [ 110.178425, 25.220109 ], [ 110.17849, 25.220104 ], [ 110.178555, 25.220099 ], [ 110.17862, 25.220094 ], [ 110.178685, 25.22009 ], [ 110.17875, 25.220085 ], [ 110.178815, 25.22008 ], [ 110.17888, 25.220075 ], [ 110.178945, 25.22007 ], [ 110.17901, 25.220065 ], [ 110.179074, 25.220061 ], [ 110.179139, 25.220056 ], [ 110.179204, 25.220051 ], [ 110.179269, 25.220046 ], [ 110.179334, 25.220041 ], [ 110.179399, 25.220036 ], [ 110.179464, 25.220032 ], [ 110.179529, 25.220027 ], [ 110.179594, 25.220022 ], [ 110.179659, 25.220017 ], [ 110.179724, 25.220012 ], [ 110.179789, 25.220007 ], [ 110.179854, 25.220003 ], [ 110.179919, 25.219998 ], [ 110.179984, 25.219993 ], [ 110.180049, 25.219988 ], [ 110.180114, 25.219983 ], [ 110.180179, 25.219978 ], [ 110.180244, 25.219974 ], [ 110.180309, 25.219969 ], [ 110.180374, 25.219964 ], [ 110.180439, 25.219959 ], [ 110.180504, 25.219954 ], [ 110.180569, 25.219949 ], [ 110.180634, 25.219945 ], [ 110.180634, 25.219945 ] ] ] } },
{ "type": "Feature", "properties": { "用地": "1302排水用地", "名称": "广陈路污水泵站", "等级": "市级", "状态": "现状", "设施类": "污水泵站", "规模": "1万吨/天", "备注": "无" }, "geometry": { "type": "Polygon", "coordinates": [ [ [ 110.192716, 25.223371 ], [ 110.192688, 25.223385 ], [ 110.19266, 25.223398 ], [ 110.192632, 25.223412 ], [ 110.192604, 25.223426 ], [ 110.192576, 25.223439 ], [ 110.192548, 25.223453 ], [ 110.19252, 25.223466 ], [ 110.192492, 25.22348 ], [ 110.192464, 25.223494 ], [ 110.192437, 25.223507 ], [ 110.192409, 25.223521 ], [ 110.192381, 25.223534 ], [ 110.192353, 25.223548 ], [ 110.192325, 25.223562 ], [ 110.192297, 25.223575 ], [ 110.192277, 25.223597 ], [ 110.192263, 25.223623 ], [ 110.192249, 25.223649 ], [ 110.192235, 25.223674 ], [ 110.192221, 25.2237 ], [ 110.192207, 25.223726 ], [ 110.192193, 25.223752 ], [ 110.192179, 25.223778 ], [ 110.192169, 25.223804 ], [ 110.19218, 25.223831 ], [ 110.192195, 25.223856 ], [ 110.19221, 25.223881 ], [ 110.192226, 25.223907 ], [ 110.192241, 25.223932 ], [ 110.192257, 25.223956 ], [ 110.192274, 25.223981 ], [ 110.19229, 25.224006 ], [ 110.192307, 25.22403 ], [ 110.192324, 25.224054 ], [ 110.192341, 25.224079 ], [ 110.19236, 25.224101 ], [ 110.192389, 25.224094 ], [ 110.192417, 25.22408 ], [ 110.192445, 25.224067 ], [ 110.192473, 25.224053 ], [ 110.192501, 25.224039 ], [ 110.192529, 25.224026 ], [ 110.192557, 25.224012 ], [ 110.192585, 25.223999 ], [ 110.192613, 25.223985 ], [ 110.192641, 25.223971 ], [ 110.192669, 25.223958 ], [ 110.192697, 25.223944 ], [ 110.192724, 25.22393 ], [ 110.192752, 25.223917 ], [ 110.19278, 25.223903 ], [ 110.192808, 25.22389 ], [ 110.192836, 25.223876 ], [ 110.192864, 25.223862 ], [ 110.192892, 25.223849 ], [ 110.19292, 25.223835 ], [ 110.192948, 25.223822 ], [ 110.19297, 25.223803 ], [ 110.192955, 25.223777 ], [ 110.19294, 25.223752 ], [ 110.192925, 25.223726 ], [ 110.19291, 25.223701 ], [ 110.192895, 25.223676 ], [ 110.19288, 25.22365 ], [ 110.192865, 25.223625 ], [ 110.192851, 25.2236 ], [ 110.192836, 25.223574 ], [ 110.192821, 25.223549 ], [ 110.192806, 25.223523 ], [ 110.192791, 25.223498 ], [ 110.192776, 25.223473 ], [ 110.192761, 25.223447 ], [ 110.192746, 25.223422 ], [ 110.192731, 25.223396 ], [ 110.192716, 25.223371 ], [ 110.192716, 25.223371 ] ] ] } },
{ "type": "Feature", "properties": { "用地": "1301供水用地", "名称": "加压泵站", "等级": "市级", "状态": "现状", "设施类": "加压泵站", "规模": "4万吨/天", "备注": "无" }, "geometry": { "type": "Polygon", "coordinates": [ [ [ 110.115447, 25.244524 ], [ 110.115326, 25.244525 ], [ 110.115206, 25.244525 ], [ 110.115086, 25.244525 ], [ 110.114965, 25.244525 ], [ 110.114845, 25.244525 ], [ 110.114725, 25.244525 ], [ 110.114609, 25.244546 ], [ 110.114616, 25.244653 ], [ 110.114627, 25.244762 ], [ 110.114639, 25.244871 ], [ 110.114683, 25.244961 ], [ 110.114798, 25.244985 ], [ 110.114918, 25.244998 ], [ 110.115038, 25.245001 ], [ 110.115158, 25.245003 ], [ 110.115279, 25.245004 ], [ 110.115399, 25.244998 ], [ 110.115497, 25.244939 ], [ 110.115538, 25.24484 ], [ 110.115523, 25.244732 ], [ 110.115487, 25.244628 ], [ 110.115447, 25.244524 ], [ 110.115447, 25.244524 ] ] ] } },
{ "type": "Feature", "properties": { "用地": "1302排水用地", "名称": "亭山污水厂", "等级": "市级", "状态": "规划", "设施类": "污水处理厂", "规模": "2.5万吨/天", "备注": "无" }, "geometry": { "type": "Polygon", "coordinates": [ [ [ 110.135587, 25.249858 ], [ 110.135515, 25.249858 ], [ 110.135442, 25.249859 ], [ 110.135372, 25.249868 ], [ 110.135317, 25.24991 ], [ 110.135266, 25.249958 ], [ 110.135216, 25.250005 ], [ 110.135166, 25.250053 ], [ 110.135116, 25.250101 ], [ 110.135065, 25.250148 ], [ 110.135015, 25.250196 ], [ 110.134965, 25.250244 ], [ 110.134915, 25.250291 ], [ 110.134864, 25.250339 ], [ 110.134814, 25.250387 ], [ 110.134764, 25.250435 ], [ 110.134714, 25.250482 ], [ 110.134663, 25.25053 ], [ 110.134613, 25.250578 ], [ 110.134563, 25.250625 ], [ 110.134512, 25.250673 ], [ 110.134462, 25.250721 ], [ 110.134412, 25.250768 ], [ 110.134362, 25.250816 ], [ 110.134311, 25.250864 ], [ 110.134261, 25.250911 ], [ 110.134211, 25.250959 ], [ 110.134161, 25.251007 ], [ 110.13411, 25.251055 ], [ 110.13406, 25.251102 ], [ 110.13401, 25.25115 ], [ 110.13396, 25.251198 ], [ 110.133909, 25.251245 ], [ 110.133859, 25.251293 ], [ 110.133809, 25.251341 ], [ 110.133759, 25.251388 ], [ 110.133708, 25.251436 ], [ 110.133658, 25.251484 ], [ 110.133608, 25.251531 ], [ 110.133558, 25.251579 ], [ 110.133512, 25.25163 ], [ 110.133499, 25.251694 ], [ 110.133499, 25.25176 ], [ 110.133531, 25.251817 ], [ 110.133574, 25.25187 ], [ 110.133618, 25.251923 ], [ 110.133661, 25.251976 ], [ 110.133704, 25.252029 ], [ 110.133748, 25.252082 ], [ 110.133791, 25.252135 ], [ 110.133834, 25.252188 ], [ 110.133878, 25.252241 ], [ 110.133921, 25.252294 ], [ 110.133965, 25.252347 ], [ 110.134008, 25.2524 ], [ 110.134051, 25.252453 ], [ 110.134095, 25.252506 ], [ 110.134138, 25.252559 ], [ 110.134181, 25.252612 ], [ 110.134225, 25.252665 ], [ 110.134268, 25.252718 ], [ 110.134334, 25.252738 ], [ 110.134406, 25.252734 ], [ 110.134479, 25.25273 ], [ 110.134548, 25.252717 ], [ 110.134587, 25.252661 ], [ 110.134628, 25.252607 ], [ 110.134671, 25.252553 ], [ 110.134716, 25.252501 ], [ 110.134762, 25.25245 ], [ 110.134809, 25.2524 ], [ 110.134858, 25.252351 ], [ 110.134908, 25.252303 ], [ 110.134958, 25.252256 ], [ 110.135009, 25.252208 ], [ 110.135059, 25.25216 ], [ 110.135109, 25.252112 ], [ 110.135159, 25.252065 ], [ 110.13521, 25.252017 ], [ 110.13526, 25.251969 ], [ 110.13531, 25.251922 ], [ 110.13536, 25.251874 ], [ 110.135411, 25.251826 ], [ 110.135461, 25.251779 ], [ 110.135511, 25.251731 ], [ 110.135561, 25.251683 ], [ 110.135612, 25.251636 ], [ 110.135662, 25.251588 ], [ 110.135712, 25.25154 ], [ 110.135762, 25.251493 ], [ 110.135813, 25.251445 ], [ 110.135863, 25.251397 ], [ 110.135913, 25.251349 ], [ 110.135964, 25.251302 ], [ 110.136014, 25.251254 ], [ 110.136064, 25.251206 ], [ 110.136114, 25.251159 ], [ 110.136165, 25.251111 ], [ 110.136215, 25.251063 ], [ 110.136265, 25.251016 ], [ 110.136315, 25.250968 ], [ 110.136366, 25.25092 ], [ 110.136408, 25.250869 ], [ 110.136414, 25.250803 ], [ 110.136415, 25.250737 ], [ 110.136415, 25.250671 ], [ 110.136404, 25.250609 ], [ 110.136353, 25.250562 ], [ 110.136302, 25.250515 ], [ 110.136251, 25.250468 ], [ 110.1362, 25.250421 ], [ 110.136149, 25.250374 ], [ 110.136098, 25.250327 ], [ 110.136047, 25.25028 ], [ 110.135996, 25.250233 ], [ 110.135945, 25.250187 ], [ 110.135894, 25.25014 ], [ 110.135843, 25.250093 ], [ 110.135792, 25.250046 ], [ 110.13574, 25.249999 ], [ 110.135689, 25.249952 ], [ 110.135638, 25.249905 ], [ 110.135587, 25.249858 ], [ 110.135587, 25.249858 ] ] ] } },
{ "type": "Feature", "properties": { "用地": "1302排水用地", "名称": "金山路以北污水泵站", "等级": "市级", "状态": "现状", "设施类": "污水泵站", "规模": "2.5万吨/天", "备注": "无" }, "geometry": { "type": "Polygon", "coordinates": [ [ [ 110.155814, 25.262534 ], [ 110.155724, 25.262455 ], [ 110.155635, 25.262377 ], [ 110.155542, 25.262315 ], [ 110.155456, 25.262396 ], [ 110.15537, 25.262478 ], [ 110.155285, 25.262559 ], [ 110.15525, 25.262651 ], [ 110.155332, 25.262734 ], [ 110.155433, 25.262789 ], [ 110.155554, 25.262776 ], [ 110.155642, 25.262696 ], [ 110.155728, 25.262615 ], [ 110.155814, 25.262534 ], [ 110.155814, 25.262534 ] ] ] } },
{ "type": "Feature", "properties": { "用地": "1302排水用地", "名称": "东滩路污水厂", "等级": "市级", "状态": "规划", "设施类": "污水处理厂", "规模": "2.5万吨/天", "备注": "无" }, "geometry": { "type": "Polygon", "coordinates": [ [ [ 110.156689, 25.262176 ], [ 110.156689, 25.262052 ], [ 110.156689, 25.261928 ], [ 110.156689, 25.261803 ], [ 110.156652, 25.261689 ], [ 110.156557, 25.2616 ], [ 110.156458, 25.261514 ], [ 110.15636, 25.261428 ], [ 110.156261, 25.261343 ], [ 110.156163, 25.261257 ], [ 110.156064, 25.261171 ], [ 110.155967, 25.261186 ], [ 110.155902, 25.261295 ], [ 110.155837, 25.261405 ], [ 110.155772, 25.261514 ], [ 110.155708, 25.261623 ], [ 110.155643, 25.261732 ], [ 110.155578, 25.261842 ], [ 110.155513, 25.261951 ], [ 110.155449, 25.26206 ], [ 110.155398, 25.26217 ], [ 110.155496, 25.262256 ], [ 110.155595, 25.262342 ], [ 110.155693, 25.262428 ], [ 110.155792, 25.262514 ], [ 110.15589, 25.2626 ], [ 110.155989, 25.262686 ], [ 110.156104, 25.262697 ], [ 110.156201, 25.26261 ], [ 110.156299, 25.262523 ], [ 110.156396, 25.262436 ], [ 110.156494, 25.262349 ], [ 110.156591, 25.262263 ], [ 110.156689, 25.262176 ], [ 110.156689, 25.262176 ] ] ] } },
{ "type": "Feature", "properties": { "用地": "1301供水用地", "名称": "后街水厂", "等级": "市级", "状态": "现状", "设施类": "自来水厂", "规模": "20万吨/天", "备注": "无" }, "geometry": { "type": "Polygon", "coordinates": [ [ [ 110.172566, 25.284352 ], [ 110.172585, 25.28435 ], [ 110.172602, 25.284342 ], [ 110.172615, 25.284328 ], [ 110.172628, 25.284315 ], [ 110.172641, 25.284301 ], [ 110.172653, 25.284287 ], [ 110.172666, 25.284273 ], [ 110.172679, 25.284259 ], [ 110.172692, 25.284246 ], [ 110.172705, 25.284232 ], [ 110.172717, 25.284218 ], [ 110.17273, 25.284204 ], [ 110.172743, 25.28419 ], [ 110.17275, 25.284174 ], [ 110.172749, 25.284156 ], [ 110.172747, 25.284138 ], [ 110.172746, 25.28412 ], [ 110.172745, 25.284102 ], [ 110.172744, 25.284084 ], [ 110.172742, 25.284066 ], [ 110.172741, 25.284048 ], [ 110.17274, 25.28403 ], [ 110.172739, 25.284012 ], [ 110.172737, 25.283994 ], [ 110.172736, 25.283976 ], [ 110.172735, 25.283958 ], [ 110.172733, 25.28394 ], [ 110.172732, 25.283922 ], [ 110.172731, 25.283904 ], [ 110.17273, 25.283886 ], [ 110.172728, 25.283868 ], [ 110.172727, 25.28385 ], [ 110.172726, 25.283832 ], [ 110.172725, 25.283814 ], [ 110.172723, 25.283796 ], [ 110.172722, 25.283778 ], [ 110.172721, 25.28376 ], [ 110.172719, 25.283742 ], [ 110.172718, 25.283724 ], [ 110.172717, 25.283706 ], [ 110.172716, 25.283688 ], [ 110.172714, 25.28367 ], [ 110.172713, 25.283651 ], [ 110.172712, 25.283633 ], [ 110.172711, 25.283615 ], [ 110.172709, 25.283597 ], [ 110.172708, 25.283579 ], [ 110.172707, 25.283561 ], [ 110.172705, 25.283543 ], [ 110.172704, 25.283525 ], [ 110.172703, 25.283507 ], [ 110.172702, 25.283489 ], [ 110.1727, 25.283471 ], [ 110.172699, 25.283453 ], [ 110.172698, 25.283435 ], [ 110.172697, 25.283417 ], [ 110.172695, 25.283399 ], [ 110.172694, 25.283381 ], [ 110.172693, 25.283363 ], [ 110.172691, 25.283345 ], [ 110.17269, 25.283327 ], [ 110.172689, 25.283309 ], [ 110.172688, 25.283291 ], [ 110.172686, 25.283273 ], [ 110.172685, 25.283255 ], [ 110.172684, 25.283237 ], [ 110.172683, 25.283219 ], [ 110.172681, 25.283201 ], [ 110.17268, 25.283183 ], [ 110.172679, 25.283165 ], [ 110.172677, 25.283147 ], [ 110.172676, 25.283129 ], [ 110.172675, 25.283111 ], [ 110.172674, 25.283093 ], [ 110.172672, 25.283075 ], [ 110.172671, 25.283057 ], [ 110.17267, 25.283039 ], [ 110.172669, 25.283021 ], [ 110.172667, 25.283003 ], [ 110.172666, 25.282985 ], [ 110.172665, 25.282967 ], [ 110.172663, 25.282949 ], [ 110.172662, 25.282931 ], [ 110.172661, 25.282913 ], [ 110.17266, 25.282895 ], [ 110.172658, 25.282877 ], [ 110.172657, 25.282859 ], [ 110.172656, 25.282841 ], [ 110.172655, 25.282823 ], [ 110.172653, 25.282804 ], [ 110.172652, 25.282786 ], [ 110.172651, 25.282768 ], [ 110.17265, 25.28275 ], [ 110.172648, 25.282732 ], [ 110.172647, 25.282714 ], [ 110.172646, 25.282696 ], [ 110.172644, 25.282678 ], [ 110.172643, 25.28266 ], [ 110.172642, 25.282642 ], [ 110.172641, 25.282624 ], [ 110.172639, 25.282606 ], [ 110.172638, 25.282588 ], [ 110.172637, 25.28257 ], [ 110.172636, 25.282552 ], [ 110.172634, 25.282534 ], [ 110.172633, 25.282516 ], [ 110.172632, 25.282498 ], [ 110.17263, 25.28248 ], [ 110.172629, 25.282462 ], [ 110.172628, 25.282444 ], [ 110.172627, 25.282426 ], [ 110.172625, 25.282408 ], [ 110.172624, 25.28239 ], [ 110.172623, 25.282372 ], [ 110.172622, 25.282354 ], [ 110.17262, 25.282336 ], [ 110.172619, 25.282318 ], [ 110.172618, 25.2823 ], [ 110.172616, 25.282282 ], [ 110.172615, 25.282264 ], [ 110.172614, 25.282246 ], [ 110.172613, 25.282228 ], [ 110.172611, 25.28221 ], [ 110.17261, 25.282192 ], [ 110.172609, 25.282174 ], [ 110.172608, 25.282156 ], [ 110.172606, 25.282138 ], [ 110.172605, 25.28212 ], [ 110.172604, 25.282102 ], [ 110.172602, 25.282084 ], [ 110.172601, 25.282066 ], [ 110.1726, 25.282048 ], [ 110.172599, 25.28203 ], [ 110.172597, 25.282012 ], [ 110.172596, 25.281994 ], [ 110.172595, 25.281975 ], [ 110.172594, 25.281957 ], [ 110.172592, 25.281939 ], [ 110.172591, 25.281921 ], [ 110.17259, 25.281903 ], [ 110.172588, 25.281885 ], [ 110.172587, 25.281867 ], [ 110.172586, 25.281849 ], [ 110.172585, 25.281831 ], [ 110.172583, 25.281813 ], [ 110.172582, 25.281795 ], [ 110.172571, 25.281782 ], [ 110.172556, 25.28177 ], [ 110.172541, 25.281758 ], [ 110.172526, 25.281746 ], [ 110.172511, 25.281734 ], [ 110.172496, 25.281722 ], [ 110.172481, 25.28171 ], [ 110.172466, 25.281698 ], [ 110.172451, 25.281686 ], [ 110.172436, 25.281675 ], [ 110.172421, 25.281663 ], [ 110.172406, 25.281651 ], [ 110.172391, 25.281639 ], [ 110.172377, 25.281627 ], [ 110.172361, 25.281615 ], [ 110.172342, 25.281614 ], [ 110.172322, 25.281614 ], [ 110.172302, 25.281615 ], [ 110.172282, 25.281615 ], [ 110.172262, 25.281615 ], [ 110.172242, 25.281616 ], [ 110.172223, 25.281616 ], [ 110.172203, 25.281616 ], [ 110.172183, 25.281617 ], [ 110.172163, 25.281617 ], [ 110.172143, 25.281617 ], [ 110.172123, 25.281618 ], [ 110.172103, 25.281618 ], [ 110.172084, 25.281619 ], [ 110.172064, 25.281619 ], [ 110.172044, 25.281619 ], [ 110.172024, 25.28162 ], [ 110.172004, 25.28162 ], [ 110.171984, 25.28162 ], [ 110.171964, 25.281621 ], [ 110.171945, 25.281621 ], [ 110.171925, 25.281621 ], [ 110.171905, 25.281622 ], [ 110.171885, 25.281622 ], [ 110.171865, 25.281622 ], [ 110.171845, 25.281622 ], [ 110.171825, 25.281622 ], [ 110.171806, 25.281621 ], [ 110.171786, 25.281621 ], [ 110.171766, 25.281621 ], [ 110.171746, 25.281621 ], [ 110.171726, 25.28162 ], [ 110.171706, 25.28162 ], [ 110.171686, 25.281619 ], [ 110.171667, 25.281618 ], [ 110.171647, 25.281618 ], [ 110.171627, 25.281617 ], [ 110.171607, 25.281616 ], [ 110.171587, 25.281615 ], [ 110.171567, 25.281614 ], [ 110.171548, 25.281613 ], [ 110.171528, 25.281612 ], [ 110.171508, 25.281611 ], [ 110.171488, 25.281609 ], [ 110.171468, 25.281608 ], [ 110.171448, 25.281607 ], [ 110.171429, 25.281605 ], [ 110.171409, 25.281604 ], [ 110.171389, 25.281602 ], [ 110.171369, 25.2816 ], [ 110.17135, 25.281599 ], [ 110.17133, 25.281597 ], [ 110.17131, 25.281595 ], [ 110.17129, 25.281593 ], [ 110.171271, 25.281591 ], [ 110.171251, 25.281589 ], [ 110.171231, 25.281587 ], [ 110.171211, 25.281584 ], [ 110.171192, 25.281582 ], [ 110.171172, 25.28158 ], [ 110.171152, 25.281577 ], [ 110.171133, 25.281575 ], [ 110.171113, 25.281572 ], [ 110.171093, 25.28157 ], [ 110.171074, 25.281567 ], [ 110.171054, 25.281564 ], [ 110.171034, 25.281561 ], [ 110.171015, 25.281558 ], [ 110.170995, 25.281555 ], [ 110.170976, 25.281552 ], [ 110.170956, 25.281549 ], [ 110.170937, 25.281546 ], [ 110.170917, 25.281543 ], [ 110.170898, 25.281539 ], [ 110.170878, 25.281536 ], [ 110.170859, 25.281532 ], [ 110.170839, 25.281529 ], [ 110.17082, 25.281525 ], [ 110.1708, 25.281521 ], [ 110.170781, 25.281518 ], [ 110.170761, 25.281514 ], [ 110.170742, 25.28151 ], [ 110.170723, 25.281506 ], [ 110.170703, 25.281502 ], [ 110.170684, 25.281498 ], [ 110.170665, 25.281494 ], [ 110.170645, 25.28149 ], [ 110.170626, 25.281485 ], [ 110.170607, 25.281481 ], [ 110.170587, 25.281477 ], [ 110.170568, 25.281472 ], [ 110.170549, 25.281468 ], [ 110.17053, 25.281463 ], [ 110.170511, 25.281458 ], [ 110.170491, 25.281453 ], [ 110.170472, 25.281449 ], [ 110.170453, 25.281444 ], [ 110.170434, 25.281439 ], [ 110.170415, 25.281434 ], [ 110.170396, 25.281429 ], [ 110.170377, 25.281423 ], [ 110.170358, 25.281418 ], [ 110.170339, 25.281413 ], [ 110.17032, 25.281408 ], [ 110.170301, 25.281402 ], [ 110.170282, 25.281397 ], [ 110.170263, 25.281391 ], [ 110.170244, 25.281385 ], [ 110.170225, 25.28138 ], [ 110.170207, 25.281374 ], [ 110.170188, 25.281368 ], [ 110.170169, 25.281362 ], [ 110.17015, 25.281356 ], [ 110.170132, 25.28135 ], [ 110.170113, 25.281344 ], [ 110.170094, 25.281338 ], [ 110.170075, 25.281332 ], [ 110.170057, 25.281326 ], [ 110.170038, 25.281319 ], [ 110.17002, 25.281313 ], [ 110.170001, 25.281306 ], [ 110.169983, 25.2813 ], [ 110.169964, 25.281293 ], [ 110.169946, 25.281287 ], [ 110.169927, 25.28128 ], [ 110.169909, 25.281273 ], [ 110.169891, 25.281266 ], [ 110.169872, 25.281259 ], [ 110.169854, 25.281252 ], [ 110.169836, 25.281245 ], [ 110.169817, 25.281238 ], [ 110.169799, 25.281231 ], [ 110.169781, 25.281224 ], [ 110.169763, 25.281216 ], [ 110.169745, 25.281209 ], [ 110.169727, 25.281202 ], [ 110.169708, 25.281194 ], [ 110.16969, 25.281186 ], [ 110.169672, 25.281179 ], [ 110.169654, 25.281171 ], [ 110.169636, 25.281163 ], [ 110.169619, 25.281156 ], [ 110.169601, 25.281148 ], [ 110.169583, 25.28114 ], [ 110.169565, 25.281132 ], [ 110.169547, 25.281124 ], [ 110.16953, 25.281116 ], [ 110.169512, 25.281107 ], [ 110.169494, 25.281099 ], [ 110.169477, 25.281091 ], [ 110.169459, 25.281082 ], [ 110.169441, 25.281074 ], [ 110.169424, 25.281066 ], [ 110.169406, 25.281057 ], [ 110.169389, 25.281048 ], [ 110.169372, 25.28104 ], [ 110.169354, 25.281031 ], [ 110.169337, 25.281022 ], [ 110.169319, 25.281013 ], [ 110.169302, 25.281004 ], [ 110.169285, 25.280995 ], [ 110.169268, 25.280986 ], [ 110.169251, 25.280977 ], [ 110.169234, 25.280968 ], [ 110.169216, 25.280959 ], [ 110.169199, 25.28095 ], [ 110.169182, 25.28094 ], [ 110.169165, 25.280931 ], [ 110.169149, 25.280921 ], [ 110.169132, 25.280912 ], [ 110.169115, 25.280902 ], [ 110.1691, 25.280914 ], [ 110.169085, 25.280926 ], [ 110.16907, 25.280938 ], [ 110.169055, 25.28095 ], [ 110.16904, 25.280962 ], [ 110.169025, 25.280974 ], [ 110.16901, 25.280986 ], [ 110.168995, 25.280997 ], [ 110.16898, 25.281009 ], [ 110.168966, 25.281022 ], [ 110.168952, 25.281035 ], [ 110.168938, 25.281048 ], [ 110.168924, 25.281061 ], [ 110.168911, 25.281074 ], [ 110.168897, 25.281087 ], [ 110.168883, 25.2811 ], [ 110.168869, 25.281113 ], [ 110.168855, 25.281126 ], [ 110.168842, 25.281139 ], [ 110.168828, 25.281152 ], [ 110.168814, 25.281165 ], [ 110.168801, 25.281178 ], [ 110.168789, 25.281193 ], [ 110.168777, 25.281207 ], [ 110.168765, 25.281221 ], [ 110.168752, 25.281235 ], [ 110.16874, 25.28125 ], [ 110.168728, 25.281264 ], [ 110.168716, 25.281278 ], [ 110.168705, 25.281293 ], [ 110.168694, 25.281309 ], [ 110.168684, 25.281324 ], [ 110.168674, 25.281339 ], [ 110.168664, 25.281355 ], [ 110.168653, 25.28137 ], [ 110.168643, 25.281386 ], [ 110.168633, 25.281401 ], [ 110.168623, 25.281417 ], [ 110.168614, 25.281433 ], [ 110.168605, 25.281449 ], [ 110.168596, 25.281465 ], [ 110.168587, 25.281481 ], [ 110.168578, 25.281497 ], [ 110.168569, 25.281513 ], [ 110.16856, 25.28153 ], [ 110.16855, 25.281546 ], [ 110.168541, 25.281562 ], [ 110.168532, 25.281578 ], [ 110.168523, 25.281594 ], [ 110.168514, 25.28161 ], [ 110.168505, 25.281626 ], [ 110.168496, 25.281642 ], [ 110.168486, 25.281658 ], [ 110.168477, 25.281674 ], [ 110.168468, 25.28169 ], [ 110.168459, 25.281706 ], [ 110.16845, 25.281722 ], [ 110.168441, 25.281738 ], [ 110.168432, 25.281754 ], [ 110.168423, 25.28177 ], [ 110.168413, 25.281786 ], [ 110.168404, 25.281802 ], [ 110.168395, 25.281818 ], [ 110.168386, 25.281834 ], [ 110.168378, 25.281851 ], [ 110.168369, 25.281867 ], [ 110.168361, 25.281884 ], [ 110.168354, 25.2819 ], [ 110.168346, 25.281917 ], [ 110.168338, 25.281933 ], [ 110.168331, 25.28195 ], [ 110.168323, 25.281967 ], [ 110.168315, 25.281983 ], [ 110.168307, 25.282 ], [ 110.168311, 25.282016 ], [ 110.168325, 25.282029 ], [ 110.16834, 25.282041 ], [ 110.168354, 25.282054 ], [ 110.168369, 25.282066 ], [ 110.168383, 25.282079 ], [ 110.168397, 25.282091 ], [ 110.168412, 25.282104 ], [ 110.168426, 25.282116 ], [ 110.16844, 25.282129 ], [ 110.168455, 25.282141 ], [ 110.168469, 25.282154 ], [ 110.168483, 25.282166 ], [ 110.168498, 25.282179 ], [ 110.168512, 25.282191 ], [ 110.168526, 25.282204 ], [ 110.168541, 25.282216 ], [ 110.168555, 25.282228 ], [ 110.168569, 25.282241 ], [ 110.168584, 25.282253 ], [ 110.168598, 25.282266 ], [ 110.168612, 25.282278 ], [ 110.168627, 25.282291 ], [ 110.168641, 25.282303 ], [ 110.168656, 25.282316 ], [ 110.16867, 25.282328 ], [ 110.168684, 25.282341 ], [ 110.168699, 25.282353 ], [ 110.168713, 25.282366 ], [ 110.168727, 25.282378 ], [ 110.168742, 25.282391 ], [ 110.168756, 25.282403 ], [ 110.16877, 25.282416 ], [ 110.168785, 25.282428 ], [ 110.168799, 25.282441 ], [ 110.168813, 25.282453 ], [ 110.168828, 25.282466 ], [ 110.168842, 25.282478 ], [ 110.168856, 25.282491 ], [ 110.168871, 25.282503 ], [ 110.168885, 25.282516 ], [ 110.168899, 25.282528 ], [ 110.168914, 25.282541 ], [ 110.168928, 25.282553 ], [ 110.168943, 25.282566 ], [ 110.168957, 25.282578 ], [ 110.168971, 25.282591 ], [ 110.168986, 25.282603 ], [ 110.169, 25.282616 ], [ 110.169014, 25.282628 ], [ 110.169029, 25.282641 ], [ 110.169043, 25.282653 ], [ 110.169057, 25.282665 ], [ 110.169072, 25.282678 ], [ 110.169086, 25.28269 ], [ 110.1691, 25.282703 ], [ 110.169115, 25.282715 ], [ 110.169129, 25.282728 ], [ 110.169143, 25.28274 ], [ 110.169158, 25.282753 ], [ 110.169172, 25.282765 ], [ 110.169186, 25.282778 ], [ 110.169201, 25.28279 ], [ 110.169215, 25.282803 ], [ 110.16923, 25.282815 ], [ 110.169244, 25.282828 ], [ 110.169258, 25.28284 ], [ 110.169273, 25.282853 ], [ 110.169287, 25.282865 ], [ 110.169301, 25.282878 ], [ 110.169316, 25.28289 ], [ 110.16933, 25.282903 ], [ 110.169344, 25.282915 ], [ 110.169359, 25.282928 ], [ 110.169373, 25.28294 ], [ 110.169387, 25.282953 ], [ 110.169402, 25.282965 ], [ 110.169416, 25.282978 ], [ 110.16943, 25.28299 ], [ 110.169445, 25.283003 ], [ 110.169459, 25.283015 ], [ 110.169473, 25.283028 ], [ 110.169488, 25.28304 ], [ 110.169502, 25.283053 ], [ 110.169517, 25.283065 ], [ 110.169531, 25.283078 ], [ 110.169545, 25.28309 ], [ 110.16956, 25.283102 ], [ 110.169574, 25.283115 ], [ 110.169588, 25.283127 ], [ 110.169603, 25.28314 ], [ 110.169617, 25.283152 ], [ 110.169631, 25.283165 ], [ 110.169646, 25.283177 ], [ 110.16966, 25.28319 ], [ 110.169674, 25.283202 ], [ 110.169689, 25.283215 ], [ 110.169703, 25.283227 ], [ 110.169717, 25.28324 ], [ 110.169732, 25.283252 ], [ 110.169746, 25.283265 ], [ 110.16976, 25.283277 ], [ 110.169775, 25.28329 ], [ 110.169789, 25.283302 ], [ 110.169804, 25.283315 ], [ 110.169818, 25.283327 ], [ 110.169832, 25.28334 ], [ 110.169847, 25.283352 ], [ 110.169861, 25.283365 ], [ 110.169875, 25.283377 ], [ 110.16989, 25.28339 ], [ 110.169904, 25.283402 ], [ 110.169918, 25.283415 ], [ 110.169933, 25.283427 ], [ 110.169947, 25.28344 ], [ 110.169961, 25.283452 ], [ 110.169976, 25.283465 ], [ 110.16999, 25.283477 ], [ 110.170004, 25.28349 ], [ 110.170019, 25.283502 ], [ 110.170033, 25.283515 ], [ 110.170047, 25.283527 ], [ 110.170062, 25.283539 ], [ 110.170076, 25.283552 ], [ 110.170091, 25.283564 ], [ 110.170105, 25.283577 ], [ 110.170119, 25.283589 ], [ 110.170134, 25.283602 ], [ 110.170148, 25.283614 ], [ 110.170162, 25.283627 ], [ 110.170177, 25.283639 ], [ 110.170191, 25.283652 ], [ 110.170205, 25.283664 ], [ 110.17022, 25.283677 ], [ 110.170234, 25.283689 ], [ 110.170249, 25.283701 ], [ 110.170264, 25.283713 ], [ 110.170279, 25.283725 ], [ 110.170293, 25.283737 ], [ 110.170308, 25.283749 ], [ 110.170324, 25.283761 ], [ 110.170339, 25.283773 ], [ 110.170354, 25.283784 ], [ 110.170369, 25.283796 ], [ 110.170385, 25.283807 ], [ 110.1704, 25.283818 ], [ 110.170416, 25.283829 ], [ 110.170432, 25.28384 ], [ 110.170447, 25.283851 ], [ 110.170463, 25.283862 ], [ 110.170479, 25.283873 ], [ 110.170495, 25.283883 ], [ 110.170511, 25.283894 ], [ 110.170528, 25.283904 ], [ 110.170544, 25.283915 ], [ 110.17056, 25.283925 ], [ 110.170577, 25.283935 ], [ 110.170593, 25.283945 ], [ 110.17061, 25.283955 ], [ 110.170627, 25.283965 ], [ 110.170643, 25.283975 ], [ 110.17066, 25.283984 ], [ 110.170677, 25.283994 ], [ 110.170694, 25.284003 ], [ 110.170711, 25.284012 ], [ 110.170728, 25.284021 ], [ 110.170745, 25.284031 ], [ 110.170763, 25.284039 ], [ 110.17078, 25.284048 ], [ 110.170797, 25.284057 ], [ 110.170815, 25.284066 ], [ 110.170832, 25.284074 ], [ 110.17085, 25.284083 ], [ 110.170868, 25.284091 ], [ 110.170885, 25.284099 ], [ 110.170903, 25.284107 ], [ 110.170921, 25.284115 ], [ 110.170939, 25.284123 ], [ 110.170957, 25.28413 ], [ 110.170975, 25.284138 ], [ 110.170993, 25.284146 ], [ 110.171011, 25.284153 ], [ 110.171029, 25.28416 ], [ 110.171048, 25.284167 ], [ 110.171066, 25.284174 ], [ 110.171084, 25.284181 ], [ 110.171103, 25.284188 ], [ 110.171121, 25.284195 ], [ 110.17114, 25.284201 ], [ 110.171158, 25.284208 ], [ 110.171177, 25.284214 ], [ 110.171195, 25.28422 ], [ 110.171214, 25.284226 ], [ 110.171233, 25.284232 ], [ 110.171252, 25.284238 ], [ 110.171271, 25.284244 ], [ 110.171289, 25.284249 ], [ 110.171308, 25.284255 ], [ 110.171327, 25.28426 ], [ 110.171346, 25.284265 ], [ 110.171365, 25.28427 ], [ 110.171384, 25.284275 ], [ 110.171404, 25.28428 ], [ 110.171423, 25.284285 ], [ 110.171442, 25.284289 ], [ 110.171461, 25.284294 ], [ 110.17148, 25.284298 ], [ 110.1715, 25.284303 ], [ 110.171519, 25.284307 ], [ 110.171539, 25.284311 ], [ 110.171558, 25.284315 ], [ 110.171577, 25.284318 ], [ 110.171597, 25.284322 ], [ 110.171616, 25.284325 ], [ 110.171636, 25.284329 ], [ 110.171655, 25.284332 ], [ 110.171675, 25.284335 ], [ 110.171694, 25.284338 ], [ 110.171714, 25.284341 ], [ 110.171734, 25.284344 ], [ 110.171753, 25.284346 ], [ 110.171773, 25.284349 ], [ 110.171793, 25.284351 ], [ 110.171812, 25.284354 ], [ 110.171832, 25.284356 ], [ 110.171852, 25.284358 ], [ 110.171872, 25.28436 ], [ 110.171891, 25.284361 ], [ 110.171911, 25.284363 ], [ 110.171931, 25.284364 ], [ 110.171951, 25.284366 ], [ 110.171971, 25.284367 ], [ 110.17199, 25.284368 ], [ 110.17201, 25.284369 ], [ 110.17203, 25.28437 ], [ 110.17205, 25.284371 ], [ 110.17207, 25.284371 ], [ 110.17209, 25.284372 ], [ 110.17211, 25.284372 ], [ 110.172129, 25.284372 ], [ 110.172149, 25.284372 ], [ 110.172169, 25.284372 ], [ 110.172189, 25.284372 ], [ 110.172209, 25.284372 ], [ 110.172229, 25.284372 ], [ 110.172249, 25.284371 ], [ 110.172268, 25.28437 ], [ 110.172288, 25.28437 ], [ 110.172308, 25.284369 ], [ 110.172328, 25.284368 ], [ 110.172348, 25.284366 ], [ 110.172368, 25.284365 ], [ 110.172387, 25.284364 ], [ 110.172407, 25.284363 ], [ 110.172427, 25.284361 ], [ 110.172447, 25.28436 ], [ 110.172467, 25.284358 ], [ 110.172486, 25.284357 ], [ 110.172506, 25.284356 ], [ 110.172526, 25.284354 ], [ 110.172546, 25.284353 ], [ 110.172566, 25.284352 ] ] ] } },
{ "type": "Feature", "properties": { "用地": "1301供水用地", "名称": "后街水厂", "等级": "市级", "状态": "规划", "设施类": "自来水厂", "规模": "20万吨/天", "备注": "无" }, "geometry": { "type": "Polygon", "coordinates": [ [ [ 110.175055, 25.281687 ], [ 110.174921, 25.281589 ], [ 110.174753, 25.28157 ], [ 110.174579, 25.281574 ], [ 110.174405, 25.281579 ], [ 110.174231, 25.281583 ], [ 110.174057, 25.281587 ], [ 110.173883, 25.281591 ], [ 110.173709, 25.281595 ], [ 110.173535, 25.281599 ], [ 110.173361, 25.281603 ], [ 110.173187, 25.281607 ], [ 110.173017, 25.281634 ], [ 110.17289, 25.281738 ], [ 110.172828, 25.281874 ], [ 110.172838, 25.282032 ], [ 110.172849, 25.28219 ], [ 110.17286, 25.282348 ], [ 110.172871, 25.282506 ], [ 110.172882, 25.282664 ], [ 110.172893, 25.282822 ], [ 110.172904, 25.282979 ], [ 110.172916, 25.283137 ], [ 110.172927, 25.283295 ], [ 110.172938, 25.283453 ], [ 110.172949, 25.283611 ], [ 110.17296, 25.283769 ], [ 110.172971, 25.283927 ], [ 110.172982, 25.284085 ], [ 110.173054, 25.284217 ], [ 110.173191, 25.284305 ], [ 110.173365, 25.284297 ], [ 110.173538, 25.284285 ], [ 110.173712, 25.284274 ], [ 110.173886, 25.284262 ], [ 110.174059, 25.28425 ], [ 110.174233, 25.284239 ], [ 110.174406, 25.284227 ], [ 110.17458, 25.284215 ], [ 110.174754, 25.284204 ], [ 110.174927, 25.284192 ], [ 110.175095, 25.284162 ], [ 110.17522, 25.284056 ], [ 110.175211, 25.283898 ], [ 110.1752, 25.28374 ], [ 110.175189, 25.283582 ], [ 110.175178, 25.283425 ], [ 110.175167, 25.283267 ], [ 110.175156, 25.283109 ], [ 110.175144, 25.282951 ], [ 110.175133, 25.282793 ], [ 110.175122, 25.282635 ], [ 110.175111, 25.282477 ], [ 110.1751, 25.282319 ], [ 110.175089, 25.282161 ], [ 110.175078, 25.282003 ], [ 110.175066, 25.281845 ], [ 110.175055, 25.281687 ], [ 110.175055, 25.281687 ] ] ] } },
{ "type": "Feature", "properties": { "用地": "1301供水用地", "名称": "加压泵站", "等级": "市级", "状态": "规划", "设施类": "加压泵站", "规模": "10万吨/天", "备注": "无" }, "geometry": { "type": "Polygon", "coordinates": [ [ [ 110.275507, 25.187147 ], [ 110.275349, 25.187854 ], [ 110.275546, 25.188439 ], [ 110.276306, 25.188617 ], [ 110.277049, 25.188591 ], [ 110.277327, 25.187958 ], [ 110.277064, 25.187428 ], [ 110.276285, 25.187287 ], [ 110.275507, 25.187147 ], [ 110.275507, 25.187147 ] ] ] } },
{ "type": "Feature", "properties": { "用地": "1311水工设施用地", "名称": "环城工程二期补水闸", "等级": "市级", "状态": "现状", "设施类": "补水闸", "规模": "暂无", "备注": "无" }, "geometry": { "type": "Polygon", "coordinates": [ [ [ 110.269743, 25.300749 ], [ 110.269743, 25.30065 ], [ 110.269741, 25.300552 ], [ 110.269682, 25.300502 ], [ 110.269584, 25.300535 ], [ 110.269584, 25.300634 ], [ 110.269587, 25.300732 ], [ 110.269645, 25.300783 ], [ 110.269743, 25.300749 ], [ 110.269743, 25.300749 ] ] ] } },
{ "type": "Feature", "properties": { "用地": "1303供电用地", "名称": "永芳站", "等级": "区级", "状态": "现状", "设施类": "变电站", "规模": "110kV", "备注": "无" }, "geometry": { "type": "Polygon", "coordinates": [ [ [ 110.281587, 25.308228 ], [ 110.281459, 25.308225 ], [ 110.281331, 25.308223 ], [ 110.281203, 25.30822 ], [ 110.281075, 25.308217 ], [ 110.280947, 25.308215 ], [ 110.280819, 25.308214 ], [ 110.280777, 25.308295 ], [ 110.280774, 25.308411 ], [ 110.280771, 25.308527 ], [ 110.280768, 25.308644 ], [ 110.280764, 25.30876 ], [ 110.280761, 25.308876 ], [ 110.280758, 25.308992 ], [ 110.280755, 25.309109 ], [ 110.280752, 25.309225 ], [ 110.280806, 25.309314 ], [ 110.280934, 25.309316 ], [ 110.281062, 25.309319 ], [ 110.28119, 25.309321 ], [ 110.281318, 25.309324 ], [ 110.281446, 25.309326 ], [ 110.281573, 25.309329 ], [ 110.281663, 25.309271 ], [ 110.281663, 25.309155 ], [ 110.28166, 25.309039 ], [ 110.281655, 25.308923 ], [ 110.281648, 25.308807 ], [ 110.28164, 25.308691 ], [ 110.281629, 25.308575 ], [ 110.281617, 25.308459 ], [ 110.281602, 25.308343 ], [ 110.281587, 25.308228 ], [ 110.281587, 25.308228 ] ] ] } },
{ "type": "Feature", "properties": { "用地": "1303供电用地", "名称": "浦信站", "等级": "市级", "状态": "规划", "设施类": "变电站", "规模": "220kV", "备注": "无" }, "geometry": { "type": "Polygon", "coordinates": [ [ [ 110.271928, 25.296019 ], [ 110.271699, 25.296011 ], [ 110.27147, 25.296011 ], [ 110.271287, 25.296082 ], [ 110.27117, 25.296248 ], [ 110.271, 25.296387 ], [ 110.270829, 25.296526 ], [ 110.270912, 25.296668 ], [ 110.271078, 25.296812 ], [ 110.271244, 25.296955 ], [ 110.271409, 25.2971 ], [ 110.271586, 25.29723 ], [ 110.27179, 25.297304 ], [ 110.271961, 25.297166 ], [ 110.272121, 25.297017 ], [ 110.27213, 25.29681 ], [ 110.272114, 25.296602 ], [ 110.272093, 25.296395 ], [ 110.27205, 25.296192 ], [ 110.271928, 25.296019 ], [ 110.271928, 25.296019 ] ] ] } },
{ "type": "Feature", "properties": { "用地": "1304供燃气用地", "名称": "吴江高中压调压站", "等级": "市级", "状态": "规划", "设施类": "调压站", "规模": "暂无", "备注": "无" }, "geometry": { "type": "Polygon", "coordinates": [ [ [ 110.280232, 25.125213 ], [ 110.279637, 25.125203 ], [ 110.27953, 25.125706 ], [ 110.280124, 25.125724 ], [ 110.280232, 25.125213 ], [ 110.280232, 25.125213 ] ] ] } },
{ "type": "Feature", "properties": { "用地": "1303供电用地", "名称": "平天站", "等级": "区级", "状态": "规划", "设施类": "变电站", "规模": "110kV", "备注": "无" }, "geometry": { "type": "Polygon", "coordinates": [ [ [ 110.285034, 25.060185 ], [ 110.284757, 25.059958 ], [ 110.284463, 25.059858 ], [ 110.284196, 25.060087 ], [ 110.284188, 25.060385 ], [ 110.284496, 25.060565 ], [ 110.284781, 25.060433 ], [ 110.285034, 25.060185 ], [ 110.285034, 25.060185 ] ] ] } },
{ "type": "Feature", "properties": { "用地": "1303供电用地", "名称": "狮子岭站", "等级": "市级", "状态": "现状", "设施类": "变电站", "规模": "220kV", "备注": "无" }, "geometry": { "type": "Polygon", "coordinates": [ [ [ 110.256147, 25.105466 ], [ 110.256063, 25.105489 ], [ 110.255996, 25.105561 ], [ 110.25593, 25.105632 ], [ 110.255863, 25.105704 ], [ 110.255796, 25.105776 ], [ 110.255729, 25.105847 ], [ 110.255662, 25.105919 ], [ 110.255596, 25.105991 ], [ 110.255529, 25.106062 ], [ 110.255462, 25.106134 ], [ 110.255395, 25.106206 ], [ 110.255328, 25.106278 ], [ 110.255264, 25.10635 ], [ 110.255287, 25.106423 ], [ 110.255365, 25.106484 ], [ 110.255444, 25.106545 ], [ 110.255523, 25.106606 ], [ 110.255602, 25.106667 ], [ 110.25568, 25.106727 ], [ 110.255759, 25.106788 ], [ 110.255838, 25.106849 ], [ 110.255917, 25.10691 ], [ 110.255995, 25.106971 ], [ 110.256074, 25.107032 ], [ 110.256153, 25.107092 ], [ 110.256232, 25.107153 ], [ 110.25631, 25.107214 ], [ 110.256389, 25.107275 ], [ 110.256468, 25.107336 ], [ 110.256547, 25.107314 ], [ 110.256614, 25.107242 ], [ 110.25668, 25.107171 ], [ 110.256747, 25.107099 ], [ 110.256814, 25.107027 ], [ 110.256881, 25.106956 ], [ 110.256948, 25.106884 ], [ 110.257014, 25.106812 ], [ 110.257081, 25.106741 ], [ 110.257148, 25.106669 ], [ 110.257215, 25.106597 ], [ 110.257282, 25.106525 ], [ 110.257348, 25.106454 ], [ 110.257328, 25.106379 ], [ 110.257249, 25.106318 ], [ 110.257171, 25.106257 ], [ 110.257092, 25.106196 ], [ 110.257013, 25.106135 ], [ 110.256934, 25.106074 ], [ 110.256856, 25.106014 ], [ 110.256777, 25.105953 ], [ 110.256698, 25.105892 ], [ 110.25662, 25.105831 ], [ 110.256541, 25.10577 ], [ 110.256462, 25.10571 ], [ 110.256383, 25.105649 ], [ 110.256305, 25.105588 ], [ 110.256226, 25.105527 ], [ 110.256147, 25.105466 ], [ 110.256147, 25.105466 ] ] ] } },
{ "type": "Feature", "properties": { "用地": "1302排水用地", "名称": "排涝泵站", "等级": "市级", "状态": "规划", "设施类": "排涝泵站", "规模": "暂无", "备注": "无" }, "geometry": { "type": "Polygon", "coordinates": [ [ [ 110.281834, 25.088706 ], [ 110.281271, 25.088424 ], [ 110.280654, 25.088724 ], [ 110.281122, 25.088854 ], [ 110.281834, 25.088706 ], [ 110.281834, 25.088706 ] ] ] } },
{ "type": "Feature", "properties": { "用地": "1304供燃气用地", "名称": "吴江LNG储存气化站", "等级": "市级", "状态": "规划", "设施类": "气化站", "规模": "暂无", "备注": "无" }, "geometry": { "type": "Polygon", "coordinates": [ [ [ 110.287467, 25.058723 ], [ 110.287067, 25.058506 ], [ 110.286685, 25.058849 ], [ 110.286829, 25.059212 ], [ 110.287201, 25.059567 ], [ 110.287575, 25.059765 ], [ 110.287949, 25.059411 ], [ 110.28786, 25.059059 ], [ 110.287467, 25.058723 ], [ 110.287467, 25.058723 ] ] ] } },
{ "type": "Feature", "properties": { "用地": "1303供电用地", "名称": "高桥站", "等级": "区级", "状态": "现状", "设施类": "变电站", "规模": "110kV", "备注": "无" }, "geometry": { "type": "Polygon", "coordinates": [ [ [ 110.275676, 25.103183 ], [ 110.275498, 25.103196 ], [ 110.27532, 25.10321 ], [ 110.275142, 25.103223 ], [ 110.274964, 25.103237 ], [ 110.274788, 25.103267 ], [ 110.274619, 25.103299 ], [ 110.274586, 25.103444 ], [ 110.274662, 25.10359 ], [ 110.274719, 25.103743 ], [ 110.274749, 25.103903 ], [ 110.274894, 25.103978 ], [ 110.274999, 25.104092 ], [ 110.275177, 25.104084 ], [ 110.275356, 25.104074 ], [ 110.275524, 25.104042 ], [ 110.275564, 25.103895 ], [ 110.275702, 25.103829 ], [ 110.275713, 25.10367 ], [ 110.275701, 25.103507 ], [ 110.275689, 25.103345 ], [ 110.275676, 25.103183 ], [ 110.275676, 25.103183 ] ] ] } },
{ "type": "Feature", "properties": { "用地": "1302排水用地", "名称": "污水泵站", "等级": "市级", "状态": "规划", "设施类": "污水泵站", "规模": "1万吨/天", "备注": "无" }, "geometry": { "type": "Polygon", "coordinates": [ [ [ 110.250878, 25.267834 ], [ 110.250599, 25.267885 ], [ 110.250597, 25.268157 ], [ 110.250875, 25.268106 ], [ 110.250878, 25.267834 ], [ 110.250878, 25.267834 ] ] ] } },
{ "type": "Feature", "properties": { "用地": "1302排水用地", "名称": "排涝泵站", "等级": "市级", "状态": "规划", "设施类": "排涝泵站", "规模": "22.5m³/s", "备注": "无" }, "geometry": { "type": "Polygon", "coordinates": [ [ [ 110.264949, 25.292258 ], [ 110.264813, 25.292207 ], [ 110.264695, 25.292149 ], [ 110.264693, 25.292032 ], [ 110.264659, 25.292162 ], [ 110.264645, 25.292294 ], [ 110.26473, 25.292372 ], [ 110.264875, 25.292367 ], [ 110.264949, 25.292258 ], [ 110.264949, 25.292258 ] ] ] } },
{ "type": "Feature", "properties": { "用地": "1303供电用地", "名称": "北周站", "等级": "区级", "状态": "规划", "设施类": "变电站", "规模": "110kV", "备注": "无" }, "geometry": { "type": "Polygon", "coordinates": [ [ [ 110.246651, 25.269132 ], [ 110.246477, 25.268771 ], [ 110.246013, 25.268859 ], [ 110.24615, 25.269117 ], [ 110.246651, 25.269132 ], [ 110.246651, 25.269132 ] ] ] } },
{ "type": "Feature", "properties": { "用地": "1303供电用地", "名称": "光明站", "等级": "区级", "状态": "现状", "设施类": "变电站", "规模": "110kV", "备注": "无" }, "geometry": { "type": "Polygon", "coordinates": [ [ [ 110.254625, 25.271614 ], [ 110.254618, 25.271334 ], [ 110.254456, 25.271156 ], [ 110.254146, 25.27115 ], [ 110.253944, 25.271319 ], [ 110.254024, 25.271566 ], [ 110.254315, 25.271617 ], [ 110.254625, 25.271614 ], [ 110.254625, 25.271614 ] ] ] } },
{ "type": "Feature", "properties": { "用地": "1301供水用地", "名称": "加压站", "等级": "市级", "状态": "现状", "设施类": "加压泵站", "规模": "8万吨/天", "备注": "无" }, "geometry": { "type": "Polygon", "coordinates": [ [ [ 110.251155, 25.259119 ], [ 110.251158, 25.258753 ], [ 110.251157, 25.258387 ], [ 110.251128, 25.258023 ], [ 110.250915, 25.257727 ], [ 110.250593, 25.257507 ], [ 110.25021, 25.257421 ], [ 110.24981, 25.257462 ], [ 110.249721, 25.257752 ], [ 110.249747, 25.258117 ], [ 110.249774, 25.258483 ], [ 110.249801, 25.258848 ], [ 110.249955, 25.259131 ], [ 110.250351, 25.25917 ], [ 110.250753, 25.259144 ], [ 110.251155, 25.259119 ], [ 110.251155, 25.259119 ] ] ] } },
{ "type": "Feature", "properties": { "用地": "1303供电用地", "名称": "园艺站", "等级": "区级", "状态": "现状", "设施类": "变电站", "规模": "110kV", "备注": "无" }, "geometry": { "type": "Polygon", "coordinates": [ [ [ 110.258996, 25.257736 ], [ 110.258988, 25.257736 ], [ 110.258981, 25.257736 ], [ 110.258973, 25.257736 ], [ 110.258966, 25.257735 ], [ 110.258958, 25.257735 ], [ 110.258951, 25.257735 ], [ 110.258944, 25.257735 ], [ 110.258936, 25.257735 ], [ 110.258929, 25.257735 ], [ 110.258921, 25.257735 ], [ 110.258914, 25.257735 ], [ 110.258906, 25.257735 ], [ 110.258899, 25.257735 ], [ 110.258891, 25.257735 ], [ 110.258884, 25.257735 ], [ 110.258876, 25.257735 ], [ 110.258869, 25.257735 ], [ 110.258861, 25.257735 ], [ 110.258854, 25.257735 ], [ 110.258846, 25.257735 ], [ 110.258839, 25.257735 ], [ 110.258832, 25.257735 ], [ 110.258824, 25.257735 ], [ 110.258817, 25.257735 ], [ 110.258809, 25.257735 ], [ 110.258802, 25.257734 ], [ 110.258794, 25.257734 ], [ 110.258787, 25.257734 ], [ 110.258779, 25.257734 ], [ 110.258772, 25.257734 ], [ 110.258764, 25.257734 ], [ 110.258757, 25.257734 ], [ 110.258749, 25.257734 ], [ 110.258742, 25.257734 ], [ 110.258735, 25.257734 ], [ 110.258727, 25.257734 ], [ 110.25872, 25.257734 ], [ 110.258712, 25.257734 ], [ 110.258705, 25.257734 ], [ 110.258697, 25.257734 ], [ 110.25869, 25.257734 ], [ 110.258682, 25.257734 ], [ 110.258675, 25.257734 ], [ 110.258667, 25.257734 ], [ 110.25866, 25.257734 ], [ 110.258652, 25.257734 ], [ 110.258645, 25.257733 ], [ 110.258637, 25.257733 ], [ 110.25863, 25.257733 ], [ 110.258623, 25.257733 ], [ 110.258615, 25.257733 ], [ 110.258608, 25.257733 ], [ 110.2586, 25.257733 ], [ 110.258593, 25.257733 ], [ 110.258585, 25.257733 ], [ 110.258578, 25.257733 ], [ 110.25857, 25.257733 ], [ 110.258563, 25.257733 ], [ 110.258555, 25.257733 ], [ 110.258548, 25.257733 ], [ 110.25854, 25.257733 ], [ 110.258533, 25.257733 ], [ 110.258525, 25.257733 ], [ 110.258518, 25.257733 ], [ 110.258511, 25.257733 ], [ 110.258503, 25.257733 ], [ 110.258496, 25.257733 ], [ 110.258488, 25.257733 ], [ 110.258481, 25.257732 ], [ 110.258473, 25.257732 ], [ 110.258466, 25.257732 ], [ 110.258458, 25.257732 ], [ 110.258451, 25.257732 ], [ 110.258443, 25.257732 ], [ 110.258436, 25.257732 ], [ 110.258428, 25.257732 ], [ 110.258421, 25.257732 ], [ 110.258414, 25.257732 ], [ 110.258406, 25.257732 ], [ 110.258399, 25.257732 ], [ 110.258391, 25.257732 ], [ 110.258384, 25.257732 ], [ 110.258376, 25.257732 ], [ 110.258369, 25.257732 ], [ 110.258361, 25.257732 ], [ 110.258354, 25.257732 ], [ 110.258346, 25.257732 ], [ 110.258339, 25.257732 ], [ 110.258331, 25.257732 ], [ 110.258324, 25.257732 ], [ 110.258316, 25.257731 ], [ 110.258309, 25.257731 ], [ 110.258302, 25.257731 ], [ 110.258294, 25.257731 ], [ 110.258287, 25.257731 ], [ 110.258279, 25.257731 ], [ 110.258272, 25.257731 ], [ 110.258264, 25.257731 ], [ 110.258257, 25.257731 ], [ 110.258249, 25.257731 ], [ 110.258242, 25.257731 ], [ 110.258234, 25.257731 ], [ 110.258227, 25.257731 ], [ 110.258219, 25.257731 ], [ 110.258212, 25.257731 ], [ 110.258204, 25.257731 ], [ 110.258197, 25.257731 ], [ 110.25819, 25.257731 ], [ 110.258182, 25.257731 ], [ 110.258175, 25.257731 ], [ 110.258167, 25.257731 ], [ 110.25816, 25.257731 ], [ 110.258152, 25.25773 ], [ 110.258145, 25.25773 ], [ 110.258137, 25.25773 ], [ 110.25813, 25.25773 ], [ 110.258122, 25.25773 ], [ 110.258115, 25.25773 ], [ 110.258107, 25.25773 ], [ 110.2581, 25.25773 ], [ 110.258093, 25.25773 ], [ 110.258085, 25.25773 ], [ 110.258078, 25.25773 ], [ 110.25807, 25.25773 ], [ 110.258063, 25.25773 ], [ 110.258062, 25.257736 ], [ 110.258062, 25.257743 ], [ 110.258062, 25.25775 ], [ 110.258062, 25.257757 ], [ 110.258062, 25.257763 ], [ 110.258063, 25.25777 ], [ 110.258063, 25.257777 ], [ 110.258063, 25.257784 ], [ 110.258063, 25.25779 ], [ 110.258063, 25.257797 ], [ 110.258063, 25.257804 ], [ 110.258063, 25.257811 ], [ 110.258064, 25.257818 ], [ 110.258064, 25.257824 ], [ 110.258064, 25.257831 ], [ 110.258064, 25.257838 ], [ 110.258064, 25.257845 ], [ 110.258064, 25.257852 ], [ 110.258064, 25.257858 ], [ 110.258065, 25.257865 ], [ 110.258065, 25.257872 ], [ 110.258065, 25.257879 ], [ 110.258065, 25.257885 ], [ 110.258065, 25.257892 ], [ 110.258065, 25.257899 ], [ 110.258065, 25.257906 ], [ 110.258066, 25.257913 ], [ 110.258066, 25.257919 ], [ 110.258066, 25.257926 ], [ 110.258066, 25.257933 ], [ 110.258066, 25.25794 ], [ 110.258066, 25.257947 ], [ 110.258066, 25.257953 ], [ 110.258066, 25.25796 ], [ 110.258067, 25.257967 ], [ 110.258067, 25.257974 ], [ 110.258067, 25.257981 ], [ 110.258067, 25.257987 ], [ 110.258067, 25.257994 ], [ 110.258067, 25.258001 ], [ 110.258067, 25.258008 ], [ 110.258067, 25.258014 ], [ 110.258068, 25.258021 ], [ 110.258068, 25.258028 ], [ 110.258068, 25.258035 ], [ 110.258068, 25.258042 ], [ 110.258068, 25.258048 ], [ 110.258068, 25.258055 ], [ 110.258068, 25.258062 ], [ 110.258068, 25.258069 ], [ 110.258069, 25.258076 ], [ 110.258069, 25.258082 ], [ 110.258069, 25.258089 ], [ 110.258069, 25.258096 ], [ 110.258069, 25.258103 ], [ 110.258069, 25.258109 ], [ 110.258069, 25.258116 ], [ 110.258069, 25.258123 ], [ 110.25807, 25.25813 ], [ 110.25807, 25.258137 ], [ 110.25807, 25.258143 ], [ 110.25807, 25.25815 ], [ 110.25807, 25.258157 ], [ 110.25807, 25.258164 ], [ 110.25807, 25.258171 ], [ 110.25807, 25.258177 ], [ 110.25807, 25.258184 ], [ 110.258071, 25.258191 ], [ 110.258071, 25.258198 ], [ 110.258071, 25.258205 ], [ 110.258071, 25.258211 ], [ 110.258071, 25.258218 ], [ 110.258071, 25.258225 ], [ 110.258071, 25.258232 ], [ 110.258071, 25.258238 ], [ 110.258071, 25.258245 ], [ 110.258071, 25.258252 ], [ 110.258072, 25.258259 ], [ 110.258072, 25.258266 ], [ 110.258072, 25.258272 ], [ 110.258072, 25.258279 ], [ 110.258072, 25.258286 ], [ 110.258072, 25.258293 ], [ 110.258072, 25.2583 ], [ 110.258072, 25.258306 ], [ 110.258072, 25.258313 ], [ 110.258073, 25.25832 ], [ 110.258073, 25.258327 ], [ 110.258073, 25.258333 ], [ 110.258073, 25.25834 ], [ 110.258073, 25.258347 ], [ 110.258073, 25.258354 ], [ 110.258073, 25.258361 ], [ 110.258073, 25.258367 ], [ 110.258073, 25.258374 ], [ 110.258073, 25.258381 ], [ 110.258074, 25.258388 ], [ 110.258074, 25.258395 ], [ 110.258074, 25.258401 ], [ 110.258074, 25.258408 ], [ 110.258074, 25.258415 ], [ 110.258074, 25.258422 ], [ 110.258074, 25.258429 ], [ 110.258074, 25.258435 ], [ 110.258074, 25.258442 ], [ 110.258074, 25.258449 ], [ 110.258074, 25.258456 ], [ 110.258075, 25.258462 ], [ 110.258075, 25.258469 ], [ 110.258075, 25.258476 ], [ 110.258075, 25.258483 ], [ 110.258075, 25.25849 ], [ 110.258075, 25.258496 ], [ 110.258075, 25.258503 ], [ 110.258075, 25.25851 ], [ 110.258075, 25.258517 ], [ 110.258075, 25.258524 ], [ 110.258075, 25.25853 ], [ 110.258075, 25.258537 ], [ 110.258076, 25.258544 ], [ 110.258076, 25.258551 ], [ 110.258076, 25.258558 ], [ 110.258076, 25.258564 ], [ 110.258076, 25.258571 ], [ 110.258076, 25.258578 ], [ 110.258076, 25.258585 ], [ 110.258076, 25.258591 ], [ 110.258076, 25.258598 ], [ 110.258076, 25.258605 ], [ 110.258076, 25.258612 ], [ 110.258076, 25.258619 ], [ 110.258076, 25.258625 ], [ 110.258077, 25.258632 ], [ 110.258077, 25.258639 ], [ 110.258077, 25.258646 ], [ 110.258077, 25.258653 ], [ 110.258077, 25.258659 ], [ 110.258077, 25.258666 ], [ 110.258077, 25.258673 ], [ 110.258077, 25.25868 ], [ 110.258077, 25.258686 ], [ 110.258077, 25.258693 ], [ 110.258077, 25.2587 ], [ 110.258077, 25.258707 ], [ 110.258077, 25.258714 ], [ 110.258077, 25.25872 ], [ 110.258078, 25.258727 ], [ 110.258078, 25.258734 ], [ 110.258078, 25.258741 ], [ 110.258078, 25.258748 ], [ 110.258078, 25.258754 ], [ 110.258078, 25.258761 ], [ 110.258078, 25.258768 ], [ 110.258078, 25.258775 ], [ 110.258078, 25.258782 ], [ 110.258078, 25.258788 ], [ 110.258078, 25.258795 ], [ 110.258078, 25.258802 ], [ 110.258078, 25.258809 ], [ 110.258078, 25.258815 ], [ 110.258078, 25.258822 ], [ 110.258078, 25.258829 ], [ 110.258079, 25.258836 ], [ 110.258079, 25.258843 ], [ 110.258079, 25.258849 ], [ 110.258079, 25.258856 ], [ 110.258079, 25.258863 ], [ 110.258079, 25.25887 ], [ 110.258079, 25.258877 ], [ 110.258079, 25.258883 ], [ 110.258079, 25.25889 ], [ 110.258079, 25.258897 ], [ 110.258079, 25.258904 ], [ 110.258079, 25.258911 ], [ 110.258079, 25.258917 ], [ 110.258079, 25.258924 ], [ 110.258079, 25.258931 ], [ 110.258079, 25.258938 ], [ 110.258079, 25.258944 ], [ 110.258079, 25.258951 ], [ 110.25808, 25.258958 ], [ 110.25808, 25.258965 ], [ 110.25808, 25.258972 ], [ 110.25808, 25.258978 ], [ 110.258087, 25.258978 ], [ 110.258095, 25.258978 ], [ 110.258102, 25.258978 ], [ 110.25811, 25.258978 ], [ 110.258117, 25.258978 ], [ 110.258125, 25.258978 ], [ 110.258132, 25.258978 ], [ 110.25814, 25.258978 ], [ 110.258147, 25.258978 ], [ 110.258155, 25.258978 ], [ 110.258162, 25.258978 ], [ 110.258169, 25.258978 ], [ 110.258177, 25.258978 ], [ 110.258184, 25.258978 ], [ 110.258192, 25.258978 ], [ 110.258199, 25.258978 ], [ 110.258207, 25.258978 ], [ 110.258214, 25.258978 ], [ 110.258222, 25.258978 ], [ 110.258229, 25.258978 ], [ 110.258237, 25.258978 ], [ 110.258244, 25.258978 ], [ 110.258252, 25.258978 ], [ 110.258259, 25.258978 ], [ 110.258267, 25.258978 ], [ 110.258274, 25.258978 ], [ 110.258281, 25.258978 ], [ 110.258289, 25.258978 ], [ 110.258296, 25.258978 ], [ 110.258304, 25.258978 ], [ 110.258311, 25.258978 ], [ 110.258319, 25.258978 ], [ 110.258326, 25.258978 ], [ 110.258334, 25.258978 ], [ 110.258341, 25.258978 ], [ 110.258349, 25.258978 ], [ 110.258356, 25.258978 ], [ 110.258364, 25.258978 ], [ 110.258371, 25.258978 ], [ 110.258379, 25.258978 ], [ 110.258386, 25.258978 ], [ 110.258393, 25.258978 ], [ 110.258401, 25.258978 ], [ 110.258408, 25.258978 ], [ 110.258416, 25.258978 ], [ 110.258423, 25.258978 ], [ 110.258431, 25.258978 ], [ 110.258438, 25.258978 ], [ 110.258446, 25.258978 ], [ 110.258453, 25.258978 ], [ 110.258461, 25.258978 ], [ 110.258468, 25.258977 ], [ 110.258468, 25.25897 ], [ 110.258468, 25.258963 ], [ 110.258468, 25.258957 ], [ 110.258468, 25.25895 ], [ 110.258468, 25.258943 ], [ 110.258468, 25.258936 ], [ 110.258468, 25.25893 ], [ 110.258468, 25.258923 ], [ 110.258468, 25.258916 ], [ 110.258468, 25.258909 ], [ 110.258468, 25.258902 ], [ 110.258467, 25.258896 ], [ 110.258467, 25.258889 ], [ 110.258467, 25.258882 ], [ 110.258467, 25.258875 ], [ 110.258467, 25.258868 ], [ 110.258467, 25.258862 ], [ 110.258467, 25.258855 ], [ 110.258467, 25.258848 ], [ 110.258467, 25.258841 ], [ 110.258467, 25.258835 ], [ 110.258467, 25.258828 ], [ 110.258467, 25.258821 ], [ 110.258467, 25.258814 ], [ 110.258467, 25.258807 ], [ 110.258467, 25.258801 ], [ 110.258467, 25.258794 ], [ 110.258467, 25.258787 ], [ 110.258467, 25.25878 ], [ 110.258466, 25.258773 ], [ 110.258466, 25.258767 ], [ 110.258466, 25.25876 ], [ 110.258466, 25.258753 ], [ 110.258466, 25.258746 ], [ 110.258466, 25.258739 ], [ 110.258466, 25.258733 ], [ 110.258466, 25.258726 ], [ 110.258466, 25.258719 ], [ 110.258466, 25.258712 ], [ 110.258466, 25.258706 ], [ 110.258466, 25.258699 ], [ 110.258466, 25.258692 ], [ 110.258466, 25.258685 ], [ 110.258466, 25.258678 ], [ 110.258466, 25.258672 ], [ 110.258466, 25.258665 ], [ 110.258466, 25.258658 ], [ 110.258465, 25.258651 ], [ 110.258465, 25.258644 ], [ 110.258465, 25.258638 ], [ 110.258465, 25.258631 ], [ 110.258465, 25.258624 ], [ 110.258465, 25.258617 ], [ 110.258465, 25.25861 ], [ 110.258465, 25.258604 ], [ 110.258465, 25.258597 ], [ 110.258465, 25.25859 ], [ 110.258465, 25.258583 ], [ 110.258465, 25.258577 ], [ 110.258465, 25.25857 ], [ 110.258465, 25.258563 ], [ 110.258465, 25.258556 ], [ 110.258465, 25.258549 ], [ 110.258465, 25.258543 ], [ 110.258465, 25.258536 ], [ 110.258464, 25.258529 ], [ 110.258464, 25.258522 ], [ 110.258464, 25.258515 ], [ 110.258464, 25.258509 ], [ 110.258464, 25.258502 ], [ 110.258464, 25.258495 ], [ 110.258464, 25.258488 ], [ 110.258464, 25.258482 ], [ 110.258467, 25.258476 ], [ 110.258474, 25.258476 ], [ 110.258482, 25.258476 ], [ 110.258489, 25.258476 ], [ 110.258496, 25.258476 ], [ 110.258504, 25.258476 ], [ 110.258511, 25.258476 ], [ 110.258519, 25.258476 ], [ 110.258526, 25.258476 ], [ 110.258534, 25.258476 ], [ 110.258541, 25.258476 ], [ 110.258549, 25.258476 ], [ 110.258556, 25.258476 ], [ 110.258564, 25.258476 ], [ 110.258571, 25.258476 ], [ 110.258579, 25.258476 ], [ 110.258586, 25.258476 ], [ 110.258594, 25.258476 ], [ 110.258601, 25.258476 ], [ 110.258608, 25.258476 ], [ 110.258616, 25.258476 ], [ 110.258623, 25.258476 ], [ 110.258631, 25.258476 ], [ 110.258638, 25.258476 ], [ 110.258646, 25.258476 ], [ 110.258653, 25.258476 ], [ 110.258661, 25.258476 ], [ 110.258668, 25.258476 ], [ 110.258676, 25.258477 ], [ 110.258683, 25.258477 ], [ 110.258691, 25.258477 ], [ 110.258698, 25.258477 ], [ 110.258705, 25.258477 ], [ 110.258713, 25.258477 ], [ 110.25872, 25.258477 ], [ 110.258728, 25.258477 ], [ 110.258735, 25.258477 ], [ 110.258743, 25.258477 ], [ 110.25875, 25.258477 ], [ 110.258758, 25.258477 ], [ 110.258765, 25.258477 ], [ 110.258773, 25.258477 ], [ 110.25878, 25.258477 ], [ 110.258788, 25.258477 ], [ 110.258795, 25.258477 ], [ 110.258803, 25.258477 ], [ 110.25881, 25.258477 ], [ 110.258817, 25.258477 ], [ 110.258825, 25.258477 ], [ 110.258832, 25.258477 ], [ 110.25884, 25.258477 ], [ 110.258847, 25.258477 ], [ 110.258855, 25.258477 ], [ 110.258862, 25.258477 ], [ 110.25887, 25.258477 ], [ 110.258877, 25.258477 ], [ 110.258885, 25.258477 ], [ 110.258892, 25.258477 ], [ 110.2589, 25.258477 ], [ 110.258907, 25.258477 ], [ 110.258915, 25.258477 ], [ 110.258922, 25.258477 ], [ 110.258929, 25.258477 ], [ 110.258937, 25.258477 ], [ 110.258944, 25.258477 ], [ 110.258952, 25.258477 ], [ 110.258959, 25.258477 ], [ 110.258967, 25.258478 ], [ 110.258974, 25.258478 ], [ 110.258982, 25.258478 ], [ 110.258989, 25.258478 ], [ 110.258997, 25.258478 ], [ 110.259004, 25.258478 ], [ 110.259012, 25.258478 ], [ 110.259019, 25.258478 ], [ 110.259026, 25.258478 ], [ 110.259034, 25.258478 ], [ 110.259041, 25.258478 ], [ 110.259049, 25.258478 ], [ 110.259056, 25.258478 ], [ 110.259064, 25.258478 ], [ 110.259071, 25.258478 ], [ 110.259079, 25.258478 ], [ 110.259086, 25.258478 ], [ 110.259094, 25.258478 ], [ 110.259101, 25.258478 ], [ 110.259109, 25.258478 ], [ 110.259116, 25.258478 ], [ 110.259124, 25.258478 ], [ 110.259131, 25.258478 ], [ 110.259138, 25.258478 ], [ 110.259146, 25.258478 ], [ 110.259151, 25.258476 ], [ 110.259152, 25.258469 ], [ 110.259153, 25.258462 ], [ 110.259154, 25.258455 ], [ 110.259156, 25.258449 ], [ 110.259157, 25.258442 ], [ 110.259158, 25.258435 ], [ 110.259159, 25.258429 ], [ 110.25916, 25.258422 ], [ 110.259161, 25.258415 ], [ 110.259162, 25.258408 ], [ 110.259163, 25.258402 ], [ 110.259165, 25.258395 ], [ 110.259166, 25.258388 ], [ 110.259168, 25.258382 ], [ 110.25917, 25.258375 ], [ 110.259171, 25.258369 ], [ 110.259173, 25.258362 ], [ 110.259175, 25.258356 ], [ 110.259177, 25.258349 ], [ 110.259179, 25.258342 ], [ 110.259181, 25.258336 ], [ 110.259184, 25.25833 ], [ 110.259186, 25.258323 ], [ 110.259189, 25.258317 ], [ 110.259191, 25.25831 ], [ 110.259194, 25.258304 ], [ 110.259197, 25.258298 ], [ 110.2592, 25.258291 ], [ 110.259202, 25.258285 ], [ 110.259205, 25.258279 ], [ 110.259208, 25.258273 ], [ 110.259212, 25.258267 ], [ 110.259215, 25.258261 ], [ 110.259218, 25.258254 ], [ 110.259222, 25.258248 ], [ 110.259217, 25.258246 ], [ 110.259209, 25.258245 ], [ 110.259202, 25.258245 ], [ 110.259194, 25.258245 ], [ 110.259187, 25.258245 ], [ 110.259179, 25.258245 ], [ 110.259172, 25.258245 ], [ 110.259164, 25.258245 ], [ 110.259157, 25.258245 ], [ 110.259149, 25.258245 ], [ 110.259142, 25.258245 ], [ 110.259134, 25.258245 ], [ 110.259127, 25.258245 ], [ 110.25912, 25.258245 ], [ 110.259112, 25.258245 ], [ 110.259105, 25.258245 ], [ 110.259097, 25.258245 ], [ 110.25909, 25.258245 ], [ 110.259082, 25.258245 ], [ 110.259075, 25.258245 ], [ 110.259067, 25.258245 ], [ 110.25906, 25.258245 ], [ 110.259052, 25.258245 ], [ 110.259045, 25.258245 ], [ 110.259037, 25.258245 ], [ 110.25903, 25.258245 ], [ 110.259022, 25.258245 ], [ 110.259015, 25.258245 ], [ 110.259008, 25.258245 ], [ 110.259, 25.258245 ], [ 110.258993, 25.258244 ], [ 110.258992, 25.258238 ], [ 110.258992, 25.258231 ], [ 110.258992, 25.258224 ], [ 110.258992, 25.258218 ], [ 110.258992, 25.258211 ], [ 110.258992, 25.258204 ], [ 110.258992, 25.258197 ], [ 110.258992, 25.25819 ], [ 110.258992, 25.258184 ], [ 110.258992, 25.258177 ], [ 110.258992, 25.25817 ], [ 110.258992, 25.258163 ], [ 110.258992, 25.258157 ], [ 110.258992, 25.25815 ], [ 110.258992, 25.258143 ], [ 110.258992, 25.258136 ], [ 110.258992, 25.258129 ], [ 110.258992, 25.258123 ], [ 110.258992, 25.258116 ], [ 110.258992, 25.258109 ], [ 110.258992, 25.258102 ], [ 110.258992, 25.258095 ], [ 110.258992, 25.258089 ], [ 110.258992, 25.258082 ], [ 110.258992, 25.258075 ], [ 110.258992, 25.258068 ], [ 110.258992, 25.258062 ], [ 110.258992, 25.258055 ], [ 110.258992, 25.258048 ], [ 110.258992, 25.258041 ], [ 110.258992, 25.258034 ], [ 110.258992, 25.258028 ], [ 110.258993, 25.258021 ], [ 110.258993, 25.258014 ], [ 110.258993, 25.258007 ], [ 110.258993, 25.258 ], [ 110.258993, 25.257994 ], [ 110.258993, 25.257987 ], [ 110.258993, 25.25798 ], [ 110.258993, 25.257973 ], [ 110.258993, 25.257966 ], [ 110.258993, 25.25796 ], [ 110.258993, 25.257953 ], [ 110.258993, 25.257946 ], [ 110.258993, 25.257939 ], [ 110.258993, 25.257933 ], [ 110.258993, 25.257926 ], [ 110.258993, 25.257919 ], [ 110.258993, 25.257912 ], [ 110.258993, 25.257905 ], [ 110.258993, 25.257899 ], [ 110.258994, 25.257892 ], [ 110.258994, 25.257885 ], [ 110.258994, 25.257878 ], [ 110.258994, 25.257871 ], [ 110.258994, 25.257865 ], [ 110.258994, 25.257858 ], [ 110.258994, 25.257851 ], [ 110.258994, 25.257844 ], [ 110.258994, 25.257837 ], [ 110.258994, 25.257831 ], [ 110.258995, 25.257824 ], [ 110.258995, 25.257817 ], [ 110.258995, 25.25781 ], [ 110.258995, 25.257804 ], [ 110.258995, 25.257797 ], [ 110.258995, 25.25779 ], [ 110.258995, 25.257783 ], [ 110.258995, 25.257776 ], [ 110.258995, 25.25777 ], [ 110.258995, 25.257763 ], [ 110.258995, 25.257756 ], [ 110.258996, 25.257749 ], [ 110.258996, 25.257742 ], [ 110.258996, 25.257736 ], [ 110.258996, 25.257736 ] ] ] } },
{ "type": "Feature", "properties": { "用地": "1303供电用地", "名称": "文慧站", "等级": "区级", "状态": "规划", "设施类": "变电站", "规模": "110kV", "备注": "无" }, "geometry": { "type": "Polygon", "coordinates": [ [ [ 110.278746, 25.162358 ], [ 110.278131, 25.162409 ], [ 110.278203, 25.162977 ], [ 110.278703, 25.162946 ], [ 110.278746, 25.162358 ], [ 110.278746, 25.162358 ] ] ] } }
]
}
