{
"type": "FeatureCollection",
"name": "regulated-industrial",
"crs": { "type": "name", "properties": { "name": "urn:ogc:def:crs:OGC:1.3:CRS84" } },
"features": [
{ "type": "Feature", "properties": { }, "geometry": { "type": "Polygon", "coordinates": [ [ [ 110.021240353073935, 25.168240814183861, 0.0 ], [ 110.022010867642294, 25.168295652983549, 0.0 ], [ 110.02278309412938, 25.168319298466439, 0.0 ], [ 110.023555779582608, 25.168334580992497, 0.0 ], [ 110.024328465374694, 25.168349859490363, 0.0 ], [ 110.025101151505467, 25.168365133960005, 0.0 ], [ 110.025873837974757, 25.168380404401418, 0.0 ], [ 110.026646524782322, 25.168395670814608, 0.0 ], [ 110.02752816688313, 25.16842970191226, 0.0 ], [ 110.027764020387309, 25.167967102802223, 0.0 ], [ 110.027801023360766, 25.167264553340718, 0.0 ], [ 110.027401160555939, 25.166875618410028, 0.0 ], [ 110.026628359609731, 25.166866963350461, 0.0 ], [ 110.025855558918522, 25.166858304259176, 0.0 ], [ 110.025088453915785, 25.1667982011238, 0.0 ], [ 110.024333723952338, 25.166646760330366, 0.0 ], [ 110.023565437492977, 25.166598191679448, 0.0 ], [ 110.022837643164763, 25.166819252070155, 0.0 ], [ 110.022305253555984, 25.167280073872494, 0.0 ], [ 110.021679824318738, 25.167675514825987, 0.0 ], [ 110.021240353073935, 25.168240814183861, 0.0 ] ] ] } },
{ "type": "Feature", "properties": { }, "geometry": { "type": "Polygon", "coordinates": [ [ [ 110.017809860841794, 25.167051288391214, 0.0 ], [ 110.018145005081664, 25.167534370996876, 0.0 ], [ 110.018900414265886, 25.167539379598054, 0.0 ], [ 110.019655823652272, 25.167544384345589, 0.0 ], [ 110.020411083271242, 25.167548432987612, 0.0 ], [ 110.021028856777477, 25.167193330356, 0.0 ], [ 110.02122159807675, 25.166583961984664, 0.0 ], [ 110.021727859503571, 25.166150056954727, 0.0 ], [ 110.022347034791963, 25.165952091120534, 0.0 ], [ 110.022574038170646, 25.165335501533779, 0.0 ], [ 110.022503156453752, 25.16469250924488, 0.0 ], [ 110.021766638632585, 25.164609281046314, 0.0 ], [ 110.021070293613619, 25.164506357321546, 0.0 ], [ 110.020991908516066, 25.163841122608183, 0.0 ], [ 110.020971724225348, 25.163154601839551, 0.0 ], [ 110.020710161549545, 25.162560491722104, 0.0 ], [ 110.019976179104788, 25.162476163858013, 0.0 ], [ 110.019220800866748, 25.162471161683687, 0.0 ], [ 110.018466232331605, 25.162479834896942, 0.0 ], [ 110.018059128116704, 25.162933874732406, 0.0 ], [ 110.018031535270424, 25.163620890774091, 0.0 ], [ 110.01800049297799, 25.164307799783376, 0.0 ], [ 110.0179694507178, 25.164994708732326, 0.0 ], [ 110.017937028224111, 25.165681547906981, 0.0 ], [ 110.017869201986116, 25.166366145469269, 0.0 ], [ 110.017809860841794, 25.167051288391214, 0.0 ] ] ] } },
{ "type": "Feature", "properties": { }, "geometry": { "type": "Polygon", "coordinates": [ [ [ 110.017988812288081, 25.159787476874975, 0.0 ], [ 110.018005844245948, 25.160193506316023, 0.0 ], [ 110.018022876693394, 25.160599535721794, 0.0 ], [ 110.018039909417595, 25.161005565099668, 0.0 ], [ 110.018052897181079, 25.161411700075796, 0.0 ], [ 110.018058592255016, 25.161817991948237, 0.0 ], [ 110.018165737281393, 25.162198850599218, 0.0 ], [ 110.018589418137253, 25.16228644904103, 0.0 ], [ 110.019035866318688, 25.162289407810476, 0.0 ], [ 110.019482314570723, 25.162292365234109, 0.0 ], [ 110.019928762893343, 25.162295321311934, 0.0 ], [ 110.020375209568613, 25.162298231047568, 0.0 ], [ 110.020744637976335, 25.162129027400059, 0.0 ], [ 110.020758525828242, 25.161722984653689, 0.0 ], [ 110.020802473986095, 25.161318633806555, 0.0 ], [ 110.020847455056028, 25.160914375888396, 0.0 ], [ 110.020892435777924, 25.160510117925565, 0.0 ], [ 110.020961657581623, 25.16010914158683, 0.0 ], [ 110.021043055656065, 25.159709707377452, 0.0 ], [ 110.020604906200788, 25.159670993572057, 0.0 ], [ 110.020158481184282, 25.159666639082314, 0.0 ], [ 110.019712056242753, 25.159662283743664, 0.0 ], [ 110.019265631380932, 25.159657927139591, 0.0 ], [ 110.0188192065999, 25.159653569190265, 0.0 ], [ 110.018372781899657, 25.159649209895676, 0.0 ], [ 110.017988812288081, 25.159787476874975, 0.0 ] ] ] } },
{ "type": "Feature", "properties": { }, "geometry": { "type": "Polygon", "coordinates": [ [ [ 110.025568285119419, 25.164295159435841, 0.0 ], [ 110.025883694319475, 25.164455884786264, 0.0 ], [ 110.026262357316142, 25.164458375902203, 0.0 ], [ 110.0266410203633, 25.164460866049922, 0.0 ], [ 110.027019683460793, 25.164463355229412, 0.0 ], [ 110.027398346608649, 25.164465843440674, 0.0 ], [ 110.02777701465034, 25.164466978148052, 0.0 ], [ 110.028012695671634, 25.164205200173065, 0.0 ], [ 110.02809989784275, 25.163869836727404, 0.0 ], [ 110.028204286405469, 25.163538959088466, 0.0 ], [ 110.028340820852776, 25.163217514577539, 0.0 ], [ 110.028366728112331, 25.16288942561366, 0.0 ], [ 110.028100430769754, 25.162675978644284, 0.0 ], [ 110.027749532031677, 25.162546439956579, 0.0 ], [ 110.027398634060233, 25.162416900456961, 0.0 ], [ 110.027047736844438, 25.162287360169731, 0.0 ], [ 110.026696613702072, 25.162158330024809, 0.0 ], [ 110.026329209208981, 25.162078598527145, 0.0 ], [ 110.025951605747139, 25.162053249897379, 0.0 ], [ 110.025659357978867, 25.162229067418597, 0.0 ], [ 110.025644178985274, 25.162573416120193, 0.0 ], [ 110.025629000494646, 25.162917764824652, 0.0 ], [ 110.025613821763869, 25.163262113504832, 0.0 ], [ 110.025598643327072, 25.16360646218024, 0.0 ], [ 110.02558346412161, 25.163950810812082, 0.0 ], [ 110.025568285119419, 25.164295159435841, 0.0 ] ] ] } },
{ "type": "Feature", "properties": { }, "geometry": { "type": "Polygon", "coordinates": [ [ [ 110.021054670813513, 25.162599604651181, 0.0 ], [ 110.021171101354412, 25.16306048962954, 0.0 ], [ 110.021192584893555, 25.163533063094711, 0.0 ], [ 110.021189001077644, 25.164006191627291, 0.0 ], [ 110.021353093907138, 25.164421307487508, 0.0 ], [ 110.021870653254638, 25.164429424608247, 0.0 ], [ 110.022390524947411, 25.164432858540547, 0.0 ], [ 110.022910396735597, 25.164436290647853, 0.0 ], [ 110.023430268619123, 25.164439720930158, 0.0 ], [ 110.023950140597975, 25.16444314938747, 0.0 ], [ 110.024470012672012, 25.164446576019781, 0.0 ], [ 110.024989884841332, 25.164450000827092, 0.0 ], [ 110.025373981860696, 25.164203597498208, 0.0 ], [ 110.025394780352158, 25.163730834346218, 0.0 ], [ 110.025415578558992, 25.163258071154619, 0.0 ], [ 110.025436375972689, 25.16278530790488, 0.0 ], [ 110.025457173396433, 25.162312544626275, 0.0 ], [ 110.025127142779922, 25.16207959033073, 0.0 ], [ 110.024608238333812, 25.162050684994671, 0.0 ], [ 110.024089091605305, 25.162050337329742, 0.0 ], [ 110.02357842781332, 25.162136053062046, 0.0 ], [ 110.023089162659645, 25.162295987149125, 0.0 ], [ 110.022599986984801, 25.162456152920438, 0.0 ], [ 110.022091758796549, 25.162553812153231, 0.0 ], [ 110.021573080901888, 25.162576908753454, 0.0 ], [ 110.021054670813513, 25.162599604651181, 0.0 ] ] ] } },
{ "type": "Feature", "properties": { }, "geometry": { "type": "Polygon", "coordinates": [ [ [ 110.028456385371229, 25.164517001350664, 0.0 ], [ 110.028988518287505, 25.164630262497315, 0.0 ], [ 110.029517112012073, 25.16475610128327, 0.0 ], [ 110.030019217710574, 25.164952115846742, 0.0 ], [ 110.030479356982013, 25.165220365328352, 0.0 ], [ 110.030964536044564, 25.165450119671785, 0.0 ], [ 110.0314500837802, 25.165679270379073, 0.0 ], [ 110.031935633372882, 25.16590841954066, 0.0 ], [ 110.032350114260254, 25.165734286349316, 0.0 ], [ 110.032660150057751, 25.165324211186331, 0.0 ], [ 110.032970184306123, 25.164914135634771, 0.0 ], [ 110.032948465717368, 25.164517285585912, 0.0 ], [ 110.032549610343054, 25.164176745466715, 0.0 ], [ 110.032165120129889, 25.163822794551091, 0.0 ], [ 110.031793167010534, 25.163457887736755, 0.0 ], [ 110.031440747015594, 25.163077226949035, 0.0 ], [ 110.031095446470815, 25.162691285788316, 0.0 ], [ 110.030771971893103, 25.162290014637026, 0.0 ], [ 110.030459219222834, 25.16188165745017, 0.0 ], [ 110.02993611314858, 25.161915573601043, 0.0 ], [ 110.02955920262319, 25.162276230409045, 0.0 ], [ 110.029233865870026, 25.162675144725462, 0.0 ], [ 110.028944958330456, 25.163097495302782, 0.0 ], [ 110.028732841047514, 25.163556303917655, 0.0 ], [ 110.028573888350934, 25.164030855053369, 0.0 ], [ 110.028456385371229, 25.164517001350664, 0.0 ] ] ] } },
{ "type": "Feature", "properties": { }, "geometry": { "type": "Polygon", "coordinates": [ [ [ 110.02280591191824, 25.159138095902847, 0.0 ], [ 110.024003502713057, 25.159238523521939, 0.0 ], [ 110.02520109581755, 25.159338941510704, 0.0 ], [ 110.026188688830104, 25.159866056524237, 0.0 ], [ 110.026153681500148, 25.160936875988245, 0.0 ], [ 110.026093741598686, 25.161844986978316, 0.0 ], [ 110.02724619654785, 25.16212687121477, 0.0 ], [ 110.028367495502451, 25.162511507014514, 0.0 ], [ 110.029252309685035, 25.161896113779015, 0.0 ], [ 110.029841420621949, 25.161022932892667, 0.0 ], [ 110.029338168076862, 25.160030494978045, 0.0 ], [ 110.028476081313812, 25.159381751109464, 0.0 ], [ 110.027328904151204, 25.159053858170832, 0.0 ], [ 110.026157164304436, 25.158807743833119, 0.0 ], [ 110.024983556555128, 25.158568612587583, 0.0 ], [ 110.023797269727353, 25.158392938956183, 0.0 ], [ 110.022871031407902, 25.158285442681418, 0.0 ], [ 110.02167089231466, 25.158222409648598, 0.0 ], [ 110.02046917376893, 25.158179264878068, 0.0 ], [ 110.019267456423307, 25.158136110378297, 0.0 ], [ 110.018249286010203, 25.158379927573332, 0.0 ], [ 110.018090114269299, 25.15938440387206, 0.0 ], [ 110.019275654484403, 25.159441383607621, 0.0 ], [ 110.020478250438401, 25.159453116918961, 0.0 ], [ 110.02166080889431, 25.159297515411183, 0.0 ], [ 110.02280591191824, 25.159138095902847, 0.0 ] ] ] } },
{ "type": "Feature", "properties": { }, "geometry": { "type": "Polygon", "coordinates": [ [ [ 110.018091037745563, 25.170083021484189, 0.0 ], [ 110.018155198438407, 25.170591579446317, 0.0 ], [ 110.018219359587704, 25.171100137362281, 0.0 ], [ 110.018283521193624, 25.171608695232088, 0.0 ], [ 110.018347683256039, 25.172117253055724, 0.0 ], [ 110.018411128537565, 25.172625884028974, 0.0 ], [ 110.018810992784495, 25.172885237799271, 0.0 ], [ 110.01937348902517, 25.172888965737528, 0.0 ], [ 110.019325585177555, 25.172457922876596, 0.0 ], [ 110.019156443440622, 25.171969759878827, 0.0 ], [ 110.018992947740202, 25.171480130973745, 0.0 ], [ 110.019177772043946, 25.17107642589928, 0.0 ], [ 110.019172621970156, 25.170601332064521, 0.0 ], [ 110.018975541875079, 25.170186707792624, 0.0 ], [ 110.018417652617813, 25.170121309773084, 0.0 ], [ 110.018446217843831, 25.169830329705942, 0.0 ], [ 110.018612844255429, 25.169395790752851, 0.0 ], [ 110.018788252430866, 25.169253889329998, 0.0 ], [ 110.019085368330707, 25.168827018669287, 0.0 ], [ 110.019081451046688, 25.168708455692702, 0.0 ], [ 110.018525581241093, 25.168638544304507, 0.0 ], [ 110.017963335380102, 25.168631118157467, 0.0 ], [ 110.017965140781712, 25.169085067888489, 0.0 ], [ 110.018029297786612, 25.169593626232921, 0.0 ], [ 110.018091037745563, 25.170083021484189, 0.0 ] ] ] } },
{ "type": "Feature", "properties": { }, "geometry": { "type": "Polygon", "coordinates": [ [ [ 110.016656709256722, 25.165974739060278, 0.0 ], [ 110.016858306926508, 25.166611427394514, 0.0 ], [ 110.016990810078411, 25.167839898849856, 0.0 ], [ 110.017508656312955, 25.167740245593901, 0.0 ], [ 110.017517296739285, 25.167026543682503, 0.0 ], [ 110.017576132598904, 25.166313298903013, 0.0 ], [ 110.017643380837143, 25.165600604326812, 0.0 ], [ 110.017676588274398, 25.164885648946392, 0.0 ], [ 110.017708901810394, 25.164170657034521, 0.0 ], [ 110.017741214826501, 25.163455665036505, 0.0 ], [ 110.017765621449868, 25.162740511285385, 0.0 ], [ 110.017763899748545, 25.162024926934418, 0.0 ], [ 110.017751956161661, 25.161309423647609, 0.0 ], [ 110.01772491058918, 25.160594260433381, 0.0 ], [ 110.017694915615635, 25.159879184475475, 0.0 ], [ 110.017232249336132, 25.159649467814237, 0.0 ], [ 110.017086356612225, 25.1603094571058, 0.0 ], [ 110.017080621428249, 25.161025034774575, 0.0 ], [ 110.01707488602483, 25.161740612372977, 0.0 ], [ 110.017069150402023, 25.162456189900993, 0.0 ], [ 110.017063414559786, 25.16317176735863, 0.0 ], [ 110.017057678498119, 25.163887344745898, 0.0 ], [ 110.017051942217009, 25.164602922062773, 0.0 ], [ 110.016912200499988, 25.165297972016816, 0.0 ], [ 110.016656709256722, 25.165974739060278, 0.0 ] ] ] } },
{ "type": "Feature", "properties": { }, "geometry": { "type": "Polygon", "coordinates": [ [ [ 110.027705038067651, 25.178488101924234, 0.0 ], [ 110.028308817802468, 25.178703769076868, 0.0 ], [ 110.029006243112192, 25.178708346942472, 0.0 ], [ 110.02970366859256, 25.178712921522251, 0.0 ], [ 110.030401094243388, 25.178717492816183, 0.0 ], [ 110.031098520064546, 25.178722060824288, 0.0 ], [ 110.031795946055851, 25.178726625546552, 0.0 ], [ 110.032493372217303, 25.178731186982972, 0.0 ], [ 110.033190798548716, 25.178735745133551, 0.0 ], [ 110.033683864449131, 25.178439773456123, 0.0 ], [ 110.033726096122138, 25.177806768614772, 0.0 ], [ 110.03382284929161, 25.177178248216926, 0.0 ], [ 110.033921916012147, 25.176550022668071, 0.0 ], [ 110.033629445256381, 25.176103071304901, 0.0 ], [ 110.032932084912105, 25.176094140670941, 0.0 ], [ 110.032234724787543, 25.176085206753473, 0.0 ], [ 110.031537364882723, 25.176076269552524, 0.0 ], [ 110.03084000519614, 25.176067329173719, 0.0 ], [ 110.030142645657349, 25.176058390170375, 0.0 ], [ 110.029445286328752, 25.176049448524246, 0.0 ], [ 110.02874792722028, 25.176040503594624, 0.0 ], [ 110.02805131598987, 25.176033141632921, 0.0 ], [ 110.027806523501752, 25.176586365242002, 0.0 ], [ 110.027773130530875, 25.17722029725763, 0.0 ], [ 110.027739737264312, 25.177854229209199, 0.0 ], [ 110.027705038067651, 25.178488101924234, 0.0 ] ] ] } },
{ "type": "Feature", "properties": { }, "geometry": { "type": "Polygon", "coordinates": [ [ [ 110.027856195533417, 25.175643365048064, 0.0 ], [ 110.028567499977001, 25.175857646389407, 0.0 ], [ 110.029356494655005, 25.17586776766009, 0.0 ], [ 110.030145489614895, 25.175877884727718, 0.0 ], [ 110.030934484837005, 25.175887998849408, 0.0 ], [ 110.031723480274167, 25.175898113066168, 0.0 ], [ 110.032512475991126, 25.175908223184177, 0.0 ], [ 110.033301471989304, 25.175918329099073, 0.0 ], [ 110.033995400287509, 25.175715857325777, 0.0 ], [ 110.034011604593758, 25.175003428996739, 0.0 ], [ 110.034012871466786, 25.174285370948368, 0.0 ], [ 110.03401413817393, 25.17356731283088, 0.0 ], [ 110.033285598892434, 25.173479158195786, 0.0 ], [ 110.03249656077594, 25.17347400234344, 0.0 ], [ 110.031707522876971, 25.173468842285949, 0.0 ], [ 110.030918485195727, 25.173463678023325, 0.0 ], [ 110.030729225217712, 25.172835811423862, 0.0 ], [ 110.030734903255592, 25.172117771406342, 0.0 ], [ 110.029958974583749, 25.172104565824963, 0.0 ], [ 110.029172722100654, 25.172164969074487, 0.0 ], [ 110.028388716431522, 25.172232323548339, 0.0 ], [ 110.028007309800188, 25.172774427106443, 0.0 ], [ 110.027969531997655, 25.173491661723389, 0.0 ], [ 110.027931753816773, 25.174208896258364, 0.0 ], [ 110.027893975042602, 25.174926130701976, 0.0 ], [ 110.027856195533417, 25.175643365048064, 0.0 ] ] ] } },
{ "type": "Feature", "properties": { }, "geometry": { "type": "Polygon", "coordinates": [ [ [ 110.02805867790866, 25.171799154320439, 0.0 ], [ 110.028581098164196, 25.171993017937378, 0.0 ], [ 110.029194957346462, 25.171945861443316, 0.0 ], [ 110.029808816147323, 25.171898702388546, 0.0 ], [ 110.030422674566964, 25.171851540773108, 0.0 ], [ 110.031037997246329, 25.171833961341438, 0.0 ], [ 110.031654023429397, 25.171837992914408, 0.0 ], [ 110.032270049745236, 25.171842021924299, 0.0 ], [ 110.032886076193705, 25.171846048371101, 0.0 ], [ 110.033301197555247, 25.171610290678743, 0.0 ], [ 110.033303125556387, 25.171049858396593, 0.0 ], [ 110.033009062545659, 25.170593178327014, 0.0 ], [ 110.032602973918571, 25.170173769346661, 0.0 ], [ 110.032292100450562, 25.169689997741941, 0.0 ], [ 110.031882893231128, 25.169273161101064, 0.0 ], [ 110.031323062582473, 25.169049303937395, 0.0 ], [ 110.030711864134844, 25.168995055568008, 0.0 ], [ 110.030095981194805, 25.168982904229402, 0.0 ], [ 110.029480098469222, 25.168970750331532, 0.0 ], [ 110.028864215958194, 25.168958593874411, 0.0 ], [ 110.028259518947905, 25.169006259769191, 0.0 ], [ 110.028176649483385, 25.169559254321999, 0.0 ], [ 110.028147156890213, 25.170119229394576, 0.0 ], [ 110.028117664016619, 25.170679204415013, 0.0 ], [ 110.028088170807507, 25.171239179380919, 0.0 ], [ 110.02805867790866, 25.171799154320439, 0.0 ] ] ] } },
{ "type": "Feature", "properties": { }, "geometry": { "type": "Polygon", "coordinates": [ [ [ 110.024573599290264, 25.17258579931131, 0.0 ], [ 110.025103573599978, 25.172570074898331, 0.0 ], [ 110.025632149170974, 25.172468227964018, 0.0 ], [ 110.026160723928655, 25.172366379114038, 0.0 ], [ 110.026689297873077, 25.172264528348435, 0.0 ], [ 110.027217871004112, 25.172162675667245, 0.0 ], [ 110.027560847867093, 25.171824455127208, 0.0 ], [ 110.027586716914726, 25.171333336688196, 0.0 ], [ 110.027612585684068, 25.170842218206349, 0.0 ], [ 110.027638454175275, 25.170351099681668, 0.0 ], [ 110.027664322388361, 25.169859981114165, 0.0 ], [ 110.027690190323028, 25.169368862503823, 0.0 ], [ 110.027569213018239, 25.168912055360945, 0.0 ], [ 110.0270425138538, 25.168832339074875, 0.0 ], [ 110.026502363368152, 25.168821668695486, 0.0 ], [ 110.025962213047421, 25.168810996365174, 0.0 ], [ 110.025422062888808, 25.168800322195114, 0.0 ], [ 110.024881912895722, 25.168789646056535, 0.0 ], [ 110.024662010241997, 25.169144965563188, 0.0 ], [ 110.024649380582801, 25.169636513349449, 0.0 ], [ 110.024636750750901, 25.170128061099437, 0.0 ], [ 110.024624120746395, 25.170619608813151, 0.0 ], [ 110.024611490569157, 25.171111156490575, 0.0 ], [ 110.024598860219257, 25.171602704131715, 0.0 ], [ 110.024586229832479, 25.172094251739473, 0.0 ], [ 110.024573599290264, 25.17258579931131, 0.0 ] ] ] } },
{ "type": "Feature", "properties": { }, "geometry": { "type": "Polygon", "coordinates": [ [ [ 110.020895923660888, 25.173243854266776, 0.0 ], [ 110.021128533252806, 25.173885908721022, 0.0 ], [ 110.021361145439869, 25.174527962748062, 0.0 ], [ 110.021593759955579, 25.175170016427913, 0.0 ], [ 110.021935460932411, 25.175758108420663, 0.0 ], [ 110.022674513075287, 25.175781477880978, 0.0 ], [ 110.023417352292114, 25.175790739437428, 0.0 ], [ 110.024160191756238, 25.175799997268093, 0.0 ], [ 110.024903030208336, 25.175809334302667, 0.0 ], [ 110.025645860522886, 25.175819204868507, 0.0 ], [ 110.026388690760271, 25.175829092844651, 0.0 ], [ 110.027130811436351, 25.175814852596115, 0.0 ], [ 110.027381612433203, 25.1752270788059, 0.0 ], [ 110.027417184059686, 25.174551804473239, 0.0 ], [ 110.027452755160155, 25.173876530059609, 0.0 ], [ 110.027488325435016, 25.173201255551927, 0.0 ], [ 110.027596126970124, 25.172395377237297, 0.0 ], [ 110.026739490995539, 25.172476288314122, 0.0 ], [ 110.026012714591417, 25.172616330367592, 0.0 ], [ 110.025285936560891, 25.172756368417925, 0.0 ], [ 110.024559156992822, 25.172896402846543, 0.0 ], [ 110.023830675840401, 25.173028660084743, 0.0 ], [ 110.02309363444094, 25.173109164382062, 0.0 ], [ 110.022351227915252, 25.173125235222489, 0.0 ], [ 110.021608354476996, 25.173120390332642, 0.0 ], [ 110.020895923660888, 25.173243854266776, 0.0 ] ] ] } },
{ "type": "Feature", "properties": { }, "geometry": { "type": "Polygon", "coordinates": [ [ [ 110.021920553211615, 25.176072359006611, 0.0 ], [ 110.022046238344473, 25.176641884035508, 0.0 ], [ 110.022162207475787, 25.17721311645041, 0.0 ], [ 110.022130589882281, 25.177793086225503, 0.0 ], [ 110.022079093948179, 25.178654539627885, 0.0 ], [ 110.022512147337238, 25.178665592822142, 0.0 ], [ 110.023150512183634, 25.178669808151195, 0.0 ], [ 110.0237888771738, 25.178674020727374, 0.0 ], [ 110.024427242307638, 25.17867823055068, 0.0 ], [ 110.025065607585063, 25.178682437621109, 0.0 ], [ 110.025703973005989, 25.178686641938661, 0.0 ], [ 110.026342338570302, 25.178690843503333, 0.0 ], [ 110.026980625085187, 25.178686549317767, 0.0 ], [ 110.027225099826211, 25.178196410226032, 0.0 ], [ 110.0272557575001, 25.177616165051038, 0.0 ], [ 110.027286325175965, 25.177035915680364, 0.0 ], [ 110.027316892386779, 25.176455666246561, 0.0 ], [ 110.027368718154733, 25.176003253164229, 0.0 ], [ 110.026358455765845, 25.176009233499713, 0.0 ], [ 110.025720155766592, 25.176000737077043, 0.0 ], [ 110.025081855955463, 25.175992237903593, 0.0 ], [ 110.024443551130261, 25.175984068492475, 0.0 ], [ 110.023805243111354, 25.17597611501488, 0.0 ], [ 110.023166935274972, 25.175968158786272, 0.0 ], [ 110.022528627621298, 25.175960199806671, 0.0 ], [ 110.021920553211615, 25.176072359006611, 0.0 ] ] ] } },
{ "type": "Feature", "properties": { }, "geometry": { "type": "Polygon", "coordinates": [ [ [ 110.021548467651542, 25.180420211942597, 0.0 ], [ 110.022142361089465, 25.1804318886715, 0.0 ], [ 110.022259846586181, 25.18093379737687, 0.0 ], [ 110.022612175027533, 25.181190013059901, 0.0 ], [ 110.023206072460795, 25.181201685220859, 0.0 ], [ 110.023799970093449, 25.181213355001173, 0.0 ], [ 110.02439386575513, 25.181225113338808, 0.0 ], [ 110.024987760222487, 25.181236927691636, 0.0 ], [ 110.025581654890701, 25.181248739663872, 0.0 ], [ 110.026172645002148, 25.181243936191411, 0.0 ], [ 110.026576602313625, 25.180895519319915, 0.0 ], [ 110.026721638994317, 25.18037132806187, 0.0 ], [ 110.02686667400144, 25.179847136506247, 0.0 ], [ 110.027009200232513, 25.179322427928746, 0.0 ], [ 110.026822510873998, 25.178886614230311, 0.0 ], [ 110.025040944134631, 25.178862803584899, 0.0 ], [ 110.024446934830024, 25.178858888806875, 0.0 ], [ 110.023852925649777, 25.178854971645244, 0.0 ], [ 110.023258916593875, 25.178851052099983, 0.0 ], [ 110.022076026039841, 25.178878931565425, 0.0 ], [ 110.021857196981358, 25.179376252114622, 0.0 ], [ 110.021702833011545, 25.179898232147043, 0.0 ], [ 110.021548467651542, 25.180420211942597, 0.0 ] ] ] } },
{ "type": "Feature", "properties": { }, "geometry": { "type": "Polygon", "coordinates": [ [ [ 110.026312224311894, 25.183699454783923, 0.0 ], [ 110.026894691264118, 25.183947837706494, 0.0 ], [ 110.02754309422798, 25.183952151278699, 0.0 ], [ 110.028191497743364, 25.1839564114753, 0.0 ], [ 110.028839901406414, 25.183960668831322, 0.0 ], [ 110.02948830521693, 25.183964923346775, 0.0 ], [ 110.030136709174727, 25.183969175021641, 0.0 ], [ 110.03078511327989, 25.183973423855935, 0.0 ], [ 110.031426170924931, 25.184059794293429, 0.0 ], [ 110.032029689467421, 25.183977794352661, 0.0 ], [ 110.032251477804422, 25.183423357582999, 0.0 ], [ 110.032473264359965, 25.182868920481056, 0.0 ], [ 110.032687147251039, 25.182313319626505, 0.0 ], [ 110.03254410187435, 25.181837766654649, 0.0 ], [ 110.031895844190686, 25.181824984049022, 0.0 ], [ 110.031247586744229, 25.181812198610217, 0.0 ], [ 110.030599329533857, 25.181799410391861, 0.0 ], [ 110.02995107255559, 25.181786619559954, 0.0 ], [ 110.029302815822206, 25.181773825588799, 0.0 ], [ 110.028654559326512, 25.181761028781203, 0.0 ], [ 110.028006302892095, 25.181748236595137, 0.0 ], [ 110.027358795227272, 25.181739392105584, 0.0 ], [ 110.026787167749745, 25.181982952192055, 0.0 ], [ 110.02662885462729, 25.182555119931255, 0.0 ], [ 110.026470540212969, 25.183127287476761, 0.0 ], [ 110.026312224311894, 25.183699454783923, 0.0 ] ] ] } },
{ "type": "Feature", "properties": { }, "geometry": { "type": "Polygon", "coordinates": [ [ [ 110.019869035787409, 25.183789077241673, 0.0 ], [ 110.020434095195242, 25.184239098507774, 0.0 ], [ 110.021081448060087, 25.184585636128425, 0.0 ], [ 110.02172880465524, 25.184932171010463, 0.0 ], [ 110.022376164980528, 25.185278703153802, 0.0 ], [ 110.023023529036152, 25.185625232558198, 0.0 ], [ 110.023670896821912, 25.185971759223591, 0.0 ], [ 110.024324868910043, 25.186307856379059, 0.0 ], [ 110.025049234891767, 25.186420416266568, 0.0 ], [ 110.025231329311524, 25.185757381019638, 0.0 ], [ 110.025414715876323, 25.185094640826645, 0.0 ], [ 110.025598100334989, 25.184431900288409, 0.0 ], [ 110.025781482373574, 25.183769159332932, 0.0 ], [ 110.025964862903564, 25.183106418169075, 0.0 ], [ 110.026148240983304, 25.182443676581073, 0.0 ], [ 110.026057107281815, 25.181780231384391, 0.0 ], [ 110.025312040417433, 25.18169479490323, 0.0 ], [ 110.024561168214944, 25.181679859685048, 0.0 ], [ 110.02381029509398, 25.181664972327017, 0.0 ], [ 110.023059419045666, 25.181650217377403, 0.0 ], [ 110.022308543316356, 25.18163545862226, 0.0 ], [ 110.021557667906208, 25.181620696061625, 0.0 ], [ 110.020924241464158, 25.18197759719753, 0.0 ], [ 110.020569173220181, 25.18257982504522, 0.0 ], [ 110.020214196009221, 25.183182097246959, 0.0 ], [ 110.019869035787409, 25.183789077241673, 0.0 ] ] ] } },
{ "type": "Feature", "properties": { }, "geometry": { "type": "Polygon", "coordinates": [ [ [ 110.02554629093305, 25.186582983763842, 0.0 ], [ 110.030278449334958, 25.187241859975803, 0.0 ], [ 110.032027274575043, 25.185298962761696, 0.0 ], [ 110.032188063234102, 25.184429351015382, 0.0 ], [ 110.031147546196266, 25.184200429386983, 0.0 ], [ 110.026309012321406, 25.184169299809408, 0.0 ], [ 110.02554629093305, 25.186582983763842, 0.0 ] ] ] } },
{ "type": "Feature", "properties": { }, "geometry": { "type": "Polygon", "coordinates": [ [ [ 110.017472536323226, 25.180847473712596, 0.0 ], [ 110.018212817067379, 25.181102210967925, 0.0 ], [ 110.018718908187736, 25.180691208254807, 0.0 ], [ 110.018940281256036, 25.179948093381348, 0.0 ], [ 110.019532148994131, 25.179619640686749, 0.0 ], [ 110.020362325590128, 25.179606110137062, 0.0 ], [ 110.020533865682822, 25.178853102490081, 0.0 ], [ 110.020667766878006, 25.17809277681242, 0.0 ], [ 110.020740191591258, 25.177327348018526, 0.0 ], [ 110.020698008750458, 25.176559559672533, 0.0 ], [ 110.020523080032831, 25.17580643587214, 0.0 ], [ 110.020299902171857, 25.175063942953273, 0.0 ], [ 110.02005606700429, 25.174326578632598, 0.0 ], [ 110.01977458194979, 25.173600417534018, 0.0 ], [ 110.019243962497427, 25.173104741559992, 0.0 ], [ 110.018512843868592, 25.173320806870251, 0.0 ], [ 110.0185698209648, 25.174088748355533, 0.0 ], [ 110.018633802223988, 25.174856571279964, 0.0 ], [ 110.01869985271135, 25.175624239684783, 0.0 ], [ 110.018759570011326, 25.176392000374296, 0.0 ], [ 110.018673211840166, 25.177156005514203, 0.0 ], [ 110.018439362137684, 25.177895987172572, 0.0 ], [ 110.018196679713881, 25.178633667562284, 0.0 ], [ 110.017948541463696, 25.179369826387145, 0.0 ], [ 110.017700167860369, 25.180105842811233, 0.0 ], [ 110.017472536323226, 25.180847473712596, 0.0 ] ] ] } },
{ "type": "Feature", "properties": { }, "geometry": { "type": "Polygon", "coordinates": [ [ [ 110.014812682448152, 25.179198150507698, 0.0 ], [ 110.014999187362747, 25.179480095775371, 0.0 ], [ 110.015185693369915, 25.17976204068685, 0.0 ], [ 110.015372200279899, 25.180043985345979, 0.0 ], [ 110.015558708033495, 25.18032592978523, 0.0 ], [ 110.015745216660875, 25.180607873988137, 0.0 ], [ 110.015931726211051, 25.18088981792776, 0.0 ], [ 110.016233259226553, 25.181063589119855, 0.0 ], [ 110.01659475356972, 25.181071030456661, 0.0 ], [ 110.016954942288933, 25.1810567784505, 0.0 ], [ 110.017175610080827, 25.180809858327216, 0.0 ], [ 110.017269567081229, 25.180492076488516, 0.0 ], [ 110.017368820723107, 25.180175628841333, 0.0 ], [ 110.017468073824929, 25.179859181098774, 0.0 ], [ 110.017573446448836, 25.179544427405698, 0.0 ], [ 110.017685049752302, 25.179231405419053, 0.0 ], [ 110.017792284192126, 25.178917325628319, 0.0 ], [ 110.017518034554698, 25.178776942596432, 0.0 ], [ 110.017156405159412, 25.178774541204483, 0.0 ], [ 110.016794775810482, 25.178772138929098, 0.0 ], [ 110.016433146508078, 25.178769735770278, 0.0 ], [ 110.016071517252101, 25.178767331728018, 0.0 ], [ 110.015710811380515, 25.178782854996719, 0.0 ], [ 110.01535367461635, 25.178833833819368, 0.0 ], [ 110.015021228589831, 25.178963366205895, 0.0 ], [ 110.014812682448152, 25.179198150507698, 0.0 ] ] ] } },
{ "type": "Feature", "properties": { }, "geometry": { "type": "Polygon", "coordinates": [ [ [ 110.015546420089422, 25.173090786079804, 0.0 ], [ 110.015571746308908, 25.173484293858667, 0.0 ], [ 110.015597073207942, 25.173877801587505, 0.0 ], [ 110.015622400209793, 25.174271309297048, 0.0 ], [ 110.015647727295587, 25.174664816988329, 0.0 ], [ 110.015673054498023, 25.175058324659588, 0.0 ], [ 110.015698381817046, 25.175451832310813, 0.0 ], [ 110.015899474691651, 25.175711509291027, 0.0 ], [ 110.016332628798807, 25.175714388962103, 0.0 ], [ 110.016765782972769, 25.175717267365833, 0.0 ], [ 110.01719893721328, 25.175720144502225, 0.0 ], [ 110.017632091520369, 25.175723020371262, 0.0 ], [ 110.01806524589405, 25.17572589497296, 0.0 ], [ 110.018390005305804, 25.17551206655039, 0.0 ], [ 110.018357253302895, 25.1751190126392, 0.0 ], [ 110.018324501464477, 25.174725958706535, 0.0 ], [ 110.018291749790393, 25.17433290475239, 0.0 ], [ 110.018258923687796, 25.17393985593614, 0.0 ], [ 110.018215366325251, 25.173547673756747, 0.0 ], [ 110.018117971953203, 25.173167298141152, 0.0 ], [ 110.01770997361568, 25.173076515789806, 0.0 ], [ 110.017276828650537, 25.17307364043026, 0.0 ], [ 110.016843683752072, 25.173070763803516, 0.0 ], [ 110.016410538920226, 25.173067885909592, 0.0 ], [ 110.015977394155001, 25.173065006748462, 0.0 ], [ 110.015546420089422, 25.173090786079804, 0.0 ] ] ] } },
{ "type": "Feature", "properties": { }, "geometry": { "type": "Polygon", "coordinates": [ [ [ 110.012743563951659, 25.176842072422321, 0.0 ], [ 110.014796990306294, 25.178906855976134, 0.0 ], [ 110.015377212527014, 25.178716011078507, 0.0 ], [ 110.016002086489294, 25.178659075864775, 0.0 ], [ 110.016632874027053, 25.178662746243095, 0.0 ], [ 110.017263659342419, 25.178666936603829, 0.0 ], [ 110.017849755715801, 25.178562979820342, 0.0 ], [ 110.018080679390408, 25.178042087073795, 0.0 ], [ 110.018261587435006, 25.177492181986597, 0.0 ], [ 110.018469890497755, 25.176411242950621, 0.0 ], [ 110.018230948744119, 25.175945358785526, 0.0 ], [ 110.017605555031011, 25.175903372489454, 0.0 ], [ 110.016974783874318, 25.175899184014199, 0.0 ], [ 110.016344012858724, 25.175894992851397, 0.0 ], [ 110.015713757025594, 25.175899276859859, 0.0 ], [ 110.01510682880712, 25.17604256467121, 0.0 ], [ 110.014512504425539, 25.176234902167998, 0.0 ], [ 110.013918178236381, 25.176427237169779, 0.0 ], [ 110.013323850285232, 25.176619569793257, 0.0 ], [ 110.012743563951659, 25.176842072422321, 0.0 ] ] ] } },
{ "type": "Feature", "properties": { }, "geometry": { "type": "Polygon", "coordinates": [ [ [ 110.014839878193527, 25.171130507960719, 0.0 ], [ 110.014997149350421, 25.172007777793841, 0.0 ], [ 110.015422940600416, 25.172672220878024, 0.0 ], [ 110.015785515150696, 25.172883202631237, 0.0 ], [ 110.016303147972181, 25.172886643899233, 0.0 ], [ 110.016820780888835, 25.172890083357483, 0.0 ], [ 110.017338413900703, 25.172893521005975, 0.0 ], [ 110.018051407297222, 25.172907688472993, 0.0 ], [ 110.018102531143086, 25.172559799905745, 0.0 ], [ 110.018043688968646, 25.172091781969073, 0.0 ], [ 110.017984846778191, 25.171623764035168, 0.0 ], [ 110.017926005109217, 25.171155746048079, 0.0 ], [ 110.017867164198506, 25.170687727983168, 0.0 ], [ 110.017808323262827, 25.17021970992197, 0.0 ], [ 110.017749482712148, 25.169751691821805, 0.0 ], [ 110.017673564132267, 25.169290013301925, 0.0 ], [ 110.017221185384017, 25.169166355519433, 0.0 ], [ 110.016703568127781, 25.16916291793515, 0.0 ], [ 110.016237489897875, 25.16928717832489, 0.0 ], [ 110.015988194619212, 25.169700019233129, 0.0 ], [ 110.015738897625639, 25.170112859647904, 0.0 ], [ 110.015489598917199, 25.170525699569264, 0.0 ], [ 110.014839878193527, 25.171130507960719, 0.0 ] ] ] } },
{ "type": "Feature", "properties": { }, "geometry": { "type": "Polygon", "coordinates": [ [ [ 110.062613810957686, 25.197747692792838, 0.0 ], [ 110.063034853912697, 25.198841244233442, 0.0 ], [ 110.063600537827995, 25.199184761352978, 0.0 ], [ 110.064201777630117, 25.199485682676691, 0.0 ], [ 110.064431147342731, 25.199777268635636, 0.0 ], [ 110.064999812263565, 25.199757787674294, 0.0 ], [ 110.065817862817369, 25.198906679679517, 0.0 ], [ 110.066361016388242, 25.198673463571208, 0.0 ], [ 110.06637594973688, 25.198181258409271, 0.0 ], [ 110.067808895984754, 25.197628307232808, 0.0 ], [ 110.067824180674705, 25.197003091662271, 0.0 ], [ 110.067735849070701, 25.19640140145416, 0.0 ], [ 110.067573511046504, 25.19579372407766, 0.0 ], [ 110.065169651116278, 25.196059619685876, 0.0 ], [ 110.06288066481342, 25.196588052509103, 0.0 ], [ 110.062613810957686, 25.197747692792838, 0.0 ] ] ] } },
{ "type": "Feature", "properties": { }, "geometry": { "type": "Polygon", "coordinates": [ [ [ 110.130708789724423, 25.25645893527523, 0.0 ], [ 110.130483239937689, 25.256205796489557, 0.0 ], [ 110.130257691080502, 25.255952657375609, 0.0 ], [ 110.130032143152675, 25.255699517933397, 0.0 ], [ 110.129806596154268, 25.255446378162937, 0.0 ], [ 110.12958105008525, 25.255193238064233, 0.0 ], [ 110.129337583430441, 25.255331165858085, 0.0 ], [ 110.129089658466299, 25.255566361918508, 0.0 ], [ 110.12884173254578, 25.255801557529757, 0.0 ], [ 110.128593805668913, 25.256036752691806, 0.0 ], [ 110.128345877835798, 25.256271947404652, 0.0 ], [ 110.128097949046236, 25.256507141668273, 0.0 ], [ 110.127850019300382, 25.256742335482663, 0.0 ], [ 110.127607112531635, 25.256979415623928, 0.0 ], [ 110.127710420042831, 25.257269229266321, 0.0 ], [ 110.127949204408424, 25.257512090726912, 0.0 ], [ 110.128176760511579, 25.257763727518448, 0.0 ], [ 110.128432335803154, 25.257963827048382, 0.0 ], [ 110.128758217605778, 25.257892437950986, 0.0 ], [ 110.129036873633922, 25.257687653615605, 0.0 ], [ 110.129315528733144, 25.257482868723748, 0.0 ], [ 110.129594182841956, 25.257278083206284, 0.0 ], [ 110.129872835955908, 25.257073297058163, 0.0 ], [ 110.130151488140939, 25.256868510353602, 0.0 ], [ 110.130430139397092, 25.256663723092618, 0.0 ], [ 110.130708789724423, 25.25645893527523, 0.0 ] ] ] } },
{ "type": "Feature", "properties": { }, "geometry": { "type": "Polygon", "coordinates": [ [ [ 110.128301057023691, 25.258388649006847, 0.0 ], [ 110.127195515617814, 25.257373528373542, 0.0 ], [ 110.126605724141484, 25.257858315239108, 0.0 ], [ 110.125833654193187, 25.258602790705645, 0.0 ], [ 110.126099077325776, 25.258998597875529, 0.0 ], [ 110.126470286730722, 25.259654542463949, 0.0 ], [ 110.127233690366737, 25.26095641647969, 0.0 ], [ 110.12762701681406, 25.261601617569486, 0.0 ], [ 110.128027308266667, 25.262243265692117, 0.0 ], [ 110.128434867905426, 25.262881119294057, 0.0 ], [ 110.128849401108852, 25.263515246456365, 0.0 ], [ 110.129271061965639, 25.264145477915239, 0.0 ], [ 110.129699806732731, 25.264771747467965, 0.0 ], [ 110.130276065570698, 25.264535463408212, 0.0 ], [ 110.131369752438886, 25.262610017413209, 0.0 ], [ 110.131259237341752, 25.261883029469519, 0.0 ], [ 110.130366225970988, 25.260664755503605, 0.0 ], [ 110.128301057023691, 25.258388649006847, 0.0 ] ] ] } },
{ "type": "Feature", "properties": { }, "geometry": { "type": "Polygon", "coordinates": [ [ [ 110.131549676491247, 25.265767608601426, 0.0 ], [ 110.131847125425409, 25.265766551047601, 0.0 ], [ 110.132047011435262, 25.265535632427444, 0.0 ], [ 110.132246896683441, 25.265304713509376, 0.0 ], [ 110.132446781169776, 25.265073794293411, 0.0 ], [ 110.132646664894537, 25.264842874779561, 0.0 ], [ 110.132846547857511, 25.264611954967826, 0.0 ], [ 110.133046430058812, 25.264381034858225, 0.0 ], [ 110.133115488141584, 25.264120971360516, 0.0 ], [ 110.132878546851956, 25.263945426673079, 0.0 ], [ 110.132599922221971, 25.263796539357333, 0.0 ], [ 110.132321298282875, 25.263647651530714, 0.0 ], [ 110.132042675034484, 25.26349876319323, 0.0 ], [ 110.131758962257464, 25.26338659396265, 0.0 ], [ 110.131482495262489, 25.263502904543564, 0.0 ], [ 110.130361725009834, 25.264936565180925, 0.0 ], [ 110.130421341212369, 25.265193984966668, 0.0 ], [ 110.13070342401987, 25.265337391661717, 0.0 ], [ 110.130985507502132, 25.265480797832538, 0.0 ], [ 110.131267591659352, 25.265624203479113, 0.0 ], [ 110.131549676491247, 25.265767608601426, 0.0 ] ] ] } },
{ "type": "Feature", "properties": { }, "geometry": { "type": "Polygon", "coordinates": [ [ [ 110.133250453100473, 25.263892893257353, 0.0 ], [ 110.133614403841761, 25.263724858391143, 0.0 ], [ 110.133896479575981, 25.263398974804911, 0.0 ], [ 110.134178553793291, 25.263073090625529, 0.0 ], [ 110.134445353953623, 25.262737302651068, 0.0 ], [ 110.134625027289246, 25.26235723195321, 0.0 ], [ 110.134697145699931, 25.261948771109811, 0.0 ], [ 110.134658702271096, 25.261536665123877, 0.0 ], [ 110.134512005808759, 25.261145222711978, 0.0 ], [ 110.13426636855597, 25.260797036670017, 0.0 ], [ 110.133979328815997, 25.260474762108448, 0.0 ], [ 110.133692290582232, 25.260152487014988, 0.0 ], [ 110.13330934618061, 25.260109838887477, 0.0 ], [ 110.132946664348538, 25.260361273159923, 0.0 ], [ 110.132583981034486, 25.260612706493227, 0.0 ], [ 110.132221296238356, 25.26086413888736, 0.0 ], [ 110.131858609960119, 25.261115570342298, 0.0 ], [ 110.131534624587601, 25.261391878379346, 0.0 ], [ 110.131577840052145, 25.261782086670166, 0.0 ], [ 110.1317559378422, 25.262180164467843, 0.0 ], [ 110.131707868316724, 25.262598873739066, 0.0 ], [ 110.131739553637118, 25.262997833543238, 0.0 ], [ 110.132070844535903, 25.263262548815607, 0.0 ], [ 110.13246404601496, 25.263472664646965, 0.0 ], [ 110.132857248869797, 25.263682779460883, 0.0 ], [ 110.133250453100473, 25.263892893257353, 0.0 ] ] ] } },
{ "type": "Feature", "properties": { }, "geometry": { "type": "Polygon", "coordinates": [ [ [ 110.133243944673325, 25.259649097659707, 0.0 ], [ 110.13292143686752, 25.259286992350592, 0.0 ], [ 110.132598930963155, 25.258924886370096, 0.0 ], [ 110.132276426960033, 25.258562779718275, 0.0 ], [ 110.131953924858252, 25.258200672395141, 0.0 ], [ 110.131631424657598, 25.257838564400725, 0.0 ], [ 110.131274514257996, 25.257506791426927, 0.0 ], [ 110.130813994172954, 25.257309240529462, 0.0 ], [ 110.130300378656216, 25.257188157594271, 0.0 ], [ 110.129408042159284, 25.257693408339357, 0.0 ], [ 110.128763703928399, 25.258358600782433, 0.0 ], [ 110.129047196108701, 25.258728795916539, 0.0 ], [ 110.129373308514531, 25.259088219998752, 0.0 ], [ 110.129699422829674, 25.259447643394413, 0.0 ], [ 110.130025539054287, 25.259807066103473, 0.0 ], [ 110.130351657188385, 25.260166488125897, 0.0 ], [ 110.130677777231995, 25.260525909461649, 0.0 ], [ 110.131003899185146, 25.260885330110707, 0.0 ], [ 110.131329483623645, 25.261170524022937, 0.0 ], [ 110.131831196899242, 25.260862171899724, 0.0 ], [ 110.132238705182075, 25.260579666929818, 0.0 ], [ 110.132646211593809, 25.260297160774243, 0.0 ], [ 110.13305371613454, 25.260014653433032, 0.0 ], [ 110.133243944673325, 25.259649097659707, 0.0 ] ] ] } },
{ "type": "Feature", "properties": { }, "geometry": { "type": "Polygon", "coordinates": [ [ [ 110.126344332523303, 25.263599972271336, 0.0 ], [ 110.122736761309355, 25.261917526565639, 0.0 ], [ 110.122262309322664, 25.262019818054988, 0.0 ], [ 110.121939414394447, 25.262384023437523, 0.0 ], [ 110.121904140222696, 25.262863637508421, 0.0 ], [ 110.121942418063867, 25.263338053571385, 0.0 ], [ 110.122058756939225, 25.263806952997129, 0.0 ], [ 110.122175096653066, 25.264275852325749, 0.0 ], [ 110.122291437205249, 25.264744751557235, 0.0 ], [ 110.122407778595885, 25.265213650691567, 0.0 ], [ 110.122649941303649, 25.26533099440832, 0.0 ], [ 110.123033792027215, 25.265000584291101, 0.0 ], [ 110.123398731162112, 25.264652892109503, 0.0 ], [ 110.123875795581441, 25.264458847301363, 0.0 ], [ 110.124369505657967, 25.264287075680347, 0.0 ], [ 110.124863214390444, 25.264115302366793, 0.0 ], [ 110.12585062782307, 25.263771750662254, 0.0 ], [ 110.126344332523303, 25.263599972271336, 0.0 ] ] ] } },
{ "type": "Feature", "properties": { }, "geometry": { "type": "Polygon", "coordinates": [ [ [ 110.130342713627414, 25.217566946065819, 0.0 ], [ 110.130314969619434, 25.2171714700759, 0.0 ], [ 110.130287225749754, 25.216775994064648, 0.0 ], [ 110.130259482018431, 25.216380518032057, 0.0 ], [ 110.130231738425536, 25.21598504197814, 0.0 ], [ 110.13018684063691, 25.215593806583406, 0.0 ], [ 110.12976346416346, 25.215550317343624, 0.0 ], [ 110.129328004433674, 25.215539714339158, 0.0 ], [ 110.128892544820744, 25.215529110053804, 0.0 ], [ 110.128457085324712, 25.215518504487562, 0.0 ], [ 110.128021625945607, 25.215507897640425, 0.0 ], [ 110.127586166683514, 25.215497289512403, 0.0 ], [ 110.127177125410924, 25.215508678627842, 0.0 ], [ 110.127227149933546, 25.215902337327055, 0.0 ], [ 110.127277484401489, 25.216295963286989, 0.0 ], [ 110.127327949969128, 25.216689575399453, 0.0 ], [ 110.127378415821155, 25.217083187482668, 0.0 ], [ 110.127428881957584, 25.21747679953663, 0.0 ], [ 110.127475896042569, 25.217870749464115, 0.0 ], [ 110.127812218638596, 25.217949331321591, 0.0 ], [ 110.128244255834005, 25.217898583141807, 0.0 ], [ 110.128676292710836, 25.217847833689209, 0.0 ], [ 110.129108329269314, 25.217797082963788, 0.0 ], [ 110.129540365509328, 25.217746330965575, 0.0 ], [ 110.129972401430848, 25.217695577694553, 0.0 ], [ 110.130342713627414, 25.217566946065819, 0.0 ] ] ] } },
{ "type": "Feature", "properties": { }, "geometry": { "type": "Polygon", "coordinates": [ [ [ 110.130467958240658, 25.219352211375369, 0.0 ], [ 110.130443325410866, 25.219001092584438, 0.0 ], [ 110.130418692674724, 25.218649973777573, 0.0 ], [ 110.130394060035101, 25.218298854954615, 0.0 ], [ 110.130369427504547, 25.217947736114848, 0.0 ], [ 110.130055038191927, 25.217867894769558, 0.0 ], [ 110.129671459489046, 25.217912955770682, 0.0 ], [ 110.129287880535117, 25.217958015768495, 0.0 ], [ 110.128904301330209, 25.218003074763008, 0.0 ], [ 110.128520721874182, 25.218048132754209, 0.0 ], [ 110.128137142167233, 25.218093189742099, 0.0 ], [ 110.127753562209236, 25.218138245726685, 0.0 ], [ 110.127650066134734, 25.218338961328797, 0.0 ], [ 110.127785634679299, 25.218668428662468, 0.0 ], [ 110.127927882344082, 25.218995601651724, 0.0 ], [ 110.128070130745982, 25.219322774510115, 0.0 ], [ 110.128212379885198, 25.219649947237624, 0.0 ], [ 110.128354629761574, 25.219977119834251, 0.0 ], [ 110.128607468274453, 25.2201571460742, 0.0 ], [ 110.128994234054161, 25.220158970695682, 0.0 ], [ 110.129380999877981, 25.220160794305322, 0.0 ], [ 110.129767765745981, 25.220162616903107, 0.0 ], [ 110.130154531658235, 25.220164438489032, 0.0 ], [ 110.130457360799596, 25.22005150312345, 0.0 ], [ 110.130432727633107, 25.219700384377525, 0.0 ], [ 110.130467958240658, 25.219352211375369, 0.0 ] ] ] } },
{ "type": "Feature", "properties": { }, "geometry": { "type": "Polygon", "coordinates": [ [ [ 110.132443407805908, 25.213865242455821, 0.0 ], [ 110.131973618218666, 25.213816318759466, 0.0 ], [ 110.13150520792334, 25.213757470734386, 0.0 ], [ 110.131071611314326, 25.21374578244998, 0.0 ], [ 110.131072795669709, 25.214175960399647, 0.0 ], [ 110.13107397998472, 25.214606138324793, 0.0 ], [ 110.131075164259272, 25.215036316225408, 0.0 ], [ 110.13110675485899, 25.21544061362205, 0.0 ], [ 110.131578509153627, 25.215470263519371, 0.0 ], [ 110.132050263725262, 25.215499911917021, 0.0 ], [ 110.132522018573724, 25.215529558814975, 0.0 ], [ 110.132993773699013, 25.215559204213243, 0.0 ], [ 110.133465529101102, 25.215588848111803, 0.0 ], [ 110.133937284780046, 25.215618490510654, 0.0 ], [ 110.134409040735633, 25.215648131409797, 0.0 ], [ 110.134881052354245, 25.215673800267218, 0.0 ], [ 110.135089643778613, 25.215409759682899, 0.0 ], [ 110.135093755369866, 25.214979596340179, 0.0 ], [ 110.135097866883797, 25.21454943297184, 0.0 ], [ 110.135101978320264, 25.214119269577871, 0.0 ], [ 110.134801968858355, 25.21397126508727, 0.0 ], [ 110.134329149802127, 25.213977250792059, 0.0 ], [ 110.133856310033806, 25.213972995729751, 0.0 ], [ 110.133386525264498, 25.213927979330162, 0.0 ], [ 110.132914547980917, 25.21390185847644, 0.0 ], [ 110.132443407805908, 25.213865242455821, 0.0 ] ] ] } },
{ "type": "Feature", "properties": { }, "geometry": { "type": "Polygon", "coordinates": [ [ [ 110.133965242402269, 25.217516529609949, 0.0 ], [ 110.134443347970375, 25.217511353680596, 0.0 ], [ 110.134921453547605, 25.217506176203607, 0.0 ], [ 110.1350725970632, 25.217198460583614, 0.0 ], [ 110.135076734617741, 25.216763519407127, 0.0 ], [ 110.135080872093283, 25.21632857820445, 0.0 ], [ 110.135076580933443, 25.215896349761259, 0.0 ], [ 110.134617978685796, 25.215841938768506, 0.0 ], [ 110.134140962922672, 25.215812245287179, 0.0 ], [ 110.133663966670866, 25.215782274333108, 0.0 ], [ 110.133186970702084, 25.215752301845818, 0.0 ], [ 110.132709975016255, 25.215722327825304, 0.0 ], [ 110.132232979613448, 25.215692352271589, 0.0 ], [ 110.131755984493708, 25.215662375184664, 0.0 ], [ 110.131278989657119, 25.215632396564562, 0.0 ], [ 110.131077455790532, 25.215870241754416, 0.0 ], [ 110.131078652250906, 25.216305197528939, 0.0 ], [ 110.131079848670069, 25.216740153278387, 0.0 ], [ 110.131081045047921, 25.217175109002753, 0.0 ], [ 110.131098507179331, 25.217594226264353, 0.0 ], [ 110.131575621955648, 25.217565766584723, 0.0 ], [ 110.132052862852774, 25.21753925751829, 0.0 ], [ 110.132530925739218, 25.217532047047719, 0.0 ], [ 110.133009031284288, 25.2175268761161, 0.0 ], [ 110.133487136838681, 25.217521703636841, 0.0 ], [ 110.133965242402269, 25.217516529609949, 0.0 ] ] ] } },
{ "type": "Feature", "properties": { }, "geometry": { "type": "Polygon", "coordinates": [ [ [ 110.125200020250489, 25.218147117100475, 0.0 ], [ 110.125207033927396, 25.217935822704046, 0.0 ], [ 110.125130610644362, 25.217737625200783, 0.0 ], [ 110.125046162580929, 25.217540687323488, 0.0 ], [ 110.124961714780724, 25.217343749400055, 0.0 ], [ 110.124877267243761, 25.217146811430492, 0.0 ], [ 110.124792819970011, 25.216949873414784, 0.0 ], [ 110.124708372959475, 25.216752935352943, 0.0 ], [ 110.124623926212152, 25.216555997244971, 0.0 ], [ 110.124404525537685, 25.216320748349336, 0.0 ], [ 110.124056996259085, 25.216736235012316, 0.0 ], [ 110.124056875608971, 25.216947623664211, 0.0 ], [ 110.124055744256935, 25.217159011836351, 0.0 ], [ 110.124049621080502, 25.21737030160077, 0.0 ], [ 110.12403280971688, 25.217581114765899, 0.0 ], [ 110.124003009305682, 25.217790723486981, 0.0 ], [ 110.124055169789216, 25.217973834298835, 0.0 ], [ 110.124282041974098, 25.218019420971601, 0.0 ], [ 110.12450958218939, 25.218062292119328, 0.0 ], [ 110.124738444357277, 25.218098755329535, 0.0 ], [ 110.124968706627541, 25.218127044589025, 0.0 ], [ 110.125200020250489, 25.218147117100475, 0.0 ] ] ] } },
{ "type": "Feature", "properties": { }, "geometry": { "type": "Polygon", "coordinates": [ [ [ 110.122544591655895, 25.219995767113868, 0.0 ], [ 110.122668837056068, 25.219793096760529, 0.0 ], [ 110.122793082036921, 25.219590426286175, 0.0 ], [ 110.122917326598454, 25.219387755690793, 0.0 ], [ 110.123006092826216, 25.219177118469037, 0.0 ], [ 110.12298484623274, 25.218481224161444, 0.0 ], [ 110.122875283690377, 25.218334414799887, 0.0 ], [ 110.121658477672625, 25.218493193676206, 0.0 ], [ 110.121575622736572, 25.218712640767482, 0.0 ], [ 110.121484077153468, 25.218929206742111, 0.0 ], [ 110.121383960098001, 25.219142611363093, 0.0 ], [ 110.121084972151294, 25.219730900317149, 0.0 ], [ 110.122312189610653, 25.220011336902616, 0.0 ], [ 110.122544591655895, 25.219995767113868, 0.0 ] ] ] } },
{ "type": "Feature", "properties": { }, "geometry": { "type": "Polygon", "coordinates": [ [ [ 110.130182381023232, 25.215281470666806, 0.0 ], [ 110.130154538713285, 25.214884582803545, 0.0 ], [ 110.13012669654276, 25.214487694918802, 0.0 ], [ 110.130098854511459, 25.214090807012578, 0.0 ], [ 110.130071012619496, 25.213693919084868, 0.0 ], [ 110.129821987929461, 25.213471918199318, 0.0 ], [ 110.129393970133833, 25.213390997254162, 0.0 ], [ 110.128965970105696, 25.2133099999187, 0.0 ], [ 110.128537970682615, 25.213229001358268, 0.0 ], [ 110.128109971864575, 25.213148001572876, 0.0 ], [ 110.127679141188509, 25.213082505550688, 0.0 ], [ 110.127248699039939, 25.213014884224101, 0.0 ], [ 110.126854172784448, 25.212967202784402, 0.0 ], [ 110.126813740605357, 25.21410949095231, 0.0 ], [ 110.127186207831159, 25.21530695438781, 0.0 ], [ 110.127623220825924, 25.215317601512968, 0.0 ], [ 110.128060233938498, 25.21532824734809, 0.0 ], [ 110.128497247168781, 25.215338891893179, 0.0 ], [ 110.128934260516886, 25.215349535148231, 0.0 ], [ 110.129371273982798, 25.21536017711324, 0.0 ], [ 110.12980828756632, 25.215370817788198, 0.0 ], [ 110.130182381023232, 25.215281470666806, 0.0 ] ] ] } },
{ "type": "Feature", "properties": { }, "geometry": { "type": "Polygon", "coordinates": [ [ [ 110.134054762164439, 25.219938252506491, 0.0 ], [ 110.134188140928529, 25.218836668853449, 0.0 ], [ 110.134075845292955, 25.217733645904239, 0.0 ], [ 110.131291948622433, 25.217763601247125, 0.0 ], [ 110.131122830040297, 25.217961288678985, 0.0 ], [ 110.131195899793696, 25.218696167463705, 0.0 ], [ 110.131531781115285, 25.219372840356804, 0.0 ], [ 110.132120471436536, 25.219913431090713, 0.0 ], [ 110.132905165790248, 25.220089552466025, 0.0 ], [ 110.133501391191658, 25.22010045768782, 0.0 ], [ 110.134054762164439, 25.219938252506491, 0.0 ] ] ] } },
{ "type": "Feature", "properties": { }, "geometry": { "type": "Polygon", "coordinates": [ [ [ 110.12140074079241, 25.198576706190011, 0.0 ], [ 110.12139219512936, 25.198233202569842, 0.0 ], [ 110.121383649482951, 25.197889698934713, 0.0 ], [ 110.121375103853026, 25.197546195284616, 0.0 ], [ 110.121366558239657, 25.197202691619555, 0.0 ], [ 110.121356741699344, 25.196859260806047, 0.0 ], [ 110.121077463168746, 25.196671110633499, 0.0 ], [ 110.120712334940194, 25.196583408585255, 0.0 ], [ 110.120347207262185, 25.196495705648648, 0.0 ], [ 110.119982080134534, 25.19640800182367, 0.0 ], [ 110.119616953557525, 25.196320297110351, 0.0 ], [ 110.119251827530974, 25.196232591508689, 0.0 ], [ 110.118886702054965, 25.196144885018704, 0.0 ], [ 110.118519254195306, 25.19608044931374, 0.0 ], [ 110.118397374944635, 25.196357278965344, 0.0 ], [ 110.118520666858345, 25.196682042720173, 0.0 ], [ 110.118643959401453, 25.197006806375839, 0.0 ], [ 110.118767252573889, 25.19733156993232, 0.0 ], [ 110.119003039881008, 25.197563930494454, 0.0 ], [ 110.119345566092818, 25.197708615059518, 0.0 ], [ 110.119688093134457, 25.197853298850315, 0.0 ], [ 110.120030621006123, 25.197997981866855, 0.0 ], [ 110.12037314970776, 25.198142664109103, 0.0 ], [ 110.120715679239424, 25.198287345577072, 0.0 ], [ 110.121058209600946, 25.198432026270702, 0.0 ], [ 110.12140074079241, 25.198576706190011, 0.0 ] ] ] } },
{ "type": "Feature", "properties": { }, "geometry": { "type": "Polygon", "coordinates": [ [ [ 110.117639738491945, 25.191141108419721, 0.0 ], [ 110.117557603869301, 25.191400225061329, 0.0 ], [ 110.117488886236345, 25.19166254818699, 0.0 ], [ 110.117435395816784, 25.191927783434981, 0.0 ], [ 110.117397012784764, 25.192195183487602, 0.0 ], [ 110.117372688257888, 25.192463947506944, 0.0 ], [ 110.117365055539665, 25.192733534733613, 0.0 ], [ 110.117371294444411, 25.193003147375347, 0.0 ], [ 110.117393342572029, 25.193272064646312, 0.0 ], [ 110.117430343401011, 25.193539625598824, 0.0 ], [ 110.117662339045253, 25.193567126729018, 0.0 ], [ 110.117954041552963, 25.193519134986722, 0.0 ], [ 110.118245743850196, 25.193471142662613, 0.0 ], [ 110.11849188808975, 25.193367351554276, 0.0 ], [ 110.118626619995268, 25.193127105402969, 0.0 ], [ 110.118761351360746, 25.192886859106917, 0.0 ], [ 110.118896082186055, 25.192646612666117, 0.0 ], [ 110.119030812471351, 25.192406366080576, 0.0 ], [ 110.119165542216578, 25.192166119350297, 0.0 ], [ 110.119174166245415, 25.191959416116568, 0.0 ], [ 110.118918426838647, 25.191823032573517, 0.0 ], [ 110.118662688010957, 25.191686648601213, 0.0 ], [ 110.118406949762488, 25.191550264199673, 0.0 ], [ 110.118151212093096, 25.191413879368906, 0.0 ], [ 110.117895475003024, 25.191277494108917, 0.0 ], [ 110.117639738491945, 25.191141108419721, 0.0 ] ] ] } },
{ "type": "Feature", "properties": { }, "geometry": { "type": "Polygon", "coordinates": [ [ [ 110.121342015837897, 25.196216143432466, 0.0 ], [ 110.121329111689789, 25.195697435770867, 0.0 ], [ 110.121316207579525, 25.195178728075163, 0.0 ], [ 110.121303303506849, 25.194660020345321, 0.0 ], [ 110.121290399472073, 25.194141312581372, 0.0 ], [ 110.121277495474899, 25.193622604783293, 0.0 ], [ 110.121264591515626, 25.193103896951115, 0.0 ], [ 110.121252262605438, 25.192585181748726, 0.0 ], [ 110.12095074665865, 25.192190099524943, 0.0 ], [ 110.120501363653787, 25.191870743074514, 0.0 ], [ 110.120133609690924, 25.192190667162819, 0.0 ], [ 110.119776108119737, 25.192594878595134, 0.0 ], [ 110.119418604172935, 25.192999089077716, 0.0 ], [ 110.119061097850434, 25.193403298610512, 0.0 ], [ 110.118654537831432, 25.193751993481257, 0.0 ], [ 110.11814385823088, 25.193982852064675, 0.0 ], [ 110.117633176748043, 25.194213708825536, 0.0 ], [ 110.11776353525444, 25.194687650177169, 0.0 ], [ 110.117949707108707, 25.195178060410115, 0.0 ], [ 110.118152641647839, 25.195660534696795, 0.0 ], [ 110.118690997097858, 25.195817804960924, 0.0 ], [ 110.11924235320437, 25.19595024639743, 0.0 ], [ 110.119793710566242, 25.196082685808335, 0.0 ], [ 110.12034506918333, 25.196215123193635, 0.0 ], [ 110.120896429055747, 25.196347558553267, 0.0 ], [ 110.121342015837897, 25.196216143432466, 0.0 ] ] ] } },
{ "type": "Feature", "properties": { }, "geometry": { "type": "Polygon", "coordinates": [ [ [ 110.121497743844245, 25.192902892265689, 0.0 ], [ 110.121516265481119, 25.193647367248314, 0.0 ], [ 110.121534787195884, 25.194391842160659, 0.0 ], [ 110.121553308988368, 25.195136317002721, 0.0 ], [ 110.121571830858684, 25.195880791774492, 0.0 ], [ 110.121747766987966, 25.196552043582606, 0.0 ], [ 110.12253911070097, 25.196742113407701, 0.0 ], [ 110.123330456999412, 25.19693217905975, 0.0 ], [ 110.124121805882979, 25.197122240538647, 0.0 ], [ 110.124913157351685, 25.197312297844292, 0.0 ], [ 110.125704511405345, 25.197502350976563, 0.0 ], [ 110.126495868043705, 25.197692399935349, 0.0 ], [ 110.12728722728491, 25.19788244465812, 0.0 ], [ 110.127773300004861, 25.197397296851825, 0.0 ], [ 110.128167331678029, 25.196744609235864, 0.0 ], [ 110.128558445351842, 25.196090601221055, 0.0 ], [ 110.127912813547596, 25.195726984811515, 0.0 ], [ 110.127182616739816, 25.195390624682044, 0.0 ], [ 110.126452424030973, 25.195054261039846, 0.0 ], [ 110.125722235421165, 25.194717893885102, 0.0 ], [ 110.124992050910265, 25.194381523217963, 0.0 ], [ 110.124261870498458, 25.194045149038615, 0.0 ], [ 110.12353526016858, 25.193702515276712, 0.0 ], [ 110.122823157136253, 25.193335601173931, 0.0 ], [ 110.122127893622348, 25.192942845312643, 0.0 ], [ 110.121497743844245, 25.192902892265689, 0.0 ] ] ] } },
{ "type": "Feature", "properties": { }, "geometry": { "type": "Polygon", "coordinates": [ [ [ 110.122901849115053, 25.200415636863625, 0.0 ], [ 110.123062059178437, 25.200634306853686, 0.0 ], [ 110.123222270176157, 25.200852976476135, 0.0 ], [ 110.123382481739185, 25.201071645934022, 0.0 ], [ 110.123542693867648, 25.201290315227347, 0.0 ], [ 110.123702906561519, 25.201508984356092, 0.0 ], [ 110.123863119820697, 25.201727653320265, 0.0 ], [ 110.124028655583302, 25.201938023684018, 0.0 ], [ 110.124316726833612, 25.201957326028985, 0.0 ], [ 110.124604798192976, 25.201976627815139, 0.0 ], [ 110.124892869661238, 25.201995929042472, 0.0 ], [ 110.125093911557798, 25.201870929210806, 0.0 ], [ 110.125230762623161, 25.201639497074932, 0.0 ], [ 110.125367613160833, 25.201408064791355, 0.0 ], [ 110.125504134547242, 25.201176497974103, 0.0 ], [ 110.125604676955007, 25.200930138518217, 0.0 ], [ 110.125459487339512, 25.20080165208196, 0.0 ], [ 110.125178622716192, 25.200740335316389, 0.0 ], [ 110.12489640008495, 25.200684410188654, 0.0 ], [ 110.124619951287357, 25.2006087685767, 0.0 ], [ 110.124336870263946, 25.200558395298547, 0.0 ], [ 110.124051319316351, 25.200518847556765, 0.0 ], [ 110.123764914383713, 25.200484784507577, 0.0 ], [ 110.123477782727477, 25.200456220229949, 0.0 ], [ 110.123190051761839, 25.200433167398394, 0.0 ], [ 110.122901849115053, 25.200415636863625, 0.0 ] ] ] } },
{ "type": "Feature", "properties": { }, "geometry": { "type": "Polygon", "coordinates": [ [ [ 110.12160055211703, 25.197035194682694, 0.0 ], [ 110.121614869144324, 25.197610647834711, 0.0 ], [ 110.121629186218073, 25.198186100944728, 0.0 ], [ 110.121657444921851, 25.1987574900438, 0.0 ], [ 110.122013348781138, 25.199233370620508, 0.0 ], [ 110.122369255375204, 25.19970925038497, 0.0 ], [ 110.122807852148995, 25.200050346607828, 0.0 ], [ 110.123438889600962, 25.200090550482184, 0.0 ], [ 110.124067322645047, 25.200156420419603, 0.0 ], [ 110.124691893685821, 25.200247825936206, 0.0 ], [ 110.125316747781554, 25.200333614823546, 0.0 ], [ 110.125914312740591, 25.20041518536258, 0.0 ], [ 110.126244372708143, 25.199931741857124, 0.0 ], [ 110.126548049356245, 25.199426792141502, 0.0 ], [ 110.126852632716705, 25.198922290105141, 0.0 ], [ 110.12715721351951, 25.198417787340155, 0.0 ], [ 110.126999969457444, 25.19809352578595, 0.0 ], [ 110.126388275237318, 25.197946626830205, 0.0 ], [ 110.12577658256393, 25.197799725372629, 0.0 ], [ 110.125164891434835, 25.19765282142146, 0.0 ], [ 110.124553201850233, 25.197505914976752, 0.0 ], [ 110.123941513810124, 25.19735900603856, 0.0 ], [ 110.123329827314592, 25.197212094606925, 0.0 ], [ 110.122718142363667, 25.197065180681903, 0.0 ], [ 110.122106458957447, 25.196918264263545, 0.0 ], [ 110.12160055211703, 25.197035194682694, 0.0 ] ] ] } },
{ "type": "Feature", "properties": { }, "geometry": { "type": "Polygon", "coordinates": [ [ [ 110.121577405338158, 25.189380803689183, 0.0 ], [ 110.12250648157827, 25.188527880776082, 0.0 ], [ 110.122209998337311, 25.188202409371332, 0.0 ], [ 110.121913516663341, 25.187876937400691, 0.0 ], [ 110.121617036556316, 25.18755146486421, 0.0 ], [ 110.121309274006748, 25.187237266002455, 0.0 ], [ 110.120922867173789, 25.187404367026573, 0.0 ], [ 110.120586207897361, 25.18769569167652, 0.0 ], [ 110.120249547021899, 25.187987015505676, 0.0 ], [ 110.119912884547063, 25.188278338514024, 0.0 ], [ 110.119576220473078, 25.188569660701528, 0.0 ], [ 110.119239554799847, 25.188860982068153, 0.0 ], [ 110.11860952845359, 25.189481278350545, 0.0 ], [ 110.118538442696874, 25.1898464594655, 0.0 ], [ 110.119594171330689, 25.190646762835787, 0.0 ], [ 110.120035055530721, 25.190513413945322, 0.0 ], [ 110.120475938839192, 25.190380063795942, 0.0 ], [ 110.12091682122562, 25.190246712304148, 0.0 ], [ 110.121357702690148, 25.190113359469958, 0.0 ], [ 110.121577405338158, 25.189380803689183, 0.0 ] ] ] } },
{ "type": "Feature", "properties": { }, "geometry": { "type": "Polygon", "coordinates": [ [ [ 110.125462250871223, 25.186897798176947, 0.0 ], [ 110.12501968801223, 25.186207920039958, 0.0 ], [ 110.125328177450044, 25.185909286750597, 0.0 ], [ 110.125007679876603, 25.185555675276579, 0.0 ], [ 110.124687184143113, 25.185202063141276, 0.0 ], [ 110.124366690249389, 25.184848450344727, 0.0 ], [ 110.124010024259576, 25.184732825396107, 0.0 ], [ 110.122661800075463, 25.185776426732154, 0.0 ], [ 110.121468797702661, 25.186953861885321, 0.0 ], [ 110.121651404991923, 25.187388841514956, 0.0 ], [ 110.122646739683077, 25.188398961098212, 0.0 ], [ 110.124094281342352, 25.188223466179625, 0.0 ], [ 110.124456231466695, 25.187923886080569, 0.0 ], [ 110.124791573147476, 25.187581857605526, 0.0 ], [ 110.125126912948971, 25.187239828304303, 0.0 ], [ 110.125462250871223, 25.186897798176947, 0.0 ] ] ] } },
{ "type": "Feature", "properties": { }, "geometry": { "type": "Polygon", "coordinates": [ [ [ 110.129556930036884, 25.196130213894854, 0.0 ], [ 110.131944300268373, 25.197229864450826, 0.0 ], [ 110.133140311712538, 25.196390973796454, 0.0 ], [ 110.133835555087373, 25.194994474230729, 0.0 ], [ 110.131666873121503, 25.192895675051624, 0.0 ], [ 110.131102756659885, 25.193569496708424, 0.0 ], [ 110.130845123463388, 25.193996284208882, 0.0 ], [ 110.129556930036884, 25.196130213894854, 0.0 ] ] ] } },
{ "type": "Feature", "properties": { }, "geometry": { "type": "Polygon", "coordinates": [ [ [ 110.126861107879449, 25.200699228586359, 0.0 ], [ 110.127543927259708, 25.200982265274874, 0.0 ], [ 110.128231429596624, 25.20129608608784, 0.0 ], [ 110.128916751996456, 25.20161621263901, 0.0 ], [ 110.129581539541988, 25.201970379709806, 0.0 ], [ 110.130235668989769, 25.202340390771976, 0.0 ], [ 110.13088434775004, 25.202710963500873, 0.0 ], [ 110.131436781581471, 25.202540799074129, 0.0 ], [ 110.131786411915968, 25.201917750508301, 0.0 ], [ 110.131976421424227, 25.201239948194267, 0.0 ], [ 110.131993845057963, 25.200540637780758, 0.0 ], [ 110.131862190016292, 25.199850450106698, 0.0 ], [ 110.131713044517838, 25.199162771414557, 0.0 ], [ 110.131863037090113, 25.197781773789281, 0.0 ], [ 110.131466966471393, 25.197313518024057, 0.0 ], [ 110.130779571769793, 25.196996899057691, 0.0 ], [ 110.130092180700245, 25.196680276977808, 0.0 ], [ 110.129408832793047, 25.196375535910114, 0.0 ], [ 110.129037915742103, 25.196989951639637, 0.0 ], [ 110.128666994799175, 25.19760436623924, 0.0 ], [ 110.128296070063442, 25.198218779758456, 0.0 ], [ 110.12792514153476, 25.19883319219722, 0.0 ], [ 110.127554215214516, 25.199447606548276, 0.0 ], [ 110.127191613164698, 25.200066076615833, 0.0 ], [ 110.126861107879449, 25.200699228586359, 0.0 ] ] ] } },
{ "type": "Feature", "properties": { }, "geometry": { "type": "Polygon", "coordinates": [ [ [ 110.125440150020935, 25.205998498797705, 0.0 ], [ 110.125605405234666, 25.207119646943603, 0.0 ], [ 110.126448167143096, 25.207195866268869, 0.0 ], [ 110.127286989598559, 25.207119258381166, 0.0 ], [ 110.127402943296289, 25.206312249603556, 0.0 ], [ 110.127708531786254, 25.205554943777429, 0.0 ], [ 110.127840726629771, 25.204850677357168, 0.0 ], [ 110.127840306487656, 25.204061431068364, 0.0 ], [ 110.128518179897839, 25.203624145262303, 0.0 ], [ 110.130125316941658, 25.204283053634729, 0.0 ], [ 110.131002601816377, 25.204390766522689, 0.0 ], [ 110.131492909132277, 25.203764641445769, 0.0 ], [ 110.130972263663892, 25.203201602794479, 0.0 ], [ 110.129307209510557, 25.20215385849394, 0.0 ], [ 110.127030675121745, 25.20125231508025, 0.0 ], [ 110.126417078869338, 25.201493580190697, 0.0 ], [ 110.126092988077161, 25.202257415930696, 0.0 ], [ 110.125688265355393, 25.203851748662277, 0.0 ], [ 110.125440150020935, 25.205998498797705, 0.0 ] ] ] } },
{ "type": "Feature", "properties": { }, "geometry": { "type": "Polygon", "coordinates": [ [ [ 110.131482900931886, 25.20847163610415, 0.0 ], [ 110.131625326083565, 25.207901235955028, 0.0 ], [ 110.131826385391705, 25.206746174344211, 0.0 ], [ 110.131856007063206, 25.206162030317572, 0.0 ], [ 110.131850101724694, 25.205577200463715, 0.0 ], [ 110.131379293087718, 25.205216544835714, 0.0 ], [ 110.129493197351721, 25.204857900627896, 0.0 ], [ 110.128945543608609, 25.205075672534306, 0.0 ], [ 110.128756730465454, 25.205632551593254, 0.0 ], [ 110.128150102199555, 25.206660154605682, 0.0 ], [ 110.127442126852188, 25.208260315318949, 0.0 ], [ 110.127317549520342, 25.208833980272555, 0.0 ], [ 110.127907396195212, 25.209025768177199, 0.0 ], [ 110.131071064356334, 25.209538665744301, 0.0 ], [ 110.131354388853083, 25.209044764629247, 0.0 ], [ 110.131482900931886, 25.20847163610415, 0.0 ] ] ] } },
{ "type": "Feature", "properties": { }, "geometry": { "type": "Polygon", "coordinates": [ [ [ 110.129154723546662, 25.210671768005689, 0.0 ], [ 110.129224144597998, 25.210368167445832, 0.0 ], [ 110.129293565281557, 25.210064566831857, 0.0 ], [ 110.129362985597496, 25.209760966163774, 0.0 ], [ 110.129199674343383, 25.209494555636471, 0.0 ], [ 110.128867940698385, 25.20942882389414, 0.0 ], [ 110.128534221755231, 25.209365667695341, 0.0 ], [ 110.128200503179784, 25.209302510751918, 0.0 ], [ 110.127866784960929, 25.209239353112977, 0.0 ], [ 110.127531275017674, 25.209184687356995, 0.0 ], [ 110.127192194747664, 25.209154201341139, 0.0 ], [ 110.126851517046774, 25.209150897943456, 0.0 ], [ 110.126511868101375, 25.209174956932486, 0.0 ], [ 110.126175364785439, 25.209223479708687, 0.0 ], [ 110.125936139181263, 25.209425907295898, 0.0 ], [ 110.1259850819538, 25.209732793646573, 0.0 ], [ 110.126254086381479, 25.209914237250594, 0.0 ], [ 110.126586694964928, 25.209982073639633, 0.0 ], [ 110.126919497089318, 25.210049066431097, 0.0 ], [ 110.127254223615097, 25.210107649423286, 0.0 ], [ 110.127584520469711, 25.210172650982543, 0.0 ], [ 110.127829121021961, 25.2103859109105, 0.0 ], [ 110.128154638636047, 25.210477629691777, 0.0 ], [ 110.128487999897118, 25.21054234320594, 0.0 ], [ 110.128821361533952, 25.210607055977256, 0.0 ], [ 110.129154723546662, 25.210671768005689, 0.0 ] ] ] } },
{ "type": "Feature", "properties": { }, "geometry": { "type": "Polygon", "coordinates": [ [ [ 110.130632710866877, 25.212160212027573, 0.0 ], [ 110.130712054831363, 25.211826873772075, 0.0 ], [ 110.130769000135643, 25.211489779856208, 0.0 ], [ 110.130815798747818, 25.211151388344021, 0.0 ], [ 110.130891690360656, 25.210817454020866, 0.0 ], [ 110.130982044218754, 25.21048646102707, 0.0 ], [ 110.131049339323496, 25.210151016840399, 0.0 ], [ 110.131137452649384, 25.20981960044346, 0.0 ], [ 110.130829897758261, 25.209726940130782, 0.0 ], [ 110.130458960688898, 25.209677536706273, 0.0 ], [ 110.13008786954542, 25.209629043698207, 0.0 ], [ 110.129732576956343, 25.209717988071009, 0.0 ], [ 110.129608809685735, 25.210025714848406, 0.0 ], [ 110.129530235803031, 25.210359147072648, 0.0 ], [ 110.129453883727606, 25.210693062901708, 0.0 ], [ 110.129377531207354, 25.211026978665306, 0.0 ], [ 110.129301178242116, 25.21136089436342, 0.0 ], [ 110.129224824831965, 25.211694809996068, 0.0 ], [ 110.129148470976872, 25.212028725563236, 0.0 ], [ 110.129072116676852, 25.212362641064921, 0.0 ], [ 110.12931812277003, 25.21253960838548, 0.0 ], [ 110.129682895783574, 25.212615915522292, 0.0 ], [ 110.130049987761282, 25.212685199672549, 0.0 ], [ 110.130417341231777, 25.212753326415918, 0.0 ], [ 110.130571766252885, 25.212496739337055, 0.0 ], [ 110.130632710866877, 25.212160212027573, 0.0 ] ] ] } },
{ "type": "Feature", "properties": { }, "geometry": { "type": "Polygon", "coordinates": [ [ [ 110.132600834770201, 25.211871510129569, 0.0 ], [ 110.13263939532537, 25.211524474610471, 0.0 ], [ 110.132677955630413, 25.211177439059384, 0.0 ], [ 110.132716515685431, 25.210830403476326, 0.0 ], [ 110.132755075490323, 25.210483367861283, 0.0 ], [ 110.132793635045147, 25.210136332214269, 0.0 ], [ 110.132484528420747, 25.209991805425275, 0.0 ], [ 110.132112744124399, 25.20990738971485, 0.0 ], [ 110.131735443408857, 25.209845926165322, 0.0 ], [ 110.131356656578845, 25.209878312338898, 0.0 ], [ 110.131259352025623, 25.210208259701147, 0.0 ], [ 110.131190197308214, 25.210551316080064, 0.0 ], [ 110.131095705089251, 25.210889276156145, 0.0 ], [ 110.13102530653272, 25.21123203640613, 0.0 ], [ 110.130976142388988, 25.211577898019932, 0.0 ], [ 110.130913145041589, 25.211921893446302, 0.0 ], [ 110.130832663262993, 25.212262866222588, 0.0 ], [ 110.130786045411526, 25.212608607307754, 0.0 ], [ 110.131012152759567, 25.212847753021208, 0.0 ], [ 110.131385420645785, 25.21291718622307, 0.0 ], [ 110.13176433614484, 25.212970442797079, 0.0 ], [ 110.132144316002183, 25.213016997265758, 0.0 ], [ 110.132485151849295, 25.212912616517535, 0.0 ], [ 110.132523713146341, 25.212565581093603, 0.0 ], [ 110.132562274142742, 25.212218545633043, 0.0 ], [ 110.132600834770201, 25.211871510129569, 0.0 ] ] ] } },
{ "type": "Feature", "properties": { }, "geometry": { "type": "Polygon", "coordinates": [ [ [ 110.13219572857848, 25.209700149179838, 0.0 ], [ 110.133768436077787, 25.210223160559334, 0.0 ], [ 110.134295033612318, 25.209711251004503, 0.0 ], [ 110.134275391647193, 25.209386791718249, 0.0 ], [ 110.133956346806499, 25.208739419354785, 0.0 ], [ 110.134138220383434, 25.208395155483451, 0.0 ], [ 110.133796847600365, 25.208189513357965, 0.0 ], [ 110.133448944761156, 25.207978834978853, 0.0 ], [ 110.133191311868487, 25.207744093871554, 0.0 ], [ 110.132842091688119, 25.207532063584434, 0.0 ], [ 110.132137634248593, 25.207116553957409, 0.0 ], [ 110.131970075155152, 25.207288600634424, 0.0 ], [ 110.131447176946807, 25.209529152846315, 0.0 ], [ 110.13219572857848, 25.209700149179838, 0.0 ] ] ] } },
{ "type": "Feature", "properties": { }, "geometry": { "type": "Polygon", "coordinates": [ [ [ 110.134650279355611, 25.208094250789472, 0.0 ], [ 110.134905754348139, 25.208250285856078, 0.0 ], [ 110.135295123086934, 25.208209966765867, 0.0 ], [ 110.135599470502726, 25.208415298472623, 0.0 ], [ 110.135893204745742, 25.208651297345988, 0.0 ], [ 110.136186940125938, 25.208887295658336, 0.0 ], [ 110.136464463518735, 25.208918364257116, 0.0 ], [ 110.136656717120331, 25.208609230666465, 0.0 ], [ 110.136885424119114, 25.208320146241014, 0.0 ], [ 110.136989768667902, 25.208048487410071, 0.0 ], [ 110.136876139303013, 25.207771194033878, 0.0 ], [ 110.137098663761407, 25.207477729010058, 0.0 ], [ 110.137321187091999, 25.207184263553692, 0.0 ], [ 110.137543709037544, 25.206890797552504, 0.0 ], [ 110.137421317007139, 25.20666424672595, 0.0 ], [ 110.137086714857205, 25.206478668087854, 0.0 ], [ 110.136787659574196, 25.206446507329741, 0.0 ], [ 110.136563862764049, 25.206739169302377, 0.0 ], [ 110.13634006480261, 25.207031830852586, 0.0 ], [ 110.136116265759199, 25.207324492024217, 0.0 ], [ 110.135892465633589, 25.207617152817246, 0.0 ], [ 110.135532718057149, 25.207517343612714, 0.0 ], [ 110.135164920075397, 25.20739429039293, 0.0 ], [ 110.134897648864452, 25.207489770240727, 0.0 ], [ 110.134737689795912, 25.207746714509259, 0.0 ], [ 110.134650279355611, 25.208094250789472, 0.0 ] ] ] } },
{ "type": "Feature", "properties": { }, "geometry": { "type": "Polygon", "coordinates": [ [ [ 110.140616117403255, 25.19623930399937, 0.0 ], [ 110.140153008660377, 25.195901726380438, 0.0 ], [ 110.139689902487902, 25.195564147363562, 0.0 ], [ 110.139226798885858, 25.195226566948801, 0.0 ], [ 110.138763697854088, 25.194888985136224, 0.0 ], [ 110.138300599392622, 25.194551401925903, 0.0 ], [ 110.137837503501487, 25.194213817317898, 0.0 ], [ 110.137374410180456, 25.19387623131227, 0.0 ], [ 110.136939467210766, 25.193644309527279, 0.0 ], [ 110.13669764422194, 25.194137351386559, 0.0 ], [ 110.136400880218886, 25.194600713374488, 0.0 ], [ 110.135935955839713, 25.194931193468463, 0.0 ], [ 110.135378588433014, 25.195115114760156, 0.0 ], [ 110.135394631471328, 25.195392192587128, 0.0 ], [ 110.135856557265171, 25.195731106234064, 0.0 ], [ 110.136318485632643, 25.196070018490744, 0.0 ], [ 110.1367804165737, 25.196408929357098, 0.0 ], [ 110.137242350088314, 25.196747838833073, 0.0 ], [ 110.137704286176742, 25.197086746918611, 0.0 ], [ 110.138180173172188, 25.197408713375694, 0.0 ], [ 110.139190485980279, 25.197950858854913, 0.0 ], [ 110.139573541229524, 25.197552206702294, 0.0 ], [ 110.139921069129244, 25.197114573375838, 0.0 ], [ 110.140268594520492, 25.196676939141511, 0.0 ], [ 110.140616117403255, 25.19623930399937, 0.0 ] ] ] } },
{ "type": "Feature", "properties": { }, "geometry": { "type": "Polygon", "coordinates": [ [ [ 110.136019558140632, 25.20207015874513, 0.0 ], [ 110.136438738521903, 25.201542823246371, 0.0 ], [ 110.136857915256485, 25.201015486426442, 0.0 ], [ 110.137277088344661, 25.200488148285412, 0.0 ], [ 110.137696257786502, 25.199960808823377, 0.0 ], [ 110.138115423582121, 25.199433468040407, 0.0 ], [ 110.138819820186924, 25.19835065374534, 0.0 ], [ 110.138233899237491, 25.197981031511379, 0.0 ], [ 110.137641041694039, 25.197617119473815, 0.0 ], [ 110.137082646074418, 25.197210440767353, 0.0 ], [ 110.13652584337143, 25.196801928356251, 0.0 ], [ 110.135969044407886, 25.196393413925041, 0.0 ], [ 110.135391023540777, 25.196025949428652, 0.0 ], [ 110.135003260789489, 25.196537320982376, 0.0 ], [ 110.134694800139371, 25.197124486473971, 0.0 ], [ 110.134386336460665, 25.197711651197498, 0.0 ], [ 110.134082241484592, 25.198300633629426, 0.0 ], [ 110.133876497691332, 25.198922682320664, 0.0 ], [ 110.13381324941092, 25.199569711296618, 0.0 ], [ 110.133892252370572, 25.200215641579909, 0.0 ], [ 110.133937406122527, 25.200864016162171, 0.0 ], [ 110.134242737229911, 25.201366202689304, 0.0 ], [ 110.135451403387123, 25.202062532455397, 0.0 ], [ 110.136019558140632, 25.20207015874513, 0.0 ] ] ] } },
{ "type": "Feature", "properties": { }, "geometry": { "type": "Polygon", "coordinates": [ [ [ 110.135283177053424, 25.204688876565516, 0.0 ], [ 110.135650145016953, 25.202966028446316, 0.0 ], [ 110.135729364560717, 25.202622638188387, 0.0 ], [ 110.135625968368501, 25.202334041896307, 0.0 ], [ 110.135300040973874, 25.202146273240423, 0.0 ], [ 110.134974114593035, 25.201958503887962, 0.0 ], [ 110.134648189226027, 25.201770733838959, 0.0 ], [ 110.134322264872893, 25.201582963093411, 0.0 ], [ 110.133993408121967, 25.20142141833319, 0.0 ], [ 110.133511124826867, 25.202025688731901, 0.0 ], [ 110.133117611837278, 25.202934246136255, 0.0 ], [ 110.133155543772759, 25.203195621362923, 0.0 ], [ 110.135283177053424, 25.204688876565516, 0.0 ] ] ] } },
{ "type": "Feature", "properties": { }, "geometry": { "type": "Polygon", "coordinates": [ [ [ 110.142768117920411, 25.197827017838659, 0.0 ], [ 110.143110626184992, 25.198093349763244, 0.0 ], [ 110.143465930010279, 25.198346826822572, 0.0 ], [ 110.143821235317532, 25.198600303058349, 0.0 ], [ 110.14417654210655, 25.19885377847055, 0.0 ], [ 110.144478125961754, 25.198687113082588, 0.0 ], [ 110.144759983922967, 25.198366193572646, 0.0 ], [ 110.144953282013361, 25.198027762712915, 0.0 ], [ 110.14464034652157, 25.19773166388681, 0.0 ], [ 110.144327096793191, 25.19743581982058, 0.0 ], [ 110.144013848577146, 25.197139975118922, 0.0 ], [ 110.143700601873348, 25.196844129781859, 0.0 ], [ 110.143387356682013, 25.196548283809417, 0.0 ], [ 110.143074113002783, 25.196252437201625, 0.0 ], [ 110.142760870835872, 25.195956589958509, 0.0 ], [ 110.142447630181195, 25.19566074208009, 0.0 ], [ 110.142134391038709, 25.195364893566406, 0.0 ], [ 110.141782496914658, 25.195358909038241, 0.0 ], [ 110.141517929043289, 25.19569178609925, 0.0 ], [ 110.141253359719443, 25.19602466263423, 0.0 ], [ 110.141031385090244, 25.196237783777271, 0.0 ], [ 110.141518717753144, 25.196640500156732, 0.0 ], [ 110.141831065527356, 25.196937130524592, 0.0 ], [ 110.142143414813248, 25.197233760260886, 0.0 ], [ 110.142455765610947, 25.197530389365586, 0.0 ], [ 110.142768117920411, 25.197827017838659, 0.0 ] ] ] } },
{ "type": "Feature", "properties": { }, "geometry": { "type": "Polygon", "coordinates": [ [ [ 110.141465064307965, 25.199666809598568, 0.0 ], [ 110.141875807592413, 25.199968132977354, 0.0 ], [ 110.142286552911742, 25.200269455256393, 0.0 ], [ 110.142708947540555, 25.20055057343437, 0.0 ], [ 110.143072617250439, 25.20022798258502, 0.0 ], [ 110.143400894857677, 25.199852160331503, 0.0 ], [ 110.143751033113404, 25.199494538826844, 0.0 ], [ 110.144090744474923, 25.199128176357085, 0.0 ], [ 110.142490084539091, 25.197967453724289, 0.0 ], [ 110.142125072250806, 25.197620814945942, 0.0 ], [ 110.141760062027174, 25.197274175305076, 0.0 ], [ 110.140848354354645, 25.196405128228829, 0.0 ], [ 110.140379957567916, 25.19693743575273, 0.0 ], [ 110.140070960809567, 25.197326551485133, 0.0 ], [ 110.139761962068036, 25.197715666499828, 0.0 ], [ 110.139483394540406, 25.198117455014991, 0.0 ], [ 110.139822111757042, 25.198461504817818, 0.0 ], [ 110.140232846842594, 25.1987628326624, 0.0 ], [ 110.140643583962841, 25.19906415940741, 0.0 ], [ 110.141054323117984, 25.199365485052823, 0.0 ], [ 110.141465064307965, 25.199666809598568, 0.0 ] ] ] } },
{ "type": "Feature", "properties": { }, "geometry": { "type": "Polygon", "coordinates": [ [ [ 110.147654624328283, 25.20472899012125, 0.0 ], [ 110.146912390689494, 25.204184549971142, 0.0 ], [ 110.146170163695686, 25.203640106228423, 0.0 ], [ 110.145427943346704, 25.203095658893368, 0.0 ], [ 110.144744208435611, 25.203047295883565, 0.0 ], [ 110.144145772027528, 25.203722558030822, 0.0 ], [ 110.143547328974421, 25.204397817521606, 0.0 ], [ 110.144136733731699, 25.204878595567656, 0.0 ], [ 110.144684944173022, 25.205532891055139, 0.0 ], [ 110.145603203308738, 25.205505085485722, 0.0 ], [ 110.145340726588799, 25.206230828873625, 0.0 ], [ 110.14449138818064, 25.206617728740955, 0.0 ], [ 110.143965909582889, 25.207281367463406, 0.0 ], [ 110.144243848791263, 25.20774813833938, 0.0 ], [ 110.145115305908845, 25.208100061599016, 0.0 ], [ 110.14605424398701, 25.208158144897489, 0.0 ], [ 110.146977149859907, 25.208372376319836, 0.0 ], [ 110.14784697615562, 25.208727633380715, 0.0 ], [ 110.148716807631288, 25.209082885439077, 0.0 ], [ 110.149281241045799, 25.208786008356032, 0.0 ], [ 110.149602183688245, 25.207969211247562, 0.0 ], [ 110.149877495908584, 25.207141157629319, 0.0 ], [ 110.149850750339354, 25.20639200926399, 0.0 ], [ 110.149110881169278, 25.205845264992391, 0.0 ], [ 110.148396864560027, 25.205273426737307, 0.0 ], [ 110.147654624328283, 25.20472899012125, 0.0 ] ] ] } },
{ "type": "Feature", "properties": { }, "geometry": { "type": "Polygon", "coordinates": [ [ [ 110.151111207680614, 25.210532374856388, 0.0 ], [ 110.150626253992939, 25.21033636835978, 0.0 ], [ 110.150141301899325, 25.210140360307701, 0.0 ], [ 110.149656351399699, 25.209944350700166, 0.0 ], [ 110.149181210500757, 25.209847490582387, 0.0 ], [ 110.149001745466606, 25.210301772322108, 0.0 ], [ 110.148823118486504, 25.210756362736326, 0.0 ], [ 110.148644490132554, 25.21121095287241, 0.0 ], [ 110.14846586040467, 25.211665542730334, 0.0 ], [ 110.148287229302767, 25.212120132310094, 0.0 ], [ 110.148108596827001, 25.212574721611684, 0.0 ], [ 110.148172947502218, 25.212814347486756, 0.0 ], [ 110.148682192759438, 25.212679868181823, 0.0 ], [ 110.149208315704755, 25.212622781215096, 0.0 ], [ 110.149737239978165, 25.212652272400277, 0.0 ], [ 110.150252041405139, 25.212766992467717, 0.0 ], [ 110.150752020271824, 25.212928748186396, 0.0 ], [ 110.151217129171386, 25.21298321701887, 0.0 ], [ 110.151547973469675, 25.212605760803839, 0.0 ], [ 110.151878815713061, 25.212228303776168, 0.0 ], [ 110.152209655901615, 25.211850845935896, 0.0 ], [ 110.152540494035492, 25.211473387283046, 0.0 ], [ 110.152566078195676, 25.211120385241461, 0.0 ], [ 110.152081119763409, 25.210924383335371, 0.0 ], [ 110.15159616292506, 25.210728379873665, 0.0 ], [ 110.151111207680614, 25.210532374856388, 0.0 ] ] ] } },
{ "type": "Feature", "properties": { }, "geometry": { "type": "Polygon", "coordinates": [ [ [ 110.15374273280402, 25.211607143555568, 0.0 ], [ 110.153341987720594, 25.211439860414593, 0.0 ], [ 110.152936649826898, 25.211318032569924, 0.0 ], [ 110.15265828661542, 25.211628560605796, 0.0 ], [ 110.152383400258898, 25.211942183316381, 0.0 ], [ 110.152108512483935, 25.212255805466, 0.0 ], [ 110.151833623290401, 25.212569427054639, 0.0 ], [ 110.151558732678211, 25.212883048082279, 0.0 ], [ 110.151444387068054, 25.213153653790283, 0.0 ], [ 110.151865658431362, 25.213271856932206, 0.0 ], [ 110.152293061348857, 25.213370193956802, 0.0 ], [ 110.15272501438028, 25.213450603252983, 0.0 ], [ 110.153157241500807, 25.213529841750741, 0.0 ], [ 110.15358647050509, 25.213621398756896, 0.0 ], [ 110.154010931211019, 25.213729858071137, 0.0 ], [ 110.154429892980687, 25.213854713521666, 0.0 ], [ 110.154760733220229, 25.213721781934982, 0.0 ], [ 110.155033918055253, 25.213406928147606, 0.0 ], [ 110.15530710147452, 25.213092073805662, 0.0 ], [ 110.155580283478045, 25.212777218909157, 0.0 ], [ 110.15574457457295, 25.212446543208525, 0.0 ], [ 110.15534572430407, 25.212276265624475, 0.0 ], [ 110.154944974744922, 25.212108986699832, 0.0 ], [ 110.154544226308545, 25.211941706713453, 0.0 ], [ 110.154143478994854, 25.211774425665357, 0.0 ], [ 110.15374273280402, 25.211607143555568, 0.0 ] ] ] } },
{ "type": "Feature", "properties": { }, "geometry": { "type": "Polygon", "coordinates": [ [ [ 110.158599592592182, 25.213586580527561, 0.0 ], [ 110.158998210994866, 25.213786190217302, 0.0 ], [ 110.159284446322488, 25.213553053754879, 0.0 ], [ 110.15949167814081, 25.213184538434621, 0.0 ], [ 110.159665655748441, 25.212802515875975, 0.0 ], [ 110.159867579783707, 25.212431844993223, 0.0 ], [ 110.160074808157688, 25.212063328841481, 0.0 ], [ 110.160035645944063, 25.211706225455337, 0.0 ], [ 110.159670427349269, 25.211459337500866, 0.0 ], [ 110.159305210240973, 25.21121244867394, 0.0 ], [ 110.158975639786192, 25.210929698120207, 0.0 ], [ 110.158693520882821, 25.211073869994504, 0.0 ], [ 110.158390344408872, 25.211178981455571, 0.0 ], [ 110.158002393536933, 25.21096268827505, 0.0 ], [ 110.157614444056435, 25.210746394105612, 0.0 ], [ 110.157328973194979, 25.211053104305076, 0.0 ], [ 110.157047069185865, 25.211378025230101, 0.0 ], [ 110.15676516366932, 25.21170294556471, 0.0 ], [ 110.156483256645259, 25.212027865308862, 0.0 ], [ 110.156234574839274, 25.212365020625661, 0.0 ], [ 110.156606521827143, 25.212588514089511, 0.0 ], [ 110.157005133331765, 25.212788129470312, 0.0 ], [ 110.157403746160568, 25.212987743804547, 0.0 ], [ 110.157802360313525, 25.213187357092188, 0.0 ], [ 110.158200975790749, 25.2133869693332, 0.0 ], [ 110.158599592592182, 25.213586580527561, 0.0 ] ] ] } },
{ "type": "Feature", "properties": { }, "geometry": { "type": "Polygon", "coordinates": [ [ [ 110.14813404671122, 25.209329044362089, 0.0 ], [ 110.147308248353951, 25.208995252576521, 0.0 ], [ 110.146458681937347, 25.208717590461212, 0.0 ], [ 110.145851143397408, 25.208978493429004, 0.0 ], [ 110.144979589992971, 25.208763718405475, 0.0 ], [ 110.144400444219983, 25.208546438671448, 0.0 ], [ 110.143498492085513, 25.208596559492506, 0.0 ], [ 110.142595638267622, 25.208606740222358, 0.0 ], [ 110.142241702141604, 25.209048619099761, 0.0 ], [ 110.142289404201804, 25.209869556501665, 0.0 ], [ 110.142862279313377, 25.210202891523533, 0.0 ], [ 110.143765434479903, 25.210229960486707, 0.0 ], [ 110.144576150232126, 25.210441072840137, 0.0 ], [ 110.144632249776919, 25.211250472768185, 0.0 ], [ 110.14470743132695, 25.212054185477054, 0.0 ], [ 110.144701919810828, 25.212876254535239, 0.0 ], [ 110.14521009130145, 25.213252266545464, 0.0 ], [ 110.146080407869704, 25.213305270852441, 0.0 ], [ 110.146968995830079, 25.213158898083666, 0.0 ], [ 110.147703710347358, 25.212800642099197, 0.0 ], [ 110.148007901570608, 25.212026533730949, 0.0 ], [ 110.148312088809419, 25.211252424556015, 0.0 ], [ 110.148616272064103, 25.210478314574445, 0.0 ], [ 110.148914572844646, 25.209702954278139, 0.0 ], [ 110.14813404671122, 25.209329044362089, 0.0 ] ] ] } },
{ "type": "Feature", "properties": { }, "geometry": { "type": "Polygon", "coordinates": [ [ [ 110.158085972563612, 25.215600702871829, 0.0 ], [ 110.158287205769255, 25.215242153793909, 0.0 ], [ 110.158488756988177, 25.214883752608259, 0.0 ], [ 110.158713366201113, 25.214538017861511, 0.0 ], [ 110.158928043740815, 25.214186827871131, 0.0 ], [ 110.15872081201573, 25.213915172230621, 0.0 ], [ 110.158333132392116, 25.213721038934136, 0.0 ], [ 110.157945454020975, 25.213526904647633, 0.0 ], [ 110.157557776902365, 25.213332769371139, 0.0 ], [ 110.1571701010363, 25.213138633104666, 0.0 ], [ 110.156782426422851, 25.212944495848262, 0.0 ], [ 110.156394753061875, 25.212750357601944, 0.0 ], [ 110.155997881356711, 25.212600360408828, 0.0 ], [ 110.155717526231385, 25.212910416515101, 0.0 ], [ 110.155443349509625, 25.213226417938319, 0.0 ], [ 110.155169171361791, 25.213542418802934, 0.0 ], [ 110.15489499178787, 25.213858419108941, 0.0 ], [ 110.155048955449629, 25.214072003734621, 0.0 ], [ 110.155452216210662, 25.214237722874266, 0.0 ], [ 110.155847647190029, 25.214418339178017, 0.0 ], [ 110.156234518427112, 25.214613737007056, 0.0 ], [ 110.156611227910716, 25.214824918045238, 0.0 ], [ 110.156994588076202, 25.215025718746272, 0.0 ], [ 110.157365887644488, 25.215244437556283, 0.0 ], [ 110.157734268678084, 25.215467519693302, 0.0 ], [ 110.158085972563612, 25.215600702871829, 0.0 ] ] ] } },
{ "type": "Feature", "properties": { }, "geometry": { "type": "Polygon", "coordinates": [ [ [ 110.154642617504521, 25.209074965960291, 0.0 ], [ 110.154302441583326, 25.208805376949751, 0.0 ], [ 110.153836071782592, 25.208603981358316, 0.0 ], [ 110.153369703552826, 25.208402584330141, 0.0 ], [ 110.152903336894084, 25.20820118586526, 0.0 ], [ 110.152436971806253, 25.207999785963715, 0.0 ], [ 110.151978324420156, 25.207784420270254, 0.0 ], [ 110.151544331617558, 25.207613863813982, 0.0 ], [ 110.151164657729566, 25.207932085750979, 0.0 ], [ 110.150784981871524, 25.208250306647955, 0.0 ], [ 110.150405304043332, 25.208568526504891, 0.0 ], [ 110.14946528983883, 25.209367246602266, 0.0 ], [ 110.15018878196156, 25.209684235972187, 0.0 ], [ 110.150659685016336, 25.209876710519833, 0.0 ], [ 110.151130589590267, 25.210069183601142, 0.0 ], [ 110.151601495683437, 25.210261655216083, 0.0 ], [ 110.152072403295861, 25.210454125364627, 0.0 ], [ 110.152543312427426, 25.210646594046722, 0.0 ], [ 110.15301422307823, 25.210839061262327, 0.0 ], [ 110.153355239701483, 25.21054381736597, 0.0 ], [ 110.153677087068957, 25.210176605667836, 0.0 ], [ 110.153998932491959, 25.209809393200818, 0.0 ], [ 110.154320775970433, 25.209442179964956, 0.0 ], [ 110.154642617504521, 25.209074965960291, 0.0 ] ] ] } },
{ "type": "Feature", "properties": { }, "geometry": { "type": "Polygon", "coordinates": [ [ [ 110.157524980446809, 25.210196930448955, 0.0 ], [ 110.157126732097325, 25.210024964766628, 0.0 ], [ 110.156728484893364, 25.209852998036475, 0.0 ], [ 110.156330238834755, 25.209681030258515, 0.0 ], [ 110.155931993921598, 25.209509061432776, 0.0 ], [ 110.155533750153879, 25.209337091559284, 0.0 ], [ 110.155135507531682, 25.209165120638069, 0.0 ], [ 110.154773911455351, 25.209214733696655, 0.0 ], [ 110.154499087013406, 25.209528302569652, 0.0 ], [ 110.154224261153601, 25.209841870882077, 0.0 ], [ 110.153949433876079, 25.210155438633894, 0.0 ], [ 110.153674605180612, 25.21046900582509, 0.0 ], [ 110.153339282829691, 25.210952454558907, 0.0 ], [ 110.154265875703075, 25.21135061716754, 0.0 ], [ 110.154667996844566, 25.211514962838336, 0.0 ], [ 110.155070119093736, 25.211679307439685, 0.0 ], [ 110.155472242450585, 25.211843650971574, 0.0 ], [ 110.1558743669151, 25.212007993433957, 0.0 ], [ 110.156168995634431, 25.211777804021956, 0.0 ], [ 110.156440195420217, 25.211461630401654, 0.0 ], [ 110.156711393794382, 25.211145456234174, 0.0 ], [ 110.156982590756812, 25.210829281519558, 0.0 ], [ 110.157253786307621, 25.210513106257807, 0.0 ], [ 110.157524980446809, 25.210196930448955, 0.0 ] ] ] } },
{ "type": "Feature", "properties": { }, "geometry": { "type": "Polygon", "coordinates": [ [ [ 110.138002000413735, 25.200155273224912, 0.0 ], [ 110.139646047381319, 25.200298224383559, 0.0 ], [ 110.139947704865023, 25.200252273188845, 0.0 ], [ 110.140243980238083, 25.200063327260729, 0.0 ], [ 110.140597160154499, 25.199920770629419, 0.0 ], [ 110.14096178047167, 25.199978012178885, 0.0 ], [ 110.140891749556971, 25.199827078362478, 0.0 ], [ 110.140589005402745, 25.199604981614044, 0.0 ], [ 110.140286262353982, 25.199382884268207, 0.0 ], [ 110.13998352041078, 25.199160786324988, 0.0 ], [ 110.139680779573041, 25.198938687784405, 0.0 ], [ 110.139378039840679, 25.198716588646484, 0.0 ], [ 110.13905560214917, 25.198567719681481, 0.0 ], [ 110.13882440474201, 25.198851765382358, 0.0 ], [ 110.138596511358969, 25.19913847861768, 0.0 ], [ 110.138368616898177, 25.199425191462588, 0.0 ], [ 110.138140721359662, 25.199711903917059, 0.0 ], [ 110.137912824743282, 25.199998615981094, 0.0 ], [ 110.138002000413735, 25.200155273224912, 0.0 ] ] ] } },
{ "type": "Feature", "properties": { }, "geometry": { "type": "Polygon", "coordinates": [ [ [ 110.141738054629599, 25.201908157010951, 0.0 ], [ 110.141876938883996, 25.201713490040301, 0.0 ], [ 110.142022318779169, 25.201522481006105, 0.0 ], [ 110.142168519689719, 25.201331990550038, 0.0 ], [ 110.142317024118825, 25.201142981370008, 0.0 ], [ 110.142381318363462, 25.200934058182202, 0.0 ], [ 110.14219223545733, 25.2007800203153, 0.0 ], [ 110.141993442259391, 25.200634186594488, 0.0 ], [ 110.141794649538056, 25.20048835261607, 0.0 ], [ 110.141595857293382, 25.200342518380044, 0.0 ], [ 110.141397065525425, 25.200196683886414, 0.0 ], [ 110.141295351560785, 25.200322128043158, 0.0 ], [ 110.140665907780559, 25.201401472065822, 0.0 ], [ 110.140629284454747, 25.201544147288171, 0.0 ], [ 110.140787256344268, 25.201498117453234, 0.0 ], [ 110.140989519534713, 25.2013604481395, 0.0 ], [ 110.141240255418182, 25.201340392353305, 0.0 ], [ 110.141491965702116, 25.201353492649982, 0.0 ], [ 110.141715180864921, 25.201458409842182, 0.0 ], [ 110.141738054629599, 25.201908157010951, 0.0 ] ] ] } },
{ "type": "Feature", "properties": { }, "geometry": { "type": "Polygon", "coordinates": [ [ [ 110.141850425058436, 25.204529773081433, 0.0 ], [ 110.141747774028062, 25.203865486435305, 0.0 ], [ 110.141860371134726, 25.203417110276249, 0.0 ], [ 110.141548874344309, 25.203150272155117, 0.0 ], [ 110.141175317960659, 25.20350107648412, 0.0 ], [ 110.140756104277571, 25.204053908424431, 0.0 ], [ 110.140336886765496, 25.204606739035437, 0.0 ], [ 110.139917665424321, 25.205159568317061, 0.0 ], [ 110.139498440253888, 25.20571239626921, 0.0 ], [ 110.139079211254057, 25.206265222891783, 0.0 ], [ 110.138659978424684, 25.206818048184719, 0.0 ], [ 110.138000431141833, 25.207820259963988, 0.0 ], [ 110.140137325063947, 25.207935030052976, 0.0 ], [ 110.140870280554154, 25.208015319469744, 0.0 ], [ 110.141603237120322, 25.208095605277261, 0.0 ], [ 110.142238802327668, 25.208061797259024, 0.0 ], [ 110.142414263135365, 25.207422384107659, 0.0 ], [ 110.14283899122313, 25.206880499917144, 0.0 ], [ 110.143094352072325, 25.206292376567287, 0.0 ], [ 110.143194968990642, 25.205660529200419, 0.0 ], [ 110.142625687547991, 25.205264526956906, 0.0 ], [ 110.142534042977914, 25.204630221219077, 0.0 ], [ 110.141850425058436, 25.204529773081433, 0.0 ] ] ] } },
{ "type": "Feature", "properties": { }, "geometry": { "type": "Polygon", "coordinates": [ [ [ 110.143389297155068, 25.202093744786033, 0.0 ], [ 110.14321834360743, 25.201968100656124, 0.0 ], [ 110.143047390849787, 25.201842455843643, 0.0 ], [ 110.14287643844537, 25.201716810840647, 0.0 ], [ 110.142705486394036, 25.201591165647137, 0.0 ], [ 110.14257498005091, 25.201726921565459, 0.0 ], [ 110.142448797149981, 25.201890622073094, 0.0 ], [ 110.142323278031355, 25.20205474274054, 0.0 ], [ 110.142198482360541, 25.202219321327135, 0.0 ], [ 110.142062715216383, 25.202375922275241, 0.0 ], [ 110.141915870140323, 25.202524468154369, 0.0 ], [ 110.141791073447862, 25.202689046368747, 0.0 ], [ 110.141666276416188, 25.202853624465341, 0.0 ], [ 110.141782978812529, 25.202887095819733, 0.0 ], [ 110.141997121802461, 25.202842642023583, 0.0 ], [ 110.142209566618405, 25.202791519697662, 0.0 ], [ 110.142420045613349, 25.202735742681728, 0.0 ], [ 110.142598215137866, 25.202619657368288, 0.0 ], [ 110.14265129134634, 25.202447183349161, 0.0 ], [ 110.142672573787337, 25.202259131855119, 0.0 ], [ 110.142868308614553, 25.202175478577029, 0.0 ], [ 110.143085875211753, 25.202149541613537, 0.0 ], [ 110.143305152195055, 25.202159815407175, 0.0 ], [ 110.143389297155068, 25.202093744786033, 0.0 ] ] ] } },
{ "type": "Feature", "properties": { }, "geometry": { "type": "Polygon", "coordinates": [ [ [ 110.143809896412591, 25.201155539639675, 0.0 ], [ 110.145884601141574, 25.202966845198652, 0.0 ], [ 110.146993389514478, 25.203780176541805, 0.0 ], [ 110.148102192716308, 25.204593499867588, 0.0 ], [ 110.149211010747663, 25.205406815175085, 0.0 ], [ 110.150345273675498, 25.206186599156212, 0.0 ], [ 110.151456868179011, 25.206996722755392, 0.0 ], [ 110.152599400174168, 25.206881640334128, 0.0 ], [ 110.153747052632809, 25.206114189425982, 0.0 ], [ 110.154075686425301, 25.205142061570477, 0.0 ], [ 110.153525975521063, 25.203946649956176, 0.0 ], [ 110.152881661812316, 25.202791339379086, 0.0 ], [ 110.152423949092949, 25.201572325263772, 0.0 ], [ 110.152067794601479, 25.200343737949861, 0.0 ], [ 110.151309490004408, 25.199584841316916, 0.0 ], [ 110.149901149375552, 25.199671199888144, 0.0 ], [ 110.149147740087358, 25.198602124311616, 0.0 ], [ 110.148393414749066, 25.197705996809169, 0.0 ], [ 110.147358882377347, 25.197329966232029, 0.0 ], [ 110.146235121636394, 25.197409560632508, 0.0 ], [ 110.145346043157431, 25.198421875567789, 0.0 ], [ 110.144456949878332, 25.199434184635034, 0.0 ], [ 110.143602697253101, 25.200469225799733, 0.0 ], [ 110.143809896412591, 25.201155539639675, 0.0 ] ] ] } },
{ "type": "Feature", "properties": { }, "geometry": { "type": "Polygon", "coordinates": [ [ [ 110.138284727512243, 25.194158149537575, 0.0 ], [ 110.139250950530908, 25.194862492475526, 0.0 ], [ 110.140217184738546, 25.195566829328623, 0.0 ], [ 110.141089744371129, 25.195642859445439, 0.0 ], [ 110.141800891103586, 25.19472102586569, 0.0 ], [ 110.142364331628173, 25.193719501571501, 0.0 ], [ 110.142758568143464, 25.192652161291527, 0.0 ], [ 110.143114827128144, 25.191573550017473, 0.0 ], [ 110.142579049768699, 25.190711295468361, 0.0 ], [ 110.141478316155727, 25.19110016087398, 0.0 ], [ 110.140346471104124, 25.190696090091667, 0.0 ], [ 110.139414652781156, 25.190144542458814, 0.0 ], [ 110.138636099070951, 25.190847049535485, 0.0 ], [ 110.136506925401463, 25.188603378225817, 0.0 ], [ 110.137331116581734, 25.187931237887785, 0.0 ], [ 110.13765175227293, 25.187042631341992, 0.0 ], [ 110.136487964886555, 25.186658459183594, 0.0 ], [ 110.135445657557796, 25.187075062268491, 0.0 ], [ 110.134588236728987, 25.187876019334524, 0.0 ], [ 110.135238084590895, 25.188548551433897, 0.0 ], [ 110.135963285693151, 25.189361520866303, 0.0 ], [ 110.135037931005911, 25.19002696350482, 0.0 ], [ 110.134856150540017, 25.19097869118103, 0.0 ], [ 110.135645830038683, 25.191842378929746, 0.0 ], [ 110.136352314483858, 25.192749446041674, 0.0 ], [ 110.137318515403905, 25.193453800831456, 0.0 ], [ 110.138284727512243, 25.194158149537575, 0.0 ] ] ] } },
{ "type": "Feature", "properties": { }, "geometry": { "type": "Polygon", "coordinates": [ [ [ 110.137047149894769, 25.185957268707725, 0.0 ], [ 110.138412875079339, 25.186568269620057, 0.0 ], [ 110.138908851493824, 25.186742414170411, 0.0 ], [ 110.139404829363883, 25.186916557091166, 0.0 ], [ 110.139900808689575, 25.187090698382267, 0.0 ], [ 110.140396789470685, 25.187264838043696, 0.0 ], [ 110.140892771707314, 25.187438976075391, 0.0 ], [ 110.141400175121973, 25.187582028771324, 0.0 ], [ 110.141924366847633, 25.187652432580421, 0.0 ], [ 110.142055909053738, 25.187242276052839, 0.0 ], [ 110.142046822021157, 25.186759130395291, 0.0 ], [ 110.142115714497606, 25.186279991936232, 0.0 ], [ 110.142261104058591, 25.185815197129585, 0.0 ], [ 110.142465147714205, 25.185368580326291, 0.0 ], [ 110.142674088604707, 25.184923775542639, 0.0 ], [ 110.142761885650671, 25.184475604353931, 0.0 ], [ 110.142298974862669, 25.184240653434145, 0.0 ], [ 110.14182815906193, 25.184016022161, 0.0 ], [ 110.141357345078575, 25.183791389331002, 0.0 ], [ 110.140886533040359, 25.183566754722598, 0.0 ], [ 110.140442844546683, 25.183630656061609, 0.0 ], [ 110.140020796365434, 25.183924783971655, 0.0 ], [ 110.139580574684416, 25.184193905085351, 0.0 ], [ 110.139157440233234, 25.184486660440516, 0.0 ], [ 110.138735386187406, 25.184780784632554, 0.0 ], [ 110.138313330130657, 25.18507490755535, 0.0 ], [ 110.137891272063044, 25.185369029208836, 0.0 ], [ 110.137047149894769, 25.185957268707725, 0.0 ] ] ] } },
{ "type": "Feature", "properties": { }, "geometry": { "type": "Polygon", "coordinates": [ [ [ 110.144036871625644, 25.189750526500056, 0.0 ], [ 110.143960432635723, 25.189543931490626, 0.0 ], [ 110.14388399424611, 25.189337336334869, 0.0 ], [ 110.143802862325359, 25.189132824879696, 0.0 ], [ 110.143670953519091, 25.188950854713354, 0.0 ], [ 110.143539045587175, 25.188768884142835, 0.0 ], [ 110.143409452621484, 25.188585562375405, 0.0 ], [ 110.143212629029804, 25.188462914128152, 0.0 ], [ 110.143012237021779, 25.188343449757983, 0.0 ], [ 110.142783384525075, 25.188357633320379, 0.0 ], [ 110.142682398794989, 25.188468084274721, 0.0 ], [ 110.142766572094487, 25.18867217475724, 0.0 ], [ 110.142850745665385, 25.188876265193684, 0.0 ], [ 110.142934919507383, 25.189080355584043, 0.0 ], [ 110.143019093620779, 25.189284445928333, 0.0 ], [ 110.143103268005291, 25.189488536226534, 0.0 ], [ 110.143187442661144, 25.189692626478656, 0.0 ], [ 110.143268015994266, 25.189897903987756, 0.0 ], [ 110.143334687687116, 25.190107227261432, 0.0 ], [ 110.143387591454712, 25.190319776100761, 0.0 ], [ 110.143426883716899, 25.190534766537038, 0.0 ], [ 110.14344973911011, 25.190751715784142, 0.0 ], [ 110.143458826194276, 25.190969490559937, 0.0 ], [ 110.143649178071115, 25.191016117648026, 0.0 ], [ 110.143879696614434, 25.190992037650783, 0.0 ], [ 110.143986240937537, 25.190796791948355, 0.0 ], [ 110.144092784434591, 25.19060154593884, 0.0 ], [ 110.144137092202612, 25.190387445847104, 0.0 ], [ 110.144151509725717, 25.190173841301441, 0.0 ], [ 110.144094190330918, 25.189962183968554, 0.0 ], [ 110.144036871625644, 25.189750526500056, 0.0 ] ] ] } },
{ "type": "Feature", "properties": { }, "geometry": { "type": "Polygon", "coordinates": [ [ [ 110.197341980600072, 25.230735871471655, 0.0 ], [ 110.197523465458474, 25.231076187728153, 0.0 ], [ 110.197704951305866, 25.231416503771051, 0.0 ], [ 110.197886438142362, 25.231756819600339, 0.0 ], [ 110.198067925833215, 25.232097135275406, 0.0 ], [ 110.198249414457592, 25.232437450761314, 0.0 ], [ 110.198430904143876, 25.23277776600149, 0.0 ], [ 110.198612394819278, 25.233118081028017, 0.0 ], [ 110.198793886483728, 25.233458395840881, 0.0 ], [ 110.198975379137437, 25.233798710440066, 0.0 ], [ 110.199290129565966, 25.233882771598076, 0.0 ], [ 110.199643187603215, 25.233682918002661, 0.0 ], [ 110.199996244501193, 25.233483063529867, 0.0 ], [ 110.200314548100167, 25.233241747014489, 0.0 ], [ 110.200667602675708, 25.233041890901692, 0.0 ], [ 110.200945243554258, 25.232788120439519, 0.0 ], [ 110.200861995235897, 25.232438246873961, 0.0 ], [ 110.200695022481696, 25.23209183730896, 0.0 ], [ 110.200554987051973, 25.231737566102655, 0.0 ], [ 110.20042045015748, 25.231381690188282, 0.0 ], [ 110.200253480392675, 25.231035279994217, 0.0 ], [ 110.200086511049449, 25.230688869818422, 0.0 ], [ 110.199919542629189, 25.23034245946106, 0.0 ], [ 110.199752575131683, 25.229996048922121, 0.0 ], [ 110.199514993674015, 25.22971487182863, 0.0 ], [ 110.199138977912696, 25.229865934031558, 0.0 ], [ 110.198761788222171, 25.230025167159162, 0.0 ], [ 110.198384597571291, 25.230184399296338, 0.0 ], [ 110.198007405960269, 25.230343630443077, 0.0 ], [ 110.197630213389061, 25.230502860599337, 0.0 ], [ 110.197341980600072, 25.230735871471655, 0.0 ] ] ] } },
{ "type": "Feature", "properties": { }, "geometry": { "type": "Polygon", "coordinates": [ [ [ 110.197763505653512, 25.234667186053237, 0.0 ], [ 110.198279993676721, 25.234374828712429, 0.0 ], [ 110.198796479261929, 25.234082469493824, 0.0 ], [ 110.198689464605451, 25.233593507002389, 0.0 ], [ 110.198158466221429, 25.232597825877711, 0.0 ], [ 110.197892970320609, 25.232099984578326, 0.0 ], [ 110.197627476396534, 25.231602142883482, 0.0 ], [ 110.197361984528371, 25.231104300758265, 0.0 ], [ 110.197094701530929, 25.230607264056658, 0.0 ], [ 110.196689949124007, 25.23029774130557, 0.0 ], [ 110.196140885828228, 25.230085902554549, 0.0 ], [ 110.195610299350264, 25.229952178396758, 0.0 ], [ 110.195554197453433, 25.230387588668229, 0.0 ], [ 110.195735428379066, 25.230912904855185, 0.0 ], [ 110.196117837653389, 25.23109686999522, 0.0 ], [ 110.196715807275609, 25.230995229479177, 0.0 ], [ 110.197072977695441, 25.231825441528592, 0.0 ], [ 110.195369793761927, 25.232277373241757, 0.0 ], [ 110.194843933453853, 25.232498792128535, 0.0 ], [ 110.195130221399609, 25.232987007564205, 0.0 ], [ 110.195416511492851, 25.233475222517054, 0.0 ], [ 110.195702803729787, 25.233963436988965, 0.0 ], [ 110.195989098255211, 25.234451650909726, 0.0 ], [ 110.196275395026262, 25.234939864300067, 0.0 ], [ 110.196689570954931, 25.235187286595814, 0.0 ], [ 110.197226539425984, 25.234927237333014, 0.0 ], [ 110.197763505653512, 25.234667186053237, 0.0 ] ] ] } },
{ "type": "Feature", "properties": { }, "geometry": { "type": "Polygon", "coordinates": [ [ [ 110.199324217775768, 25.234389748073113, 0.0 ], [ 110.199533724123711, 25.234695940793518, 0.0 ], [ 110.199743231507455, 25.235002133229987, 0.0 ], [ 110.199960762610971, 25.235303527119008, 0.0 ], [ 110.200212146142036, 25.235579483679459, 0.0 ], [ 110.200584294011151, 25.235682912039586, 0.0 ], [ 110.201723506657146, 25.235876113864972, 0.0 ], [ 110.202431742099947, 25.236698788280219, 0.0 ], [ 110.202717645783679, 25.236725394118032, 0.0 ], [ 110.202943105904652, 25.236428721563502, 0.0 ], [ 110.203168564884493, 25.236132048604116, 0.0 ], [ 110.203394022678481, 25.235835375211703, 0.0 ], [ 110.203336006814538, 25.235557681659671, 0.0 ], [ 110.20298387676111, 25.235392535627309, 0.0 ], [ 110.202657892758907, 25.235187696722956, 0.0 ], [ 110.202362813787431, 25.234947250340195, 0.0 ], [ 110.202103526913618, 25.234674758822973, 0.0 ], [ 110.201884493812386, 25.234374493337963, 0.0 ], [ 110.201683982344946, 25.234064318649896, 0.0 ], [ 110.201494202769695, 25.233749836501548, 0.0 ], [ 110.201319328175188, 25.233435668678482, 0.0 ], [ 110.200953354346254, 25.233427671884094, 0.0 ], [ 110.200616720412256, 25.233618233439483, 0.0 ], [ 110.200280085442543, 25.233808794197255, 0.0 ], [ 110.199928569929341, 25.233972175194914, 0.0 ], [ 110.199581262401196, 25.234143243396815, 0.0 ], [ 110.199324217775768, 25.234389748073113, 0.0 ] ] ] } },
{ "type": "Feature", "properties": { }, "geometry": { "type": "Polygon", "coordinates": [ [ [ 110.196808303225282, 25.235848605857779, 0.0 ], [ 110.196979053779316, 25.236139774693797, 0.0 ], [ 110.197149805132213, 25.236430943341087, 0.0 ], [ 110.197320557284016, 25.236722111799676, 0.0 ], [ 110.197491310234781, 25.237013280069529, 0.0 ], [ 110.197662063984467, 25.237304448150649, 0.0 ], [ 110.197832818532959, 25.237595616043023, 0.0 ], [ 110.19800357388057, 25.237886783746653, 0.0 ], [ 110.198174330027072, 25.238177951261513, 0.0 ], [ 110.198345086972651, 25.238469118587613, 0.0 ], [ 110.198517922701654, 25.238759264693083, 0.0 ], [ 110.198697102137331, 25.239046200317713, 0.0 ], [ 110.198993124410123, 25.238950015366342, 0.0 ], [ 110.199079662748318, 25.238763028577399, 0.0 ], [ 110.198993933055092, 25.238451601873201, 0.0 ], [ 110.198674926896501, 25.237858936921299, 0.0 ], [ 110.198799833086042, 25.237245694263478, 0.0 ], [ 110.198284958376931, 25.23656093223434, 0.0 ], [ 110.198112485507906, 25.235251521643942, 0.0 ], [ 110.19796859466642, 25.23509862790603, 0.0 ], [ 110.197660559875885, 25.23527298863954, 0.0 ], [ 110.197352524218047, 25.235447348705083, 0.0 ], [ 110.197044487693049, 25.235621708102663, 0.0 ], [ 110.196808303225282, 25.235848605857779, 0.0 ] ] ] } },
{ "type": "Feature", "properties": { }, "geometry": { "type": "Polygon", "coordinates": [ [ [ 110.191848191051619, 25.231952588461464, 0.0 ], [ 110.191896668177009, 25.232034753292503, 0.0 ], [ 110.191982865901224, 25.23207648880333, 0.0 ], [ 110.192079392966562, 25.232045077317245, 0.0 ], [ 110.192175880131828, 25.232013564625316, 0.0 ], [ 110.192272313860599, 25.231981916965676, 0.0 ], [ 110.192368779895816, 25.231950350930056, 0.0 ], [ 110.192465249944746, 25.231918795085761, 0.0 ], [ 110.192561022275214, 25.231936442593454, 0.0 ], [ 110.192758304639767, 25.231887299203041, 0.0 ], [ 110.192762971924907, 25.231795250342135, 0.0 ], [ 110.192779879517147, 25.2317046072369, 0.0 ], [ 110.192772589203997, 25.231619402597357, 0.0 ], [ 110.192730138370649, 25.231534523880796, 0.0 ], [ 110.19264448644914, 25.231272112098782, 0.0 ], [ 110.192588974175351, 25.231195450108164, 0.0 ], [ 110.192511267992828, 25.231221008876432, 0.0 ], [ 110.192430400357551, 25.231278322527324, 0.0 ], [ 110.192349532646972, 25.231335636131679, 0.0 ], [ 110.192268664861075, 25.23139294968945, 0.0 ], [ 110.192187796999875, 25.231450263200628, 0.0 ], [ 110.192106929063357, 25.231507576665241, 0.0 ], [ 110.192026061051521, 25.231564890083266, 0.0 ], [ 110.1919460584826, 25.231623161335754, 0.0 ], [ 110.191873632992568, 25.231687987920647, 0.0 ], [ 110.191828040387037, 25.231770574241768, 0.0 ], [ 110.191819464491402, 25.231863075403197, 0.0 ], [ 110.191848191051619, 25.231952588461464, 0.0 ] ] ] } },
{ "type": "Feature", "properties": { }, "geometry": { "type": "Polygon", "coordinates": [ [ [ 110.169727801720398, 25.215668532347244, 0.0 ], [ 110.169385863843829, 25.215518316736016, 0.0 ], [ 110.169040822932942, 25.215376080388893, 0.0 ], [ 110.168734807810267, 25.215200667681046, 0.0 ], [ 110.168477824211848, 25.214947064098208, 0.0 ], [ 110.168188261175658, 25.21472360251429, 0.0 ], [ 110.167898699202354, 25.21450014038345, 0.0 ], [ 110.167609138291851, 25.214276677705701, 0.0 ], [ 110.16731443322378, 25.21406102780394, 0.0 ], [ 110.166961235319235, 25.21393420341391, 0.0 ], [ 110.166589849191695, 25.213866938686053, 0.0 ], [ 110.166213522250715, 25.213821154312289, 0.0 ], [ 110.165836859046536, 25.213777444726826, 0.0 ], [ 110.165810337707683, 25.213870335108293, 0.0 ], [ 110.166104787753113, 25.214088445230662, 0.0 ], [ 110.166400917477446, 25.214304646325051, 0.0 ], [ 110.166699418595513, 25.214518151949115, 0.0 ], [ 110.166549508466332, 25.214769251764483, 0.0 ], [ 110.166298928586912, 25.215028791160947, 0.0 ], [ 110.166048347640285, 25.215288330096421, 0.0 ], [ 110.16633877041599, 25.215501728560625, 0.0 ], [ 110.166644024026851, 25.215706132795113, 0.0 ], [ 110.166971641859476, 25.215879863614596, 0.0 ], [ 110.167270888760186, 25.216092508024047, 0.0 ], [ 110.167613300761175, 25.216048438613349, 0.0 ], [ 110.167983351833257, 25.215982996056017, 0.0 ], [ 110.168344802793229, 25.215877899246312, 0.0 ], [ 110.168714972129095, 25.215801928385318, 0.0 ], [ 110.169092503295047, 25.215783339606745, 0.0 ], [ 110.169471917367659, 25.215784570150607, 0.0 ], [ 110.169727801720398, 25.215668532347244, 0.0 ] ] ] } },
{ "type": "Feature", "properties": { }, "geometry": { "type": "Polygon", "coordinates": [ [ [ 110.163827250725006, 25.204658466139744, 0.0 ], [ 110.163668581644387, 25.205575193159987, 0.0 ], [ 110.163861007480477, 25.20650054871912, 0.0 ], [ 110.164221903664412, 25.206907737981862, 0.0 ], [ 110.164891158029164, 25.206189259944303, 0.0 ], [ 110.165560404498706, 25.205470778606951, 0.0 ], [ 110.166257338757362, 25.204775338698504, 0.0 ], [ 110.167077872255334, 25.204203798830893, 0.0 ], [ 110.167401056560607, 25.203614904179705, 0.0 ], [ 110.166857048161503, 25.20281392944818, 0.0 ], [ 110.166294508588351, 25.202023679664272, 0.0 ], [ 110.165759751145089, 25.201219832185149, 0.0 ], [ 110.165109882981056, 25.200486922064808, 0.0 ], [ 110.164450592385407, 25.200384096882527, 0.0 ], [ 110.16453657576659, 25.2011953196665, 0.0 ], [ 110.164651757567327, 25.202024066716646, 0.0 ], [ 110.165260146132454, 25.202740165279348, 0.0 ], [ 110.166212843162498, 25.203064821237888, 0.0 ], [ 110.166182771079917, 25.203888351071445, 0.0 ], [ 110.165299331168796, 25.204283149213843, 0.0 ], [ 110.164291137771585, 25.204255126845865, 0.0 ], [ 110.163661162882519, 25.203810525015854, 0.0 ], [ 110.163576655285453, 25.202908124771891, 0.0 ], [ 110.164206011629076, 25.202258825633194, 0.0 ], [ 110.163907220431639, 25.201916749686188, 0.0 ], [ 110.162896219747694, 25.202046154019879, 0.0 ], [ 110.16198112258779, 25.202318917790617, 0.0 ], [ 110.161375083894754, 25.202947089661436, 0.0 ], [ 110.162247959945859, 25.20345332484743, 0.0 ], [ 110.163072450625151, 25.20402089586446, 0.0 ], [ 110.163827250725006, 25.204658466139744, 0.0 ] ] ] } },
{ "type": "Feature", "properties": { }, "geometry": { "type": "Polygon", "coordinates": [ [ [ 110.158198047322301, 25.219111895833997, 0.0 ], [ 110.158286123612243, 25.219552881799832, 0.0 ], [ 110.15785021874656, 25.220117641081217, 0.0 ], [ 110.157760554120358, 25.220477977974998, 0.0 ], [ 110.158214864946231, 25.220688162837419, 0.0 ], [ 110.1586924581445, 25.220812295167381, 0.0 ], [ 110.159094307467356, 25.220890699469312, 0.0 ], [ 110.15938508375713, 25.220509980362589, 0.0 ], [ 110.159682300225526, 25.220133322148364, 0.0 ], [ 110.159760038605882, 25.219803626861435, 0.0 ], [ 110.159309407700775, 25.219586991176588, 0.0 ], [ 110.158858778422925, 25.219370354152638, 0.0 ], [ 110.159038975135019, 25.21900606412153, 0.0 ], [ 110.159318695499522, 25.218618478428162, 0.0 ], [ 110.159598414069251, 25.218230892139612, 0.0 ], [ 110.159878130844547, 25.217843305255901, 0.0 ], [ 110.159529486740922, 25.217566838551921, 0.0 ], [ 110.159088974720135, 25.217334259734333, 0.0 ], [ 110.158664701794592, 25.217077340118632, 0.0 ], [ 110.158309184037535, 25.217074734995013, 0.0 ], [ 110.15806430001517, 25.217481360683713, 0.0 ], [ 110.157844160447567, 25.217899379089815, 0.0 ], [ 110.157628955169258, 25.218319670376296, 0.0 ], [ 110.157269963562541, 25.218276891734192, 0.0 ], [ 110.157052170078401, 25.218696078495736, 0.0 ], [ 110.156834375066538, 25.21911526487424, 0.0 ], [ 110.157199449946773, 25.219211493756067, 0.0 ], [ 110.157739027307713, 25.218933140677482, 0.0 ], [ 110.158198047322301, 25.219111895833997, 0.0 ] ] ] } },
{ "type": "Feature", "properties": { }, "geometry": { "type": "Polygon", "coordinates": [ [ [ 110.157143086376792, 25.196002393022837, 0.0 ], [ 110.15793888295741, 25.196379371391661, 0.0 ], [ 110.159008004046129, 25.1968575297863, 0.0 ], [ 110.160067758250491, 25.195910729882453, 0.0 ], [ 110.160689286738247, 25.195321774627175, 0.0 ], [ 110.161310881677949, 25.194734831737655, 0.0 ], [ 110.162151377008499, 25.193557987511412, 0.0 ], [ 110.161357244240449, 25.193177764536291, 0.0 ], [ 110.160563116500185, 25.192797537405102, 0.0 ], [ 110.159768993787736, 25.192417306118053, 0.0 ], [ 110.158974876103144, 25.192037070675383, 0.0 ], [ 110.158180763446353, 25.191656831077299, 0.0 ], [ 110.157386655817447, 25.191276587324026, 0.0 ], [ 110.156592553216555, 25.190896339415794, 0.0 ], [ 110.155798455643634, 25.190516087352819, 0.0 ], [ 110.153722816079323, 25.189489225213084, 0.0 ], [ 110.152812479210539, 25.190239506598804, 0.0 ], [ 110.152157777991818, 25.190796856061983, 0.0 ], [ 110.152054653856069, 25.19143555312257, 0.0 ], [ 110.153242569395005, 25.192655051049456, 0.0 ], [ 110.153857071311364, 25.19325006599518, 0.0 ], [ 110.154471579189305, 25.193845078495709, 0.0 ], [ 110.155086093028956, 25.194440088550817, 0.0 ], [ 110.155709858779232, 25.195026899580984, 0.0 ], [ 110.156395399464685, 25.195553111588893, 0.0 ], [ 110.157143086376792, 25.196002393022837, 0.0 ] ] ] } },
{ "type": "Feature", "properties": { }, "geometry": { "type": "Polygon", "coordinates": [ [ [ 110.165423914441689, 25.199719436072495, 0.0 ], [ 110.16576269995663, 25.199963200505113, 0.0 ], [ 110.166095190755755, 25.200214109244698, 0.0 ], [ 110.166439698733086, 25.200432896413311, 0.0 ], [ 110.166773932636815, 25.20020836181876, 0.0 ], [ 110.16708662660146, 25.199937201173565, 0.0 ], [ 110.167399319182692, 25.199666039821913, 0.0 ], [ 110.167712010380484, 25.199394877763837, 0.0 ], [ 110.168024700194835, 25.199123714999356, 0.0 ], [ 110.168337388625758, 25.198852551528503, 0.0 ], [ 110.168650075673298, 25.198581387351286, 0.0 ], [ 110.168962761337454, 25.19831022246774, 0.0 ], [ 110.16927544561824, 25.198039056877878, 0.0 ], [ 110.169588128515628, 25.197767890581744, 0.0 ], [ 110.169900810029745, 25.197496723579349, 0.0 ], [ 110.169777257505046, 25.197217408730694, 0.0 ], [ 110.169397756026584, 25.197029685209724, 0.0 ], [ 110.16901661694547, 25.196844723632889, 0.0 ], [ 110.16863433712642, 25.19666171978507, 0.0 ], [ 110.168248610694448, 25.196595712503221, 0.0 ], [ 110.167949218494229, 25.196879021106302, 0.0 ], [ 110.167649824906789, 25.197162329057171, 0.0 ], [ 110.167350429932142, 25.197445636355777, 0.0 ], [ 110.167051033570345, 25.197728943002122, 0.0 ], [ 110.166751635821228, 25.198012248996161, 0.0 ], [ 110.166452236684876, 25.198295554337886, 0.0 ], [ 110.166152836162553, 25.198578859028398, 0.0 ], [ 110.165853434259759, 25.198862163072523, 0.0 ], [ 110.165554030969659, 25.199145466464255, 0.0 ], [ 110.165254626292125, 25.199428769203575, 0.0 ], [ 110.165423914441689, 25.199719436072495, 0.0 ] ] ] } },
{ "type": "Feature", "properties": { }, "geometry": { "type": "Polygon", "coordinates": [ [ [ 110.162666903065457, 25.198513036617484, 0.0 ], [ 110.163327935481448, 25.198777251939113, 0.0 ], [ 110.163995229499292, 25.199028239225299, 0.0 ], [ 110.164656068409641, 25.199292554112798, 0.0 ], [ 110.165237131747958, 25.1991327676824, 0.0 ], [ 110.165737602279179, 25.198659210361914, 0.0 ], [ 110.166238068934192, 25.19818565121858, 0.0 ], [ 110.166738531713008, 25.197712090252512, 0.0 ], [ 110.167238990615729, 25.197238527463814, 0.0 ], [ 110.167739445642454, 25.196764962852608, 0.0 ], [ 110.167856708215751, 25.196289451308143, 0.0 ], [ 110.167217711627529, 25.195983544498599, 0.0 ], [ 110.166578718294218, 25.19567763499737, 0.0 ], [ 110.165939728215747, 25.19537172280457, 0.0 ], [ 110.165300741392088, 25.195065807920326, 0.0 ], [ 110.164661757823382, 25.194759890344731, 0.0 ], [ 110.164022777509516, 25.194453970077912, 0.0 ], [ 110.163383800450632, 25.194148047119981, 0.0 ], [ 110.162744826646659, 25.193842121471068, 0.0 ], [ 110.162200600880311, 25.194204500395514, 0.0 ], [ 110.161700525219217, 25.194678386611145, 0.0 ], [ 110.161200445682553, 25.195152271006254, 0.0 ], [ 110.160700362270504, 25.195626153580736, 0.0 ], [ 110.160200008356753, 25.196098194399955, 0.0 ], [ 110.159699915766993, 25.196572072080265, 0.0 ], [ 110.159431588765742, 25.197055426794968, 0.0 ], [ 110.160077990403678, 25.197348179186658, 0.0 ], [ 110.16072439519921, 25.197640928821283, 0.0 ], [ 110.161370803152465, 25.197933675698732, 0.0 ], [ 110.162017214263344, 25.198226419818887, 0.0 ], [ 110.162666903065457, 25.198513036617484, 0.0 ] ] ] } },
{ "type": "Feature", "properties": { }, "geometry": { "type": "Polygon", "coordinates": [ [ [ 110.160185485944893, 25.200026299488893, 0.0 ], [ 110.16059773224903, 25.200057801683776, 0.0 ], [ 110.161009428263085, 25.20002766835217, 0.0 ], [ 110.161406989497991, 25.199924337063035, 0.0 ], [ 110.163765056400038, 25.19934362703577, 0.0 ], [ 110.16343919840854, 25.199208618870784, 0.0 ], [ 110.163057034204797, 25.19906378444928, 0.0 ], [ 110.16267740680901, 25.198913557992029, 0.0 ], [ 110.162301504394208, 25.198755762683476, 0.0 ], [ 110.161929703917721, 25.198590098875563, 0.0 ], [ 110.161559083882935, 25.198422254560441, 0.0 ], [ 110.161188464886095, 25.198254409338887, 0.0 ], [ 110.160817846927287, 25.198086563210932, 0.0 ], [ 110.160447230006568, 25.197918716176588, 0.0 ], [ 110.160076614123895, 25.197750868235882, 0.0 ], [ 110.159705999279268, 25.197583019388833, 0.0 ], [ 110.159417915782115, 25.197831260129089, 0.0 ], [ 110.1591351641041, 25.198106387608277, 0.0 ], [ 110.158852411152679, 25.198381514503922, 0.0 ], [ 110.158569656927966, 25.198656640816008, 0.0 ], [ 110.158539094695186, 25.198924440087001, 0.0 ], [ 110.158839081669811, 25.19918397074925, 0.0 ], [ 110.159128669405391, 25.199453150639549, 0.0 ], [ 110.159453224555563, 25.199684485123409, 0.0 ], [ 110.159814597826042, 25.199868028965451, 0.0 ], [ 110.160185485944893, 25.200026299488893, 0.0 ] ] ] } },
{ "type": "Feature", "properties": { }, "geometry": { "type": "Polygon", "coordinates": [ [ [ 110.166947431603205, 25.200417086364695, 0.0 ], [ 110.167545488190783, 25.200638450846451, 0.0 ], [ 110.168255834314053, 25.200734370110428, 0.0 ], [ 110.168705956584532, 25.201074237421643, 0.0 ], [ 110.169156081367831, 25.201414103411036, 0.0 ], [ 110.169625191822064, 25.201187037056989, 0.0 ], [ 110.170087249617666, 25.201170670022389, 0.0 ], [ 110.17053738685324, 25.20151052298408, 0.0 ], [ 110.170987526601564, 25.201850374623703, 0.0 ], [ 110.175134898834955, 25.200430021293229, 0.0 ], [ 110.174705225681947, 25.200069119813332, 0.0 ], [ 110.17424635087059, 25.199739304919706, 0.0 ], [ 110.173764990573744, 25.199437049273193, 0.0 ], [ 110.173278407815204, 25.19914169686967, 0.0 ], [ 110.172788668780839, 25.198850705306615, 0.0 ], [ 110.172295201020276, 25.198564975622595, 0.0 ], [ 110.171798072780462, 25.198284546921641, 0.0 ], [ 110.171297352064045, 25.198009458678385, 0.0 ], [ 110.17079297442713, 25.197739958205027, 0.0 ], [ 110.170277536275307, 25.197510320714393, 0.0 ], [ 110.169839533888577, 25.197849145150784, 0.0 ], [ 110.169416132913938, 25.198216329509698, 0.0 ], [ 110.168992729402831, 25.198583512573592, 0.0 ], [ 110.168569323355143, 25.198950694342432, 0.0 ], [ 110.16814591477096, 25.199317874816128, 0.0 ], [ 110.167722503650097, 25.199685053994642, 0.0 ], [ 110.166947431603205, 25.200417086364695, 0.0 ] ] ] } },
{ "type": "Feature", "properties": { }, "geometry": { "type": "Polygon", "coordinates": [ [ [ 110.150117849330869, 25.18987422444231, 0.0 ], [ 110.149958970545526, 25.189678996113344, 0.0 ], [ 110.149800092262311, 25.189483767621851, 0.0 ], [ 110.149641214481193, 25.189288538967858, 0.0 ], [ 110.149482337202258, 25.189093310151357, 0.0 ], [ 110.149323460425279, 25.188898081172354, 0.0 ], [ 110.149164584150455, 25.188702852030858, 0.0 ], [ 110.149005708377715, 25.188507622726863, 0.0 ], [ 110.148846833107115, 25.188312393260393, 0.0 ], [ 110.148657646588845, 25.188269676480864, 0.0 ], [ 110.148433688508533, 25.188401910602291, 0.0 ], [ 110.148495276802592, 25.188633100597489, 0.0 ], [ 110.14857780777254, 25.188864026370577, 0.0 ], [ 110.148664183313613, 25.189093886570134, 0.0 ], [ 110.148750559166885, 25.189323746720678, 0.0 ], [ 110.148836935332355, 25.189553606822198, 0.0 ], [ 110.148934543278529, 25.189779649223148, 0.0 ], [ 110.149042061729872, 25.190001872715591, 0.0 ], [ 110.149171422222125, 25.190213757172792, 0.0 ], [ 110.149318555268195, 25.190416463922329, 0.0 ], [ 110.149473784459403, 25.190613997899025, 0.0 ], [ 110.149633384538248, 25.190808739305485, 0.0 ], [ 110.149792985120314, 25.191003480547934, 0.0 ], [ 110.1499525862057, 25.191198221626355, 0.0 ], [ 110.150112187794377, 25.191392962540746, 0.0 ], [ 110.150271789886276, 25.191587703291116, 0.0 ], [ 110.150442982335434, 25.19162807789559, 0.0 ], [ 110.150630208477452, 25.191454895460481, 0.0 ], [ 110.150817434089646, 25.191281712770568, 0.0 ], [ 110.150972083779322, 25.191089519944605, 0.0 ], [ 110.150868594384391, 25.190874650592662, 0.0 ], [ 110.150708822782548, 25.19068002950706, 0.0 ], [ 110.150549941926869, 25.190484801851579, 0.0 ], [ 110.150391061573416, 25.190289574033571, 0.0 ], [ 110.150237364053183, 25.190091450091934, 0.0 ], [ 110.150117849330869, 25.18987422444231, 0.0 ] ] ] } },
{ "type": "Feature", "properties": { }, "geometry": { "type": "Polygon", "coordinates": [ [ [ 110.152232978414546, 25.192273087193744, 0.0 ], [ 110.152152007375477, 25.192194678782514, 0.0 ], [ 110.15207103643985, 25.192116270328835, 0.0 ], [ 110.151990065607777, 25.192037861832699, 0.0 ], [ 110.151909094879244, 25.191959453294128, 0.0 ], [ 110.151828124254124, 25.19188104471311, 0.0 ], [ 110.151747153732586, 25.191802636089648, 0.0 ], [ 110.15166618331456, 25.191724227423737, 0.0 ], [ 110.151585213000047, 25.191645818715379, 0.0 ], [ 110.151494526181779, 25.19157829758656, 0.0 ], [ 110.151379203482321, 25.191564177147313, 0.0 ], [ 110.151275208158793, 25.191611873008352, 0.0 ], [ 110.151191965363068, 25.191688263146528, 0.0 ], [ 110.151109044050116, 25.191764965222973, 0.0 ], [ 110.151026122633141, 25.191841667249438, 0.0 ], [ 110.150943201112241, 25.19191836922592, 0.0 ], [ 110.150860279487503, 25.191995071152427, 0.0 ], [ 110.150777357758741, 25.192071773028946, 0.0 ], [ 110.150844967792622, 25.192140069165834, 0.0 ], [ 110.150937575587008, 25.192206969378763, 0.0 ], [ 110.151030183483186, 25.192273869535754, 0.0 ], [ 110.151122791481313, 25.192340769636793, 0.0 ], [ 110.151215399581218, 25.192407669681895, 0.0 ], [ 110.151310255648838, 25.192471586691344, 0.0 ], [ 110.15142147183613, 25.192507128775208, 0.0 ], [ 110.151534865217997, 25.192537638484612, 0.0 ], [ 110.151648258658795, 25.192568148108432, 0.0 ], [ 110.151761652158669, 25.192598657646666, 0.0 ], [ 110.151874473475644, 25.192630865690703, 0.0 ], [ 110.151987179433206, 25.192663416256853, 0.0 ], [ 110.15208487175758, 25.19264354222766, 0.0 ], [ 110.152167793076302, 25.192566839601447, 0.0 ], [ 110.152250714290957, 25.192490136925244, 0.0 ], [ 110.152333635401732, 25.192413434199064, 0.0 ], [ 110.152324473270525, 25.1923412435474, 0.0 ], [ 110.152232978414546, 25.192273087193744, 0.0 ] ] ] } },
{ "type": "Feature", "properties": { }, "geometry": { "type": "Polygon", "coordinates": [ [ [ 110.150541978649315, 25.189744949506466, 0.0 ], [ 110.150769380622293, 25.189988464778072, 0.0 ], [ 110.150978821693855, 25.190245819462699, 0.0 ], [ 110.151188263637934, 25.19050317386489, 0.0 ], [ 110.151470471743238, 25.19064667568016, 0.0 ], [ 110.151731566360993, 25.190436133047204, 0.0 ], [ 110.15197943283826, 25.190208933383765, 0.0 ], [ 110.152253142876603, 25.190008368493153, 0.0 ], [ 110.152499943020217, 25.18978007078751, 0.0 ], [ 110.152746742243252, 25.189551772639174, 0.0 ], [ 110.15299354054568, 25.189323474048152, 0.0 ], [ 110.153090506285622, 25.189115618600255, 0.0 ], [ 110.152780970903677, 25.18896322713546, 0.0 ], [ 110.152471436306357, 25.188810835039888, 0.0 ], [ 110.152161902493759, 25.188658442313589, 0.0 ], [ 110.151852369465971, 25.188506048956537, 0.0 ], [ 110.151542837222806, 25.188353654968768, 0.0 ], [ 110.151233305764535, 25.188201260350294, 0.0 ], [ 110.150923775090817, 25.188048865101116, 0.0 ], [ 110.150614245201822, 25.187896469221268, 0.0 ], [ 110.150304716097637, 25.187744072710746, 0.0 ], [ 110.14999518777816, 25.187591675569578, 0.0 ], [ 110.14968566024335, 25.187439277797758, 0.0 ], [ 110.149376133493419, 25.187286879395312, 0.0 ], [ 110.14906660752807, 25.187134480362253, 0.0 ], [ 110.148816162767531, 25.187138005617502, 0.0 ], [ 110.148725690221696, 25.187440265743774, 0.0 ], [ 110.148844620347404, 25.187702948959341, 0.0 ], [ 110.149054053550827, 25.187960306226955, 0.0 ], [ 110.149263487626641, 25.188217663212207, 0.0 ], [ 110.149472922574986, 25.188475019915099, 0.0 ], [ 110.149682358395808, 25.188732376335626, 0.0 ], [ 110.149891795089047, 25.188989732473757, 0.0 ], [ 110.150101232654805, 25.189247088329491, 0.0 ], [ 110.150310671093138, 25.189504443902827, 0.0 ], [ 110.150541978649315, 25.189744949506466, 0.0 ] ] ] } },
{ "type": "Feature", "properties": { }, "geometry": { "type": "Polygon", "coordinates": [ [ [ 110.150120324072887, 25.191948800930309, 0.0 ], [ 110.149888338266294, 25.191670085340547, 0.0 ], [ 110.149656353507211, 25.191391369404126, 0.0 ], [ 110.149424369795597, 25.191112653121078, 0.0 ], [ 110.149193253413088, 25.190833341481305, 0.0 ], [ 110.148971001560184, 25.190548336130977, 0.0 ], [ 110.148764828509556, 25.190253712261832, 0.0 ], [ 110.148605160604887, 25.189935871620911, 0.0 ], [ 110.148467548661003, 25.189609589662837, 0.0 ], [ 110.148345909426041, 25.189277946745758, 0.0 ], [ 110.148224270824571, 25.188946303731196, 0.0 ], [ 110.148110285851573, 25.188612514020132, 0.0 ], [ 110.147992712436363, 25.188279740108737, 0.0 ], [ 110.147870554132581, 25.187948255569967, 0.0 ], [ 110.147919338746263, 25.187635246924216, 0.0 ], [ 110.148099705476341, 25.187394393644052, 0.0 ], [ 110.147818546581334, 25.187353304698551, 0.0 ], [ 110.147660706133834, 25.187647484337795, 0.0 ], [ 110.14762212769314, 25.187995017952673, 0.0 ], [ 110.147642806093842, 25.188340032454793, 0.0 ], [ 110.147577550314722, 25.18868457758925, 0.0 ], [ 110.147500698012507, 25.189024313948561, 0.0 ], [ 110.147353336532248, 25.189345241457222, 0.0 ], [ 110.147321774403636, 25.189674848096967, 0.0 ], [ 110.14760141430942, 25.189914629828042, 0.0 ], [ 110.147882463097957, 25.190152924401268, 0.0 ], [ 110.148183097384873, 25.190370299650226, 0.0 ], [ 110.148455086665379, 25.190617261631324, 0.0 ], [ 110.148703390524176, 25.190882416089948, 0.0 ], [ 110.148935403058587, 25.191149936186747, 0.0 ], [ 110.149038390608439, 25.191486768429623, 0.0 ], [ 110.149333941749632, 25.191725321311406, 0.0 ], [ 110.149601749677402, 25.191972536865332, 0.0 ], [ 110.14986953913558, 25.192213082976615, 0.0 ], [ 110.150120324072887, 25.191948800930309, 0.0 ] ] ] } },
{ "type": "Feature", "properties": { }, "geometry": { "type": "Polygon", "coordinates": [ [ [ 110.155048314470832, 25.195284388884922, 0.0 ], [ 110.154745749218733, 25.194993050404413, 0.0 ], [ 110.154432340741735, 25.194711664932409, 0.0 ], [ 110.154134922480324, 25.194417310655147, 0.0 ], [ 110.153794254429471, 25.194164111671025, 0.0 ], [ 110.153451763296658, 25.19391288243699, 0.0 ], [ 110.152432548502844, 25.193180415657778, 0.0 ], [ 110.152024614978458, 25.193030118244977, 0.0 ], [ 110.151608714489441, 25.192897966773909, 0.0 ], [ 110.151187891322238, 25.192780136481943, 0.0 ], [ 110.150823836298997, 25.192559294411225, 0.0 ], [ 110.15049215585185, 25.192335581465144, 0.0 ], [ 110.15015525693542, 25.1925925024461, 0.0 ], [ 110.149848237971113, 25.192879935903196, 0.0 ], [ 110.149558009995104, 25.193181377391074, 0.0 ], [ 110.149973188171217, 25.193186563820937, 0.0 ], [ 110.150413675565559, 25.193180824639171, 0.0 ], [ 110.150847924039269, 25.193238291123162, 0.0 ], [ 110.151280238714605, 25.193315353011165, 0.0 ], [ 110.151707373699296, 25.193412926607675, 0.0 ], [ 110.152112139456264, 25.193563289736929, 0.0 ], [ 110.152504426556646, 25.193743205052829, 0.0 ], [ 110.152893582987787, 25.193887825935338, 0.0 ], [ 110.153182243624045, 25.194190616689834, 0.0 ], [ 110.153489618043551, 25.194477549321142, 0.0 ], [ 110.153681628902419, 25.194820399790625, 0.0 ], [ 110.153775554758212, 25.195212011666648, 0.0 ], [ 110.153738817663466, 25.195610412960082, 0.0 ], [ 110.153626853356187, 25.195993593963674, 0.0 ], [ 110.153807283258814, 25.196199663309983, 0.0 ], [ 110.154207842349237, 25.196212394600209, 0.0 ], [ 110.154488001146618, 25.195903059942026, 0.0 ], [ 110.154768158520525, 25.195593724703588, 0.0 ], [ 110.155048314470832, 25.195284388884922, 0.0 ] ] ] } },
{ "type": "Feature", "properties": { }, "geometry": { "type": "Polygon", "coordinates": [ [ [ 110.156795683015361, 25.197012384837794, 0.0 ], [ 110.156852230883729, 25.196955041569769, 0.0 ], [ 110.156908778698892, 25.196897698278278, 0.0 ], [ 110.156965326460977, 25.196840354963381, 0.0 ], [ 110.157021874169942, 25.196783011625055, 0.0 ], [ 110.157078421825759, 25.196725668263294, 0.0 ], [ 110.157134969428384, 25.196668324878072, 0.0 ], [ 110.157191516977932, 25.196610981469455, 0.0 ], [ 110.15724806447443, 25.196553638037404, 0.0 ], [ 110.157303370602946, 25.196495301723331, 0.0 ], [ 110.157230647620324, 25.196458797988569, 0.0 ], [ 110.157155875517802, 25.196422644385702, 0.0 ], [ 110.15708172004706, 25.196385454785304, 0.0 ], [ 110.157007954961102, 25.196347627713777, 0.0 ], [ 110.156934436019213, 25.196309405943627, 0.0 ], [ 110.156861714722481, 25.196269942160527, 0.0 ], [ 110.156789024957973, 25.196230429331266, 0.0 ], [ 110.156717218692691, 25.196189602572712, 0.0 ], [ 110.156645629598174, 25.196148459965919, 0.0 ], [ 110.156574528808321, 25.196106622705273, 0.0 ], [ 110.156504064517236, 25.196063903637924, 0.0 ], [ 110.1564314149322, 25.19602434265223, 0.0 ], [ 110.156382987234025, 25.196085656283412, 0.0 ], [ 110.156407661789245, 25.196158476899807, 0.0 ], [ 110.156447013708387, 25.196226683519004, 0.0 ], [ 110.156481337664673, 25.196297107471331, 0.0 ], [ 110.156512414014983, 25.196368772173962, 0.0 ], [ 110.156544264398434, 25.196440154972535, 0.0 ], [ 110.156575162196845, 25.196511883750311, 0.0 ], [ 110.156605884894546, 25.196583674776342, 0.0 ], [ 110.156636607627235, 25.19665546579624, 0.0 ], [ 110.156667330394768, 25.196727256809996, 0.0 ], [ 110.15669805319736, 25.196799047817589, 0.0 ], [ 110.156728797647517, 25.196870830812419, 0.0 ], [ 110.156761933226036, 25.19694172793918, 0.0 ], [ 110.156795683015361, 25.197012384837794, 0.0 ] ] ] } },
{ "type": "Feature", "properties": { }, "geometry": { "type": "Polygon", "coordinates": [ [ [ 110.172031681657813, 25.205747656672138, 0.0 ], [ 110.171860998893095, 25.205573380469804, 0.0 ], [ 110.171688364976461, 25.205400717398184, 0.0 ], [ 110.171513783585922, 25.205229671110231, 0.0 ], [ 110.171335775950666, 25.20506157011955, 0.0 ], [ 110.171155687957864, 25.204895328601541, 0.0 ], [ 110.170973727021178, 25.204730775079163, 0.0 ], [ 110.170788664329962, 25.204569103919713, 0.0 ], [ 110.170599566030504, 25.204610451089618, 0.0 ], [ 110.170408198463008, 25.20476592821564, 0.0 ], [ 110.170216830410766, 25.204921405078377, 0.0 ], [ 110.170025461873891, 25.205076881677805, 0.0 ], [ 110.169834092852341, 25.205232358013941, 0.0 ], [ 110.169642723346001, 25.205387834086764, 0.0 ], [ 110.169451353355043, 25.205543309896267, 0.0 ], [ 110.169259982879367, 25.205698785442458, 0.0 ], [ 110.169068611919002, 25.205854260725324, 0.0 ], [ 110.168877240473918, 25.20600973574486, 0.0 ], [ 110.168881316572794, 25.206182569219195, 0.0 ], [ 110.169048042427562, 25.206359916824134, 0.0 ], [ 110.169218498353473, 25.206533771040853, 0.0 ], [ 110.169389658468262, 25.206707660216843, 0.0 ], [ 110.169560819067954, 25.20688154920305, 0.0 ], [ 110.169731980152591, 25.207055437999461, 0.0 ], [ 110.169903141722145, 25.207229326606061, 0.0 ], [ 110.170086754769315, 25.207270022277942, 0.0 ], [ 110.170281249626555, 25.207117786938049, 0.0 ], [ 110.170475744001976, 25.206965551326878, 0.0 ], [ 110.170670237895465, 25.206813315444435, 0.0 ], [ 110.170864731307134, 25.206661079290726, 0.0 ], [ 110.171059224236885, 25.206508842865755, 0.0 ], [ 110.171253716684745, 25.206356606169525, 0.0 ], [ 110.171448208650844, 25.206204369202045, 0.0 ], [ 110.171642700134996, 25.206052131963318, 0.0 ], [ 110.171837191137357, 25.205899894453342, 0.0 ], [ 110.172031681657813, 25.205747656672138, 0.0 ] ] ] } },
{ "type": "Feature", "properties": { }, "geometry": { "type": "Polygon", "coordinates": [ [ [ 110.180358328378119, 25.213406926544675, 0.0 ], [ 110.180582636611717, 25.213629907438641, 0.0 ], [ 110.180797745609937, 25.213860247045311, 0.0 ], [ 110.180975524070718, 25.214113479558964, 0.0 ], [ 110.181136697245037, 25.214377181695504, 0.0 ], [ 110.181299068632129, 25.214640809284344, 0.0 ], [ 110.181440801771913, 25.214914080500662, 0.0 ], [ 110.181561224507504, 25.215195696553103, 0.0 ], [ 110.181659286027795, 25.215484436100265, 0.0 ], [ 110.181733590987662, 25.215778971731627, 0.0 ], [ 110.181785107417625, 25.216077477600159, 0.0 ], [ 110.182018093835154, 25.216222460647252, 0.0 ], [ 110.182340408681441, 25.216295907940378, 0.0 ], [ 110.182662723934669, 25.216369354539655, 0.0 ], [ 110.182985039594996, 25.216442800445076, 0.0 ], [ 110.183307355662322, 25.216516245656624, 0.0 ], [ 110.183586885274437, 25.216532356076915, 0.0 ], [ 110.183540663740445, 25.216236202479895, 0.0 ], [ 110.183452599672179, 25.215944762899575, 0.0 ], [ 110.183501765922855, 25.215647011998382, 0.0 ], [ 110.183520108316102, 25.215353265947932, 0.0 ], [ 110.18337232583518, 25.215084115458371, 0.0 ], [ 110.183204651865367, 25.214823157025545, 0.0 ], [ 110.183036978599773, 25.214562198411336, 0.0 ], [ 110.182869306038597, 25.214301239615736, 0.0 ], [ 110.182701634181683, 25.214040280638748, 0.0 ], [ 110.182533963028874, 25.213779321480402, 0.0 ], [ 110.18236629258044, 25.213518362140679, 0.0 ], [ 110.182198622836154, 25.213257402619604, 0.0 ], [ 110.182030953796087, 25.212996442917163, 0.0 ], [ 110.181849460721637, 25.212779264031717, 0.0 ], [ 110.181555111322126, 25.212919484633883, 0.0 ], [ 110.181260761260802, 25.213059704630371, 0.0 ], [ 110.180966410537621, 25.213199924021165, 0.0 ], [ 110.180655218849182, 25.213291538438039, 0.0 ], [ 110.180358328378119, 25.213406926544675, 0.0 ] ] ] } },
{ "type": "Feature", "properties": { }, "geometry": { "type": "Polygon", "coordinates": [ [ [ 110.179942206754632, 25.21236430548981, 0.0 ], [ 110.179908545800728, 25.212296053451151, 0.0 ], [ 110.179874884883446, 25.212227801405149, 0.0 ], [ 110.1798412240028, 25.212159549351803, 0.0 ], [ 110.179804191365719, 25.212095200731568, 0.0 ], [ 110.17972333484235, 25.212081585932459, 0.0 ], [ 110.179642478338195, 25.212067971089532, 0.0 ], [ 110.179561621853424, 25.212054356202831, 0.0 ], [ 110.179480725930077, 25.212044323547037, 0.0 ], [ 110.179399585800226, 25.212056461738879, 0.0 ], [ 110.179318332959213, 25.212067833936455, 0.0 ], [ 110.179236455493722, 25.212066186601106, 0.0 ], [ 110.179155699418175, 25.212052166017667, 0.0 ], [ 110.179075046450365, 25.212037586376923, 0.0 ], [ 110.178994393502975, 25.212023006692629, 0.0 ], [ 110.178915844512431, 25.212026545707165, 0.0 ], [ 110.17896017677171, 25.21207823529684, 0.0 ], [ 110.179017075388117, 25.21213224204498, 0.0 ], [ 110.179073974054617, 25.212186248772102, 0.0 ], [ 110.179130872771296, 25.212240255478189, 0.0 ], [ 110.179187771538153, 25.212294262163262, 0.0 ], [ 110.17924467035526, 25.212348268827302, 0.0 ], [ 110.179301569222474, 25.212402275470314, 0.0 ], [ 110.179358468139924, 25.212456282092308, 0.0 ], [ 110.179415367107495, 25.21251028869327, 0.0 ], [ 110.179472266125217, 25.2125642952732, 0.0 ], [ 110.179529165193216, 25.212618301832109, 0.0 ], [ 110.179591532193115, 25.212666515012156, 0.0 ], [ 110.179668932903894, 25.212689720770374, 0.0 ], [ 110.179750104736215, 25.212682491339812, 0.0 ], [ 110.179823832814748, 25.212649824107007, 0.0 ], [ 110.179895601754254, 25.212613309907024, 0.0 ], [ 110.179967370651639, 25.212576795670934, 0.0 ], [ 110.179959854437726, 25.212512680153363, 0.0 ], [ 110.179947391174835, 25.212438963504145, 0.0 ], [ 110.179942206754632, 25.21236430548981, 0.0 ] ] ] } },
{ "type": "Feature", "properties": { }, "geometry": { "type": "Polygon", "coordinates": [ [ [ 110.169764553991314, 25.207359144481867, 0.0 ], [ 110.169705765512091, 25.20729941935997, 0.0 ], [ 110.169646977090096, 25.207239694215691, 0.0 ], [ 110.169588188725356, 25.207179969049012, 0.0 ], [ 110.169529400417758, 25.207120243859947, 0.0 ], [ 110.169470612167373, 25.20706051864849, 0.0 ], [ 110.169411823974187, 25.207000793414647, 0.0 ], [ 110.169353035838213, 25.206941068158404, 0.0 ], [ 110.169294247759524, 25.206881342879775, 0.0 ], [ 110.169235459737962, 25.206821617578761, 0.0 ], [ 110.169176671773613, 25.206761892255351, 0.0 ], [ 110.169117883866463, 25.206702166909562, 0.0 ], [ 110.169059096016511, 25.206642441541369, 0.0 ], [ 110.169000308223787, 25.206582716150795, 0.0 ], [ 110.168932704091901, 25.206551732250823, 0.0 ], [ 110.168848417688125, 25.206575132624859, 0.0 ], [ 110.168764131253468, 25.206598532949943, 0.0 ], [ 110.168679844787974, 25.206621933226081, 0.0 ], [ 110.1686388060388, 25.206656313254591, 0.0 ], [ 110.168697594069158, 25.20671603847169, 0.0 ], [ 110.168756382156658, 25.206775763666393, 0.0 ], [ 110.168815170301428, 25.206835488838717, 0.0 ], [ 110.168873958503397, 25.206895213988652, 0.0 ], [ 110.168932746762593, 25.206954939116198, 0.0 ], [ 110.168991535078902, 25.207014664221351, 0.0 ], [ 110.169050323452424, 25.207074389304115, 0.0 ], [ 110.16910911188323, 25.207134114364489, 0.0 ], [ 110.169167900371249, 25.207193839402471, 0.0 ], [ 110.169226688916396, 25.207253564418068, 0.0 ], [ 110.169305341859527, 25.207289315049334, 0.0 ], [ 110.169384639883162, 25.207324287144942, 0.0 ], [ 110.169463937952969, 25.207359259199013, 0.0 ], [ 110.169543236069259, 25.207394231211545, 0.0 ], [ 110.169622534231792, 25.207429203182532, 0.0 ], [ 110.169695261455743, 25.207408678003894, 0.0 ], [ 110.169764553991314, 25.207359144481867, 0.0 ] ] ] } },
{ "type": "Feature", "properties": { }, "geometry": { "type": "Polygon", "coordinates": [ [ [ 110.177139902305157, 25.203217556263731, 0.0 ], [ 110.176842193750019, 25.202689686698871, 0.0 ], [ 110.176543431258494, 25.202162318763111, 0.0 ], [ 110.176216218932623, 25.201649339759381, 0.0 ], [ 110.175842836112821, 25.201163143751288, 0.0 ], [ 110.175348102934237, 25.200951830666895, 0.0 ], [ 110.174736671847484, 25.201158114876364, 0.0 ], [ 110.174125238766621, 25.201364396499773, 0.0 ], [ 110.173512562140303, 25.201566281162062, 0.0 ], [ 110.172901125144108, 25.201772557737645, 0.0 ], [ 110.172289686199164, 25.201978831837554, 0.0 ], [ 110.170609994214132, 25.202854588325419, 0.0 ], [ 110.170290859790072, 25.203320468166801, 0.0 ], [ 110.170784406448988, 25.203708223992265, 0.0 ], [ 110.171689579114712, 25.204557653556733, 0.0 ], [ 110.172139858676147, 25.20498678898381, 0.0 ], [ 110.172574066146026, 25.205429427179066, 0.0 ], [ 110.172992167820837, 25.205884706635008, 0.0 ], [ 110.173400326162295, 25.206347434143197, 0.0 ], [ 110.173807731564452, 25.206810715877143, 0.0 ], [ 110.174215140032089, 25.20727399653795, 0.0 ], [ 110.175687038350489, 25.206602375147796, 0.0 ], [ 110.176298084710481, 25.206395082952998, 0.0 ], [ 110.176909129066757, 25.206187788174805, 0.0 ], [ 110.177520171419175, 25.205980490813257, 0.0 ], [ 110.177365986002059, 25.20550284876186, 0.0 ], [ 110.177621176628051, 25.205131604295715, 0.0 ], [ 110.178032951267781, 25.204801205068026, 0.0 ], [ 110.177735265763417, 25.204273322705056, 0.0 ], [ 110.177437582775937, 25.20374543977027, 0.0 ], [ 110.177139902305157, 25.203217556263731, 0.0 ] ] ] } },
{ "type": "Feature", "properties": { }, "geometry": { "type": "Polygon", "coordinates": [ [ [ 110.181094100705323, 25.212068174612636, 0.0 ], [ 110.181583066352431, 25.211819393855571, 0.0 ], [ 110.181809924576569, 25.211498572753602, 0.0 ], [ 110.18155417594059, 25.211045108031858, 0.0 ], [ 110.181298429162823, 25.210591642887767, 0.0 ], [ 110.181042684243181, 25.21013817732133, 0.0 ], [ 110.180786941181609, 25.209684711332585, 0.0 ], [ 110.180531199978034, 25.209231244921554, 0.0 ], [ 110.180275460632359, 25.208777778088269, 0.0 ], [ 110.180019723144696, 25.208324310832758, 0.0 ], [ 110.179763987514704, 25.207870843155042, 0.0 ], [ 110.17950825374254, 25.207417375055162, 0.0 ], [ 110.17925252182809, 25.206963906533126, 0.0 ], [ 110.178996791771254, 25.206510437588975, 0.0 ], [ 110.17850801729783, 25.20662592069781, 0.0 ], [ 110.178009571557979, 25.206858573014024, 0.0 ], [ 110.177511843984945, 25.207092477113406, 0.0 ], [ 110.17703149496964, 25.207354319251355, 0.0 ], [ 110.176567044794623, 25.207639309201952, 0.0 ], [ 110.17533728713461, 25.208550011580648, 0.0 ], [ 110.175687275773953, 25.20894798303528, 0.0 ], [ 110.176040510752784, 25.209343548781284, 0.0 ], [ 110.176411848912196, 25.209725094384648, 0.0 ], [ 110.176797976862559, 25.210094362152244, 0.0 ], [ 110.177185622504396, 25.210462322390235, 0.0 ], [ 110.177573270475094, 25.210830281652491, 0.0 ], [ 110.177960920774694, 25.211198239938955, 0.0 ], [ 110.178348573403298, 25.211566197249589, 0.0 ], [ 110.179919276048025, 25.211680998632353, 0.0 ], [ 110.180580441791221, 25.212264878524273, 0.0 ], [ 110.181094100705323, 25.212068174612636, 0.0 ] ] ] } },
{ "type": "Feature", "properties": { }, "geometry": { "type": "Polygon", "coordinates": [ [ [ 110.174157309404066, 25.217279041534024, 0.0 ], [ 110.17415836148615, 25.217122503567108, 0.0 ], [ 110.174159413559352, 25.216965965596842, 0.0 ], [ 110.1741604656238, 25.216809427623215, 0.0 ], [ 110.174161517679408, 25.21665288964623, 0.0 ], [ 110.174162569726221, 25.216496351665896, 0.0 ], [ 110.174163621764265, 25.216339813682197, 0.0 ], [ 110.174164737615655, 25.21618327606291, 0.0 ], [ 110.174118242223187, 25.216034023710026, 0.0 ], [ 110.173971657736715, 25.216052458121801, 0.0 ], [ 110.173809037974664, 25.216103641778716, 0.0 ], [ 110.173644676317849, 25.216149933000388, 0.0 ], [ 110.173478375062842, 25.216190075513982, 0.0 ], [ 110.173310411972366, 25.216224003078761, 0.0 ], [ 110.17314106733069, 25.216251658926236, 0.0 ], [ 110.172984509640429, 25.216312523676105, 0.0 ], [ 110.172976644314261, 25.216447154958882, 0.0 ], [ 110.173028098910066, 25.2165963036005, 0.0 ], [ 110.173089167843173, 25.216742629689616, 0.0 ], [ 110.173157208392297, 25.216886374645512, 0.0 ], [ 110.173232470953295, 25.217027106167397, 0.0 ], [ 110.173314573809009, 25.217164639448043, 0.0 ], [ 110.173402525866237, 25.217299159244259, 0.0 ], [ 110.173493655286947, 25.217431944057058, 0.0 ], [ 110.173585522160991, 25.217564311254581, 0.0 ], [ 110.173677389231329, 25.217696678397687, 0.0 ], [ 110.173769256497863, 25.217829045486379, 0.0 ], [ 110.173900575918381, 25.217894078783889, 0.0 ], [ 110.174061367818751, 25.217846946326056, 0.0 ], [ 110.174216988129402, 25.217780131161096, 0.0 ], [ 110.174372608273941, 25.217713315827393, 0.0 ], [ 110.174528228252441, 25.217646500324914, 0.0 ], [ 110.174590944762429, 25.217533868107576, 0.0 ], [ 110.174446399439688, 25.217448926053631, 0.0 ], [ 110.174301854320248, 25.217363983862448, 0.0 ], [ 110.174157309404066, 25.217279041534024, 0.0 ] ] ] } },
{ "type": "Feature", "properties": { }, "geometry": { "type": "Polygon", "coordinates": [ [ [ 110.176256733346037, 25.215671855176531, 0.0 ], [ 110.176317332906194, 25.215572619347117, 0.0 ], [ 110.176365731300294, 25.215468002650351, 0.0 ], [ 110.176373401798529, 25.215354978179718, 0.0 ], [ 110.176379264012851, 25.215241583493896, 0.0 ], [ 110.176385126212949, 25.215128188805842, 0.0 ], [ 110.176390988399078, 25.215014794115575, 0.0 ], [ 110.176396850571109, 25.214901399423074, 0.0 ], [ 110.176301882657512, 25.214920348670873, 0.0 ], [ 110.176192797279725, 25.214975439669175, 0.0 ], [ 110.176083883401915, 25.215030847429492, 0.0 ], [ 110.175974969427116, 25.215086255106652, 0.0 ], [ 110.175866055355328, 25.215141662700653, 0.0 ], [ 110.17575714118658, 25.215197070211502, 0.0 ], [ 110.175681490895897, 25.215285370410761, 0.0 ], [ 110.175678177501183, 25.215398171064553, 0.0 ], [ 110.175677415964188, 25.215511688949427, 0.0 ], [ 110.175676654422546, 25.215625206832534, 0.0 ], [ 110.175675892876285, 25.215738724713884, 0.0 ], [ 110.17567513132532, 25.215852242593463, 0.0 ], [ 110.175674369769879, 25.215965760471278, 0.0 ], [ 110.175673608209635, 25.216079278347326, 0.0 ], [ 110.175672846644858, 25.216192796221609, 0.0 ], [ 110.175672085075433, 25.216306314094137, 0.0 ], [ 110.175671323501319, 25.216419831964892, 0.0 ], [ 110.175761012924497, 25.216446494931187, 0.0 ], [ 110.175885801851038, 25.216446358811112, 0.0 ], [ 110.176010590780393, 25.216446222585674, 0.0 ], [ 110.176135379712818, 25.216446086254873, 0.0 ], [ 110.176198519574186, 25.216350890755685, 0.0 ], [ 110.176210318273675, 25.216237882507126, 0.0 ], [ 110.17621960132891, 25.216124677046476, 0.0 ], [ 110.176228884363795, 25.216011471583087, 0.0 ], [ 110.176238167378173, 25.215898266116962, 0.0 ], [ 110.176247450372315, 25.215785060648109, 0.0 ], [ 110.176256733346037, 25.215671855176531, 0.0 ] ] ] } },
{ "type": "Feature", "properties": { }, "geometry": { "type": "Polygon", "coordinates": [ [ [ 110.196231909904412, 25.274588101332011, 0.0 ], [ 110.196439977801461, 25.27424862190913, 0.0 ], [ 110.196648044521211, 25.273909142148973, 0.0 ], [ 110.196856110063621, 25.273569662051557, 0.0 ], [ 110.196954579703586, 25.273212784673174, 0.0 ], [ 110.196647481290839, 25.272946957490891, 0.0 ], [ 110.196330958824149, 25.272685792840896, 0.0 ], [ 110.196014437716059, 25.272424627536139, 0.0 ], [ 110.195697917966655, 25.272163461576646, 0.0 ], [ 110.195381399575837, 25.271902294962437, 0.0 ], [ 110.195023971789681, 25.27194134311647, 0.0 ], [ 110.194766289577757, 25.272251407272009, 0.0 ], [ 110.194523429697469, 25.272570541411561, 0.0 ], [ 110.194296286124199, 25.272899292589742, 0.0 ], [ 110.194214735150851, 25.273209611912669, 0.0 ], [ 110.194501773020519, 25.273490450786202, 0.0 ], [ 110.194857404067037, 25.2737059343163, 0.0 ], [ 110.195201989760406, 25.273935793538563, 0.0 ], [ 110.19553467713699, 25.274179737460678, 0.0 ], [ 110.195860829390469, 25.274430918248285, 0.0 ], [ 110.196231909904412, 25.274588101332011, 0.0 ] ] ] } },
{ "type": "Feature", "properties": { }, "geometry": { "type": "Polygon", "coordinates": [ [ [ 110.19753670280511, 25.275722288470472, 0.0 ], [ 110.197894891376265, 25.275998290128303, 0.0 ], [ 110.198253081575388, 25.276274290946144, 0.0 ], [ 110.19880306998067, 25.27662464952196, 0.0 ], [ 110.199151282060811, 25.276256054337924, 0.0 ], [ 110.19919735916227, 25.275832202646232, 0.0 ], [ 110.19913410571813, 25.275410146134277, 0.0 ], [ 110.198965104588424, 25.275012925825674, 0.0 ], [ 110.198699962931727, 25.274661898852802, 0.0 ], [ 110.198364519097694, 25.274363663560148, 0.0 ], [ 110.198016823024773, 25.274076788233412, 0.0 ], [ 110.197669128591315, 25.27378991211646, 0.0 ], [ 110.197321435797349, 25.273503035209341, 0.0 ], [ 110.19672201987818, 25.274134193159245, 0.0 ], [ 110.1965107416016, 25.274861103064126, 0.0 ], [ 110.196820330809942, 25.275170282352914, 0.0 ], [ 110.197178515993471, 25.275446285831652, 0.0 ], [ 110.19753670280511, 25.275722288470472, 0.0 ] ] ] } },
{ "type": "Feature", "properties": { }, "geometry": { "type": "Polygon", "coordinates": [ [ [ 110.195414887529708, 25.271470956717931, 0.0 ], [ 110.1970966882608, 25.273025067271735, 0.0 ], [ 110.19789764021283, 25.271959567049475, 0.0 ], [ 110.198240354235779, 25.271852646432148, 0.0 ], [ 110.198315640882427, 25.271465551124813, 0.0 ], [ 110.198038320361164, 25.270709122269125, 0.0 ], [ 110.196925207910525, 25.270034604555271, 0.0 ], [ 110.196615552232245, 25.27006735014826, 0.0 ], [ 110.196320551712589, 25.270422332896491, 0.0 ], [ 110.196025408793872, 25.270777203842076, 0.0 ], [ 110.195709893517332, 25.271115976136379, 0.0 ], [ 110.195414887529708, 25.271470956717931, 0.0 ] ] ] } },
{ "type": "Feature", "properties": { }, "geometry": { "type": "Polygon", "coordinates": [ [ [ 110.175836206427192, 25.280138669421486, 0.0 ], [ 110.175879944042464, 25.2807578949675, 0.0 ], [ 110.176201068507069, 25.281121955803187, 0.0 ], [ 110.176883389485255, 25.281109211518693, 0.0 ], [ 110.177361461167109, 25.280685474103851, 0.0 ], [ 110.177822926857374, 25.280228327242892, 0.0 ], [ 110.178284389080233, 25.279771178823683, 0.0 ], [ 110.178745847835614, 25.279314028846343, 0.0 ], [ 110.179295317307634, 25.279153589591701, 0.0 ], [ 110.179456526614686, 25.278735531120937, 0.0 ], [ 110.17945286670863, 25.278115038272677, 0.0 ], [ 110.179449206743968, 25.277494545373614, 0.0 ], [ 110.179016649497981, 25.277259889738758, 0.0 ], [ 110.178342774460688, 25.277357910834585, 0.0 ], [ 110.177686307976842, 25.277521984642451, 0.0 ], [ 110.177079455446744, 25.27780478110833, 0.0 ], [ 110.176481802076864, 25.278104337166521, 0.0 ], [ 110.175884145822664, 25.278403890717964, 0.0 ], [ 110.175694483739449, 25.278906789748305, 0.0 ], [ 110.175738220017408, 25.279526015430715, 0.0 ], [ 110.175836206427192, 25.280138669421486, 0.0 ] ] ] } },
{ "type": "Feature", "properties": { }, "geometry": { "type": "Polygon", "coordinates": [ [ [ 110.190509994334164, 25.291524071719188, 0.0 ], [ 110.191359552204332, 25.292036136005159, 0.0 ], [ 110.192360550997577, 25.292029125450544, 0.0 ], [ 110.193147147905535, 25.291450825518616, 0.0 ], [ 110.193590088746205, 25.290706395825961, 0.0 ], [ 110.193949060902028, 25.289840400836983, 0.0 ], [ 110.194310654018395, 25.2889837759942, 0.0 ], [ 110.194153615149133, 25.288255569060027, 0.0 ], [ 110.19313294352942, 25.288190120797864, 0.0 ], [ 110.192112273214917, 25.288124665499605, 0.0 ], [ 110.190141181172436, 25.28799823895438, 0.0 ], [ 110.189119879734747, 25.287969603163081, 0.0 ], [ 110.18809899228981, 25.287916993116887, 0.0 ], [ 110.187658972235823, 25.288710969625797, 0.0 ], [ 110.187326171793245, 25.289590590602202, 0.0 ], [ 110.187853894393911, 25.290148916721513, 0.0 ], [ 110.188792170378633, 25.29051890109838, 0.0 ], [ 110.189679398883939, 25.290981194110113, 0.0 ], [ 110.190509994334164, 25.291524071719188, 0.0 ] ] ] } },
{ "type": "Feature", "properties": { }, "geometry": { "type": "Polygon", "coordinates": [ [ [ 110.198370363840922, 25.285865386150554, 0.0 ], [ 110.199216713248845, 25.285927171772475, 0.0 ], [ 110.199714395656372, 25.28557375790178, 0.0 ], [ 110.199870495123832, 25.284092297174148, 0.0 ], [ 110.197657796730468, 25.283813910660196, 0.0 ], [ 110.195679173713117, 25.28394891486845, 0.0 ], [ 110.19488840565802, 25.286937608673604, 0.0 ], [ 110.195167271373279, 25.287416207145036, 0.0 ], [ 110.196014264834659, 25.287470339022285, 0.0 ], [ 110.196858545028846, 25.28749695631252, 0.0 ], [ 110.197705527086413, 25.287551246451354, 0.0 ], [ 110.198294802881179, 25.287327853865847, 0.0 ], [ 110.198370363840922, 25.285865386150554, 0.0 ] ] ] } },
{ "type": "Feature", "properties": { }, "geometry": { "type": "Polygon", "coordinates": [ [ [ 110.183843997981768, 25.28677555796736, 0.0 ], [ 110.183874925285565, 25.286550763261193, 0.0 ], [ 110.183905852462956, 25.286325968538925, 0.0 ], [ 110.18393677951407, 25.286101173800546, 0.0 ], [ 110.183967706438864, 25.285876379046062, 0.0 ], [ 110.183872622135951, 25.285745981028956, 0.0 ], [ 110.183624018991779, 25.285730585922156, 0.0 ], [ 110.183375415922811, 25.285715190397926, 0.0 ], [ 110.183126812929203, 25.285699794456267, 0.0 ], [ 110.182878210011026, 25.285684398097199, 0.0 ], [ 110.182629607168167, 25.285669001320695, 0.0 ], [ 110.182389394140316, 25.285668997335446, 0.0 ], [ 110.182252284687863, 25.285858164372609, 0.0 ], [ 110.182427272813669, 25.285971138939473, 0.0 ], [ 110.18262645938853, 25.286104919953107, 0.0 ], [ 110.182804054016131, 25.286263764459836, 0.0 ], [ 110.182986411169665, 25.286418130805973, 0.0 ], [ 110.183173592360617, 25.286567622515708, 0.0 ], [ 110.183357223396584, 25.286720653323609, 0.0 ], [ 110.18359543171448, 25.28675965118606, 0.0 ], [ 110.183843997981768, 25.28677555796736, 0.0 ] ] ] } },
{ "type": "Feature", "properties": { }, "geometry": { "type": "Polygon", "coordinates": [ [ [ 110.178618931121605, 25.288846752888979, 0.0 ], [ 110.178936141550977, 25.288867001615724, 0.0 ], [ 110.179253352106457, 25.288887249662881, 0.0 ], [ 110.179570562787802, 25.288907497030458, 0.0 ], [ 110.179872051217245, 25.288902351996406, 0.0 ], [ 110.180017555188869, 25.288645291308843, 0.0 ], [ 110.180163058534774, 25.288388230453521, 0.0 ], [ 110.180308561255046, 25.28813116943045, 0.0 ], [ 110.180454063349771, 25.287874108239638, 0.0 ], [ 110.180599564818763, 25.287617046881085, 0.0 ], [ 110.180743635377624, 25.287359328695011, 0.0 ], [ 110.180492861208862, 25.287312189676914, 0.0 ], [ 110.180178433515024, 25.287355327053913, 0.0 ], [ 110.179865115497961, 25.287380983583311, 0.0 ], [ 110.179572159628137, 25.287493414680657, 0.0 ], [ 110.179379173910959, 25.287717374891585, 0.0 ], [ 110.179198923342838, 25.287955543260242, 0.0 ], [ 110.17901867206308, 25.288193711383386, 0.0 ], [ 110.178838420071671, 25.28843187926099, 0.0 ], [ 110.178658167368596, 25.288670046893063, 0.0 ], [ 110.178618931121605, 25.288846752888979, 0.0 ] ] ] } },
{ "type": "Feature", "properties": { }, "geometry": { "type": "Polygon", "coordinates": [ [ [ 110.167678924616382, 25.287803858929653, 0.0 ], [ 110.167504391601696, 25.287342890698408, 0.0 ], [ 110.167238907465304, 25.286916008907465, 0.0 ], [ 110.167011090841186, 25.286468481579139, 0.0 ], [ 110.166752187073897, 25.286072984807443, 0.0 ], [ 110.16659018792933, 25.285609706467955, 0.0 ], [ 110.166274353635146, 25.285250216680389, 0.0 ], [ 110.165762185716659, 25.285097828365316, 0.0 ], [ 110.16522508831882, 25.285136193918653, 0.0 ], [ 110.164745424740246, 25.285359422243459, 0.0 ], [ 110.164398676680406, 25.285734418645859, 0.0 ], [ 110.164156239619274, 25.286175587403868, 0.0 ], [ 110.163915732090885, 25.286617664843572, 0.0 ], [ 110.163675222604965, 25.287059741741214, 0.0 ], [ 110.163434711189311, 25.287501818109309, 0.0 ], [ 110.163194197992226, 25.287943894014486, 0.0 ], [ 110.163478037798015, 25.288283806297372, 0.0 ], [ 110.163977552641811, 25.288476178389427, 0.0 ], [ 110.16447706910489, 25.288668548825164, 0.0 ], [ 110.16497658718697, 25.288860917604545, 0.0 ], [ 110.165476106888249, 25.289053284727519, 0.0 ], [ 110.165973904962428, 25.28924930316234, 0.0 ], [ 110.166472381523079, 25.289443897605263, 0.0 ], [ 110.16697085971731, 25.289638490398993, 0.0 ], [ 110.167469339545036, 25.289833081543485, 0.0 ], [ 110.167967821006371, 25.29002767103869, 0.0 ], [ 110.168007776451233, 25.28917813110586, 0.0 ], [ 110.167970448298888, 25.288701165636404, 0.0 ], [ 110.167678924616382, 25.287803858929653, 0.0 ] ] ] } },
{ "type": "Feature", "properties": { }, "geometry": { "type": "Polygon", "coordinates": [ [ [ 110.168138395711011, 25.291613472254209, 0.0 ], [ 110.168190969288432, 25.291213828254683, 0.0 ], [ 110.168246948955201, 25.290811531782239, 0.0 ], [ 110.168225364879049, 25.290406891013472, 0.0 ], [ 110.166215775108256, 25.289579483219072, 0.0 ], [ 110.165804433093342, 25.289557402295813, 0.0 ], [ 110.165049012709758, 25.291022913148389, 0.0 ], [ 110.164116523200818, 25.292406373884315, 0.0 ], [ 110.164234295804562, 25.292729585105555, 0.0 ], [ 110.164627815043204, 25.292920862752954, 0.0 ], [ 110.165021448610403, 25.293111947407251, 0.0 ], [ 110.16541606236251, 25.29330134583817, 0.0 ], [ 110.165811603494348, 25.293489148920951, 0.0 ], [ 110.166089132693216, 25.293363464013844, 0.0 ], [ 110.166485787924401, 25.293178239820548, 0.0 ], [ 110.166875472993297, 25.292981266706107, 0.0 ], [ 110.167239034638527, 25.292766233889918, 0.0 ], [ 110.167578713421605, 25.292638058752178, 0.0 ], [ 110.16791515591413, 25.292394528277097, 0.0 ], [ 110.16805349765788, 25.292011610982293, 0.0 ], [ 110.168138395711011, 25.291613472254209, 0.0 ] ] ] } },
{ "type": "Feature", "properties": { }, "geometry": { "type": "Polygon", "coordinates": [ [ [ 110.163758457134463, 25.292505436864221, 0.0 ], [ 110.164000083109514, 25.292234672653581, 0.0 ], [ 110.164227666273632, 25.291901639260821, 0.0 ], [ 110.164455248177021, 25.291568605470307, 0.0 ], [ 110.16468282881965, 25.291235571282034, 0.0 ], [ 110.164897656129654, 25.290895753243415, 0.0 ], [ 110.165082646151447, 25.290541662750815, 0.0 ], [ 110.165260769508535, 25.290184597756067, 0.0 ], [ 110.165438891796569, 25.289827532502525, 0.0 ], [ 110.165598852871739, 25.289470024345441, 0.0 ], [ 110.165307537590806, 25.289223633810021, 0.0 ], [ 110.164910441562284, 25.289070710443116, 0.0 ], [ 110.164513346557072, 25.288917786029437, 0.0 ], [ 110.164116252574956, 25.288764860569003, 0.0 ], [ 110.163719159616235, 25.288611934061834, 0.0 ], [ 110.163322067680653, 25.288459006507953, 0.0 ], [ 110.162921231426722, 25.28845634698666, 0.0 ], [ 110.162726262461561, 25.288803973881034, 0.0 ], [ 110.162535061274923, 25.289155403115576, 0.0 ], [ 110.162343858962316, 25.289506832057508, 0.0 ], [ 110.162152655560604, 25.289858260723435, 0.0 ], [ 110.161961451234859, 25.290209689187567, 0.0 ], [ 110.16177024578306, 25.290561117359065, 0.0 ], [ 110.161579039205179, 25.29091254523793, 0.0 ], [ 110.161474716151815, 25.291270260910846, 0.0 ], [ 110.161800462373506, 25.291499005052611, 0.0 ], [ 110.162176742488455, 25.291690567540659, 0.0 ], [ 110.162553023806396, 25.291882129094052, 0.0 ], [ 110.162929306327257, 25.292073689712769, 0.0 ], [ 110.163305590051195, 25.292265249396781, 0.0 ], [ 110.163758457134463, 25.292505436864221, 0.0 ] ] ] } },
{ "type": "Feature", "properties": { }, "geometry": { "type": "Polygon", "coordinates": [ [ [ 110.161968602994193, 25.289707939316042, 0.0 ], [ 110.162154075965091, 25.289367043781514, 0.0 ], [ 110.162339547876542, 25.289026147971647, 0.0 ], [ 110.162525018728516, 25.288685251886459, 0.0 ], [ 110.162698307306783, 25.288343779306203, 0.0 ], [ 110.162428434472417, 25.288095239961546, 0.0 ], [ 110.162043247399026, 25.287946892452993, 0.0 ], [ 110.161658061288534, 25.287798543959632, 0.0 ], [ 110.161272876140856, 25.287650194481465, 0.0 ], [ 110.160887691788432, 25.287501844378482, 0.0 ], [ 110.160502508310771, 25.28735349347998, 0.0 ], [ 110.160096614993904, 25.287296201294321, 0.0 ], [ 110.15974469642542, 25.287486579279236, 0.0 ], [ 110.159550741959464, 25.287822426495413, 0.0 ], [ 110.159372313056153, 25.288166414430581, 0.0 ], [ 110.159193883122626, 25.288510402108216, 0.0 ], [ 110.159015452158826, 25.288854389528286, 0.0 ], [ 110.158837020164697, 25.289198376690798, 0.0 ], [ 110.158658587140209, 25.289542363595736, 0.0 ], [ 110.158642441827993, 25.289891209301615, 0.0 ], [ 110.159007434371361, 25.290077037984172, 0.0 ], [ 110.159372428046723, 25.290262865787444, 0.0 ], [ 110.159737422841189, 25.290448692732308, 0.0 ], [ 110.160102418707098, 25.290634518896077, 0.0 ], [ 110.160467415704986, 25.29082034418051, 0.0 ], [ 110.160832413834825, 25.291006168585579, 0.0 ], [ 110.161202625341431, 25.291113630266263, 0.0 ], [ 110.161412178056651, 25.290730624417094, 0.0 ], [ 110.161597654095459, 25.290389729658774, 0.0 ], [ 110.161783129074522, 25.290048834625086, 0.0 ], [ 110.161968602994193, 25.289707939316042, 0.0 ] ] ] } },
{ "type": "Feature", "properties": { }, "geometry": { "type": "Polygon", "coordinates": [ [ [ 110.16510131448652, 25.284943251362421, 0.0 ], [ 110.165329383674433, 25.284526557255312, 0.0 ], [ 110.164847292573739, 25.284395774646679, 0.0 ], [ 110.164346621541512, 25.284301699809138, 0.0 ], [ 110.163871743001991, 25.284141862368514, 0.0 ], [ 110.16336717323432, 25.284163193002907, 0.0 ], [ 110.162888435606078, 25.284222814947881, 0.0 ], [ 110.162395865347804, 25.28431071013026, 0.0 ], [ 110.161949537117366, 25.284532427310261, 0.0 ], [ 110.161496086586055, 25.28474273330372, 0.0 ], [ 110.161089104202659, 25.284984939494681, 0.0 ], [ 110.16072403436705, 25.285285716305243, 0.0 ], [ 110.160423293722317, 25.28563776905969, 0.0 ], [ 110.160088569721069, 25.28598097826956, 0.0 ], [ 110.159658175890613, 25.286782601517967, 0.0 ], [ 110.160062031876947, 25.286987786607199, 0.0 ], [ 110.16053341722359, 25.287169340276517, 0.0 ], [ 110.161004804048233, 25.287350892394038, 0.0 ], [ 110.16147619229551, 25.287532443078497, 0.0 ], [ 110.161947581968889, 25.287713992322438, 0.0 ], [ 110.162418973084385, 25.287895540091451, 0.0 ], [ 110.162893231540366, 25.28796209560009, 0.0 ], [ 110.163136494889883, 25.287561339872148, 0.0 ], [ 110.163363468409088, 25.287144149708446, 0.0 ], [ 110.163590440341878, 25.286726959132483, 0.0 ], [ 110.163817410551218, 25.286309768082731, 0.0 ], [ 110.164044379172992, 25.28589257662027, 0.0 ], [ 110.164290078597631, 25.285485023503007, 0.0 ], [ 110.164647895793578, 25.285155087905355, 0.0 ], [ 110.16510131448652, 25.284943251362421, 0.0 ] ] ] } },
{ "type": "Feature", "properties": { }, "geometry": { "type": "Polygon", "coordinates": [ [ [ 110.161008593403608, 25.291426911651254, 0.0 ], [ 110.160739765441363, 25.291290049553226, 0.0 ], [ 110.16047093809307, 25.291153186978171, 0.0 ], [ 110.160202111358842, 25.291016323926097, 0.0 ], [ 110.159933285238736, 25.290879460397004, 0.0 ], [ 110.159664459732696, 25.290742596390917, 0.0 ], [ 110.159395634878763, 25.290605731845904, 0.0 ], [ 110.159126810675275, 25.290468866764936, 0.0 ], [ 110.158857987088737, 25.290332001202298, 0.0 ], [ 110.158589164116265, 25.290195135162687, 0.0 ], [ 110.158306028799444, 25.290222026816277, 0.0 ], [ 110.158174607935422, 25.290475377875424, 0.0 ], [ 110.158043186512501, 25.290728728794829, 0.0 ], [ 110.157911914877772, 25.290982143417075, 0.0 ], [ 110.157788300354042, 25.291237820772338, 0.0 ], [ 110.157764332877662, 25.291514986935798, 0.0 ], [ 110.157895570795972, 25.291766199431095, 0.0 ], [ 110.158144219774613, 25.291931231427899, 0.0 ], [ 110.158419841177022, 25.292056430408525, 0.0 ], [ 110.158695463158367, 25.292181628885245, 0.0 ], [ 110.158971085743048, 25.292306826813451, 0.0 ], [ 110.159246708995937, 25.292432024075307, 0.0 ], [ 110.159522332826924, 25.292557220834464, 0.0 ], [ 110.159797957236151, 25.292682417090983, 0.0 ], [ 110.160073582223475, 25.292807612844825, 0.0 ], [ 110.160345781928996, 25.292690556977551, 0.0 ], [ 110.160482392496121, 25.292439483978832, 0.0 ], [ 110.160619002488318, 25.292188410830658, 0.0 ], [ 110.160755611905728, 25.29193733753312, 0.0 ], [ 110.160892220748295, 25.291686264086142, 0.0 ], [ 110.161008593403608, 25.291426911651254, 0.0 ] ] ] } },
{ "type": "Feature", "properties": { }, "geometry": { "type": "Polygon", "coordinates": [ [ [ 110.159562781818963, 25.297114113935518, 0.0 ], [ 110.160258545176106, 25.297414732460396, 0.0 ], [ 110.160923877346221, 25.297762062628532, 0.0 ], [ 110.161459086554316, 25.298227565378102, 0.0 ], [ 110.162178838163086, 25.298033816416808, 0.0 ], [ 110.162599775234128, 25.297601989295071, 0.0 ], [ 110.162247868676786, 25.297102512915387, 0.0 ], [ 110.161931672731853, 25.296475635196774, 0.0 ], [ 110.16304969346298, 25.294398931547995, 0.0 ], [ 110.163817869676137, 25.294419585250125, 0.0 ], [ 110.164569764009016, 25.294277237348769, 0.0 ], [ 110.165170750103357, 25.293867953712169, 0.0 ], [ 110.164899292277681, 25.293379184090497, 0.0 ], [ 110.164219679995526, 25.293049482385619, 0.0 ], [ 110.163543004894791, 25.292714839218561, 0.0 ], [ 110.16286984564104, 25.29237438552531, 0.0 ], [ 110.162197695280625, 25.292032281156196, 0.0 ], [ 110.161525586075925, 25.291690113184586, 0.0 ], [ 110.160605254686985, 25.292702271993985, 0.0 ], [ 110.160263709876702, 25.29332998586662, 0.0 ], [ 110.159922161472977, 25.293957698805286, 0.0 ], [ 110.15958060947564, 25.294585410809937, 0.0 ], [ 110.159239053884534, 25.295213121880458, 0.0 ], [ 110.158872023676594, 25.295828521246023, 0.0 ], [ 110.158426785010491, 25.296398247731176, 0.0 ], [ 110.158870128866241, 25.296808405651088, 0.0 ], [ 110.159562781818963, 25.297114113935518, 0.0 ] ] ] } },
{ "type": "Feature", "properties": { }, "geometry": { "type": "Polygon", "coordinates": [ [ [ 110.155638319502216, 25.294761974924374, 0.0 ], [ 110.157445289334802, 25.296162850901577, 0.0 ], [ 110.157826272405657, 25.296422080317907, 0.0 ], [ 110.158230009703416, 25.296200568156902, 0.0 ], [ 110.158546333095828, 25.295877187714343, 0.0 ], [ 110.158804557327755, 25.295513701898976, 0.0 ], [ 110.159019564932606, 25.295127671777905, 0.0 ], [ 110.159230730501335, 25.294739835648983, 0.0 ], [ 110.159441789117395, 25.294351951263589, 0.0 ], [ 110.159652846361283, 25.293964066521536, 0.0 ], [ 110.159863902232871, 25.293576181422797, 0.0 ], [ 110.160062053330734, 25.293182732020021, 0.0 ], [ 110.159767284531313, 25.292874771536365, 0.0 ], [ 110.159344036799865, 25.292678038769331, 0.0 ], [ 110.158918221872938, 25.292484619643442, 0.0 ], [ 110.158492408326026, 25.29229119931783, 0.0 ], [ 110.158066596159046, 25.292097777792574, 0.0 ], [ 110.157640785372024, 25.29190435506764, 0.0 ], [ 110.157214975965061, 25.291710931143093, 0.0 ], [ 110.157003003773383, 25.292042753197347, 0.0 ], [ 110.156782997456418, 25.292426357327276, 0.0 ], [ 110.156527962772657, 25.292791627136435, 0.0 ], [ 110.156317640785161, 25.293179592740522, 0.0 ], [ 110.15612141513428, 25.293573846913663, 0.0 ], [ 110.155924233276082, 25.293967719050382, 0.0 ], [ 110.155691235929496, 25.294344862827472, 0.0 ], [ 110.155638319502216, 25.294761974924374, 0.0 ] ] ] } },
{ "type": "Feature", "properties": { }, "geometry": { "type": "Polygon", "coordinates": [ [ [ 110.127224084932735, 25.308896394084083, 0.0 ], [ 110.127189269356933, 25.30940464865791, 0.0 ], [ 110.127355373525418, 25.309844200396064, 0.0 ], [ 110.127518846560307, 25.31035029212708, 0.0 ], [ 110.127715665267075, 25.310846461436224, 0.0 ], [ 110.127899226874703, 25.311344340533992, 0.0 ], [ 110.128145787239859, 25.311821879629626, 0.0 ], [ 110.128392349491591, 25.312299418333655, 0.0 ], [ 110.128647606799674, 25.312773166433566, 0.0 ], [ 110.12890300738249, 25.313246852492643, 0.0 ], [ 110.129385418306967, 25.313117541862798, 0.0 ], [ 110.129906543856364, 25.312885388421673, 0.0 ], [ 110.13043397493368, 25.312666054234153, 0.0 ], [ 110.130996395115019, 25.31254039813015, 0.0 ], [ 110.131575458552845, 25.312524383870667, 0.0 ], [ 110.13189031438877, 25.312279158193004, 0.0 ], [ 110.132220171846242, 25.311915569059835, 0.0 ], [ 110.132209359180393, 25.311388198465174, 0.0 ], [ 110.132193874222637, 25.310860870741735, 0.0 ], [ 110.132103173934851, 25.310343236529569, 0.0 ], [ 110.131809700386498, 25.309889034084861, 0.0 ], [ 110.131345173666631, 25.309588488411794, 0.0 ], [ 110.130829758971799, 25.309587305544277, 0.0 ], [ 110.1303595976011, 25.309426902048553, 0.0 ], [ 110.129695151528466, 25.309181616043713, 0.0 ], [ 110.129139286096375, 25.309063087307059, 0.0 ], [ 110.128573713408684, 25.308993632034035, 0.0 ], [ 110.128364883135646, 25.308703402776334, 0.0 ], [ 110.12779634448772, 25.308809170365009, 0.0 ], [ 110.127224084932735, 25.308896394084083, 0.0 ] ] ] } },
{ "type": "Feature", "properties": { }, "geometry": { "type": "Polygon", "coordinates": [ [ [ 110.126900543738088, 25.307903799273387, 0.0 ], [ 110.126916686240662, 25.308085563670012, 0.0 ], [ 110.126936191029785, 25.308267046148039, 0.0 ], [ 110.127006197107619, 25.30839292740848, 0.0 ], [ 110.127195893500101, 25.308348799787527, 0.0 ], [ 110.127384374708996, 25.308312895337703, 0.0 ], [ 110.127584978433049, 25.308311297783984, 0.0 ], [ 110.127785582160641, 25.308309699957153, 0.0 ], [ 110.127986185891672, 25.308308101857214, 0.0 ], [ 110.128186789626312, 25.308306503484143, 0.0 ], [ 110.128387393364378, 25.308304904837954, 0.0 ], [ 110.128425587451872, 25.308172647649929, 0.0 ], [ 110.128392904526081, 25.307992786587498, 0.0 ], [ 110.128430857947748, 25.307815281922093, 0.0 ], [ 110.128393789060496, 25.307637598813219, 0.0 ], [ 110.128293774607471, 25.307484281287095, 0.0 ], [ 110.128161361933593, 25.307175828342903, 0.0 ], [ 110.128193086975017, 25.30699676747556, 0.0 ], [ 110.128093171151619, 25.30685150659599, 0.0 ], [ 110.127926420405984, 25.306789344592406, 0.0 ], [ 110.127755086835165, 25.30687791470762, 0.0 ], [ 110.127588350260098, 25.306979274082863, 0.0 ], [ 110.127457818343416, 25.307115380500214, 0.0 ], [ 110.127386857276491, 25.307254781430174, 0.0 ], [ 110.127396118639979, 25.307801783910126, 0.0 ], [ 110.127301717696739, 25.307898187499205, 0.0 ], [ 110.127101130717676, 25.307900993522882, 0.0 ], [ 110.126900543738088, 25.307903799273387, 0.0 ] ] ] } },
{ "type": "Feature", "properties": { }, "geometry": { "type": "Polygon", "coordinates": [ [ [ 110.13151712685216, 25.313351727441024, 0.0 ], [ 110.131688541782268, 25.3135709251295, 0.0 ], [ 110.132101543726804, 25.313573357273945, 0.0 ], [ 110.132514545724987, 25.313575788261602, 0.0 ], [ 110.132927547776688, 25.313578218092463, 0.0 ], [ 110.133340549881808, 25.313580646766535, 0.0 ], [ 110.13375355204046, 25.313583074283809, 0.0 ], [ 110.133866194193004, 25.313307395213251, 0.0 ], [ 110.133849556333431, 25.312939672273366, 0.0 ], [ 110.133496386809824, 25.312804676248057, 0.0 ], [ 110.133083827760515, 25.312787174807394, 0.0 ], [ 110.132671268866659, 25.312769672215108, 0.0 ], [ 110.132258710724699, 25.31275216883143, 0.0 ], [ 110.131846152161174, 25.312734663557812, 0.0 ], [ 110.13143356539284, 25.312718110970032, 0.0 ], [ 110.131021669234968, 25.312737616647556, 0.0 ], [ 110.130619072656202, 25.312819103714499, 0.0 ], [ 110.130236546287236, 25.312959520443201, 0.0 ], [ 110.129865683998602, 25.313124735244951, 0.0 ], [ 110.129494820726308, 25.313289949083227, 0.0 ], [ 110.129123956470622, 25.313455161958032, 0.0 ], [ 110.129192560121822, 25.313716999385665, 0.0 ], [ 110.129434020645604, 25.314021568315319, 0.0 ], [ 110.129575036969513, 25.314328885651911, 0.0 ], [ 110.129988041653405, 25.314326505517023, 0.0 ], [ 110.130258358901671, 25.314150569174064, 0.0 ], [ 110.130548865236889, 25.314016309178957, 0.0 ], [ 110.131120307715449, 25.313846882626294, 0.0 ], [ 110.131158228343125, 25.313473812689764, 0.0 ], [ 110.13151712685216, 25.313351727441024, 0.0 ] ] ] } },
{ "type": "Feature", "properties": { }, "geometry": { "type": "Polygon", "coordinates": [ [ [ 110.137208372649056, 25.310518678577914, 0.0 ], [ 110.137274685369448, 25.310743724888813, 0.0 ], [ 110.137340998322543, 25.310968771169538, 0.0 ], [ 110.137392465535669, 25.311196948369481, 0.0 ], [ 110.1374493799932, 25.31142397319325, 0.0 ], [ 110.137494942806683, 25.311651343324318, 0.0 ], [ 110.137388290212272, 25.312573855126004, 0.0 ], [ 110.137438988150862, 25.312801408610742, 0.0 ], [ 110.137574474684769, 25.31288500349719, 0.0 ], [ 110.138702812711159, 25.31193519013123, 0.0 ], [ 110.138707197808728, 25.310364588433718, 0.0 ], [ 110.138471921216123, 25.310324195448388, 0.0 ], [ 110.13821921179877, 25.31036309294964, 0.0 ], [ 110.137966502233397, 25.310401990013219, 0.0 ], [ 110.137713792519918, 25.310440886639132, 0.0 ], [ 110.13746108265849, 25.310479782827358, 0.0 ], [ 110.137208372649056, 25.310518678577914, 0.0 ] ] ] } },
{ "type": "Feature", "properties": { }, "geometry": { "type": "Polygon", "coordinates": [ [ [ 110.172825579464401, 25.289694850815831, 0.0 ], [ 110.172642630452856, 25.289996887970961, 0.0 ], [ 110.172459680518884, 25.290298924864043, 0.0 ], [ 110.172276729662357, 25.290600961495052, 0.0 ], [ 110.172093777883489, 25.290902997863995, 0.0 ], [ 110.171910825181953, 25.291205033970851, 0.0 ], [ 110.171777528452864, 25.291460728092051, 0.0 ], [ 110.17291924688314, 25.291919560737732, 0.0 ], [ 110.173259614423444, 25.291892816756093, 0.0 ], [ 110.173467049992752, 25.291605834599739, 0.0 ], [ 110.175521242896096, 25.290735029646289, 0.0 ], [ 110.175870148256763, 25.290599847772611, 0.0 ], [ 110.175916098949855, 25.29032534816599, 0.0 ], [ 110.175661129599163, 25.290070388460254, 0.0 ], [ 110.175376594726231, 25.289842719130927, 0.0 ], [ 110.175065791359643, 25.289645501650181, 0.0 ], [ 110.174734103550136, 25.289478539590281, 0.0 ], [ 110.17439737187199, 25.289319886158626, 0.0 ], [ 110.173864777645861, 25.289417502513871, 0.0 ], [ 110.173527975335446, 25.289258973481882, 0.0 ], [ 110.173193334621288, 25.289096860897455, 0.0 ], [ 110.173008527463935, 25.28939281335381, 0.0 ], [ 110.172825579464401, 25.289694850815831, 0.0 ] ] ] } },
{ "type": "Feature", "properties": { }, "geometry": { "type": "Polygon", "coordinates": [ [ [ 110.172731873827729, 25.289550158192007, 0.0 ], [ 110.172932917467776, 25.289218245873428, 0.0 ], [ 110.173133959994075, 25.28888633323842, 0.0 ], [ 110.172933371591057, 25.288612505781295, 0.0 ], [ 110.172570598317265, 25.28842597457157, 0.0 ], [ 110.172208382840083, 25.288238546675156, 0.0 ], [ 110.1714839552819, 25.287863688284279, 0.0 ], [ 110.170670477481281, 25.287936972325543, 0.0 ], [ 110.170524473955084, 25.288181476438165, 0.0 ], [ 110.170711250775895, 25.28929940047874, 0.0 ], [ 110.169163042820813, 25.290459471619229, 0.0 ], [ 110.169486775594066, 25.290619597527549, 0.0 ], [ 110.169870098381068, 25.290768348304422, 0.0 ], [ 110.170253570174197, 25.290916782428432, 0.0 ], [ 110.170636864518741, 25.291065595140637, 0.0 ], [ 110.171020633966847, 25.291213394230077, 0.0 ], [ 110.171609916990363, 25.291435437739864, 0.0 ], [ 110.171927688063818, 25.290877804269723, 0.0 ], [ 110.172128736175878, 25.290545893225016, 0.0 ], [ 110.172329783173765, 25.290213981863815, 0.0 ], [ 110.172530829057692, 25.289882070186145, 0.0 ], [ 110.172731873827729, 25.289550158192007, 0.0 ] ] ] } },
{ "type": "Feature", "properties": { }, "geometry": { "type": "Polygon", "coordinates": [ [ [ 110.176503838891207, 25.290909183642906, 0.0 ], [ 110.17664668159577, 25.291185569518046, 0.0 ], [ 110.177165986351952, 25.291183676155899, 0.0 ], [ 110.177413419511112, 25.291389368192359, 0.0 ], [ 110.177676338448052, 25.291477565494013, 0.0 ], [ 110.177979028799257, 25.291345279880275, 0.0 ], [ 110.17826487860448, 25.291185315889447, 0.0 ], [ 110.178528143711006, 25.290996008010222, 0.0 ], [ 110.178763690996718, 25.290778611147775, 0.0 ], [ 110.17896900929253, 25.290537214590731, 0.0 ], [ 110.179217343961227, 25.290052891507838, 0.0 ], [ 110.178887873171675, 25.289993455550803, 0.0 ], [ 110.178558390732036, 25.289934073799483, 0.0 ], [ 110.178228869329345, 25.289874873378977, 0.0 ], [ 110.177899142791105, 25.28981662396604, 0.0 ], [ 110.177612318993312, 25.289890893551508, 0.0 ], [ 110.177344628518853, 25.289974953353173, 0.0 ], [ 110.177063539368532, 25.289893847062711, 0.0 ], [ 110.176552800805581, 25.289779461847331, 0.0 ], [ 110.176232811276975, 25.289687429825978, 0.0 ], [ 110.175915957254745, 25.289586079030684, 0.0 ], [ 110.175606304313277, 25.289514106379688, 0.0 ], [ 110.17546849456906, 25.289725069459703, 0.0 ], [ 110.175722923520027, 25.289924192037908, 0.0 ], [ 110.175955603398663, 25.29014420799863, 0.0 ], [ 110.176164469732427, 25.290383168312513, 0.0 ], [ 110.176347669518449, 25.290638955529491, 0.0 ], [ 110.176503838891207, 25.290909183642906, 0.0 ] ] ] } },
{ "type": "Feature", "properties": { }, "geometry": { "type": "Polygon", "coordinates": [ [ [ 110.181046582369092, 25.29132875430204, 0.0 ], [ 110.180981867044153, 25.2911316263183, 0.0 ], [ 110.180759492391374, 25.291028084765273, 0.0 ], [ 110.180537118123837, 25.29092454288498, 0.0 ], [ 110.180494823484494, 25.290762632586947, 0.0 ], [ 110.180596255323792, 25.290555055740715, 0.0 ], [ 110.180692679471136, 25.290348703007506, 0.0 ], [ 110.179947760366858, 25.290311855095524, 0.0 ], [ 110.179504290347708, 25.290434206656187, 0.0 ], [ 110.179183363649599, 25.290689995282591, 0.0 ], [ 110.179082035492854, 25.29099573621939, 0.0 ], [ 110.179206569130898, 25.291128246935518, 0.0 ], [ 110.179418672795279, 25.291248285433859, 0.0 ], [ 110.179622781216878, 25.291378446474457, 0.0 ], [ 110.179817038707029, 25.291521265620922, 0.0 ], [ 110.180012598993571, 25.291623693592104, 0.0 ], [ 110.180194408111063, 25.29177435499404, 0.0 ], [ 110.180316209588625, 25.291972674994884, 0.0 ], [ 110.180438011455777, 25.292170994899777, 0.0 ], [ 110.180502636952312, 25.292383768248726, 0.0 ], [ 110.180697597715906, 25.292388002508396, 0.0 ], [ 110.180946013459916, 25.292366414877439, 0.0 ], [ 110.181052546128299, 25.292236752641152, 0.0 ], [ 110.181054913125379, 25.292009622863979, 0.0 ], [ 110.181057070859239, 25.291782491529403, 0.0 ], [ 110.181058774611273, 25.291555356825928, 0.0 ], [ 110.181046582369092, 25.29132875430204, 0.0 ] ] ] } },
{ "type": "Feature", "properties": { }, "geometry": { "type": "Polygon", "coordinates": [ [ [ 110.174167835985301, 25.292572090603873, 0.0 ], [ 110.174368332100784, 25.292766920475778, 0.0 ], [ 110.174544236263131, 25.292980463175358, 0.0 ], [ 110.174825701193711, 25.293025040826961, 0.0 ], [ 110.175063460077197, 25.292883051954885, 0.0 ], [ 110.176512092335926, 25.291976940855285, 0.0 ], [ 110.176711607072178, 25.291802188161313, 0.0 ], [ 110.176471161152719, 25.29113707525299, 0.0 ], [ 110.176053076602088, 25.290702775635847, 0.0 ], [ 110.175782272552055, 25.290790884819724, 0.0 ], [ 110.175512144408017, 25.290895544531136, 0.0 ], [ 110.175242015812543, 25.291000203734693, 0.0 ], [ 110.174971886765576, 25.29110486243037, 0.0 ], [ 110.174701757267073, 25.291209520618153, 0.0 ], [ 110.174431627317148, 25.291314178298055, 0.0 ], [ 110.174161496915673, 25.291418835470058, 0.0 ], [ 110.173891366062733, 25.29152349213415, 0.0 ], [ 110.173638699485039, 25.291656807732284, 0.0 ], [ 110.173456729601895, 25.291864198353252, 0.0 ], [ 110.173460820110179, 25.292110595554174, 0.0 ], [ 110.173700142354122, 25.292251035710994, 0.0 ], [ 110.173943901691914, 25.292399607634305, 0.0 ], [ 110.174167835985301, 25.292572090603873, 0.0 ] ] ] } },
{ "type": "Feature", "properties": { }, "geometry": { "type": "Polygon", "coordinates": [ [ [ 110.17238285689379, 25.295141112612825, 0.0 ], [ 110.172709950265329, 25.294775263641469, 0.0 ], [ 110.173056814406564, 25.294424877808773, 0.0 ], [ 110.173425523554627, 25.294093439669933, 0.0 ], [ 110.173816001026495, 25.293783291006442, 0.0 ], [ 110.174221287437163, 25.293489147235736, 0.0 ], [ 110.174336409406209, 25.293088150406131, 0.0 ], [ 110.1740021621317, 25.292729046865624, 0.0 ], [ 110.173590647761515, 25.292443814251442, 0.0 ], [ 110.173126317138838, 25.292234559861914, 0.0 ], [ 110.172648674485401, 25.292050921908483, 0.0 ], [ 110.172374054620121, 25.292432739454547, 0.0 ], [ 110.172107671212288, 25.292837258716709, 0.0 ], [ 110.171257929807126, 25.292498233479407, 0.0 ], [ 110.170714650921312, 25.29317975207918, 0.0 ], [ 110.170436465289129, 25.293576339958129, 0.0 ], [ 110.170073381641913, 25.293912495177779, 0.0 ], [ 110.169820528411833, 25.294318554729543, 0.0 ], [ 110.169642057433862, 25.294761227461564, 0.0 ], [ 110.16946358511683, 25.295203899918469, 0.0 ], [ 110.16957040858486, 25.295649021357448, 0.0 ], [ 110.169767345837826, 25.296085033219573, 0.0 ], [ 110.169955239112426, 25.296524472570706, 0.0 ], [ 110.170388636095751, 25.296586599069684, 0.0 ], [ 110.170860424438942, 25.296390851069749, 0.0 ], [ 110.171309104556244, 25.296155494202818, 0.0 ], [ 110.171711251000517, 25.295858640103287, 0.0 ], [ 110.172058079266591, 25.295508683824448, 0.0 ], [ 110.17238285689379, 25.295141112612825, 0.0 ] ] ] } },
{ "type": "Feature", "properties": { }, "geometry": { "type": "Polygon", "coordinates": [ [ [ 110.170862363551166, 25.291387708766212, 0.0 ], [ 110.170587907242947, 25.291281978914512, 0.0 ], [ 110.170313751446926, 25.291175608327258, 0.0 ], [ 110.170039527818417, 25.291069381907558, 0.0 ], [ 110.169765272553249, 25.290963223397846, 0.0 ], [ 110.169217003729443, 25.290750392693319, 0.0 ], [ 110.168996044675112, 25.290764335167143, 0.0 ], [ 110.16870467987188, 25.291519585777916, 0.0 ], [ 110.168584628708373, 25.291757220720879, 0.0 ], [ 110.168544395638293, 25.292025733508968, 0.0 ], [ 110.16853083785827, 25.292529738553544, 0.0 ], [ 110.16880043499178, 25.292645345580937, 0.0 ], [ 110.169070032648435, 25.292760952126702, 0.0 ], [ 110.169339630828134, 25.292876558190837, 0.0 ], [ 110.169609229531048, 25.292992163773331, 0.0 ], [ 110.169878828757078, 25.293107768874165, 0.0 ], [ 110.170422710597961, 25.293280620106206, 0.0 ], [ 110.170595971234448, 25.293076284848162, 0.0 ], [ 110.170739764130403, 25.292838907205212, 0.0 ], [ 110.170883556456445, 25.292601529400336, 0.0 ], [ 110.171027348212618, 25.292364151433539, 0.0 ], [ 110.171171139398894, 25.292126773304823, 0.0 ], [ 110.171314930015313, 25.291889395014199, 0.0 ], [ 110.1713582156423, 25.291645660045702, 0.0 ], [ 110.171136832193937, 25.2914934126993, 0.0 ], [ 110.170862363551166, 25.291387708766212, 0.0 ] ] ] } },
{ "type": "Feature", "properties": { }, "geometry": { "type": "Polygon", "coordinates": [ [ [ 110.169995233995337, 25.293779213666578, 0.0 ], [ 110.170164599401488, 25.293632238102326, 0.0 ], [ 110.1703172309157, 25.293469107473815, 0.0 ], [ 110.170071470446089, 25.293350054147215, 0.0 ], [ 110.169859646015738, 25.293259223698488, 0.0 ], [ 110.169647821908399, 25.293168392952431, 0.0 ], [ 110.169435998124001, 25.293077561909026, 0.0 ], [ 110.169224174662574, 25.292986730568298, 0.0 ], [ 110.16901235152406, 25.292895898930229, 0.0 ], [ 110.168874106396373, 25.293006106328452, 0.0 ], [ 110.168764368469198, 25.293194205684138, 0.0 ], [ 110.168654630196997, 25.293382304944831, 0.0 ], [ 110.168544891579657, 25.293570404110529, 0.0 ], [ 110.168055685748698, 25.294491844516401, 0.0 ], [ 110.169273877428154, 25.29507052040308, 0.0 ], [ 110.169406634295939, 25.294925492191851, 0.0 ], [ 110.169487233680755, 25.29472557882664, 0.0 ], [ 110.169567832792467, 25.294525665405303, 0.0 ], [ 110.16964843163116, 25.294325751927875, 0.0 ], [ 110.16973053697302, 25.294126371444559, 0.0 ], [ 110.1698420749007, 25.293939738547476, 0.0 ], [ 110.169995233995337, 25.293779213666578, 0.0 ] ] ] } },
{ "type": "Feature", "properties": { }, "geometry": { "type": "Polygon", "coordinates": [ [ [ 110.168883073329866, 25.296547582154531, 0.0 ], [ 110.169300827896066, 25.295623947476532, 0.0 ], [ 110.169238576783059, 25.295445971975255, 0.0 ], [ 110.169112166451754, 25.295280958891944, 0.0 ], [ 110.168959360588801, 25.295135589558654, 0.0 ], [ 110.168782935524007, 25.295014289191226, 0.0 ], [ 110.168593080123571, 25.294910781383145, 0.0 ], [ 110.168437611888123, 25.294946844819833, 0.0 ], [ 110.168325358382475, 25.295120379879197, 0.0 ], [ 110.168110151249749, 25.295453069517031, 0.0 ], [ 110.167997896443438, 25.295626604102548, 0.0 ], [ 110.167780363748605, 25.295974944035898, 0.0 ], [ 110.167870503629729, 25.296573309977173, 0.0 ], [ 110.168166630421894, 25.296797672798004, 0.0 ], [ 110.168342303348183, 25.297137893881366, 0.0 ], [ 110.168991813343823, 25.297010974960052, 0.0 ], [ 110.16907614746826, 25.296909944515832, 0.0 ], [ 110.168883073329866, 25.296547582154531, 0.0 ] ] ] } },
{ "type": "Feature", "properties": { }, "geometry": { "type": "Polygon", "coordinates": [ [ [ 110.175082896876404, 25.293329557779064, 0.0 ], [ 110.173535886030663, 25.29449692913003, 0.0 ], [ 110.173627365839849, 25.294716792910432, 0.0 ], [ 110.174076482272156, 25.29500272807962, 0.0 ], [ 110.174059535900483, 25.295476213993823, 0.0 ], [ 110.174203838731955, 25.295588992271526, 0.0 ], [ 110.174481705854419, 25.295522340681966, 0.0 ], [ 110.174759415725731, 25.295455725833399, 0.0 ], [ 110.175032699186005, 25.295376289722427, 0.0 ], [ 110.175270754975955, 25.295231841482725, 0.0 ], [ 110.175455272191385, 25.295032402747086, 0.0 ], [ 110.175624275770446, 25.294821102898918, 0.0 ], [ 110.175809951199767, 25.294622517064816, 0.0 ], [ 110.17593443300521, 25.294442836666708, 0.0 ], [ 110.175672476447119, 25.294067322849699, 0.0 ], [ 110.175150715362662, 25.294173102569765, 0.0 ], [ 110.175034472031754, 25.293986590955999, 0.0 ], [ 110.175382683895407, 25.293581736831232, 0.0 ], [ 110.175300732539483, 25.293380168662246, 0.0 ], [ 110.175082896876404, 25.293329557779064, 0.0 ] ] ] } },
{ "type": "Feature", "properties": { }, "geometry": { "type": "Polygon", "coordinates": [ [ [ 110.174086504649779, 25.296601178633065, 0.0 ], [ 110.17389520769531, 25.29618862568131, 0.0 ], [ 110.173858200211257, 25.295964165820148, 0.0 ], [ 110.173689632312801, 25.295811236633899, 0.0 ], [ 110.172389040936764, 25.296475158637225, 0.0 ], [ 110.171929355863426, 25.297002651327851, 0.0 ], [ 110.17201376483014, 25.297205159934052, 0.0 ], [ 110.172184675514885, 25.297370603468156, 0.0 ], [ 110.172348703049622, 25.297541694566902, 0.0 ], [ 110.172509117267623, 25.297700980673426, 0.0 ], [ 110.172694796620206, 25.297620524220982, 0.0 ], [ 110.172881791225407, 25.297470904595773, 0.0 ], [ 110.17325420572277, 25.297170823965509, 0.0 ], [ 110.173465466175188, 25.297055256645983, 0.0 ], [ 110.173659241902627, 25.297081441398433, 0.0 ], [ 110.17382554926651, 25.29724641931109, 0.0 ], [ 110.174027984201075, 25.297215837817454, 0.0 ], [ 110.174245957913058, 25.297105166713127, 0.0 ], [ 110.174463931235991, 25.296994495274994, 0.0 ], [ 110.174495771180503, 25.296849490829743, 0.0 ], [ 110.174271082754856, 25.296752703715718, 0.0 ], [ 110.174086504649779, 25.296601178633065, 0.0 ] ] ] } },
{ "type": "Feature", "properties": { }, "geometry": { "type": "Polygon", "coordinates": [ [ [ 110.171283697582183, 25.297402253388203, 0.0 ], [ 110.171683255694859, 25.297103426192596, 0.0 ], [ 110.171327105059987, 25.296764595036947, 0.0 ], [ 110.170978480646681, 25.296926455285909, 0.0 ], [ 110.170740450875144, 25.297170256419701, 0.0 ], [ 110.170620668037174, 25.297057565160781, 0.0 ], [ 110.170502474467526, 25.296943387356464, 0.0 ], [ 110.170445065872272, 25.297008834638923, 0.0 ], [ 110.170465416004603, 25.297234010555218, 0.0 ], [ 110.170585716328873, 25.297346355493033, 0.0 ], [ 110.170943949437074, 25.297512392506363, 0.0 ], [ 110.170829205287518, 25.297808104701055, 0.0 ], [ 110.170918454710588, 25.297915299115889, 0.0 ], [ 110.171064455407489, 25.297993674098876, 0.0 ], [ 110.171232918952299, 25.298007377389531, 0.0 ], [ 110.171389892539878, 25.297956139976367, 0.0 ], [ 110.171480157685139, 25.297828988013759, 0.0 ], [ 110.171443232328585, 25.297675838266937, 0.0 ], [ 110.171283697582183, 25.297402253388203, 0.0 ] ] ] } },
{ "type": "Feature", "properties": { }, "geometry": { "type": "Polygon", "coordinates": [ [ [ 110.169668394638279, 25.298194288041433, 0.0 ], [ 110.168083275618258, 25.298226597042234, 0.0 ], [ 110.167143240908842, 25.298381411284446, 0.0 ], [ 110.167037457341721, 25.299142356993791, 0.0 ], [ 110.167063294903983, 25.300010511760245, 0.0 ], [ 110.167089476210833, 25.300878653873703, 0.0 ], [ 110.167277810729701, 25.301725874141013, 0.0 ], [ 110.167760294153183, 25.302470662325991, 0.0 ], [ 110.168356531013131, 25.30314794979143, 0.0 ], [ 110.16870541282978, 25.303954232817475, 0.0 ], [ 110.169002752042374, 25.304779441504401, 0.0 ], [ 110.169010267786035, 25.305639282066441, 0.0 ], [ 110.168633926354616, 25.306435015671202, 0.0 ], [ 110.168059841276161, 25.30712480499578, 0.0 ], [ 110.168461573200176, 25.307594055069657, 0.0 ], [ 110.169342577768802, 25.307362293013345, 0.0 ], [ 110.170030567602623, 25.306784651654088, 0.0 ], [ 110.170402166770074, 25.306065617470082, 0.0 ], [ 110.171066263645301, 25.305532036491471, 0.0 ], [ 110.171591880050954, 25.304839764501747, 0.0 ], [ 110.171658583174562, 25.303975965886373, 0.0 ], [ 110.171668091720051, 25.303134825115315, 0.0 ], [ 110.171933092129819, 25.302366697908287, 0.0 ], [ 110.171585893025096, 25.301591654921531, 0.0 ], [ 110.171925233764384, 25.300791877941823, 0.0 ], [ 110.171391304961134, 25.300189821469608, 0.0 ], [ 110.170630914645315, 25.299683658977322, 0.0 ], [ 110.170174517515377, 25.298922224270846, 0.0 ], [ 110.169668394638279, 25.298194288041433, 0.0 ] ] ] } },
{ "type": "Feature", "properties": { }, "geometry": { "type": "Polygon", "coordinates": [ [ [ 110.172517631516797, 25.299226998107162, 0.0 ], [ 110.172721752790565, 25.298186871181517, 0.0 ], [ 110.172239984227872, 25.297697357302912, 0.0 ], [ 110.171851434172481, 25.297990134268407, 0.0 ], [ 110.171462882259945, 25.298282910151443, 0.0 ], [ 110.170966079655159, 25.298995228884749, 0.0 ], [ 110.170748623672935, 25.299045828862244, 0.0 ], [ 110.170829228152854, 25.299239976705682, 0.0 ], [ 110.1709037979724, 25.299458683407778, 0.0 ], [ 110.171292036081596, 25.299743291586662, 0.0 ], [ 110.171530045226277, 25.299817091582561, 0.0 ], [ 110.171763154578443, 25.299904715019007, 0.0 ], [ 110.171997067382051, 25.299989443681426, 0.0 ], [ 110.172145260329202, 25.299825606032748, 0.0 ], [ 110.172266907648591, 25.299624963641815, 0.0 ], [ 110.172392515678709, 25.299426031745483, 0.0 ], [ 110.172517631516797, 25.299226998107162, 0.0 ] ] ] } },
{ "type": "Feature", "properties": { }, "geometry": { "type": "Polygon", "coordinates": [ [ [ 110.155593440424127, 25.309144332573041, 0.0 ], [ 110.156223786860011, 25.309058950129106, 0.0 ], [ 110.156695663877954, 25.308999243282614, 0.0 ], [ 110.157174211902642, 25.309033717628878, 0.0 ], [ 110.157631696506556, 25.30916579169741, 0.0 ], [ 110.158067257387316, 25.309351584824938, 0.0 ], [ 110.158937372084836, 25.30972518932267, 0.0 ], [ 110.159309713437509, 25.309757902070036, 0.0 ], [ 110.15941979261666, 25.309338331229046, 0.0 ], [ 110.159334585018755, 25.308909537321945, 0.0 ], [ 110.158761607468563, 25.307255530961417, 0.0 ], [ 110.157643997888968, 25.305962347683842, 0.0 ], [ 110.155793015750476, 25.306441439380851, 0.0 ], [ 110.155512200608214, 25.306717996576772, 0.0 ], [ 110.15514905531289, 25.307978274214666, 0.0 ], [ 110.155181423057797, 25.308353844306385, 0.0 ], [ 110.155593440424127, 25.309144332573041, 0.0 ] ] ] } },
{ "type": "Feature", "properties": { }, "geometry": { "type": "Polygon", "coordinates": [ [ [ 110.164501490351853, 25.298098994009582, 0.0 ], [ 110.16426712360358, 25.298111762068725, 0.0 ], [ 110.164033045745526, 25.298128328032231, 0.0 ], [ 110.163976383077127, 25.298325064013252, 0.0 ], [ 110.163998241898867, 25.298537576659033, 0.0 ], [ 110.164020100785507, 25.298750089297464, 0.0 ], [ 110.164041959737034, 25.29896260192853, 0.0 ], [ 110.164063818753405, 25.299175114552249, 0.0 ], [ 110.164085677834734, 25.299387627168603, 0.0 ], [ 110.164233849982054, 25.299526459760884, 0.0 ], [ 110.164468154531576, 25.299512742383822, 0.0 ], [ 110.164702459066291, 25.299499025006405, 0.0 ], [ 110.164936763662823, 25.299485308711311, 0.0 ], [ 110.165171068218044, 25.299471592042529, 0.0 ], [ 110.16540537285546, 25.299457876745436, 0.0 ], [ 110.165639679681846, 25.299444192644838, 0.0 ], [ 110.165873999545198, 25.299430694443586, 0.0 ], [ 110.16610831936805, 25.299417195868642, 0.0 ], [ 110.166126094714429, 25.299208281151845, 0.0 ], [ 110.166114585964849, 25.298995097974949, 0.0 ], [ 110.166103077244003, 25.298781914792073, 0.0 ], [ 110.166091568552048, 25.298568731603233, 0.0 ], [ 110.166080059888913, 25.298355548408434, 0.0 ], [ 110.166068551254583, 25.298142365207649, 0.0 ], [ 110.165907039180141, 25.298013266321668, 0.0 ], [ 110.165672747599743, 25.29802712593813, 0.0 ], [ 110.165438486209993, 25.298041395035217, 0.0 ], [ 110.165204315785786, 25.298056855236212, 0.0 ], [ 110.164970138942735, 25.298072231432329, 0.0 ], [ 110.164735857080231, 25.298086225846234, 0.0 ], [ 110.164501490351853, 25.298098994009582, 0.0 ] ] ] } },
{ "type": "Feature", "properties": { }, "geometry": { "type": "Polygon", "coordinates": [ [ [ 110.164981433773576, 25.297308452187504, 0.0 ], [ 110.164875765755809, 25.297101275814871, 0.0 ], [ 110.164555405672857, 25.29690034576123, 0.0 ], [ 110.164300967427309, 25.296760360737995, 0.0 ], [ 110.163692382843067, 25.29684361369042, 0.0 ], [ 110.163388476946082, 25.297640885708514, 0.0 ], [ 110.16340757974838, 25.29775699267665, 0.0 ], [ 110.164949644244658, 25.297634614675083, 0.0 ], [ 110.165073914764122, 25.297561617448856, 0.0 ], [ 110.165074244077033, 25.297421128637943, 0.0 ], [ 110.164981433773576, 25.297308452187504, 0.0 ] ] ] } },
{ "type": "Feature", "properties": { }, "geometry": { "type": "Polygon", "coordinates": [ [ [ 110.16287847171175, 25.303237451164073, 0.0 ], [ 110.163180998115578, 25.302986270910708, 0.0 ], [ 110.163483523275133, 25.302735089996307, 0.0 ], [ 110.163786047190612, 25.3024839084209, 0.0 ], [ 110.16408856986196, 25.302232726184499, 0.0 ], [ 110.16439109128909, 25.30198154328713, 0.0 ], [ 110.164693611472188, 25.301730359728815, 0.0 ], [ 110.164996130411097, 25.301479175509584, 0.0 ], [ 110.165310537658939, 25.301240963447768, 0.0 ], [ 110.165667504342238, 25.301059506931999, 0.0 ], [ 110.165699764006192, 25.300784563536659, 0.0 ], [ 110.165549757277901, 25.30043797156749, 0.0 ], [ 110.165399751377194, 25.300091379451327, 0.0 ], [ 110.165074958584711, 25.300109810868804, 0.0 ], [ 110.164693694375373, 25.30024617401541, 0.0 ], [ 110.16436765877225, 25.300460659376341, 0.0 ], [ 110.164021730159106, 25.300657943608226, 0.0 ], [ 110.163667953165572, 25.300845806457541, 0.0 ], [ 110.163314175098435, 25.301033668425479, 0.0 ], [ 110.163063092776042, 25.301254765808373, 0.0 ], [ 110.162829578468703, 25.301495700168804, 0.0 ], [ 110.162568430354213, 25.30174436389666, 0.0 ], [ 110.162404047905795, 25.302085525639097, 0.0 ], [ 110.162239664513052, 25.302426687159148, 0.0 ], [ 110.162071178645036, 25.302755688567636, 0.0 ], [ 110.161907019561042, 25.303096939114948, 0.0 ], [ 110.161742813567827, 25.303438171678231, 0.0 ], [ 110.162088642036267, 25.303531580083398, 0.0 ], [ 110.162410291579675, 25.303719558213253, 0.0 ], [ 110.162662071608324, 25.303548519561787, 0.0 ], [ 110.16287847171175, 25.303237451164073, 0.0 ] ] ] } },
{ "type": "Feature", "properties": { }, "geometry": { "type": "Polygon", "coordinates": [ [ [ 110.157937282455805, 25.302234661196078, 0.0 ], [ 110.158140004200106, 25.303231809839208, 0.0 ], [ 110.158507387610214, 25.303498354411044, 0.0 ], [ 110.159136456029245, 25.303482238684982, 0.0 ], [ 110.159765524365, 25.303466120270635, 0.0 ], [ 110.16039459261755, 25.303449999168009, 0.0 ], [ 110.161023660786668, 25.303433875377102, 0.0 ], [ 110.161649907718825, 25.303413946063376, 0.0 ], [ 110.161902116756423, 25.302889823630004, 0.0 ], [ 110.162154324034873, 25.302365700858601, 0.0 ], [ 110.162411059513303, 25.301853934614741, 0.0 ], [ 110.162663545521809, 25.301329923466518, 0.0 ], [ 110.163604804973971, 25.300774680051159, 0.0 ], [ 110.164102387944098, 25.300486051385146, 0.0 ], [ 110.164101411415089, 25.299913978092398, 0.0 ], [ 110.163758853857061, 25.299679168807721, 0.0 ], [ 110.163131616408279, 25.299725439227721, 0.0 ], [ 110.162504378565004, 25.299771706967185, 0.0 ], [ 110.16183981402753, 25.298986638313973, 0.0 ], [ 110.161274246272157, 25.299114519847219, 0.0 ], [ 110.160745794203635, 25.29942048737907, 0.0 ], [ 110.16019364488443, 25.299694894063943, 0.0 ], [ 110.159644658020198, 25.299974052477911, 0.0 ], [ 110.159124552707041, 25.300295473007996, 0.0 ], [ 110.158773878043291, 25.300719564553368, 0.0 ], [ 110.158418047196051, 25.301191135888008, 0.0 ], [ 110.158122809275127, 25.301691504000598, 0.0 ], [ 110.157937282455805, 25.302234661196078, 0.0 ] ] ] } },
{ "type": "Feature", "properties": { }, "geometry": { "type": "Polygon", "coordinates": [ [ [ 110.166310208762653, 25.302612162089371, 0.0 ], [ 110.166320352514006, 25.303046328224024, 0.0 ], [ 110.165692938738687, 25.303193270219882, 0.0 ], [ 110.165672224901996, 25.303771903382238, 0.0 ], [ 110.165159831414854, 25.304012726337564, 0.0 ], [ 110.16476708797174, 25.303728265495657, 0.0 ], [ 110.163002110536254, 25.304313408844902, 0.0 ], [ 110.163044092378144, 25.304640329857953, 0.0 ], [ 110.163668098831906, 25.304750344130412, 0.0 ], [ 110.16496346735704, 25.304781486653368, 0.0 ], [ 110.165611151999371, 25.304797053653207, 0.0 ], [ 110.166258836894841, 25.30481261781193, 0.0 ], [ 110.166906522043291, 25.304828179129533, 0.0 ], [ 110.167554207444454, 25.304843737606017, 0.0 ], [ 110.168201893098541, 25.304859293241364, 0.0 ], [ 110.168735769668771, 25.304720039071505, 0.0 ], [ 110.168324924014243, 25.30360287500136, 0.0 ], [ 110.166749545206187, 25.301131025243961, 0.0 ], [ 110.166105261614788, 25.3010994716008, 0.0 ], [ 110.165509998816177, 25.301401625405358, 0.0 ], [ 110.16562825657266, 25.301828194767353, 0.0 ], [ 110.166310208762653, 25.302612162089371, 0.0 ] ] ] } },
{ "type": "Feature", "properties": { }, "geometry": { "type": "Polygon", "coordinates": [ [ [ 110.163755580133838, 25.304896919452194, 0.0 ], [ 110.164120492702494, 25.305421137352219, 0.0 ], [ 110.164791714592354, 25.305512332951768, 0.0 ], [ 110.165076725459315, 25.305967135698783, 0.0 ], [ 110.165320891251255, 25.306442024413986, 0.0 ], [ 110.165378593585572, 25.307050546508993, 0.0 ], [ 110.165415396195897, 25.307646185453347, 0.0 ], [ 110.165134823981688, 25.308116811878289, 0.0 ], [ 110.164588906681331, 25.307921694496159, 0.0 ], [ 110.163980488427441, 25.307640929149706, 0.0 ], [ 110.163567580626037, 25.308050677968975, 0.0 ], [ 110.163187772805742, 25.308566084613759, 0.0 ], [ 110.161253090149813, 25.30835597188732, 0.0 ], [ 110.160744440267479, 25.307963972666126, 0.0 ], [ 110.159293982039159, 25.30646758764167, 0.0 ], [ 110.158822732258415, 25.306462498664317, 0.0 ], [ 110.159061925996568, 25.306973449873805, 0.0 ], [ 110.159330586647073, 25.307541445544835, 0.0 ], [ 110.159540326458966, 25.308131774833729, 0.0 ], [ 110.159750068224184, 25.308722103829563, 0.0 ], [ 110.159907479481106, 25.309323970516353, 0.0 ], [ 110.159857991144975, 25.309940280514365, 0.0 ], [ 110.160316574505003, 25.310317366652864, 0.0 ], [ 110.160933666908065, 25.310582316997174, 0.0 ], [ 110.161584634306863, 25.310749586678327, 0.0 ], [ 110.162244919851631, 25.310620655667844, 0.0 ], [ 110.162810890625011, 25.310274990298105, 0.0 ], [ 110.163368101122785, 25.309916801569788, 0.0 ], [ 110.163925308375894, 25.309558610634468, 0.0 ], [ 110.164482512384225, 25.309200417492232, 0.0 ], [ 110.165039713147948, 25.308842222143177, 0.0 ], [ 110.165596910666963, 25.30848402458744, 0.0 ], [ 110.166154104941342, 25.308125824825083, 0.0 ], [ 110.166711295971226, 25.307767622856232, 0.0 ], [ 110.167268483756558, 25.307409418680972, 0.0 ], [ 110.167813687623322, 25.307037043939314, 0.0 ], [ 110.1682634523942, 25.306572475325947, 0.0 ], [ 110.168590098452128, 25.30602862059353, 0.0 ], [ 110.168809218015483, 25.305444473526787, 0.0 ], [ 110.168777066941061, 25.304978672064184, 0.0 ], [ 110.167848781590521, 25.304995284788077, 0.0 ], [ 110.167166580646068, 25.304978898445455, 0.0 ], [ 110.16648437998218, 25.304962508950805, 0.0 ], [ 110.165802179598913, 25.304946116304144, 0.0 ], [ 110.165119979496282, 25.304929720505488, 0.0 ], [ 110.164437779674586, 25.304913321554839, 0.0 ], [ 110.163755580133838, 25.304896919452194, 0.0 ] ] ] } }
]
}
