{
"type": "FeatureCollection",
"name": "urban-boundary",
"crs": { "type": "name", "properties": { "name": "urn:ogc:def:crs:OGC:1.3:CRS84" } },
"features": [
{ "type": "Feature", "properties": { "OBJECTID": 1 }, "geometry": { "type": "Polygon", "coordinates": [ [ [ 110.166085142068269, 25.298438582183142, 0.0 ], [ 110.166569055544173, 25.29769858662609, 0.0 ], [ 110.167423121906509, 25.297411850610089, 0.0 ], [ 110.167106876930319, 25.296363371837622, 0.0 ], [ 110.166163148732167, 25.29650419324722, 0.0 ], [ 110.165116062398624, 25.297115034458166, 0.0 ], [ 110.164646698397263, 25.297766022746345, 0.0 ], [ 110.163400389888977, 25.297870031968333, 0.0 ], [ 110.163398343607199, 25.297112547866714, 0.0 ], [ 110.164087038662771, 25.296329416354272, 0.0 ], [ 110.164663445480059, 25.295454112861616, 0.0 ], [ 110.165574994726143, 25.294878319633529, 0.0 ], [ 110.166153443489392, 25.294297603476117, 0.0 ], [ 110.166357455083599, 25.294140239977917, 0.0 ], [ 110.166960516860783, 25.294700804969814, 0.0 ], [ 110.166533056057915, 25.295205651862663, 0.0 ], [ 110.167425507903445, 25.295382331345866, 0.0 ], [ 110.167701496884334, 25.296263008460194, 0.0 ], [ 110.168185131449263, 25.29695582733823, 0.0 ], [ 110.169023523642267, 25.297306478112201, 0.0 ], [ 110.169356276136156, 25.297675398393867, 0.0 ], [ 110.169948649727829, 25.297972656134505, 0.0 ], [ 110.169966088248387, 25.297318069381628, 0.0 ], [ 110.170859533700579, 25.297708003975782, 0.0 ], [ 110.170342260327359, 25.298071404308548, 0.0 ], [ 110.170482770674667, 25.298849644540208, 0.0 ], [ 110.171025396969256, 25.299820605480996, 0.0 ], [ 110.172176366711014, 25.300109962267815, 0.0 ], [ 110.172804177923894, 25.299124603194453, 0.0 ], [ 110.17301155233001, 25.298105529308181, 0.0 ], [ 110.173845696669304, 25.297404649580475, 0.0 ], [ 110.174740242228893, 25.297021338956338, 0.0 ], [ 110.173937808407047, 25.296254610222373, 0.0 ], [ 110.172964484265989, 25.296077025273892, 0.0 ], [ 110.173528629115694, 25.295415507372834, 0.0 ], [ 110.174093059836977, 25.295102060671194, 0.0 ], [ 110.174771942341536, 25.295253901582441, 0.0 ], [ 110.175008912481658, 25.294630242814236, 0.0 ], [ 110.175924491345299, 25.295194169086326, 0.0 ], [ 110.176259985464256, 25.295688934674605, 0.0 ], [ 110.177001631075768, 25.295714145848613, 0.0 ], [ 110.177543421191089, 25.295265772223949, 0.0 ], [ 110.176765845482606, 25.294919249250356, 0.0 ], [ 110.176738315571711, 25.294143890505442, 0.0 ], [ 110.176472771739498, 25.293833013212314, 0.0 ], [ 110.177055414591962, 25.293189068235616, 0.0 ], [ 110.17768738958803, 25.292672995556963, 0.0 ], [ 110.178146591098397, 25.291960008873474, 0.0 ], [ 110.178912358064863, 25.291923725938918, 0.0 ], [ 110.179454748540522, 25.292013952537161, 0.0 ], [ 110.180204286522425, 25.291723554221971, 0.0 ], [ 110.180424422334227, 25.292645660223162, 0.0 ], [ 110.181377453003648, 25.292872517221948, 0.0 ], [ 110.181884384224304, 25.291231803856704, 0.0 ], [ 110.181387447104171, 25.290320547067143, 0.0 ], [ 110.179689780078803, 25.289908115452743, 0.0 ], [ 110.180425432483048, 25.289214319653098, 0.0 ], [ 110.181656474059096, 25.289413652380627, 0.0 ], [ 110.182890250263284, 25.28961213925901, 0.0 ], [ 110.184118266105884, 25.289671149378265, 0.0 ], [ 110.185331679784269, 25.289919564612045, 0.0 ], [ 110.186503245003522, 25.290140885330935, 0.0 ], [ 110.187326568597925, 25.290689943209181, 0.0 ], [ 110.188466800624226, 25.291162276774564, 0.0 ], [ 110.189521726436908, 25.291775688557198, 0.0 ], [ 110.190559727312504, 25.292413521650904, 0.0 ], [ 110.19157404488115, 25.293082365183889, 0.0 ], [ 110.192453463386869, 25.292710491778074, 0.0 ], [ 110.192995316793343, 25.291781272080033, 0.0 ], [ 110.193344454426466, 25.291000506000543, 0.0 ], [ 110.19410009463887, 25.290991039293402, 0.0 ], [ 110.198418663639501, 25.292894636708255, 0.0 ], [ 110.199274745354742, 25.293634073127322, 0.0 ], [ 110.200031755517685, 25.294484179690667, 0.0 ], [ 110.2010820249793, 25.295059864936405, 0.0 ], [ 110.201630251791585, 25.294787307307985, 0.0 ], [ 110.202874028461565, 25.294678890631108, 0.0 ], [ 110.2039744361972, 25.294151334193774, 0.0 ], [ 110.205152033669705, 25.293766014715672, 0.0 ], [ 110.206383294674339, 25.293560753263264, 0.0 ], [ 110.207540535652484, 25.293226763362828, 0.0 ], [ 110.208075929402582, 25.292196821757269, 0.0 ], [ 110.208926772345848, 25.291987712434231, 0.0 ], [ 110.209270953981317, 25.29261285375944, 0.0 ], [ 110.20889352449916, 25.293301578509009, 0.0 ], [ 110.207769254445779, 25.293800106185639, 0.0 ], [ 110.207023314834601, 25.294345481445784, 0.0 ], [ 110.206721546871677, 25.295098074638435, 0.0 ], [ 110.20670563181838, 25.295984012935655, 0.0 ], [ 110.207652240813445, 25.296704523693695, 0.0 ], [ 110.208696643723471, 25.297283539181954, 0.0 ], [ 110.209297537403586, 25.298257411145695, 0.0 ], [ 110.209944263669001, 25.299232492493118, 0.0 ], [ 110.210958269600496, 25.299760486923301, 0.0 ], [ 110.212195909244983, 25.29969016304041, 0.0 ], [ 110.21341977100343, 25.299447771736798, 0.0 ], [ 110.21466252831388, 25.29957067018811, 0.0 ], [ 110.215300201191525, 25.299120726884016, 0.0 ], [ 110.21533308045565, 25.297981955534375, 0.0 ], [ 110.215365958328519, 25.29684318397733, 0.0 ], [ 110.215991536588845, 25.296874627499609, 0.0 ], [ 110.21694304413856, 25.297615255595137, 0.0 ], [ 110.217842040457498, 25.298394971798881, 0.0 ], [ 110.218766527645101, 25.299108724345064, 0.0 ], [ 110.219460050423677, 25.299930805304037, 0.0 ], [ 110.220271241335297, 25.300217399187186, 0.0 ], [ 110.221450534640937, 25.300351221640643, 0.0 ], [ 110.222576063072623, 25.300830982802619, 0.0 ], [ 110.223554210234809, 25.301542414461501, 0.0 ], [ 110.224172957048296, 25.302517675811824, 0.0 ], [ 110.2248748914472, 25.303447325176307, 0.0 ], [ 110.225774516071183, 25.304230580431916, 0.0 ], [ 110.226624118647123, 25.30358100000781, 0.0 ], [ 110.227387970906634, 25.302680652952322, 0.0 ], [ 110.228154331742672, 25.301781822559317, 0.0 ], [ 110.228625144021436, 25.300838007170203, 0.0 ], [ 110.22794202977181, 25.30012361020977, 0.0 ], [ 110.227052970632784, 25.299424532617728, 0.0 ], [ 110.226286839284782, 25.298556172892742, 0.0 ], [ 110.226447058054291, 25.297455678760727, 0.0 ], [ 110.22715373906567, 25.296578050823101, 0.0 ], [ 110.228231300508952, 25.296014103607767, 0.0 ], [ 110.229233218091323, 25.295627226137807, 0.0 ], [ 110.230127853137589, 25.295154875460081, 0.0 ], [ 110.230941965334324, 25.295073155522854, 0.0 ], [ 110.231508535492992, 25.29517615216762, 0.0 ], [ 110.232314513890245, 25.294374009219805, 0.0 ], [ 110.232795822206171, 25.293580423632363, 0.0 ], [ 110.233499519971645, 25.292641298812864, 0.0 ], [ 110.234666308501559, 25.292372945405717, 0.0 ], [ 110.234885009188858, 25.293301083614324, 0.0 ], [ 110.233719594123414, 25.293462903744871, 0.0 ], [ 110.233043835738414, 25.294256370213283, 0.0 ], [ 110.232919182040973, 25.294691961224753, 0.0 ], [ 110.233721142660855, 25.29510575083064, 0.0 ], [ 110.234878774505191, 25.294669690854732, 0.0 ], [ 110.235566947623454, 25.293958109436279, 0.0 ], [ 110.2354445789545, 25.29294864234641, 0.0 ], [ 110.235017064549126, 25.291908985302321, 0.0 ], [ 110.23513407959058, 25.290780211365465, 0.0 ], [ 110.234963500363165, 25.289814095455228, 0.0 ], [ 110.234040126796771, 25.289415772030768, 0.0 ], [ 110.233677268964243, 25.28852577439109, 0.0 ], [ 110.234665361953844, 25.287846028742628, 0.0 ], [ 110.235806332022293, 25.287426864179739, 0.0 ], [ 110.236466552582982, 25.286596732301323, 0.0 ], [ 110.236219728683892, 25.286450420759156, 0.0 ], [ 110.235196741781195, 25.287009600320815, 0.0 ], [ 110.23416161399021, 25.287646694385593, 0.0 ], [ 110.233204836945518, 25.287853051929911, 0.0 ], [ 110.232490065500514, 25.28790476873035, 0.0 ], [ 110.23239336112843, 25.288004689010315, 0.0 ], [ 110.233033722976018, 25.28895252261206, 0.0 ], [ 110.232464924278517, 25.289964947909688, 0.0 ], [ 110.231820602383536, 25.290933541371057, 0.0 ], [ 110.230794359904607, 25.291583194211054, 0.0 ], [ 110.229721062317097, 25.292171019208848, 0.0 ], [ 110.228624205049087, 25.29272117348664, 0.0 ], [ 110.227566428032759, 25.293330179477309, 0.0 ], [ 110.226466327609444, 25.293873242848417, 0.0 ], [ 110.225270499545545, 25.29420596072201, 0.0 ], [ 110.224026000292838, 25.294306874834071, 0.0 ], [ 110.222960913085373, 25.293927289098626, 0.0 ], [ 110.22283929705317, 25.292902528088376, 0.0 ], [ 110.223241805343022, 25.292195225319983, 0.0 ], [ 110.22366580246721, 25.291261258257467, 0.0 ], [ 110.223193980893512, 25.29093033756692, 0.0 ], [ 110.219199199131964, 25.290061617840408, 0.0 ], [ 110.218995529548877, 25.290376021912003, 0.0 ], [ 110.219938927531416, 25.291112839151456, 0.0 ], [ 110.220936304585578, 25.291794104355755, 0.0 ], [ 110.221750527422216, 25.292574698384023, 0.0 ], [ 110.22170731252568, 25.293562372805443, 0.0 ], [ 110.221074896977939, 25.294330052696964, 0.0 ], [ 110.220020075654148, 25.293740452559547, 0.0 ], [ 110.219079487934877, 25.292988194402579, 0.0 ], [ 110.218149838151987, 25.292224765997251, 0.0 ], [ 110.217187910057504, 25.291494748773555, 0.0 ], [ 110.216618012111994, 25.29163337195412, 0.0 ], [ 110.216568201450784, 25.292771636337068, 0.0 ], [ 110.216518390443426, 25.293909900539187, 0.0 ], [ 110.216468578509435, 25.295048164539473, 0.0 ], [ 110.216317013098447, 25.296089733882393, 0.0 ], [ 110.215648573501355, 25.295871853856077, 0.0 ], [ 110.215484701043323, 25.29482415064728, 0.0 ], [ 110.215534522338473, 25.293685887174849, 0.0 ], [ 110.215584343547192, 25.292547623530975, 0.0 ], [ 110.215634163305594, 25.291409359666311, 0.0 ], [ 110.215605414409467, 25.290293744847659, 0.0 ], [ 110.214636816340544, 25.289571071640101, 0.0 ], [ 110.213798024082152, 25.288950428609798, 0.0 ], [ 110.213343982376941, 25.288204473476302, 0.0 ], [ 110.212555111919471, 25.287405754069468, 0.0 ], [ 110.21157807598928, 25.287599719412594, 0.0 ], [ 110.210770048437638, 25.287236948230625, 0.0 ], [ 110.21016255229236, 25.286549492572654, 0.0 ], [ 110.209239078540463, 25.286674320252366, 0.0 ], [ 110.208114721241301, 25.286171581624373, 0.0 ], [ 110.206990373403627, 25.285668834616949, 0.0 ], [ 110.205866035035612, 25.285166079216303, 0.0 ], [ 110.204797133546379, 25.284656140450036, 0.0 ], [ 110.203639360849891, 25.284273444048839, 0.0 ], [ 110.203435499994129, 25.283451804239238, 0.0 ], [ 110.202992027231559, 25.283705402542076, 0.0 ], [ 110.202292491697676, 25.28389166637621, 0.0 ], [ 110.201067004638006, 25.283656668113917, 0.0 ], [ 110.199827671515777, 25.283494773774496, 0.0 ], [ 110.198578098213133, 25.28341168397554, 0.0 ], [ 110.197581771916262, 25.283004348061937, 0.0 ], [ 110.197589268620206, 25.281865206458239, 0.0 ], [ 110.19759676455557, 25.280726064674905, 0.0 ], [ 110.197617449848892, 25.279587190013149, 0.0 ], [ 110.19835077752002, 25.279326928676539, 0.0 ], [ 110.199340733030397, 25.279516464872394, 0.0 ], [ 110.200533860843308, 25.279470908161475, 0.0 ], [ 110.200856629925951, 25.278571043266044, 0.0 ], [ 110.200421613587025, 25.277610993196966, 0.0 ], [ 110.199289714856263, 25.277443242178737, 0.0 ], [ 110.199514335192546, 25.276613512205941, 0.0 ], [ 110.200107002477452, 25.27627141112789, 0.0 ], [ 110.199937517489815, 25.275621493741966, 0.0 ], [ 110.199269108252679, 25.274865413999414, 0.0 ], [ 110.199044038940826, 25.273916556913086, 0.0 ], [ 110.198480056887419, 25.273625127345799, 0.0 ], [ 110.198491024179376, 25.272733544571832, 0.0 ], [ 110.198267525166258, 25.272322064541417, 0.0 ], [ 110.19865055755433, 25.27147256908701, 0.0 ], [ 110.198083387923035, 25.270582305739293, 0.0 ], [ 110.197130574178857, 25.269979178705675, 0.0 ], [ 110.197550210569005, 25.268924507569963, 0.0 ], [ 110.198323034469141, 25.268035031650193, 0.0 ], [ 110.199313135518409, 25.267389692835582, 0.0 ], [ 110.199805968141092, 25.266358724150809, 0.0 ], [ 110.200305341894165, 25.265433174663421, 0.0 ], [ 110.201255179752565, 25.264949939008741, 0.0 ], [ 110.20147380553901, 25.264614550254677, 0.0 ], [ 110.201544796574197, 25.263496769131685, 0.0 ], [ 110.202172062146943, 25.262663850959793, 0.0 ], [ 110.203348416249142, 25.262750159981945, 0.0 ], [ 110.20402224970303, 25.26348093477764, 0.0 ], [ 110.205011492598786, 25.263711608553709, 0.0 ], [ 110.206059871430497, 25.263925989792579, 0.0 ], [ 110.207291429577324, 25.263774212484517, 0.0 ], [ 110.208447932406216, 25.264191899964075, 0.0 ], [ 110.209649988762195, 25.264499372867508, 0.0 ], [ 110.210492255707493, 25.264164082813814, 0.0 ], [ 110.211233340990546, 25.26423575126157, 0.0 ], [ 110.211989209083683, 25.264070044516629, 0.0 ], [ 110.212851876898171, 25.263341019717064, 0.0 ], [ 110.214038165033017, 25.263509371329114, 0.0 ], [ 110.215081496737739, 25.264105642519763, 0.0 ], [ 110.214825954311891, 25.265079741754516, 0.0 ], [ 110.214804886350365, 25.266196423696218, 0.0 ], [ 110.215772141766877, 25.266598743595335, 0.0 ], [ 110.216402724498238, 25.267243875576529, 0.0 ], [ 110.217416813990397, 25.267674372046319, 0.0 ], [ 110.218001199953591, 25.268458325500575, 0.0 ], [ 110.218765633227235, 25.267980072374737, 0.0 ], [ 110.218639477608221, 25.266846732191215, 0.0 ], [ 110.218563011015164, 25.265757729325546, 0.0 ], [ 110.219482506599093, 25.265407769618477, 0.0 ], [ 110.219371899923686, 25.264273048724856, 0.0 ], [ 110.218890915435495, 25.263645701201433, 0.0 ], [ 110.218458460976706, 25.262843105109862, 0.0 ], [ 110.217968979449182, 25.262117513172697, 0.0 ], [ 110.21878968951539, 25.261498331903432, 0.0 ], [ 110.219386135817672, 25.262045586428346, 0.0 ], [ 110.219470773954598, 25.263103420426763, 0.0 ], [ 110.219731445492457, 25.264175292352999, 0.0 ], [ 110.220728509585982, 25.26342548629767, 0.0 ], [ 110.220487286566154, 25.262386168078201, 0.0 ], [ 110.220935871620512, 25.261326832093388, 0.0 ], [ 110.221220087446738, 25.260786064731562, 0.0 ], [ 110.220885620852741, 25.260060189618514, 0.0 ], [ 110.220196542124214, 25.259287891656303, 0.0 ], [ 110.219141237000414, 25.258674984554617, 0.0 ], [ 110.218546656534812, 25.257711742358595, 0.0 ], [ 110.218305019925694, 25.25659443509084, 0.0 ], [ 110.218473193771118, 25.255513299473524, 0.0 ], [ 110.218410090068744, 25.254627103071346, 0.0 ], [ 110.217995643763828, 25.253796175504927, 0.0 ], [ 110.217249860809773, 25.252999664975636, 0.0 ], [ 110.217063429723765, 25.251875800557375, 0.0 ], [ 110.216240131294938, 25.251439523448155, 0.0 ], [ 110.215105025684409, 25.25099726050507, 0.0 ], [ 110.214169032260301, 25.250317194550504, 0.0 ], [ 110.213257074583353, 25.249561817575209, 0.0 ], [ 110.212556312820936, 25.248625906263886, 0.0 ], [ 110.21188562557694, 25.247665917898594, 0.0 ], [ 110.211591655604906, 25.246634791336543, 0.0 ], [ 110.210793692617472, 25.246287495319923, 0.0 ], [ 110.209901497371291, 25.245513156108878, 0.0 ], [ 110.209299976707371, 25.244724026188894, 0.0 ], [ 110.209731105699163, 25.244586188062122, 0.0 ], [ 110.210635558425707, 25.244824010850131, 0.0 ], [ 110.211416709105805, 25.245026266708528, 0.0 ], [ 110.21180585728888, 25.245056793700378, 0.0 ], [ 110.212785676494192, 25.244448500769423, 0.0 ], [ 110.213800570799165, 25.243782938516279, 0.0 ], [ 110.214411626462606, 25.242851995891105, 0.0 ], [ 110.215357409478727, 25.242108663277339, 0.0 ], [ 110.216009556181717, 25.241403601998098, 0.0 ], [ 110.214936054223571, 25.240850518468751, 0.0 ], [ 110.21442115804966, 25.239836941625029, 0.0 ], [ 110.214231693480016, 25.239052787608717, 0.0 ], [ 110.214825652927146, 25.238172410555109, 0.0 ], [ 110.215694958891333, 25.23737577685716, 0.0 ], [ 110.215947044635868, 25.236655613123904, 0.0 ], [ 110.214745264742859, 25.236938698960302, 0.0 ], [ 110.213530148325972, 25.237047809141355, 0.0 ], [ 110.212691507125157, 25.237308915230205, 0.0 ], [ 110.212506870092312, 25.238160506140236, 0.0 ], [ 110.212957053295739, 25.238788634018885, 0.0 ], [ 110.212510315421241, 25.239253424628643, 0.0 ], [ 110.21198827613425, 25.238430886823306, 0.0 ], [ 110.211373296063485, 25.237647889448819, 0.0 ], [ 110.210440842678409, 25.237241415923744, 0.0 ], [ 110.210033778252779, 25.236406392896715, 0.0 ], [ 110.210665049246998, 25.235461541495368, 0.0 ], [ 110.211374932889399, 25.234695687322585, 0.0 ], [ 110.212246944348394, 25.233951968646327, 0.0 ], [ 110.212967672488418, 25.233090273650038, 0.0 ], [ 110.212886817804332, 25.232601940704232, 0.0 ], [ 110.212431168208383, 25.232176897829309, 0.0 ], [ 110.212241679274726, 25.231125351821625, 0.0 ], [ 110.212059458104392, 25.230027686472077, 0.0 ], [ 110.2122920210346, 25.229158659999186, 0.0 ], [ 110.212176040469089, 25.228694511577228, 0.0 ], [ 110.212153646924904, 25.228509189063811, 0.0 ], [ 110.211533768111707, 25.228610273216933, 0.0 ], [ 110.211136209400593, 25.228814234033994, 0.0 ], [ 110.209623789657442, 25.229513929329933, 0.0 ], [ 110.209472928818514, 25.229929143947366, 0.0 ], [ 110.208645451456206, 25.23036733717905, 0.0 ], [ 110.207629440049601, 25.230488177834051, 0.0 ], [ 110.206881504226672, 25.23045278808851, 0.0 ], [ 110.206454083152948, 25.2293828727346, 0.0 ], [ 110.206208610686232, 25.228268739815661, 0.0 ], [ 110.206096138666126, 25.227134971324805, 0.0 ], [ 110.20647487080808, 25.226229290591455, 0.0 ], [ 110.207723123024891, 25.22613711359007, 0.0 ], [ 110.208971373701289, 25.226044926382983, 0.0 ], [ 110.210219393125698, 25.225950568590022, 0.0 ], [ 110.211460238189417, 25.2257966898128, 0.0 ], [ 110.21268069027451, 25.2255437326913, 0.0 ], [ 110.213894497347951, 25.225263279998728, 0.0 ], [ 110.215100463371854, 25.224956136086256, 0.0 ], [ 110.216303397715407, 25.224644622253884, 0.0 ], [ 110.217508860282976, 25.224336011233863, 0.0 ], [ 110.218722568999112, 25.224056489035743, 0.0 ], [ 110.219820180712091, 25.223896060984877, 0.0 ], [ 110.220499710471969, 25.223406620771733, 0.0 ], [ 110.221478101441221, 25.223394985921857, 0.0 ], [ 110.221394367015293, 25.224272643801015, 0.0 ], [ 110.222118891691153, 25.224614711251927, 0.0 ], [ 110.222492390161079, 25.225206432711005, 0.0 ], [ 110.223501029797703, 25.225223543300764, 0.0 ], [ 110.224169264256886, 25.225905997347791, 0.0 ], [ 110.225170090585422, 25.226512818775831, 0.0 ], [ 110.22628101533175, 25.226661565378727, 0.0 ], [ 110.226897281861525, 25.227611246168767, 0.0 ], [ 110.22780108194614, 25.228360108263775, 0.0 ], [ 110.229023453774573, 25.228286080185164, 0.0 ], [ 110.229226424070191, 25.228822380051501, 0.0 ], [ 110.229823515075097, 25.228988676674099, 0.0 ], [ 110.230200928643995, 25.228057544121913, 0.0 ], [ 110.229879322489509, 25.227060328532126, 0.0 ], [ 110.229225390708095, 25.226130799748979, 0.0 ], [ 110.228158117377291, 25.225516650721229, 0.0 ], [ 110.227070189644905, 25.225064090398831, 0.0 ], [ 110.226155051513388, 25.224289321503012, 0.0 ], [ 110.225177436028289, 25.223700324821596, 0.0 ], [ 110.224029670329955, 25.223244615270126, 0.0 ], [ 110.222823845705065, 25.223051950535133, 0.0 ], [ 110.221874454286109, 25.222783809284095, 0.0 ], [ 110.221197638722174, 25.221889450348822, 0.0 ], [ 110.220586961099926, 25.220909194689678, 0.0 ], [ 110.22070435222723, 25.219808687101548, 0.0 ], [ 110.221034919308963, 25.218713555647582, 0.0 ], [ 110.220848130053255, 25.217594988926557, 0.0 ], [ 110.220475063103478, 25.216507538282137, 0.0 ], [ 110.219990090041605, 25.215553210977614, 0.0 ], [ 110.220728779495715, 25.215280599115996, 0.0 ], [ 110.221286073840872, 25.214396368412238, 0.0 ], [ 110.223004301915253, 25.213669954120043, 0.0 ], [ 110.224183106312665, 25.21405296389316, 0.0 ], [ 110.224879054541518, 25.214725685740028, 0.0 ], [ 110.225670652500071, 25.21533121444568, 0.0 ], [ 110.226919262300555, 25.215244393954137, 0.0 ], [ 110.228145997609289, 25.215049263623087, 0.0 ], [ 110.229336951587626, 25.214701057516148, 0.0 ], [ 110.230124410415513, 25.213857648200509, 0.0 ], [ 110.230689398447467, 25.213230287930095, 0.0 ], [ 110.23079660653562, 25.212803138812749, 0.0 ], [ 110.229853615478618, 25.212177627238997, 0.0 ], [ 110.229398850028502, 25.211302677176217, 0.0 ], [ 110.230078208676147, 25.210563388210911, 0.0 ], [ 110.231108041677814, 25.209922295227116, 0.0 ], [ 110.231119655145179, 25.208996803560314, 0.0 ], [ 110.230588816837738, 25.207965053387557, 0.0 ], [ 110.230061236956089, 25.206949692712104, 0.0 ], [ 110.229294112466604, 25.207381622543309, 0.0 ], [ 110.228148819013654, 25.207172674974835, 0.0 ], [ 110.226908738727957, 25.207180253327838, 0.0 ], [ 110.225856616857456, 25.20760190951497, 0.0 ], [ 110.224639958351986, 25.207741975382142, 0.0 ], [ 110.22349171916396, 25.208175437375047, 0.0 ], [ 110.22384214087667, 25.209193721108793, 0.0 ], [ 110.224763528621622, 25.209945134754673, 0.0 ], [ 110.225241220896436, 25.210989771149084, 0.0 ], [ 110.224853942028034, 25.212019976274334, 0.0 ], [ 110.223733206881903, 25.21250175634351, 0.0 ], [ 110.22251243568877, 25.212747158590336, 0.0 ], [ 110.221511339538793, 25.213120624102299, 0.0 ], [ 110.220281178030845, 25.213318026087048, 0.0 ], [ 110.21904012119974, 25.213420302733986, 0.0 ], [ 110.218303709391748, 25.213526707112138, 0.0 ], [ 110.217101117487942, 25.213754945728915, 0.0 ], [ 110.216718435411408, 25.212785474077268, 0.0 ], [ 110.216121024377784, 25.212098435084219, 0.0 ], [ 110.215755044260774, 25.212226772405579, 0.0 ], [ 110.214589109029077, 25.212474051431492, 0.0 ], [ 110.213686577073261, 25.21287945967093, 0.0 ], [ 110.213316769945806, 25.213421712997057, 0.0 ], [ 110.212741855030288, 25.21294589210623, 0.0 ], [ 110.213023573994121, 25.212341449734879, 0.0 ], [ 110.213169114268496, 25.211280401622261, 0.0 ], [ 110.212906266439248, 25.210167072989414, 0.0 ], [ 110.213789384822704, 25.210295760657552, 0.0 ], [ 110.214487865628882, 25.21091152521532, 0.0 ], [ 110.215107986630116, 25.210134527206773, 0.0 ], [ 110.214079082725988, 25.209607919855397, 0.0 ], [ 110.212936780266716, 25.209294875361042, 0.0 ], [ 110.212063732960416, 25.208497121657267, 0.0 ], [ 110.211232974292884, 25.207646981618005, 0.0 ], [ 110.21031774258158, 25.206869551803052, 0.0 ], [ 110.209388563580433, 25.206157666635928, 0.0 ], [ 110.208476619043921, 25.206918644685686, 0.0 ], [ 110.207579399320338, 25.207713278963023, 0.0 ], [ 110.20668216780345, 25.208507907288283, 0.0 ], [ 110.205781170654575, 25.209298904600871, 0.0 ], [ 110.205610317366933, 25.21028607227176, 0.0 ], [ 110.205839934427388, 25.211405931019616, 0.0 ], [ 110.206069556032588, 25.212525789237922, 0.0 ], [ 110.206034412544085, 25.213414513091724, 0.0 ], [ 110.206292271234915, 25.214174917791844, 0.0 ], [ 110.206966248997958, 25.214204481440472, 0.0 ], [ 110.207919677063003, 25.214198294426019, 0.0 ], [ 110.209163619015015, 25.214329198512125, 0.0 ], [ 110.21039526207673, 25.214230430819814, 0.0 ], [ 110.211024231078639, 25.214845090927437, 0.0 ], [ 110.209809260546393, 25.215073465207674, 0.0 ], [ 110.20859620267764, 25.215354012137865, 0.0 ], [ 110.20740982162252, 25.215717667149736, 0.0 ], [ 110.206250902268138, 25.216145671817024, 0.0 ], [ 110.20549213483271, 25.215340139494256, 0.0 ], [ 110.204872464494983, 25.214353766875348, 0.0 ], [ 110.2044258232348, 25.21329318272516, 0.0 ], [ 110.204239023638422, 25.212169720731097, 0.0 ], [ 110.204146245663978, 25.211034603606244, 0.0 ], [ 110.203842059256985, 25.209931131923415, 0.0 ], [ 110.203314701139604, 25.208904463603073, 0.0 ], [ 110.20261689720131, 25.207959947088554, 0.0 ], [ 110.201852470481725, 25.207137996971166, 0.0 ], [ 110.200974980062867, 25.206325367112211, 0.0 ], [ 110.200097030436709, 25.205513124442412, 0.0 ], [ 110.199219091980993, 25.204700877185076, 0.0 ], [ 110.198340819755899, 25.203888934914602, 0.0 ], [ 110.197460083229458, 25.203079209706086, 0.0 ], [ 110.196568052636664, 25.202279815883031, 0.0 ], [ 110.195670018304696, 25.201486044356482, 0.0 ], [ 110.194783877352265, 25.201647827909518, 0.0 ], [ 110.193875975072586, 25.202432307650607, 0.0 ], [ 110.192967663325959, 25.203216406422264, 0.0 ], [ 110.192101934333465, 25.203035551320252, 0.0 ], [ 110.192558036976038, 25.202142978685739, 0.0 ], [ 110.192297463197917, 25.201032179822601, 0.0 ], [ 110.19191575378062, 25.199960355628285, 0.0 ], [ 110.191459845133593, 25.198904304921932, 0.0 ], [ 110.190965896559362, 25.197858153481601, 0.0 ], [ 110.190145293354149, 25.19701030234388, 0.0 ], [ 110.189338624646908, 25.196140089154053, 0.0 ], [ 110.188602515008242, 25.195218605673929, 0.0 ], [ 110.187867621686081, 25.19429631313562, 0.0 ], [ 110.186886265089711, 25.194025844768209, 0.0 ], [ 110.185835541184318, 25.194645012208259, 0.0 ], [ 110.184777391590075, 25.195253942709535, 0.0 ], [ 110.183719744860568, 25.195863599719864, 0.0 ], [ 110.182683441086169, 25.196502274770101, 0.0 ], [ 110.181654393552009, 25.197151201475322, 0.0 ], [ 110.180658231184566, 25.197839976459282, 0.0 ], [ 110.179686358907219, 25.198558187286096, 0.0 ], [ 110.178694469255973, 25.199251575735598, 0.0 ], [ 110.17756527685637, 25.199733827920035, 0.0 ], [ 110.176406386107089, 25.20016462709799, 0.0 ], [ 110.17715042809958, 25.200338929387993, 0.0 ], [ 110.17831570838932, 25.199923773149795, 0.0 ], [ 110.17936601674856, 25.199312052932424, 0.0 ], [ 110.180344288423612, 25.198601093545793, 0.0 ], [ 110.180838567813026, 25.199101985730533, 0.0 ], [ 110.181395309863802, 25.200122343987534, 0.0 ], [ 110.182102379386322, 25.200393550067481, 0.0 ], [ 110.183019478342914, 25.199617988027722, 0.0 ], [ 110.18378408711034, 25.200235074123228, 0.0 ], [ 110.184502890470242, 25.201057951799772, 0.0 ], [ 110.185094584563075, 25.202030110172593, 0.0 ], [ 110.185675799449825, 25.202690472285369, 0.0 ], [ 110.186009848235614, 25.203760063494521, 0.0 ], [ 110.186648789977426, 25.204739757437601, 0.0 ], [ 110.187372387797282, 25.205578628789134, 0.0 ], [ 110.187623315601755, 25.206298164614264, 0.0 ], [ 110.186586021174705, 25.206926714741581, 0.0 ], [ 110.185806551830751, 25.20781799948821, 0.0 ], [ 110.185066687081147, 25.208736363262013, 0.0 ], [ 110.184348175348873, 25.209669328806665, 0.0 ], [ 110.183571356707844, 25.210545373763708, 0.0 ], [ 110.182628767329604, 25.211286825152353, 0.0 ], [ 110.183509445109195, 25.211162186809748, 0.0 ], [ 110.18437443054664, 25.21034150509222, 0.0 ], [ 110.185125583485259, 25.209434012549178, 0.0 ], [ 110.185843441055084, 25.208500628459873, 0.0 ], [ 110.186581997185257, 25.207581575720383, 0.0 ], [ 110.187477106632315, 25.206803874350328, 0.0 ], [ 110.188550503681114, 25.206217479373869, 0.0 ], [ 110.189627344148334, 25.205636157895221, 0.0 ], [ 110.190704174492382, 25.205054828204638, 0.0 ], [ 110.19178099473838, 25.204473490341016, 0.0 ], [ 110.192820949920062, 25.20384080135377, 0.0 ], [ 110.193749487842098, 25.203077751451016, 0.0 ], [ 110.194642971370911, 25.202279675875396, 0.0 ], [ 110.195645763637657, 25.20208824271792, 0.0 ], [ 110.196538350181399, 25.202886940756802, 0.0 ], [ 110.197420599423538, 25.203695300194877, 0.0 ], [ 110.198302860317426, 25.204503654568448, 0.0 ], [ 110.199184501990672, 25.205312571036192, 0.0 ], [ 110.200062444425697, 25.206124818581586, 0.0 ], [ 110.200940398509744, 25.206937061111564, 0.0 ], [ 110.201788472827957, 25.207773889369435, 0.0 ], [ 110.202556160616865, 25.208670315456065, 0.0 ], [ 110.203118226761887, 25.20968755714231, 0.0 ], [ 110.203493460414123, 25.210773269295366, 0.0 ], [ 110.203698512882625, 25.211895773823294, 0.0 ], [ 110.203849665987107, 25.213025809579712, 0.0 ], [ 110.204198576616122, 25.214118343153327, 0.0 ], [ 110.203121522777707, 25.214192912249779, 0.0 ], [ 110.201870432183611, 25.214144229386676, 0.0 ], [ 110.200917482739499, 25.214439087270598, 0.0 ], [ 110.201416124893711, 25.215414238539402, 0.0 ], [ 110.201050832123045, 25.21616257683301, 0.0 ], [ 110.201816391454301, 25.216056137692597, 0.0 ], [ 110.202833794668678, 25.216343727548232, 0.0 ], [ 110.203605180923148, 25.216875035486137, 0.0 ], [ 110.203096433168511, 25.217710531622053, 0.0 ], [ 110.201999242339483, 25.217708935241475, 0.0 ], [ 110.201257446260172, 25.217162283991652, 0.0 ], [ 110.200385336984994, 25.216824084731208, 0.0 ], [ 110.199527765168952, 25.217478112171378, 0.0 ], [ 110.198891217108851, 25.217585420977382, 0.0 ], [ 110.198938522123143, 25.216618065065454, 0.0 ], [ 110.19983982798486, 25.216162178935271, 0.0 ], [ 110.199590329772349, 25.215558497644846, 0.0 ], [ 110.199513252387007, 25.214821684200679, 0.0 ], [ 110.198940794644699, 25.214386347790505, 0.0 ], [ 110.197860172203164, 25.214108337209762, 0.0 ], [ 110.19666958035765, 25.214451698372176, 0.0 ], [ 110.195561062426194, 25.214981221645232, 0.0 ], [ 110.194457422028208, 25.215519481031706, 0.0 ], [ 110.193353772182348, 25.216057732050849, 0.0 ], [ 110.192250112799414, 25.21659597455038, 0.0 ], [ 110.191146444109023, 25.217134208919454, 0.0 ], [ 110.190042765764744, 25.217672434569231, 0.0 ], [ 110.188939077847678, 25.218210651636966, 0.0 ], [ 110.187867813064955, 25.218733044911904, 0.0 ], [ 110.187252407925882, 25.21945297319979, 0.0 ], [ 110.187848740951168, 25.220454595838746, 0.0 ], [ 110.188400291500997, 25.221477078260392, 0.0 ], [ 110.18896058496496, 25.222495500673197, 0.0 ], [ 110.189727451556493, 25.222960971261088, 0.0 ], [ 110.190569693745843, 25.223236966616167, 0.0 ], [ 110.191375275157071, 25.223436035515537, 0.0 ], [ 110.190251359179058, 25.223937793443664, 0.0 ], [ 110.189164283305459, 25.224482118943268, 0.0 ], [ 110.188227283185029, 25.224103606101327, 0.0 ], [ 110.188067799124326, 25.223193545966193, 0.0 ], [ 110.18752766445337, 25.222166461380986, 0.0 ], [ 110.187040926362641, 25.221116858788083, 0.0 ], [ 110.186536704577435, 25.220074160771905, 0.0 ], [ 110.186020946885904, 25.219036178944116, 0.0 ], [ 110.185913397441141, 25.218223817834872, 0.0 ], [ 110.185343919590778, 25.217209257167188, 0.0 ], [ 110.184792352737205, 25.216227588670758, 0.0 ], [ 110.184254442711293, 25.215271153903828, 0.0 ], [ 110.183734268691055, 25.214346330682734, 0.0 ], [ 110.183163875852586, 25.2133322032245, 0.0 ], [ 110.182598265617301, 25.212328034760457, 0.0 ], [ 110.182035956499234, 25.211326769988787, 0.0 ], [ 110.181444024817011, 25.210323404428927, 0.0 ], [ 110.180852236445574, 25.209319889158767, 0.0 ], [ 110.180487278688275, 25.208329785635726, 0.0 ], [ 110.179889192476466, 25.207344636858451, 0.0 ], [ 110.17929718288535, 25.206342585425915, 0.0 ], [ 110.17871758410395, 25.205333822017913, 0.0 ], [ 110.178153410277233, 25.204316915106034, 0.0 ], [ 110.177641348751578, 25.20329191402249, 0.0 ], [ 110.176999802545438, 25.202313754858274, 0.0 ], [ 110.176356025612719, 25.201336693717288, 0.0 ], [ 110.175598017879665, 25.200431675081813, 0.0 ], [ 110.17476958460982, 25.199594836625884, 0.0 ], [ 110.173727674082784, 25.198974951543818, 0.0 ], [ 110.1726322500013, 25.198425273891335, 0.0 ], [ 110.171531208348128, 25.197882896505973, 0.0 ], [ 110.170449003826704, 25.197310070935973, 0.0 ], [ 110.169351638196488, 25.196761657415166, 0.0 ], [ 110.168244219769562, 25.196230170465629, 0.0 ], [ 110.167136197402513, 25.195699727699171, 0.0 ], [ 110.166028184821926, 25.195169276839561, 0.0 ], [ 110.164920182027856, 25.194638817887391, 0.0 ], [ 110.163812189020462, 25.194108350843287, 0.0 ], [ 110.162704205799685, 25.193577875707831, 0.0 ], [ 110.161596232365667, 25.193047392481624, 0.0 ], [ 110.160488268718481, 25.192516901165277, 0.0 ], [ 110.159380314858197, 25.191986401759376, 0.0 ], [ 110.158272370784914, 25.191455894264539, 0.0 ], [ 110.157164436498761, 25.190925378681353, 0.0 ], [ 110.156056511999608, 25.190394855010414, 0.0 ], [ 110.155294938463641, 25.189749326702291, 0.0 ], [ 110.154216220452298, 25.189171132348886, 0.0 ], [ 110.153115964421914, 25.188628354863063, 0.0 ], [ 110.152000279787899, 25.188111509703138, 0.0 ], [ 110.150884604766404, 25.18759465633833, 0.0 ], [ 110.149763703888084, 25.187087604737343, 0.0 ], [ 110.148627412374466, 25.186609400350832, 0.0 ], [ 110.147491129950424, 25.186131187438029, 0.0 ], [ 110.146354856615972, 25.185652965999498, 0.0 ], [ 110.145237094833092, 25.185141157240981, 0.0 ], [ 110.144132148862752, 25.184605664492477, 0.0 ], [ 110.143023395811682, 25.184076681453245, 0.0 ], [ 110.141914652528115, 25.183547690319468, 0.0 ], [ 110.14080591901218, 25.183018691091757, 0.0 ], [ 110.139726586044958, 25.182443144897022, 0.0 ], [ 110.138747404425388, 25.181735025098806, 0.0 ], [ 110.137889467226586, 25.180906846092281, 0.0 ], [ 110.137136436707621, 25.179996936605669, 0.0 ], [ 110.136390583943637, 25.179082032215895, 0.0 ], [ 110.135685998628944, 25.178169634930207, 0.0 ], [ 110.134967562853177, 25.177236846537856, 0.0 ], [ 110.134183919650596, 25.176375114573553, 0.0 ], [ 110.133441154432347, 25.175463713721275, 0.0 ], [ 110.132778417817335, 25.175386811932015, 0.0 ], [ 110.133531387611953, 25.176296860015622, 0.0 ], [ 110.134056132228821, 25.17716509436239, 0.0 ], [ 110.133072870511484, 25.177870147804121, 0.0 ], [ 110.132089597868074, 25.178575194701942, 0.0 ], [ 110.131106313837705, 25.179280234523027, 0.0 ], [ 110.130545175580068, 25.179663446593008, 0.0 ], [ 110.130777433639963, 25.179747360954146, 0.0 ], [ 110.130875808065255, 25.179915469339509, 0.0 ], [ 110.131008654349571, 25.180057622142023, 0.0 ], [ 110.131075753010137, 25.180257758524704, 0.0 ], [ 110.131099184366377, 25.180466542353759, 0.0 ], [ 110.131219160133583, 25.180602031755413, 0.0 ], [ 110.131239589194621, 25.180797794639084, 0.0 ], [ 110.131304346876078, 25.180899934735557, 0.0 ], [ 110.131599399912488, 25.181339138681757, 0.0 ], [ 110.131577473152802, 25.181547676934656, 0.0 ], [ 110.131653193047811, 25.181743215403252, 0.0 ], [ 110.131697461518925, 25.181932417772863, 0.0 ], [ 110.131616922768899, 25.182090148959023, 0.0 ], [ 110.131630982206715, 25.182257864403145, 0.0 ], [ 110.131557789334408, 25.182455378259863, 0.0 ], [ 110.131612411264186, 25.18265622219818, 0.0 ], [ 110.131709769717432, 25.182846490484494, 0.0 ], [ 110.131860359262745, 25.18300148818048, 0.0 ], [ 110.132029529304006, 25.183143930874444, 0.0 ], [ 110.132190659663195, 25.183293460284727, 0.0 ], [ 110.132327745203554, 25.183316633917556, 0.0 ], [ 110.13243474560052, 25.183197174655248, 0.0 ], [ 110.132450539780208, 25.183040848063126, 0.0 ], [ 110.132646894009497, 25.182948225267687, 0.0 ], [ 110.132874277210902, 25.182938857984524, 0.0 ], [ 110.132972279086985, 25.183110400298002, 0.0 ], [ 110.133064514800296, 25.183285849929661, 0.0 ], [ 110.133119846063593, 25.183489428343602, 0.0 ], [ 110.133027590331096, 25.18361727758478, 0.0 ], [ 110.133013105115552, 25.183785227974919, 0.0 ], [ 110.13313144666985, 25.183914609996723, 0.0 ], [ 110.133336221248399, 25.183965713026222, 0.0 ], [ 110.133566711241684, 25.183958563525614, 0.0 ], [ 110.133776079324548, 25.183901528041655, 0.0 ], [ 110.133925642742071, 25.183742241786813, 0.0 ], [ 110.134083719824488, 25.183762370353207, 0.0 ], [ 110.134279226321695, 25.183830995524108, 0.0 ], [ 110.134457091751969, 25.183788713650582, 0.0 ], [ 110.134680453268857, 25.183840995839059, 0.0 ], [ 110.134843154070168, 25.18379647597386, 0.0 ], [ 110.134743754034901, 25.183691269595826, 0.0 ], [ 110.134656818752831, 25.183551202801496, 0.0 ], [ 110.134542769260548, 25.183439323298419, 0.0 ], [ 110.134708767996884, 25.183348716976681, 0.0 ], [ 110.13488241897042, 25.183286504203529, 0.0 ], [ 110.135067349081837, 25.18321139790093, 0.0 ], [ 110.135269956952527, 25.183208005283188, 0.0 ], [ 110.135318323759321, 25.183390875135803, 0.0 ], [ 110.135124130190505, 25.183493438734597, 0.0 ], [ 110.134960143452446, 25.183620339544788, 0.0 ], [ 110.135066302629014, 25.18376392307853, 0.0 ], [ 110.135240569752284, 25.183893092169882, 0.0 ], [ 110.135214573644404, 25.184069635064709, 0.0 ], [ 110.135278223342752, 25.184218574042124, 0.0 ], [ 110.135500819127301, 25.184272259032905, 0.0 ], [ 110.135633042845797, 25.184164038007996, 0.0 ], [ 110.135624018025894, 25.183866462990661, 0.0 ], [ 110.135807226183019, 25.183887641935662, 0.0 ], [ 110.135785113892211, 25.183692016501158, 0.0 ], [ 110.135678685740316, 25.1835478761984, 0.0 ], [ 110.13551730566347, 25.183494593385518, 0.0 ], [ 110.135532256607704, 25.183286195062141, 0.0 ], [ 110.135713048428912, 25.183194711371456, 0.0 ], [ 110.135840640885164, 25.183366010865754, 0.0 ], [ 110.135989865173485, 25.183524061829122, 0.0 ], [ 110.136059979218118, 25.183636649906987, 0.0 ], [ 110.136032626676339, 25.183845051057784, 0.0 ], [ 110.136005274030367, 25.184053452195261, 0.0 ], [ 110.135977921280116, 25.184261853319402, 0.0 ], [ 110.136022450979567, 25.184453581833839, 0.0 ], [ 110.136172060801357, 25.184613291152107, 0.0 ], [ 110.136308030273668, 25.184777346034835, 0.0 ], [ 110.136379565065141, 25.184976879358242, 0.0 ], [ 110.136325299479182, 25.185162295253193, 0.0 ], [ 110.136190509865429, 25.185332611608366, 0.0 ], [ 110.136055719873113, 25.185502927826892, 0.0 ], [ 110.135920929502305, 25.185673243908791, 0.0 ], [ 110.135786138753076, 25.185843559854046, 0.0 ], [ 110.135659693782344, 25.185901220057179, 0.0 ], [ 110.13561020857388, 25.185696531707961, 0.0 ], [ 110.135590147992303, 25.185487444916951, 0.0 ], [ 110.135570966331059, 25.185279460386472, 0.0 ], [ 110.135422467317014, 25.185005344618585, 0.0 ], [ 110.135370188390283, 25.184817580181004, 0.0 ], [ 110.135201219745042, 25.184711678548968, 0.0 ], [ 110.135063910584833, 25.184584917627664, 0.0 ], [ 110.134879257184892, 25.184710690662548, 0.0 ], [ 110.134694603408931, 25.184836463454758, 0.0 ], [ 110.134509949257037, 25.184962236004306, 0.0 ], [ 110.134331252791796, 25.185088202604625, 0.0 ], [ 110.134505539523303, 25.185225679828324, 0.0 ], [ 110.134679826647684, 25.185363156854589, 0.0 ], [ 110.134854114164838, 25.18550063368339, 0.0 ], [ 110.134933894956418, 25.185687439392982, 0.0 ], [ 110.134980393203065, 25.185893008809995, 0.0 ], [ 110.135412463550566, 25.186077426487625, 0.0 ], [ 110.135520423180495, 25.186149641959329, 0.0 ], [ 110.135360885839205, 25.186301223861509, 0.0 ], [ 110.135201348102598, 25.186452805578078, 0.0 ], [ 110.135041809970559, 25.186604387109032, 0.0 ], [ 110.134882271443189, 25.186755968454378, 0.0 ], [ 110.134729574952416, 25.186906913203636, 0.0 ], [ 110.134543617791991, 25.187031089862746, 0.0 ], [ 110.134362071005825, 25.187160541514132, 0.0 ], [ 110.134186135333749, 25.187296260130644, 0.0 ], [ 110.134015831503362, 25.187437797048645, 0.0 ], [ 110.133851331673739, 25.187584904023485, 0.0 ], [ 110.133692853286718, 25.187737384825063, 0.0 ], [ 110.133704876088942, 25.187877688371906, 0.0 ], [ 110.133886780642072, 25.188006534174384, 0.0 ], [ 110.134031156781077, 25.188166080432158, 0.0 ], [ 110.134085287227975, 25.188368509389118, 0.0 ], [ 110.134166546933827, 25.188561562401297, 0.0 ], [ 110.134358409347399, 25.188671936755146, 0.0 ], [ 110.134587369634929, 25.188693318493915, 0.0 ], [ 110.134817528559566, 25.188707101137531, 0.0 ], [ 110.135042803025556, 25.188732798488338, 0.0 ], [ 110.135222530162366, 25.188862217176681, 0.0 ], [ 110.135429372801624, 25.188949137790431, 0.0 ], [ 110.135583371020587, 25.189084123503033, 0.0 ], [ 110.13562023984646, 25.189290443344511, 0.0 ], [ 110.135523620182241, 25.189476042798283, 0.0 ], [ 110.135320847956422, 25.189569741615696, 0.0 ], [ 110.135100108805517, 25.189621668517127, 0.0 ], [ 110.134886892544884, 25.18969899535016, 0.0 ], [ 110.134719940045272, 25.189841046579456, 0.0 ], [ 110.134601176749825, 25.19001804426879, 0.0 ], [ 110.134486911856058, 25.190197140930653, 0.0 ], [ 110.134384200919911, 25.19038477250896, 0.0 ], [ 110.134291399882883, 25.190574405538399, 0.0 ], [ 110.134306664316099, 25.190771695758315, 0.0 ], [ 110.134458159873418, 25.190927208138177, 0.0 ], [ 110.134598527819421, 25.191092603418788, 0.0 ], [ 110.134733553170435, 25.191262710114138, 0.0 ], [ 110.134881739518377, 25.191422108453779, 0.0 ], [ 110.135039316348454, 25.191533977317079, 0.0 ], [ 110.135211532298428, 25.191673351461212, 0.0 ], [ 110.135370137711348, 25.191823680090089, 0.0 ], [ 110.135493929481811, 25.192000740922605, 0.0 ], [ 110.135621840254217, 25.192174703048767, 0.0 ], [ 110.135728404476765, 25.192360345857612, 0.0 ], [ 110.135863630092985, 25.192528236136138, 0.0 ], [ 110.135950787618583, 25.192722557755832, 0.0 ], [ 110.136040873028989, 25.192915772459639, 0.0 ], [ 110.136130715970083, 25.193109080466165, 0.0 ], [ 110.136220243145601, 25.19330250996369, 0.0 ], [ 110.136292601976962, 25.193501779951248, 0.0 ], [ 110.136357443078793, 25.193703198428889, 0.0 ], [ 110.13641071732188, 25.193906680143421, 0.0 ], [ 110.136451608880265, 25.194110105040782, 0.0 ], [ 110.136383494346916, 25.194305042061711, 0.0 ], [ 110.136219228275124, 25.194450698194107, 0.0 ], [ 110.136035420704317, 25.194577510606376, 0.0 ], [ 110.135854101953313, 25.194706996520594, 0.0 ], [ 110.135643256748992, 25.194788308785103, 0.0 ], [ 110.13542232645807, 25.194848590575244, 0.0 ], [ 110.135271268549559, 25.194965553378019, 0.0 ], [ 110.135211932643955, 25.195159678246682, 0.0 ], [ 110.135031452417593, 25.195282475286206, 0.0 ], [ 110.134865910555689, 25.195285783618413, 0.0 ], [ 110.134723022066424, 25.195357918924881, 0.0 ], [ 110.134614011841222, 25.195531566933848, 0.0 ], [ 110.134514860031899, 25.195721069003472, 0.0 ], [ 110.134416095516258, 25.195910740632407, 0.0 ], [ 110.134309238474529, 25.19609659191719, 0.0 ], [ 110.134256551772751, 25.196298783896403, 0.0 ], [ 110.134226858047498, 25.196506919491593, 0.0 ], [ 110.134197164210036, 25.196715055072353, 0.0 ], [ 110.13418483089832, 25.196924201541751, 0.0 ], [ 110.134185120988761, 25.19713408306108, 0.0 ], [ 110.134185411068557, 25.197343964574532, 0.0 ], [ 110.134070038350416, 25.197517470308821, 0.0 ], [ 110.133881065830209, 25.197636936385813, 0.0 ], [ 110.13368179556916, 25.197742405605212, 0.0 ], [ 110.13346464033026, 25.197809017251807, 0.0 ], [ 110.13323585380904, 25.197825571327801, 0.0 ], [ 110.133223345017399, 25.197693451231412, 0.0 ], [ 110.133450618150036, 25.197658439442538, 0.0 ], [ 110.133672701745382, 25.197601676217307, 0.0 ], [ 110.133875109661872, 25.1975070420193, 0.0 ], [ 110.134039885694492, 25.197367263691142, 0.0 ], [ 110.134050153708756, 25.197159917335398, 0.0 ], [ 110.134038531172479, 25.196950323499802, 0.0 ], [ 110.134070878660538, 25.196743874730632, 0.0 ], [ 110.134114884126674, 25.196538065970792, 0.0 ], [ 110.134138379535173, 25.196329275783487, 0.0 ], [ 110.134171619058023, 25.196122583371547, 0.0 ], [ 110.134253454017539, 25.195926352860553, 0.0 ], [ 110.134353626457965, 25.195737889528903, 0.0 ], [ 110.134465982638773, 25.195554586856275, 0.0 ], [ 110.134578338476999, 25.195371284084867, 0.0 ], [ 110.134678267730393, 25.195182118566578, 0.0 ], [ 110.134776753569668, 25.194992329032186, 0.0 ], [ 110.134972062912851, 25.194890556405102, 0.0 ], [ 110.135161247238543, 25.194799931078364, 0.0 ], [ 110.135371501012131, 25.194738910341631, 0.0 ], [ 110.135584688934458, 25.194658750793199, 0.0 ], [ 110.135790653703737, 25.194565969993835, 0.0 ], [ 110.13597817269158, 25.194444076112742, 0.0 ], [ 110.136131147042533, 25.194287453834011, 0.0 ], [ 110.136269963571522, 25.194119998948054, 0.0 ], [ 110.136278998269191, 25.193919760337632, 0.0 ], [ 110.136241041742991, 25.193713906629252, 0.0 ], [ 110.136160453778743, 25.193517249737063, 0.0 ], [ 110.136089558715625, 25.193317582584903, 0.0 ], [ 110.13598546092588, 25.193130592203271, 0.0 ], [ 110.135878073200274, 25.1929448414764, 0.0 ], [ 110.135771306671742, 25.192758805452637, 0.0 ], [ 110.135670794821735, 25.192569896187052, 0.0 ], [ 110.135570283274674, 25.192380986856623, 0.0 ], [ 110.135455939137813, 25.192198955832154, 0.0 ], [ 110.135322181802749, 25.192053460921915, 0.0 ], [ 110.135175539491229, 25.191891449649756, 0.0 ], [ 110.135028936255409, 25.191729421813804, 0.0 ], [ 110.134846878743403, 25.191606989393971, 0.0 ], [ 110.134698913217363, 25.191447953896564, 0.0 ], [ 110.134557271130433, 25.19128230106325, 0.0 ], [ 110.13441562942387, 25.19111664810081, 0.0 ], [ 110.134273988097675, 25.190950995009267, 0.0 ], [ 110.134132347151848, 25.190785341788601, 0.0 ], [ 110.134127573762925, 25.190580213155005, 0.0 ], [ 110.134212310585212, 25.190385829392927, 0.0 ], [ 110.134315039630891, 25.190198140884146, 0.0 ], [ 110.134425114062608, 25.190013698042765, 0.0 ], [ 110.134568547669886, 25.189850721399903, 0.0 ], [ 110.134685720179817, 25.189671160263156, 0.0 ], [ 110.134858009650841, 25.189536140263328, 0.0 ], [ 110.135083077491672, 25.189505675590475, 0.0 ], [ 110.135299396829325, 25.189436790739531, 0.0 ], [ 110.135469963881917, 25.18930660568417, 0.0 ], [ 110.135362105261265, 25.18914288941971, 0.0 ], [ 110.135155052246446, 25.189051711209817, 0.0 ], [ 110.134933364282716, 25.189017197660466, 0.0 ], [ 110.134786839620489, 25.18893678546527, 0.0 ], [ 110.134694824729479, 25.188893641295781, 0.0 ], [ 110.134490799398122, 25.188898143793175, 0.0 ], [ 110.134269378817663, 25.188849916026658, 0.0 ], [ 110.134081819966468, 25.188732241126797, 0.0 ], [ 110.133959598361812, 25.188558381679218, 0.0 ], [ 110.133904838426957, 25.188356623995229, 0.0 ], [ 110.133820835549926, 25.1881684528237, 0.0 ], [ 110.133648024041662, 25.188031168348822, 0.0 ], [ 110.133464687586837, 25.187978484998887, 0.0 ], [ 110.13332241947306, 25.188143663541261, 0.0 ], [ 110.133144110207894, 25.188262817960027, 0.0 ], [ 110.13293613512343, 25.188186104537813, 0.0 ], [ 110.132745351457217, 25.188068143152943, 0.0 ], [ 110.132556401247882, 25.187947778725611, 0.0 ], [ 110.132368240426359, 25.187826379952913, 0.0 ], [ 110.132182768720867, 25.187701602754874, 0.0 ], [ 110.131998115174696, 25.187575839011181, 0.0 ], [ 110.131815443225079, 25.187447687875853, 0.0 ], [ 110.131634420061687, 25.187317628152368, 0.0 ], [ 110.131454595101374, 25.187186185951177, 0.0 ], [ 110.131277330610203, 25.187051902327092, 0.0 ], [ 110.131100943349693, 25.186916668187028, 0.0 ], [ 110.130930284142153, 25.186776291489757, 0.0 ], [ 110.130758798981603, 25.186635925574791, 0.0 ], [ 110.130587761537484, 25.186495108482912, 0.0 ], [ 110.130416782494052, 25.186354232719811, 0.0 ], [ 110.130253551101205, 25.186205989180316, 0.0 ], [ 110.130091337130679, 25.186056778283511, 0.0 ], [ 110.129929123555314, 25.185907567216429, 0.0 ], [ 110.129766910374968, 25.185758355979065, 0.0 ], [ 110.12960955974998, 25.185604938922044, 0.0 ], [ 110.129454000020218, 25.185449972966328, 0.0 ], [ 110.129298440683016, 25.185295006854357, 0.0 ], [ 110.129142881738289, 25.185140040586123, 0.0 ], [ 110.12898778229092, 25.18498469632544, 0.0 ], [ 110.128833903334694, 25.184828347787551, 0.0 ], [ 110.12868002477002, 25.184671999096853, 0.0 ], [ 110.128532166396084, 25.184529309004382, 0.0 ], [ 110.128379294554733, 25.184372145058539, 0.0 ], [ 110.128226423104294, 25.184214980961951, 0.0 ], [ 110.12807355229458, 25.184057816513295, 0.0 ], [ 110.127920681974942, 25.18390065183398, 0.0 ], [ 110.127767812046244, 25.183743487003916, 0.0 ], [ 110.127615021855433, 25.183586258166724, 0.0 ], [ 110.127462913141542, 25.183428484914977, 0.0 ], [ 110.127311347682848, 25.183270277930159, 0.0 ], [ 110.1271597826141, 25.183112070797229, 0.0 ], [ 110.126985294242914, 25.183192032043234, 0.0 ], [ 110.126831651562043, 25.183344455561556, 0.0 ], [ 110.126681716341608, 25.183503681915489, 0.0 ], [ 110.126747322802331, 25.183661432301729, 0.0 ], [ 110.126953145361171, 25.183744881365065, 0.0 ], [ 110.127092227389767, 25.183912041271828, 0.0 ], [ 110.127205753633049, 25.184084888585335, 0.0 ], [ 110.127177888173435, 25.184292704235386, 0.0 ], [ 110.127180963527735, 25.18449541433376, 0.0 ], [ 110.127309497917949, 25.184668321926672, 0.0 ], [ 110.127460476551519, 25.184826992890297, 0.0 ], [ 110.127657054076408, 25.184930507018588, 0.0 ], [ 110.127858323863634, 25.185031934655303, 0.0 ], [ 110.12802817450364, 25.185168001567536, 0.0 ], [ 110.128060289808815, 25.185366603938601, 0.0 ], [ 110.128158020976571, 25.185555451466467, 0.0 ], [ 110.128279261289094, 25.185724986907974, 0.0 ], [ 110.128342451086198, 25.185925739330369, 0.0 ], [ 110.128262291423312, 25.186111747751159, 0.0 ], [ 110.128117581581122, 25.186274232884255, 0.0 ], [ 110.127988565992879, 25.18644810621733, 0.0 ], [ 110.127870642778092, 25.186628451187367, 0.0 ], [ 110.127700138095733, 25.186750813318994, 0.0 ], [ 110.127474995351619, 25.186721642137258, 0.0 ], [ 110.127269735028648, 25.186801741727169, 0.0 ], [ 110.127096408434838, 25.186935268309789, 0.0 ], [ 110.126895981378212, 25.187019027793792, 0.0 ], [ 110.12669406209254, 25.187020499613098, 0.0 ], [ 110.126471104878803, 25.187072512700155, 0.0 ], [ 110.126328672536644, 25.186955068167343, 0.0 ], [ 110.126101706505622, 25.186976522348441, 0.0 ], [ 110.125994899218981, 25.18709732275045, 0.0 ], [ 110.125873072886606, 25.187243591324663, 0.0 ], [ 110.125802670621511, 25.187364376737555, 0.0 ], [ 110.125688360554108, 25.187182081186176, 0.0 ], [ 110.125753357696965, 25.187016557967155, 0.0 ], [ 110.125967234705129, 25.186945275142559, 0.0 ], [ 110.126182128794241, 25.186879581812899, 0.0 ], [ 110.126412700849428, 25.186875257243933, 0.0 ], [ 110.126642725545466, 25.186867418979542, 0.0 ], [ 110.126865980350814, 25.186916527200552, 0.0 ], [ 110.127075544225619, 25.186851966660274, 0.0 ], [ 110.12724758056352, 25.186712546389963, 0.0 ], [ 110.127458043485916, 25.186632392575589, 0.0 ], [ 110.127655579569989, 25.186625728485854, 0.0 ], [ 110.127854467774114, 25.186532535783389, 0.0 ], [ 110.12796260917662, 25.186347154178321, 0.0 ], [ 110.12808765829007, 25.186172724593074, 0.0 ], [ 110.128225360925441, 25.186006154413459, 0.0 ], [ 110.12819694276493, 25.185805239792824, 0.0 ], [ 110.12808049224158, 25.185625191752539, 0.0 ], [ 110.127983675931205, 25.185434895085017, 0.0 ], [ 110.127905167568315, 25.185238061383949, 0.0 ], [ 110.127741756455023, 25.185103569590986, 0.0 ], [ 110.127542039990729, 25.185018480477169, 0.0 ], [ 110.127359420856635, 25.184898193172121, 0.0 ], [ 110.127202385873233, 25.184744465005927, 0.0 ], [ 110.127051817341084, 25.18458569411046, 0.0 ], [ 110.127036024066555, 25.184385291307574, 0.0 ], [ 110.127068734784118, 25.184178918536887, 0.0 ], [ 110.126950626199999, 25.184002511246707, 0.0 ], [ 110.126778020489567, 25.18386591431922, 0.0 ], [ 110.126590029256349, 25.183744372720636, 0.0 ], [ 110.126524304598959, 25.183563109390832, 0.0 ], [ 110.126645677988236, 25.183387433519833, 0.0 ], [ 110.126788971830734, 25.183224144067335, 0.0 ], [ 110.126874574389689, 25.183059968276236, 0.0 ], [ 110.126779446603081, 25.182878557529872, 0.0 ], [ 110.126697463736704, 25.182683485006446, 0.0 ], [ 110.126574809426046, 25.182511615520045, 0.0 ], [ 110.126422068991985, 25.182354347924129, 0.0 ], [ 110.126035317809425, 25.182616520155776, 0.0 ], [ 110.125122817444534, 25.183396092061951, 0.0 ], [ 110.124215672825173, 25.184181151565717, 0.0 ], [ 110.123308516689448, 25.184966205201643, 0.0 ], [ 110.122401349044623, 25.185751252976715, 0.0 ], [ 110.121494169523558, 25.186536294539518, 0.0 ], [ 110.12058697914874, 25.18732133086802, 0.0 ], [ 110.119679776920762, 25.188106361005907, 0.0 ], [ 110.118777029074636, 25.188895522325218, 0.0 ], [ 110.117936100158417, 25.189305521045195, 0.0 ], [ 110.116992055239365, 25.188588185932158, 0.0 ], [ 110.116125202779855, 25.188275920051261, 0.0 ], [ 110.115650614901696, 25.189330055266286, 0.0 ], [ 110.115179285296676, 25.19038538266534, 0.0 ], [ 110.114808042817657, 25.191472517677479, 0.0 ], [ 110.114584826106594, 25.192592669911313, 0.0 ], [ 110.114516193899533, 25.193729369091145, 0.0 ], [ 110.114599796783267, 25.194865239209772, 0.0 ], [ 110.11483780298714, 25.195982869330152, 0.0 ], [ 110.115223366093815, 25.197065875309061, 0.0 ], [ 110.115744271406953, 25.198101329124956, 0.0 ], [ 110.116294994451579, 25.19912436817933, 0.0 ], [ 110.116845726488279, 25.200147405292618, 0.0 ], [ 110.117396467518049, 25.201170440464541, 0.0 ], [ 110.117947217541357, 25.202193473694802, 0.0 ], [ 110.118497976558984, 25.203216504983107, 0.0 ], [ 110.1190487445716, 25.204239534329179, 0.0 ], [ 110.119208253257469, 25.204535811789953, 0.0 ], [ 110.118474669608958, 25.204892814611668, 0.0 ], [ 110.11731377965269, 25.205174555854953, 0.0 ], [ 110.117370500622684, 25.206210549650514, 0.0 ], [ 110.116718318690189, 25.206477969278918, 0.0 ], [ 110.116122290000675, 25.205742432121244, 0.0 ], [ 110.115511182696281, 25.2048122757339, 0.0 ], [ 110.114902609890692, 25.204212560954492, 0.0 ], [ 110.113924642222557, 25.204554713522484, 0.0 ], [ 110.114132769338681, 25.20567802006364, 0.0 ], [ 110.114345434076043, 25.206800610983009, 0.0 ], [ 110.114564436724123, 25.207922202507092, 0.0 ], [ 110.114638234730549, 25.209057809612816, 0.0 ], [ 110.115204684181634, 25.209802107707844, 0.0 ], [ 110.116433463474721, 25.210021253314611, 0.0 ], [ 110.11668502694404, 25.210455207087222, 0.0 ], [ 110.116526703873035, 25.210840764441102, 0.0 ], [ 110.117686933806382, 25.210852034601853, 0.0 ], [ 110.117997723637401, 25.210254688959704, 0.0 ], [ 110.118935662532792, 25.209503068277566, 0.0 ], [ 110.11849468282432, 25.20860390003892, 0.0 ], [ 110.117707322455942, 25.207718137041635, 0.0 ], [ 110.117202690491581, 25.206704636947244, 0.0 ], [ 110.11808321125784, 25.206468386588359, 0.0 ], [ 110.119098198927304, 25.206032306248019, 0.0 ], [ 110.119977218379333, 25.205964095841288, 0.0 ], [ 110.120526450412072, 25.206987807417761, 0.0 ], [ 110.120951947767026, 25.208057024793465, 0.0 ], [ 110.121125011133529, 25.209183012606228, 0.0 ], [ 110.121070749373004, 25.210320396225107, 0.0 ], [ 110.120724351272116, 25.211150909048037, 0.0 ], [ 110.120923641076487, 25.212111610257288, 0.0 ], [ 110.120832607893789, 25.213247742557254, 0.0 ], [ 110.120806318807951, 25.214386438173623, 0.0 ], [ 110.120805240889752, 25.215525591613694, 0.0 ], [ 110.12079623477193, 25.216664663935283, 0.0 ], [ 110.120634358968402, 25.217792195191272, 0.0 ], [ 110.120208801719627, 25.218861084392316, 0.0 ], [ 110.119555348861297, 25.219831364085746, 0.0 ], [ 110.11883337443092, 25.220762137834704, 0.0 ], [ 110.11813892918272, 25.221709522416315, 0.0 ], [ 110.11762584233702, 25.222746536452483, 0.0 ], [ 110.117352964066086, 25.223856301448048, 0.0 ], [ 110.117329756776115, 25.224993214434406, 0.0 ], [ 110.117548694507505, 25.226113306817268, 0.0 ], [ 110.117865885358214, 25.227215312164187, 0.0 ], [ 110.118184019150931, 25.228317095303662, 0.0 ], [ 110.11850215837616, 25.229418877750778, 0.0 ], [ 110.118820303034425, 25.230520659505466, 0.0 ], [ 110.119138453126169, 25.231622440567595, 0.0 ], [ 110.119456608651859, 25.232724220937065, 0.0 ], [ 110.119774769611936, 25.23382600061376, 0.0 ], [ 110.120115147472873, 25.234922216409466, 0.0 ], [ 110.120534123621141, 25.235995210171762, 0.0 ], [ 110.121085193350837, 25.237017303778575, 0.0 ], [ 110.121768367617406, 25.237971187985313, 0.0 ], [ 110.122559434101134, 25.238821088445594, 0.0 ], [ 110.123476268946916, 25.239596166177044, 0.0 ], [ 110.124470967071133, 25.240288057440026, 0.0 ], [ 110.12549125425609, 25.240948770603779, 0.0 ], [ 110.126508088359344, 25.241613777181879, 0.0 ], [ 110.127372839959918, 25.242431057705922, 0.0 ], [ 110.12789441034829, 25.24346077871698, 0.0 ], [ 110.128030239133111, 25.244589594832327, 0.0 ], [ 110.128062938589736, 25.245728288147319, 0.0 ], [ 110.128085451597059, 25.246867255030903, 0.0 ], [ 110.128107964599138, 25.248006221750032, 0.0 ], [ 110.128134423063685, 25.249145097893987, 0.0 ], [ 110.128269380714599, 25.250276873708074, 0.0 ], [ 110.128554468599091, 25.25138536293397, 0.0 ], [ 110.128988612544759, 25.252453107205167, 0.0 ], [ 110.129562406637078, 25.253464867032115, 0.0 ], [ 110.129917422350644, 25.254411813317137, 0.0 ], [ 110.128927261212354, 25.254951557991038, 0.0 ], [ 110.128173182618738, 25.255854584611811, 0.0 ], [ 110.127369883004945, 25.256668887, 0.0 ], [ 110.126530813364695, 25.257512991350563, 0.0 ], [ 110.125648224050025, 25.258320624561321, 0.0 ], [ 110.124817614676644, 25.259038259028074, 0.0 ], [ 110.123950708848412, 25.259860561300513, 0.0 ], [ 110.123051961273873, 25.260651096133873, 0.0 ], [ 110.122103492241735, 25.260798645321227, 0.0 ], [ 110.122120055396309, 25.25968108833327, 0.0 ], [ 110.12240061420826, 25.258727980889322, 0.0 ], [ 110.12225116987328, 25.257908941835826, 0.0 ], [ 110.122334660285674, 25.256772327102649, 0.0 ], [ 110.12241823551912, 25.255635717413313, 0.0 ], [ 110.122502916951603, 25.254499175257898, 0.0 ], [ 110.122630955038545, 25.253366116231572, 0.0 ], [ 110.122221347681034, 25.252676802830013, 0.0 ], [ 110.120968757913204, 25.252671081377677, 0.0 ], [ 110.11972104383554, 25.252616259779046, 0.0 ], [ 110.118468464226453, 25.252608787674244, 0.0 ], [ 110.117215885117361, 25.252601304947586, 0.0 ], [ 110.115963306508917, 25.252593811599077, 0.0 ], [ 110.114710728401818, 25.252586307628729, 0.0 ], [ 110.113461548717126, 25.252621689216635, 0.0 ], [ 110.112815293542454, 25.253082797558239, 0.0 ], [ 110.113234785627924, 25.254156164901246, 0.0 ], [ 110.113654284818011, 25.255229531098333, 0.0 ], [ 110.114073791113427, 25.256302896149304, 0.0 ], [ 110.11449330451461, 25.257376260053977, 0.0 ], [ 110.11491282502233, 25.25844962281219, 0.0 ], [ 110.115254680025217, 25.259544247012883, 0.0 ], [ 110.11557420727857, 25.260564446214669, 0.0 ], [ 110.116058924736819, 25.261613970540985, 0.0 ], [ 110.116623600328779, 25.262630814173278, 0.0 ], [ 110.117189066040382, 25.263647302783021, 0.0 ], [ 110.117815571346867, 25.264630674664776, 0.0 ], [ 110.117844339370265, 25.265477736565366, 0.0 ], [ 110.118536288343606, 25.265416624871161, 0.0 ], [ 110.119425825079844, 25.264633828800324, 0.0 ], [ 110.120300495768149, 25.26381861572365, 0.0 ], [ 110.121153687680831, 25.263009388671748, 0.0 ], [ 110.122008946214279, 25.262177053560418, 0.0 ], [ 110.122863331602133, 25.261343972354883, 0.0 ], [ 110.123717704916402, 25.260510885469863, 0.0 ], [ 110.12457206651149, 25.259677793206034, 0.0 ], [ 110.125428563123691, 25.258846559809406, 0.0 ], [ 110.126293000224521, 25.25802247172998, 0.0 ], [ 110.127160876823638, 25.257209721889591, 0.0 ], [ 110.128013809561253, 25.256409923689265, 0.0 ], [ 110.128934508838455, 25.255710961407328, 0.0 ], [ 110.129652187800986, 25.254875968698922, 0.0 ], [ 110.130599841455165, 25.254778182541589, 0.0 ], [ 110.131390416889488, 25.255661796093104, 0.0 ], [ 110.132181003696928, 25.256545405610787, 0.0 ], [ 110.132971601878154, 25.257429011094118, 0.0 ], [ 110.133762210579178, 25.258312613174926, 0.0 ], [ 110.134552832011678, 25.259196210216743, 0.0 ], [ 110.135224354174483, 25.260067928764336, 0.0 ], [ 110.136002649169015, 25.260959918851121, 0.0 ], [ 110.136831877800219, 25.261811050419727, 0.0 ], [ 110.137638883503101, 25.262645019356917, 0.0 ], [ 110.138429560149376, 25.263528597026465, 0.0 ], [ 110.139220247956104, 25.264412170819103, 0.0 ], [ 110.140010947386315, 25.265295740392389, 0.0 ], [ 110.14080165819648, 25.266179305926279, 0.0 ], [ 110.141592380397313, 25.267062867412861, 0.0 ], [ 110.142383113986355, 25.267946424853942, 0.0 ], [ 110.143173858957354, 25.268829978254104, 0.0 ], [ 110.143973991816338, 25.269706481280735, 0.0 ], [ 110.144798922056637, 25.270563760440009, 0.0 ], [ 110.145649719808091, 25.271399883592132, 0.0 ], [ 110.146525447223226, 25.272214446465981, 0.0 ], [ 110.147425158952458, 25.273007101541094, 0.0 ], [ 110.148348196587278, 25.273777267642664, 0.0 ], [ 110.14929388339263, 25.274524381244131, 0.0 ], [ 110.150261526898262, 25.275247894908325, 0.0 ], [ 110.151250861716889, 25.275946746415055, 0.0 ], [ 110.152260967450829, 25.276620585162355, 0.0 ], [ 110.15329002614736, 25.277270307306285, 0.0 ], [ 110.154326127377502, 25.277910773363121, 0.0 ], [ 110.155365800337876, 25.278546405506894, 0.0 ], [ 110.156442973022195, 25.279127349274596, 0.0 ], [ 110.157591920744849, 25.279578882601434, 0.0 ], [ 110.158794818771369, 25.279896024727609, 0.0 ], [ 110.160003976149341, 25.280183669027497, 0.0 ], [ 110.160991492906419, 25.28067235709382, 0.0 ], [ 110.162108121741966, 25.281189023925418, 0.0 ], [ 110.163157509920978, 25.281789681746083, 0.0 ], [ 110.163950294140577, 25.282670013465662, 0.0 ], [ 110.164848936006067, 25.283461717445558, 0.0 ], [ 110.165895507924361, 25.28408415390146, 0.0 ], [ 110.166981865438046, 25.284649450282185, 0.0 ], [ 110.166963283402637, 25.284639672042143, 0.0 ], [ 110.168056877034019, 25.285194925903618, 0.0 ], [ 110.169189130334871, 25.285681952187865, 0.0 ], [ 110.170344056137893, 25.28611945147626, 0.0 ], [ 110.17152589002211, 25.286437979793728, 0.0 ], [ 110.172682628224308, 25.286721284174096, 0.0 ], [ 110.172870672915906, 25.286909406095898, 0.0 ], [ 110.173496936321698, 25.287024803902664, 0.0 ], [ 110.173964612059024, 25.287185956459563, 0.0 ], [ 110.175061917903705, 25.287318987123967, 0.0 ], [ 110.17611656927366, 25.287932836637804, 0.0 ], [ 110.176633262889169, 25.28820497654819, 0.0 ], [ 110.176601213920208, 25.288304006856912, 0.0 ], [ 110.175764773738294, 25.288366176775401, 0.0 ], [ 110.175610338440023, 25.288898545785234, 0.0 ], [ 110.176826885171039, 25.289170108487721, 0.0 ], [ 110.177779638055512, 25.289121930466681, 0.0 ], [ 110.178607053149562, 25.288918580947552, 0.0 ], [ 110.17960767067747, 25.289329010194212, 0.0 ], [ 110.178752477214758, 25.289854384947606, 0.0 ], [ 110.177630247377706, 25.289884377353932, 0.0 ], [ 110.176457609555683, 25.289985796694072, 0.0 ], [ 110.17562898647148, 25.289750465268309, 0.0 ], [ 110.17455272435771, 25.289209905578982, 0.0 ], [ 110.173443647120664, 25.288679892792917, 0.0 ], [ 110.172709702124592, 25.288023026507506, 0.0 ], [ 110.171883769909996, 25.287831615153731, 0.0 ], [ 110.170789750052066, 25.287276670339047, 0.0 ], [ 110.169798201689943, 25.286716333621669, 0.0 ], [ 110.168702421547209, 25.286257330228121, 0.0 ], [ 110.167608923910251, 25.285701191340973, 0.0 ], [ 110.166515241925367, 25.285145360776554, 0.0 ], [ 110.165364613407519, 25.284699490524801, 0.0 ], [ 110.164164356243859, 25.284374640159459, 0.0 ], [ 110.162920251749256, 25.284386715545317, 0.0 ], [ 110.161783290249147, 25.2848462233387, 0.0 ], [ 110.160930614609541, 25.285672012912997, 0.0 ], [ 110.160250373634057, 25.286627163022239, 0.0 ], [ 110.159726306282423, 25.287661710029493, 0.0 ], [ 110.159209417393029, 25.288699415558604, 0.0 ], [ 110.158692519486465, 25.289737118906118, 0.0 ], [ 110.158175612562232, 25.290774820071775, 0.0 ], [ 110.15765869661945, 25.291812519055327, 0.0 ], [ 110.15714177165755, 25.292850215856504, 0.0 ], [ 110.156624837675921, 25.29388791047506, 0.0 ], [ 110.155848734179301, 25.294132129745723, 0.0 ], [ 110.155968538970058, 25.294984493136422, 0.0 ], [ 110.156639249202797, 25.295762502928419, 0.0 ], [ 110.157447387910267, 25.296276088507927, 0.0 ], [ 110.15849043361213, 25.296890629385178, 0.0 ], [ 110.159445358057155, 25.297408964068332, 0.0 ], [ 110.159970201404505, 25.297651902637874, 0.0 ], [ 110.159679044322644, 25.298541286907806, 0.0 ], [ 110.158519896507116, 25.298971646180828, 0.0 ], [ 110.158329264393387, 25.299806913322101, 0.0 ], [ 110.158949759466509, 25.300308716942549, 0.0 ], [ 110.15828657350589, 25.301260795657864, 0.0 ], [ 110.157906659684585, 25.302333620465941, 0.0 ], [ 110.158092333592862, 25.303416617373021, 0.0 ], [ 110.158069135392225, 25.304551586255606, 0.0 ], [ 110.15812586877459, 25.305573527512998, 0.0 ], [ 110.158991568136472, 25.306394742271646, 0.0 ], [ 110.159877830441417, 25.307199573698121, 0.0 ], [ 110.160757390636576, 25.308010604615873, 0.0 ], [ 110.161620709666494, 25.308836298357676, 0.0 ], [ 110.162631921561214, 25.308554431447089, 0.0 ], [ 110.163527722744277, 25.307998742432833, 0.0 ], [ 110.164259137879725, 25.307230332147707, 0.0 ], [ 110.163995277033393, 25.3064591366313, 0.0 ], [ 110.164223986065437, 25.30544156759386, 0.0 ], [ 110.163270156326504, 25.304936590834874, 0.0 ], [ 110.162273838819686, 25.304432657085265, 0.0 ], [ 110.161869773168689, 25.303635219533998, 0.0 ], [ 110.161955548683281, 25.30278483450266, 0.0 ], [ 110.162464470355715, 25.301743924300219, 0.0 ], [ 110.163231940330675, 25.30091250246533, 0.0 ], [ 110.164102237244407, 25.300284455828304, 0.0 ], [ 110.16471037808688, 25.299500945149308, 0.0 ], [ 110.165960702512265, 25.299425389874294, 0.0 ], [ 110.166085142068269, 25.298438582183142, 0.0 ] ], [ [ 110.171132817234735, 25.275390882863569, 0.0 ], [ 110.171295389614528, 25.275390977950156, 0.0 ], [ 110.171329050394178, 25.275477335151411, 0.0 ], [ 110.171362651237857, 25.275603246089318, 0.0 ], [ 110.171496829670303, 25.275609861929489, 0.0 ], [ 110.171647866668607, 25.275555159911853, 0.0 ], [ 110.171737571744501, 25.275471136292278, 0.0 ], [ 110.171796123661011, 25.275397140793142, 0.0 ], [ 110.171957506184128, 25.275406870194775, 0.0 ], [ 110.172113062699466, 25.275449843441269, 0.0 ], [ 110.172268619328975, 25.275492816526299, 0.0 ], [ 110.172419570764873, 25.275547373523004, 0.0 ], [ 110.172577299770126, 25.275569946426344, 0.0 ], [ 110.172606435312701, 25.275447787631755, 0.0 ], [ 110.172609836113551, 25.275299996200388, 0.0 ], [ 110.172545517334711, 25.275215057832696, 0.0 ], [ 110.17238868215631, 25.275191059965927, 0.0 ], [ 110.172238375684515, 25.275134720055274, 0.0 ], [ 110.172088184302837, 25.275078177858873, 0.0 ], [ 110.171973498113402, 25.275107893993461, 0.0 ], [ 110.171936820628702, 25.275122611555005, 0.0 ], [ 110.171938586824439, 25.274974796516528, 0.0 ], [ 110.172004660021699, 25.274935931448759, 0.0 ], [ 110.172153331614055, 25.274885650619506, 0.0 ], [ 110.17226991077014, 25.27478416252719, 0.0 ], [ 110.172400813371027, 25.27469650837342, 0.0 ], [ 110.172468102651393, 25.274573806659301, 0.0 ], [ 110.172443791776047, 25.274427875775945, 0.0 ], [ 110.172344952670628, 25.274320575151403, 0.0 ], [ 110.17226128663377, 25.274206421927953, 0.0 ], [ 110.172264124849207, 25.274059018229764, 0.0 ], [ 110.172336933429207, 25.273928784394368, 0.0 ], [ 110.172446090853541, 25.273819440454872, 0.0 ], [ 110.172564774912715, 25.27371927102709, 0.0 ], [ 110.172714469111867, 25.273680018933277, 0.0 ], [ 110.172871683430913, 25.273663413979516, 0.0 ], [ 110.172941883735263, 25.273537452714216, 0.0 ], [ 110.17302583843977, 25.273427443124771, 0.0 ], [ 110.17318299420657, 25.27345294097028, 0.0 ], [ 110.173209442069663, 25.273542752047799, 0.0 ], [ 110.173108650606878, 25.273640072012398, 0.0 ], [ 110.173034098833867, 25.273731345266913, 0.0 ], [ 110.173121833501298, 25.273821253819332, 0.0 ], [ 110.173100345668402, 25.273957473445893, 0.0 ], [ 110.172962737054746, 25.274035618113682, 0.0 ], [ 110.172841511080961, 25.274134117579877, 0.0 ], [ 110.172743788629475, 25.274251129165552, 0.0 ], [ 110.172763054097132, 25.274376716568661, 0.0 ], [ 110.172822637983032, 25.274495927350721, 0.0 ], [ 110.172855412075364, 25.274643107546343, 0.0 ], [ 110.172984280205128, 25.274723838801194, 0.0 ], [ 110.173062086163981, 25.274852241924624, 0.0 ], [ 110.173132992790286, 25.274902572342896, 0.0 ], [ 110.173157411748448, 25.275048719196537, 0.0 ], [ 110.173181830759958, 25.275194866044743, 0.0 ], [ 110.173260537725369, 25.275274403182149, 0.0 ], [ 110.173421420390667, 25.27525311293094, 0.0 ], [ 110.173582303005034, 25.275231822502832, 0.0 ], [ 110.173743185568497, 25.275210531897859, 0.0 ], [ 110.173904068081143, 25.275189241115982, 0.0 ], [ 110.174064950542785, 25.275167950157222, 0.0 ], [ 110.17422583295351, 25.275146659021583, 0.0 ], [ 110.174386715313389, 25.275125367709048, 0.0 ], [ 110.174431305331339, 25.275248609803928, 0.0 ], [ 110.174457694072828, 25.27539447335522, 0.0 ], [ 110.174561404410909, 25.275503333566849, 0.0 ], [ 110.17460327209659, 25.275638042570943, 0.0 ], [ 110.174615544694547, 25.275785444625086, 0.0 ], [ 110.174495285723339, 25.275821062965385, 0.0 ], [ 110.174332707285501, 25.275820986806657, 0.0 ], [ 110.174170128853248, 25.275820910468809, 0.0 ], [ 110.174007550426737, 25.27582083395184, 0.0 ], [ 110.173844972005881, 25.275820757182789, 0.0 ], [ 110.173682393590823, 25.275820680096235, 0.0 ], [ 110.17351981518145, 25.275820602863636, 0.0 ], [ 110.173357236777662, 25.275820525451905, 0.0 ], [ 110.173336948417244, 25.275950692400556, 0.0 ], [ 110.173286343914043, 25.276057564828257, 0.0 ], [ 110.173124620156386, 25.276072705157329, 0.0 ], [ 110.173063929367444, 25.276159395215878, 0.0 ], [ 110.173087380415225, 25.276305673069384, 0.0 ], [ 110.173003920394535, 25.276369937960904, 0.0 ], [ 110.172841389699755, 25.276373546527424, 0.0 ], [ 110.172678859000911, 25.27637715491467, 0.0 ], [ 110.172516328297931, 25.276380763122656, 0.0 ], [ 110.172353797590716, 25.276384371151362, 0.0 ], [ 110.172294195155175, 25.276480506282233, 0.0 ], [ 110.172292077769981, 25.276628317487905, 0.0 ], [ 110.172144548022828, 25.276609685156043, 0.0 ], [ 110.171982743242779, 25.276602687128044, 0.0 ], [ 110.17182525818987, 25.276634237452225, 0.0 ], [ 110.171696806237279, 25.276723753190296, 0.0 ], [ 110.171565853617125, 25.276810649746956, 0.0 ], [ 110.171428884314324, 25.276888517013983, 0.0 ], [ 110.171328279132752, 25.277004639167547, 0.0 ], [ 110.171265043868445, 25.276868455205673, 0.0 ], [ 110.171201808741472, 25.276732271217771, 0.0 ], [ 110.171138573751961, 25.27659608720387, 0.0 ], [ 110.17107533889974, 25.27645990316395, 0.0 ], [ 110.171012104184854, 25.276323719098023, 0.0 ], [ 110.170900262400053, 25.276222360017709, 0.0 ], [ 110.170763027409308, 25.276144735803005, 0.0 ], [ 110.170613770750393, 25.276086131585856, 0.0 ], [ 110.170494854552544, 25.276002634617029, 0.0 ], [ 110.170465655325941, 25.275857605160262, 0.0 ], [ 110.170443105887728, 25.275711210235336, 0.0 ], [ 110.170471441051291, 25.275566449151139, 0.0 ], [ 110.170507123707438, 25.27542222984049, 0.0 ], [ 110.170645095589933, 25.275393765020503, 0.0 ], [ 110.170807671921409, 25.275393144167388, 0.0 ], [ 110.170970245950031, 25.275392203602063, 0.0 ], [ 110.171132817234735, 25.275390882863569, 0.0 ] ], [ [ 110.179356828913896, 25.275186161337547, 0.0 ], [ 110.179340531429332, 25.274955566691816, 0.0 ], [ 110.179324233993214, 25.274724972038676, 0.0 ], [ 110.179307936605682, 25.274494377378172, 0.0 ], [ 110.179291639266452, 25.274263782710268, 0.0 ], [ 110.179275341975739, 25.274033188034988, 0.0 ], [ 110.179259044733385, 25.273802593352322, 0.0 ], [ 110.179252412165454, 25.273703460916582, 0.0 ], [ 110.179238723613324, 25.273508196504999, 0.0 ], [ 110.179344268827791, 25.273321197385293, 0.0 ], [ 110.179565230356928, 25.273209870845506, 0.0 ], [ 110.179796412713927, 25.273146090133963, 0.0 ], [ 110.180050447399864, 25.273145296758802, 0.0 ], [ 110.180304349396167, 25.27315424869429, 0.0 ], [ 110.180558293793524, 25.273162162541279, 0.0 ], [ 110.180812346100069, 25.273167743952133, 0.0 ], [ 110.181066413029356, 25.273172640770294, 0.0 ], [ 110.181320523958419, 25.273173517934154, 0.0 ], [ 110.181527257767286, 25.273265763346572, 0.0 ], [ 110.181575186139213, 25.273484763558148, 0.0 ], [ 110.181591512827822, 25.273715356636128, 0.0 ], [ 110.181607839536753, 25.273945949708359, 0.0 ], [ 110.181542194652707, 25.274165070545461, 0.0 ], [ 110.181637496668174, 25.274364755710426, 0.0 ], [ 110.181653833100768, 25.274595348200481, 0.0 ], [ 110.181670169582006, 25.274825940683151, 0.0 ], [ 110.181686506111788, 25.27505653315842, 0.0 ], [ 110.181702842690342, 25.275287125626296, 0.0 ], [ 110.181479472509423, 25.275396173721113, 0.0 ], [ 110.181239805836398, 25.275473023181025, 0.0 ], [ 110.181000138869905, 25.275549872238859, 0.0 ], [ 110.180760471611777, 25.275626720899055, 0.0 ], [ 110.180520804066958, 25.27570356917396, 0.0 ], [ 110.180281136317618, 25.27578041727628, 0.0 ], [ 110.180041468276698, 25.275857264980953, 0.0 ], [ 110.179801799944158, 25.275934112287985, 0.0 ], [ 110.17956209550546, 25.27600890692095, 0.0 ], [ 110.179405721870566, 25.275877945218042, 0.0 ], [ 110.17938942416275, 25.275647350599012, 0.0 ], [ 110.179373126482574, 25.275416755973822, 0.0 ], [ 110.179356828913896, 25.275186161337547, 0.0 ] ], [ [ 110.17444932314784, 25.273934297453629, 0.0 ], [ 110.174413535799985, 25.273991256004621, 0.0 ], [ 110.174277563598778, 25.273853463109674, 0.0 ], [ 110.174116292865094, 25.273799143273632, 0.0 ], [ 110.173938396552458, 25.273908417050574, 0.0 ], [ 110.173894299211952, 25.274030135212268, 0.0 ], [ 110.173928364620281, 25.274190524175729, 0.0 ], [ 110.173735215259711, 25.274275372062991, 0.0 ], [ 110.17365852603703, 25.2741496191456, 0.0 ], [ 110.173616802214539, 25.273964325016522, 0.0 ], [ 110.173418601529008, 25.274039414843909, 0.0 ], [ 110.173467991749263, 25.274209992953036, 0.0 ], [ 110.173462833433362, 25.274356389646343, 0.0 ], [ 110.173253657981931, 25.274400462379383, 0.0 ], [ 110.173046693650093, 25.274414601676149, 0.0 ], [ 110.172923751288735, 25.27425470385829, 0.0 ], [ 110.173089429550359, 25.274130516375557, 0.0 ], [ 110.173227453613862, 25.273994375316764, 0.0 ], [ 110.173272961752019, 25.273809887260697, 0.0 ], [ 110.173378972820018, 25.273640108357363, 0.0 ], [ 110.173401790150294, 25.273487921405412, 0.0 ], [ 110.173403113419027, 25.273292691239984, 0.0 ], [ 110.173568330528596, 25.273247002372973, 0.0 ], [ 110.173783045778634, 25.27324647677694, 0.0 ], [ 110.173997761036887, 25.273245951023092, 0.0 ], [ 110.174195924337084, 25.273260730914501, 0.0 ], [ 110.174380014133689, 25.273361220048443, 0.0 ], [ 110.174411472815734, 25.273545372284406, 0.0 ], [ 110.174429760509284, 25.273739893107983, 0.0 ], [ 110.17444932314784, 25.273934297453629, 0.0 ] ], [ [ 110.171782182790849, 25.272919631509808, 0.0 ], [ 110.171704597761817, 25.272859751101432, 0.0 ], [ 110.171555980158175, 25.272862820147321, 0.0 ], [ 110.171407362551633, 25.272865889043345, 0.0 ], [ 110.171301487393876, 25.272829438110151, 0.0 ], [ 110.171302377005517, 25.272694272390186, 0.0 ], [ 110.171303266610536, 25.272559106667725, 0.0 ], [ 110.17130415620899, 25.272423940942758, 0.0 ], [ 110.171305045800963, 25.27228877521528, 0.0 ], [ 110.171305935496648, 25.272153609485908, 0.0 ], [ 110.171306828079125, 25.272018443769802, 0.0 ], [ 110.171307720655093, 25.271883278051181, 0.0 ], [ 110.171308613224369, 25.271748112330062, 0.0 ], [ 110.17135641895733, 25.271659564093351, 0.0 ], [ 110.171504565854136, 25.271670724397477, 0.0 ], [ 110.171652712841947, 25.271681883903497, 0.0 ], [ 110.171800859841241, 25.271693043480905, 0.0 ], [ 110.171852268197981, 25.27160388631658, 0.0 ], [ 110.17190099282044, 25.271508901779175, 0.0 ], [ 110.17189903824449, 25.271373745282723, 0.0 ], [ 110.171890648053292, 25.271244517267231, 0.0 ], [ 110.171878158534554, 25.27112655601972, 0.0 ], [ 110.17186444660976, 25.271056178462864, 0.0 ], [ 110.171715809893854, 25.271054133361787, 0.0 ], [ 110.171661066908783, 25.270967984091698, 0.0 ], [ 110.171661048599717, 25.270832815908573, 0.0 ], [ 110.171661030286188, 25.270697647722994, 0.0 ], [ 110.171661011968112, 25.27056247953497, 0.0 ], [ 110.171660993645489, 25.270427311344498, 0.0 ], [ 110.171660975318261, 25.270292143151572, 0.0 ], [ 110.171660956986543, 25.270156974956208, 0.0 ], [ 110.171660938650291, 25.270021806758386, 0.0 ], [ 110.171660918252314, 25.269886638558461, 0.0 ], [ 110.171660882925735, 25.269751470358539, 0.0 ], [ 110.171664477540276, 25.269619725368699, 0.0 ], [ 110.171664129216808, 25.269484557531115, 0.0 ], [ 110.171663781181678, 25.269349389690468, 0.0 ], [ 110.171663433254494, 25.26921422184715, 0.0 ], [ 110.171663725218622, 25.269079054082582, 0.0 ], [ 110.171664114200965, 25.268943886326895, 0.0 ], [ 110.171664502581095, 25.268808718567332, 0.0 ], [ 110.171712659117816, 25.268773847903439, 0.0 ], [ 110.171817734999337, 25.268869440313498, 0.0 ], [ 110.171922222110723, 25.268965583734222, 0.0 ], [ 110.172026709421147, 25.269061727053014, 0.0 ], [ 110.172126640149557, 25.269015180993069, 0.0 ], [ 110.172224815968121, 25.26891368652662, 0.0 ], [ 110.172140480206707, 25.26882315192217, 0.0 ], [ 110.172028478641138, 25.268734278618989, 0.0 ], [ 110.171916179589388, 25.268645748980838, 0.0 ], [ 110.171794890847536, 25.268567601545904, 0.0 ], [ 110.171673602262402, 25.268489454014411, 0.0 ], [ 110.17166723803588, 25.268357685773179, 0.0 ], [ 110.171666704196852, 25.268222527604937, 0.0 ], [ 110.171664098792462, 25.268087380134261, 0.0 ], [ 110.171659976936894, 25.267966445312997, 0.0 ], [ 110.171727879531261, 25.268061245684894, 0.0 ], [ 110.171864061465314, 25.268115433971882, 0.0 ], [ 110.17198643061387, 25.268191692831362, 0.0 ], [ 110.172105749285606, 25.268272269417892, 0.0 ], [ 110.172223214026872, 25.268355105750597, 0.0 ], [ 110.172340678928748, 25.268437941992939, 0.0 ], [ 110.172458142599979, 25.268520779776175, 0.0 ], [ 110.172581265962918, 25.268596375384142, 0.0 ], [ 110.172705937943505, 25.268669989197271, 0.0 ], [ 110.172830610076304, 25.268743602908167, 0.0 ], [ 110.172781554083841, 25.268715122718174, 0.0 ], [ 110.172905573976536, 25.268789052459624, 0.0 ], [ 110.173030246476443, 25.268862665836053, 0.0 ], [ 110.17315491909028, 25.268936279163846, 0.0 ], [ 110.173279591792152, 25.269009892479421, 0.0 ], [ 110.173406599284633, 25.269078334410391, 0.0 ], [ 110.17352487986652, 25.269044826675017, 0.0 ], [ 110.173641819747303, 25.268963862204739, 0.0 ], [ 110.173723539785939, 25.268851222179055, 0.0 ], [ 110.173811544120724, 25.268744194573671, 0.0 ], [ 110.173941272741388, 25.268680059929022, 0.0 ], [ 110.173969042610153, 25.268562186196242, 0.0 ], [ 110.1740798771973, 25.268539529701414, 0.0 ], [ 110.174100879573487, 25.268663740633233, 0.0 ], [ 110.174109541230905, 25.268798679267746, 0.0 ], [ 110.174002445268883, 25.268891904992532, 0.0 ], [ 110.173869678365136, 25.26894274789943, 0.0 ], [ 110.173754480506446, 25.269026254135628, 0.0 ], [ 110.17366267297578, 25.269132562640152, 0.0 ], [ 110.173720462748804, 25.26922047040939, 0.0 ], [ 110.173837976797259, 25.269192633094576, 0.0 ], [ 110.173966791310391, 25.26913745993679, 0.0 ], [ 110.174121778855621, 25.269320709138839, 0.0 ], [ 110.174150229356869, 25.269443126940807, 0.0 ], [ 110.174157147461429, 25.269577936140507, 0.0 ], [ 110.174152340400369, 25.269694072000213, 0.0 ], [ 110.174006249051203, 25.269693046774055, 0.0 ], [ 110.173857743586495, 25.269687043786384, 0.0 ], [ 110.173709238140873, 25.26968104064964, 0.0 ], [ 110.173560627653245, 25.269681843332155, 0.0 ], [ 110.173433549393579, 25.269707877308619, 0.0 ], [ 110.173451551924458, 25.269841399557155, 0.0 ], [ 110.173591686471198, 25.269851579131373, 0.0 ], [ 110.173704871225198, 25.269810299198866, 0.0 ], [ 110.173853522530095, 25.269810787949673, 0.0 ], [ 110.174001734486595, 25.269801003383215, 0.0 ], [ 110.174077516513407, 25.26987063070743, 0.0 ], [ 110.174087028502782, 25.270005521971189, 0.0 ], [ 110.174096540508586, 25.270140413232419, 0.0 ], [ 110.174106052533617, 25.270275304490976, 0.0 ], [ 110.174021353102091, 25.270334855869098, 0.0 ], [ 110.173914248843943, 25.270376490529486, 0.0 ], [ 110.17392376017861, 25.270511381819993, 0.0 ], [ 110.173933271529691, 25.270646273107978, 0.0 ], [ 110.173942782897427, 25.27078116439343, 0.0 ], [ 110.173952294281492, 25.27091605567637, 0.0 ], [ 110.173961805682055, 25.271050946956787, 0.0 ], [ 110.174098901327895, 25.271053929830213, 0.0 ], [ 110.174181719332623, 25.271348273487376, 0.0 ], [ 110.174191212422869, 25.271483165834802, 0.0 ], [ 110.174200705529657, 25.271618058179701, 0.0 ], [ 110.174210198652744, 25.271752950522078, 0.0 ], [ 110.174219691792374, 25.271887842861943, 0.0 ], [ 110.174229184948516, 25.272022735199283, 0.0 ], [ 110.174238678121043, 25.27215762753411, 0.0 ], [ 110.17424817131004, 25.272292519866404, 0.0 ], [ 110.17425766451548, 25.272427412196183, 0.0 ], [ 110.17426715773739, 25.272562304523447, 0.0 ], [ 110.174366785440853, 25.272601359263355, 0.0 ], [ 110.174338687258555, 25.272729323519386, 0.0 ], [ 110.174240678665043, 25.272830953999058, 0.0 ], [ 110.174153958079572, 25.272916698106833, 0.0 ], [ 110.174005307339584, 25.272915553545829, 0.0 ], [ 110.173856656606702, 25.272914408863318, 0.0 ], [ 110.173708005881181, 25.272913264029732, 0.0 ], [ 110.173559355163349, 25.272912119019999, 0.0 ], [ 110.173410704236261, 25.27291311463145, 0.0 ], [ 110.173262053298785, 25.272914234947738, 0.0 ], [ 110.1731134023631, 25.272915355121512, 0.0 ], [ 110.172964751428481, 25.27291647504321, 0.0 ], [ 110.172816100495808, 25.272917594835459, 0.0 ], [ 110.172667449567015, 25.27291871469744, 0.0 ], [ 110.172518798642642, 25.272919834700286, 0.0 ], [ 110.172370147713465, 25.272920953808669, 0.0 ], [ 110.17222149678814, 25.272922072996877, 0.0 ], [ 110.17207284586604, 25.272923192183075, 0.0 ], [ 110.171924194946769, 25.272924311326026, 0.0 ], [ 110.171782182790849, 25.272919631509808, 0.0 ] ], [ [ 110.175982137772763, 25.272837040580484, 0.0 ], [ 110.175766683415233, 25.272833726834229, 0.0 ], [ 110.17555120290065, 25.272833228667945, 0.0 ], [ 110.175336758051358, 25.272822613725907, 0.0 ], [ 110.175201832386335, 25.272700726494449, 0.0 ], [ 110.175084511713806, 25.272549347224626, 0.0 ], [ 110.175144563518487, 25.272416154307024, 0.0 ], [ 110.175185800774784, 25.2722394540287, 0.0 ], [ 110.175126461700899, 25.272057233999131, 0.0 ], [ 110.175106262965997, 25.271862528269796, 0.0 ], [ 110.175092682295556, 25.271666983882472, 0.0 ], [ 110.175078757203281, 25.271473199128387, 0.0 ], [ 110.175126064478235, 25.271327341265032, 0.0 ], [ 110.175341544811232, 25.271326465534226, 0.0 ], [ 110.175557025150667, 25.271325589488729, 0.0 ], [ 110.175772505496511, 25.271324713095822, 0.0 ], [ 110.17598798584703, 25.271323836043106, 0.0 ], [ 110.176203466204115, 25.271322958675686, 0.0 ], [ 110.176418946571317, 25.271322081725991, 0.0 ], [ 110.176634426939401, 25.271321203340054, 0.0 ], [ 110.176849907316267, 25.271320325106426, 0.0 ], [ 110.177065387699628, 25.271319446558095, 0.0 ], [ 110.177280868089895, 25.271318567782799, 0.0 ], [ 110.177496348487026, 25.271317688773198, 0.0 ], [ 110.177711828890764, 25.271316809474087, 0.0 ], [ 110.177927309300884, 25.271315929860254, 0.0 ], [ 110.178142789717512, 25.271315049931726, 0.0 ], [ 110.178358270138986, 25.271314169359538, 0.0 ], [ 110.178432236002109, 25.27146072176253, 0.0 ], [ 110.178460416394458, 25.271654973081521, 0.0 ], [ 110.178488596867382, 25.27184922439233, 0.0 ], [ 110.178516777577968, 25.272043475676092, 0.0 ], [ 110.178544958513768, 25.272237726934296, 0.0 ], [ 110.178573139452652, 25.272431978193623, 0.0 ], [ 110.178601320471955, 25.27262622944475, 0.0 ], [ 110.178629501571777, 25.272820480687695, 0.0 ], [ 110.178352156033029, 25.27283320889881, 0.0 ], [ 110.178136716979822, 25.272830722896586, 0.0 ], [ 110.17792132727493, 25.272825583728409, 0.0 ], [ 110.177705842028217, 25.272825583947668, 0.0 ], [ 110.177490356790997, 25.272825585739294, 0.0 ], [ 110.177274983132904, 25.272831583111593, 0.0 ], [ 110.177059528277553, 25.272833217911035, 0.0 ], [ 110.176844043055524, 25.272833219384417, 0.0 ], [ 110.17662857180467, 25.272834719599107, 0.0 ], [ 110.176413108163146, 25.272837037511124, 0.0 ], [ 110.17619762296323, 25.272837040202457, 0.0 ], [ 110.175982137772763, 25.272837040580484, 0.0 ] ], [ [ 110.18890156098918, 25.266090785981106, 0.0 ], [ 110.188810738858578, 25.265960999231339, 0.0 ], [ 110.189114131038053, 25.265801486981243, 0.0 ], [ 110.189420592581371, 25.265646879572621, 0.0 ], [ 110.189718423817396, 25.265486248156805, 0.0 ], [ 110.189655668792696, 25.265172711542348, 0.0 ], [ 110.189594523473048, 25.264858911772837, 0.0 ], [ 110.189534072925255, 25.264545000732365, 0.0 ], [ 110.189473879635969, 25.264231050046934, 0.0 ], [ 110.189414024625364, 25.263917074249946, 0.0 ], [ 110.189348189680103, 25.263604065494814, 0.0 ], [ 110.189286778112773, 25.26329030880165, 0.0 ], [ 110.189225366676098, 25.262976552103705, 0.0 ], [ 110.189163956014013, 25.262662795296787, 0.0 ], [ 110.189102544860305, 25.262349038585825, 0.0 ], [ 110.18904113426224, 25.262035281801321, 0.0 ], [ 110.188979724379692, 25.261721524917405, 0.0 ], [ 110.188918314730643, 25.261407768012067, 0.0 ], [ 110.188856905279437, 25.261094011091107, 0.0 ], [ 110.188795496043952, 25.260780254151616, 0.0 ], [ 110.188482823357461, 25.260902384970649, 0.0 ], [ 110.188164373933574, 25.261035435248079, 0.0 ], [ 110.187845902142797, 25.261168441762859, 0.0 ], [ 110.187527278814869, 25.261301149050336, 0.0 ], [ 110.187209386628638, 25.26143524807723, 0.0 ], [ 110.18689042980094, 25.261567292654959, 0.0 ], [ 110.186571642556657, 25.26169967492989, 0.0 ], [ 110.186362477033867, 25.261589925605833, 0.0 ], [ 110.186360696668729, 25.261338747103768, 0.0 ], [ 110.186495462777799, 25.261140255781523, 0.0 ], [ 110.186292607200542, 25.261024862035367, 0.0 ], [ 110.186061965049447, 25.261165459952323, 0.0 ], [ 110.185798028666625, 25.261302669370426, 0.0 ], [ 110.185457379517075, 25.261376863495052, 0.0 ], [ 110.185169410595392, 25.261343207064687, 0.0 ], [ 110.184858164009867, 25.261331893755006, 0.0 ], [ 110.184703949532164, 25.261502628266985, 0.0 ], [ 110.184414369726781, 25.261663117782948, 0.0 ], [ 110.184161214726657, 25.261881156969139, 0.0 ], [ 110.183873310788783, 25.262062355679621, 0.0 ], [ 110.183531743236131, 25.262070252542742, 0.0 ], [ 110.183389229425217, 25.261787324630824, 0.0 ], [ 110.183455400543622, 25.261492791666928, 0.0 ], [ 110.183665635259487, 25.261240228929054, 0.0 ], [ 110.183892859750244, 25.261039892358284, 0.0 ], [ 110.184198243749876, 25.260885292570865, 0.0 ], [ 110.184407560058006, 25.260629693517618, 0.0 ], [ 110.184599785298985, 25.260366875705738, 0.0 ], [ 110.184677511975465, 25.260056167665962, 0.0 ], [ 110.184740103612654, 25.259742604315182, 0.0 ], [ 110.184802694904903, 25.259429040916682, 0.0 ], [ 110.18486528597883, 25.25911547749136, 0.0 ], [ 110.184927877346979, 25.258801914123818, 0.0 ], [ 110.185121793943097, 25.258552543296513, 0.0 ], [ 110.185374854933016, 25.258332082689357, 0.0 ], [ 110.185580372366488, 25.258077533527899, 0.0 ], [ 110.185757070528496, 25.257802321227029, 0.0 ], [ 110.185744575592395, 25.257488673255267, 0.0 ], [ 110.185540726916614, 25.257231621452828, 0.0 ], [ 110.185259576593978, 25.257048566952676, 0.0 ], [ 110.1849486266009, 25.25690263837927, 0.0 ], [ 110.184623181861284, 25.256795057933076, 0.0 ], [ 110.184272961363675, 25.256783754253544, 0.0 ], [ 110.183934152862435, 25.256846041531706, 0.0 ], [ 110.183645171520197, 25.257016897956891, 0.0 ], [ 110.183377714368845, 25.257222821944183, 0.0 ], [ 110.183110256030005, 25.257428745107706, 0.0 ], [ 110.182815184725754, 25.257581199333636, 0.0 ], [ 110.182470128352705, 25.257636861940501, 0.0 ], [ 110.182129163745202, 25.257668818581653, 0.0 ], [ 110.181819459488267, 25.257519686056096, 0.0 ], [ 110.181630040668708, 25.257254118099311, 0.0 ], [ 110.181483851799001, 25.256967750957052, 0.0 ], [ 110.181389634327644, 25.256660797326376, 0.0 ], [ 110.181392948577212, 25.256357580255642, 0.0 ], [ 110.181515220997085, 25.256058920573086, 0.0 ], [ 110.181637492242217, 25.255760260573577, 0.0 ], [ 110.181903773748019, 25.255563074506249, 0.0 ], [ 110.182223441386725, 25.255436301371265, 0.0 ], [ 110.182500737255964, 25.255247714423973, 0.0 ], [ 110.182694421801841, 25.254983045185863, 0.0 ], [ 110.18287298357312, 25.254713162541137, 0.0 ], [ 110.183107534501744, 25.25447638424701, 0.0 ], [ 110.18336506183509, 25.254268056883209, 0.0 ], [ 110.183696634835286, 25.254165519126495, 0.0 ], [ 110.18396339889803, 25.254001716909876, 0.0 ], [ 110.183762406818389, 25.253741143178011, 0.0 ], [ 110.183550008593585, 25.253489194400764, 0.0 ], [ 110.183408712315298, 25.253201144347454, 0.0 ], [ 110.183482105015486, 25.252961187701217, 0.0 ], [ 110.183384944285805, 25.252727526016866, 0.0 ], [ 110.183580811318905, 25.252588782384073, 0.0 ], [ 110.183794866330672, 25.252463709345864, 0.0 ], [ 110.184145206587203, 25.252456555852586, 0.0 ], [ 110.184495546818312, 25.252449401146706, 0.0 ], [ 110.184789793611955, 25.252389634989953, 0.0 ], [ 110.184800657656723, 25.25207590638394, 0.0 ], [ 110.184767635852765, 25.251760996136277, 0.0 ], [ 110.184942558295177, 25.251833386797397, 0.0 ], [ 110.185292109442983, 25.2518108715567, 0.0 ], [ 110.185626882846506, 25.251803963675322, 0.0 ], [ 110.185654311545591, 25.252121673843035, 0.0 ], [ 110.185931001140219, 25.252179275247904, 0.0 ], [ 110.1862068717152, 25.252171213040675, 0.0 ], [ 110.186229455099152, 25.252489238484891, 0.0 ], [ 110.186282562528547, 25.252775451416646, 0.0 ], [ 110.186549318945453, 25.252697385291786, 0.0 ], [ 110.186899362634108, 25.252682436856769, 0.0 ], [ 110.187108528114408, 25.252840848574834, 0.0 ], [ 110.187450257137925, 25.252905853519039, 0.0 ], [ 110.187800615297803, 25.25289939717176, 0.0 ], [ 110.187962554771474, 25.253167001340291, 0.0 ], [ 110.188209437307279, 25.253392701296836, 0.0 ], [ 110.188496152799729, 25.253575682810439, 0.0 ], [ 110.188755158936715, 25.253789597751553, 0.0 ], [ 110.188975427597555, 25.254036478064378, 0.0 ], [ 110.189235415652604, 25.254250160479572, 0.0 ], [ 110.18947064095039, 25.254484645488372, 0.0 ], [ 110.189652454839887, 25.254755984309554, 0.0 ], [ 110.189773892772635, 25.25505112337628, 0.0 ], [ 110.189953747521599, 25.255319467223874, 0.0 ], [ 110.190225395465248, 25.255520800006678, 0.0 ], [ 110.190496334620974, 25.255722921375508, 0.0 ], [ 110.190704923921501, 25.255968190126026, 0.0 ], [ 110.19078074002897, 25.256247934973015, 0.0 ], [ 110.190515883472372, 25.256454977642445, 0.0 ], [ 110.190296917826757, 25.256642591219119, 0.0 ], [ 110.190568601481999, 25.256678787738714, 0.0 ], [ 110.190876675848259, 25.256526892053987, 0.0 ], [ 110.191200069487508, 25.256412780234676, 0.0 ], [ 110.191270810975865, 25.256153931677087, 0.0 ], [ 110.191247454335411, 25.255859280819934, 0.0 ], [ 110.191554067169108, 25.255782672121054, 0.0 ], [ 110.191884731801068, 25.255887894105598, 0.0 ], [ 110.192226227801058, 25.255956244524171, 0.0 ], [ 110.192568789333151, 25.256023045925502, 0.0 ], [ 110.192484650473972, 25.256176493695033, 0.0 ], [ 110.192147671533434, 25.256219733406375, 0.0 ], [ 110.192315980487422, 25.256457997951394, 0.0 ], [ 110.192612911246911, 25.256574809410438, 0.0 ], [ 110.192824386271113, 25.256320688328625, 0.0 ], [ 110.19311115891, 25.256139566397504, 0.0 ], [ 110.193435043408314, 25.256084837072368, 0.0 ], [ 110.193778533509047, 25.25606197725493, 0.0 ], [ 110.194127754712753, 25.256088529258474, 0.0 ], [ 110.194474424517935, 25.256134859509558, 0.0 ], [ 110.194795373825883, 25.256245813753196, 0.0 ], [ 110.195078306758603, 25.256432078493653, 0.0 ], [ 110.195318581770749, 25.256656711718044, 0.0 ], [ 110.195418804754425, 25.256958129748579, 0.0 ], [ 110.195347682035006, 25.25726167435263, 0.0 ], [ 110.195177339010471, 25.257540180893148, 0.0 ], [ 110.194896215995627, 25.257714649694577, 0.0 ], [ 110.194585625501361, 25.257862127525932, 0.0 ], [ 110.19427311684295, 25.257971150482927, 0.0 ], [ 110.19392603016027, 25.257927136516489, 0.0 ], [ 110.193579572885582, 25.257906510552893, 0.0 ], [ 110.193235267472772, 25.257965902547593, 0.0 ], [ 110.192906139290827, 25.258061858897769, 0.0 ], [ 110.192604556222946, 25.258224176697983, 0.0 ], [ 110.192302007232456, 25.258384886442563, 0.0 ], [ 110.191988794403557, 25.258527836320518, 0.0 ], [ 110.191680859608724, 25.258679246960181, 0.0 ], [ 110.191747293420079, 25.258905391067135, 0.0 ], [ 110.191965702829322, 25.259154617580311, 0.0 ], [ 110.192184113348958, 25.259403843621655, 0.0 ], [ 110.192402524754797, 25.259653069353558, 0.0 ], [ 110.192562288444989, 25.259888606562225, 0.0 ], [ 110.192238885110612, 25.260011374170837, 0.0 ], [ 110.192039855921436, 25.260243750084921, 0.0 ], [ 110.191691504347219, 25.260224721577597, 0.0 ], [ 110.191345477251929, 25.260252603186338, 0.0 ], [ 110.191015017848613, 25.260355024535574, 0.0 ], [ 110.190737396876827, 25.260547246547727, 0.0 ], [ 110.190586236322616, 25.260831088035673, 0.0 ], [ 110.190674497561048, 25.261063919458358, 0.0 ], [ 110.191012024001409, 25.261149357162552, 0.0 ], [ 110.191265128208343, 25.261350214054435, 0.0 ], [ 110.191384271850723, 25.261648933717598, 0.0 ], [ 110.191498668845881, 25.261928654329466, 0.0 ], [ 110.191335408602242, 25.262199933818962, 0.0 ], [ 110.191027058222701, 25.262326197745615, 0.0 ], [ 110.190698539314852, 25.262229878270283, 0.0 ], [ 110.190380525602478, 25.262096475589619, 0.0 ], [ 110.19012068698828, 25.262132724384955, 0.0 ], [ 110.190078527556466, 25.262447227109728, 0.0 ], [ 110.190057572536062, 25.262765344634396, 0.0 ], [ 110.190046332823727, 25.263355368700775, 0.0 ], [ 110.190086749332849, 25.263892263646571, 0.0 ], [ 110.190123361939868, 25.264204135597677, 0.0 ], [ 110.190212078566162, 25.264474458540327, 0.0 ], [ 110.190484031909122, 25.264675472662944, 0.0 ], [ 110.190754054875171, 25.264854767408856, 0.0 ], [ 110.19098415414004, 25.26461439820724, 0.0 ], [ 110.191215591654881, 25.264375084225311, 0.0 ], [ 110.191447028118745, 25.26413576973826, 0.0 ], [ 110.191677383383819, 25.263895610155888, 0.0 ], [ 110.191902912585988, 25.263651677312854, 0.0 ], [ 110.192128441209377, 25.263407744344999, 0.0 ], [ 110.192354479631206, 25.263164213265423, 0.0 ], [ 110.192591353282822, 25.262929341692345, 0.0 ], [ 110.192833009569071, 25.262698663598016, 0.0 ], [ 110.193098903747128, 25.262491407916155, 0.0 ], [ 110.193377049405697, 25.262297532057609, 0.0 ], [ 110.193657415097519, 25.262106324395951, 0.0 ], [ 110.193938173690256, 25.261915589349407, 0.0 ], [ 110.194216596787584, 25.261722073871375, 0.0 ], [ 110.194508102098951, 25.261546159699865, 0.0 ], [ 110.194811612219823, 25.261386826766252, 0.0 ], [ 110.195115121132062, 25.261227492510514, 0.0 ], [ 110.19541862944655, 25.261068157894911, 0.0 ], [ 110.195722136867317, 25.260908822453164, 0.0 ], [ 110.195976480010032, 25.260915268576138, 0.0 ], [ 110.196101222834841, 25.26121170446212, 0.0 ], [ 110.194299409855859, 25.262265403965394, 0.0 ], [ 110.193967335119069, 25.262367015248927, 0.0 ], [ 110.193654104534545, 25.262509951630225, 0.0 ], [ 110.193346052124951, 25.262661038120278, 0.0 ], [ 110.193054971754762, 25.262838331125494, 0.0 ], [ 110.19278226364041, 25.26303849411973, 0.0 ], [ 110.192531164622068, 25.263229221530079, 0.0 ], [ 110.192294253709363, 25.263405154338205, 0.0 ], [ 110.192066512428752, 25.263647381454714, 0.0 ], [ 110.191838060481373, 25.263889051821039, 0.0 ], [ 110.191608154495412, 25.264129582716418, 0.0 ], [ 110.191378247578072, 25.264370113206351, 0.0 ], [ 110.191148339344338, 25.264610642986487, 0.0 ], [ 110.190924816240823, 25.264856087790541, 0.0 ], [ 110.190686909821252, 25.265089558378609, 0.0 ], [ 110.190418538325247, 25.265293827372659, 0.0 ], [ 110.190119245740718, 25.265459345942613, 0.0 ], [ 110.189812091086637, 25.265612811151321, 0.0 ], [ 110.189507325108565, 25.265770116599157, 0.0 ], [ 110.189204443523082, 25.265930451741323, 0.0 ], [ 110.18890156098918, 25.266090785981106, 0.0 ] ], [ [ 110.170341907186483, 25.251709788159687, 0.0 ], [ 110.170191430089403, 25.2517172286983, 0.0 ], [ 110.170136055405521, 25.25162767584991, 0.0 ], [ 110.17020827347126, 25.251507440967011, 0.0 ], [ 110.170278946887848, 25.251386396253558, 0.0 ], [ 110.170349620161645, 25.251265351500766, 0.0 ], [ 110.170410359811257, 25.25114013852971, 0.0 ], [ 110.170465760881243, 25.251012685465728, 0.0 ], [ 110.170521161832255, 25.25088523237585, 0.0 ], [ 110.170600213279855, 25.250768677955421, 0.0 ], [ 110.170689920493203, 25.25065892042748, 0.0 ], [ 110.170787204079673, 25.250554252998356, 0.0 ], [ 110.170884487483519, 25.250449585487893, 0.0 ], [ 110.170981268865731, 25.250344536225825, 0.0 ], [ 110.17107733032158, 25.250238939508716, 0.0 ], [ 110.171173390868134, 25.250133342164926, 0.0 ], [ 110.171050842683314, 25.250061613878991, 0.0 ], [ 110.170902773071688, 25.250064337784583, 0.0 ], [ 110.170806502654287, 25.250168088167236, 0.0 ], [ 110.170747514076368, 25.250290346823977, 0.0 ], [ 110.170665120293791, 25.250405098613566, 0.0 ], [ 110.170582998744536, 25.25051998533678, 0.0 ], [ 110.170503520243045, 25.250619940155605, 0.0 ], [ 110.170442063690942, 25.250707832637303, 0.0 ], [ 110.170385690314916, 25.25080338184604, 0.0 ], [ 110.170235350804958, 25.250812832538042, 0.0 ], [ 110.170085011265897, 25.250822282938358, 0.0 ], [ 110.169934671702478, 25.25083173310912, 0.0 ], [ 110.169784332094878, 25.250841182788626, 0.0 ], [ 110.169633992526457, 25.250850633074624, 0.0 ], [ 110.169483652922011, 25.250860082978043, 0.0 ], [ 110.169333313276098, 25.250869532426314, 0.0 ], [ 110.169297194186456, 25.250770984823106, 0.0 ], [ 110.16929210210418, 25.250634012794638, 0.0 ], [ 110.169381644632765, 25.25029099111778, 0.0 ], [ 110.169597970823318, 25.250176020068107, 0.0 ], [ 110.169621194611665, 25.250055593293855, 0.0 ], [ 110.169520085774352, 25.249960437263386, 0.0 ], [ 110.169389046900406, 25.249893026435462, 0.0 ], [ 110.169251113224291, 25.249839762607781, 0.0 ], [ 110.168948257213884, 25.249229009489966, 0.0 ], [ 110.168988786220197, 25.248763021304406, 0.0 ], [ 110.168902670647455, 25.248650553121468, 0.0 ], [ 110.1688165552318, 25.248538084890644, 0.0 ], [ 110.168730439973032, 25.24842561661195, 0.0 ], [ 110.168595348158505, 25.248389064876129, 0.0 ], [ 110.168447266216504, 25.248367723906693, 0.0 ], [ 110.168300829507515, 25.248335397116389, 0.0 ], [ 110.168153884000631, 25.248305077085647, 0.0 ], [ 110.168012466926854, 25.248257731184715, 0.0 ], [ 110.167730824109455, 25.24791789933499, 0.0 ], [ 110.167658259014175, 25.247839037517661, 0.0 ], [ 110.167610270287582, 25.247709122134474, 0.0 ], [ 110.167533696926895, 25.247592053599039, 0.0 ], [ 110.167568470083822, 25.247495705019983, 0.0 ], [ 110.16769437066489, 25.247420391282237, 0.0 ], [ 110.167815063412817, 25.247338419749369, 0.0 ], [ 110.167922844307441, 25.247243406241889, 0.0 ], [ 110.168054697113035, 25.247177092134795, 0.0 ], [ 110.168184517723205, 25.247107660682303, 0.0 ], [ 110.168285290171767, 25.247006050421305, 0.0 ], [ 110.168379654528536, 25.246903256480827, 0.0 ], [ 110.168507897497236, 25.246843685384594, 0.0 ], [ 110.168654927431419, 25.246813685258648, 0.0 ], [ 110.168755913834758, 25.246851373333779, 0.0 ], [ 110.168903043801052, 25.24687699652096, 0.0 ], [ 110.168986391722115, 25.246950264366827, 0.0 ], [ 110.169224847553039, 25.24704086406291, 0.0 ], [ 110.169314516484505, 25.247118728181494, 0.0 ], [ 110.169402079798772, 25.24720411561546, 0.0 ], [ 110.169387269777047, 25.247323448338602, 0.0 ], [ 110.169400732993608, 25.247419341119077, 0.0 ], [ 110.169528911051572, 25.247498450228171, 0.0 ], [ 110.169658274589779, 25.247439478810659, 0.0 ], [ 110.169787122858949, 25.247508764589067, 0.0 ], [ 110.169915293719484, 25.247580159420885, 0.0 ], [ 110.170055765271897, 25.247629777152671, 0.0 ], [ 110.170142393190844, 25.247709232055957, 0.0 ], [ 110.170126470049311, 25.247845515185411, 0.0 ], [ 110.17011666270578, 25.24798129196844, 0.0 ], [ 110.17015797784434, 25.248108070072131, 0.0 ], [ 110.170240049660805, 25.248214142918389, 0.0 ], [ 110.170213740475191, 25.248349088462007, 0.0 ], [ 110.170131845176499, 25.248445627614377, 0.0 ], [ 110.170051550052108, 25.248529340382358, 0.0 ], [ 110.170084736229597, 25.248663026175688, 0.0 ], [ 110.17011792247547, 25.248796711960988, 0.0 ], [ 110.170189076164078, 25.248896427351433, 0.0 ], [ 110.170336320608328, 25.248924647120962, 0.0 ], [ 110.170485260058186, 25.248926032820567, 0.0 ], [ 110.170602776203268, 25.248853737708117, 0.0 ], [ 110.170702996284476, 25.248752555530718, 0.0 ], [ 110.170776104318719, 25.248649738376585, 0.0 ], [ 110.170923359568661, 25.248675468813175, 0.0 ], [ 110.171071789488963, 25.248697425322366, 0.0 ], [ 110.171132221786763, 25.248784474354817, 0.0 ], [ 110.171226161952575, 25.248891434335679, 0.0 ], [ 110.171336755741549, 25.248982931110262, 0.0 ], [ 110.171410631577331, 25.249129489330439, 0.0 ], [ 110.171422567295508, 25.249257947769326, 0.0 ], [ 110.171422825917261, 25.2493836824369, 0.0 ], [ 110.171576084993092, 25.249552158477062, 0.0 ], [ 110.171511590742128, 25.249668529241841, 0.0 ], [ 110.171435634091651, 25.249786897284903, 0.0 ], [ 110.171359677293779, 25.24990526528444, 0.0 ], [ 110.171271907430153, 25.250016428536203, 0.0 ], [ 110.171276430802692, 25.250110829104411, 0.0 ], [ 110.171315690849596, 25.250206299226555, 0.0 ], [ 110.171512833416784, 25.250390908154202, 0.0 ], [ 110.17166352211531, 25.250392411223231, 0.0 ], [ 110.171814197373791, 25.250392766086755, 0.0 ], [ 110.171963945445953, 25.250381658709735, 0.0 ], [ 110.172111528529669, 25.250353938810285, 0.0 ], [ 110.172255276178447, 25.250315571866825, 0.0 ], [ 110.172395434636385, 25.250268770517543, 0.0 ], [ 110.172545148054155, 25.250253132713237, 0.0 ], [ 110.172694861438089, 25.250237494756139, 0.0 ], [ 110.172844574788343, 25.250221856646245, 0.0 ], [ 110.172943469675857, 25.250261831750144, 0.0 ], [ 110.172948890725806, 25.25039876806278, 0.0 ], [ 110.172960369220803, 25.250527741844145, 0.0 ], [ 110.172852189868834, 25.250565281782034, 0.0 ], [ 110.172701847337734, 25.250574689789911, 0.0 ], [ 110.172551452457469, 25.250583361429179, 0.0 ], [ 110.172401029301056, 25.250591635339383, 0.0 ], [ 110.1722506049001, 25.250599890545679, 0.0 ], [ 110.172100177498194, 25.250608100535242, 0.0 ], [ 110.171949750080842, 25.250616310371036, 0.0 ], [ 110.171799289507533, 25.250623947357916, 0.0 ], [ 110.171648745488227, 25.250630142384811, 0.0 ], [ 110.171498442456311, 25.250639446650585, 0.0 ], [ 110.171352449995979, 25.250626068949966, 0.0 ], [ 110.171211958217128, 25.250576490446221, 0.0 ], [ 110.171079255532902, 25.25051213876872, 0.0 ], [ 110.17063184552849, 25.250912179979519, 0.0 ], [ 110.170641499494351, 25.251048948795184, 0.0 ], [ 110.170651153477152, 25.251185717608255, 0.0 ], [ 110.170660807864564, 25.251322486396106, 0.0 ], [ 110.170670462218894, 25.25145925518429, 0.0 ], [ 110.170680116588827, 25.251596023969967, 0.0 ], [ 110.170642861342344, 25.251694906666874, 0.0 ], [ 110.170492384270844, 25.251702347483572, 0.0 ], [ 110.170341907186483, 25.251709788159687, 0.0 ] ], [ [ 110.173639622179195, 25.250917925707476, 0.0 ], [ 110.173614353469418, 25.250612747130692, 0.0 ], [ 110.173573852952828, 25.250316452751797, 0.0 ], [ 110.173558088850825, 25.249986609867985, 0.0 ], [ 110.173523650591406, 25.249706539393522, 0.0 ], [ 110.173499304410711, 25.249401382522262, 0.0 ], [ 110.173483557796331, 25.249095904260116, 0.0 ], [ 110.17346203453134, 25.24865578895464, 0.0 ], [ 110.173410551780165, 25.248354971882343, 0.0 ], [ 110.173502493218024, 25.247748751066904, 0.0 ], [ 110.173537816966913, 25.247451743268872, 0.0 ], [ 110.17371083157019, 25.247211431960192, 0.0 ], [ 110.174018451568969, 25.247090058658635, 0.0 ], [ 110.174334399133585, 25.246984681788149, 0.0 ], [ 110.174656512427205, 25.246896737372296, 0.0 ], [ 110.174990597344959, 25.246859962685654, 0.0 ], [ 110.175321524119695, 25.246893867440665, 0.0 ], [ 110.175651226853802, 25.246955173643691, 0.0 ], [ 110.175966541607934, 25.247058898692526, 0.0 ], [ 110.176266039360584, 25.247191753461209, 0.0 ], [ 110.17645812044735, 25.247391682112809, 0.0 ], [ 110.176266905582764, 25.247608195580426, 0.0 ], [ 110.175993176579084, 25.247785462609279, 0.0 ], [ 110.175707027986093, 25.24794653839162, 0.0 ], [ 110.175642646508805, 25.248506664763827, 0.0 ], [ 110.175798824841351, 25.250015403765818, 0.0 ], [ 110.17612857467229, 25.250076537828747, 0.0 ], [ 110.176241919591135, 25.249849179228608, 0.0 ], [ 110.176494312636123, 25.249713306211557, 0.0 ], [ 110.176825149631625, 25.249722975052077, 0.0 ], [ 110.176847771110545, 25.250028338819661, 0.0 ], [ 110.177169823206256, 25.250041558159467, 0.0 ], [ 110.177278768712583, 25.250242743576926, 0.0 ], [ 110.177271581048458, 25.250547949467503, 0.0 ], [ 110.177302290876867, 25.250852692522862, 0.0 ], [ 110.177312712855397, 25.251154659187101, 0.0 ], [ 110.177038514331556, 25.251290710522884, 0.0 ], [ 110.176702994951697, 25.251314474527813, 0.0 ], [ 110.176367687825874, 25.251340516926895, 0.0 ], [ 110.176032898796052, 25.251370576846131, 0.0 ], [ 110.17569657504805, 25.251381432600766, 0.0 ], [ 110.175360251263655, 25.251392287587837, 0.0 ], [ 110.175023927442837, 25.251403141807359, 0.0 ], [ 110.174687603571044, 25.251413994890026, 0.0 ], [ 110.174351279656648, 25.251424847042404, 0.0 ], [ 110.174355718101424, 25.251118817873841, 0.0 ], [ 110.173904404587589, 25.250962215587585, 0.0 ], [ 110.173639622179195, 25.250917925707476, 0.0 ] ], [ [ 110.164606758216649, 25.247162975270747, 0.0 ], [ 110.16446032871788, 25.247272965750788, 0.0 ], [ 110.164262859638825, 25.247211018728873, 0.0 ], [ 110.164064818145789, 25.247150828292963, 0.0 ], [ 110.163874994930381, 25.24722496608652, 0.0 ], [ 110.163694883056507, 25.247325711318766, 0.0 ], [ 110.163514771137557, 25.247426456688778, 0.0 ], [ 110.163422181101737, 25.247597143138307, 0.0 ], [ 110.163304059515326, 25.247753351629086, 0.0 ], [ 110.163130329151713, 25.247861455023418, 0.0 ], [ 110.162938732447813, 25.247942811713457, 0.0 ], [ 110.162747319089632, 25.24802452390864, 0.0 ], [ 110.162556081163913, 25.248106576281756, 0.0 ], [ 110.162363989229135, 25.248186925336519, 0.0 ], [ 110.162171445617943, 25.248266397618497, 0.0 ], [ 110.161979391223227, 25.248346857930631, 0.0 ], [ 110.161904344727049, 25.248248365172724, 0.0 ], [ 110.162072052889528, 25.24815493193897, 0.0 ], [ 110.162264230495808, 25.248074715912818, 0.0 ], [ 110.162455989248087, 25.24799367788339, 0.0 ], [ 110.162647701016382, 25.24791254676127, 0.0 ], [ 110.162839025432007, 25.247830667481015, 0.0 ], [ 110.163027177626049, 25.247743226903463, 0.0 ], [ 110.163175678642631, 25.247609009386959, 0.0 ], [ 110.163242302983093, 25.247428045121179, 0.0 ], [ 110.163363354293239, 25.247276231739711, 0.0 ], [ 110.163552220130114, 25.247190745979882, 0.0 ], [ 110.163744203298037, 25.24711014861278, 0.0 ], [ 110.163935786236863, 25.247028832638904, 0.0 ], [ 110.164108933816337, 25.246919072224202, 0.0 ], [ 110.164297510938908, 25.246834931949429, 0.0 ], [ 110.164501530699326, 25.246786426629054, 0.0 ], [ 110.164459234017258, 25.246616916096304, 0.0 ], [ 110.164349729834981, 25.246452406511594, 0.0 ], [ 110.164230944686636, 25.246293377912021, 0.0 ], [ 110.164110254450293, 25.246135474454434, 0.0 ], [ 110.164076252981815, 25.245988854706578, 0.0 ], [ 110.164225779562031, 25.2458528829588, 0.0 ], [ 110.164364413568322, 25.24570817334288, 0.0 ], [ 110.16451817530664, 25.245582198900628, 0.0 ], [ 110.164862272936489, 25.245388078348292, 0.0 ], [ 110.164981079584891, 25.245308065359339, 0.0 ], [ 110.165310026508379, 25.245166412292569, 0.0 ], [ 110.165511628287021, 25.245125143200973, 0.0 ], [ 110.165707079671918, 25.245091181435509, 0.0 ], [ 110.166073297035652, 25.244976349286418, 0.0 ], [ 110.166218228809939, 25.244836347890701, 0.0 ], [ 110.166360263635923, 25.24469388818687, 0.0 ], [ 110.166560105409062, 25.244635633316438, 0.0 ], [ 110.166715033263003, 25.244475994381204, 0.0 ], [ 110.166791479621679, 25.244301114209055, 0.0 ], [ 110.166875911443, 25.244126210587616, 0.0 ], [ 110.166901527344493, 25.243935571768628, 0.0 ], [ 110.166907305924994, 25.243743479422069, 0.0 ], [ 110.166840166755676, 25.243564955024752, 0.0 ], [ 110.166881187137179, 25.243378405103336, 0.0 ], [ 110.166909385788443, 25.243187820416221, 0.0 ], [ 110.166975381907562, 25.243016812154817, 0.0 ], [ 110.167140661550306, 25.242901430548393, 0.0 ], [ 110.167337943950358, 25.242834644569079, 0.0 ], [ 110.16752886385747, 25.24275276764185, 0.0 ], [ 110.167728073206973, 25.242688547499728, 0.0 ], [ 110.167923450857728, 25.242616668407834, 0.0 ], [ 110.168094707620895, 25.24250491706665, 0.0 ], [ 110.168223173333772, 25.24235245220332, 0.0 ], [ 110.168310318302872, 25.242178597902711, 0.0 ], [ 110.168354827720677, 25.24199107200106, 0.0 ], [ 110.168346624049704, 25.241799685528701, 0.0 ], [ 110.168322661194466, 25.241608638248028, 0.0 ], [ 110.168307290089132, 25.241416842428215, 0.0 ], [ 110.168334412750028, 25.241228113028761, 0.0 ], [ 110.168373814718606, 25.241040094366834, 0.0 ], [ 110.168329513890484, 25.240855647076543, 0.0 ], [ 110.168275403222708, 25.240670614647541, 0.0 ], [ 110.168160956797422, 25.240506251702829, 0.0 ], [ 110.167951769183972, 25.240534239870751, 0.0 ], [ 110.167774287503406, 25.240528435475927, 0.0 ], [ 110.167669298176989, 25.240361511566505, 0.0 ], [ 110.167569894758302, 25.240191788739462, 0.0 ], [ 110.167470853210077, 25.240021884657011, 0.0 ], [ 110.167482564895437, 25.239878552400871, 0.0 ], [ 110.167573821685508, 25.239452449181577, 0.0 ], [ 110.167509081835021, 25.239287890438593, 0.0 ], [ 110.16741515374224, 25.239115601297982, 0.0 ], [ 110.167349350042898, 25.238949479349714, 0.0 ], [ 110.167238417735845, 25.238479735081796, 0.0 ], [ 110.167402532125365, 25.238397064575505, 0.0 ], [ 110.167745678246675, 25.238270618880932, 0.0 ], [ 110.167947364943174, 25.238213018002742, 0.0 ], [ 110.168149376000017, 25.23815624520239, 0.0 ], [ 110.168351386828562, 25.238099471978561, 0.0 ], [ 110.168553397454701, 25.238042698407043, 0.0 ], [ 110.168755407883708, 25.237985924503995, 0.0 ], [ 110.168963186025664, 25.237950332556604, 0.0 ], [ 110.169170978904006, 25.237914794825372, 0.0 ], [ 110.169378908525715, 25.237879944744641, 0.0 ], [ 110.169399615803442, 25.237732131130528, 0.0 ], [ 110.169354797711478, 25.237544194526095, 0.0 ], [ 110.169303547503588, 25.237358408835384, 0.0 ], [ 110.16915145441142, 25.237229839917919, 0.0 ], [ 110.168961719274932, 25.237144985733337, 0.0 ], [ 110.168804156450918, 25.237020712925784, 0.0 ], [ 110.168700231572885, 25.236853872916647, 0.0 ], [ 110.168639395437296, 25.236669865321169, 0.0 ], [ 110.168596938906134, 25.236481476153926, 0.0 ], [ 110.16856685456618, 25.236291135452049, 0.0 ], [ 110.168512802297371, 25.236105391910733, 0.0 ], [ 110.168408829536929, 25.235938763076781, 0.0 ], [ 110.168246567361763, 25.235817954861606, 0.0 ], [ 110.168050754780765, 25.235747117769709, 0.0 ], [ 110.167845971853907, 25.235699667648806, 0.0 ], [ 110.167639998350822, 25.235657939341458, 0.0 ], [ 110.167443135572853, 25.235589961968859, 0.0 ], [ 110.167282274989688, 25.23546697262649, 0.0 ], [ 110.167142675647028, 25.235322647117023, 0.0 ], [ 110.167031631987882, 25.235159579456347, 0.0 ], [ 110.166935759396395, 25.234988180054422, 0.0 ], [ 110.166857205516095, 25.234809867859937, 0.0 ], [ 110.166847940044903, 25.234656281868848, 0.0 ], [ 110.166815037457795, 25.234466597882903, 0.0 ], [ 110.166798451285317, 25.23427488665984, 0.0 ], [ 110.166786900441068, 25.234082975377579, 0.0 ], [ 110.16680264269236, 25.23389140129186, 0.0 ], [ 110.166867661291008, 25.233708422631679, 0.0 ], [ 110.166886380208581, 25.233556615445256, 0.0 ], [ 110.1669297102831, 25.233371701164923, 0.0 ], [ 110.166941486444372, 25.233179693048889, 0.0 ], [ 110.16695326298364, 25.232987684947553, 0.0 ], [ 110.166879168126826, 25.232851545046504, 0.0 ], [ 110.166812699462568, 25.232670714331711, 0.0 ], [ 110.166645060221313, 25.232560148456695, 0.0 ], [ 110.166439080732232, 25.23252995379239, 0.0 ], [ 110.166227963035126, 25.232540318933136, 0.0 ], [ 110.166016986962958, 25.23253040813298, 0.0 ], [ 110.165807667989924, 25.232510886253188, 0.0 ], [ 110.165600448343227, 25.232545371496183, 0.0 ], [ 110.165464754103482, 25.232628843723479, 0.0 ], [ 110.165256019143825, 25.232612307509861, 0.0 ], [ 110.165049050721947, 25.232573636466185, 0.0 ], [ 110.164842020421304, 25.232535518621219, 0.0 ], [ 110.16463769413474, 25.232486105541366, 0.0 ], [ 110.164428044885099, 25.23246673381864, 0.0 ], [ 110.164216666980451, 25.232462683340351, 0.0 ], [ 110.164005299037669, 25.232459973932929, 0.0 ], [ 110.163794032272548, 25.23246732297644, 0.0 ], [ 110.163585053720041, 25.232494418732504, 0.0 ], [ 110.163377999162492, 25.232533226656241, 0.0 ], [ 110.163199617284945, 25.232511666172652, 0.0 ], [ 110.162997120999449, 25.232566961509221, 0.0 ], [ 110.162794624538606, 25.232622256563126, 0.0 ], [ 110.162646008219184, 25.232738442069298, 0.0 ], [ 110.162440415909757, 25.232783301937076, 0.0 ], [ 110.162234123088155, 25.232825195903324, 0.0 ], [ 110.162025228637248, 25.232854862358366, 0.0 ], [ 110.161816334093814, 25.232884528515321, 0.0 ], [ 110.161606092941483, 25.232904625058527, 0.0 ], [ 110.161396021885949, 25.232926357541793, 0.0 ], [ 110.161205502896209, 25.232874239380507, 0.0 ], [ 110.160994454378766, 25.232885716541055, 0.0 ], [ 110.160784988742193, 25.232880361342747, 0.0 ], [ 110.160578655544896, 25.232893869821552, 0.0 ], [ 110.160394065207882, 25.232984073450233, 0.0 ], [ 110.160185146241645, 25.233004739086837, 0.0 ], [ 110.159977191109348, 25.233036421689967, 0.0 ], [ 110.15916834052031, 25.232990895433119, 0.0 ], [ 110.158962519334978, 25.233016957774101, 0.0 ], [ 110.158616357834646, 25.23300001642653, 0.0 ], [ 110.158416226633619, 25.232985245616156, 0.0 ], [ 110.158205726960816, 25.233003222340816, 0.0 ], [ 110.157994781300033, 25.233012782803833, 0.0 ], [ 110.15778559526089, 25.233037185023136, 0.0 ], [ 110.157575411055674, 25.233057049261102, 0.0 ], [ 110.157364871159615, 25.233074625288552, 0.0 ], [ 110.157154265431814, 25.233091544249259, 0.0 ], [ 110.156943659654914, 25.233108462908202, 0.0 ], [ 110.156733053828958, 25.233125381265371, 0.0 ], [ 110.15652244795406, 25.233142299320779, 0.0 ], [ 110.156311842030163, 25.233159217074398, 0.0 ], [ 110.156101236057282, 25.23317613452625, 0.0 ], [ 110.155912548435424, 25.233169864036434, 0.0 ], [ 110.155701849516745, 25.23318579525008, 0.0 ], [ 110.155491150552407, 25.233201726161777, 0.0 ], [ 110.155280425993496, 25.233211249225416, 0.0 ], [ 110.15506986228246, 25.23322098949405, 0.0 ], [ 110.154859445615458, 25.233239755342538, 0.0 ], [ 110.154648502683187, 25.233244297986214, 0.0 ], [ 110.154583712752569, 25.233114294422904, 0.0 ], [ 110.154779559865531, 25.233103216745707, 0.0 ], [ 110.155609341523459, 25.233109495750387, 0.0 ], [ 110.15581939599123, 25.233087630585239, 0.0 ], [ 110.156029450392978, 25.233065765119417, 0.0 ], [ 110.156239531318164, 25.233044142793993, 0.0 ], [ 110.156450209655262, 25.233027990338911, 0.0 ], [ 110.156660887945975, 25.233011837581927, 0.0 ], [ 110.156871566190404, 25.232995684523033, 0.0 ], [ 110.157082244388377, 25.232979531162233, 0.0 ], [ 110.15729292253998, 25.23296337749953, 0.0 ], [ 110.157503600645214, 25.232947223534918, 0.0 ], [ 110.15771426310134, 25.232930908103363, 0.0 ], [ 110.158194094483449, 25.232580707416609, 0.0 ], [ 110.158366146554556, 25.232511784017067, 0.0 ], [ 110.15856481331484, 25.232447831983094, 0.0 ], [ 110.158721483082516, 25.232469119293466, 0.0 ], [ 110.158898182507855, 25.232441147271526, 0.0 ], [ 110.159063050316405, 25.232394053024418, 0.0 ], [ 110.159273303654174, 25.232379882961311, 0.0 ], [ 110.159482993793262, 25.232355799563823, 0.0 ], [ 110.159693429245465, 25.23236373788075, 0.0 ], [ 110.159900215171248, 25.232403541583466, 0.0 ], [ 110.160103941809822, 25.232454600964168, 0.0 ], [ 110.16030747564416, 25.232506168348038, 0.0 ], [ 110.160515182307677, 25.232542074799063, 0.0 ], [ 110.160725492694013, 25.232560353993726, 0.0 ], [ 110.16093626319163, 25.232565921874027, 0.0 ], [ 110.161147054447781, 25.232551045242058, 0.0 ], [ 110.161356419384234, 25.232526419938335, 0.0 ], [ 110.161562292253478, 25.23248290921978, 0.0 ], [ 110.161758603000393, 25.232412044398995, 0.0 ], [ 110.161943653989852, 25.232319142110338, 0.0 ], [ 110.162130287492161, 25.232228803230974, 0.0 ], [ 110.162321767374323, 25.232147393732635, 0.0 ], [ 110.162520256605731, 25.232081580086579, 0.0 ], [ 110.162721339556569, 25.23202217301592, 0.0 ], [ 110.162926608018068, 25.231976378928863, 0.0 ], [ 110.163133875270645, 25.231938713250706, 0.0 ], [ 110.163342352679905, 25.23190731600096, 0.0 ], [ 110.163774831364933, 25.231902268415293, 0.0 ], [ 110.163955083444662, 25.231863799821578, 0.0 ], [ 110.164165995546128, 25.231850429048723, 0.0 ], [ 110.164376923505259, 25.231837267923666, 0.0 ], [ 110.164588156269346, 25.231830021286118, 0.0 ], [ 110.164799419310015, 25.231833941143581, 0.0 ], [ 110.165010550004666, 25.231843845241066, 0.0 ], [ 110.165221742213916, 25.231852425549967, 0.0 ], [ 110.1654329894901, 25.231860269029909, 0.0 ], [ 110.165644203695194, 25.231868810421954, 0.0 ], [ 110.165854239111653, 25.231850777417382, 0.0 ], [ 110.166051506875249, 25.231833791557978, 0.0 ], [ 110.166256877369989, 25.231788104158621, 0.0 ], [ 110.166414842830392, 25.231713690274667, 0.0 ], [ 110.166601103118552, 25.23167291772188, 0.0 ], [ 110.166800066108848, 25.231610124829675, 0.0 ], [ 110.16698619083013, 25.231521222581041, 0.0 ], [ 110.1671593557395, 25.231410924071589, 0.0 ], [ 110.16733587968514, 25.231305087600589, 0.0 ], [ 110.16749500379315, 25.231179303637756, 0.0 ], [ 110.167648447558165, 25.231047026573552, 0.0 ], [ 110.167802768269667, 25.230915588795767, 0.0 ], [ 110.167947937303921, 25.230775844987591, 0.0 ], [ 110.168108597109253, 25.230653411686692, 0.0 ], [ 110.16825641722815, 25.2305160138079, 0.0 ], [ 110.168393777374121, 25.230369848304235, 0.0 ], [ 110.168523679248878, 25.230219235538847, 0.0 ], [ 110.168690585877442, 25.230101640678669, 0.0 ], [ 110.168865647158199, 25.229993855676945, 0.0 ], [ 110.169063543862094, 25.229929702302307, 0.0 ], [ 110.169266784833354, 25.229876728509961, 0.0 ], [ 110.169470025391661, 25.229823753656621, 0.0 ], [ 110.169672667944127, 25.229769019493748, 0.0 ], [ 110.1698733575125, 25.229708532394458, 0.0 ], [ 110.170074411306899, 25.229649053677527, 0.0 ], [ 110.170275224361717, 25.229588942382023, 0.0 ], [ 110.170471412287853, 25.229517430857126, 0.0 ], [ 110.170659043215196, 25.229429803101418, 0.0 ], [ 110.17080482066882, 25.229299618515586, 0.0 ], [ 110.170876769968274, 25.22912135754158, 0.0 ], [ 110.171039987991705, 25.229000784030724, 0.0 ], [ 110.171238796632466, 25.228935425423735, 0.0 ], [ 110.17141946417766, 25.228847061221614, 0.0 ], [ 110.171491554908968, 25.228669135075823, 0.0 ], [ 110.171577069432459, 25.228494676644406, 0.0 ], [ 110.171673601953117, 25.228324150725459, 0.0 ], [ 110.17171244388922, 25.228135697928384, 0.0 ], [ 110.171683888025527, 25.22794721469154, 0.0 ], [ 110.171664069951461, 25.227759972548203, 0.0 ], [ 110.171681113247061, 25.227569845112619, 0.0 ], [ 110.171738615489261, 25.227387009361404, 0.0 ], [ 110.171853394492885, 25.227225511123308, 0.0 ], [ 110.171968216852818, 25.227064038474513, 0.0 ], [ 110.172037374230584, 25.226884572325467, 0.0 ], [ 110.172049178187223, 25.226693086133395, 0.0 ], [ 110.172060264256672, 25.226501059929415, 0.0 ], [ 110.172125884338129, 25.226321101080508, 0.0 ], [ 110.172201031503107, 25.226141954212014, 0.0 ], [ 110.172323655600181, 25.225986310383021, 0.0 ], [ 110.172466734076551, 25.225844856578906, 0.0 ], [ 110.172607356873954, 25.225701384562225, 0.0 ], [ 110.172745637353728, 25.22555593160229, 0.0 ], [ 110.172898608979992, 25.225423408643341, 0.0 ], [ 110.173037417740403, 25.225278469514404, 0.0 ], [ 110.173180303906776, 25.225136771205726, 0.0 ], [ 110.173319360175796, 25.224991918312462, 0.0 ], [ 110.173456538271481, 25.224845655331556, 0.0 ], [ 110.173591373236334, 25.224711413807487, 0.0 ], [ 110.173720940864243, 25.224615298989768, 0.0 ], [ 110.173825023117388, 25.224447914666271, 0.0 ], [ 110.173778405936943, 25.22432317816823, 0.0 ], [ 110.173925514069964, 25.224185153920438, 0.0 ], [ 110.174075138544111, 25.224049327841474, 0.0 ], [ 110.174190464688394, 25.223889577127178, 0.0 ], [ 110.174328029557984, 25.223753229871338, 0.0 ], [ 110.17446837877776, 25.223615776221425, 0.0 ], [ 110.174595378002479, 25.223462564039259, 0.0 ], [ 110.174731437390577, 25.223315960032174, 0.0 ], [ 110.174865100336802, 25.223168122080502, 0.0 ], [ 110.175005854362908, 25.223024636126318, 0.0 ], [ 110.175146243155311, 25.222880893073651, 0.0 ], [ 110.175275244796978, 25.222728571965632, 0.0 ], [ 110.175427785435133, 25.222596109346409, 0.0 ], [ 110.175583072793344, 25.22246628751931, 0.0 ], [ 110.17573631283561, 25.222334056974912, 0.0 ], [ 110.175842039794361, 25.222169048012681, 0.0 ], [ 110.175899905316356, 25.221985432081514, 0.0 ], [ 110.175924995893297, 25.22179452548081, 0.0 ], [ 110.175976661154905, 25.221608422994102, 0.0 ], [ 110.176066464921107, 25.221437658053851, 0.0 ], [ 110.176223411787021, 25.221343260346714, 0.0 ], [ 110.176381971608308, 25.221219070764292, 0.0 ], [ 110.176542007933634, 25.221093416541311, 0.0 ], [ 110.176683250446061, 25.220981065654488, 0.0 ], [ 110.176870631901878, 25.22089214754784, 0.0 ], [ 110.177065165927729, 25.220817382855788, 0.0 ], [ 110.177263581678488, 25.220751085342584, 0.0 ], [ 110.17746417925423, 25.220690386716363, 0.0 ], [ 110.177665082381239, 25.220630528359631, 0.0 ], [ 110.177865985161574, 25.220570669287081, 0.0 ], [ 110.178069363280585, 25.220526328908029, 0.0 ], [ 110.178264168251147, 25.220494765112544, 0.0 ], [ 110.178471399033242, 25.220464588887673, 0.0 ], [ 110.178660018921633, 25.220473276857621, 0.0 ], [ 110.178871108940982, 25.220462788857557, 0.0 ], [ 110.179191385596496, 25.220424363666663, 0.0 ], [ 110.179367215491382, 25.220457235222355, 0.0 ], [ 110.179547394954199, 25.22047578364532, 0.0 ], [ 110.179742229481519, 25.220448436128621, 0.0 ], [ 110.17991788485152, 25.220405175154323, 0.0 ], [ 110.180106115736407, 25.220377853786193, 0.0 ], [ 110.180315751267926, 25.2203554317399, 0.0 ], [ 110.180524420023374, 25.220324594052833, 0.0 ], [ 110.180733151341983, 25.220294119824803, 0.0 ], [ 110.180894105581388, 25.220240080599314, 0.0 ], [ 110.181102816244348, 25.220270682386197, 0.0 ], [ 110.181311618771133, 25.220261538102744, 0.0 ], [ 110.181478969694027, 25.220166290160858, 0.0 ], [ 110.181674958706282, 25.220095356837131, 0.0 ], [ 110.181848578241812, 25.219986918044981, 0.0 ], [ 110.181938475360482, 25.2198545716195, 0.0 ], [ 110.181794328281953, 25.219714225733856, 0.0 ], [ 110.181664423928538, 25.219562613109566, 0.0 ], [ 110.181542958995678, 25.219405218122287, 0.0 ], [ 110.181413170867415, 25.219253455901054, 0.0 ], [ 110.181433337844851, 25.219127887846575, 0.0 ], [ 110.181528313466799, 25.219294576065479, 0.0 ], [ 110.181661612951004, 25.219443825552993, 0.0 ], [ 110.181794821940457, 25.2195930296221, 0.0 ], [ 110.182313255895124, 25.220053144272583, 0.0 ], [ 110.182442244090197, 25.220205506765556, 0.0 ], [ 110.182494396453393, 25.220352025900542, 0.0 ], [ 110.182626509132589, 25.220502074109074, 0.0 ], [ 110.1827620807898, 25.220649631686573, 0.0 ], [ 110.182893079445137, 25.220800520668494, 0.0 ], [ 110.183022778137669, 25.220952366489797, 0.0 ], [ 110.183156291483698, 25.221101469354622, 0.0 ], [ 110.183282121667872, 25.221255959291664, 0.0 ], [ 110.183144970712391, 25.221329581684142, 0.0 ], [ 110.183041298071956, 25.221162622065897, 0.0 ], [ 110.18290410623095, 25.221016922836412, 0.0 ], [ 110.182756639867293, 25.220880670269707, 0.0 ], [ 110.182629754667886, 25.220728782227411, 0.0 ], [ 110.182492054673318, 25.220584027979292, 0.0 ], [ 110.182414458293053, 25.220413490230698, 0.0 ], [ 110.18225279738418, 25.220445920676877, 0.0 ], [ 110.181836207489354, 25.221127264715662, 0.0 ], [ 110.181613601110612, 25.221023111998083, 0.0 ], [ 110.18141744532214, 25.22095429797394, 0.0 ], [ 110.181206476972562, 25.220959648988146, 0.0 ], [ 110.180995264698623, 25.220967872751125, 0.0 ], [ 110.180784343932814, 25.220980464199759, 0.0 ], [ 110.180573589333619, 25.220995545479084, 0.0 ], [ 110.180362834651163, 25.22101062599155, 0.0 ], [ 110.180152050987587, 25.221025367683954, 0.0 ], [ 110.179941247904026, 25.221039875400724, 0.0 ], [ 110.179730417793749, 25.22105405726596, 0.0 ], [ 110.179519587591841, 25.221068238191332, 0.0 ], [ 110.179308646000138, 25.221080974039175, 0.0 ], [ 110.179098609159851, 25.22110127477427, 0.0 ], [ 110.178829445695101, 25.221125561339349, 0.0 ], [ 110.178618883507468, 25.221142724785143, 0.0 ], [ 110.178408801865544, 25.22116401462943, 0.0 ], [ 110.178198502404939, 25.221183591585955, 0.0 ], [ 110.177991162023829, 25.221217329790885, 0.0 ], [ 110.177786528343603, 25.221265121166741, 0.0 ], [ 110.177583394665291, 25.221318218939704, 0.0 ], [ 110.177378568459048, 25.221365824497699, 0.0 ], [ 110.177180009926815, 25.221431214498093, 0.0 ], [ 110.177017309282633, 25.221551041988281, 0.0 ], [ 110.176883164660524, 25.221699665150634, 0.0 ], [ 110.176739606642172, 25.221803548896684, 0.0 ], [ 110.17663564858222, 25.221946972757365, 0.0 ], [ 110.176524182998065, 25.222107683163561, 0.0 ], [ 110.176446872382343, 25.222286652723579, 0.0 ], [ 110.176372226554818, 25.222466570360712, 0.0 ], [ 110.176302741118192, 25.222648154012557, 0.0 ], [ 110.176184437142595, 25.222805871289086, 0.0 ], [ 110.176046857376107, 25.222951836569578, 0.0 ], [ 110.175904554684408, 25.223094051450271, 0.0 ], [ 110.175764547641776, 25.223238117835344, 0.0 ], [ 110.175620695431206, 25.223379040694578, 0.0 ], [ 110.175479473520653, 25.2235220704802, 0.0 ], [ 110.175343257608745, 25.223669130593134, 0.0 ], [ 110.175204870314772, 25.223814511572588, 0.0 ], [ 110.175066482690468, 25.223959892411326, 0.0 ], [ 110.174918026133412, 25.22409540747822, 0.0 ], [ 110.174780271598095, 25.224240494086438, 0.0 ], [ 110.174669597461289, 25.224401839396702, 0.0 ], [ 110.17453479756081, 25.224549929245832, 0.0 ], [ 110.174407933019353, 25.224703745189064, 0.0 ], [ 110.174282666594209, 25.224858651483785, 0.0 ], [ 110.174145550926511, 25.225004110502059, 0.0 ], [ 110.173970876893165, 25.225111258671827, 0.0 ], [ 110.173839497263643, 25.225257843702469, 0.0 ], [ 110.173806857962873, 25.22544513601143, 0.0 ], [ 110.173735140267112, 25.225619641501741, 0.0 ], [ 110.173548614894955, 25.22570461285574, 0.0 ], [ 110.173369866875888, 25.225801508314508, 0.0 ], [ 110.173225155431481, 25.225941485513541, 0.0 ], [ 110.173130702121938, 25.226105850648537, 0.0 ], [ 110.17319488404334, 25.226288489627542, 0.0 ], [ 110.173220696843956, 25.226473513357512, 0.0 ], [ 110.173112570727753, 25.226638754467341, 0.0 ], [ 110.172993153786194, 25.226797049883579, 0.0 ], [ 110.172840498167815, 25.226928246603713, 0.0 ], [ 110.172641280743619, 25.226990862381751, 0.0 ], [ 110.172449375429963, 25.227070967874994, 0.0 ], [ 110.172275431297692, 25.227178099205211, 0.0 ], [ 110.172190994110537, 25.227351584931807, 0.0 ], [ 110.172138898842348, 25.227537947761622, 0.0 ], [ 110.172096052248691, 25.227726195923839, 0.0 ], [ 110.172068223477353, 25.22791649337395, 0.0 ], [ 110.172095512227855, 25.228106982797627, 0.0 ], [ 110.172075469160873, 25.2282980762214, 0.0 ], [ 110.172019701628358, 25.228483180953539, 0.0 ], [ 110.171928450665803, 25.228656362574672, 0.0 ], [ 110.171856523555974, 25.228836936911581, 0.0 ], [ 110.171776989821396, 25.229014055388884, 0.0 ], [ 110.171646379377236, 25.229162832677304, 0.0 ], [ 110.171455561453101, 25.229242938556233, 0.0 ], [ 110.171256340341159, 25.229303927937384, 0.0 ], [ 110.171141180759619, 25.229457153957711, 0.0 ], [ 110.171060877894519, 25.229633390955648, 0.0 ], [ 110.170887635617945, 25.22974270421944, 0.0 ], [ 110.170698614713984, 25.229828617430066, 0.0 ], [ 110.170501096356432, 25.229896746919536, 0.0 ], [ 110.170296409144783, 25.229938938945221, 0.0 ], [ 110.170096651864768, 25.230001677540422, 0.0 ], [ 110.169902868772624, 25.230078065509534, 0.0 ], [ 110.169734043249122, 25.230192929747361, 0.0 ], [ 110.169538644917111, 25.230264368181015, 0.0 ], [ 110.169338318255001, 25.23032584594371, 0.0 ], [ 110.169137991242749, 25.230387323008458, 0.0 ], [ 110.168962486032768, 25.230485628496488, 0.0 ], [ 110.168814953283487, 25.230623372283816, 0.0 ], [ 110.168678104862835, 25.230769811096888, 0.0 ], [ 110.168540120352091, 25.230914762727934, 0.0 ], [ 110.168520118269797, 25.231101609758252, 0.0 ], [ 110.168569596949837, 25.231288487500709, 0.0 ], [ 110.16865394783467, 25.231463318309395, 0.0 ], [ 110.168747674523559, 25.231622574768309, 0.0 ], [ 110.168672785765111, 25.231791940110892, 0.0 ], [ 110.168654647813852, 25.231980421867785, 0.0 ], [ 110.168700629327247, 25.232166603606892, 0.0 ], [ 110.168665036055174, 25.232352384398215, 0.0 ], [ 110.168532164876922, 25.232495448546022, 0.0 ], [ 110.168335420045196, 25.232562132469816, 0.0 ], [ 110.168136994395113, 25.232624747210043, 0.0 ], [ 110.16796643433851, 25.232735296400044, 0.0 ], [ 110.167878202029385, 25.232886898711318, 0.0 ], [ 110.167786630505233, 25.233043456393386, 0.0 ], [ 110.167775213943116, 25.233235482513098, 0.0 ], [ 110.167763796815564, 25.233427508600457, 0.0 ], [ 110.167778039139435, 25.233615827018493, 0.0 ], [ 110.167861721762364, 25.233789918563918, 0.0 ], [ 110.167982503451825, 25.233946985945249, 0.0 ], [ 110.16815088580195, 25.234060516999932, 0.0 ], [ 110.168349493171917, 25.234126105300785, 0.0 ], [ 110.168550881640542, 25.234183628284587, 0.0 ], [ 110.168758461088387, 25.234217705027032, 0.0 ], [ 110.16896924443698, 25.234231995902562, 0.0 ], [ 110.169180370844231, 25.23423115091779, 0.0 ], [ 110.169391067690455, 25.234215945260409, 0.0 ], [ 110.169596122390573, 25.234250287421741, 0.0 ], [ 110.169780245469084, 25.234271774798103, 0.0 ], [ 110.16998044550229, 25.234210116821764, 0.0 ], [ 110.170180423404688, 25.234152783566348, 0.0 ], [ 110.170265425824837, 25.234259782985948, 0.0 ], [ 110.170080411660777, 25.234348610930098, 0.0 ], [ 110.169943677096555, 25.234456674351836, 0.0 ], [ 110.169890900659894, 25.234592539227897, 0.0 ], [ 110.169899346285646, 25.234784564225865, 0.0 ], [ 110.169864045702539, 25.23497336927749, 0.0 ], [ 110.169759702755087, 25.235139714715466, 0.0 ], [ 110.169650161430809, 25.235304182625249, 0.0 ], [ 110.169574807858211, 25.235480275890264, 0.0 ], [ 110.169552540798591, 25.235671408355064, 0.0 ], [ 110.169561306299542, 25.235863187488576, 0.0 ], [ 110.169561287699594, 25.236036751833055, 0.0 ], [ 110.169605464451308, 25.236199022598054, 0.0 ], [ 110.169653233235493, 25.236386356770733, 0.0 ], [ 110.169665336047558, 25.236559372109745, 0.0 ], [ 110.16970325256527, 25.236748561223152, 0.0 ], [ 110.169767755390325, 25.236905180648627, 0.0 ], [ 110.169826883749863, 25.237075886620651, 0.0 ], [ 110.169872619436319, 25.237263640258444, 0.0 ], [ 110.169907393071128, 25.237453304000741, 0.0 ], [ 110.169941189548965, 25.237643138028272, 0.0 ], [ 110.169974985786183, 25.237832972095493, 0.0 ], [ 110.17001684716594, 25.238020887036505, 0.0 ], [ 110.170154853313946, 25.238164907371257, 0.0 ], [ 110.170318886617224, 25.238286096731258, 0.0 ], [ 110.170509464252504, 25.238363589026335, 0.0 ], [ 110.170718969111235, 25.238389496513744, 0.0 ], [ 110.170975490836639, 25.23843882854268, 0.0 ], [ 110.171286052495518, 25.238428383497094, 0.0 ], [ 110.171387526988255, 25.238578898521641, 0.0 ], [ 110.171510816718921, 25.238730597629676, 0.0 ], [ 110.171477449146195, 25.238830423191281, 0.0 ], [ 110.171594545639792, 25.238990067488292, 0.0 ], [ 110.171678608310131, 25.239166369634457, 0.0 ], [ 110.17177234565699, 25.23930016953403, 0.0 ], [ 110.171682907419154, 25.239394021241907, 0.0 ], [ 110.171673927496599, 25.239517431125634, 0.0 ], [ 110.171734692486311, 25.239635102451203, 0.0 ], [ 110.171790739501006, 25.239820529851897, 0.0 ], [ 110.171844875554456, 25.240003037959585, 0.0 ], [ 110.171919120948786, 25.240099452905422, 0.0 ], [ 110.171949242012573, 25.240287806426164, 0.0 ], [ 110.171963520905678, 25.240439178487588, 0.0 ], [ 110.171963679987329, 25.240614712847439, 0.0 ], [ 110.171987485113135, 25.240764098191491, 0.0 ], [ 110.17204856309074, 25.240909800614656, 0.0 ], [ 110.172071397284412, 25.241096680713358, 0.0 ], [ 110.172071866312749, 25.241272001424971, 0.0 ], [ 110.171944472188812, 25.241406497926747, 0.0 ], [ 110.171839735694775, 25.241561600901033, 0.0 ], [ 110.171846430362592, 25.241753811112876, 0.0 ], [ 110.171680381314729, 25.241795542168248, 0.0 ], [ 110.171469127206052, 25.241787452531621, 0.0 ], [ 110.171345366609131, 25.241701366275681, 0.0 ], [ 110.171190647851105, 25.241749984931548, 0.0 ], [ 110.171001074308066, 25.241765290628816, 0.0 ], [ 110.170965453797749, 25.24169858899738, 0.0 ], [ 110.171130517185063, 25.241578405691822, 0.0 ], [ 110.171292555466565, 25.241455169099272, 0.0 ], [ 110.171429593736519, 25.241309125278597, 0.0 ], [ 110.171524994940384, 25.24113838947072, 0.0 ], [ 110.171586355796293, 25.240955228308284, 0.0 ], [ 110.171565152936012, 25.240765767659301, 0.0 ], [ 110.17148481946333, 25.240588086051808, 0.0 ], [ 110.171341981640168, 25.240449844030049, 0.0 ], [ 110.171154935846417, 25.240376198687539, 0.0 ], [ 110.17095409125595, 25.240434450864829, 0.0 ], [ 110.170769653337601, 25.240527654167966, 0.0 ], [ 110.170586294550091, 25.24061352349608, 0.0 ], [ 110.170388236624831, 25.240649440329545, 0.0 ], [ 110.170215040717522, 25.240743060761375, 0.0 ], [ 110.170032491732428, 25.240810916438537, 0.0 ], [ 110.169829009710554, 25.240836555319174, 0.0 ], [ 110.16961822058795, 25.240825685548213, 0.0 ], [ 110.16940680046946, 25.240823130126781, 0.0 ], [ 110.169197284684174, 25.240845269906721, 0.0 ], [ 110.168991634029041, 25.240889955783363, 0.0 ], [ 110.168785968039842, 25.240934085269433, 0.0 ], [ 110.168640868577199, 25.241067535730839, 0.0 ], [ 110.168541723006342, 25.241235867279052, 0.0 ], [ 110.168488562885301, 25.241421705433353, 0.0 ], [ 110.168467469024037, 25.241612052680185, 0.0 ], [ 110.168492622574547, 25.241802885789614, 0.0 ], [ 110.168497704537941, 25.241995020404396, 0.0 ], [ 110.16846052330915, 25.242183648574958, 0.0 ], [ 110.168552908346726, 25.242347271740684, 0.0 ], [ 110.168742406192152, 25.242428959085899, 0.0 ], [ 110.16893797897589, 25.24250090336, 0.0 ], [ 110.169082660566929, 25.242621035830442, 0.0 ], [ 110.169184616100694, 25.242779989728035, 0.0 ], [ 110.169311852741416, 25.242879874307079, 0.0 ], [ 110.169509431547837, 25.242878955962048, 0.0 ], [ 110.1697139229492, 25.242922661570262, 0.0 ], [ 110.169924917303803, 25.242915626384146, 0.0 ], [ 110.170131618645854, 25.242878093345393, 0.0 ], [ 110.170328368506105, 25.242808072112904, 0.0 ], [ 110.170502274202093, 25.242700200607583, 0.0 ], [ 110.170640493872526, 25.242555658331959, 0.0 ], [ 110.170747401696346, 25.242389743736091, 0.0 ], [ 110.170825665063219, 25.242211495830762, 0.0 ], [ 110.170870548878298, 25.242023571927678, 0.0 ], [ 110.170922154094541, 25.241843253227504, 0.0 ], [ 110.171133594635364, 25.24184378139482, 0.0 ], [ 110.171245578109364, 25.241929287417168, 0.0 ], [ 110.17142818074359, 25.241914003959486, 0.0 ], [ 110.171570915908276, 25.241858282449947, 0.0 ], [ 110.17178171084187, 25.241869388837344, 0.0 ], [ 110.171831249767678, 25.242019494147641, 0.0 ], [ 110.171809256200831, 25.242210757598084, 0.0 ], [ 110.171822675764631, 25.242392107212801, 0.0 ], [ 110.17192094836048, 25.242516115631652, 0.0 ], [ 110.17202256718565, 25.242681571529719, 0.0 ], [ 110.17213629374551, 25.242843692665797, 0.0 ], [ 110.172229418837702, 25.243014889467606, 0.0 ], [ 110.172254585809782, 25.243205193186224, 0.0 ], [ 110.172246067874028, 25.243397002265255, 0.0 ], [ 110.17224711319281, 25.243588474979749, 0.0 ], [ 110.172289531561219, 25.243776756426826, 0.0 ], [ 110.172349174625197, 25.243959865212187, 0.0 ], [ 110.172520827749139, 25.24403463821394, 0.0 ], [ 110.172732085636014, 25.244026648421439, 0.0 ], [ 110.172943373974562, 25.244019242595225, 0.0 ], [ 110.173154651220941, 25.24401164765932, 0.0 ], [ 110.173360447000093, 25.244040893796548, 0.0 ], [ 110.173564602692778, 25.24400915912608, 0.0 ], [ 110.173759347523458, 25.243935845515342, 0.0 ], [ 110.173955496571253, 25.243879341032784, 0.0 ], [ 110.174165089727666, 25.243862037877729, 0.0 ], [ 110.174355830107501, 25.243940676843014, 0.0 ], [ 110.174464014536397, 25.244055302424677, 0.0 ], [ 110.174503897582326, 25.244237205281038, 0.0 ], [ 110.174610750843257, 25.244387397515737, 0.0 ], [ 110.17463831540411, 25.244578060559039, 0.0 ], [ 110.17473315859371, 25.244748423948138, 0.0 ], [ 110.174902881442378, 25.244854909697032, 0.0 ], [ 110.175110855442966, 25.244875201966515, 0.0 ], [ 110.175318370466798, 25.244845953449097, 0.0 ], [ 110.175484357331158, 25.244730651845096, 0.0 ], [ 110.17561057509424, 25.24458111425005, 0.0 ], [ 110.175639865649188, 25.244394209814221, 0.0 ], [ 110.175773927550637, 25.244246497086625, 0.0 ], [ 110.175940511974019, 25.244128311298983, 0.0 ], [ 110.176148687427641, 25.244154619554564, 0.0 ], [ 110.176357168385849, 25.244151609566138, 0.0 ], [ 110.176532162800385, 25.244046779886855, 0.0 ], [ 110.176700591999222, 25.243930664396938, 0.0 ], [ 110.176881888628117, 25.243832870185393, 0.0 ], [ 110.177085198257316, 25.243784392033831, 0.0 ], [ 110.177292786616121, 25.243752658045899, 0.0 ], [ 110.177502930424382, 25.243732492376338, 0.0 ], [ 110.177705221808395, 25.243782585509891, 0.0 ], [ 110.177883822956716, 25.243884577671682, 0.0 ], [ 110.177975940369947, 25.244056177477344, 0.0 ], [ 110.178026793110519, 25.244241208364752, 0.0 ], [ 110.178175423316475, 25.244360408549927, 0.0 ], [ 110.178386164798567, 25.244376094166228, 0.0 ], [ 110.178596906281754, 25.244391780173867, 0.0 ], [ 110.178792590588031, 25.24435031446847, 0.0 ], [ 110.178941467784782, 25.244215038420354, 0.0 ], [ 110.178967010905083, 25.244025503569013, 0.0 ], [ 110.179046571475254, 25.243849746027088, 0.0 ], [ 110.179111762312331, 25.243668209985607, 0.0 ], [ 110.179169707872617, 25.243484923558519, 0.0 ], [ 110.179168866650798, 25.243293573989877, 0.0 ], [ 110.179150376750528, 25.243102004543054, 0.0 ], [ 110.179131763891036, 25.242910444185789, 0.0 ], [ 110.179094903993899, 25.242723270546048, 0.0 ], [ 110.179086071268415, 25.242531131518241, 0.0 ], [ 110.179091568083393, 25.242339054205555, 0.0 ], [ 110.17912846553385, 25.242149942776919, 0.0 ], [ 110.179221662549423, 25.241977946148992, 0.0 ], [ 110.179298855454761, 25.24179893910793, 0.0 ], [ 110.179382577005924, 25.241622509534295, 0.0 ], [ 110.179493087641717, 25.241459120173761, 0.0 ], [ 110.179631645724896, 25.241314259563918, 0.0 ], [ 110.179755813780616, 25.24115887005199, 0.0 ], [ 110.179842947779875, 25.240984156902424, 0.0 ], [ 110.179910610947857, 25.240802153071165, 0.0 ], [ 110.179956268927185, 25.240614384707513, 0.0 ], [ 110.180003857535425, 25.240427023978139, 0.0 ], [ 110.180055731450949, 25.240240723573358, 0.0 ], [ 110.180055648965478, 25.240049108754683, 0.0 ], [ 110.180038857636802, 25.239857409144076, 0.0 ], [ 110.180022237367666, 25.239665697182627, 0.0 ], [ 110.180010581577349, 25.239473739561618, 0.0 ], [ 110.179989222939312, 25.239282422146349, 0.0 ], [ 110.179978271550013, 25.239090429989211, 0.0 ], [ 110.179996314885187, 25.238898962074682, 0.0 ], [ 110.180013025319738, 25.2387081804041, 0.0 ], [ 110.180046670589206, 25.238520415462357, 0.0 ], [ 110.18010645139826, 25.2383359586008, 0.0 ], [ 110.180289803237528, 25.238308141805106, 0.0 ], [ 110.180501107251416, 25.238314926297377, 0.0 ], [ 110.180712411297861, 25.238321710487948, 0.0 ], [ 110.180923715376991, 25.238328494376862, 0.0 ], [ 110.181135019488735, 25.238335277964087, 0.0 ], [ 110.18134274532774, 25.23834194673206, 0.0 ], [ 110.181291957148986, 25.238474708237945, 0.0 ], [ 110.181087261632854, 25.238522043863131, 0.0 ], [ 110.180884504506068, 25.2385760516175, 0.0 ], [ 110.180684056835872, 25.2386370749097, 0.0 ], [ 110.180523376496367, 25.238752537108283, 0.0 ], [ 110.18042761472428, 25.238923841283942, 0.0 ], [ 110.180389974087419, 25.239111350053573, 0.0 ], [ 110.18041588589162, 25.239301578746296, 0.0 ], [ 110.180491422650519, 25.239480447125057, 0.0 ], [ 110.180588077667906, 25.23965146583992, 0.0 ], [ 110.180744847291763, 25.239769466617883, 0.0 ], [ 110.180949945974064, 25.239804589275629, 0.0 ], [ 110.181157729519654, 25.239770493242506, 0.0 ], [ 110.181366545149061, 25.23974543209092, 0.0 ], [ 110.181573552977724, 25.239766948297177, 0.0 ], [ 110.181702746405705, 25.239916860808947, 0.0 ], [ 110.181779907878735, 25.240095459013194, 0.0 ], [ 110.18192159714134, 25.240237324203363, 0.0 ], [ 110.182093242851209, 25.240349264676119, 0.0 ], [ 110.182227783006027, 25.240490741421365, 0.0 ], [ 110.182226821343363, 25.240682927955682, 0.0 ], [ 110.182190619555669, 25.240871692548112, 0.0 ], [ 110.182110763733533, 25.241049221576837, 0.0 ], [ 110.181998612810958, 25.241211786494603, 0.0 ], [ 110.181925822707257, 25.241388998031869, 0.0 ], [ 110.18188474768705, 25.241577640498573, 0.0 ], [ 110.181892541054907, 25.241762438449786, 0.0 ], [ 110.181821734020801, 25.241939175211787, 0.0 ], [ 110.181702373715254, 25.242097859937026, 0.0 ], [ 110.181532731280342, 25.24220960759812, 0.0 ], [ 110.181354735333983, 25.242312411721986, 0.0 ], [ 110.181159446030478, 25.242385995329649, 0.0 ], [ 110.180953100913641, 25.242426779255371, 0.0 ], [ 110.180742093370768, 25.242436660538118, 0.0 ], [ 110.180532897844344, 25.242412853331714, 0.0 ], [ 110.180327119751198, 25.24236981286748, 0.0 ], [ 110.180127132172601, 25.242308247201315, 0.0 ], [ 110.179936903319842, 25.242355106432974, 0.0 ], [ 110.179752231522954, 25.242446820514225, 0.0 ], [ 110.179620288166404, 25.242590089862347, 0.0 ], [ 110.179550623805852, 25.242769719724489, 0.0 ], [ 110.179556667512088, 25.242959374514079, 0.0 ], [ 110.179577114929856, 25.243150780110593, 0.0 ], [ 110.179625022377095, 25.243333681903824, 0.0 ], [ 110.179781000045907, 25.243460371849842, 0.0 ], [ 110.179980963680734, 25.243510100858494, 0.0 ], [ 110.180186726363374, 25.243467394174893, 0.0 ], [ 110.180380405493352, 25.243395476643663, 0.0 ], [ 110.180589526731239, 25.243371744663943, 0.0 ], [ 110.180798103502724, 25.243401028912441, 0.0 ], [ 110.180864023071621, 25.243561264445194, 0.0 ], [ 110.180810886605428, 25.243737105730411, 0.0 ], [ 110.180610333293174, 25.243790191001821, 0.0 ], [ 110.180400054692115, 25.24381034374224, 0.0 ], [ 110.180189725530354, 25.243830075667457, 0.0 ], [ 110.179979175280678, 25.243847405298535, 0.0 ], [ 110.17980637649589, 25.243779345150134, 0.0 ], [ 110.179683010871045, 25.243904279493581, 0.0 ], [ 110.179702803423041, 25.244072153946767, 0.0 ], [ 110.179692652520743, 25.244262588729324, 0.0 ], [ 110.179714629700214, 25.24445365622606, 0.0 ], [ 110.179722194551402, 25.244645798766118, 0.0 ], [ 110.179722439745959, 25.244837462847237, 0.0 ], [ 110.179614878808707, 25.244990694997895, 0.0 ], [ 110.179443630262938, 25.245046904129463, 0.0 ], [ 110.179242008863213, 25.245060321222738, 0.0 ], [ 110.179226878982917, 25.245220599781614, 0.0 ], [ 110.179183635945591, 25.245352742004872, 0.0 ], [ 110.178894178988642, 25.245293810382105, 0.0 ], [ 110.17892419663707, 25.245106656040587, 0.0 ], [ 110.178905308635848, 25.244915562420989, 0.0 ], [ 110.17878719707015, 25.2447635785424, 0.0 ], [ 110.178579561541184, 25.244731093721494, 0.0 ], [ 110.178368828524626, 25.24471530745301, 0.0 ], [ 110.178158095663065, 25.244699519875709, 0.0 ], [ 110.177946835988749, 25.2446934943274, 0.0 ], [ 110.177735485337621, 25.244697523512635, 0.0 ], [ 110.177557174223011, 25.244746722492017, 0.0 ], [ 110.177424452279752, 25.244876050014462, 0.0 ], [ 110.177006531309715, 25.245129827112834, 0.0 ], [ 110.176795679429148, 25.245227233700099, 0.0 ], [ 110.176593068065728, 25.245177384444137, 0.0 ], [ 110.17639879826028, 25.245101551583659, 0.0 ], [ 110.176194485638135, 25.245056868354936, 0.0 ], [ 110.175983514582441, 25.245043971247561, 0.0 ], [ 110.175775244807951, 25.245048276683974, 0.0 ], [ 110.17559326679546, 25.245146160631567, 0.0 ], [ 110.175411535393906, 25.245244450013523, 0.0 ], [ 110.175238516764395, 25.24535387053653, 0.0 ], [ 110.175069715749743, 25.245366413515743, 0.0 ], [ 110.174858992570094, 25.245366225353806, 0.0 ], [ 110.174682286329528, 25.245377980352263, 0.0 ], [ 110.174565543879993, 25.245221109862616, 0.0 ], [ 110.174417735042994, 25.245089782284698, 0.0 ], [ 110.174211835982817, 25.24505886569532, 0.0 ], [ 110.174120640853701, 25.244885867578223, 0.0 ], [ 110.174074549771888, 25.244699619332422, 0.0 ], [ 110.17399156709304, 25.24453428620669, 0.0 ], [ 110.173814106232527, 25.244431932805416, 0.0 ], [ 110.173613377417809, 25.244373942358461, 0.0 ], [ 110.17340269942666, 25.244388893876877, 0.0 ], [ 110.173194469470801, 25.244415907404939, 0.0 ], [ 110.172983242372766, 25.244424632585325, 0.0 ], [ 110.172772000668346, 25.24443308190018, 0.0 ], [ 110.172560761296353, 25.244441573906919, 0.0 ], [ 110.172326667478785, 25.244627963857788, 0.0 ], [ 110.172271403221743, 25.244769329470671, 0.0 ], [ 110.172270207168779, 25.244961632957153, 0.0 ], [ 110.172275087974654, 25.245102529598473, 0.0 ], [ 110.172265662948561, 25.245283924342473, 0.0 ], [ 110.172188685314552, 25.245461988168746, 0.0 ], [ 110.17206760240191, 25.245618881719711, 0.0 ], [ 110.171884232187224, 25.245699423118275, 0.0 ], [ 110.171738697641047, 25.245765843832576, 0.0 ], [ 110.171539321054098, 25.245784401582103, 0.0 ], [ 110.171331912694313, 25.245748505225084, 0.0 ], [ 110.171123679180511, 25.245716360059109, 0.0 ], [ 110.170915676748876, 25.24568472883681, 0.0 ], [ 110.170707096719156, 25.245704142288137, 0.0 ], [ 110.170507378307406, 25.245761040060426, 0.0 ], [ 110.170318222476183, 25.245846985997996, 0.0 ], [ 110.170136129896562, 25.245943943064226, 0.0 ], [ 110.169960779623821, 25.246051409945462, 0.0 ], [ 110.169773482603503, 25.246138009525964, 0.0 ], [ 110.169580876281003, 25.246209485219691, 0.0 ], [ 110.169387472851341, 25.246282791163427, 0.0 ], [ 110.169181395023941, 25.24632247829469, 0.0 ], [ 110.168970367461213, 25.246334613962961, 0.0 ], [ 110.168762862685512, 25.246369118535153, 0.0 ], [ 110.168590678580429, 25.246295550331176, 0.0 ], [ 110.168514825993128, 25.246120159856773, 0.0 ], [ 110.168680528268169, 25.246017041739442, 0.0 ], [ 110.168877092970902, 25.24594616857711, 0.0 ], [ 110.169073657452444, 25.245875295146668, 0.0 ], [ 110.169280680160611, 25.245856769694356, 0.0 ], [ 110.169489514043946, 25.245828451172073, 0.0 ], [ 110.169676635478567, 25.245765222736161, 0.0 ], [ 110.169854830901244, 25.245661699823319, 0.0 ], [ 110.170024307538611, 25.245546758034067, 0.0 ], [ 110.170193213654102, 25.245431069240333, 0.0 ], [ 110.170362119571266, 25.245315380387268, 0.0 ], [ 110.170517855986404, 25.245197028618442, 0.0 ], [ 110.170418760675531, 25.245027148491122, 0.0 ], [ 110.170287790611468, 25.2449658551126, 0.0 ], [ 110.170109525856631, 25.245069170949691, 0.0 ], [ 110.169943171729543, 25.245187878370984, 0.0 ], [ 110.169776817281431, 25.245306585594804, 0.0 ], [ 110.169611029096842, 25.245425892068802, 0.0 ], [ 110.169437637314672, 25.245535220902873, 0.0 ], [ 110.169261074123455, 25.245640999587465, 0.0 ], [ 110.16916450874821, 25.245766251547547, 0.0 ], [ 110.168963364371677, 25.245825385656921, 0.0 ], [ 110.168768041508727, 25.245899577823792, 0.0 ], [ 110.168577185035787, 25.24598233938401, 0.0 ], [ 110.168420969915601, 25.246103854332734, 0.0 ], [ 110.168241616820808, 25.246196364508254, 0.0 ], [ 110.168087766637413, 25.246146464952822, 0.0 ], [ 110.167895789307153, 25.246068396266303, 0.0 ], [ 110.167714799073451, 25.245969294599298, 0.0 ], [ 110.167576516164303, 25.24583001745259, 0.0 ], [ 110.167540090358798, 25.245645718875139, 0.0 ], [ 110.167538534020991, 25.245453445382733, 0.0 ], [ 110.167532493003662, 25.245261217521541, 0.0 ], [ 110.167526452662727, 25.245068989638295, 0.0 ], [ 110.167583249780947, 25.244894345103269, 0.0 ], [ 110.168308483415274, 25.244598530752608, 0.0 ], [ 110.168433848789974, 25.244443670408145, 0.0 ], [ 110.168559213844077, 25.244288809945967, 0.0 ], [ 110.168684578577512, 25.244133949366059, 0.0 ], [ 110.168809942990421, 25.24397908866845, 0.0 ], [ 110.168935307240332, 25.243824227958683, 0.0 ], [ 110.169060671263793, 25.243669367194261, 0.0 ], [ 110.169188948642855, 25.243529854028196, 0.0 ], [ 110.169364150821636, 25.243637515829285, 0.0 ], [ 110.169545276894311, 25.243736125693996, 0.0 ], [ 110.169742266326367, 25.243804775068639, 0.0 ], [ 110.169942627846936, 25.243866218630899, 0.0 ], [ 110.170142989619308, 25.243927661810169, 0.0 ], [ 110.170343937692763, 25.243987172047859, 0.0 ], [ 110.170550604805342, 25.244027822319342, 0.0 ], [ 110.170744335837213, 25.244027048314706, 0.0 ], [ 110.17092072187296, 25.243963742103745, 0.0 ], [ 110.171028127469313, 25.243867014302335, 0.0 ], [ 110.17094357430301, 25.24369231569769, 0.0 ], [ 110.170789076025528, 25.243571381006294, 0.0 ], [ 110.170580848867317, 25.243553113353641, 0.0 ], [ 110.170384894509837, 25.24360747779097, 0.0 ], [ 110.170220579349035, 25.243492191980703, 0.0 ], [ 110.170043891878507, 25.24338810538563, 0.0 ], [ 110.169838889564602, 25.243342444021881, 0.0 ], [ 110.16963873704978, 25.243282289766096, 0.0 ], [ 110.169441312618332, 25.243213573148005, 0.0 ], [ 110.169252378626268, 25.243127424747485, 0.0 ], [ 110.169082163924088, 25.243015045213713, 0.0 ], [ 110.168925052121637, 25.242887499886439, 0.0 ], [ 110.16874096774265, 25.2427947842809, 0.0 ], [ 110.16853513709647, 25.24275196177765, 0.0 ], [ 110.168325415262927, 25.242730133704171, 0.0 ], [ 110.168115651149435, 25.242746436309211, 0.0 ], [ 110.167910859955981, 25.242793972795031, 0.0 ], [ 110.167722782828392, 25.242881689567287, 0.0 ], [ 110.167551798711258, 25.242993915765361, 0.0 ], [ 110.16740742729705, 25.243133177360448, 0.0 ], [ 110.167335404839889, 25.243313859090467, 0.0 ], [ 110.167238625707739, 25.243483813625893, 0.0 ], [ 110.167164913782969, 25.243662983121482, 0.0 ], [ 110.167151002909193, 25.243852715468506, 0.0 ], [ 110.167206338069263, 25.244038038772192, 0.0 ], [ 110.167195330590829, 25.244226800705427, 0.0 ], [ 110.167165229695541, 25.244415066180373, 0.0 ], [ 110.167203869713774, 25.244603527385721, 0.0 ], [ 110.167276450077139, 25.244784122776014, 0.0 ], [ 110.167313162826332, 25.244973291099583, 0.0 ], [ 110.167321421100723, 25.245163973310024, 0.0 ], [ 110.167297645530397, 25.245355049690353, 0.0 ], [ 110.167267669702397, 25.245545393099132, 0.0 ], [ 110.16727734639197, 25.245736054380458, 0.0 ], [ 110.167332709219792, 25.245920385435969, 0.0 ], [ 110.16741861643807, 25.246094231269652, 0.0 ], [ 110.167562682370772, 25.246233125461277, 0.0 ], [ 110.167753983226362, 25.246313681647049, 0.0 ], [ 110.167961904630843, 25.246344176759003, 0.0 ], [ 110.168169816674464, 25.24632196855276, 0.0 ], [ 110.168367368665059, 25.24625413100118, 0.0 ], [ 110.168506945116278, 25.246264884935492, 0.0 ], [ 110.16847660025681, 25.246393484329175, 0.0 ], [ 110.168273489680487, 25.246445199241851, 0.0 ], [ 110.168066006840291, 25.246482264066959, 0.0 ], [ 110.167858046566963, 25.246516333520368, 0.0 ], [ 110.167647524666734, 25.246528599908029, 0.0 ], [ 110.167444523853874, 25.246491865465675, 0.0 ], [ 110.167281861410927, 25.246370243727341, 0.0 ], [ 110.167120822603479, 25.24625015593724, 0.0 ], [ 110.166910558020149, 25.246256006700929, 0.0 ], [ 110.166713478064722, 25.246318840158313, 0.0 ], [ 110.16653127646758, 25.246416418618832, 0.0 ], [ 110.166348607236841, 25.246513264196221, 0.0 ], [ 110.166162171646889, 25.246603833279504, 0.0 ], [ 110.165971190674298, 25.246686331003634, 0.0 ], [ 110.165777954554486, 25.24676376617046, 0.0 ], [ 110.16557897008019, 25.246828622472318, 0.0 ], [ 110.165373949340534, 25.246875445409206, 0.0 ], [ 110.165169062555918, 25.246921124617504, 0.0 ], [ 110.164964287525123, 25.246968291712076, 0.0 ], [ 110.16476966219426, 25.247042474825829, 0.0 ], [ 110.164606758216649, 25.247162975270747, 0.0 ] ], [ [ 110.204079664487338, 25.241334269888828, 0.0 ], [ 110.204144584178835, 25.241082713579939, 0.0 ], [ 110.203933382601164, 25.240958049468727, 0.0 ], [ 110.203809116015535, 25.24119679977656, 0.0 ], [ 110.203687349832052, 25.241198614004404, 0.0 ], [ 110.203766968133237, 25.240935274490102, 0.0 ], [ 110.203890393607352, 25.240686367940029, 0.0 ], [ 110.203601423694423, 25.240556391471422, 0.0 ], [ 110.203307879279279, 25.24059420147783, 0.0 ], [ 110.203088732297218, 25.240671458701705, 0.0 ], [ 110.203089897477255, 25.240874961559349, 0.0 ], [ 110.202813211696991, 25.240914561557226, 0.0 ], [ 110.202543547571977, 25.241034178272706, 0.0 ], [ 110.202252648857183, 25.241039612018831, 0.0 ], [ 110.201969583812087, 25.240948518169809, 0.0 ], [ 110.201689477018078, 25.240850163311407, 0.0 ], [ 110.20149096511598, 25.240717319771107, 0.0 ], [ 110.201360098548747, 25.240524630033214, 0.0 ], [ 110.201087888036014, 25.240410777358726, 0.0 ], [ 110.200810555139697, 25.240306123105409, 0.0 ], [ 110.20053663214081, 25.240199457193796, 0.0 ], [ 110.20045682842462, 25.239980602176594, 0.0 ], [ 110.200328313723091, 25.239847321723872, 0.0 ], [ 110.200381654369863, 25.239582246628476, 0.0 ], [ 110.200416714329506, 25.239310999965415, 0.0 ], [ 110.200476210969939, 25.239044188367696, 0.0 ], [ 110.200516234605487, 25.238777466076634, 0.0 ], [ 110.200438590459413, 25.238517176263656, 0.0 ], [ 110.200624194028293, 25.238302480763078, 0.0 ], [ 110.200809796940803, 25.238087785007156, 0.0 ], [ 110.200995399196884, 25.237873088995897, 0.0 ], [ 110.201181000745819, 25.237658392693014, 0.0 ], [ 110.201366601606921, 25.237443696112305, 0.0 ], [ 110.201588382773551, 25.23733737280131, 0.0 ], [ 110.202129216485304, 25.23745221275421, 0.0 ], [ 110.202410218493071, 25.237517712674087, 0.0 ], [ 110.202676133694993, 25.237641903448662, 0.0 ], [ 110.202908544398724, 25.23781449511857, 0.0 ], [ 110.203152594062786, 25.237941391401534, 0.0 ], [ 110.203404091041222, 25.237818724875666, 0.0 ], [ 110.20343087264088, 25.237564392275051, 0.0 ], [ 110.203684748995812, 25.237645014242069, 0.0 ], [ 110.203951089945676, 25.237771000853826, 0.0 ], [ 110.204222540714809, 25.237887373994102, 0.0 ], [ 110.204470143292724, 25.238033752062691, 0.0 ], [ 110.204550459566619, 25.238283726024903, 0.0 ], [ 110.204547137652213, 25.23855676837324, 0.0 ], [ 110.20455607845318, 25.238829762135197, 0.0 ], [ 110.204572456037269, 25.239102438852509, 0.0 ], [ 110.204601271257459, 25.239374134312925, 0.0 ], [ 110.204532796366635, 25.239635792515781, 0.0 ], [ 110.204413105640256, 25.239886274016317, 0.0 ], [ 110.204288590829009, 25.2401347977063, 0.0 ], [ 110.204167154074099, 25.240384573835129, 0.0 ], [ 110.20442829532638, 25.240441658562794, 0.0 ], [ 110.204717740987448, 25.240373856767338, 0.0 ], [ 110.205017713017654, 25.240364212206508, 0.0 ], [ 110.205316947727638, 25.24035661838764, 0.0 ], [ 110.205513621299147, 25.240154958241654, 0.0 ], [ 110.205766388032188, 25.23998818956224, 0.0 ], [ 110.206002163334688, 25.239848648645665, 0.0 ], [ 110.206234660781789, 25.239680785501758, 0.0 ], [ 110.206491397705491, 25.23959114916369, 0.0 ], [ 110.206468147843452, 25.239851036012727, 0.0 ], [ 110.20626671959144, 25.240050259979633, 0.0 ], [ 110.206268498704063, 25.240320053102828, 0.0 ], [ 110.206223853877432, 25.240588650728181, 0.0 ], [ 110.206103818039665, 25.240837773273082, 0.0 ], [ 110.205884999842581, 25.241021642134637, 0.0 ], [ 110.205614224117497, 25.241139218159358, 0.0 ], [ 110.205333464129481, 25.241233045817161, 0.0 ], [ 110.20511520498745, 25.241419790808077, 0.0 ], [ 110.204912616664203, 25.241621388639469, 0.0 ], [ 110.204716439986299, 25.241827947628469, 0.0 ], [ 110.2045301183134, 25.242042132017769, 0.0 ], [ 110.204352764572334, 25.242196171444256, 0.0 ], [ 110.204199277862614, 25.242089307798302, 0.0 ], [ 110.204044113131374, 25.241855478731644, 0.0 ], [ 110.20410344246659, 25.241598289051343, 0.0 ], [ 110.204079664487338, 25.241334269888828, 0.0 ] ], [ [ 110.205840764912224, 25.237663325340073, 0.0 ], [ 110.20619530632905, 25.237565307001596, 0.0 ], [ 110.206565337510071, 25.23754883933502, 0.0 ], [ 110.206896523152963, 25.237401324565056, 0.0 ], [ 110.2071666954362, 25.237177811775787, 0.0 ], [ 110.207201874575986, 25.236844616809766, 0.0 ], [ 110.207206236765245, 25.236505961665451, 0.0 ], [ 110.207184744161381, 25.236182188931839, 0.0 ], [ 110.207197760093464, 25.236007974174125, 0.0 ], [ 110.207483529423214, 25.235798786670117, 0.0 ], [ 110.207817540101189, 25.235883196117765, 0.0 ], [ 110.207930134403426, 25.236161282851516, 0.0 ], [ 110.207805033129659, 25.236480215622333, 0.0 ], [ 110.207712750579361, 25.236806074152195, 0.0 ], [ 110.207695055841967, 25.237144369944279, 0.0 ], [ 110.207703391899116, 25.23748226503821, 0.0 ], [ 110.207706928049504, 25.237819670225697, 0.0 ], [ 110.20760946838756, 25.238139809329944, 0.0 ], [ 110.207423280720533, 25.238430668478529, 0.0 ], [ 110.207144317144511, 25.238655004142668, 0.0 ], [ 110.206855339684566, 25.238867435133642, 0.0 ], [ 110.206541568127975, 25.239049748206394, 0.0 ], [ 110.206204836459733, 25.23906346726822, 0.0 ], [ 110.205884463171088, 25.239057287751258, 0.0 ], [ 110.205592683494416, 25.239033124338906, 0.0 ], [ 110.205468895309068, 25.238827945626397, 0.0 ], [ 110.205477405139575, 25.238489522507841, 0.0 ], [ 110.205509147372538, 25.238152183758835, 0.0 ], [ 110.205516081669714, 25.237820276778145, 0.0 ], [ 110.205840764912224, 25.237663325340073, 0.0 ] ], [ [ 110.199223613313563, 25.237236109034804, 0.0 ], [ 110.19936518723847, 25.23758040622111, 0.0 ], [ 110.199749665022722, 25.237783916433045, 0.0 ], [ 110.200110893254774, 25.238019786393245, 0.0 ], [ 110.200110909664588, 25.238020463479071, 0.0 ], [ 110.199847902079597, 25.238346600903178, 0.0 ], [ 110.199532803715016, 25.238632398681919, 0.0 ], [ 110.199184300814949, 25.238873412361844, 0.0 ], [ 110.199009294419469, 25.238563802010056, 0.0 ], [ 110.19886212945066, 25.238193102767788, 0.0 ], [ 110.198660064907301, 25.237832506656712, 0.0 ], [ 110.198839318232899, 25.237478334154382, 0.0 ], [ 110.198567815763923, 25.236913032506695, 0.0 ], [ 110.198331064466814, 25.236573444459754, 0.0 ], [ 110.198272393169901, 25.236175289087736, 0.0 ], [ 110.198203776985466, 25.235775389782283, 0.0 ], [ 110.198134167101244, 25.235375632120999, 0.0 ], [ 110.198092378994659, 25.234987631872769, 0.0 ], [ 110.198470180632341, 25.234773781254177, 0.0 ], [ 110.198653400366837, 25.23492544895814, 0.0 ], [ 110.198839204256331, 25.235292231842195, 0.0 ], [ 110.19920611808223, 25.235494240957095, 0.0 ], [ 110.199537381799246, 25.23574940883686, 0.0 ], [ 110.199955743033257, 25.235861144136557, 0.0 ], [ 110.199553968372626, 25.236489630356203, 0.0 ], [ 110.199360007204959, 25.236852347830556, 0.0 ], [ 110.199223613313563, 25.237236109034804, 0.0 ] ], [ [ 110.193792287942642, 25.229005566874086, 0.0 ], [ 110.193900886006517, 25.228907923687675, 0.0 ], [ 110.194009483896977, 25.228810280415892, 0.0 ], [ 110.194117619090264, 25.22871221532402, 0.0 ], [ 110.194225228875709, 25.22861367123766, 0.0 ], [ 110.194332838465442, 25.228515127047373, 0.0 ], [ 110.194446712708114, 25.228422710756416, 0.0 ], [ 110.194562569925282, 25.228332234198401, 0.0 ], [ 110.194678426971635, 25.228241757544211, 0.0 ], [ 110.194795992377152, 25.228153189718345, 0.0 ], [ 110.194903568819583, 25.228127520752494, 0.0 ], [ 110.195045420442355, 25.228084397664791, 0.0 ], [ 110.19498131988334, 25.227958341617395, 0.0 ], [ 110.194919611342101, 25.227831293513614, 0.0 ], [ 110.194847390672976, 25.227708948351545, 0.0 ], [ 110.194765367095954, 25.227592893988934, 0.0 ], [ 110.194645812530553, 25.227661511483308, 0.0 ], [ 110.194525454372922, 25.227746985336015, 0.0 ], [ 110.194405412339236, 25.227832828838078, 0.0 ], [ 110.194285369986218, 25.227918672061772, 0.0 ], [ 110.19416532738046, 25.228004515084102, 0.0 ], [ 110.194045284930823, 25.2280903583782, 0.0 ], [ 110.193927848443138, 25.228173367375742, 0.0 ], [ 110.193808622304999, 25.228258683708798, 0.0 ], [ 110.193688793717087, 25.228344774135358, 0.0 ], [ 110.193567541564391, 25.228429193130438, 0.0 ], [ 110.193445951801237, 25.228513215786517, 0.0 ], [ 110.193315838847639, 25.228584422805991, 0.0 ], [ 110.19317687870668, 25.228641972886308, 0.0 ], [ 110.193036971407281, 25.2286976210647, 0.0 ], [ 110.192898030840212, 25.228755210678976, 0.0 ], [ 110.192759772771893, 25.228814170954102, 0.0 ], [ 110.192621514829938, 25.228873131594074, 0.0 ], [ 110.192491098292706, 25.228921244680564, 0.0 ], [ 110.192408369874883, 25.228805039748465, 0.0 ], [ 110.192333729194871, 25.228683869048702, 0.0 ], [ 110.192259088649152, 25.228562698318648, 0.0 ], [ 110.192184448116066, 25.228441527620319, 0.0 ], [ 110.1921098077284, 25.22832035688598, 0.0 ], [ 110.192035167486281, 25.228199186115635, 0.0 ], [ 110.191960527389668, 25.228078015309286, 0.0 ], [ 110.191914208141, 25.2279643447052, 0.0 ], [ 110.192036135159498, 25.227888071406934, 0.0 ], [ 110.192133634082126, 25.227786878473584, 0.0 ], [ 110.192096857624264, 25.227660621182888, 0.0 ], [ 110.192030089582943, 25.22753607202414, 0.0 ], [ 110.19196164317303, 25.227411932488071, 0.0 ], [ 110.191882668747894, 25.227294129520949, 0.0 ], [ 110.191756807778944, 25.227223829063878, 0.0 ], [ 110.191610770234377, 25.227216806485441, 0.0 ], [ 110.191458236323626, 25.227210396528829, 0.0 ], [ 110.191317183657205, 25.227171840858922, 0.0 ], [ 110.191246601061465, 25.227052505116092, 0.0 ], [ 110.191190190969849, 25.226923435468997, 0.0 ], [ 110.1911250375462, 25.226797825351799, 0.0 ], [ 110.191059692966007, 25.226672290894953, 0.0 ], [ 110.190994349133206, 25.226546756145051, 0.0 ], [ 110.190928150057076, 25.226421598527317, 0.0 ], [ 110.190858876152248, 25.226297827367244, 0.0 ], [ 110.190788304005821, 25.226174656818014, 0.0 ], [ 110.190717731998802, 25.226051486236564, 0.0 ], [ 110.190647160240957, 25.225928315570908, 0.0 ], [ 110.190576588723829, 25.225805144825056, 0.0 ], [ 110.190506017230547, 25.225681974101786, 0.0 ], [ 110.190448762506833, 25.225553242388884, 0.0 ], [ 110.190392079475231, 25.225424271969263, 0.0 ], [ 110.190329309238791, 25.225297871604113, 0.0 ], [ 110.190257612404693, 25.225175239952282, 0.0 ], [ 110.190185915639262, 25.225052608302363, 0.0 ], [ 110.190114219014973, 25.224929976619219, 0.0 ], [ 110.190227521721695, 25.224854661625479, 0.0 ], [ 110.190358970605899, 25.224783987478713, 0.0 ], [ 110.190490361628804, 25.224713224577755, 0.0 ], [ 110.190622020186865, 25.224642896308687, 0.0 ], [ 110.190756268713173, 25.22457672005326, 0.0 ], [ 110.190890217666663, 25.224510054226396, 0.0 ], [ 110.191022802504705, 25.22444115874362, 0.0 ], [ 110.19115538719582, 25.224372263137553, 0.0 ], [ 110.191287971739925, 25.224303367408183, 0.0 ], [ 110.191420133788299, 25.224233812850578, 0.0 ], [ 110.191552860721899, 25.224165144573838, 0.0 ], [ 110.191685587508829, 25.224096476173568, 0.0 ], [ 110.191818197849926, 25.224027624048951, 0.0 ], [ 110.19195007149257, 25.223957608999417, 0.0 ], [ 110.192064484644476, 25.22392146210667, 0.0 ], [ 110.192125013587443, 25.224046092410763, 0.0 ], [ 110.192207199127679, 25.224163152017397, 0.0 ], [ 110.192288903414308, 25.224280468120352, 0.0 ], [ 110.192377087336027, 25.224378333784056, 0.0 ], [ 110.192514688222062, 25.224318124373792, 0.0 ], [ 110.192652289005949, 25.224257914888877, 0.0 ], [ 110.192789889730847, 25.224197705411203, 0.0 ], [ 110.192926896403876, 25.224136398844113, 0.0 ], [ 110.19297363580236, 25.224023343365495, 0.0 ], [ 110.19292702728994, 25.223899287438318, 0.0 ], [ 110.192884311593687, 25.223767466438336, 0.0 ], [ 110.192834900515209, 25.223636193231481, 0.0 ], [ 110.192838975716228, 25.223525151813387, 0.0 ], [ 110.193280136454177, 25.223687352801694, 0.0 ], [ 110.193354640337859, 25.223804011232225, 0.0 ], [ 110.193240475880415, 25.223884975491643, 0.0 ], [ 110.193314633920025, 25.223986777125187, 0.0 ], [ 110.193453442831725, 25.223928908399756, 0.0 ], [ 110.193570614632407, 25.223855375375106, 0.0 ], [ 110.193714765683097, 25.223846645092014, 0.0 ], [ 110.19385434432148, 25.223867881753506, 0.0 ], [ 110.193974096541609, 25.223852210955538, 0.0 ], [ 110.194073498398978, 25.223910651734936, 0.0 ], [ 110.194205015175967, 25.223892077237284, 0.0 ], [ 110.194324167395095, 25.223874973845657, 0.0 ], [ 110.194472427713322, 25.22390819664701, 0.0 ], [ 110.194614885227125, 25.223949876422047, 0.0 ], [ 110.194737783442221, 25.224011957422, 0.0 ], [ 110.194856882147832, 25.22406639417742, 0.0 ], [ 110.195004608062447, 25.224101532435579, 0.0 ], [ 110.195152334066009, 25.224136670547992, 0.0 ], [ 110.195254475986914, 25.224099456977957, 0.0 ], [ 110.195403869180225, 25.224128176509637, 0.0 ], [ 110.195553262441166, 25.224156895920835, 0.0 ], [ 110.195702655749031, 25.224185615301788, 0.0 ], [ 110.195804505037202, 25.224252137824926, 0.0 ], [ 110.19594898758551, 25.224297070620107, 0.0 ], [ 110.196093470243653, 25.224342003276366, 0.0 ], [ 110.196236934971523, 25.224362945721133, 0.0 ], [ 110.196388139083155, 25.224379641543685, 0.0 ], [ 110.196520877091885, 25.224441180875729, 0.0 ], [ 110.196648267380453, 25.224517757517873, 0.0 ], [ 110.196775486251141, 25.22459457012009, 0.0 ], [ 110.196879506396982, 25.224691975629554, 0.0 ], [ 110.196967788143283, 25.224804528964057, 0.0 ], [ 110.197111043898815, 25.224839386290064, 0.0 ], [ 110.197130213562986, 25.224710401033938, 0.0 ], [ 110.197156624738952, 25.224591559458069, 0.0 ], [ 110.197134292971867, 25.224454213697587, 0.0 ], [ 110.197109494374814, 25.224317162413143, 0.0 ], [ 110.197079242279926, 25.224181083620984, 0.0 ], [ 110.197049399613675, 25.224044939438269, 0.0 ], [ 110.197025196980974, 25.223907800033462, 0.0 ], [ 110.19699203522012, 25.223772328145305, 0.0 ], [ 110.196955075091182, 25.223637563266319, 0.0 ], [ 110.196925565949542, 25.223501389662584, 0.0 ], [ 110.196900429546019, 25.223364389326463, 0.0 ], [ 110.196867423224347, 25.223228816466019, 0.0 ], [ 110.196832871113074, 25.223093523990389, 0.0 ], [ 110.196820652183945, 25.222955095396035, 0.0 ], [ 110.196804582305703, 25.222817219561911, 0.0 ], [ 110.196761905534899, 25.222684183909589, 0.0 ], [ 110.196674372847738, 25.222575775580982, 0.0 ], [ 110.196587521960836, 25.222683340143728, 0.0 ], [ 110.196507619879995, 25.222756225654308, 0.0 ], [ 110.196372105846137, 25.222779914356263, 0.0 ], [ 110.196227618269774, 25.222796462886393, 0.0 ], [ 110.196076427330283, 25.222812692190857, 0.0 ], [ 110.195983796141292, 25.222898422315335, 0.0 ], [ 110.195833657576941, 25.222916358630332, 0.0 ], [ 110.195773282249093, 25.222831408142746, 0.0 ], [ 110.195851979450865, 25.222718379835239, 0.0 ], [ 110.195959877683492, 25.222642569644332, 0.0 ], [ 110.195995085956369, 25.222546021335074, 0.0 ], [ 110.196099558979157, 25.222451680204095, 0.0 ], [ 110.196222120899563, 25.222429213662139, 0.0 ], [ 110.19628883083999, 25.222521855830554, 0.0 ], [ 110.196441125423604, 25.222511853413078, 0.0 ], [ 110.196590725732705, 25.222485695501554, 0.0 ], [ 110.196523791577349, 25.22237914903932, 0.0 ], [ 110.196432532826194, 25.222267790832298, 0.0 ], [ 110.196341274239899, 25.222156432571364, 0.0 ], [ 110.196247231924886, 25.222047167849432, 0.0 ], [ 110.196144154367488, 25.221944698041227, 0.0 ], [ 110.196165254117119, 25.221871479257896, 0.0 ], [ 110.196264070855591, 25.221977365378724, 0.0 ], [ 110.196376468005369, 25.221997565580697, 0.0 ], [ 110.196470866484432, 25.222106653332997, 0.0 ], [ 110.196572848708101, 25.222210026170295, 0.0 ], [ 110.196660656323274, 25.222323080055538, 0.0 ], [ 110.196741816132914, 25.222440727302438, 0.0 ], [ 110.196823697576875, 25.22255793581612, 0.0 ], [ 110.196889017733241, 25.22268348009154, 0.0 ], [ 110.196930050882642, 25.222815592723634, 0.0 ], [ 110.196950741510122, 25.222953206944428, 0.0 ], [ 110.196971432377808, 25.223090821136278, 0.0 ], [ 110.196995718309722, 25.22322791605546, 0.0 ], [ 110.197022907734507, 25.223364591592915, 0.0 ], [ 110.197052572332069, 25.223500834344673, 0.0 ], [ 110.197083025430899, 25.223636939229227, 0.0 ], [ 110.197112739371619, 25.223773178076122, 0.0 ], [ 110.197141955542065, 25.223909507137446, 0.0 ], [ 110.197168174544458, 25.224046330934804, 0.0 ], [ 110.197193479820598, 25.224183305561141, 0.0 ], [ 110.19721878537716, 25.224320280147165, 0.0 ], [ 110.197246095285209, 25.224456729413994, 0.0 ], [ 110.197279760607557, 25.224592206820656, 0.0 ], [ 110.197295133841877, 25.224729490962737, 0.0 ], [ 110.197310928844914, 25.224867544092831, 0.0 ], [ 110.197328656892367, 25.225005500081519, 0.0 ], [ 110.197348111534893, 25.225143063720797, 0.0 ], [ 110.197343894310265, 25.225280937607277, 0.0 ], [ 110.197305855780485, 25.225414674156223, 0.0 ], [ 110.197256534290602, 25.225546124169966, 0.0 ], [ 110.197177737170847, 25.225663421045986, 0.0 ], [ 110.19717037417108, 25.225713944221638, 0.0 ], [ 110.197322642032773, 25.225721763869426, 0.0 ], [ 110.197466657972498, 25.225767139845033, 0.0 ], [ 110.197563612616463, 25.225822183030136, 0.0 ], [ 110.197688737210655, 25.225899690157888, 0.0 ], [ 110.197817439099339, 25.2259732022459, 0.0 ], [ 110.197951708701808, 25.226038055759801, 0.0 ], [ 110.198102780813869, 25.226055310591523, 0.0 ], [ 110.198255012864067, 25.226066093768019, 0.0 ], [ 110.198366141818695, 25.226016843781988, 0.0 ], [ 110.198419863671347, 25.22614305350686, 0.0 ], [ 110.198471689119273, 25.226272472013953, 0.0 ], [ 110.19850169523157, 25.226406330866919, 0.0 ], [ 110.198488686066426, 25.226544562405699, 0.0 ], [ 110.198472971030995, 25.226682226708032, 0.0 ], [ 110.198363856253607, 25.226769254640686, 0.0 ], [ 110.198234646607702, 25.226841648156118, 0.0 ], [ 110.19811460996435, 25.226927497029621, 0.0 ], [ 110.198122935373334, 25.227034812581735, 0.0 ], [ 110.198216892228984, 25.227136831066346, 0.0 ], [ 110.198345988377639, 25.226977534236767, 0.0 ], [ 110.198421009360843, 25.22685744641311, 0.0 ], [ 110.198599303308512, 25.226769905008073, 0.0 ], [ 110.19870141039894, 25.226666631084687, 0.0 ], [ 110.198801980730281, 25.226563527261899, 0.0 ], [ 110.198904906572153, 25.226460928145585, 0.0 ], [ 110.199007832240767, 25.226358328951928, 0.0 ], [ 110.199110757736221, 25.226255729680922, 0.0 ], [ 110.199215267469768, 25.226155848047497, 0.0 ], [ 110.199325827653851, 25.226060046237585, 0.0 ], [ 110.19943638766506, 25.225964244339465, 0.0 ], [ 110.199572713621563, 25.225909494371269, 0.0 ], [ 110.199724114706001, 25.225927540484289, 0.0 ], [ 110.199875515839636, 25.225945586443231, 0.0 ], [ 110.200026917022498, 25.22596363224811, 0.0 ], [ 110.200114699474312, 25.225883729174214, 0.0 ], [ 110.200196116993226, 25.225766258663434, 0.0 ], [ 110.200310072793954, 25.225675196167053, 0.0 ], [ 110.200433863985509, 25.225595076453256, 0.0 ], [ 110.200568959491193, 25.225533383930387, 0.0 ], [ 110.200636308742702, 25.225418512673375, 0.0 ], [ 110.20062921539018, 25.225293583199129, 0.0 ], [ 110.200515148670576, 25.225215301078567, 0.0 ], [ 110.200463837880278, 25.225107099984328, 0.0 ], [ 110.200340158172153, 25.225027429537224, 0.0 ], [ 110.200213614472673, 25.224949698826197, 0.0 ], [ 110.200074688322687, 25.224895082702723, 0.0 ], [ 110.200029336857042, 25.224807105211308, 0.0 ], [ 110.200000152954416, 25.224683621513737, 0.0 ], [ 110.199858198637656, 25.224706729820909, 0.0 ], [ 110.199775674889651, 25.224690771161843, 0.0 ], [ 110.199744892572156, 25.224625641869967, 0.0 ], [ 110.199881508991382, 25.224595832390957, 0.0 ], [ 110.199842475705211, 25.224462808682265, 0.0 ], [ 110.199698944395593, 25.224415925541958, 0.0 ], [ 110.199552199552116, 25.224399012710137, 0.0 ], [ 110.199514516853625, 25.22430556943025, 0.0 ], [ 110.199554215538782, 25.224171450483482, 0.0 ], [ 110.199644933183777, 25.224114211400149, 0.0 ], [ 110.199794319518531, 25.224129631169678, 0.0 ], [ 110.199942501550368, 25.224096118999945, 0.0 ], [ 110.200047440300324, 25.224008073557133, 0.0 ], [ 110.200080607834636, 25.223877772327945, 0.0 ], [ 110.20016049531398, 25.22379629188411, 0.0 ], [ 110.200312363498128, 25.223792333230215, 0.0 ], [ 110.200381430486004, 25.223690306239536, 0.0 ], [ 110.200279926457185, 25.2235882300043, 0.0 ], [ 110.200210811032591, 25.223471937503344, 0.0 ], [ 110.200338363017352, 25.2233978976994, 0.0 ], [ 110.200475523729054, 25.223338652139418, 0.0 ], [ 110.200469048645587, 25.223228711499523, 0.0 ], [ 110.200469478254689, 25.223105775439926, 0.0 ], [ 110.200581418750957, 25.22302801635799, 0.0 ], [ 110.200715559765243, 25.222990507733844, 0.0 ], [ 110.200849810371452, 25.222930084739851, 0.0 ], [ 110.201002053487571, 25.222922597141562, 0.0 ], [ 110.201114891797801, 25.222896243935022, 0.0 ], [ 110.201251286348295, 25.222958653240973, 0.0 ], [ 110.201382439432081, 25.223029561095366, 0.0 ], [ 110.201533076719741, 25.223048918873531, 0.0 ], [ 110.201581923533155, 25.222929734148831, 0.0 ], [ 110.20161132001526, 25.222793674829276, 0.0 ], [ 110.20162918095788, 25.222655732897913, 0.0 ], [ 110.201689124582984, 25.222532509791527, 0.0 ], [ 110.201749376405601, 25.222404885242096, 0.0 ], [ 110.201813245990422, 25.222278870395538, 0.0 ], [ 110.201846880263943, 25.222145852755286, 0.0 ], [ 110.201855969790628, 25.222007680576688, 0.0 ], [ 110.201878087855462, 25.221870250058796, 0.0 ], [ 110.201919630628723, 25.221736730719748, 0.0 ], [ 110.201965503121158, 25.221604767357704, 0.0 ], [ 110.202068881796251, 25.221502548953488, 0.0 ], [ 110.202190241759425, 25.22142191788431, 0.0 ], [ 110.202326390137401, 25.221359040874077, 0.0 ], [ 110.202462538378043, 25.221296163734465, 0.0 ], [ 110.202604199407276, 25.22125151885237, 0.0 ], [ 110.202756575507578, 25.221242622354442, 0.0 ], [ 110.202908951590317, 25.221233725698848, 0.0 ], [ 110.202955963799297, 25.221119187552581, 0.0 ], [ 110.202808654341922, 25.221106538078814, 0.0 ], [ 110.202661515488387, 25.221087690157198, 0.0 ], [ 110.202564702443482, 25.220983910137363, 0.0 ], [ 110.202632516370969, 25.220898852186714, 0.0 ], [ 110.202767081856621, 25.220833217004952, 0.0 ], [ 110.202901647200335, 25.220767581696553, 0.0 ], [ 110.203036212402267, 25.220701946261521, 0.0 ], [ 110.203170777462333, 25.220636310699859, 0.0 ], [ 110.203305476722704, 25.220570909610831, 0.0 ], [ 110.203442532734158, 25.220509756381109, 0.0 ], [ 110.20358314223374, 25.220455711732399, 0.0 ], [ 110.203728170800247, 25.220413058095829, 0.0 ], [ 110.203876399381585, 25.220379732803924, 0.0 ], [ 110.204024627886255, 25.220346407361234, 0.0 ], [ 110.204173327751306, 25.220315411936845, 0.0 ], [ 110.204325086276725, 25.220300426815914, 0.0 ], [ 110.204477529514364, 25.220293350919185, 0.0 ], [ 110.204630166098994, 25.220294206601682, 0.0 ], [ 110.204782503923482, 25.220302991541313, 0.0 ], [ 110.204934051951867, 25.220319677757892, 0.0 ], [ 110.205084279552267, 25.220344393427112, 0.0 ], [ 110.205232525266354, 25.220377558958706, 0.0 ], [ 110.205378433488576, 25.220418367863036, 0.0 ], [ 110.205521534022736, 25.220466688274843, 0.0 ], [ 110.205564819502214, 25.220400717438146, 0.0 ], [ 110.20554821507757, 25.220262645557266, 0.0 ], [ 110.205531610685824, 25.220124573672884, 0.0 ], [ 110.205515006327033, 25.219986501785005, 0.0 ], [ 110.205498402001197, 25.219848429893613, 0.0 ], [ 110.205481797708387, 25.219710357998714, 0.0 ], [ 110.205465193448475, 25.219572286100309, 0.0 ], [ 110.205448589221504, 25.219434214198397, 0.0 ], [ 110.205431985027488, 25.219296142292983, 0.0 ], [ 110.205415380866441, 25.219158070384058, 0.0 ], [ 110.205398776738406, 25.219019998471641, 0.0 ], [ 110.205382172643326, 25.218881926555706, 0.0 ], [ 110.205365568581144, 25.218743854636259, 0.0 ], [ 110.205348964551902, 25.218605782713318, 0.0 ], [ 110.205332360555616, 25.218467710786861, 0.0 ], [ 110.205315756592285, 25.2183296388569, 0.0 ], [ 110.205299152661979, 25.218191566923437, 0.0 ], [ 110.205282548764558, 25.218053494986471, 0.0 ], [ 110.205265944900077, 25.217915423046001, 0.0 ], [ 110.205249341068637, 25.217777351102022, 0.0 ], [ 110.205124662919516, 25.217826314804761, 0.0 ], [ 110.204990226683876, 25.217892163371594, 0.0 ], [ 110.204855790553552, 25.217958012230344, 0.0 ], [ 110.204721354295827, 25.218023860987596, 0.0 ], [ 110.204586917895824, 25.218089709618464, 0.0 ], [ 110.2044524814754, 25.218155558328444, 0.0 ], [ 110.204318044920967, 25.218221406926023, 0.0 ], [ 110.204183608084293, 25.218287255160583, 0.0 ], [ 110.204049171042101, 25.218353103161764, 0.0 ], [ 110.20391473386897, 25.218418951055547, 0.0 ], [ 110.20378029655366, 25.218484798822942, 0.0 ], [ 110.203646967118345, 25.218552481989072, 0.0 ], [ 110.203513743661972, 25.218620340821783, 0.0 ], [ 110.203380520060136, 25.218688199530163, 0.0 ], [ 110.203245907248061, 25.218753739414826, 0.0 ], [ 110.203170863481219, 25.218661519567029, 0.0 ], [ 110.20325180716776, 25.21856029278274, 0.0 ], [ 110.203386639620689, 25.218495149673409, 0.0 ], [ 110.203519772724519, 25.21842714448761, 0.0 ], [ 110.20365290581384, 25.218359139389925, 0.0 ], [ 110.20378677427361, 25.218292351049868, 0.0 ], [ 110.203921220970898, 25.218226519491267, 0.0 ], [ 110.204055667526191, 25.218160687806247, 0.0 ], [ 110.204190114029984, 25.218094856148213, 0.0 ], [ 110.204324560122885, 25.218029023909658, 0.0 ], [ 110.204459005921436, 25.217963191287431, 0.0 ], [ 110.204593451839756, 25.21789735898145, 0.0 ], [ 110.20472789761584, 25.217831526549066, 0.0 ], [ 110.204862343233017, 25.217765693961784, 0.0 ], [ 110.20499678867219, 25.217699861187654, 0.0 ], [ 110.205131233969198, 25.217634028287119, 0.0 ], [ 110.205265633564409, 25.217568118576725, 0.0 ], [ 110.20539983237849, 25.217501871035903, 0.0 ], [ 110.205534031049723, 25.217435623369095, 0.0 ], [ 110.205668757992342, 25.217370907523406, 0.0 ], [ 110.205803853792617, 25.21730618659566, 0.0 ], [ 110.205944281451679, 25.217252109670206, 0.0 ], [ 110.206086247425134, 25.217256488757442, 0.0 ], [ 110.206207601555008, 25.217318795424436, 0.0 ], [ 110.206295713659017, 25.217432229361233, 0.0 ], [ 110.206383825794177, 25.217545663331769, 0.0 ], [ 110.206471938224851, 25.217659097166187, 0.0 ], [ 110.20656005096329, 25.217772530856521, 0.0 ], [ 110.206647966784217, 25.217886090750316, 0.0 ], [ 110.206734357815336, 25.218000612595947, 0.0 ], [ 110.206817206720402, 25.218117269139718, 0.0 ], [ 110.206895227930502, 25.218236661892941, 0.0 ], [ 110.206967496857729, 25.218359007613937, 0.0 ], [ 110.207034237772248, 25.218483912286953, 0.0 ], [ 110.207095343292067, 25.21861117169939, 0.0 ], [ 110.207150714639127, 25.218740578123235, 0.0 ], [ 110.207200261303598, 25.218871920714413, 0.0 ], [ 110.20724390296833, 25.219004985283728, 0.0 ], [ 110.207286709330617, 25.219138265230097, 0.0 ], [ 110.207316293278879, 25.21927440869344, 0.0 ], [ 110.207337280235691, 25.219411986058727, 0.0 ], [ 110.207358267235193, 25.219549563419626, 0.0 ], [ 110.207376090494634, 25.219687440376816, 0.0 ], [ 110.207382786165354, 25.21982619194894, 0.0 ], [ 110.207383220645568, 25.219965076854599, 0.0 ], [ 110.207385480592947, 25.220103368750454, 0.0 ], [ 110.20738454862142, 25.220229302314216, 0.0 ], [ 110.207349626695276, 25.220363162427972, 0.0 ], [ 110.20732589815708, 25.220500360013464, 0.0 ], [ 110.207279041530555, 25.220632189075655, 0.0 ], [ 110.207226458004484, 25.220762588193971, 0.0 ], [ 110.207173502309942, 25.22089286281868, 0.0 ], [ 110.207146542780322, 25.221006164494309, 0.0 ], [ 110.207140293452781, 25.221107416087321, 0.0 ], [ 110.207090205955595, 25.22123861527572, 0.0 ], [ 110.207036164147965, 25.221368447792962, 0.0 ], [ 110.206959046669212, 25.221488326487322, 0.0 ], [ 110.206898979760979, 25.22161556069074, 0.0 ], [ 110.206845734348803, 25.221745737661909, 0.0 ], [ 110.20680368483842, 25.221878728686175, 0.0 ], [ 110.206772843098676, 25.222014536751047, 0.0 ], [ 110.206719597494541, 25.222144713705376, 0.0 ], [ 110.206666351146268, 25.222274890423225, 0.0 ], [ 110.206613104681196, 25.222405067116849, 0.0 ], [ 110.206559858128614, 25.222535243796205, 0.0 ], [ 110.206518650157278, 25.222593046072522, 0.0 ], [ 110.206490525716788, 25.222572997915318, 0.0 ], [ 110.206440388611639, 25.222704159132864, 0.0 ], [ 110.206393584857409, 25.222836368662836, 0.0 ], [ 110.206349169066641, 25.22296922677409, 0.0 ], [ 110.206308623249427, 25.223103135981894, 0.0 ], [ 110.206268077339459, 25.223237045174013, 0.0 ], [ 110.206235248958976, 25.223372653816412, 0.0 ], [ 110.206203978050965, 25.223508605428837, 0.0 ], [ 110.206172707069229, 25.223644557030475, 0.0 ], [ 110.206135868510628, 25.2237793135773, 0.0 ], [ 110.206095337196047, 25.223913226464543, 0.0 ], [ 110.206058436096654, 25.224047951599616, 0.0 ], [ 110.20602605337001, 25.22418368768966, 0.0 ], [ 110.205993670567267, 25.224319423768396, 0.0 ], [ 110.205961287688467, 25.224455159835816, 0.0 ], [ 110.205935504073622, 25.224583760356442, 0.0 ], [ 110.205905547718316, 25.224719956706597, 0.0 ], [ 110.205875591292056, 25.224856153046566, 0.0 ], [ 110.20584563479477, 25.224992349376368, 0.0 ], [ 110.205815678226472, 25.225128545695974, 0.0 ], [ 110.205785721587162, 25.2252647420054, 0.0 ], [ 110.20575605361681, 25.225400989795574, 0.0 ], [ 110.205727758849207, 25.225537476987853, 0.0 ], [ 110.205701714737657, 25.225674334723717, 0.0 ], [ 110.20567792759033, 25.22581153239738, 0.0 ], [ 110.205621949184774, 25.2259332042327, 0.0 ], [ 110.205497765300791, 25.226009645191816, 0.0 ], [ 110.205346812458259, 25.22603057067246, 0.0 ], [ 110.205195859568505, 25.226051495997591, 0.0 ], [ 110.205044906631514, 25.226072421167196, 0.0 ], [ 110.204893953647286, 25.226093346181269, 0.0 ], [ 110.204743000615821, 25.22611427103983, 0.0 ], [ 110.204592047537204, 25.226135195742863, 0.0 ], [ 110.204458274408893, 25.226087725090316, 0.0 ], [ 110.204339608697438, 25.226003911429409, 0.0 ], [ 110.204282911912699, 25.225874945525561, 0.0 ], [ 110.204219312125602, 25.225748891893801, 0.0 ], [ 110.204147701122722, 25.225626218192833, 0.0 ], [ 110.20407608996085, 25.225503544603605, 0.0 ], [ 110.203961966098973, 25.225418626080621, 0.0 ], [ 110.203816695159176, 25.22543200897757, 0.0 ], [ 110.203668450728813, 25.225465298427896, 0.0 ], [ 110.203517759273083, 25.225487460188802, 0.0 ], [ 110.203428507655417, 25.225427201744676, 0.0 ], [ 110.20335312543169, 25.225309999755758, 0.0 ], [ 110.203239680118571, 25.225397724972641, 0.0 ], [ 110.203203078829404, 25.225530436391463, 0.0 ], [ 110.203141692874041, 25.225657547803522, 0.0 ], [ 110.203072522430659, 25.22578128860798, 0.0 ], [ 110.202983713569481, 25.225890139145633, 0.0 ], [ 110.202849516972449, 25.225954598127721, 0.0 ], [ 110.20270361010725, 25.225995235401577, 0.0 ], [ 110.20255744894466, 25.226035397138688, 0.0 ], [ 110.202409620308089, 25.226067586661184, 0.0 ], [ 110.202257562917296, 25.22607945964408, 0.0 ], [ 110.202104871974811, 25.226080550983255, 0.0 ], [ 110.201953092362174, 25.226068704111459, 0.0 ], [ 110.20181567712477, 25.226014993535244, 0.0 ], [ 110.201666496881671, 25.226035886923917, 0.0 ], [ 110.201517196273102, 25.226065011985998, 0.0 ], [ 110.201367961203914, 25.226094412919451, 0.0 ], [ 110.201218190685012, 25.226121313873467, 0.0 ], [ 110.20106740625549, 25.22614300141932, 0.0 ], [ 110.200915303038073, 25.226145263036884, 0.0 ], [ 110.200763739152578, 25.226128562961666, 0.0 ], [ 110.200612276027627, 25.226110952472258, 0.0 ], [ 110.200462453766704, 25.226085351857677, 0.0 ], [ 110.200314044028133, 25.226052704295544, 0.0 ], [ 110.200164655182789, 25.226024115579591, 0.0 ], [ 110.200013893471436, 25.226002108922966, 0.0 ], [ 110.199862851666538, 25.22598176200998, 0.0 ], [ 110.1997113743938, 25.225964441821827, 0.0 ], [ 110.199562803572306, 25.225970094962221, 0.0 ], [ 110.199439923327404, 25.22605217236968, 0.0 ], [ 110.199324410184147, 25.226142930303851, 0.0 ], [ 110.199217686844662, 25.226242267102862, 0.0 ], [ 110.199114136060686, 25.226344300046645, 0.0 ], [ 110.199010970769308, 25.22644666973196, 0.0 ], [ 110.198906252112138, 25.226547743713567, 0.0 ], [ 110.198803074944394, 25.226650133033417, 0.0 ], [ 110.198700642221993, 25.226753139606199, 0.0 ], [ 110.198602247320281, 25.226859010870985, 0.0 ], [ 110.198519087478971, 25.226975498052834, 0.0 ], [ 110.19840992882871, 25.227039155213269, 0.0 ], [ 110.198329252777953, 25.22715707898745, 0.0 ], [ 110.198411836414081, 25.227212723562644, 0.0 ], [ 110.198564533009886, 25.227212421286911, 0.0 ], [ 110.19871722961021, 25.227212119120114, 0.0 ], [ 110.199042505270242, 25.227214533945865, 0.0 ], [ 110.199186063183745, 25.227236370171653, 0.0 ], [ 110.199338722361915, 25.22723946193004, 0.0 ], [ 110.199491256997234, 25.22723513483993, 0.0 ], [ 110.199643741200092, 25.227227804345461, 0.0 ], [ 110.199714805600451, 25.227309086978174, 0.0 ], [ 110.19985639638341, 25.227340753979803, 0.0 ], [ 110.200006099739213, 25.227364435963164, 0.0 ], [ 110.200134069174652, 25.227431105669979, 0.0 ], [ 110.199995279640447, 25.227476854257141, 0.0 ], [ 110.199850538013862, 25.227521102406321, 0.0 ], [ 110.199705796286239, 25.227565350410892, 0.0 ], [ 110.199561054457575, 25.227609598270845, 0.0 ], [ 110.199416312527845, 25.22765384598619, 0.0 ], [ 110.199271570497032, 25.22769809355691, 0.0 ], [ 110.199126828365252, 25.227742340983028, 0.0 ], [ 110.198982086137121, 25.227786588277432, 0.0 ], [ 110.198837343863275, 25.227830835576654, 0.0 ], [ 110.198692601488375, 25.227875082731259, 0.0 ], [ 110.198547859012365, 25.227919329741233, 0.0 ], [ 110.198403116435315, 25.227963576606612, 0.0 ], [ 110.198258373757312, 25.228007823327346, 0.0 ], [ 110.198113630926031, 25.228052069762128, 0.0 ], [ 110.197968887978547, 25.228096316011285, 0.0 ], [ 110.19782414493001, 25.228140562115819, 0.0 ], [ 110.197679401780448, 25.228184808075738, 0.0 ], [ 110.197534658529932, 25.22822905389102, 0.0 ], [ 110.197389915178306, 25.228273299561682, 0.0 ], [ 110.197245171725669, 25.228317545087716, 0.0 ], [ 110.197100428171979, 25.228361790469119, 0.0 ], [ 110.196955684517349, 25.228406035705905, 0.0 ], [ 110.196810940761594, 25.22845028079805, 0.0 ], [ 110.196666503540442, 25.228495346891261, 0.0 ], [ 110.196522078125412, 25.228540444731468, 0.0 ], [ 110.196377652607524, 25.228585542427616, 0.0 ], [ 110.196233226986777, 25.228630639979702, 0.0 ], [ 110.196088801263201, 25.228675737387722, 0.0 ], [ 110.195954335388862, 25.228721722534626, 0.0 ], [ 110.195952523816629, 25.228595041506615, 0.0 ], [ 110.195822581501929, 25.228562163556916, 0.0 ], [ 110.19567705066855, 25.228521447630882, 0.0 ], [ 110.195535246688337, 25.228469941475474, 0.0 ], [ 110.195390283103421, 25.22842765616678, 0.0 ], [ 110.19524117495655, 25.22839818342667, 0.0 ], [ 110.195097961609264, 25.228426019269278, 0.0 ], [ 110.195002799760331, 25.228533448466298, 0.0 ], [ 110.194916235872341, 25.22864778921755, 0.0 ], [ 110.194833705030277, 25.22876464946658, 0.0 ], [ 110.194750587864945, 25.228881161762249, 0.0 ], [ 110.194665801545483, 25.228996675153006, 0.0 ], [ 110.194579555117258, 25.229111294070076, 0.0 ], [ 110.194495048422354, 25.229206598897562, 0.0 ], [ 110.19439555461085, 25.229223057437565, 0.0 ], [ 110.19427561647845, 25.229206403903881, 0.0 ], [ 110.19414609752549, 25.229228696783562, 0.0 ], [ 110.194072519255712, 25.229347146744487, 0.0 ], [ 110.194017082529541, 25.229469670926076, 0.0 ], [ 110.194114465546022, 25.229568551989377, 0.0 ], [ 110.194171856662123, 25.229643448125117, 0.0 ], [ 110.194049309639837, 25.229726313650843, 0.0 ], [ 110.193926762452804, 25.22980917906991, 0.0 ], [ 110.193788040203955, 25.229841217261662, 0.0 ], [ 110.193638291953334, 25.229838794755977, 0.0 ], [ 110.193555611334958, 25.229731223737716, 0.0 ], [ 110.193479636079289, 25.229619908638835, 0.0 ], [ 110.193376684256862, 25.229517648304565, 0.0 ], [ 110.19335790128342, 25.229396102111632, 0.0 ], [ 110.193467339392754, 25.229299272512176, 0.0 ], [ 110.193575588615673, 25.229201309141541, 0.0 ], [ 110.193683837665048, 25.229103345686035, 0.0 ], [ 110.193792287942642, 25.229005566874086, 0.0 ] ], [ [ 110.207193429023803, 25.22261535457087, 0.0 ], [ 110.207272963005138, 25.222419116299662, 0.0 ], [ 110.207353141545923, 25.222223093414055, 0.0 ], [ 110.207433319766977, 25.222027070455027, 0.0 ], [ 110.207513497687842, 25.221831047429191, 0.0 ], [ 110.207593675478293, 25.22163502439399, 0.0 ], [ 110.207675122347311, 25.221439435217022, 0.0 ], [ 110.207756705285632, 25.221243892589527, 0.0 ], [ 110.207838287955283, 25.221048349905534, 0.0 ], [ 110.207910436073334, 25.22085109064399, 0.0 ], [ 110.20797437994797, 25.220650294858853, 0.0 ], [ 110.208031973191112, 25.220447811089127, 0.0 ], [ 110.208078423793751, 25.220243086536367, 0.0 ], [ 110.208109902223867, 25.220035931006819, 0.0 ], [ 110.208128856678883, 25.219827517706538, 0.0 ], [ 110.208135307274119, 25.219618475192863, 0.0 ], [ 110.208129235592665, 25.219409422782817, 0.0 ], [ 110.208115644744765, 25.219205229889255, 0.0 ], [ 110.208084581311553, 25.218998033463709, 0.0 ], [ 110.208041981162395, 25.218792541093407, 0.0 ], [ 110.207985952494568, 25.218589729398531, 0.0 ], [ 110.207929008722445, 25.218387950391996, 0.0 ], [ 110.207850252682775, 25.218191482382796, 0.0 ], [ 110.207758842191865, 25.217999591081423, 0.0 ], [ 110.207650704007264, 25.217815213008191, 0.0 ], [ 110.20753286138698, 25.217635663844156, 0.0 ], [ 110.207409141385838, 25.217459374991972, 0.0 ], [ 110.207279534397543, 25.217286677573622, 0.0 ], [ 110.207147209744292, 25.217115638160095, 0.0 ], [ 110.207014800887478, 25.216944652886227, 0.0 ], [ 110.206935830188598, 25.216766895728817, 0.0 ], [ 110.207010919717263, 25.216569213093891, 0.0 ], [ 110.207182348075762, 25.216450113137178, 0.0 ], [ 110.207390946841087, 25.216362163749661, 0.0 ], [ 110.207599545313172, 25.216274214059432, 0.0 ], [ 110.207809793517825, 25.216189658202271, 0.0 ], [ 110.20801952535362, 25.216118663556731, 0.0 ], [ 110.20823361903642, 25.21604242183956, 0.0 ], [ 110.208447712459972, 25.215966179805033, 0.0 ], [ 110.208661805624345, 25.215889937453149, 0.0 ], [ 110.208878464865208, 25.215820496239193, 0.0 ], [ 110.209098897764946, 25.215761056457289, 0.0 ], [ 110.209319330459223, 25.215701616340986, 0.0 ], [ 110.209539762947998, 25.215642175890295, 0.0 ], [ 110.209760729856825, 25.215584505319878, 0.0 ], [ 110.209983603861644, 25.215533149679938, 0.0 ], [ 110.210206477688629, 25.215481793699063, 0.0 ], [ 110.210429624377809, 25.215431439928523, 0.0 ], [ 110.210652968058156, 25.215385921437907, 0.0 ], [ 110.210879130466338, 25.215348309728412, 0.0 ], [ 110.211105205846778, 25.215310259098892, 0.0 ], [ 110.21133128109625, 25.215272208120009, 0.0 ], [ 110.21155735621484, 25.215234156791762, 0.0 ], [ 110.211783604464514, 25.215197024483121, 0.0 ], [ 110.212010702041852, 25.215164399191227, 0.0 ], [ 110.212235528680438, 25.215132909643906, 0.0 ], [ 110.212378730030849, 25.215208774526893, 0.0 ], [ 110.212452472093744, 25.215392463926591, 0.0 ], [ 110.212328561204387, 25.215676958402746, 0.0 ], [ 110.21232476254707, 25.215973999198329, 0.0 ], [ 110.212261669871864, 25.216170162564701, 0.0 ], [ 110.212347214732134, 25.216320799088301, 0.0 ], [ 110.212547466626063, 25.216423532974456, 0.0 ], [ 110.212755511550185, 25.216505279743018, 0.0 ], [ 110.212966111785704, 25.21657320466835, 0.0 ], [ 110.213189836688414, 25.216538179604662, 0.0 ], [ 110.213337384210433, 25.216427468533592, 0.0 ], [ 110.213352880847509, 25.216222332161749, 0.0 ], [ 110.21302708606251, 25.215931635464155, 0.0 ], [ 110.213059135367544, 25.215725015872838, 0.0 ], [ 110.213198008057034, 25.215619497683416, 0.0 ], [ 110.213426354002337, 25.21559512116076, 0.0 ], [ 110.213653727003944, 25.215565182308598, 0.0 ], [ 110.213879111596626, 25.215523876960184, 0.0 ], [ 110.213981024249762, 25.215404134757623, 0.0 ], [ 110.213946027922702, 25.21519741983743, 0.0 ], [ 110.213848990647918, 25.215022489867426, 0.0 ], [ 110.213905967269312, 25.214849388108753, 0.0 ], [ 110.21412964983395, 25.214801033451476, 0.0 ], [ 110.214355825889385, 25.214763486879626, 0.0 ], [ 110.214582003923283, 25.214725949082681, 0.0 ], [ 110.214808041264419, 25.214687780442105, 0.0 ], [ 110.214996346171901, 25.214689883231724, 0.0 ], [ 110.215029722114835, 25.21489681983908, 0.0 ], [ 110.215063098160698, 25.215103756435887, 0.0 ], [ 110.215096474309604, 25.215310693022136, 0.0 ], [ 110.215135428994842, 25.215516802910397, 0.0 ], [ 110.21517597602319, 25.215722676829003, 0.0 ], [ 110.215216523178313, 25.215928550734098, 0.0 ], [ 110.215257070460098, 25.216134424625661, 0.0 ], [ 110.2152976178687, 25.21634029850372, 0.0 ], [ 110.215338165403963, 25.216546172368261, 0.0 ], [ 110.215378713066031, 25.216752046219284, 0.0 ], [ 110.215419260854759, 25.216957920056778, 0.0 ], [ 110.215459808770234, 25.217163793880765, 0.0 ], [ 110.215500356812527, 25.217369667691234, 0.0 ], [ 110.215540904981495, 25.217575541488177, 0.0 ], [ 110.215581453277267, 25.217781415271595, 0.0 ], [ 110.215622001699728, 25.217987289041503, 0.0 ], [ 110.215662550255672, 25.218193162796794, 0.0 ], [ 110.215703098966358, 25.218399036534009, 0.0 ], [ 110.215743647803805, 25.218604910257714, 0.0 ], [ 110.215784196767984, 25.218810783967882, 0.0 ], [ 110.215824745858868, 25.219016657664536, 0.0 ], [ 110.215865295076583, 25.219222531347672, 0.0 ], [ 110.215905844421059, 25.219428405017275, 0.0 ], [ 110.215946393892253, 25.219634278673372, 0.0 ], [ 110.215986943490194, 25.219840152315932, 0.0 ], [ 110.216027493284173, 25.220046025933705, 0.0 ], [ 110.216068043210655, 25.220251899537001, 0.0 ], [ 110.216108593194903, 25.220457773138033, 0.0 ], [ 110.216149143113682, 25.220663646756861, 0.0 ], [ 110.216189693198885, 25.220869520355723, 0.0 ], [ 110.216230243473788, 25.221075393930789, 0.0 ], [ 110.216270793875481, 25.221281267492326, 0.0 ], [ 110.21634675284723, 25.221467636394763, 0.0 ], [ 110.216343834301469, 25.221652091240458, 0.0 ], [ 110.216384384969217, 25.221857964778636, 0.0 ], [ 110.216424935926426, 25.222063838276778, 0.0 ], [ 110.216465487039684, 25.222269711756631, 0.0 ], [ 110.216506038279647, 25.222475585222956, 0.0 ], [ 110.216546589646413, 25.222681458675751, 0.0 ], [ 110.216569916518907, 25.22288486380732, 0.0 ], [ 110.21663522496624, 25.223046615812358, 0.0 ], [ 110.216808181139129, 25.222985912047282, 0.0 ], [ 110.216848733159495, 25.223191785419672, 0.0 ], [ 110.216884763233864, 25.223398318174407, 0.0 ], [ 110.216904176762625, 25.223606665336856, 0.0 ], [ 110.216847752094878, 25.22375702301553, 0.0 ], [ 110.216700501662658, 25.223844586224416, 0.0 ], [ 110.216647918400469, 25.22402270948426, 0.0 ], [ 110.216446953589895, 25.224019885484015, 0.0 ], [ 110.216273166357567, 25.224063830595412, 0.0 ], [ 110.216161285884084, 25.224246552468429, 0.0 ], [ 110.215989508186738, 25.224315639678231, 0.0 ], [ 110.215767627556218, 25.224370493775083, 0.0 ], [ 110.21554702376018, 25.224423945722382, 0.0 ], [ 110.215326532663369, 25.224479542437823, 0.0 ], [ 110.215104816529617, 25.224534939427301, 0.0 ], [ 110.214883422523997, 25.224591398152942, 0.0 ], [ 110.214662028322735, 25.224647856541552, 0.0 ], [ 110.214440633925932, 25.224704314593133, 0.0 ], [ 110.214219239318055, 25.224760772257603, 0.0 ], [ 110.213997844511752, 25.224817229575333, 0.0 ], [ 110.213776449509893, 25.22487368655602, 0.0 ], [ 110.213555054312394, 25.224930143199661, 0.0 ], [ 110.213333534268571, 25.224986192165719, 0.0 ], [ 110.213111912481097, 25.225041908944029, 0.0 ], [ 110.212890290500596, 25.225097625384684, 0.0 ], [ 110.212667350476778, 25.225148795160862, 0.0 ], [ 110.212443593254619, 25.225196892714138, 0.0 ], [ 110.212219143438531, 25.225242240180549, 0.0 ], [ 110.211993977002052, 25.225284597087871, 0.0 ], [ 110.21176790972946, 25.225322767185219, 0.0 ], [ 110.211541299118167, 25.225358115715121, 0.0 ], [ 110.211314174481174, 25.225390638208022, 0.0 ], [ 110.211086490390983, 25.225419807158271, 0.0 ], [ 110.21085833161932, 25.225445698097776, 0.0 ], [ 110.210629727069005, 25.225468111334045, 0.0 ], [ 110.210400741826973, 25.225487064326998, 0.0 ], [ 110.210171600871803, 25.225504372447141, 0.0 ], [ 110.209942423944256, 25.225521300718828, 0.0 ], [ 110.209713246963588, 25.225538228633521, 0.0 ], [ 110.2094840699298, 25.225555156191874, 0.0 ], [ 110.209254892843092, 25.225572083394436, 0.0 ], [ 110.209025715703206, 25.22558901024, 0.0 ], [ 110.208796538510228, 25.225605936728559, 0.0 ], [ 110.208567361264187, 25.225622862860117, 0.0 ], [ 110.208338183964997, 25.225639788634673, 0.0 ], [ 110.208109006612716, 25.225656714052224, 0.0 ], [ 110.207879829207315, 25.22567363911276, 0.0 ], [ 110.207650651744174, 25.225690563763632, 0.0 ], [ 110.207421474205745, 25.225707487808105, 0.0 ], [ 110.207192296614096, 25.225724411495559, 0.0 ], [ 110.206963118969512, 25.225741334826012, 0.0 ], [ 110.206733941271793, 25.225758257799455, 0.0 ], [ 110.206556743549356, 25.225657242323159, 0.0 ], [ 110.206519627604351, 25.225470027602604, 0.0 ], [ 110.206560068941272, 25.225264143059334, 0.0 ], [ 110.206604359026088, 25.225058910280918, 0.0 ], [ 110.206641444846866, 25.22485279924188, 0.0 ], [ 110.206660121776423, 25.224644338838587, 0.0 ], [ 110.206705229324825, 25.224439251538374, 0.0 ], [ 110.20675033671229, 25.224234164215083, 0.0 ], [ 110.206795443938731, 25.224029076868696, 0.0 ], [ 110.206838640333828, 25.223823688600785, 0.0 ], [ 110.206874933598442, 25.223618480847875, 0.0 ], [ 110.206924132907019, 25.223414311685822, 0.0 ], [ 110.206983498654296, 25.223212901413131, 0.0 ], [ 110.20704824481183, 25.223012219690823, 0.0 ], [ 110.207118194677236, 25.222812987169775, 0.0 ], [ 110.207193429023803, 25.22261535457087, 0.0 ] ], [ [ 110.180381336127724, 25.219195609405926, 0.0 ], [ 110.18036970943848, 25.2193442073387, 0.0 ], [ 110.180063155409655, 25.219283671493049, 0.0 ], [ 110.180021704917536, 25.219405452242988, 0.0 ], [ 110.179963544526942, 25.219464480678251, 0.0 ], [ 110.179809065601845, 25.219544070448439, 0.0 ], [ 110.179713786794395, 25.219644031162275, 0.0 ], [ 110.179521352046407, 25.219688957227181, 0.0 ], [ 110.179361707384686, 25.219675031411391, 0.0 ], [ 110.179141946511351, 25.219611940598316, 0.0 ], [ 110.179050408099869, 25.219542673857685, 0.0 ], [ 110.178924031363252, 25.219577355705749, 0.0 ], [ 110.178873009649237, 25.219419772717782, 0.0 ], [ 110.17871798190113, 25.219532731293601, 0.0 ], [ 110.178789179434943, 25.219686436336815, 0.0 ], [ 110.178866335775851, 25.219824829481659, 0.0 ], [ 110.179059660927805, 25.219863495930259, 0.0 ], [ 110.179245946259542, 25.219920361505459, 0.0 ], [ 110.179285680535941, 25.220065716443003, 0.0 ], [ 110.179261092177939, 25.220245039801103, 0.0 ], [ 110.17910598453615, 25.220300180283378, 0.0 ], [ 110.178907952910279, 25.220314680900302, 0.0 ], [ 110.178709921201559, 25.220329180755162, 0.0 ], [ 110.178511889082301, 25.22034367614145, 0.0 ], [ 110.178313856326795, 25.220358164507338, 0.0 ], [ 110.178115823532323, 25.220372652606653, 0.0 ], [ 110.178027134289934, 25.220092689462351, 0.0 ], [ 110.177965088700816, 25.219921335189994, 0.0 ], [ 110.178055560777807, 25.219770426947573, 0.0 ], [ 110.178171878983463, 25.219623918638291, 0.0 ], [ 110.178288651264126, 25.2194777064325, 0.0 ], [ 110.178405134040986, 25.219331303434213, 0.0 ], [ 110.178521543767687, 25.219184852356221, 0.0 ], [ 110.178635666856877, 25.219036958149509, 0.0 ], [ 110.178479562511683, 25.218934541360913, 0.0 ], [ 110.178313047849016, 25.218835965929554, 0.0 ], [ 110.178148070036784, 25.21873528683134, 0.0 ], [ 110.177983369813887, 25.218634222948886, 0.0 ], [ 110.177818109340379, 25.218533916750033, 0.0 ], [ 110.177652939576021, 25.218433487260878, 0.0 ], [ 110.17748801733326, 25.218332725588688, 0.0 ], [ 110.177324674528947, 25.218229853436224, 0.0 ], [ 110.177161332048101, 25.218126981048631, 0.0 ], [ 110.176997990053508, 25.218024108211779, 0.0 ], [ 110.176833651385721, 25.217922558499421, 0.0 ], [ 110.176669244756553, 25.21782109918529, 0.0 ], [ 110.176504838286476, 25.217719639850266, 0.0 ], [ 110.176338379439969, 25.217620992981235, 0.0 ], [ 110.176171774784351, 25.217522546095015, 0.0 ], [ 110.176005596567109, 25.217423516589768, 0.0 ], [ 110.17566570611919, 25.217314356008252, 0.0 ], [ 110.175668674332243, 25.21713365088943, 0.0 ], [ 110.17567164221677, 25.216952945761712, 0.0 ], [ 110.175674610035585, 25.216772240628682, 0.0 ], [ 110.175677578202382, 25.216591535495947, 0.0 ], [ 110.175754841589836, 25.21648125137575, 0.0 ], [ 110.176269058775787, 25.216329029096286, 0.0 ], [ 110.176284232138642, 25.216150093072841, 0.0 ], [ 110.176293987467645, 25.215969589878711, 0.0 ], [ 110.176302294063589, 25.215789022577507, 0.0 ], [ 110.176420285572959, 25.215706510967795, 0.0 ], [ 110.176685704608033, 25.215561571863397, 0.0 ], [ 110.176807672586918, 25.215468946555756, 0.0 ], [ 110.176717399629922, 25.215307956796178, 0.0 ], [ 110.176661439318195, 25.215135691996963, 0.0 ], [ 110.176799282923085, 25.215012944986281, 0.0 ], [ 110.176881507764833, 25.214883072908588, 0.0 ], [ 110.176784739775712, 25.214725236655415, 0.0 ], [ 110.176894895775604, 25.214620827068622, 0.0 ], [ 110.177068380661595, 25.214532768834282, 0.0 ], [ 110.177241700858588, 25.214444445042805, 0.0 ], [ 110.177414613315079, 25.214356688880052, 0.0 ], [ 110.177562583478945, 25.214323050311155, 0.0 ], [ 110.177976993575726, 25.214380649927648, 0.0 ], [ 110.178099644376999, 25.214433102691785, 0.0 ], [ 110.178266257269698, 25.21451238263198, 0.0 ], [ 110.178391727772052, 25.21460322801785, 0.0 ], [ 110.178552429903419, 25.214627266035773, 0.0 ], [ 110.178728969003828, 25.214684114759446, 0.0 ], [ 110.178812498917438, 25.214547825915464, 0.0 ], [ 110.178987162595362, 25.214633934296586, 0.0 ], [ 110.179097419106355, 25.214752989749517, 0.0 ], [ 110.179236947979774, 25.214795432075093, 0.0 ], [ 110.179398289008006, 25.214899544903833, 0.0 ], [ 110.179554282597607, 25.214993334825209, 0.0 ], [ 110.179680732862707, 25.215069335587145, 0.0 ], [ 110.179846551123475, 25.215168870807098, 0.0 ], [ 110.179995412267814, 25.215288440855488, 0.0 ], [ 110.18014575733757, 25.215406571371741, 0.0 ], [ 110.180256924710932, 25.215552615596252, 0.0 ], [ 110.180386403369354, 25.215687528802892, 0.0 ], [ 110.180450907260166, 25.215847541180509, 0.0 ], [ 110.180516016251758, 25.216009196738646, 0.0 ], [ 110.180633333069636, 25.216155045744188, 0.0 ], [ 110.180713194320077, 25.216319230194198, 0.0 ], [ 110.180713079049497, 25.2164962443258, 0.0 ], [ 110.180529461922248, 25.216962551694582, 0.0 ], [ 110.180482085550153, 25.217138061106507, 0.0 ], [ 110.180405479639944, 25.217303347368642, 0.0 ], [ 110.180358022858968, 25.217476006973907, 0.0 ], [ 110.180356814371066, 25.217656729087565, 0.0 ], [ 110.180368942752224, 25.217836249380326, 0.0 ], [ 110.180425254141227, 25.218006492856052, 0.0 ], [ 110.180560244914602, 25.218138091469722, 0.0 ], [ 110.180620956897812, 25.218298878165559, 0.0 ], [ 110.180628830109043, 25.218478534818221, 0.0 ], [ 110.180653403327923, 25.218653243555622, 0.0 ], [ 110.180558200162565, 25.218744825336628, 0.0 ], [ 110.180497180737618, 25.218876905704246, 0.0 ], [ 110.180436894011621, 25.219040605813031, 0.0 ], [ 110.180381336127724, 25.219195609405926, 0.0 ] ], [ [ 110.17590992226765, 25.214707663401001, 0.0 ], [ 110.175679244678761, 25.214707685357215, 0.0 ], [ 110.175573037033303, 25.21441622153846, 0.0 ], [ 110.175466829672956, 25.214124757705779, 0.0 ], [ 110.175360622801662, 25.21383329379761, 0.0 ], [ 110.175285751684655, 25.213538910760452, 0.0 ], [ 110.175324818247958, 25.213233913755026, 0.0 ], [ 110.17537406028022, 25.212930786034345, 0.0 ], [ 110.175383724889372, 25.212670503459098, 0.0 ], [ 110.175087260226164, 25.212524041493616, 0.0 ], [ 110.17481546960326, 25.212343170771135, 0.0 ], [ 110.174566766275277, 25.212135955887199, 0.0 ], [ 110.174341277479442, 25.211907588678837, 0.0 ], [ 110.174119147743724, 25.211676443342576, 0.0 ], [ 110.173911524760101, 25.211434416172352, 0.0 ], [ 110.173700042482636, 25.21119793353536, 0.0 ], [ 110.173387879573184, 25.211086060310222, 0.0 ], [ 110.173063740794063, 25.211000609265792, 0.0 ], [ 110.172740048820998, 25.210913754967908, 0.0 ], [ 110.172422869809921, 25.210809538779607, 0.0 ], [ 110.172212110952927, 25.210578441978527, 0.0 ], [ 110.171967158891974, 25.210481113572065, 0.0 ], [ 110.17163984826928, 25.210556084354526, 0.0 ], [ 110.171468202096605, 25.210342590895031, 0.0 ], [ 110.171330668484444, 25.210062178513709, 0.0 ], [ 110.171194449837714, 25.209781242512864, 0.0 ], [ 110.171061258987805, 25.209499100687353, 0.0 ], [ 110.17127025466165, 25.209341763425027, 0.0 ], [ 110.171432789235666, 25.2089830188064, 0.0 ], [ 110.171251916010632, 25.208723770960365, 0.0 ], [ 110.171071521922229, 25.208464247035092, 0.0 ], [ 110.170885336576816, 25.208208199784998, 0.0 ], [ 110.170696702464838, 25.207953573075962, 0.0 ], [ 110.17051592647789, 25.207694350108667, 0.0 ], [ 110.17035219362721, 25.207425879810696, 0.0 ], [ 110.170185450527086, 25.207158975405978, 0.0 ], [ 110.170004642329729, 25.206899784263413, 0.0 ], [ 110.169815899388553, 25.206645224588083, 0.0 ], [ 110.169626641353474, 25.206390981061475, 0.0 ], [ 110.169457979913588, 25.206125254478899, 0.0 ], [ 110.169292774642017, 25.205857551967192, 0.0 ], [ 110.169073996900863, 25.20585240936915, 0.0 ], [ 110.16919509412989, 25.206109396369232, 0.0 ], [ 110.169376694874089, 25.206368220756875, 0.0 ], [ 110.16955805082857, 25.206627187395615, 0.0 ], [ 110.16974209194602, 25.206884579528531, 0.0 ], [ 110.169918626175274, 25.207146160255746, 0.0 ], [ 110.170090990703045, 25.207410044604107, 0.0 ], [ 110.170274640533833, 25.207667571745684, 0.0 ], [ 110.170444141599319, 25.207933070520255, 0.0 ], [ 110.170448101286723, 25.208099703436627, 0.0 ], [ 110.170169154492854, 25.208230114216498, 0.0 ], [ 110.170041004591468, 25.208502144884655, 0.0 ], [ 110.169949546607086, 25.208797247651152, 0.0 ], [ 110.169952915684746, 25.20910240374188, 0.0 ], [ 110.170052084336149, 25.209392664580683, 0.0 ], [ 110.170123847124444, 25.209691539609405, 0.0 ], [ 110.169955661144584, 25.209955560848737, 0.0 ], [ 110.169780393743466, 25.21021796817223, 0.0 ], [ 110.169662986547181, 25.210502277435587, 0.0 ], [ 110.169580678288952, 25.210800067982817, 0.0 ], [ 110.1695049612769, 25.211099235993078, 0.0 ], [ 110.1694698428077, 25.211402724329012, 0.0 ], [ 110.169573849310652, 25.211662660320332, 0.0 ], [ 110.169730587175493, 25.211918693675468, 0.0 ], [ 110.171176229763375, 25.213571277916895, 0.0 ], [ 110.171434327663988, 25.214479281655638, 0.0 ], [ 110.171380137329592, 25.214727959505787, 0.0 ], [ 110.171049566457029, 25.215162069652802, 0.0 ], [ 110.170754070592807, 25.21528986188461, 0.0 ], [ 110.170521898793126, 25.215404662646002, 0.0 ], [ 110.169998610279791, 25.215501616156963, 0.0 ], [ 110.169662930036168, 25.215515542346555, 0.0 ], [ 110.16933714434667, 25.215555559114559, 0.0 ], [ 110.16872242581141, 25.215437573864101, 0.0 ], [ 110.168471033954376, 25.215432096744539, 0.0 ], [ 110.168196006217784, 25.215267909128638, 0.0 ], [ 110.168198092920008, 25.215026329463296, 0.0 ], [ 110.168017773573951, 25.214781917204519, 0.0 ], [ 110.16772017281852, 25.214667747568711, 0.0 ], [ 110.167477835037502, 25.214625106094804, 0.0 ], [ 110.167030184973342, 25.214575010717063, 0.0 ], [ 110.166774934794546, 25.214540974854387, 0.0 ], [ 110.166565941628846, 25.214772373016025, 0.0 ], [ 110.166339514494609, 25.21500009457592, 0.0 ], [ 110.166114517019821, 25.215228973240638, 0.0 ], [ 110.165867589387602, 25.215222986157205, 0.0 ], [ 110.165604208720339, 25.215030961836327, 0.0 ], [ 110.165674674471617, 25.214818925334839, 0.0 ], [ 110.165901945075944, 25.214592188532453, 0.0 ], [ 110.166134003049905, 25.21436920802207, 0.0 ], [ 110.166322887747441, 25.214150760031284, 0.0 ], [ 110.166032217765263, 25.213995153637278, 0.0 ], [ 110.165808924981704, 25.213821267552149, 0.0 ], [ 110.165525782133116, 25.213654119012247, 0.0 ], [ 110.165242639986459, 25.213486970060146, 0.0 ], [ 110.164959498377385, 25.213319820926575, 0.0 ], [ 110.164676357705346, 25.213152671051397, 0.0 ], [ 110.164393217990352, 25.212985520406477, 0.0 ], [ 110.164184320060855, 25.212800047194772, 0.0 ], [ 110.164075269416472, 25.212509906086041, 0.0 ], [ 110.1639431228988, 25.212289334479149, 0.0 ], [ 110.163944838331929, 25.211982278483006, 0.0 ], [ 110.163953574803642, 25.211675340383852, 0.0 ], [ 110.163964227746945, 25.21136843338747, 0.0 ], [ 110.1639747466822, 25.211061522536927, 0.0 ], [ 110.163982318026072, 25.210754561015772, 0.0 ], [ 110.16396042551014, 25.210450335052499, 0.0 ], [ 110.16395753807555, 25.210144087416538, 0.0 ], [ 110.163885521558441, 25.209844098336493, 0.0 ], [ 110.163813505710493, 25.209544109151299, 0.0 ], [ 110.163704959407596, 25.209255735032976, 0.0 ], [ 110.163555895081103, 25.208980243767201, 0.0 ], [ 110.163377248042664, 25.208722949043231, 0.0 ], [ 110.163151765563214, 25.208494462632601, 0.0 ], [ 110.162917925772589, 25.208283227721441, 0.0 ], [ 110.162580420380166, 25.208285958146529, 0.0 ], [ 110.162242914996611, 25.208288687800742, 0.0 ], [ 110.161905409614548, 25.20829141592559, 0.0 ], [ 110.161585098183977, 25.208371346244896, 0.0 ], [ 110.161249328434693, 25.208394367712511, 0.0 ], [ 110.160971076865678, 25.208536324415693, 0.0 ], [ 110.16074015572994, 25.208758528651192, 0.0 ], [ 110.16053250631758, 25.208998211381701, 0.0 ], [ 110.15940077744095, 25.209021423034184, 0.0 ], [ 110.159077936062388, 25.209110888355429, 0.0 ], [ 110.158755520573152, 25.209201717799377, 0.0 ], [ 110.158433036890045, 25.209292349901485, 0.0 ], [ 110.157847018167445, 25.209234022264575, 0.0 ], [ 110.157543157057603, 25.209184625705493, 0.0 ], [ 110.157344631023861, 25.208974403533869, 0.0 ], [ 110.157117208419052, 25.208749052084858, 0.0 ], [ 110.156881811425649, 25.208534554025846, 0.0 ], [ 110.156612330099293, 25.20834970951892, 0.0 ], [ 110.156330792367214, 25.208188471901437, 0.0 ], [ 110.156111483849884, 25.207966252095286, 0.0 ], [ 110.155866136487049, 25.207756437941445, 0.0 ], [ 110.155605682710956, 25.207561143586698, 0.0 ], [ 110.155342041676008, 25.207369489271372, 0.0 ], [ 110.155040726556834, 25.207267777065294, 0.0 ], [ 110.154772684058713, 25.207081176054494, 0.0 ], [ 110.154596488776846, 25.206874414883771, 0.0 ], [ 110.154518122067344, 25.206311752249114, 0.0 ], [ 110.154468024996973, 25.206010265340407, 0.0 ], [ 110.154397924941861, 25.205709901708769, 0.0 ], [ 110.154325480453778, 25.205409998959187, 0.0 ], [ 110.154253020499524, 25.205110099276943, 0.0 ], [ 110.154184144894501, 25.204809523235497, 0.0 ], [ 110.154119521823304, 25.2045081447441, 0.0 ], [ 110.154054900317902, 25.204206765995188, 0.0 ], [ 110.153926258127669, 25.203929837840569, 0.0 ], [ 110.153735066502961, 25.203676798368459, 0.0 ], [ 110.153587441397733, 25.203229339336556, 0.0 ], [ 110.153366794724832, 25.202996986852963, 0.0 ], [ 110.153167099080662, 25.202750381249022, 0.0 ], [ 110.153013677045408, 25.202477612386293, 0.0 ], [ 110.15287298378027, 25.202198505131964, 0.0 ], [ 110.1527322911261, 25.201919397756232, 0.0 ], [ 110.152591599067378, 25.201640290265587, 0.0 ], [ 110.152450907542956, 25.201361182685584, 0.0 ], [ 110.152303486714061, 25.201087568843263, 0.0 ], [ 110.152164802409303, 25.200807631217533, 0.0 ], [ 110.152026118722844, 25.20052769346777, 0.0 ], [ 110.15208523156268, 25.200255895715458, 0.0 ], [ 110.152251126127354, 25.199988492295635, 0.0 ], [ 110.152417020062572, 25.199721088716672, 0.0 ], [ 110.152616606888969, 25.199481198263697, 0.0 ], [ 110.152890936884475, 25.199302342195573, 0.0 ], [ 110.153165265747816, 25.199123485163849, 0.0 ], [ 110.15343959394589, 25.198944627761389, 0.0 ], [ 110.153413018101446, 25.198719362126702, 0.0 ], [ 110.153213386083735, 25.19848665813527, 0.0 ], [ 110.152907230227626, 25.198615869789947, 0.0 ], [ 110.152642872826803, 25.198803722003667, 0.0 ], [ 110.152388333723309, 25.199005348548226, 0.0 ], [ 110.152133793784571, 25.199206974627398, 0.0 ], [ 110.151868151145209, 25.199385968083742, 0.0 ], [ 110.151533215713073, 25.199423702128069, 0.0 ], [ 110.151198280101426, 25.19946143543315, 0.0 ], [ 110.150863344306799, 25.199499167974061, 0.0 ], [ 110.150545784919473, 25.199592663898407, 0.0 ], [ 110.150238919924021, 25.199720480533657, 0.0 ], [ 110.149940391487718, 25.199817738115541, 0.0 ], [ 110.149734849925864, 25.199574192953722, 0.0 ], [ 110.149529308887537, 25.199330647720846, 0.0 ], [ 110.149323768659173, 25.199087102216925, 0.0 ], [ 110.149118229206891, 25.198843556465441, 0.0 ], [ 110.148998844187275, 25.198567701237284, 0.0 ], [ 110.148888634981219, 25.19827807365925, 0.0 ], [ 110.148823399870551, 25.197981466118048, 0.0 ], [ 110.148867003008235, 25.197681369384533, 0.0 ], [ 110.14889487295271, 25.19737623860113, 0.0 ], [ 110.148777288964965, 25.197101324228541, 0.0 ], [ 110.148650064325281, 25.196911445548324, 0.0 ], [ 110.148217506830576, 25.195461767799923, 0.0 ], [ 110.148382872129233, 25.19489064431561, 0.0 ], [ 110.148427718011376, 25.194692372630051, 0.0 ], [ 110.148583475074915, 25.194420046737513, 0.0 ], [ 110.148737883576715, 25.194147011821393, 0.0 ], [ 110.148907376973142, 25.193881538828464, 0.0 ], [ 110.14908666627484, 25.193621566933679, 0.0 ], [ 110.149275427323971, 25.193367031276448, 0.0 ], [ 110.149482157964499, 25.193124626444018, 0.0 ], [ 110.149801461967343, 25.193166005592005, 0.0 ], [ 110.150115437514927, 25.193256465958413, 0.0 ], [ 110.150450973067095, 25.193228240449066, 0.0 ], [ 110.150783489973023, 25.193228134093609, 0.0 ], [ 110.151114670530532, 25.193287169203433, 0.0 ], [ 110.151444623409674, 25.193351066412522, 0.0 ], [ 110.151770909817074, 25.193429483346272, 0.0 ], [ 110.152079511982109, 25.193548014555425, 0.0 ], [ 110.15237491320579, 25.193696490984426, 0.0 ], [ 110.152696912534807, 25.193781427149979, 0.0 ], [ 110.152957847124597, 25.193951466662629, 0.0 ], [ 110.153193800549147, 25.194168735774365, 0.0 ], [ 110.153304341595032, 25.195409450385675, 0.0 ], [ 110.153879547941997, 25.196363314102356, 0.0 ], [ 110.154161300876837, 25.196532052136458, 0.0 ], [ 110.154439264121478, 25.196705877792127, 0.0 ], [ 110.154760951163951, 25.196781714572996, 0.0 ], [ 110.155446712547629, 25.19776084614146, 0.0 ], [ 110.155618439301236, 25.198198608959171, 0.0 ], [ 110.155453202093355, 25.198403896609914, 0.0 ], [ 110.155506385357612, 25.198687072581947, 0.0 ], [ 110.155682985300999, 25.198927161753815, 0.0 ], [ 110.155923389056923, 25.199141826319959, 0.0 ], [ 110.156185995863893, 25.199334590277243, 0.0 ], [ 110.15640982909693, 25.199562370096888, 0.0 ], [ 110.156605727528955, 25.199809313610995, 0.0 ], [ 110.156824011142973, 25.200043480098351, 0.0 ], [ 110.157044036756787, 25.200276315809198, 0.0 ], [ 110.157309505988749, 25.200293380616504, 0.0 ], [ 110.157562166180512, 25.200311802195397, 0.0 ], [ 110.157823683933955, 25.200505846076933, 0.0 ], [ 110.158084375525675, 25.200558353976142, 0.0 ], [ 110.158298317096595, 25.2005086415516, 0.0 ], [ 110.158521306982294, 25.200362742192421, 0.0 ], [ 110.158786536160775, 25.20055255151237, 0.0 ], [ 110.159051230084557, 25.200688906862233, 0.0 ], [ 110.159306329809567, 25.200717268254394, 0.0 ], [ 110.159494213848092, 25.200961618668099, 0.0 ], [ 110.159789528115567, 25.201093450415613, 0.0 ], [ 110.160106708521781, 25.20103978071322, 0.0 ], [ 110.160398411307838, 25.200885464315011, 0.0 ], [ 110.160708587786942, 25.200766642545851, 0.0 ], [ 110.161036389516184, 25.200693619741074, 0.0 ], [ 110.161367046681065, 25.200632718444197, 0.0 ], [ 110.161536691161913, 25.20094750310578, 0.0 ], [ 110.161839027219713, 25.201040683238219, 0.0 ], [ 110.161978032682015, 25.201254093951082, 0.0 ], [ 110.162262053260989, 25.201345661968574, 0.0 ], [ 110.162579437912811, 25.201297696400875, 0.0 ], [ 110.162894659734448, 25.201187985993716, 0.0 ], [ 110.163209880810101, 25.201078274425946, 0.0 ], [ 110.163499629635169, 25.201046242502294, 0.0 ], [ 110.163697256052927, 25.201295154317879, 0.0 ], [ 110.163894883267034, 25.201544065881698, 0.0 ], [ 110.164092511478913, 25.201792977061267, 0.0 ], [ 110.164290140595881, 25.202041887917503, 0.0 ], [ 110.164487770317791, 25.202290798647766, 0.0 ], [ 110.164685400345476, 25.202539709448565, 0.0 ], [ 110.164883031141301, 25.202788620016101, 0.0 ], [ 110.165080662733374, 25.203037530331805, 0.0 ], [ 110.165278295121951, 25.203286440395676, 0.0 ], [ 110.165509828991986, 25.203437691473539, 0.0 ], [ 110.165828749387032, 25.203337202667054, 0.0 ], [ 110.166147669061644, 25.203236712592094, 0.0 ], [ 110.166466588231259, 25.203136221814532, 0.0 ], [ 110.166785506895891, 25.203035730334371, 0.0 ], [ 110.167005286067635, 25.202812875863977, 0.0 ], [ 110.166828317437094, 25.202551472892264, 0.0 ], [ 110.166656300115733, 25.202287288904078, 0.0 ], [ 110.166484978074067, 25.202022732428894, 0.0 ], [ 110.166313218188307, 25.201758478388676, 0.0 ], [ 110.166132531679494, 25.201499128946093, 0.0 ], [ 110.16596156555066, 25.201234957088314, 0.0 ], [ 110.165789116856899, 25.201006202586164, 0.0 ], [ 110.165564207460093, 25.200779151507987, 0.0 ], [ 110.165336103473308, 25.200552859363874, 0.0 ], [ 110.165136652667229, 25.200305214648292, 0.0 ], [ 110.164928545633003, 25.200064348449715, 0.0 ], [ 110.164685430004113, 25.199853221570269, 0.0 ], [ 110.164395599159008, 25.19969589553849, 0.0 ], [ 110.164074360038256, 25.199610419347589, 0.0 ], [ 110.163738538342329, 25.199585512998961, 0.0 ], [ 110.163401651245849, 25.199595293999472, 0.0 ], [ 110.163064868369631, 25.199615083388203, 0.0 ], [ 110.16272848987299, 25.199640038023357, 0.0 ], [ 110.162421219351515, 25.199762327723349, 0.0 ], [ 110.162114623614684, 25.199890419791735, 0.0 ], [ 110.161802986086258, 25.20000829467056, 0.0 ], [ 110.161491348037387, 25.200126169012904, 0.0 ], [ 110.161172224587574, 25.200224600344665, 0.0 ], [ 110.160838949437917, 25.200263448206073, 0.0 ], [ 110.16050219758948, 25.200272094118571, 0.0 ], [ 110.160169040240959, 25.200225735970932, 0.0 ], [ 110.159861507466687, 25.200109099857851, 0.0 ], [ 110.159564679797583, 25.19996306015716, 0.0 ], [ 110.159270669295822, 25.199812299979079, 0.0 ], [ 110.159011147821602, 25.199616422299815, 0.0 ], [ 110.158771667578421, 25.199400340099782, 0.0 ], [ 110.158527773507785, 25.19918813317366, 0.0 ], [ 110.158280571804738, 25.198979109032837, 0.0 ], [ 110.15803875421085, 25.19876501879309, 0.0 ], [ 110.157788090611774, 25.198559491528993, 0.0 ], [ 110.157539866960278, 25.19835192856797, 0.0 ], [ 110.157297425611148, 25.198138460281768, 0.0 ], [ 110.157060209912828, 25.197920267471542, 0.0 ], [ 110.15689331995155, 25.197655801913562, 0.0 ], [ 110.156735035756782, 25.19738500078692, 0.0 ], [ 110.156603566947993, 25.197102288820826, 0.0 ], [ 110.156479296338802, 25.196817214062413, 0.0 ], [ 110.156347428422436, 25.196534670911891, 0.0 ], [ 110.156189831552211, 25.196264540415214, 0.0 ], [ 110.155968963835505, 25.196032385054302, 0.0 ], [ 110.156090526407922, 25.195996727716906, 0.0 ], [ 110.156301034316257, 25.196235976876896, 0.0 ], [ 110.156438666807574, 25.196515800004885, 0.0 ], [ 110.156543008659625, 25.196807801614039, 0.0 ], [ 110.156658605441251, 25.197096036356921, 0.0 ], [ 110.156800938321012, 25.197374452458497, 0.0 ], [ 110.156942934638195, 25.197653011061718, 0.0 ], [ 110.157124452288116, 25.197907464396145, 0.0 ], [ 110.157365878105324, 25.198121981021878, 0.0 ], [ 110.157616844374516, 25.198326790820214, 0.0 ], [ 110.157864860738428, 25.198534215091954, 0.0 ], [ 110.158114714877257, 25.198740567881874, 0.0 ], [ 110.158351859919264, 25.198959046717896, 0.0 ], [ 110.158594993691409, 25.199171906018737, 0.0 ], [ 110.158836374372981, 25.199386297605667, 0.0 ], [ 110.159074198943657, 25.19960397805783, 0.0 ], [ 110.159348682106796, 25.199781194563734, 0.0 ], [ 110.15964273718599, 25.199931889324034, 0.0 ], [ 110.159942248071189, 25.200070706750243, 0.0 ], [ 110.160263898849593, 25.200157386208684, 0.0 ], [ 110.16059896533892, 25.200189280962963, 0.0 ], [ 110.160934100108292, 25.200160669376679, 0.0 ], [ 110.16126277660959, 25.200092307446674, 0.0 ], [ 110.161585885186994, 25.200003608939777, 0.0 ], [ 110.161893830453806, 25.199878104117165, 0.0 ], [ 110.16220169582158, 25.199752292104556, 0.0 ], [ 110.162502931280542, 25.19961445114172, 0.0 ], [ 110.16282123483856, 25.199524499561214, 0.0 ], [ 110.163157721276747, 25.199500783751205, 0.0 ], [ 110.163494208655479, 25.199477079466952, 0.0 ], [ 110.163831272406526, 25.199469116632837, 0.0 ], [ 110.164167748370517, 25.199488557976103, 0.0 ], [ 110.164483001223573, 25.199587175119614, 0.0 ], [ 110.164781561715927, 25.199730092631832, 0.0 ], [ 110.165061097040649, 25.199897882800027, 0.0 ], [ 110.165240729900461, 25.200102472135708, 0.0 ], [ 110.165354079466752, 25.200335247186381, 0.0 ], [ 110.165572125818997, 25.200569620212622, 0.0 ], [ 110.165810849018783, 25.200694867250327, 0.0 ], [ 110.166288840551402, 25.201575917322458, 0.0 ], [ 110.166460943704564, 25.201839942542861, 0.0 ], [ 110.16664553219006, 25.202096667514208, 0.0 ], [ 110.16682412141995, 25.202357217146766, 0.0 ], [ 110.167002711399718, 25.202617766573994, 0.0 ], [ 110.167179911660142, 25.202879086425085, 0.0 ], [ 110.167389106766151, 25.203069373499751, 0.0 ], [ 110.167680160853166, 25.203100089937042, 0.0 ], [ 110.167677208439613, 25.203345040536764, 0.0 ], [ 110.167435811001482, 25.203559638844105, 0.0 ], [ 110.167194412717521, 25.203774236729554, 0.0 ], [ 110.167002294074621, 25.20372583424389, 0.0 ], [ 110.166795283741322, 25.203636396312461, 0.0 ], [ 110.166645408254993, 25.203897085111308, 0.0 ], [ 110.166411800516869, 25.204111125588902, 0.0 ], [ 110.166091571092778, 25.204171985880745, 0.0 ], [ 110.165757044355658, 25.204211627269309, 0.0 ], [ 110.165429112307308, 25.204284251396107, 0.0 ], [ 110.165093191006264, 25.20429465282357, 0.0 ], [ 110.16484752650112, 25.204177330519247, 0.0 ], [ 110.164652805992958, 25.203927369667127, 0.0 ], [ 110.164419258411328, 25.203733300640934, 0.0 ], [ 110.164083693715142, 25.203700411957627, 0.0 ], [ 110.16385737682667, 25.20341293139213, 0.0 ], [ 110.164161044260894, 25.203279307284991, 0.0 ], [ 110.164308812994364, 25.203048905664467, 0.0 ], [ 110.164337205208568, 25.202750004452316, 0.0 ], [ 110.164518302795329, 25.202505873472759, 0.0 ], [ 110.164449837005833, 25.202381823700271, 0.0 ], [ 110.164127504963901, 25.202472615171349, 0.0 ], [ 110.163821473816242, 25.202601607742523, 0.0 ], [ 110.163535489574528, 25.202346837579451, 0.0 ], [ 110.163304002103999, 25.202220870112441, 0.0 ], [ 110.162979750661151, 25.202158596723883, 0.0 ], [ 110.162644699669286, 25.202123580384942, 0.0 ], [ 110.162628403137333, 25.201876864506914, 0.0 ], [ 110.162659894025026, 25.201579605407591, 0.0 ], [ 110.16234236917694, 25.201532702792885, 0.0 ], [ 110.162018642625597, 25.20159765708258, 0.0 ], [ 110.161663253710486, 25.202083894017143, 0.0 ], [ 110.161000959808362, 25.201991352200409, 0.0 ], [ 110.1601735104217, 25.202344434467527, 0.0 ], [ 110.159966088425676, 25.202584189370405, 0.0 ], [ 110.15995290522298, 25.202886533942298, 0.0 ], [ 110.160210444865029, 25.203071478401451, 0.0 ], [ 110.160489336250677, 25.203225798543588, 0.0 ], [ 110.160752843505335, 25.203377350828507, 0.0 ], [ 110.160902370659315, 25.203652424216155, 0.0 ], [ 110.161187108340116, 25.203795897142676, 0.0 ], [ 110.161509435094587, 25.203886700417009, 0.0 ], [ 110.161808740680854, 25.204025784144637, 0.0 ], [ 110.162095518382827, 25.204176089354821, 0.0 ], [ 110.162324011550893, 25.2044011947816, 0.0 ], [ 110.162620292646565, 25.204533508107904, 0.0 ], [ 110.162956442708079, 25.204520800435272, 0.0 ], [ 110.163222247918426, 25.204575928897778, 0.0 ], [ 110.163289215560084, 25.204876883966609, 0.0 ], [ 110.163439249359186, 25.205150582286294, 0.0 ], [ 110.163584506749046, 25.205425495575568, 0.0 ], [ 110.163891294319043, 25.205550080326514, 0.0 ], [ 110.164049938543897, 25.205772362366773, 0.0 ], [ 110.164112591619258, 25.206071173960314, 0.0 ], [ 110.164127400891829, 25.206377923444279, 0.0 ], [ 110.164158856603677, 25.206683617531773, 0.0 ], [ 110.164245225255101, 25.206882701467723, 0.0 ], [ 110.16402698931978, 25.207116937020007, 0.0 ], [ 110.164074944777965, 25.207356272301855, 0.0 ], [ 110.164404114666482, 25.207401690938031, 0.0 ], [ 110.164655304322096, 25.207256951759568, 0.0 ], [ 110.164985582710244, 25.207248556335927, 0.0 ], [ 110.165321785742819, 25.207273771059977, 0.0 ], [ 110.165649926688488, 25.207331830539204, 0.0 ], [ 110.165914489361768, 25.207499305940424, 0.0 ], [ 110.166206513083807, 25.20760932050668, 0.0 ], [ 110.166355869761531, 25.207445514703235, 0.0 ], [ 110.166614247315309, 25.207286173562665, 0.0 ], [ 110.166848532460619, 25.207071155316434, 0.0 ], [ 110.167145288574304, 25.206927289779337, 0.0 ], [ 110.167408047869756, 25.206735055586236, 0.0 ], [ 110.167728288112912, 25.20673372253825, 0.0 ], [ 110.16806125575026, 25.206781370633419, 0.0 ], [ 110.168389119933195, 25.206854259989953, 0.0 ], [ 110.168685768646725, 25.206988516117733, 0.0 ], [ 110.168977436413982, 25.207143034045835, 0.0 ], [ 110.169272316352945, 25.207292281319091, 0.0 ], [ 110.169570895106062, 25.207435459295699, 0.0 ], [ 110.169711979252753, 25.207290219000868, 0.0 ], [ 110.169502390287676, 25.207049536846952, 0.0 ], [ 110.169294267948828, 25.206807804731021, 0.0 ], [ 110.169089112682329, 25.206563980593472, 0.0 ], [ 110.168886441656099, 25.206318448912718, 0.0 ], [ 110.16867594012848, 25.206078522807715, 0.0 ], [ 110.168460569075293, 25.205842107124568, 0.0 ], [ 110.168245758297587, 25.205606126829249, 0.0 ], [ 110.168061801453334, 25.205349224296345, 0.0 ], [ 110.167878955221752, 25.205091127664378, 0.0 ], [ 110.16770405643507, 25.204828936841572, 0.0 ], [ 110.167554820869697, 25.20455352428765, 0.0 ], [ 110.167747599083796, 25.204381118215597, 0.0 ], [ 110.168035535123607, 25.204313605621383, 0.0 ], [ 110.168343366454181, 25.204187701026598, 0.0 ], [ 110.168632518036929, 25.204080655436702, 0.0 ], [ 110.168954299734125, 25.203990482879039, 0.0 ], [ 110.169270610236921, 25.203883379423456, 0.0 ], [ 110.169586920496897, 25.203776275991491, 0.0 ], [ 110.169906056495165, 25.203679534193526, 0.0 ], [ 110.170184889046396, 25.203838593070035, 0.0 ], [ 110.170438573678382, 25.204040917476231, 0.0 ], [ 110.170707527881376, 25.204226239553922, 0.0 ], [ 110.170964185000969, 25.204420820749036, 0.0 ], [ 110.17120401388793, 25.204636394692468, 0.0 ], [ 110.17144014261595, 25.204855756647092, 0.0 ], [ 110.171671931053766, 25.205078954326048, 0.0 ], [ 110.171896592800536, 25.205308052995079, 0.0 ], [ 110.172097710033356, 25.20554924235805, 0.0 ], [ 110.172295294966872, 25.205771046553465, 0.0 ], [ 110.172535643425391, 25.205969755825574, 0.0 ], [ 110.172754130878687, 25.206203796766875, 0.0 ], [ 110.172968254372705, 25.206441130728884, 0.0 ], [ 110.173176808851352, 25.206682539579241, 0.0 ], [ 110.173393178810798, 25.206918077511958, 0.0 ], [ 110.173567350963793, 25.207168733660726, 0.0 ], [ 110.1736870136438, 25.207455848216799, 0.0 ], [ 110.174580042504033, 25.208438897180898, 0.0 ], [ 110.174816049103384, 25.208653920862464, 0.0 ], [ 110.174973807397606, 25.208925376244061, 0.0 ], [ 110.175144370426366, 25.209190238006723, 0.0 ], [ 110.175362601078504, 25.209423155358333, 0.0 ], [ 110.175514397931721, 25.20969686228667, 0.0 ], [ 110.175692975695981, 25.209955663572163, 0.0 ], [ 110.175927193586944, 25.210175839180341, 0.0 ], [ 110.176183828469576, 25.210375103087785, 0.0 ], [ 110.176466425051032, 25.210542839855631, 0.0 ], [ 110.176738637092669, 25.21072436612096, 0.0 ], [ 110.177002483230908, 25.210915072519249, 0.0 ], [ 110.177243277209641, 25.211130245717907, 0.0 ], [ 110.177481616845128, 25.211347656543953, 0.0 ], [ 110.17771861698904, 25.211566288774936, 0.0 ], [ 110.177968426740492, 25.21177180333774, 0.0 ], [ 110.17800066853151, 25.212024006935838, 0.0 ], [ 110.177762607760314, 25.212206387049527, 0.0 ], [ 110.177446034868595, 25.212312901311709, 0.0 ], [ 110.177160440424132, 25.212475415969116, 0.0 ], [ 110.176877783106718, 25.212643240766393, 0.0 ], [ 110.176570450424705, 25.212759212940146, 0.0 ], [ 110.176604736063936, 25.213039444642167, 0.0 ], [ 110.176907101941268, 25.213175512109004, 0.0 ], [ 110.177204056266078, 25.213321484385823, 0.0 ], [ 110.177508883894106, 25.213453164033126, 0.0 ], [ 110.177815565813134, 25.213581402002209, 0.0 ], [ 110.177817625194649, 25.213679164083253, 0.0 ], [ 110.17738291433291, 25.213958291710675, 0.0 ], [ 110.177088318481751, 25.214108166350048, 0.0 ], [ 110.176793720492526, 25.214258041525333, 0.0 ], [ 110.176499121793753, 25.214407916092267, 0.0 ], [ 110.176204522385433, 25.214557790050819, 0.0 ], [ 110.17590992226765, 25.214707663401001, 0.0 ] ], [ [ 110.143815204682539, 25.191022885278709, 0.0 ], [ 110.143799649755181, 25.191030617509927, 0.0 ], [ 110.143815271302557, 25.191022711903511, 0.0 ], [ 110.143815956017733, 25.191020929967653, 0.0 ], [ 110.143877449258895, 25.190991245438696, 0.0 ], [ 110.143815271302557, 25.191022711903511, 0.0 ], [ 110.143815204682539, 25.191022885278709, 0.0 ], [ 110.143916587902041, 25.190972488418019, 0.0 ], [ 110.143976584787012, 25.19086453932702, 0.0 ], [ 110.144035843893334, 25.190755944701621, 0.0 ], [ 110.144095102786309, 25.19064735000029, 0.0 ], [ 110.144146675361171, 25.190536426759891, 0.0 ], [ 110.144170786980823, 25.190417184324808, 0.0 ], [ 110.144194898550012, 25.190297941882651, 0.0 ], [ 110.144212412116062, 25.190178878527409, 0.0 ], [ 110.144180531480686, 25.190061155915156, 0.0 ], [ 110.144148650903148, 25.189943433295795, 0.0 ], [ 110.14411677038359, 25.189825710669322, 0.0 ], [ 110.144083775754297, 25.189708283031724, 0.0 ], [ 110.144041260880854, 25.189593376058983, 0.0 ], [ 110.143998746084165, 25.189478469074363, 0.0 ], [ 110.143956231438295, 25.189363562055178, 0.0 ], [ 110.143913716917382, 25.189248655009312, 0.0 ], [ 110.143867939144371, 25.189135196633909, 0.0 ], [ 110.143794572167096, 25.189033985892831, 0.0 ], [ 110.143721205309674, 25.188932775117184, 0.0 ], [ 110.143647838663014, 25.188831564252318, 0.0 ], [ 110.143574471981282, 25.188730353445866, 0.0 ], [ 110.14351448846557, 25.188644880979862, 0.0 ], [ 110.143424811826904, 25.188559002954403, 0.0 ], [ 110.143313354635751, 25.188492557824578, 0.0 ], [ 110.143201897566982, 25.188426112613367, 0.0 ], [ 110.143090440620753, 25.188359667320768, 0.0 ], [ 110.142970487691372, 25.188333119378868, 0.0 ], [ 110.142878473029512, 25.188323661092678, 0.0 ], [ 110.142796067908819, 25.188230543404227, 0.0 ], [ 110.142730392596931, 25.188126278095549, 0.0 ], [ 110.142643297417052, 25.18803567056657, 0.0 ], [ 110.142596684719351, 25.18793978671761, 0.0 ], [ 110.142589220238108, 25.187818733237293, 0.0 ], [ 110.142583017192777, 25.187697626267987, 0.0 ], [ 110.142576958692516, 25.187576510724657, 0.0 ], [ 110.142572457410239, 25.187455394130563, 0.0 ], [ 110.14259630911863, 25.187336708889404, 0.0 ], [ 110.142642983172522, 25.187223850787465, 0.0 ], [ 110.142708425865379, 25.18711840779909, 0.0 ], [ 110.142765438347467, 25.187008851592193, 0.0 ], [ 110.142813492296881, 25.186895776738577, 0.0 ], [ 110.142853120562776, 25.186780018949364, 0.0 ], [ 110.142894941364474, 25.186665041654919, 0.0 ], [ 110.142961772730928, 25.186560291630542, 0.0 ], [ 110.143033395754415, 25.18645805284579, 0.0 ], [ 110.143106392327226, 25.186356626497087, 0.0 ], [ 110.143180841504147, 25.186256082999019, 0.0 ], [ 110.14326707076124, 25.186164290919702, 0.0 ], [ 110.143371545907655, 25.18608910399044, 0.0 ], [ 110.143477895560025, 25.186016140792436, 0.0 ], [ 110.143578174466398, 25.185936432674495, 0.0 ], [ 110.143678407180104, 25.185856572766596, 0.0 ], [ 110.143786121356058, 25.185785537426757, 0.0 ], [ 110.143910470637778, 25.185742770249625, 0.0 ], [ 110.144036787759276, 25.185704642730155, 0.0 ], [ 110.144166494871911, 25.185677524879555, 0.0 ], [ 110.144297617501081, 25.185655967744196, 0.0 ], [ 110.144428182394364, 25.185631811118249, 0.0 ], [ 110.144559886505249, 25.185614705818317, 0.0 ], [ 110.144692806282478, 25.185620441537136, 0.0 ], [ 110.144821181709673, 25.185652505675304, 0.0 ], [ 110.144948749985602, 25.185629655347121, 0.0 ], [ 110.145054162191869, 25.185620109228701, 0.0 ], [ 110.145176685520866, 25.185667760650425, 0.0 ], [ 110.145299208947904, 25.185715411972879, 0.0 ], [ 110.145421732472826, 25.185763063196049, 0.0 ], [ 110.145544256095718, 25.18581071431996, 0.0 ], [ 110.145666779816551, 25.185858365344579, 0.0 ], [ 110.145789303635425, 25.185906016269929, 0.0 ], [ 110.145911827552268, 25.185953667096005, 0.0 ], [ 110.146034351566982, 25.186001317822793, 0.0 ], [ 110.146156875679679, 25.186048968450308, 0.0 ], [ 110.146278843915653, 25.186097751193245, 0.0 ], [ 110.14639959657022, 25.186149009538415, 0.0 ], [ 110.146520349328284, 25.186200267787331, 0.0 ], [ 110.146641102189932, 25.186251525939969, 0.0 ], [ 110.146761825610355, 25.186302837892825, 0.0 ], [ 110.146877964927469, 25.186362208648138, 0.0 ], [ 110.146991913699352, 25.18642501160668, 0.0 ], [ 110.147230182115337, 25.1865013009336, 0.0 ], [ 110.147325870844952, 25.186585675481133, 0.0 ], [ 110.14741935715108, 25.18667204065363, 0.0 ], [ 110.147511437344676, 25.186759676743367, 0.0 ], [ 110.14758948588441, 25.186857760899688, 0.0 ], [ 110.147665675969179, 25.186957229042218, 0.0 ], [ 110.147737615485156, 25.187058992874753, 0.0 ], [ 110.147797084977185, 25.187167491590461, 0.0 ], [ 110.147849351539946, 25.187278864434404, 0.0 ], [ 110.147804546952074, 25.187362303108483, 0.0 ], [ 110.147697944166723, 25.187434297339905, 0.0 ], [ 110.147670491654338, 25.187547828023842, 0.0 ], [ 110.147658222006854, 25.187668556925459, 0.0 ], [ 110.147645952331544, 25.18778928582347, 0.0 ], [ 110.14763368262831, 25.18791001471789, 0.0 ], [ 110.147621412897081, 25.188030743608707, 0.0 ], [ 110.147612214448529, 25.188151616196262, 0.0 ], [ 110.14759925126188, 25.188265728188515, 0.0 ], [ 110.147541047971231, 25.18836764557258, 0.0 ], [ 110.14749556294484, 25.188480550258877, 0.0 ], [ 110.14746703982722, 25.188597663770391, 0.0 ], [ 110.147455888145672, 25.188718482405132, 0.0 ], [ 110.14744664401978, 25.188839421115244, 0.0 ], [ 110.147421912397874, 25.188957168994072, 0.0 ], [ 110.147372484402453, 25.189069418118674, 0.0 ], [ 110.147300852109467, 25.189171602162521, 0.0 ], [ 110.147220411047755, 25.189266861889564, 0.0 ], [ 110.147125041122351, 25.189351454025918, 0.0 ], [ 110.147028985427809, 25.189435484706213, 0.0 ], [ 110.146934020086974, 25.189519547329439, 0.0 ], [ 110.146884931835885, 25.18962170290548, 0.0 ], [ 110.147000034309485, 25.189681148671799, 0.0 ], [ 110.147122312025331, 25.189729328247136, 0.0 ], [ 110.147244589839914, 25.189777507723608, 0.0 ], [ 110.147356665590152, 25.189841141393909, 0.0 ], [ 110.147460847491089, 25.189916732819182, 0.0 ], [ 110.147565068481882, 25.189992279656622, 0.0 ], [ 110.147669362343279, 25.190067743307374, 0.0 ], [ 110.147773559840587, 25.19014331532664, 0.0 ], [ 110.147876961093772, 25.19021978858196, 0.0 ], [ 110.147980470909133, 25.190296140965209, 0.0 ], [ 110.148083980854437, 25.19037249327863, 0.0 ], [ 110.148192366387548, 25.190442856673648, 0.0 ], [ 110.14830280243973, 25.190510701354764, 0.0 ], [ 110.14841323861576, 25.190578545956026, 0.0 ], [ 110.148509128609987, 25.190660340920463, 0.0 ], [ 110.148609696163987, 25.190734106676391, 0.0 ], [ 110.148673755705587, 25.190839774630145, 0.0 ], [ 110.148751802302627, 25.190937999148829, 0.0 ], [ 110.148832943664658, 25.191034172452049, 0.0 ], [ 110.148914416497277, 25.19113011346408, 0.0 ], [ 110.148995912565383, 25.191226038236678, 0.0 ], [ 110.149077408742841, 25.191321962978751, 0.0 ], [ 110.149090733759323, 25.191441272667138, 0.0 ], [ 110.149099120777407, 25.1915622762534, 0.0 ], [ 110.149107507808296, 25.191683279837648, 0.0 ], [ 110.149120031668346, 25.191803967259577, 0.0 ], [ 110.149132361704943, 25.191924616142362, 0.0 ], [ 110.149130937016636, 25.192045853187988, 0.0 ], [ 110.149129512321792, 25.192167090231553, 0.0 ], [ 110.149138929111146, 25.192287490120538, 0.0 ], [ 110.149032944093506, 25.192334764031688, 0.0 ], [ 110.148931127188831, 25.192409300973146, 0.0 ], [ 110.148910204523716, 25.192493636697307, 0.0 ], [ 110.148828614575677, 25.192701049233751, 0.0 ], [ 110.148868626115842, 25.19279789374556, 0.0 ], [ 110.148899186312917, 25.192904311583199, 0.0 ], [ 110.148906263025737, 25.193025384440549, 0.0 ], [ 110.148913339748859, 25.19314645729597, 0.0 ], [ 110.14888887505235, 25.193241002588692, 0.0 ], [ 110.14881322673051, 25.193340800492631, 0.0 ], [ 110.148738471058081, 25.19344116785976, 0.0 ], [ 110.148667312502866, 25.193543677297185, 0.0 ], [ 110.148597097575689, 25.193646709793175, 0.0 ], [ 110.148529622952253, 25.193751261202845, 0.0 ], [ 110.148464059230946, 25.193856796105148, 0.0 ], [ 110.148400338047907, 25.193963279316716, 0.0 ], [ 110.148339528161031, 25.194071149717658, 0.0 ], [ 110.148279570282824, 25.194179426110619, 0.0 ], [ 110.148215870660223, 25.194285920074019, 0.0 ], [ 110.148150823359856, 25.194391720156304, 0.0 ], [ 110.148074160851237, 25.194469229840365, 0.0 ], [ 110.147948277469268, 25.194434883245759, 0.0 ], [ 110.147822690486862, 25.194474747684282, 0.0 ], [ 110.147702434879022, 25.194526675563001, 0.0 ], [ 110.147617514400395, 25.194589638019551, 0.0 ], [ 110.147492067611665, 25.194630256449688, 0.0 ], [ 110.147367370240858, 25.194672886895937, 0.0 ], [ 110.147241957241533, 25.194713078504687, 0.0 ], [ 110.147113913374525, 25.194746655002394, 0.0 ], [ 110.147086279297739, 25.19482403751875, 0.0 ], [ 110.147201945120969, 25.1948306722105, 0.0 ], [ 110.147158757114681, 25.194904410866485, 0.0 ], [ 110.147082743900597, 25.194950855027503, 0.0 ], [ 110.146996063127816, 25.194913232490435, 0.0 ], [ 110.146877116188122, 25.194869212963305, 0.0 ], [ 110.146766238695577, 25.194801961734857, 0.0 ], [ 110.146655361326196, 25.194734710425877, 0.0 ], [ 110.14655329536825, 25.194760331229329, 0.0 ], [ 110.146476948949413, 25.194723556558234, 0.0 ], [ 110.146432608866803, 25.194609221544635, 0.0 ], [ 110.146386537520158, 25.194495509380101, 0.0 ], [ 110.146332950097531, 25.194384501200545, 0.0 ], [ 110.146300471368164, 25.194268220584934, 0.0 ], [ 110.146296417194179, 25.194147400292184, 0.0 ], [ 110.146301179692415, 25.194026233883093, 0.0 ], [ 110.146287574260654, 25.193907156768574, 0.0 ], [ 110.146197677201201, 25.19382138962893, 0.0 ], [ 110.146248469035314, 25.193736624085609, 0.0 ], [ 110.146364170889953, 25.193676976905735, 0.0 ], [ 110.146481193495106, 25.193659720456687, 0.0 ], [ 110.146533846925536, 25.193740947019336, 0.0 ], [ 110.146562567230603, 25.193859341341543, 0.0 ], [ 110.146774872216128, 25.193781147006693, 0.0 ], [ 110.146752078335453, 25.193661690080738, 0.0 ], [ 110.14672928456649, 25.193542233139329, 0.0 ], [ 110.146706490843016, 25.193422776192943, 0.0 ], [ 110.146630504509758, 25.193334004113513, 0.0 ], [ 110.146499574565794, 25.193318109438824, 0.0 ], [ 110.146366857700926, 25.193307260564723, 0.0 ], [ 110.14623383287018, 25.193300152285783, 0.0 ], [ 110.146100808058748, 25.193293043887603, 0.0 ], [ 110.1459789636734, 25.193330889087047, 0.0 ], [ 110.145885139641862, 25.193288103847308, 0.0 ], [ 110.145810684477752, 25.193187551786167, 0.0 ], [ 110.145728997614228, 25.193091784496865, 0.0 ], [ 110.145648206155556, 25.192995368149127, 0.0 ], [ 110.145661957634729, 25.192907964213038, 0.0 ], [ 110.145672222733324, 25.192794624949201, 0.0 ], [ 110.145619978379841, 25.19269137463041, 0.0 ], [ 110.145601318970336, 25.192571795516045, 0.0 ], [ 110.145516860108785, 25.192494534696927, 0.0 ], [ 110.145447197905156, 25.192404049042423, 0.0 ], [ 110.145441411017558, 25.192287344890243, 0.0 ], [ 110.145488773448818, 25.192176806869924, 0.0 ], [ 110.145408877057662, 25.192085324290066, 0.0 ], [ 110.145297537571054, 25.192019845530833, 0.0 ], [ 110.145170798553124, 25.191996901223611, 0.0 ], [ 110.145088685606353, 25.192070686239195, 0.0 ], [ 110.145094331480664, 25.19219089026512, 0.0 ], [ 110.145019827321576, 25.192207585821663, 0.0 ], [ 110.144917041208373, 25.192262761203519, 0.0 ], [ 110.144830081024807, 25.192191902355919, 0.0 ], [ 110.144726823300033, 25.192204419442483, 0.0 ], [ 110.144632721932908, 25.192118636130498, 0.0 ], [ 110.144541762207552, 25.192030042375993, 0.0 ], [ 110.144455919820004, 25.192058576748501, 0.0 ], [ 110.144360201237831, 25.192036349249481, 0.0 ], [ 110.14425852478756, 25.191957982505556, 0.0 ], [ 110.144155468591848, 25.191881128712748, 0.0 ], [ 110.144054426207049, 25.191802845819772, 0.0 ], [ 110.143989168632459, 25.191697136410259, 0.0 ], [ 110.143924176683271, 25.191591294245374, 0.0 ], [ 110.143861114124093, 25.191484487627203, 0.0 ], [ 110.143795466404413, 25.191379194803272, 0.0 ], [ 110.143714753441301, 25.191282723528506, 0.0 ], [ 110.143652667346871, 25.191194928556367, 0.0 ], [ 110.143783793989087, 25.19117338580763, 0.0 ], [ 110.143786134265468, 25.191098539483235, 0.0 ], [ 110.143815204682539, 25.191022885278709, 0.0 ] ], [ [ 110.119252717263393, 25.199163181225316, 0.0 ], [ 110.11933487077431, 25.199379574411871, 0.0 ], [ 110.11941702492652, 25.199595967440665, 0.0 ], [ 110.119499179342483, 25.199812360430389, 0.0 ], [ 110.119581334022129, 25.200028753380998, 0.0 ], [ 110.119663488981175, 25.200245146287568, 0.0 ], [ 110.119745644219762, 25.200461539150091, 0.0 ], [ 110.11982779973782, 25.200677931968567, 0.0 ], [ 110.119909955535377, 25.200894324742979, 0.0 ], [ 110.119992111612348, 25.201110717473341, 0.0 ], [ 110.120074267965549, 25.201327110160701, 0.0 ], [ 110.120156424884144, 25.201543502714138, 0.0 ], [ 110.120238581651577, 25.201759895358869, 0.0 ], [ 110.120320738852911, 25.20197628791103, 0.0 ], [ 110.120402896407342, 25.202192680396017, 0.0 ], [ 110.120485054231551, 25.202409072839952, 0.0 ], [ 110.120567212444584, 25.202625465205507, 0.0 ], [ 110.120649370347323, 25.202841857712365, 0.0 ], [ 110.120731529024297, 25.203058250019676, 0.0 ], [ 110.120813687980785, 25.203274642282913, 0.0 ], [ 110.120895847216886, 25.20349103450209, 0.0 ], [ 110.120978006617861, 25.203707426713208, 0.0 ], [ 110.12106016628023, 25.203923818885968, 0.0 ], [ 110.121142326222227, 25.204140211014657, 0.0 ], [ 110.121224486443708, 25.204356603099267, 0.0 ], [ 110.121306646976677, 25.204572995129773, 0.0 ], [ 110.121388807950368, 25.204789387065567, 0.0 ], [ 110.121470969544959, 25.205005778850008, 0.0 ], [ 110.121553131069433, 25.205222170700253, 0.0 ], [ 110.121635292761766, 25.205438562541545, 0.0 ], [ 110.121717454733684, 25.205654954338751, 0.0 ], [ 110.121799616983054, 25.205871346092565, 0.0 ], [ 110.121881779500598, 25.206087737805873, 0.0 ], [ 110.121963942297697, 25.206304129475082, 0.0 ], [ 110.122046105374523, 25.206520521100209, 0.0 ], [ 110.122128268730833, 25.206736912681247, 0.0 ], [ 110.122210432366899, 25.206953304218189, 0.0 ], [ 110.12229259628252, 25.207169695711045, 0.0 ], [ 110.122374760413379, 25.207386087180033, 0.0 ], [ 110.122456924758083, 25.20760247862561, 0.0 ], [ 110.122539089406629, 25.20781887001948, 0.0 ], [ 110.12262125443894, 25.20803526133653, 0.0 ], [ 110.12270341975082, 25.208251652609498, 0.0 ], [ 110.122785585342498, 25.208468043838351, 0.0 ], [ 110.122867751213676, 25.208684435023109, 0.0 ], [ 110.122949917382599, 25.208900826158086, 0.0 ], [ 110.123032083858234, 25.209117217240497, 0.0 ], [ 110.123114250613469, 25.20933360827879, 0.0 ], [ 110.123196417575684, 25.209549999295824, 0.0 ], [ 110.123278584817498, 25.209766390268765, 0.0 ], [ 110.123360752339096, 25.209982781197606, 0.0 ], [ 110.123442920140292, 25.210199172082334, 0.0 ], [ 110.123525088221186, 25.210415562922957, 0.0 ], [ 110.123607256581778, 25.210631953719457, 0.0 ], [ 110.123689425222167, 25.210848344471835, 0.0 ], [ 110.123769774655358, 25.21106528562667, 0.0 ], [ 110.123834160258994, 25.211286487192371, 0.0 ], [ 110.123876662185339, 25.211512022575334, 0.0 ], [ 110.123897076435398, 25.211740097397488, 0.0 ], [ 110.123766393228664, 25.21180818305632, 0.0 ], [ 110.123524523650403, 25.211744962124857, 0.0 ], [ 110.123278678073589, 25.211696142087753, 0.0 ], [ 110.123032678055765, 25.211647881755944, 0.0 ], [ 110.122791736667224, 25.211594723164957, 0.0 ], [ 110.122723472392991, 25.211374368690272, 0.0 ], [ 110.122655208352853, 25.211154014184196, 0.0 ], [ 110.122585298950241, 25.210934090639583, 0.0 ], [ 110.12251432206557, 25.210714446705747, 0.0 ], [ 110.122442846395103, 25.210494938971554, 0.0 ], [ 110.122369165413545, 25.210276033312862, 0.0 ], [ 110.122295484684045, 25.210057127618146, 0.0 ], [ 110.122219749177532, 25.209838805847646, 0.0 ], [ 110.121737895011776, 25.208794958447186, 0.0 ], [ 110.121702289321163, 25.208568339811769, 0.0 ], [ 110.12165646690643, 25.208343247832513, 0.0 ], [ 110.121601177348026, 25.208119931846486, 0.0 ], [ 110.121536501498738, 25.207898717368781, 0.0 ], [ 110.121462533909821, 25.207679926861818, 0.0 ], [ 110.121379382348209, 25.207463879326422, 0.0 ], [ 110.12128716735883, 25.207250889985428, 0.0 ], [ 110.12118625723069, 25.207041184028373, 0.0 ], [ 110.121078899971437, 25.206834129442168, 0.0 ], [ 110.120968605582775, 25.206628352740715, 0.0 ], [ 110.120857910552843, 25.206422753857787, 0.0 ], [ 110.120747215886297, 25.206217154896365, 0.0 ], [ 110.120636521583094, 25.206011555856449, 0.0 ], [ 110.120525827643277, 25.205805956738043, 0.0 ], [ 110.120415134066931, 25.205600357541162, 0.0 ], [ 110.120304440853872, 25.205394758265786, 0.0 ], [ 110.120193748004198, 25.205189158911949, 0.0 ], [ 110.120083055517966, 25.204983559479622, 0.0 ], [ 110.119972363395021, 25.204777959968819, 0.0 ], [ 110.119861671635505, 25.20457236037954, 0.0 ], [ 110.119750980239274, 25.204366760711796, 0.0 ], [ 110.119640289206458, 25.204161160965587, 0.0 ], [ 110.119529598536928, 25.203955561140901, 0.0 ], [ 110.119418908230784, 25.203749961237754, 0.0 ], [ 110.119308218287898, 25.203544361256153, 0.0 ], [ 110.119197528708355, 25.203338761196086, 0.0 ], [ 110.119086839492113, 25.203133161057565, 0.0 ], [ 110.11897615063927, 25.202927560840589, 0.0 ], [ 110.118865462149643, 25.202721960545158, 0.0 ], [ 110.118754774023401, 25.202516360171277, 0.0 ], [ 110.118644086260389, 25.202310759718952, 0.0 ], [ 110.118533398860663, 25.202105159188186, 0.0 ], [ 110.11842271182428, 25.201899558578976, 0.0 ], [ 110.118312025151184, 25.201693957891319, 0.0 ], [ 110.118201338841303, 25.201488357125225, 0.0 ], [ 110.118090652894679, 25.201282756280698, 0.0 ], [ 110.117979967311399, 25.201077155357734, 0.0 ], [ 110.117869282091362, 25.20087155435634, 0.0 ], [ 110.117758597234513, 25.200665953276516, 0.0 ], [ 110.117647912740907, 25.20046035211827, 0.0 ], [ 110.11753722861053, 25.200254750881605, 0.0 ], [ 110.117426544843482, 25.200049149566514, 0.0 ], [ 110.11731586143965, 25.199843548172993, 0.0 ], [ 110.117205178398962, 25.19963794670107, 0.0 ], [ 110.117094495721503, 25.199432345150729, 0.0 ], [ 110.116983813407316, 25.199226743521969, 0.0 ], [ 110.116873131456273, 25.1990211418148, 0.0 ], [ 110.116762449868503, 25.198815540029234, 0.0 ], [ 110.116651768643848, 25.198609938165252, 0.0 ], [ 110.116541087782466, 25.198404336222865, 0.0 ], [ 110.116430407284184, 25.198198734202087, 0.0 ], [ 110.116319727149076, 25.197993132102912, 0.0 ], [ 110.116209047377225, 25.197787529925332, 0.0 ], [ 110.116100102246705, 25.197581168554379, 0.0 ], [ 110.115995590006861, 25.19737293662368, 0.0 ], [ 110.115897025797693, 25.197162316202711, 0.0 ], [ 110.115804474546351, 25.196949446950587, 0.0 ], [ 110.115717998431819, 25.196734469546008, 0.0 ], [ 110.115637655190355, 25.196517526257683, 0.0 ], [ 110.115563498152682, 25.196298760775374, 0.0 ], [ 110.115495771464083, 25.196078271136116, 0.0 ], [ 110.115434695806783, 25.195856181773127, 0.0 ], [ 110.115379948277919, 25.195632737128047, 0.0 ], [ 110.115331566050969, 25.195408085027712, 0.0 ], [ 110.115289580305515, 25.19518237443474, 0.0 ], [ 110.1152540185508, 25.19495575490388, 0.0 ], [ 110.115224904221904, 25.194728376554036, 0.0 ], [ 110.115202256887486, 25.194500389976458, 0.0 ], [ 110.115186091706832, 25.194271946181455, 0.0 ], [ 110.115176418884744, 25.194043196523648, 0.0 ], [ 110.115173244832803, 25.193814292526998, 0.0 ], [ 110.115176572512041, 25.193585385797761, 0.0 ], [ 110.115186399102171, 25.193356627963553, 0.0 ], [ 110.115202788345997, 25.193128175574376, 0.0 ], [ 110.11522616676983, 25.192900228219489, 0.0 ], [ 110.115256009802664, 25.192672913207293, 0.0 ], [ 110.115292296471537, 25.192446380974932, 0.0 ], [ 110.115335003635749, 25.192220781714607, 0.0 ], [ 110.11538410174569, 25.19199626465879, 0.0 ], [ 110.115439558304104, 25.19177297854197, 0.0 ], [ 110.115501336432672, 25.191551071219703, 0.0 ], [ 110.115569395455324, 25.191330689757972, 0.0 ], [ 110.115643690460843, 25.191111980168206, 0.0 ], [ 110.115724171549928, 25.190895087146089, 0.0 ], [ 110.115810786322655, 25.190680154619695, 0.0 ], [ 110.115903179707615, 25.190467211790857, 0.0 ], [ 110.115998559801071, 25.190255360007896, 0.0 ], [ 110.116093939554446, 25.190043508148484, 0.0 ], [ 110.116189318967812, 25.189831656212608, 0.0 ], [ 110.11628469804127, 25.189619804200291, 0.0 ], [ 110.116380076774732, 25.189407952111516, 0.0 ], [ 110.116475455168128, 25.18919609994629, 0.0 ], [ 110.116570833221544, 25.18898424770461, 0.0 ], [ 110.11671166675292, 25.188948332210799, 0.0 ], [ 110.11690079241761, 25.189099326904216, 0.0 ], [ 110.117089918550533, 25.189250321365439, 0.0 ], [ 110.117279045056122, 25.189401315693562, 0.0 ], [ 110.117468171916329, 25.189552309907153, 0.0 ], [ 110.117657299244712, 25.189703303888521, 0.0 ], [ 110.117846427041314, 25.18985429763767, 0.0 ], [ 110.118035555306164, 25.190005291154591, 0.0 ], [ 110.118003926197986, 25.190189631329364, 0.0 ], [ 110.117885472183787, 25.190391587508206, 0.0 ], [ 110.1177769832113, 25.190598126473994, 0.0 ], [ 110.117677671360966, 25.190808442911855, 0.0 ], [ 110.117587691826188, 25.191022206596582, 0.0 ], [ 110.117507186250904, 25.191239082334423, 0.0 ], [ 110.117436853034022, 25.191458871242947, 0.0 ], [ 110.117377096932969, 25.191681234815558, 0.0 ], [ 110.117327173015326, 25.191905588742355, 0.0 ], [ 110.117287159648995, 25.192131581040297, 0.0 ], [ 110.117257119519508, 25.192358857124461, 0.0 ], [ 110.117237906716312, 25.192587104521472, 0.0 ], [ 110.117229412970005, 25.192815886658327, 0.0 ], [ 110.117230990066417, 25.1930447879277, 0.0 ], [ 110.117242636462009, 25.193273449235381, 0.0 ], [ 110.117264290959341, 25.193501510960093, 0.0 ], [ 110.117297302031474, 25.193728448122421, 0.0 ], [ 110.117339826565455, 25.193954067970669, 0.0 ], [ 110.117392679376309, 25.194177871781328, 0.0 ], [ 110.117455772520131, 25.194399475564524, 0.0 ], [ 110.117528857831502, 25.194618514290777, 0.0 ], [ 110.117609698110769, 25.194835310639196, 0.0 ], [ 110.117691846434866, 25.195051704580244, 0.0 ], [ 110.117773994969411, 25.195268098498929, 0.0 ], [ 110.117856143812219, 25.195484492364518, 0.0 ], [ 110.11793829290113, 25.195700886196533, 0.0 ], [ 110.118020442241047, 25.19591727999347, 0.0 ], [ 110.11810259186025, 25.196133673746388, 0.0 ], [ 110.11818474214239, 25.196350067334755, 0.0 ], [ 110.118266892532773, 25.1965664609329, 0.0 ], [ 110.118349043062906, 25.19678285453087, 0.0 ], [ 110.11843119341458, 25.196999248228732, 0.0 ], [ 110.118513344393861, 25.197215641773102, 0.0 ], [ 110.118595495652698, 25.197432035273437, 0.0 ], [ 110.118677647175005, 25.197648428734706, 0.0 ], [ 110.118759799066154, 25.197864822123854, 0.0 ], [ 110.118841951278512, 25.198081215455858, 0.0 ], [ 110.118924103770226, 25.198297608743825, 0.0 ], [ 110.119006257092195, 25.198514001814655, 0.0 ], [ 110.119088410203148, 25.198730394995579, 0.0 ], [ 110.119170563593542, 25.198946788132464, 0.0 ], [ 110.119252717263393, 25.199163181225316, 0.0 ] ], [ [ 110.142793438613367, 25.204601510863487, 0.0 ], [ 110.14287812266582, 25.204559004023704, 0.0 ], [ 110.142962806660464, 25.204516497133632, 0.0 ], [ 110.143047490597411, 25.204473990193275, 0.0 ], [ 110.143140831086328, 25.204453607544274, 0.0 ], [ 110.143235989472529, 25.204437871073939, 0.0 ], [ 110.143331147858859, 25.204422134655545, 0.0 ], [ 110.143421080254654, 25.204426059590382, 0.0 ], [ 110.143513312728871, 25.204445110211218, 0.0 ], [ 110.143605531898942, 25.204471633693746, 0.0 ], [ 110.143697751110693, 25.204498157119719, 0.0 ], [ 110.143789970363997, 25.204524680489129, 0.0 ], [ 110.14388218965891, 25.20455120380198, 0.0 ], [ 110.143968067325119, 25.204587490163284, 0.0 ], [ 110.144032657210474, 25.204652557887151, 0.0 ], [ 110.144090278863757, 25.204723229362777, 0.0 ], [ 110.144147900583064, 25.204793900817023, 0.0 ], [ 110.144214264207605, 25.204849639026797, 0.0 ], [ 110.144310879097915, 25.204853700600555, 0.0 ], [ 110.144407069213472, 25.20486064805754, 0.0 ], [ 110.144500954019634, 25.204878537064378, 0.0 ], [ 110.144592788183246, 25.204904113305187, 0.0 ], [ 110.144678620509183, 25.204944669520991, 0.0 ], [ 110.144754198920538, 25.204999359512676, 0.0 ], [ 110.144828928543319, 25.205055219510822, 0.0 ], [ 110.144903658234711, 25.205111079472559, 0.0 ], [ 110.144987742769615, 25.205150672573104, 0.0 ], [ 110.145080793032292, 25.205174675381652, 0.0 ], [ 110.145173843333197, 25.205198678132525, 0.0 ], [ 110.145266893672229, 25.205222680825717, 0.0 ], [ 110.145359944049545, 25.205246683461223, 0.0 ], [ 110.145452994464989, 25.205270686039064, 0.0 ], [ 110.145543470641613, 25.205300233344541, 0.0 ], [ 110.145627259017644, 25.205344185696315, 0.0 ], [ 110.145711047454867, 25.205388138001922, 0.0 ], [ 110.145794835953282, 25.205432090261365, 0.0 ], [ 110.145878624512889, 25.20547604247465, 0.0 ], [ 110.145951478731263, 25.205532708714735, 0.0 ], [ 110.145991573986834, 25.205611672228539, 0.0 ], [ 110.146006563930058, 25.205698601392978, 0.0 ], [ 110.146017737053043, 25.205785738869547, 0.0 ], [ 110.14601427761059, 25.205873674955658, 0.0 ], [ 110.146010818161173, 25.205961611040536, 0.0 ], [ 110.145991409240253, 25.206047813504345, 0.0 ], [ 110.145969831833369, 25.20613344442793, 0.0 ], [ 110.145924705970899, 25.206209959775038, 0.0 ], [ 110.145861634290625, 25.206276353978868, 0.0 ], [ 110.145777457955447, 25.206318913397244, 0.0 ], [ 110.145686315288629, 25.206348310501191, 0.0 ], [ 110.145592465136218, 25.206369583446037, 0.0 ], [ 110.145235580657754, 25.206456249831731, 0.0 ], [ 110.145185200866848, 25.20649923343942, 0.0 ], [ 110.145098287189285, 25.206537799428865, 0.0 ], [ 110.145013034066992, 25.206579265684667, 0.0 ], [ 110.144929275971791, 25.206623267129967, 0.0 ], [ 110.144846596870408, 25.206668868408034, 0.0 ], [ 110.144767258681753, 25.206719083877672, 0.0 ], [ 110.144694390826515, 25.206776686064046, 0.0 ], [ 110.144632822408937, 25.206844255238895, 0.0 ], [ 110.144576434779154, 25.20691558561052, 0.0 ], [ 110.144508065130637, 25.206977573171333, 0.0 ], [ 110.144432208901463, 25.207032163189723, 0.0 ], [ 110.14435268268214, 25.207082189187346, 0.0 ], [ 110.144087383871451, 25.207153549100358, 0.0 ], [ 110.144007767920911, 25.207203511892907, 0.0 ], [ 110.143928825161225, 25.207254340153249, 0.0 ], [ 110.14385390361798, 25.207275114910288, 0.0 ], [ 110.143781239577692, 25.207273896699679, 0.0 ], [ 110.14370719100836, 25.20732606128032, 0.0 ], [ 110.143632995155698, 25.20738250862458, 0.0 ], [ 110.143589817216707, 25.207446779259602, 0.0 ], [ 110.143634157788156, 25.207524684850366, 0.0 ], [ 110.143699103104737, 25.207589828873704, 0.0 ], [ 110.143627249683689, 25.207637391909039, 0.0 ], [ 110.143540921537493, 25.207676612473119, 0.0 ], [ 110.14345108080397, 25.207709204813039, 0.0 ], [ 110.143393598679864, 25.207665841059455, 0.0 ], [ 110.143320534040697, 25.20765678355178, 0.0 ], [ 110.143241871030426, 25.207660150839928, 0.0 ], [ 110.143151773895028, 25.207691992432679, 0.0 ], [ 110.143058715424587, 25.207715395610272, 0.0 ], [ 110.142985893609108, 25.207698704531907, 0.0 ], [ 110.142889205184957, 25.207696449188695, 0.0 ], [ 110.142876165154718, 25.207780740037865, 0.0 ], [ 110.142852646994527, 25.207852380181595, 0.0 ], [ 110.142757274314263, 25.207841135089279, 0.0 ], [ 110.142662349376934, 25.207824259754343, 0.0 ], [ 110.142567695765266, 25.207806223781699, 0.0 ], [ 110.142473437450633, 25.207786496850229, 0.0 ], [ 110.142382742038023, 25.207756868115265, 0.0 ], [ 110.142306625457309, 25.207710575439044, 0.0 ], [ 110.142345580237247, 25.20763003549893, 0.0 ], [ 110.142384534605185, 25.20754949540251, 0.0 ], [ 110.142430468371799, 25.207472380681565, 0.0 ], [ 110.142483059661728, 25.20739853326398, 0.0 ], [ 110.142535650998283, 25.207324685890722, 0.0 ], [ 110.142582662944776, 25.207248339993551, 0.0 ], [ 110.142608069507261, 25.207164297742636, 0.0 ], [ 110.142622397758984, 25.207077388666242, 0.0 ], [ 110.142650349878579, 25.206993529933872, 0.0 ], [ 110.142688111041608, 25.206912561775617, 0.0 ], [ 110.142710688490965, 25.206827793731378, 0.0 ], [ 110.142717042399653, 25.206740054788934, 0.0 ], [ 110.142756499198128, 25.206682070550524, 0.0 ], [ 110.142851851425348, 25.20666732799695, 0.0 ], [ 110.142947203631479, 25.206652585381253, 0.0 ], [ 110.143035757068148, 25.206629361042474, 0.0 ], [ 110.143080330131738, 25.206551269767047, 0.0 ], [ 110.143096424010224, 25.206475843289564, 0.0 ], [ 110.143035312357284, 25.206407640973705, 0.0 ], [ 110.142974200772045, 25.206339438633769, 0.0 ], [ 110.142969874859986, 25.206252397870891, 0.0 ], [ 110.142966300123376, 25.20616451746168, 0.0 ], [ 110.142957465236336, 25.20607689300877, 0.0 ], [ 110.142948630359911, 25.205989268554642, 0.0 ], [ 110.142935351884731, 25.20590220831744, 0.0 ], [ 110.142917480482154, 25.205815731172066, 0.0 ], [ 110.142874832461246, 25.205739426378898, 0.0 ], [ 110.142815384591643, 25.205670017866098, 0.0 ], [ 110.142755859668171, 25.205600664084468, 0.0 ], [ 110.142696301211529, 25.205531334135223, 0.0 ], [ 110.142640753677526, 25.205459673870724, 0.0 ], [ 110.142597723291331, 25.205380869844767, 0.0 ], [ 110.142558397042521, 25.205300827855247, 0.0 ], [ 110.142535121598073, 25.205215421489182, 0.0 ], [ 110.142540921895304, 25.205128915753278, 0.0 ], [ 110.142556327301349, 25.205042046798802, 0.0 ], [ 110.142571732683635, 25.204955177841139, 0.0 ], [ 110.142587352788254, 25.204868341294819, 0.0 ], [ 110.142603607586835, 25.204781600551851, 0.0 ], [ 110.142641284467473, 25.204702678582589, 0.0 ], [ 110.142714321056175, 25.204648182156262, 0.0 ], [ 110.142793438613367, 25.204601510863487, 0.0 ] ], [ [ 110.146590491867443, 25.207397660819687, 0.0 ], [ 110.14637342626483, 25.207331635587508, 0.0 ], [ 110.146119422489761, 25.207359909513148, 0.0 ], [ 110.145784954284068, 25.207344730250579, 0.0 ], [ 110.145545859290564, 25.2073049164601, 0.0 ], [ 110.145642359615195, 25.207124721424439, 0.0 ], [ 110.145761280269198, 25.206946782020914, 0.0 ], [ 110.1458801991634, 25.206768841729243, 0.0 ], [ 110.145999114788125, 25.206590899714254, 0.0 ], [ 110.14611803185386, 25.206412958581566, 0.0 ], [ 110.146236948568614, 25.206235017339935, 0.0 ], [ 110.146355862129823, 25.206057074439208, 0.0 ], [ 110.146525230910839, 25.205954351267287, 0.0 ], [ 110.146671718079887, 25.205794330821313, 0.0 ], [ 110.146818204786527, 25.205634310158267, 0.0 ], [ 110.146964691024067, 25.205474289272875, 0.0 ], [ 110.147111176876336, 25.205314268228911, 0.0 ], [ 110.147258130108597, 25.20535912071972, 0.0 ], [ 110.147296758431992, 25.205553653079352, 0.0 ], [ 110.147374973880332, 25.205717477893767, 0.0 ], [ 110.147591915895262, 25.205783909556683, 0.0 ], [ 110.147809281265751, 25.20584906240768, 0.0 ], [ 110.148030475811638, 25.20590264513368, 0.0 ], [ 110.148248700679332, 25.205963752921825, 0.0 ], [ 110.14832225171024, 25.206129019503855, 0.0 ], [ 110.148243431291363, 25.206324532772904, 0.0 ], [ 110.148164610370571, 25.20652004590767, 0.0 ], [ 110.148088326246636, 25.206716383937152, 0.0 ], [ 110.148013074262906, 25.206913057607739, 0.0 ], [ 110.147937943774068, 25.207109769356748, 0.0 ], [ 110.147864184174452, 25.207306910463437, 0.0 ], [ 110.147790424151864, 25.207504051467268, 0.0 ], [ 110.147674745943831, 25.207677288105032, 0.0 ], [ 110.147455380331891, 25.207671038690055, 0.0 ], [ 110.147238899273503, 25.207603397692807, 0.0 ], [ 110.147022624957415, 25.207535179480637, 0.0 ], [ 110.146806459719869, 25.207466677255184, 0.0 ], [ 110.146590491867443, 25.207397660819687, 0.0 ] ], [ [ 110.142175793373681, 25.204515086608922, 0.0 ], [ 110.14211267724535, 25.204575483069583, 0.0 ], [ 110.142019858565178, 25.204566608882246, 0.0 ], [ 110.141924106947769, 25.204544602127211, 0.0 ], [ 110.141827900511231, 25.20452422668351, 0.0 ], [ 110.141731533010059, 25.20450450278403, 0.0 ], [ 110.141643690923374, 25.204472139402551, 0.0 ], [ 110.141608821971886, 25.204388202764797, 0.0 ], [ 110.141575265317314, 25.204303679833352, 0.0 ], [ 110.141541635616775, 25.204219180994858, 0.0 ], [ 110.141509943612405, 25.204135260155418, 0.0 ], [ 110.141568241008159, 25.204076722079865, 0.0 ], [ 110.14154526026006, 25.20398932046886, 0.0 ], [ 110.141474804623769, 25.203960539059608, 0.0 ], [ 110.141455742834069, 25.203876504307164, 0.0 ], [ 110.141441669133243, 25.203787571172601, 0.0 ], [ 110.141447475697589, 25.203704810185208, 0.0 ], [ 110.141458783413128, 25.203615533451742, 0.0 ], [ 110.141417785821545, 25.203542934124307, 0.0 ], [ 110.141410033469342, 25.203453343800344, 0.0 ], [ 110.141407599686474, 25.203363557157235, 0.0 ], [ 110.141401865687271, 25.203273870604644, 0.0 ], [ 110.141397348216032, 25.203184130134051, 0.0 ], [ 110.141400563681998, 25.203094352172545, 0.0 ], [ 110.141405922398562, 25.203004616987403, 0.0 ], [ 110.141411281246221, 25.20291488180775, 0.0 ], [ 110.141412024317702, 25.202830849907695, 0.0 ], [ 110.141468116582601, 25.202756878015979, 0.0 ], [ 110.141524208779046, 25.20268290610046, 0.0 ], [ 110.141580300906924, 25.202608934161145, 0.0 ], [ 110.141636392966277, 25.20253496219804, 0.0 ], [ 110.141842279342498, 25.202480523338508, 0.0 ], [ 110.141910662481251, 25.202415821466211, 0.0 ], [ 110.141985808756928, 25.202366949598126, 0.0 ], [ 110.142084583812846, 25.202367523067863, 0.0 ], [ 110.142180506034862, 25.202383754351246, 0.0 ], [ 110.142261186087822, 25.202385597787977, 0.0 ], [ 110.142319185980867, 25.202313268684794, 0.0 ], [ 110.1423779931973, 25.202241088166261, 0.0 ], [ 110.142426869834452, 25.202163254656643, 0.0 ], [ 110.142471567171313, 25.202083114336048, 0.0 ], [ 110.142523894100137, 25.202008422654725, 0.0 ], [ 110.142604235081208, 25.20196326510678, 0.0 ], [ 110.142703009826732, 25.201963838256148, 0.0 ], [ 110.142799926024125, 25.201976033008723, 0.0 ], [ 110.142894785793317, 25.202001089433733, 0.0 ], [ 110.142990976527699, 25.202017181128443, 0.0 ], [ 110.143089743598736, 25.202015919492617, 0.0 ], [ 110.143188510669845, 25.202014657790773, 0.0 ], [ 110.14328727774101, 25.202013396022902, 0.0 ], [ 110.143385651577972, 25.202007940655378, 0.0 ], [ 110.143483226227801, 25.201993962665689, 0.0 ], [ 110.143581787358599, 25.20199645351401, 0.0 ], [ 110.143678285729919, 25.202008733824844, 0.0 ], [ 110.143769188821807, 25.202043893733293, 0.0 ], [ 110.143860215978194, 25.202078787114186, 0.0 ], [ 110.143951243188084, 25.202113680440242, 0.0 ], [ 110.144042270451266, 25.202148573711469, 0.0 ], [ 110.144132134701366, 25.202185203735674, 0.0 ], [ 110.144207960332366, 25.202242797688285, 0.0 ], [ 110.14428458848721, 25.202297628102905, 0.0 ], [ 110.144320149310332, 25.20238123569586, 0.0 ], [ 110.144320699079671, 25.202443596825809, 0.0 ], [ 110.144352854202367, 25.202527701709656, 0.0 ], [ 110.144372612464622, 25.202615753084416, 0.0 ], [ 110.144367404652002, 25.202705361929784, 0.0 ], [ 110.144361041420737, 25.202795042851957, 0.0 ], [ 110.144354678178004, 25.202884723772534, 0.0 ], [ 110.144332213963878, 25.202971763105616, 0.0 ], [ 110.144303744894287, 25.203057817258298, 0.0 ], [ 110.144275275782931, 25.203143871403462, 0.0 ], [ 110.144246806629795, 25.203229925541105, 0.0 ], [ 110.144217546831513, 25.203315656159518, 0.0 ], [ 110.144165667886938, 25.203392131123046, 0.0 ], [ 110.14411378887668, 25.203468606065886, 0.0 ], [ 110.144041286320004, 25.203525962629794, 0.0 ], [ 110.143956270601819, 25.203571719268563, 0.0 ], [ 110.143871254821008, 25.2036174758565, 0.0 ], [ 110.143784158337681, 25.203636651206956, 0.0 ], [ 110.143732509119502, 25.203662249869435, 0.0 ], [ 110.143665178687598, 25.203711033694841, 0.0 ], [ 110.143575296539197, 25.203748305533647, 0.0 ], [ 110.143485414187609, 25.203785577017271, 0.0 ], [ 110.14339553178273, 25.203822848444627, 0.0 ], [ 110.143305649324404, 25.203860119815715, 0.0 ], [ 110.143215766812787, 25.203897391130546, 0.0 ], [ 110.143125884247738, 25.203934662389109, 0.0 ], [ 110.143036001629369, 25.203971933591415, 0.0 ], [ 110.142946118957568, 25.204009204737453, 0.0 ], [ 110.142856236232475, 25.204046475827223, 0.0 ], [ 110.142766353453922, 25.204083746860743, 0.0 ], [ 110.142676470622007, 25.204121017837981, 0.0 ], [ 110.142586587736815, 25.204158288758954, 0.0 ], [ 110.142509406599032, 25.20421406492127, 0.0 ], [ 110.142462155386227, 25.204292481236603, 0.0 ], [ 110.142403579890555, 25.204347974774013, 0.0 ], [ 110.142329615222494, 25.204407539457641, 0.0 ], [ 110.142255650482696, 25.204467104101891, 0.0 ], [ 110.142175793373681, 25.204515086608922, 0.0 ] ], [ [ 110.144962222283681, 25.202012869262116, 0.0 ], [ 110.144892106772588, 25.201995156556052, 0.0 ], [ 110.144821991282782, 25.201977443817242, 0.0 ], [ 110.144765652360164, 25.201992751522077, 0.0 ], [ 110.144706102460418, 25.201955214355635, 0.0 ], [ 110.144693649868913, 25.201889986086144, 0.0 ], [ 110.144667216291609, 25.201829791640172, 0.0 ], [ 110.14460767090246, 25.201795113724341, 0.0 ], [ 110.144536029698401, 25.201783540882669, 0.0 ], [ 110.144464975350786, 25.201769257388932, 0.0 ], [ 110.144393921020693, 25.201754973861473, 0.0 ], [ 110.144323343198849, 25.201738956586826, 0.0 ], [ 110.144253262026183, 25.201721132292644, 0.0 ], [ 110.144189222418746, 25.201692924096559, 0.0 ], [ 110.144133617922222, 25.201650218135619, 0.0 ], [ 110.144070621010641, 25.201617085419322, 0.0 ], [ 110.144020788101528, 25.201570539667451, 0.0 ], [ 110.143977499929534, 25.201517323233364, 0.0 ], [ 110.143934211794914, 25.20146410678721, 0.0 ], [ 110.143896257478119, 25.201408386879464, 0.0 ], [ 110.143864001804872, 25.201350739276716, 0.0 ], [ 110.143813532486135, 25.201303045795814, 0.0 ], [ 110.143792737301325, 25.20124479266326, 0.0 ], [ 110.143802738949717, 25.201179250188851, 0.0 ], [ 110.143814260071395, 25.201113880400992, 0.0 ], [ 110.143824437434446, 25.201048409299883, 0.0 ], [ 110.143810610894775, 25.200985486637354, 0.0 ], [ 110.143761159635432, 25.200938797435143, 0.0 ], [ 110.143725355517802, 25.200882539491527, 0.0 ], [ 110.143722181979314, 25.20081639762947, 0.0 ], [ 110.143758466244876, 25.200761573974059, 0.0 ], [ 110.143805408946776, 25.200711023597755, 0.0 ], [ 110.143853353548522, 25.20066122080382, 0.0 ], [ 110.143908974217965, 25.200622270209529, 0.0 ], [ 110.143972081148092, 25.200592174967429, 0.0 ], [ 110.144020700529865, 25.200544717701945, 0.0 ], [ 110.144027893470536, 25.200479811524488, 0.0 ], [ 110.144018854612213, 25.20041461593782, 0.0 ], [ 110.144032989645694, 25.200350511865608, 0.0 ], [ 110.144088474663505, 25.200330131775615, 0.0 ], [ 110.144159905891215, 25.200342366481951, 0.0 ], [ 110.144232315939163, 25.200348918099778, 0.0 ], [ 110.144304823876794, 25.200353344020556, 0.0 ], [ 110.144377582506294, 25.200352325741918, 0.0 ], [ 110.144449956879669, 25.200348441393722, 0.0 ], [ 110.144520851085034, 25.200333517017341, 0.0 ], [ 110.144592933710996, 25.200326360343471, 0.0 ], [ 110.144665261572925, 25.200319115076329, 0.0 ], [ 110.144736867497841, 25.200313086768006, 0.0 ], [ 110.144806470859109, 25.200332393943803, 0.0 ], [ 110.144874687239152, 25.20035501484405, 0.0 ], [ 110.144941195063012, 25.20038187806712, 0.0 ], [ 110.145007102834469, 25.200395472075215, 0.0 ], [ 110.145073951283138, 25.200421626129859, 0.0 ], [ 110.145139288850942, 25.20045029774376, 0.0 ], [ 110.145204963284584, 25.200475943867264, 0.0 ], [ 110.145263757516304, 25.200514420785773, 0.0 ], [ 110.145318012607817, 25.20055853956077, 0.0 ], [ 110.145363312978006, 25.200610323387263, 0.0 ], [ 110.145408045533799, 25.200662540850342, 0.0 ], [ 110.14545729574246, 25.200711015298943, 0.0 ], [ 110.145497897030111, 25.200761077839779, 0.0 ], [ 110.145447328184204, 25.200801047190104, 0.0 ], [ 110.14539170180467, 25.200758368636205, 0.0 ], [ 110.145333440314488, 25.20071981108104, 0.0 ], [ 110.145286412484253, 25.200767070866139, 0.0 ], [ 110.145241899098892, 25.200819437116319, 0.0 ], [ 110.14525552030149, 25.200870928229893, 0.0 ], [ 110.145307873595669, 25.200916752560659, 0.0 ], [ 110.145334927086807, 25.200976701948147, 0.0 ], [ 110.145346027802262, 25.201042128906586, 0.0 ], [ 110.145363200053268, 25.201105316867732, 0.0 ], [ 110.145414817827216, 25.201151278219733, 0.0 ], [ 110.14547119476552, 25.201193137277553, 0.0 ], [ 110.145533582282312, 25.201223683345138, 0.0 ], [ 110.145601619038786, 25.201243164303197, 0.0 ], [ 110.145630997067968, 25.201301120149619, 0.0 ], [ 110.14565517101488, 25.201362976279178, 0.0 ], [ 110.145694828314447, 25.2014184740347, 0.0 ], [ 110.14574720564427, 25.201445484959425, 0.0 ], [ 110.145793575697141, 25.201394723266912, 0.0 ], [ 110.145852335317471, 25.201420143542755, 0.0 ], [ 110.145909039210395, 25.201461629858606, 0.0 ], [ 110.145886781531857, 25.201510681884869, 0.0 ], [ 110.14584090246953, 25.201562070240929, 0.0 ], [ 110.145794939805327, 25.201613396730487, 0.0 ], [ 110.145748973752646, 25.201664720724786, 0.0 ], [ 110.14570300754292, 25.201716044615797, 0.0 ], [ 110.145657041294442, 25.201767368491151, 0.0 ], [ 110.145611075007167, 25.201818692350866, 0.0 ], [ 110.145565574277015, 25.201870349476945, 0.0 ], [ 110.145521562815702, 25.201923072661383, 0.0 ], [ 110.145459958498961, 25.201950393743633, 0.0 ], [ 110.145388688421505, 25.201963758529224, 0.0 ], [ 110.145317418329455, 25.201977123280027, 0.0 ], [ 110.145246148222952, 25.201990487996053, 0.0 ], [ 110.145174878101869, 25.202003852677286, 0.0 ], [ 110.145103607966249, 25.202017217323743, 0.0 ], [ 110.145032337816119, 25.202030581935414, 0.0 ], [ 110.144962222283681, 25.202012869262116, 0.0 ] ], [ [ 110.141357369450262, 25.200288226584966, 0.0 ], [ 110.141362634571152, 25.200477896765978, 0.0 ], [ 110.141367450430394, 25.200578270747602, 0.0 ], [ 110.141354662261989, 25.200677880620351, 0.0 ], [ 110.141339365566523, 25.200777381607509, 0.0 ], [ 110.141371320677408, 25.200872093876693, 0.0 ], [ 110.141456088963665, 25.200935327304606, 0.0 ], [ 110.14153986537967, 25.201000618849484, 0.0 ], [ 110.141612910097237, 25.201074997022573, 0.0 ], [ 110.141672170105096, 25.201159767674188, 0.0 ], [ 110.14172351607111, 25.201248716160084, 0.0 ], [ 110.141738891221905, 25.201347479325147, 0.0 ], [ 110.141715261924858, 25.20144253453665, 0.0 ], [ 110.141708512904245, 25.201539092783857, 0.0 ], [ 110.141725045199792, 25.201638430062001, 0.0 ], [ 110.141770568447683, 25.201728144908326, 0.0 ], [ 110.141811221652688, 25.201820490835374, 0.0 ], [ 110.141811578525576, 25.201920833530711, 0.0 ], [ 110.141755068816636, 25.201999068548599, 0.0 ], [ 110.14165748792044, 25.20204389724594, 0.0 ], [ 110.141550459588331, 25.202068641469342, 0.0 ], [ 110.141443132065575, 25.20207237018721, 0.0 ], [ 110.141347549319022, 25.202118599991053, 0.0 ], [ 110.141238062086146, 25.202105500307898, 0.0 ], [ 110.141137379374385, 25.202066635929718, 0.0 ], [ 110.141043887735265, 25.202014365122359, 0.0 ], [ 110.140981936463419, 25.201932480310735, 0.0 ], [ 110.140974934606987, 25.20183221292961, 0.0 ], [ 110.140770175184727, 25.201745782758334, 0.0 ], [ 110.140555443233097, 25.201661012883299, 0.0 ], [ 110.140465136791718, 25.201610292468256, 0.0 ], [ 110.1402923071863, 25.201563603594039, 0.0 ], [ 110.140181877859618, 25.201563718641484, 0.0 ], [ 110.140072518609045, 25.201556424499003, 0.0 ], [ 110.139973032700041, 25.201514750411452, 0.0 ], [ 110.139882168790535, 25.201457655171914, 0.0 ], [ 110.139789009807615, 25.201417181801144, 0.0 ], [ 110.13967901645195, 25.201425205172612, 0.0 ], [ 110.139622825312244, 25.201356751067966, 0.0 ], [ 110.139585125630205, 25.201262317673091, 0.0 ], [ 110.139576709908056, 25.201162839790388, 0.0 ], [ 110.139573855996517, 25.201062403826562, 0.0 ], [ 110.139555605206056, 25.200963589789207, 0.0 ], [ 110.139533158454526, 25.200865217775011, 0.0 ], [ 110.139543961034747, 25.200767641737212, 0.0 ], [ 110.139595655089636, 25.200679333622787, 0.0 ], [ 110.139665589201329, 25.200601579395638, 0.0 ], [ 110.139750410359852, 25.20053754396675, 0.0 ], [ 110.13983676165897, 25.200474919823701, 0.0 ], [ 110.139933836284882, 25.200427027305235, 0.0 ], [ 110.140031205499554, 25.200379686757739, 0.0 ], [ 110.140132749455148, 25.200340209688427, 0.0 ], [ 110.140228511895316, 25.200290858108673, 0.0 ], [ 110.140320237317525, 25.200237051287605, 0.0 ], [ 110.140426629825328, 25.200210138199918, 0.0 ], [ 110.140533022288608, 25.200183225034358, 0.0 ], [ 110.140639414707266, 25.200156311790924, 0.0 ], [ 110.140745807027159, 25.20012939829159, 0.0 ], [ 110.14085219926578, 25.200102484594584, 0.0 ], [ 110.140958591459949, 25.20007557081971, 0.0 ], [ 110.141064983609496, 25.200048656966963, 0.0 ], [ 110.141173270290224, 25.200067739789763, 0.0 ], [ 110.141268755893861, 25.200115691121859, 0.0 ], [ 110.141336748526783, 25.200192553068891, 0.0 ], [ 110.141357369450262, 25.200288226584966, 0.0 ] ], [ [ 110.138390150595768, 25.200660983876094, 0.0 ], [ 110.138378563005318, 25.20066098166566, 0.0 ], [ 110.138366022375777, 25.200660694568281, 0.0 ], [ 110.138352528707372, 25.200660122583724, 0.0 ], [ 110.138297687085071, 25.200657974000556, 0.0 ], [ 110.13824492371991, 25.200657243678421, 0.0 ], [ 110.13824172082758, 25.200657195887967, 0.0 ], [ 110.138238577680156, 25.20065705516549, 0.0 ], [ 110.138235494277779, 25.200656821510972, 0.0 ], [ 110.138233974980906, 25.20065666983421, 0.0 ], [ 110.138232470620309, 25.200656494924438, 0.0 ], [ 110.138230981195989, 25.200656296781659, 0.0 ], [ 110.138229506707916, 25.200656075405877, 0.0 ], [ 110.138228047156062, 25.200655830797096, 0.0 ], [ 110.138226602540456, 25.200655562955298, 0.0 ], [ 110.138225172861127, 25.20065527188051, 0.0 ], [ 110.138223758118059, 25.200654957572713, 0.0 ], [ 110.138222358311182, 25.200654620031916, 0.0 ], [ 110.138220973440596, 25.200654259258112, 0.0 ], [ 110.138219603506272, 25.200653875251312, 0.0 ], [ 110.138218248508224, 25.200653468011502, 0.0 ], [ 110.138216908446381, 25.2006530375387, 0.0 ], [ 110.1382155833208, 25.200652583832891, 0.0 ], [ 110.138214273131481, 25.200652106894083, 0.0 ], [ 110.138212977878467, 25.200651606722282, 0.0 ], [ 110.138211697561644, 25.200651083317471, 0.0 ], [ 110.138210432181083, 25.200650536679674, 0.0 ], [ 110.138209181736812, 25.200649966808871, 0.0 ], [ 110.138207946228817, 25.200649373705069, 0.0 ], [ 110.138206725657028, 25.20064875736827, 0.0 ], [ 110.138205520021501, 25.20064811779848, 0.0 ], [ 110.138204329322264, 25.200647454995686, 0.0 ], [ 110.138203153559303, 25.200646768959899, 0.0 ], [ 110.138201992732633, 25.200646059691113, 0.0 ], [ 110.138200846842153, 25.200645327189331, 0.0 ], [ 110.138199715887964, 25.200644571454553, 0.0 ], [ 110.138198599869966, 25.200643792486783, 0.0 ], [ 110.138197498788259, 25.200642990286017, 0.0 ], [ 110.138196412642827, 25.200642164852255, 0.0 ], [ 110.138195341433686, 25.200641316185504, 0.0 ], [ 110.138194285160822, 25.200640444285749, 0.0 ], [ 110.138193243824162, 25.20063954915301, 0.0 ], [ 110.138192217423779, 25.200638630787267, 0.0 ], [ 110.1381912059597, 25.20063768918854, 0.0 ], [ 110.138190209431883, 25.200636724356819, 0.0 ], [ 110.138189227840272, 25.200635736292107, 0.0 ], [ 110.138188261184951, 25.200634724994398, 0.0 ], [ 110.13818730946592, 25.200633690463704, 0.0 ], [ 110.138186372683151, 25.200632632700014, 0.0 ], [ 110.138185450836616, 25.200631551703339, 0.0 ], [ 110.138184543926357, 25.20063044747366, 0.0 ], [ 110.138183651952374, 25.200629320011, 0.0 ], [ 110.138182774914668, 25.200628169315348, 0.0 ], [ 110.138181065647984, 25.200625798225072, 0.0 ], [ 110.138179416126434, 25.200623334202838, 0.0 ], [ 110.13817782634986, 25.200620777248652, 0.0 ], [ 110.138176296318406, 25.200618127362507, 0.0 ], [ 110.138174826031957, 25.200615384544417, 0.0 ], [ 110.138173415490641, 25.200612548794364, 0.0 ], [ 110.138172064694288, 25.20060962011237, 0.0 ], [ 110.138130440673976, 25.200519723832127, 0.0 ], [ 110.138125210897996, 25.200509185391724, 0.0 ], [ 110.138119766190513, 25.200498717026814, 0.0 ], [ 110.138114106551456, 25.200488318737353, 0.0 ], [ 110.138108231981136, 25.200477990523336, 0.0 ], [ 110.138102142479283, 25.200467732384737, 0.0 ], [ 110.138095838046169, 25.20045754432152, 0.0 ], [ 110.138082584386098, 25.200437378421146, 0.0 ], [ 110.138069245948401, 25.200417261896259, 0.0 ], [ 110.13805659768019, 25.20039696382117, 0.0 ], [ 110.138044639581125, 25.200376484196042, 0.0 ], [ 110.138033371651005, 25.200355823021024, 0.0 ], [ 110.13803073585332, 25.200350611299218, 0.0 ], [ 110.138028289883152, 25.200345352108734, 0.0 ], [ 110.138026033740545, 25.200340045449622, 0.0 ], [ 110.138023967425397, 25.200334691321849, 0.0 ], [ 110.13802209093771, 25.200329289725445, 0.0 ], [ 110.138020404277427, 25.200323840660406, 0.0 ], [ 110.138018907444547, 25.200318344126742, 0.0 ], [ 110.138017600439028, 25.200312800124468, 0.0 ], [ 110.138016483260884, 25.200307208653577, 0.0 ], [ 110.138015555910115, 25.200301569714064, 0.0 ], [ 110.138014818386651, 25.200295883305952, 0.0 ], [ 110.138014270690448, 25.200290149429222, 0.0 ], [ 110.138013912821492, 25.200284368083892, 0.0 ], [ 110.138013744779769, 25.200278539269959, 0.0 ], [ 110.138013766565223, 25.20027266298742, 0.0 ], [ 110.138013978177923, 25.200266739236277, 0.0 ], [ 110.138015613238451, 25.20024304170331, 0.0 ], [ 110.138018066209895, 25.200219528987976, 0.0 ], [ 110.138021337091857, 25.200196201090229, 0.0 ], [ 110.138025425883754, 25.200173058009998, 0.0 ], [ 110.138033836151791, 25.200126792574487, 0.0 ], [ 110.13804107596944, 25.200080198954108, 0.0 ], [ 110.138042001994563, 25.200074385207564, 0.0 ], [ 110.13804311642167, 25.200068633396089, 0.0 ], [ 110.138044419250789, 25.200062943519715, 0.0 ], [ 110.13804591048185, 25.200057315578398, 0.0 ], [ 110.138047590114823, 25.200051749572157, 0.0 ], [ 110.138049458149737, 25.200046245500978, 0.0 ], [ 110.138051514586536, 25.20004080336485, 0.0 ], [ 110.138053759425233, 25.200035423163765, 0.0 ], [ 110.138056192665744, 25.200030104897717, 0.0 ], [ 110.138058814308067, 25.200024848566699, 0.0 ], [ 110.138061624352218, 25.200019654170699, 0.0 ], [ 110.138064622798083, 25.200014521709694, 0.0 ], [ 110.138067809645833, 25.200009451183693, 0.0 ], [ 110.13807118489521, 25.200004442592665, 0.0 ], [ 110.138074748546387, 25.199999495936609, 0.0 ], [ 110.13807850059932, 25.199994611215505, 0.0 ], [ 110.138086041636086, 25.19998485290024, 0.0 ], [ 110.138093279731365, 25.199974992968983, 0.0 ], [ 110.13810021488537, 25.199965031421797, 0.0 ], [ 110.138106847097916, 25.199954968258712, 0.0 ], [ 110.138113176369245, 25.199944803479781, 0.0 ], [ 110.138119202699372, 25.199934537085035, 0.0 ], [ 110.138124926088409, 25.199924169074517, 0.0 ], [ 110.138130346536272, 25.19991369944826, 0.0 ], [ 110.138152404042017, 25.199871334305417, 0.0 ], [ 110.138176424738901, 25.19982840234913, 0.0 ], [ 110.138178010485603, 25.199825729173774, 0.0 ], [ 110.138179642439439, 25.199823111568133, 0.0 ], [ 110.138181320600324, 25.199820549532195, 0.0 ], [ 110.138183044968187, 25.19981804306596, 0.0 ], [ 110.138184815543099, 25.199815592169429, 0.0 ], [ 110.138186632325144, 25.199813196842609, 0.0 ], [ 110.138188495314239, 25.199810857085481, 0.0 ], [ 110.138190404510297, 25.199808572898061, 0.0 ], [ 110.138192359913418, 25.199806344280336, 0.0 ], [ 110.138194361523659, 25.199804171232302, 0.0 ], [ 110.138196409340964, 25.199802053753967, 0.0 ], [ 110.138198503365246, 25.199799991845328, 0.0 ], [ 110.138200643596576, 25.199797985506379, 0.0 ], [ 110.138202830035041, 25.199796034737112, 0.0 ], [ 110.138205062680484, 25.199794139537538, 0.0 ], [ 110.138207341532976, 25.199792299907635, 0.0 ], [ 110.138209666592601, 25.199790515847429, 0.0 ], [ 110.138212037859148, 25.199788787356901, 0.0 ], [ 110.1382144553329, 25.199787114436045, 0.0 ], [ 110.13821691901363, 25.199785497084868, 0.0 ], [ 110.138219428901436, 25.199783935303365, 0.0 ], [ 110.138221984996363, 25.199782429091535, 0.0 ], [ 110.138224587298311, 25.199780978449372, 0.0 ], [ 110.138227235807307, 25.199779583376877, 0.0 ], [ 110.138229930523451, 25.199778243874047, 0.0 ], [ 110.138232671446531, 25.199776959940881, 0.0 ], [ 110.13823545857683, 25.199775731577368, 0.0 ], [ 110.138238291914121, 25.199774558783517, 0.0 ], [ 110.138241171458503, 25.199773441559319, 0.0 ], [ 110.138244097209977, 25.199772379904775, 0.0 ], [ 110.138247069168528, 25.199771373819878, 0.0 ], [ 110.138250087334171, 25.199770423304621, 0.0 ], [ 110.138256112432543, 25.199768512615837, 0.0 ], [ 110.138262022650878, 25.199766471471225, 0.0 ], [ 110.138267817989103, 25.199764299870793, 0.0 ], [ 110.138273498447177, 25.199761997814555, 0.0 ], [ 110.138279064025184, 25.199759565302518, 0.0 ], [ 110.138284514723111, 25.1997570023347, 0.0 ], [ 110.138289850540858, 25.199754308911114, 0.0 ], [ 110.138295071478581, 25.199751485031769, 0.0 ], [ 110.138300177536038, 25.199748530696677, 0.0 ], [ 110.138305168713458, 25.199745445905847, 0.0 ], [ 110.13831004501067, 25.199742230659297, 0.0 ], [ 110.138314806427658, 25.199738884957043, 0.0 ], [ 110.13831945296451, 25.199735408799086, 0.0 ], [ 110.138323984621209, 25.199731802185429, 0.0 ], [ 110.138328401397672, 25.199728065116098, 0.0 ], [ 110.138332703293983, 25.199724197591099, 0.0 ], [ 110.138334787522737, 25.199722214415207, 0.0 ], [ 110.13833679575292, 25.199720197640392, 0.0 ], [ 110.138338727984362, 25.199718147266658, 0.0 ], [ 110.13834058421709, 25.199716063293991, 0.0 ], [ 110.138342364451191, 25.199713945722415, 0.0 ], [ 110.138344068686635, 25.199711794551916, 0.0 ], [ 110.138345696923437, 25.199709609782499, 0.0 ], [ 110.138347249161541, 25.199707391414176, 0.0 ], [ 110.138348725401002, 25.19970513944693, 0.0 ], [ 110.138350125641836, 25.199702853880787, 0.0 ], [ 110.13835144988397, 25.199700534715731, 0.0 ], [ 110.138352698127534, 25.199698181951778, 0.0 ], [ 110.138353870372427, 25.199695795588923, 0.0 ], [ 110.138354966618678, 25.199693375627163, 0.0 ], [ 110.138355986866259, 25.199690922066516, 0.0 ], [ 110.138356931115226, 25.199688434906967, 0.0 ], [ 110.138357799365593, 25.199685914148532, 0.0 ], [ 110.138358591617333, 25.199683359791187, 0.0 ], [ 110.138359307870417, 25.199680771834959, 0.0 ], [ 110.138359948124901, 25.199678150279841, 0.0 ], [ 110.138360512380785, 25.199675495125835, 0.0 ], [ 110.138361000638014, 25.199672806372934, 0.0 ], [ 110.138361412896671, 25.19967008402115, 0.0 ], [ 110.138361749156743, 25.199667328070475, 0.0 ], [ 110.138362009418174, 25.199664538520917, 0.0 ], [ 110.138362193681104, 25.199661715372471, 0.0 ], [ 110.138362301945406, 25.199658858625142, 0.0 ], [ 110.138362334211138, 25.199655968278925, 0.0 ], [ 110.138362290478241, 25.199653044333825, 0.0 ], [ 110.138362170746873, 25.199650086789834, 0.0 ], [ 110.138361975016906, 25.199647095646966, 0.0 ], [ 110.138361703288311, 25.199644070905212, 0.0 ], [ 110.138357593075952, 25.199594597062685, 0.0 ], [ 110.138355173727234, 25.199543504853541, 0.0 ], [ 110.138355130176194, 25.199540325971892, 0.0 ], [ 110.138355196262793, 25.199537277000992, 0.0 ], [ 110.138355270420206, 25.199535801232074, 0.0 ], [ 110.138355371986989, 25.199534357940852, 0.0 ], [ 110.138355500963243, 25.199532947127313, 0.0 ], [ 110.138355657348882, 25.199531568791457, 0.0 ], [ 110.138355841143962, 25.199530222933301, 0.0 ], [ 110.138356052348342, 25.199528909552818, 0.0 ], [ 110.138356290962193, 25.199527628650038, 0.0 ], [ 110.138356556985343, 25.199526380224938, 0.0 ], [ 110.138356850417935, 25.199525164277528, 0.0 ], [ 110.138357171259997, 25.199523980807804, 0.0 ], [ 110.13835751951143, 25.199522829815773, 0.0 ], [ 110.138357895172234, 25.199521711301415, 0.0 ], [ 110.138358298242409, 25.199520625264761, 0.0 ], [ 110.138358728721968, 25.199519571705782, 0.0 ], [ 110.13835918661097, 25.199518550624493, 0.0 ], [ 110.138359671909427, 25.19951756202089, 0.0 ], [ 110.13836018461727, 25.199516605894981, 0.0 ], [ 110.138360451249611, 25.199516140011152, 0.0 ], [ 110.138360724734397, 25.199515682246748, 0.0 ], [ 110.138361005071545, 25.199515232601765, 0.0 ], [ 110.138361292261052, 25.199514791076201, 0.0 ], [ 110.138361586302921, 25.199514357670061, 0.0 ], [ 110.138361887197078, 25.199513932383336, 0.0 ], [ 110.13836219494361, 25.199513515216044, 0.0 ], [ 110.13836250954256, 25.199513106168162, 0.0 ], [ 110.138362830993728, 25.199512705239709, 0.0 ], [ 110.13836315929727, 25.199512312430677, 0.0 ], [ 110.138363494453159, 25.199511927741067, 0.0 ], [ 110.138363836461494, 25.199511551170872, 0.0 ], [ 110.138364185322104, 25.199511182720101, 0.0 ], [ 110.138364541035017, 25.199510822388746, 0.0 ], [ 110.138364903600362, 25.199510470176815, 0.0 ], [ 110.138365273018067, 25.199510126084313, 0.0 ], [ 110.138365649288062, 25.199509790111225, 0.0 ], [ 110.138366032410403, 25.199509462257556, 0.0 ], [ 110.138366422385118, 25.199509142523308, 0.0 ], [ 110.138366819212209, 25.199508830908488, 0.0 ], [ 110.138367222891574, 25.19950852741308, 0.0 ], [ 110.138367633423314, 25.19950823203709, 0.0 ], [ 110.138368050807401, 25.199507944780528, 0.0 ], [ 110.138368475043862, 25.199507665643381, 0.0 ], [ 110.138368906132683, 25.199507394625659, 0.0 ], [ 110.13836934407378, 25.199507131727348, 0.0 ], [ 110.138369788867251, 25.199506876948458, 0.0 ], [ 110.138370240513169, 25.199506630288997, 0.0 ], [ 110.138370699011347, 25.199506391748965, 0.0 ], [ 110.138371164361914, 25.19950616132833, 0.0 ], [ 110.138371636564827, 25.199505939027134, 0.0 ], [ 110.138372115620115, 25.199505724845345, 0.0 ], [ 110.138372601527678, 25.199505518782985, 0.0 ], [ 110.138373094287616, 25.199505320840039, 0.0 ], [ 110.138373593899914, 25.199505131016515, 0.0 ], [ 110.138374100364572, 25.199504949312409, 0.0 ], [ 110.13837461368152, 25.199504775727718, 0.0 ], [ 110.138375133850914, 25.199504610262451, 0.0 ], [ 110.138375660872654, 25.19950445291661, 0.0 ], [ 110.138376194746698, 25.199504303690183, 0.0 ], [ 110.138376735473102, 25.199504162583178, 0.0 ], [ 110.138377283051781, 25.199504029595587, 0.0 ], [ 110.138377837482849, 25.199503904727415, 0.0 ], [ 110.138378398766335, 25.199503787978667, 0.0 ], [ 110.138379541890274, 25.199503578839423, 0.0 ], [ 110.138380712423654, 25.199503402177854, 0.0 ], [ 110.138381910366348, 25.199503257993957, 0.0 ], [ 110.138383135718499, 25.199503146287739, 0.0 ], [ 110.138384388480119, 25.199503067059194, 0.0 ], [ 110.138385668651111, 25.19950302030832, 0.0 ], [ 110.13838697623143, 25.199503006035112, 0.0 ], [ 110.138388311221263, 25.19950302423959, 0.0 ], [ 110.138389673620424, 25.199503074921722, 0.0 ], [ 110.138391063429054, 25.199503158081537, 0.0 ], [ 110.13839248064707, 25.199503273719017, 0.0 ], [ 110.138393925274556, 25.199503421834166, 0.0 ], [ 110.138395397311427, 25.199503602426987, 0.0 ], [ 110.138396896757627, 25.199503815497465, 0.0 ], [ 110.138398423613296, 25.199504061045612, 0.0 ], [ 110.138399977878436, 25.199504339071432, 0.0 ], [ 110.138401559552975, 25.199504649574909, 0.0 ], [ 110.138404805130307, 25.199505368014847, 0.0 ], [ 110.138408160345364, 25.199506216365442, 0.0 ], [ 110.138511324291144, 25.199533783362149, 0.0 ], [ 110.13852351790527, 25.199536853521561, 0.0 ], [ 110.138535797046643, 25.199539586947715, 0.0 ], [ 110.138548161715036, 25.199541983640604, 0.0 ], [ 110.138560611910492, 25.199544043600188, 0.0 ], [ 110.138573147632798, 25.199545766826439, 0.0 ], [ 110.138585768881882, 25.199547153319358, 0.0 ], [ 110.138598475657702, 25.199548203078898, 0.0 ], [ 110.138611267960158, 25.199548916105037, 0.0 ], [ 110.138624103316786, 25.199549347082403, 0.0 ], [ 110.138636939254994, 25.199549550695643, 0.0 ], [ 110.138649775774937, 25.199549526944761, 0.0 ], [ 110.138662612876388, 25.199549275829742, 0.0 ], [ 110.138675450559461, 25.199548797350587, 0.0 ], [ 110.138688288823872, 25.1995480915073, 0.0 ], [ 110.138701127669762, 25.199547158299879, 0.0 ], [ 110.13881652685707, 25.199535460234284, 0.0 ], [ 110.138918910638751, 25.199523980664466, 0.0 ], [ 110.138969920491263, 25.199517207699145, 0.0 ], [ 110.13902058426261, 25.199508966984151, 0.0 ], [ 110.139045760973872, 25.199504146355267, 0.0 ], [ 110.139070800377183, 25.199498659058357, 0.0 ], [ 110.139095702472133, 25.199492505093481, 0.0 ], [ 110.139120467258422, 25.199485684460704, 0.0 ], [ 110.13913284268979, 25.199482267500581, 0.0 ], [ 110.139145272852218, 25.199479170586919, 0.0 ], [ 110.139157757745721, 25.19947639371971, 0.0 ], [ 110.13917029737047, 25.199473936898947, 0.0 ], [ 110.139182891726421, 25.199471800124609, 0.0 ], [ 110.139195540813887, 25.199469983396693, 0.0 ], [ 110.139208244632826, 25.19946848671518, 0.0 ], [ 110.139221003183323, 25.199467310080067, 0.0 ], [ 110.139233789151888, 25.199466439443988, 0.0 ], [ 110.139246575224959, 25.199465860759624, 0.0 ], [ 110.139259361402623, 25.199465574026956, 0.0 ], [ 110.139272147684991, 25.199465579245992, 0.0 ], [ 110.139284934072123, 25.199465876416731, 0.0 ], [ 110.139297720564187, 25.199466465539182, 0.0 ], [ 110.139310507161227, 25.199467346613346, 0.0 ], [ 110.139323293863242, 25.199468519639225, 0.0 ], [ 110.13937473182834, 25.199473246545779, 0.0 ], [ 110.139426751685917, 25.199476875251133, 0.0 ], [ 110.13943325703805, 25.199477354336729, 0.0 ], [ 110.139439695393605, 25.199478021692386, 0.0 ], [ 110.139446066752541, 25.199478877318118, 0.0 ], [ 110.139452371114956, 25.199479921213928, 0.0 ], [ 110.139458608480894, 25.199481153379828, 0.0 ], [ 110.139464778850368, 25.199482573815825, 0.0 ], [ 110.139470882223492, 25.199484182521942, 0.0 ], [ 110.13947691860011, 25.199485979498167, 0.0 ], [ 110.13948288798035, 25.19948796474452, 0.0 ], [ 110.139488790364155, 25.199490138261016, 0.0 ], [ 110.139494625751695, 25.199492500047644, 0.0 ], [ 110.139500394142914, 25.199495050104431, 0.0 ], [ 110.139506095537826, 25.199497788431373, 0.0 ], [ 110.139511729936473, 25.199500715028481, 0.0 ], [ 110.139517297338799, 25.199503829895765, 0.0 ], [ 110.139522797744888, 25.19950713303324, 0.0 ], [ 110.139528200898681, 25.199510577205544, 0.0 ], [ 110.139533476544102, 25.19951411517734, 0.0 ], [ 110.13953862468108, 25.199517746948629, 0.0 ], [ 110.139543645309672, 25.199521472519436, 0.0 ], [ 110.139548538429835, 25.199525291889771, 0.0 ], [ 110.139553304041627, 25.199529205059651, 0.0 ], [ 110.139557942145018, 25.199533212029067, 0.0 ], [ 110.13956245273998, 25.199537312798057, 0.0 ], [ 110.139566835826543, 25.199541507366622, 0.0 ], [ 110.139571091404662, 25.199545795734775, 0.0 ], [ 110.139575219474395, 25.19955017790252, 0.0 ], [ 110.139579220035728, 25.199554653869878, 0.0 ], [ 110.139583093088589, 25.199559223636854, 0.0 ], [ 110.139586838633051, 25.199563887203453, 0.0 ], [ 110.139590456668998, 25.19956864456968, 0.0 ], [ 110.139593947196559, 25.199573495735571, 0.0 ], [ 110.139648131842449, 25.199652909999386, 0.0 ], [ 110.139674162154265, 25.199693465123197, 0.0 ], [ 110.139698712170073, 25.199734671018543, 0.0 ], [ 110.13971026199043, 25.199755583684734, 0.0 ], [ 110.139721101583575, 25.199776790402051, 0.0 ], [ 110.139731230949366, 25.199798291170644, 0.0 ], [ 110.139740650087518, 25.199820085990652, 0.0 ], [ 110.139745053577556, 25.199831087457337, 0.0 ], [ 110.139749200023246, 25.199842150011648, 0.0 ], [ 110.139753089424701, 25.199853273653616, 0.0 ], [ 110.139756721781751, 25.199864458383246, 0.0 ], [ 110.139760097094452, 25.199875704200572, 0.0 ], [ 110.13976321536262, 25.199887011105588, 0.0 ], [ 110.139766076586213, 25.199898379098315, 0.0 ], [ 110.139768680765144, 25.199909808178781, 0.0 ], [ 110.139773316874852, 25.199932917589262, 0.0 ], [ 110.139777322577331, 25.199956407323434, 0.0 ], [ 110.139780697872126, 25.199980277381322, 0.0 ], [ 110.139783442759082, 25.20000452776296, 0.0 ], [ 110.139783711192663, 25.200007569567767, 0.0 ], [ 110.139783909072463, 25.200010584846272, 0.0 ], [ 110.139784036398638, 25.200013573598493, 0.0 ], [ 110.139784093171116, 25.200016535824428, 0.0 ], [ 110.139784079389884, 25.200019471524076, 0.0 ], [ 110.139783995054913, 25.20002238069744, 0.0 ], [ 110.139783840166317, 25.200025263344518, 0.0 ], [ 110.139783614723981, 25.200028119465301, 0.0 ], [ 110.139783318728007, 25.200030949059808, 0.0 ], [ 110.139782952178194, 25.200033752128022, 0.0 ], [ 110.139782515074728, 25.200036528669933, 0.0 ], [ 110.139782007417537, 25.200039278685569, 0.0 ], [ 110.139781429206579, 25.200042002174911, 0.0 ], [ 110.139780780441939, 25.200044699137969, 0.0 ], [ 110.139780061123545, 25.200047369574722, 0.0 ], [ 110.139779271251385, 25.200050013485182, 0.0 ], [ 110.139778410825471, 25.200052630869351, 0.0 ], [ 110.139777479845861, 25.200055221727226, 0.0 ], [ 110.13977647831247, 25.200057786058803, 0.0 ], [ 110.139775406225311, 25.200060323864083, 0.0 ], [ 110.139774263584442, 25.200062835143054, 0.0 ], [ 110.139773050389707, 25.200065319895728, 0.0 ], [ 110.13977176664126, 25.200067778122101, 0.0 ], [ 110.139770412339033, 25.200070209822158, 0.0 ], [ 110.13976898748308, 25.200072614995918, 0.0 ], [ 110.139767492073261, 25.200074993643359, 0.0 ], [ 110.139765926109703, 25.200077345764491, 0.0 ], [ 110.139764289592421, 25.200079671359308, 0.0 ], [ 110.139762582521342, 25.200081970427817, 0.0 ], [ 110.13976080489644, 25.200084242969989, 0.0 ], [ 110.139758956717742, 25.20008648898585, 0.0 ], [ 110.13975703798522, 25.200088708475384, 0.0 ], [ 110.139755065738399, 25.200090894690653, 0.0 ], [ 110.13975305701679, 25.200093040883726, 0.0 ], [ 110.13975101182038, 25.200095147054586, 0.0 ], [ 110.139748930149068, 25.200097213203239, 0.0 ], [ 110.139746812003011, 25.200099239329692, 0.0 ], [ 110.13974465738211, 25.200101225433933, 0.0 ], [ 110.139742466286393, 25.200103171515966, 0.0 ], [ 110.139740238715859, 25.200105077575781, 0.0 ], [ 110.139737974670496, 25.200106943613392, 0.0 ], [ 110.139735674150302, 25.200108769628777, 0.0 ], [ 110.139733337155292, 25.200110555621951, 0.0 ], [ 110.139730963685466, 25.200112301592899, 0.0 ], [ 110.139728553740895, 25.200114007541639, 0.0 ], [ 110.139726107321422, 25.20011567346814, 0.0 ], [ 110.139723624427134, 25.200117299372433, 0.0 ], [ 110.139721105058101, 25.200118885254494, 0.0 ], [ 110.139718549214265, 25.200120431114343, 0.0 ], [ 110.139715956895529, 25.200121936951941, 0.0 ], [ 110.139713328101976, 25.200123402767314, 0.0 ], [ 110.139710662833679, 25.200124828560451, 0.0 ], [ 110.139707961090593, 25.200126214331366, 0.0 ], [ 110.139705222872692, 25.200127560080038, 0.0 ], [ 110.13970244817996, 25.200128865806466, 0.0 ], [ 110.139699637012441, 25.200130131510651, 0.0 ], [ 110.13969678937012, 25.2001313571926, 0.0 ], [ 110.139693905252983, 25.200132542852298, 0.0 ], [ 110.139688027594332, 25.200134794104972, 0.0 ], [ 110.139682004036501, 25.20013688526863, 0.0 ], [ 110.139675834579492, 25.200138816343269, 0.0 ], [ 110.139663439958539, 25.20014266906762, 0.0 ], [ 110.139651225721849, 25.200146823120235, 0.0 ], [ 110.139639191869449, 25.200151278501156, 0.0 ], [ 110.139627338401141, 25.200156035210409, 0.0 ], [ 110.139615665316896, 25.200161093248035, 0.0 ], [ 110.139604172616629, 25.200166452614091, 0.0 ], [ 110.139592860300368, 25.200172113308611, 0.0 ], [ 110.139581728367958, 25.200178075331632, 0.0 ], [ 110.139559486481659, 25.200189968623924, 0.0 ], [ 110.13953692778496, 25.200201197751571, 0.0 ], [ 110.139514052277988, 25.200211762714456, 0.0 ], [ 110.139490859961285, 25.200221663512437, 0.0 ], [ 110.1394791222328, 25.200226300390291, 0.0 ], [ 110.139467259768836, 25.200230642308366, 0.0 ], [ 110.139455272569577, 25.200234689266626, 0.0 ], [ 110.139443160635096, 25.200238441265064, 0.0 ], [ 110.139430923965463, 25.200241898303631, 0.0 ], [ 110.139418562560678, 25.200245060382301, 0.0 ], [ 110.139406076420912, 25.200247927501056, 0.0 ], [ 110.139393465546178, 25.200250499659862, 0.0 ], [ 110.139292310540611, 25.200269903934299, 0.0 ], [ 110.139192161733845, 25.200290663788699, 0.0 ], [ 110.13914228802237, 25.200302550874312, 0.0 ], [ 110.139092040427329, 25.200316103540029, 0.0 ], [ 110.13908578898716, 25.200317951704491, 0.0 ], [ 110.139079643301116, 25.200319899833975, 0.0 ], [ 110.139073603369098, 25.200321947928487, 0.0 ], [ 110.139067669191192, 25.200324095988055, 0.0 ], [ 110.139061840767283, 25.200326344012684, 0.0 ], [ 110.1390561180974, 25.20032869200238, 0.0 ], [ 110.139050501181586, 25.200331139957161, 0.0 ], [ 110.13904499001984, 25.200333687877031, 0.0 ], [ 110.139039584612064, 25.200336335762017, 0.0 ], [ 110.139034284958342, 25.200339083612118, 0.0 ], [ 110.139029091058589, 25.200341931427349, 0.0 ], [ 110.139024002912805, 25.200344879207719, 0.0 ], [ 110.139019020521047, 25.200347926953249, 0.0 ], [ 110.139014143883259, 25.200351074663935, 0.0 ], [ 110.139009372999411, 25.200354322339784, 0.0 ], [ 110.139004707869645, 25.200357669980828, 0.0 ], [ 110.139002422603156, 25.200359389444635, 0.0 ], [ 110.139000179056382, 25.200361150212412, 0.0 ], [ 110.138997977229451, 25.200362952284173, 0.0 ], [ 110.138995817122307, 25.200364795659905, 0.0 ], [ 110.138993698734851, 25.20036668033962, 0.0 ], [ 110.138991622067337, 25.200368606323305, 0.0 ], [ 110.138989587119525, 25.200370573610993, 0.0 ], [ 110.138987593891557, 25.200372582202657, 0.0 ], [ 110.13898564238329, 25.200374632098303, 0.0 ], [ 110.13898373259488, 25.200376723297943, 0.0 ], [ 110.138981864526173, 25.200378855801574, 0.0 ], [ 110.138980038177394, 25.200381029609193, 0.0 ], [ 110.138978253548387, 25.200383244720822, 0.0 ], [ 110.138976510639083, 25.200385501136427, 0.0 ], [ 110.138974809449564, 25.200387798856038, 0.0 ], [ 110.13897314997989, 25.200390137879637, 0.0 ], [ 110.138971532230002, 25.200392518207241, 0.0 ], [ 110.138969956199887, 25.200394939838841, 0.0 ], [ 110.138968421889558, 25.200397402774456, 0.0 ], [ 110.138966929299016, 25.200399907014067, 0.0 ], [ 110.138965478428247, 25.200402452557679, 0.0 ], [ 110.138964069277264, 25.20040503940529, 0.0 ], [ 110.138962701846054, 25.20040766755692, 0.0 ], [ 110.138961376134716, 25.200410337012549, 0.0 ], [ 110.138958849871329, 25.200415799835849, 0.0 ], [ 110.138956490487246, 25.200421427875185, 0.0 ], [ 110.138954297982337, 25.200427221130575, 0.0 ], [ 110.138952272356605, 25.20043317960203, 0.0 ], [ 110.138951272575241, 25.200436175120348, 0.0 ], [ 110.138950215417225, 25.200439120595838, 0.0 ], [ 110.138949100882655, 25.200442016028482, 0.0 ], [ 110.138947928971376, 25.200444861418294, 0.0 ], [ 110.138946699683459, 25.200447656765256, 0.0 ], [ 110.138945413018973, 25.200450402069379, 0.0 ], [ 110.138944068977835, 25.200453097330659, 0.0 ], [ 110.138942667560073, 25.200455742549096, 0.0 ], [ 110.138941208765644, 25.200458337724672, 0.0 ], [ 110.138939692594576, 25.200460882857413, 0.0 ], [ 110.138938119046855, 25.200463377947298, 0.0 ], [ 110.138936488122482, 25.200465822994325, 0.0 ], [ 110.138934799821456, 25.200468217998512, 0.0 ], [ 110.138933054143777, 25.200470562959829, 0.0 ], [ 110.138931251089446, 25.200472857878292, 0.0 ], [ 110.138929390658461, 25.200475102753895, 0.0 ], [ 110.13892747285081, 25.200477297586634, 0.0 ], [ 110.138925497666492, 25.200479442376512, 0.0 ], [ 110.138923465105535, 25.200481537123519, 0.0 ], [ 110.138921375167996, 25.200483581827658, 0.0 ], [ 110.138919227853791, 25.200485576488923, 0.0 ], [ 110.138917023162847, 25.200487521107306, 0.0 ], [ 110.138914761095336, 25.200489415682824, 0.0 ], [ 110.138912441651158, 25.200491260215454, 0.0 ], [ 110.138910064830313, 25.200493054705209, 0.0 ], [ 110.138907630632829, 25.200494799152075, 0.0 ], [ 110.138905139058679, 25.200496493556056, 0.0 ], [ 110.138902590107861, 25.200498137917144, 0.0 ], [ 110.138899983780476, 25.20049973223534, 0.0 ], [ 110.138897320076367, 25.200501276510629, 0.0 ], [ 110.138894598995606, 25.200502770743032, 0.0 ], [ 110.138891820538262, 25.200504214932536, 0.0 ], [ 110.138886182029822, 25.200506995744902, 0.0 ], [ 110.138880495087406, 25.200509661509834, 0.0 ], [ 110.138874759710973, 25.200512212227316, 0.0 ], [ 110.138868975900579, 25.200514647897361, 0.0 ], [ 110.138863143656181, 25.200516968519942, 0.0 ], [ 110.13885726297778, 25.200519174095071, 0.0 ], [ 110.138851333865475, 25.200521264622729, 0.0 ], [ 110.138845356319209, 25.200523240102914, 0.0 ], [ 110.138839330339053, 25.200525100535621, 0.0 ], [ 110.138833255924979, 25.200526845920859, 0.0 ], [ 110.138827133077072, 25.200528476258604, 0.0 ], [ 110.138820961795233, 25.200529991548862, 0.0 ], [ 110.138814742079518, 25.200531391791618, 0.0 ], [ 110.138808473929998, 25.200532676986867, 0.0 ], [ 110.138802157346717, 25.200533847134619, 0.0 ], [ 110.138692784386038, 25.200550585812255, 0.0 ], [ 110.138686340129595, 25.200551612712914, 0.0 ], [ 110.138679980877725, 25.200552767673553, 0.0 ], [ 110.138673706630712, 25.200554050694191, 0.0 ], [ 110.138667517388328, 25.20055546177483, 0.0 ], [ 110.138661413150601, 25.200557000915488, 0.0 ], [ 110.138655393917603, 25.200558668116173, 0.0 ], [ 110.138649459689333, 25.200560463376885, 0.0 ], [ 110.138643610465593, 25.200562386697655, 0.0 ], [ 110.138637846246539, 25.200564438078469, 0.0 ], [ 110.138632167032014, 25.20056661751935, 0.0 ], [ 110.138626572822147, 25.200568925020299, 0.0 ], [ 110.138621063616768, 25.200571360581332, 0.0 ], [ 110.138615639416017, 25.200573924202448, 0.0 ], [ 110.138610300219739, 25.200576615883673, 0.0 ], [ 110.138605046028061, 25.200579435625006, 0.0 ], [ 110.138599876840971, 25.200582383426454, 0.0 ], [ 110.138578818228467, 25.20059429936526, 0.0 ], [ 110.138556655869692, 25.200605952529283, 0.0 ], [ 110.138533389764746, 25.200617342918022, 0.0 ], [ 110.138509019913258, 25.200628470530944, 0.0 ], [ 110.138485626934227, 25.200638483392666, 0.0 ], [ 110.138465291447915, 25.20064652952912, 0.0 ], [ 110.138456270264967, 25.200649815075781, 0.0 ], [ 110.138448013455729, 25.200652608941617, 0.0 ], [ 110.138440521020414, 25.20065491112673, 0.0 ], [ 110.138437061443, 25.200655877839061, 0.0 ], [ 110.138433792959077, 25.200656721631262, 0.0 ], [ 110.138432176708093, 25.200657103894649, 0.0 ], [ 110.138430500891999, 25.200657468352667, 0.0 ], [ 110.138426970565064, 25.200658143852575, 0.0 ], [ 110.138423201978341, 25.200658748130987, 0.0 ], [ 110.138419195131718, 25.200659281187871, 0.0 ], [ 110.138414950025222, 25.20065974302322, 0.0 ], [ 110.138410466658996, 25.200660133637001, 0.0 ], [ 110.138405745032912, 25.200660453029204, 0.0 ], [ 110.138400785147013, 25.200660701199808, 0.0 ], [ 110.138390150595768, 25.200660983876094, 0.0 ] ], [ [ 110.122905253547799, 25.200420284067341, 0.0 ], [ 110.123253229639744, 25.200895232155954, 0.0 ], [ 110.123601208398767, 25.201370179468224, 0.0 ], [ 110.123949189606762, 25.201845126136536, 0.0 ], [ 110.123768104440586, 25.202317072621891, 0.0 ], [ 110.123142153709125, 25.20227851418959, 0.0 ], [ 110.12251620345782, 25.202239953117932, 0.0 ], [ 110.122117045685158, 25.202359952429905, 0.0 ], [ 110.12209670905375, 25.202856189198442, 0.0 ], [ 110.122679402461145, 25.203518717709205, 0.0 ], [ 110.123515645883131, 25.203927212153953, 0.0 ], [ 110.124141605308893, 25.20396576774754, 0.0 ], [ 110.124767565262047, 25.204004320065092, 0.0 ], [ 110.124585911480935, 25.202730011273413, 0.0 ], [ 110.124883154061536, 25.202227344252272, 0.0 ], [ 110.125180394190096, 25.201724676552391, 0.0 ], [ 110.125477631892124, 25.201222008186296, 0.0 ], [ 110.125602809719723, 25.201251074138501, 0.0 ], [ 110.125412664850842, 25.201794938314144, 0.0 ], [ 110.125253562330585, 25.20234699968525, 0.0 ], [ 110.125126385322943, 25.202905864370507, 0.0 ], [ 110.125030524202955, 25.203469885411753, 0.0 ], [ 110.124967820462473, 25.204037742083202, 0.0 ], [ 110.124546161386093, 25.204348307762572, 0.0 ], [ 110.123929333937298, 25.204243989785468, 0.0 ], [ 110.123312507576543, 25.204139669477996, 0.0 ], [ 110.122695682324135, 25.204035346741396, 0.0 ], [ 110.122078858215247, 25.203931021404184, 0.0 ], [ 110.121462035290833, 25.203826693265885, 0.0 ], [ 110.121084575102557, 25.203435249526937, 0.0 ], [ 110.120879733957622, 25.202895735505489, 0.0 ], [ 110.120674894550248, 25.202356221210103, 0.0 ], [ 110.120470056880521, 25.201816706640809, 0.0 ], [ 110.120265220410261, 25.2012771919667, 0.0 ], [ 110.120060385554225, 25.200737677057429, 0.0 ], [ 110.120396577673233, 25.200428809130063, 0.0 ], [ 110.121023790953046, 25.200415896110929, 0.0 ], [ 110.121651004187257, 25.200402980435548, 0.0 ], [ 110.122278328350149, 25.200399825891648, 0.0 ], [ 110.122905253547799, 25.200420284067341, 0.0 ] ], [ [ 110.123645870727316, 25.212301898997364, 0.0 ], [ 110.123650960550137, 25.212329814650424, 0.0 ], [ 110.123683426812946, 25.212353699149574, 0.0 ], [ 110.123715893088658, 25.21237758364186, 0.0 ], [ 110.123741436011684, 25.212365904246866, 0.0 ], [ 110.123767962629231, 25.212336641214641, 0.0 ], [ 110.123802926005681, 25.212320885632401, 0.0 ], [ 110.123844324286694, 25.212315940879868, 0.0 ], [ 110.123880009649255, 25.212307444673751, 0.0 ], [ 110.123920887782219, 25.212315182145257, 0.0 ], [ 110.123961765920768, 25.212322919605594, 0.0 ], [ 110.124002644064845, 25.212330657054743, 0.0 ], [ 110.124043522214365, 25.212338394492733, 0.0 ], [ 110.1240544217615, 25.212367914609779, 0.0 ], [ 110.124053680582463, 25.212405892967478, 0.0 ], [ 110.124052939402588, 25.212443871324954, 0.0 ], [ 110.124052198221804, 25.212481849682231, 0.0 ], [ 110.124088130150724, 25.212509115345235, 0.0 ], [ 110.124123736262035, 25.2124892764155, 0.0 ], [ 110.124159342361892, 25.212469437476827, 0.0 ], [ 110.124194948450437, 25.212449598529219, 0.0 ], [ 110.124230554527543, 25.21242975957265, 0.0 ], [ 110.124266160593365, 25.212409920607165, 0.0 ], [ 110.124302936993104, 25.212396167240104, 0.0 ], [ 110.124343832059566, 25.212403830448093, 0.0 ], [ 110.124384727038873, 25.212411494053857, 0.0 ], [ 110.124425622023679, 25.212419157648444, 0.0 ], [ 110.124466517013872, 25.212426821231855, 0.0 ], [ 110.124487659747558, 25.212455783106055, 0.0 ], [ 110.124502848371066, 25.212491165133834, 0.0 ], [ 110.124518037003142, 25.212526547160127, 0.0 ], [ 110.12453322564366, 25.212561929184925, 0.0 ], [ 110.124548414292761, 25.212597311208224, 0.0 ], [ 110.124563602950275, 25.212632693230042, 0.0 ], [ 110.124578791616301, 25.21266807525036, 0.0 ], [ 110.124593980290911, 25.212703457269189, 0.0 ], [ 110.124609168974018, 25.21273883928653, 0.0 ], [ 110.124624357665539, 25.212774221302375, 0.0 ], [ 110.1246395463656, 25.212809603316732, 0.0 ], [ 110.124654735074216, 25.212844985329593, 0.0 ], [ 110.124669923791259, 25.212880367340961, 0.0 ], [ 110.124685112516829, 25.212915749350838, 0.0 ], [ 110.124700301250954, 25.212951131359226, 0.0 ], [ 110.124715489993591, 25.212986513366111, 0.0 ], [ 110.124730678744669, 25.213021895371508, 0.0 ], [ 110.124745867504302, 25.21305727737542, 0.0 ], [ 110.124761056272391, 25.213092659377839, 0.0 ], [ 110.124776245049048, 25.213128041378766, 0.0 ], [ 110.124791433834147, 25.213163423378194, 0.0 ], [ 110.12480662262773, 25.213198805376138, 0.0 ], [ 110.124821811429896, 25.213234187372592, 0.0 ], [ 110.124837000240504, 25.21326956936754, 0.0 ], [ 110.124852189059681, 25.213304951361007, 0.0 ], [ 110.124867377887284, 25.213340333352978, 0.0 ], [ 110.124882566723485, 25.21337571534346, 0.0 ], [ 110.124897755568099, 25.213411097332447, 0.0 ], [ 110.124912944421297, 25.213446479319938, 0.0 ], [ 110.124928133282921, 25.21348186130594, 0.0 ], [ 110.124943322153058, 25.213517243290458, 0.0 ], [ 110.124958511031778, 25.213552625273472, 0.0 ], [ 110.124973699918996, 25.213588007254994, 0.0 ], [ 110.124988888814642, 25.213623389235032, 0.0 ], [ 110.125004077718799, 25.213658771213574, 0.0 ], [ 110.125019456505768, 25.213694085224759, 0.0 ], [ 110.125034844135442, 25.213729396072203, 0.0 ], [ 110.125050231773713, 25.213764706918127, 0.0 ], [ 110.125065619420596, 25.213800017762509, 0.0 ], [ 110.125081007076076, 25.213835328605366, 0.0 ], [ 110.125096394740154, 25.213870639446696, 0.0 ], [ 110.125111782412858, 25.213905950286492, 0.0 ], [ 110.125127170094146, 25.213941261124763, 0.0 ], [ 110.125142557784045, 25.213976571961499, 0.0 ], [ 110.125157945482627, 25.214011882796701, 0.0 ], [ 110.125173333189665, 25.214047193630389, 0.0 ], [ 110.125188720905456, 25.214082504462532, 0.0 ], [ 110.125204108629788, 25.214117815293147, 0.0 ], [ 110.125219496362703, 25.214153126122234, 0.0 ], [ 110.125234884104231, 25.21418843694979, 0.0 ], [ 110.125250271854441, 25.214223747775819, 0.0 ], [ 110.125265659613106, 25.214259058600309, 0.0 ], [ 110.125281047380525, 25.214294369423278, 0.0 ], [ 110.125296435156486, 25.214329680244717, 0.0 ], [ 110.125311822941043, 25.214364991064617, 0.0 ], [ 110.125327210734199, 25.214400301883, 0.0 ], [ 110.12534259853598, 25.214435612699837, 0.0 ], [ 110.125357986346344, 25.214470923515155, 0.0 ], [ 110.12537337416488, 25.2145062343291, 0.0 ], [ 110.125388761964956, 25.214541545151288, 0.0 ], [ 110.125404149773573, 25.214576855971941, 0.0 ], [ 110.125419537590872, 25.214612166791071, 0.0 ], [ 110.125434925416684, 25.214647477608668, 0.0 ], [ 110.125450313251193, 25.214682788424728, 0.0 ], [ 110.125465701094242, 25.214718099239263, 0.0 ], [ 110.125481088945961, 25.214753410052271, 0.0 ], [ 110.125496476806191, 25.214788720863744, 0.0 ], [ 110.125511864675133, 25.214824031673682, 0.0 ], [ 110.125527252552658, 25.214859342482097, 0.0 ], [ 110.125542640438724, 25.214894653288976, 0.0 ], [ 110.125558028333458, 25.214929964094331, 0.0 ], [ 110.125573416236804, 25.214965274898155, 0.0 ], [ 110.125588804148691, 25.215000585700448, 0.0 ], [ 110.125604192069176, 25.215035896501202, 0.0 ], [ 110.125619579998343, 25.215071207300436, 0.0 ], [ 110.125634967936108, 25.215106518098139, 0.0 ], [ 110.125650355882414, 25.215141828894303, 0.0 ], [ 110.125665743837402, 25.215177139688947, 0.0 ], [ 110.125681131800974, 25.21521245048206, 0.0 ], [ 110.125696519773101, 25.215247761273638, 0.0 ], [ 110.125711907753825, 25.215283072063688, 0.0 ], [ 110.125727295743218, 25.215318382852203, 0.0 ], [ 110.125742683741237, 25.215353693639191, 0.0 ], [ 110.125758071747782, 25.215389004424647, 0.0 ], [ 110.125773459762996, 25.215424315208573, 0.0 ], [ 110.125788847786751, 25.21545962599097, 0.0 ], [ 110.125804235819174, 25.215494936771837, 0.0 ], [ 110.125819623860153, 25.215530247551172, 0.0 ], [ 110.125835011909786, 25.215565558328972, 0.0 ], [ 110.125850399968044, 25.215600869105252, 0.0 ], [ 110.12586578803483, 25.215636179879994, 0.0 ], [ 110.125881176110283, 25.215671490653204, 0.0 ], [ 110.125896564194363, 25.215706801424886, 0.0 ], [ 110.125911952286955, 25.215742112195034, 0.0 ], [ 110.125927340388245, 25.215777422963654, 0.0 ], [ 110.125942728498046, 25.21581273373075, 0.0 ], [ 110.125958116529816, 25.215848044527569, 0.0 ], [ 110.125981075260768, 25.215861698226799, 0.0 ], [ 110.125995435126868, 25.215915323736127, 0.0 ], [ 110.126002788438669, 25.215950552800987, 0.0 ], [ 110.126018176587422, 25.215985863561738, 0.0 ], [ 110.126033564744844, 25.216021174320961, 0.0 ], [ 110.126048952910878, 25.216056485078646, 0.0 ], [ 110.126064341085524, 25.216091795834803, 0.0 ], [ 110.126079729268767, 25.216127106589433, 0.0 ], [ 110.126095117460622, 25.216162417342527, 0.0 ], [ 110.12611050566116, 25.216197728094105, 0.0 ], [ 110.126125893870139, 25.21623303884413, 0.0 ], [ 110.126141282087886, 25.216268349592639, 0.0 ], [ 110.126156670314089, 25.216303660339605, 0.0 ], [ 110.126172058549045, 25.216338971085055, 0.0 ], [ 110.126187446792457, 25.216374281828966, 0.0 ], [ 110.126202835044637, 25.216409592571349, 0.0 ], [ 110.12621822330533, 25.216444903312208, 0.0 ], [ 110.126233611574648, 25.216480214051526, 0.0 ], [ 110.126248999852564, 25.216515524789315, 0.0 ], [ 110.126264388139091, 25.21655083552557, 0.0 ], [ 110.126279776434217, 25.216586146260298, 0.0 ], [ 110.126295164737954, 25.216621456993504, 0.0 ], [ 110.126310553050288, 25.216656767725166, 0.0 ], [ 110.126325941371235, 25.216692078455306, 0.0 ], [ 110.126341329700793, 25.216727389183909, 0.0 ], [ 110.126352098998041, 25.216763828192754, 0.0 ], [ 110.126358224070302, 25.21680140163555, 0.0 ], [ 110.126364349146044, 25.216838975077994, 0.0 ], [ 110.126370474225169, 25.216876548520098, 0.0 ], [ 110.126376599307704, 25.21691412196186, 0.0 ], [ 110.126382724393551, 25.216951695403282, 0.0 ], [ 110.126389019909325, 25.216989243787193, 0.0 ], [ 110.126396217920686, 25.217026659480695, 0.0 ], [ 110.126403415936082, 25.217064075173784, 0.0 ], [ 110.126410613955528, 25.21710149086644, 0.0 ], [ 110.126417811979024, 25.217138906558684, 0.0 ], [ 110.126425010006571, 25.217176322250509, 0.0 ], [ 110.126432208038139, 25.217213737941911, 0.0 ], [ 110.12644028078239, 25.217251003680691, 0.0 ], [ 110.126448546796183, 25.217288236287363, 0.0 ], [ 110.126456812814666, 25.21732546889352, 0.0 ], [ 110.126465078837825, 25.217362701499166, 0.0 ], [ 110.126473344865659, 25.217399934104296, 0.0 ], [ 110.126481610898168, 25.217437166708912, 0.0 ], [ 110.126490386129277, 25.217474299471856, 0.0 ], [ 110.126499714659417, 25.217511323746042, 0.0 ], [ 110.126509043194957, 25.217548348019609, 0.0 ], [ 110.126518371735784, 25.217585372292554, 0.0 ], [ 110.126527700281926, 25.217622396564877, 0.0 ], [ 110.126537028833354, 25.217659420836576, 0.0 ], [ 110.126546504663821, 25.21769641255997, 0.0 ], [ 110.126556889326466, 25.217733203430743, 0.0 ], [ 110.126567273995008, 25.217769994300763, 0.0 ], [ 110.126577658669461, 25.217806785170048, 0.0 ], [ 110.126588043349841, 25.217843576038579, 0.0 ], [ 110.126598428036132, 25.217880366906364, 0.0 ], [ 110.126608812728321, 25.217917157773421, 0.0 ], [ 110.126619999137489, 25.217953751677456, 0.0 ], [ 110.126631386417827, 25.217990296232731, 0.0 ], [ 110.126642773704575, 25.218026840787129, 0.0 ], [ 110.126654160997788, 25.218063385340646, 0.0 ], [ 110.126665548297495, 25.218099929893299, 0.0 ], [ 110.126676950535867, 25.218136470477599, 0.0 ], [ 110.12668897609116, 25.218172845447896, 0.0 ], [ 110.126701023557402, 25.218209214264334, 0.0 ], [ 110.126713636782185, 25.218245424159885, 0.0 ], [ 110.126726250014116, 25.218281634054403, 0.0 ], [ 110.126738863253209, 25.218317843947865, 0.0 ], [ 110.126751476499464, 25.218354053840283, 0.0 ], [ 110.126764089752868, 25.218390263731635, 0.0 ], [ 110.12677742380977, 25.218426258146707, 0.0 ], [ 110.126790881010663, 25.218462215750151, 0.0 ], [ 110.12680433821933, 25.218498173352398, 0.0 ], [ 110.126817795435443, 25.218534130953461, 0.0 ], [ 110.126831252659244, 25.218570088553339, 0.0 ], [ 110.126845272306298, 25.218605865873013, 0.0 ], [ 110.126859567842146, 25.218641554759422, 0.0 ], [ 110.126873863385967, 25.218677243644517, 0.0 ], [ 110.126888158937902, 25.21871293252827, 0.0 ], [ 110.12690245449798, 25.2187486214107, 0.0 ], [ 110.126917137934456, 25.218784177643499, 0.0 ], [ 110.126932228806695, 25.218819594537582, 0.0 ], [ 110.126947319687403, 25.218855011430197, 0.0 ], [ 110.126962410576496, 25.218890428321323, 0.0 ], [ 110.126977501474116, 25.218925845210975, 0.0 ], [ 110.12699292192562, 25.218961143958541, 0.0 ], [ 110.127008487706561, 25.218996390363987, 0.0 ], [ 110.127024053496257, 25.21903163676787, 0.0 ], [ 110.127039619294578, 25.219066883170186, 0.0 ], [ 110.127055185101682, 25.219102129570931, 0.0 ], [ 110.127070750917483, 25.219137375970114, 0.0 ], [ 110.127086316741895, 25.219172622367729, 0.0 ], [ 110.127101882575076, 25.219207868763792, 0.0 ], [ 110.127117448416953, 25.219243115158275, 0.0 ], [ 110.127133014267471, 25.219278361551201, 0.0 ], [ 110.127148580126743, 25.21931360794256, 0.0 ], [ 110.127164145994712, 25.219348854332353, 0.0 ], [ 110.127179711871307, 25.219384100720571, 0.0 ], [ 110.12719527775667, 25.219419347107234, 0.0 ], [ 110.12721084365073, 25.21945459349233, 0.0 ], [ 110.127226409553415, 25.219489839875866, 0.0 ], [ 110.127241975464869, 25.219525086257828, 0.0 ], [ 110.127257541385021, 25.219560332638231, 0.0 ], [ 110.127273107313783, 25.219595579017067, 0.0 ], [ 110.127288673251343, 25.219630825394336, 0.0 ], [ 110.127304239197585, 25.219666071770032, 0.0 ], [ 110.12731980515251, 25.219701318144171, 0.0 ], [ 110.127335371116061, 25.219736564516744, 0.0 ], [ 110.127350937088409, 25.21977181088775, 0.0 ], [ 110.127366503069425, 25.219807057257192, 0.0 ], [ 110.127382069059095, 25.219842303625072, 0.0 ], [ 110.127397635057505, 25.219877549991381, 0.0 ], [ 110.127413201073296, 25.219912796352929, 0.0 ], [ 110.127428767100525, 25.219948042711923, 0.0 ], [ 110.127444333136523, 25.219983289069354, 0.0 ], [ 110.127459899181147, 25.220018535425218, 0.0 ], [ 110.127475465234482, 25.220053781779509, 0.0 ], [ 110.127491031296486, 25.220089028132243, 0.0 ], [ 110.127506597367287, 25.220124274483414, 0.0 ], [ 110.127522163446628, 25.220159520833008, 0.0 ], [ 110.127537729397389, 25.220194767231263, 0.0 ], [ 110.127553295226662, 25.220230013675511, 0.0 ], [ 110.127568861149314, 25.220265260087228, 0.0 ], [ 110.127584427139794, 25.220300506475798, 0.0 ], [ 110.127593404502917, 25.220336044474134, 0.0 ], [ 110.127589705892333, 25.220373740787903, 0.0 ], [ 110.127589572855285, 25.220411343072715, 0.0 ], [ 110.127606060920598, 25.220446240792278, 0.0 ], [ 110.12762993911241, 25.220477043831824, 0.0 ], [ 110.127646999249251, 25.220510429590401, 0.0 ], [ 110.12762251386296, 25.220532627155851, 0.0 ], [ 110.127584050176566, 25.220547148818131, 0.0 ], [ 110.127543694658613, 25.220556905208113, 0.0 ], [ 110.127502813378854, 25.220564019405405, 0.0 ], [ 110.127461258848953, 25.22056775019308, 0.0 ], [ 110.12742259674225, 25.220554140512309, 0.0 ], [ 110.127384129184236, 25.220539364532382, 0.0 ], [ 110.1273456616358, 25.220524588542677, 0.0 ], [ 110.127317515046457, 25.22050061128931, 0.0 ], [ 110.127302050272732, 25.220465328044913, 0.0 ], [ 110.127286585507576, 25.22043004479897, 0.0 ], [ 110.127271120751146, 25.220394761551479, 0.0 ], [ 110.127255656003285, 25.220359478302445, 0.0 ], [ 110.127240153608597, 25.220324209716114, 0.0 ], [ 110.127222761770412, 25.220289676940549, 0.0 ], [ 110.12720536994172, 25.220255144163048, 0.0 ], [ 110.127187978122677, 25.220220611383606, 0.0 ], [ 110.127170586313127, 25.220186078602218, 0.0 ], [ 110.127153194513156, 25.22015154581889, 0.0 ], [ 110.127119842851556, 25.220139485750313, 0.0 ], [ 110.127078087333473, 25.220139256141856, 0.0 ], [ 110.12703633181593, 25.220139026521615, 0.0 ], [ 110.126996565608451, 25.220149229573323, 0.0 ], [ 110.126957334304038, 25.220162237883425, 0.0 ], [ 110.126918102991596, 25.220175246182858, 0.0 ], [ 110.126878871671082, 25.220188254471637, 0.0 ], [ 110.126839640342453, 25.220201262749747, 0.0 ], [ 110.126798989825573, 25.220209534936352, 0.0 ], [ 110.126778088188445, 25.220183313820222, 0.0 ], [ 110.126762724361953, 25.22014799411907, 0.0 ], [ 110.126747360601868, 25.220112674395601, 0.0 ], [ 110.126731996874838, 25.220077354661814, 0.0 ], [ 110.12671663315632, 25.220042034926514, 0.0 ], [ 110.126701269446414, 25.220006715189687, 0.0 ], [ 110.126685905745191, 25.219971395451324, 0.0 ], [ 110.126670542052523, 25.219936075711438, 0.0 ], [ 110.126655178368409, 25.219900755970038, 0.0 ], [ 110.126639814704745, 25.219865436222818, 0.0 ], [ 110.126624451051583, 25.21983011647341, 0.0 ], [ 110.126609087407047, 25.219794796722468, 0.0 ], [ 110.126593723771094, 25.219759476970005, 0.0 ], [ 110.126578360143654, 25.219724157216014, 0.0 ], [ 110.126562996524896, 25.219688837460495, 0.0 ], [ 110.126547632914722, 25.219653517703456, 0.0 ], [ 110.126532269313145, 25.219618197944889, 0.0 ], [ 110.126516905720109, 25.219582878184791, 0.0 ], [ 110.126501542135728, 25.219547558423169, 0.0 ], [ 110.126486178559929, 25.219512238660023, 0.0 ], [ 110.126470814992743, 25.219476918895353, 0.0 ], [ 110.126455451434154, 25.219441599129151, 0.0 ], [ 110.126440087884149, 25.219406279361419, 0.0 ], [ 110.126424724342741, 25.219370959592172, 0.0 ], [ 110.126409360809859, 25.219335639821399, 0.0 ], [ 110.126393997285646, 25.219300320049083, 0.0 ], [ 110.126378633770031, 25.219265000275254, 0.0 ], [ 110.126363270262928, 25.2192296804999, 0.0 ], [ 110.126347906764579, 25.219194360723016, 0.0 ], [ 110.126332543274671, 25.2191590409446, 0.0 ], [ 110.126317179793432, 25.219123721164671, 0.0 ], [ 110.12630181632079, 25.21908840138321, 0.0 ], [ 110.126286452856675, 25.219053081600219, 0.0 ], [ 110.126271089373276, 25.219017761825778, 0.0 ], [ 110.126255725891511, 25.21898244205229, 0.0 ], [ 110.126240362418415, 25.218947122277264, 0.0 ], [ 110.126224998953901, 25.21891180250072, 0.0 ], [ 110.126209635497929, 25.218876482722642, 0.0 ], [ 110.126194272050611, 25.218841162943036, 0.0 ], [ 110.126178908611905, 25.218805843161917, 0.0 ], [ 110.126163545181697, 25.218770523379263, 0.0 ], [ 110.126148181760172, 25.218735203595084, 0.0 ], [ 110.12613281834723, 25.218699883809379, 0.0 ], [ 110.126117454942829, 25.218664564022149, 0.0 ], [ 110.126102091580364, 25.218629244221408, 0.0 ], [ 110.126086728234355, 25.218593924416318, 0.0 ], [ 110.126071364896859, 25.218558604609704, 0.0 ], [ 110.126056001567974, 25.21852328480157, 0.0 ], [ 110.126040638247744, 25.218487964991905, 0.0 ], [ 110.126025274936026, 25.218452645180715, 0.0 ], [ 110.126009911633005, 25.218417325368005, 0.0 ], [ 110.125994548338483, 25.21838200555376, 0.0 ], [ 110.125979185052628, 25.218346685737995, 0.0 ], [ 110.125963821775301, 25.218311365920709, 0.0 ], [ 110.125948458506571, 25.218276046101884, 0.0 ], [ 110.125933095246509, 25.21824072628154, 0.0 ], [ 110.125917731995031, 25.218205406459678, 0.0 ], [ 110.125902368752094, 25.218170086636277, 0.0 ], [ 110.12588700551774, 25.218134766811357, 0.0 ], [ 110.125871642292054, 25.218099446984901, 0.0 ], [ 110.125856279074966, 25.218064127156932, 0.0 ], [ 110.12584091586632, 25.218028807327435, 0.0 ], [ 110.125825552666413, 25.2179934874964, 0.0 ], [ 110.125810189475118, 25.217958167663848, 0.0 ], [ 110.125794826292321, 25.217922847829776, 0.0 ], [ 110.125779463118135, 25.217887527994172, 0.0 ], [ 110.125764099952605, 25.217852208157041, 0.0 ], [ 110.1257487367956, 25.217816888318385, 0.0 ], [ 110.125733365543937, 25.217781571397722, 0.0 ], [ 110.125717977363749, 25.217746260577862, 0.0 ], [ 110.125702589192173, 25.217710949756455, 0.0 ], [ 110.125687201029137, 25.217675638933521, 0.0 ], [ 110.125671812874771, 25.217640328109063, 0.0 ], [ 110.12565642472893, 25.217605017283066, 0.0 ], [ 110.125641036591702, 25.217569706455539, 0.0 ], [ 110.125625648463171, 25.21753439562649, 0.0 ], [ 110.125610260343166, 25.217499084795904, 0.0 ], [ 110.125594872231815, 25.217463773963789, 0.0 ], [ 110.125579484129034, 25.217428463130148, 0.0 ], [ 110.125564096034907, 25.217393152294971, 0.0 ], [ 110.125548707949321, 25.217357841458266, 0.0 ], [ 110.125533319872346, 25.21732253062002, 0.0 ], [ 110.125517931756022, 25.217287219797576, 0.0 ], [ 110.125502543601897, 25.217251908990324, 0.0 ], [ 110.125487155456383, 25.217216598181537, 0.0 ], [ 110.125471767319397, 25.217181287371226, 0.0 ], [ 110.125456379191107, 25.21714597655938, 0.0 ], [ 110.1254409910714, 25.217110665745995, 0.0 ], [ 110.12542560296032, 25.217075354931083, 0.0 ], [ 110.125410214857837, 25.21704004411465, 0.0 ], [ 110.125394826763895, 25.217004733296683, 0.0 ], [ 110.125379438678692, 25.216969422477188, 0.0 ], [ 110.125364050601959, 25.216934111656148, 0.0 ], [ 110.125348662533895, 25.216898800833594, 0.0 ], [ 110.125333274475636, 25.216863490009068, 0.0 ], [ 110.125317886438637, 25.216828179178453, 0.0 ], [ 110.125302498410207, 25.21679286834631, 0.0 ], [ 110.125287110390417, 25.216757557512633, 0.0 ], [ 110.125271722379267, 25.216722246677428, 0.0 ], [ 110.12525633437663, 25.216686935840695, 0.0 ], [ 110.125240946382675, 25.216651625002424, 0.0 ], [ 110.125225558397332, 25.216616314162628, 0.0 ], [ 110.125210170420587, 25.216581003321302, 0.0 ], [ 110.125194782452382, 25.216545692478444, 0.0 ], [ 110.125179394492847, 25.216510381634055, 0.0 ], [ 110.125164006541866, 25.216475070788139, 0.0 ], [ 110.125148618599539, 25.216439759940688, 0.0 ], [ 110.125133230665753, 25.216404449091709, 0.0 ], [ 110.125117842740664, 25.216369138241195, 0.0 ], [ 110.125102454782791, 25.216333827404085, 0.0 ], [ 110.125085234480537, 25.216303364602137, 0.0 ], [ 110.125049230986278, 25.216322602577808, 0.0 ], [ 110.125013343431817, 25.216342018042351, 0.0 ], [ 110.124977557570091, 25.216361589186494, 0.0 ], [ 110.124940655507075, 25.216379339625423, 0.0 ], [ 110.124903545543248, 25.216396750950143, 0.0 ], [ 110.124866435569146, 25.21641416226522, 0.0 ], [ 110.124831196982953, 25.216434452902501, 0.0 ], [ 110.124796541702949, 25.216455641023479, 0.0 ], [ 110.124761473993132, 25.21647625006387, 0.0 ], [ 110.124726053284562, 25.21649636346962, 0.0 ], [ 110.124690632564452, 25.216516476866509, 0.0 ], [ 110.124655211832859, 25.216536590254545, 0.0 ], [ 110.124620222733725, 25.21655729736764, 0.0 ], [ 110.124586012395781, 25.216579075688788, 0.0 ], [ 110.124551802045858, 25.216600854001626, 0.0 ], [ 110.124398128897795, 25.216681193618474, 0.0 ], [ 110.124362828599445, 25.216701481528229, 0.0 ], [ 110.124327528289598, 25.216721769429192, 0.0 ], [ 110.12429222796807, 25.216742057321351, 0.0 ], [ 110.124256815273952, 25.216762177759854, 0.0 ], [ 110.124220844880085, 25.216781467101328, 0.0 ], [ 110.124184225393662, 25.216799666958131, 0.0 ], [ 110.124146822866138, 25.216816552497647, 0.0 ], [ 110.124108487316761, 25.216831585025382, 0.0 ], [ 110.124086198398757, 25.216809463271716, 0.0 ], [ 110.124069484516767, 25.216774654768731, 0.0 ], [ 110.124056364550327, 25.216739156828481, 0.0 ], [ 110.124056204188918, 25.216701172787864, 0.0 ], [ 110.124056043827295, 25.216663188747049, 0.0 ], [ 110.124055883465317, 25.216625204706045, 0.0 ], [ 110.124055723103126, 25.216587220664852, 0.0 ], [ 110.12405556274058, 25.216549236623464, 0.0 ], [ 110.12405540237782, 25.216511252581899, 0.0 ], [ 110.12405524201472, 25.216473268540131, 0.0 ], [ 110.124055081651306, 25.216435284498171, 0.0 ], [ 110.124054921166092, 25.21639730045646, 0.0 ], [ 110.124054760658851, 25.216359316414621, 0.0 ], [ 110.124054600151396, 25.216321332372601, 0.0 ], [ 110.124054439643672, 25.216283348330382, 0.0 ], [ 110.124054279135592, 25.216245364287971, 0.0 ], [ 110.124054118627285, 25.216207380245379, 0.0 ], [ 110.124053958118708, 25.216169396202595, 0.0 ], [ 110.124053797609761, 25.216131412159616, 0.0 ], [ 110.124053637100687, 25.216093428116441, 0.0 ], [ 110.124053476624596, 25.216055444072978, 0.0 ], [ 110.124053316194505, 25.21601746002915, 0.0 ], [ 110.12405315576413, 25.215979475985129, 0.0 ], [ 110.124052995333486, 25.215941491940921, 0.0 ], [ 110.124052834902542, 25.21590350789652, 0.0 ], [ 110.124052674471315, 25.215865523851935, 0.0 ], [ 110.124052514039803, 25.215827539807158, 0.0 ], [ 110.124052353608008, 25.215789555762186, 0.0 ], [ 110.124052193175942, 25.215751571717032, 0.0 ], [ 110.124052032743506, 25.215713587671679, 0.0 ], [ 110.124051872310943, 25.215675603626138, 0.0 ], [ 110.12405171187801, 25.215637619580409, 0.0 ], [ 110.124051551444808, 25.215599635534492, 0.0 ], [ 110.12405139101125, 25.215561651488382, 0.0 ], [ 110.124051230577479, 25.215523667442074, 0.0 ], [ 110.124051070143409, 25.215485683395588, 0.0 ], [ 110.124050909709069, 25.215447699348903, 0.0 ], [ 110.124050749274446, 25.215409715302034, 0.0 ], [ 110.124050588839538, 25.215371731254969, 0.0 ], [ 110.12405042840436, 25.215333747207715, 0.0 ], [ 110.124050267986618, 25.21529576316021, 0.0 ], [ 110.124050107573126, 25.215257779112495, 0.0 ], [ 110.124049947159335, 25.215219795064595, 0.0 ], [ 110.12404978674526, 25.21518181101651, 0.0 ], [ 110.12404962633083, 25.215143826968227, 0.0 ], [ 110.124049465916201, 25.215105842919748, 0.0 ], [ 110.124049305501288, 25.21506785887108, 0.0 ], [ 110.124049145086076, 25.215029874822232, 0.0 ], [ 110.124048984670594, 25.214991890773192, 0.0 ], [ 110.124048824254743, 25.214953906723956, 0.0 ], [ 110.124048663838707, 25.214915922674525, 0.0 ], [ 110.124048503422287, 25.214877938624912, 0.0 ], [ 110.124048343005668, 25.214839954575108, 0.0 ], [ 110.124048182588766, 25.214801970525112, 0.0 ], [ 110.124048022171579, 25.214763986474924, 0.0 ], [ 110.124047861754107, 25.214726002424548, 0.0 ], [ 110.124047701336352, 25.214688018373984, 0.0 ], [ 110.124047540918326, 25.214650034323224, 0.0 ], [ 110.124047380499931, 25.214612050272283, 0.0 ], [ 110.124047220035948, 25.214574066221296, 0.0 ], [ 110.124047059568625, 25.214536082170135, 0.0 ], [ 110.124046899100961, 25.214498098118792, 0.0 ], [ 110.124046738633012, 25.214460114067251, 0.0 ], [ 110.12404657816478, 25.214422130015517, 0.0 ], [ 110.124046417696348, 25.214384145963603, 0.0 ], [ 110.124046257227619, 25.214346161911493, 0.0 ], [ 110.124046096758534, 25.214308177859191, 0.0 ], [ 110.124045936289164, 25.214270193806691, 0.0 ], [ 110.124045775819596, 25.214232209754012, 0.0 ], [ 110.124045615349658, 25.214194225701146, 0.0 ], [ 110.124045454879521, 25.214156241648084, 0.0 ], [ 110.124045294409015, 25.21411825759483, 0.0 ], [ 110.124045133938239, 25.214080273541381, 0.0 ], [ 110.12404497346725, 25.214042289487747, 0.0 ], [ 110.124044812995905, 25.214004305433924, 0.0 ], [ 110.124044652524347, 25.213966321379914, 0.0 ], [ 110.12404449205242, 25.213928337325711, 0.0 ], [ 110.124038721337953, 25.213891324559974, 0.0 ], [ 110.124023533733535, 25.213855942119181, 0.0 ], [ 110.124008346137558, 25.213820559676897, 0.0 ], [ 110.123993158550149, 25.213785177233124, 0.0 ], [ 110.123977970971239, 25.213749794787855, 0.0 ], [ 110.123962783400771, 25.213714412341101, 0.0 ], [ 110.123947595838871, 25.213679029892852, 0.0 ], [ 110.123932408285469, 25.21364364744311, 0.0 ], [ 110.123917220740509, 25.213608264991869, 0.0 ], [ 110.123943430530304, 25.213586643032357, 0.0 ], [ 110.123989909033469, 25.213536777188473, 0.0 ], [ 110.123984755137741, 25.213499649484564, 0.0 ], [ 110.123975631559702, 25.213462583033415, 0.0 ], [ 110.123962956415426, 25.213426442870823, 0.0 ], [ 110.123947797761744, 25.213391154803169, 0.0 ], [ 110.123934937516609, 25.21336012521693, 0.0 ], [ 110.123973090279819, 25.213344997577636, 0.0 ], [ 110.124012189936408, 25.213331670659663, 0.0 ], [ 110.124041891076473, 25.213312441043222, 0.0 ], [ 110.124041730608553, 25.213274456985715, 0.0 ], [ 110.124041570140349, 25.213236472928003, 0.0 ], [ 110.124041409671861, 25.21319848887012, 0.0 ], [ 110.124037540126494, 25.213165715649982, 0.0 ], [ 110.12399767635705, 25.213176803268578, 0.0 ], [ 110.123957430495892, 25.213186919458519, 0.0 ], [ 110.123916801964981, 25.213195517118752, 0.0 ], [ 110.123875731134831, 25.213202359615622, 0.0 ], [ 110.123834660300375, 25.213209202100938, 0.0 ], [ 110.123749044853923, 25.213216462763004, 0.0 ], [ 110.123743872832392, 25.213228956605892, 0.0 ], [ 110.12374403317294, 25.213266940661597, 0.0 ], [ 110.123744193513161, 25.213304924717111, 0.0 ], [ 110.12374435385307, 25.213342908772429, 0.0 ], [ 110.123744514192708, 25.213380892827566, 0.0 ], [ 110.123744674532063, 25.213418876882507, 0.0 ], [ 110.123744834871133, 25.213456860937253, 0.0 ], [ 110.123744995209918, 25.213494844991814, 0.0 ], [ 110.12374515554842, 25.213532829046187, 0.0 ], [ 110.123745315886637, 25.213570813100372, 0.0 ], [ 110.12374547622457, 25.213608797154357, 0.0 ], [ 110.123745636562219, 25.213646781208162, 0.0 ], [ 110.123745796899598, 25.213684765261771, 0.0 ], [ 110.123745957236679, 25.213722749315192, 0.0 ], [ 110.123746117573475, 25.213760733368421, 0.0 ], [ 110.123746277910001, 25.213798717421454, 0.0 ], [ 110.123746438246229, 25.2138367014743, 0.0 ], [ 110.123746598582187, 25.213874685526957, 0.0 ], [ 110.123746758917846, 25.213912669579429, 0.0 ], [ 110.123746919253236, 25.213950653631706, 0.0 ], [ 110.123747079588412, 25.213988637683794, 0.0 ], [ 110.123747239923148, 25.214026621735687, 0.0 ], [ 110.123747400257685, 25.214064605787396, 0.0 ], [ 110.123747560591937, 25.214102589838909, 0.0 ], [ 110.123747720925905, 25.214140573890234, 0.0 ], [ 110.123747881259575, 25.214178557941374, 0.0 ], [ 110.123748041592989, 25.214216541992311, 0.0 ], [ 110.123748201926105, 25.214254526043067, 0.0 ], [ 110.123748362258937, 25.214292510093635, 0.0 ], [ 110.123748522591569, 25.214330494144004, 0.0 ], [ 110.123748682923832, 25.214368478194192, 0.0 ], [ 110.123748843255811, 25.214406462244177, 0.0 ], [ 110.123749003587506, 25.214444446293985, 0.0 ], [ 110.12374916391893, 25.214482430343597, 0.0 ], [ 110.123749324250056, 25.214520414393021, 0.0 ], [ 110.123749484580912, 25.21455839844225, 0.0 ], [ 110.123749644911484, 25.214596382491294, 0.0 ], [ 110.123749805241758, 25.214634366540142, 0.0 ], [ 110.123749965571761, 25.214672350588799, 0.0 ], [ 110.123750125901466, 25.214710334637271, 0.0 ], [ 110.123750286230901, 25.214748318685551, 0.0 ], [ 110.123750446560052, 25.214786302733643, 0.0 ], [ 110.123750606888919, 25.214824286781539, 0.0 ], [ 110.123750767217501, 25.21486227082924, 0.0 ], [ 110.1237509275458, 25.214900254876763, 0.0 ], [ 110.123751087873814, 25.214938238924098, 0.0 ], [ 110.123751248201543, 25.214976222971234, 0.0 ], [ 110.123751408529003, 25.215014207018175, 0.0 ], [ 110.12375156885615, 25.215052191064935, 0.0 ], [ 110.123751729183041, 25.215090175111499, 0.0 ], [ 110.123751889509634, 25.215128159157874, 0.0 ], [ 110.123752049835957, 25.215166143204062, 0.0 ], [ 110.123752210163389, 25.215204127250054, 0.0 ], [ 110.123752370516641, 25.215242111295769, 0.0 ], [ 110.123752530869538, 25.215280095341281, 0.0 ], [ 110.123752691222137, 25.215318079386606, 0.0 ], [ 110.123752851574537, 25.215356063431745, 0.0 ], [ 110.123753011926581, 25.215394047476696, 0.0 ], [ 110.123753172278327, 25.215432031521448, 0.0 ], [ 110.123753332629889, 25.215470015566019, 0.0 ], [ 110.123753492981152, 25.215507999610395, 0.0 ], [ 110.123753653332059, 25.215545983654582, 0.0 ], [ 110.123753813682683, 25.215583967698574, 0.0 ], [ 110.123753974033107, 25.215621951742374, 0.0 ], [ 110.123754134383233, 25.215659935785997, 0.0 ], [ 110.123754294733004, 25.215697919829427, 0.0 ], [ 110.123754455082491, 25.215735903872659, 0.0 ], [ 110.123754615431778, 25.215773887915699, 0.0 ], [ 110.123754775780696, 25.215811871958554, 0.0 ], [ 110.123754936129416, 25.215849856001217, 0.0 ], [ 110.123755096477765, 25.215887840043692, 0.0 ], [ 110.123755256825916, 25.215925824085971, 0.0 ], [ 110.123755417173712, 25.215963808128063, 0.0 ], [ 110.123755577521223, 25.216001792169966, 0.0 ], [ 110.123755737868521, 25.216039776211684, 0.0 ], [ 110.123755898215535, 25.216077760253199, 0.0 ], [ 110.123756058562194, 25.21611574429453, 0.0 ], [ 110.123756218908554, 25.216153728335669, 0.0 ], [ 110.123756379254715, 25.216191712376617, 0.0 ], [ 110.123756539600606, 25.216229696417383, 0.0 ], [ 110.123756699946057, 25.216267680457946, 0.0 ], [ 110.123756860291365, 25.216305664498325, 0.0 ], [ 110.12375702063639, 25.216343648538519, 0.0 ], [ 110.123757180981073, 25.216381632578514, 0.0 ], [ 110.123757341325472, 25.216419616618321, 0.0 ], [ 110.123757501669644, 25.216457600657932, 0.0 ], [ 110.12375766201346, 25.216495584697366, 0.0 ], [ 110.123757822357078, 25.216533568736597, 0.0 ], [ 110.12375798270034, 25.216571552775648, 0.0 ], [ 110.123758143043375, 25.216609536814499, 0.0 ], [ 110.123758303386069, 25.216647520853172, 0.0 ], [ 110.123758463728564, 25.216685504891643, 0.0 ], [ 110.123758624070675, 25.216723488929933, 0.0 ], [ 110.123758784412587, 25.216761472968024, 0.0 ], [ 110.123650440548232, 25.216930992316239, 0.0 ], [ 110.123652593255699, 25.216968926117715, 0.0 ], [ 110.123654719976841, 25.217006861132031, 0.0 ], [ 110.1236568225398, 25.217044797260343, 0.0 ], [ 110.123658900877956, 25.217082734493211, 0.0 ], [ 110.123660955037735, 25.217120672815881, 0.0 ], [ 110.123662985110698, 25.217158612211438, 0.0 ], [ 110.123664991149539, 25.217196552664817, 0.0 ], [ 110.123666973046397, 25.217234494167663, 0.0 ], [ 110.123668932477955, 25.217272436636119, 0.0 ], [ 110.123670868111674, 25.217310380115258, 0.0 ], [ 110.123672781042686, 25.217348324546844, 0.0 ], [ 110.123674671365265, 25.217386269916144, 0.0 ], [ 110.123676539536731, 25.217424216193216, 0.0 ], [ 110.123678384597738, 25.217462163405688, 0.0 ], [ 110.1236802084657, 25.217500111465821, 0.0 ], [ 110.123682009285744, 25.21753806043662, 0.0 ], [ 110.12368378980446, 25.217576010200091, 0.0 ], [ 110.123685548161319, 25.217613960818547, 0.0 ], [ 110.123687285542587, 25.217651912236306, 0.0 ], [ 110.123689002336491, 25.217689864429104, 0.0 ], [ 110.123690698181747, 25.217727817401226, 0.0 ], [ 110.123692373245149, 25.217765771136985, 0.0 ], [ 110.123694027772743, 25.21780372561788, 0.0 ], [ 110.123695663076987, 25.217841680787966, 0.0 ], [ 110.123702078010965, 25.217876676512901, 0.0 ], [ 110.123698496815834, 25.21790857699354, 0.0 ], [ 110.123697877183005, 25.217946375164033, 0.0 ], [ 110.123689738130338, 25.217983630891332, 0.0 ], [ 110.123681599072256, 25.21802088661785, 0.0 ], [ 110.123673219868834, 25.218058095132342, 0.0 ], [ 110.123663720417653, 25.2180950834077, 0.0 ], [ 110.123654220960375, 25.21813207168211, 0.0 ], [ 110.123644550605093, 25.218169020892379, 0.0 ], [ 110.123633700970458, 25.218205700538398, 0.0 ], [ 110.123622851328989, 25.218242380183263, 0.0 ], [ 110.123611947454378, 25.218279046087059, 0.0 ], [ 110.123599809826075, 25.218315389329913, 0.0 ], [ 110.123587541530512, 25.218351697136676, 0.0 ], [ 110.123575273227345, 25.218388004942042, 0.0 ], [ 110.123562125370427, 25.218424055872504, 0.0 ], [ 110.12354864311807, 25.218460004075844, 0.0 ], [ 110.123534098582198, 25.218495609575555, 0.0 ], [ 110.123519554037472, 25.218531215073448, 0.0 ], [ 110.123505009483949, 25.218566820569514, 0.0 ], [ 110.123490292084341, 25.218602363697908, 0.0 ], [ 110.123474052118453, 25.218637357432083, 0.0 ], [ 110.123457812143016, 25.218672351164052, 0.0 ], [ 110.123441572158029, 25.218707344893819, 0.0 ], [ 110.123425157410637, 25.218742267379078, 0.0 ], [ 110.12340725247418, 25.218776582353463, 0.0 ], [ 110.123389347527421, 25.218810897325248, 0.0 ], [ 110.123371442570303, 25.218845212294443, 0.0 ], [ 110.123353361547686, 25.218879446911327, 0.0 ], [ 110.123333826149562, 25.218913017768923, 0.0 ], [ 110.123314290740382, 25.218946588623503, 0.0 ], [ 110.123294755320373, 25.218980159475066, 0.0 ], [ 110.123275130931574, 25.219013686348546, 0.0 ], [ 110.123254794062134, 25.219046861019219, 0.0 ], [ 110.123234457181468, 25.219080035686662, 0.0 ], [ 110.123214120289546, 25.219113210350859, 0.0 ], [ 110.123193783386412, 25.219146385011815, 0.0 ], [ 110.123173446471966, 25.21917955966952, 0.0 ], [ 110.123153109546351, 25.219212734323992, 0.0 ], [ 110.123132772609509, 25.219245908975221, 0.0 ], [ 110.12311243566144, 25.219279083623199, 0.0 ], [ 110.123092098702116, 25.219312258267944, 0.0 ], [ 110.123071761731495, 25.219345432909446, 0.0 ], [ 110.123051424749718, 25.2193786075477, 0.0 ], [ 110.12303108775663, 25.219411782182714, 0.0 ], [ 110.123010750752371, 25.219444956814495, 0.0 ], [ 110.123009038111491, 25.219409620876654, 0.0 ], [ 110.123008031792693, 25.219371647610771, 0.0 ], [ 110.123007014292014, 25.219333674591251, 0.0 ], [ 110.123005985761353, 25.219295701817536, 0.0 ], [ 110.123004945759988, 25.219257729302125, 0.0 ], [ 110.123003894242061, 25.219219757049082, 0.0 ], [ 110.123002830448016, 25.219181785078732, 0.0 ], [ 110.123001755093696, 25.219143813377737, 0.0 ], [ 110.123000667256719, 25.21910584197083, 0.0 ], [ 110.122999554732687, 25.219067871157964, 0.0 ], [ 110.122998427310236, 25.219029900706008, 0.0 ], [ 110.122997299888098, 25.218991930253871, 0.0 ], [ 110.122996172466287, 25.218953959801546, 0.0 ], [ 110.122995034910502, 25.218915989600937, 0.0 ], [ 110.122993868289186, 25.218878020128486, 0.0 ], [ 110.122992687170452, 25.218840051026753, 0.0 ], [ 110.122991492572766, 25.218802082273896, 0.0 ], [ 110.122990283504521, 25.218764113899901, 0.0 ], [ 110.122989059929537, 25.218726145910281, 0.0 ], [ 110.122987821917448, 25.218688178307623, 0.0 ], [ 110.12298656819722, 25.218650211131397, 0.0 ], [ 110.12298529938721, 25.218612244369965, 0.0 ], [ 110.122984014907232, 25.218574278044319, 0.0 ], [ 110.122982715356869, 25.218536312142966, 0.0 ], [ 110.122981398815384, 25.218498346725728, 0.0 ], [ 110.122980066770367, 25.218460381755857, 0.0 ], [ 110.122978718201608, 25.218422417268748, 0.0 ], [ 110.122977352892875, 25.218384453276453, 0.0 ], [ 110.122975970150407, 25.218346489806102, 0.0 ], [ 110.122974570938212, 25.218308526834935, 0.0 ], [ 110.122973154265381, 25.218270564399525, 0.0 ], [ 110.122971720324585, 25.218232602500375, 0.0 ], [ 110.122970267675527, 25.218194641189843, 0.0 ], [ 110.12296879828294, 25.218156680412378, 0.0 ], [ 110.122967309259153, 25.218118720267825, 0.0 ], [ 110.122965802501042, 25.218080760702197, 0.0 ], [ 110.122964277434136, 25.218042801741362, 0.0 ], [ 110.122962732294823, 25.218004843452061, 0.0 ], [ 110.122961169121567, 25.217966885773627, 0.0 ], [ 110.122959585638, 25.217928928791803, 0.0 ], [ 110.122957983370981, 25.217890972462168, 0.0 ], [ 110.122956360390233, 25.217853016860474, 0.0 ], [ 110.122954717645072, 25.21781506196233, 0.0 ], [ 110.12295305460421, 25.217777107795445, 0.0 ], [ 110.122951371494707, 25.217739154360526, 0.0 ], [ 110.122949666657519, 25.217701201727937, 0.0 ], [ 110.122947942050871, 25.217663249834398, 0.0 ], [ 110.122946194702891, 25.217625298801487, 0.0 ], [ 110.122944427394174, 25.217587348533407, 0.0 ], [ 110.12294263742011, 25.217549399144108, 0.0 ], [ 110.122940825702202, 25.217511450608878, 0.0 ], [ 110.122938992198698, 25.217473502939246, 0.0 ], [ 110.122937135974269, 25.217435556183521, 0.0 ], [ 110.122935257004102, 25.217397610354098, 0.0 ], [ 110.122933356213537, 25.217359665423892, 0.0 ], [ 110.12293143160548, 25.217321721486762, 0.0 ], [ 110.122929483241165, 25.217283778553021, 0.0 ], [ 110.122927512166129, 25.217245836589733, 0.0 ], [ 110.122925516675096, 25.217207895682634, 0.0 ], [ 110.122923497943134, 25.217169955793025, 0.0 ], [ 110.12292145448211, 25.217132016998661, 0.0 ], [ 110.122919387186954, 25.217094079272616, 0.0 ], [ 110.122917294070533, 25.217056142718317, 0.0 ], [ 110.122915177242831, 25.217018207252423, 0.0 ], [ 110.122913035114834, 25.216980272961923, 0.0 ], [ 110.122910866974948, 25.216942339894079, 0.0 ], [ 110.12290867376349, 25.216904408018916, 0.0 ], [ 110.122906454554396, 25.216866477395257, 0.0 ], [ 110.122904209557774, 25.216828548027099, 0.0 ], [ 110.12290193857099, 25.216790619939243, 0.0 ], [ 110.122899640520529, 25.21675269320022, 0.0 ], [ 110.122897316455408, 25.216714767772736, 0.0 ], [ 110.122894965061008, 25.216676843739105, 0.0 ], [ 110.12289258607511, 25.216638921129672, 0.0 ], [ 110.122890180072204, 25.21660099993063, 0.0 ], [ 110.122887746858325, 25.216563080168115, 0.0 ], [ 110.122885284905266, 25.216525161940552, 0.0 ], [ 110.122882795757747, 25.21648724518251, 0.0 ], [ 110.12288027758359, 25.216449330010285, 0.0 ], [ 110.122877731416779, 25.216411416385153, 0.0 ], [ 110.122875156202625, 25.216373504383416, 0.0 ], [ 110.122872551932389, 25.21633559402407, 0.0 ], [ 110.122869918600557, 25.216297685326378, 0.0 ], [ 110.122867255911103, 25.216259778325586, 0.0 ], [ 110.122864563368537, 25.216221873069678, 0.0 ], [ 110.122861841774565, 25.216183969530508, 0.0 ], [ 110.122859089191081, 25.216146067842978, 0.0 ], [ 110.122856306572928, 25.216108167970443, 0.0 ], [ 110.122853492808602, 25.216070270000895, 0.0 ], [ 110.122850648689436, 25.216032373906579, 0.0 ], [ 110.122847773659927, 25.215994479742097, 0.0 ], [ 110.122844866542763, 25.215956587603696, 0.0 ], [ 110.122841928705839, 25.215918697426243, 0.0 ], [ 110.122838959387124, 25.215880809279348, 0.0 ], [ 110.122835840967483, 25.215842931049249, 0.0 ], [ 110.122832719964947, 25.215805052991318, 0.0 ], [ 110.122829598964032, 25.21576717493318, 0.0 ], [ 110.122826477964665, 25.215729296874837, 0.0 ], [ 110.122823356966776, 25.215691418816292, 0.0 ], [ 110.122820235970451, 25.215653540757536, 0.0 ], [ 110.12281711497576, 25.215615662698582, 0.0 ], [ 110.122813993982533, 25.215577784639422, 0.0 ], [ 110.122810671736019, 25.215539921126222, 0.0 ], [ 110.122807178683544, 25.215502069958323, 0.0 ], [ 110.122803685632846, 25.21546421879021, 0.0 ], [ 110.122800192583938, 25.215426367621884, 0.0 ], [ 110.122796699536806, 25.215388516453341, 0.0 ], [ 110.122793206491451, 25.215350665284582, 0.0 ], [ 110.122789713447901, 25.21531281411561, 0.0 ], [ 110.122786220406027, 25.21527496294642, 0.0 ], [ 110.122782727366115, 25.215237111777, 0.0 ], [ 110.122779234327908, 25.215199260607385, 0.0 ], [ 110.122775741291477, 25.215161409437552, 0.0 ], [ 110.122772248256837, 25.215123558267493, 0.0 ], [ 110.122768755223888, 25.215085707097231, 0.0 ], [ 110.122765262192885, 25.215047855926741, 0.0 ], [ 110.122761769163517, 25.215010004756035, 0.0 ], [ 110.122758022490359, 25.214972173999271, 0.0 ], [ 110.122754156189032, 25.214934352870458, 0.0 ], [ 110.122750289889694, 25.21489653174142, 0.0 ], [ 110.122746423592389, 25.214858710612162, 0.0 ], [ 110.122742557297101, 25.214820889482674, 0.0 ], [ 110.122738691003818, 25.214783068352951, 0.0 ], [ 110.122734824712552, 25.214745247223004, 0.0 ], [ 110.122730958423304, 25.214707426092829, 0.0 ], [ 110.122727040955141, 25.214669609485252, 0.0 ], [ 110.12272283325224, 25.214631818525479, 0.0 ], [ 110.122718625551727, 25.214594027565472, 0.0 ], [ 110.122714417853288, 25.214556236605219, 0.0 ], [ 110.122710210157152, 25.214518445644725, 0.0 ], [ 110.122706002463232, 25.214480654683992, 0.0 ], [ 110.122701794771473, 25.214442863723018, 0.0 ], [ 110.122697587082072, 25.214405072761803, 0.0 ], [ 110.122693379394747, 25.214367281800346, 0.0 ], [ 110.122689171709723, 25.214329490838647, 0.0 ], [ 110.122684964026931, 25.214291699876718, 0.0 ], [ 110.122680756346355, 25.214253908914536, 0.0 ], [ 110.12267654866794, 25.214216117952116, 0.0 ], [ 110.122672237080437, 25.214178337036856, 0.0 ], [ 110.122667618594747, 25.214140585796176, 0.0 ], [ 110.122663000111444, 25.214102834555238, 0.0 ], [ 110.1226583816307, 25.214065083314036, 0.0 ], [ 110.122653763152428, 25.214027332072586, 0.0 ], [ 110.122649144676643, 25.213989580830866, 0.0 ], [ 110.122644526203388, 25.2139518295889, 0.0 ], [ 110.122639907732477, 25.213914078346672, 0.0 ], [ 110.12263528926411, 25.213876327104181, 0.0 ], [ 110.122630670798216, 25.213838575861427, 0.0 ], [ 110.122626052334809, 25.213800824618428, 0.0 ], [ 110.122621433873874, 25.213763073375169, 0.0 ], [ 110.122616815415412, 25.213725322131648, 0.0 ], [ 110.122612114210881, 25.213687579479409, 0.0 ], [ 110.122607263296231, 25.213649852371134, 0.0 ], [ 110.122602253126516, 25.213612142635753, 0.0 ], [ 110.12259716146913, 25.21357444178976, 0.0 ], [ 110.122592069814544, 25.213536740943489, 0.0 ], [ 110.122586978162616, 25.213499040096941, 0.0 ], [ 110.122581886513544, 25.213461339250106, 0.0 ], [ 110.122576794867229, 25.213423638402997, 0.0 ], [ 110.122571703223613, 25.213385937555604, 0.0 ], [ 110.12256661158284, 25.213348236707922, 0.0 ], [ 110.122561519944838, 25.213310535859971, 0.0 ], [ 110.122556428309508, 25.213272835011729, 0.0 ], [ 110.122551336677034, 25.213235134163213, 0.0 ], [ 110.122546245047317, 25.213197433314413, 0.0 ], [ 110.1225411534203, 25.213159732465332, 0.0 ], [ 110.122535976979449, 25.213122041500565, 0.0 ], [ 110.122530457621096, 25.213084390499684, 0.0 ], [ 110.122524938265826, 25.213046739498505, 0.0 ], [ 110.122519418913612, 25.213009088497017, 0.0 ], [ 110.122513899564268, 25.212971437495217, 0.0 ], [ 110.122508380218093, 25.212933786493117, 0.0 ], [ 110.122502860874874, 25.212896135490713, 0.0 ], [ 110.122497341534753, 25.212858484488006, 0.0 ], [ 110.122491822197588, 25.212820833484997, 0.0 ], [ 110.122486302863521, 25.212783182481683, 0.0 ], [ 110.122480783532424, 25.212745531478063, 0.0 ], [ 110.122475264204411, 25.212707880474142, 0.0 ], [ 110.122469744879353, 25.212670229469918, 0.0 ], [ 110.122464225557394, 25.212632578465385, 0.0 ], [ 110.122458478282383, 25.212594955907491, 0.0 ], [ 110.122452648849034, 25.212557343602324, 0.0 ], [ 110.122446819418968, 25.212519731296844, 0.0 ], [ 110.122440989991986, 25.212482118991034, 0.0 ], [ 110.122435160568358, 25.212444506684907, 0.0 ], [ 110.122429331147799, 25.212406894378461, 0.0 ], [ 110.122423427664799, 25.212369291665166, 0.0 ], [ 110.122447625504833, 25.212354649239042, 0.0 ], [ 110.12248919229252, 25.212355997440064, 0.0 ], [ 110.122530939349389, 25.212355966596608, 0.0 ], [ 110.122572653612906, 25.212354318552389, 0.0 ], [ 110.122611618623779, 25.212344927372854, 0.0 ], [ 110.122639143963767, 25.212318070651524, 0.0 ], [ 110.122648481405051, 25.212282735141102, 0.0 ], [ 110.122638218939102, 25.212246211767756, 0.0 ], [ 110.122618407178692, 25.212213169389599, 0.0 ], [ 110.122598876270089, 25.212181171733604, 0.0 ], [ 110.122578955504849, 25.212147789321254, 0.0 ], [ 110.122559034750253, 25.212114406906373, 0.0 ], [ 110.122552390731769, 25.212036332907676, 0.0 ], [ 110.12259360688148, 25.21204240711814, 0.0 ], [ 110.122634823035739, 25.212048481317211, 0.0 ], [ 110.122676039194388, 25.212054555504892, 0.0 ], [ 110.122717255357628, 25.212060629681197, 0.0 ], [ 110.122758471525174, 25.212066703846109, 0.0 ], [ 110.122799687697182, 25.212072777999644, 0.0 ], [ 110.122840903873723, 25.212078852141779, 0.0 ], [ 110.12288212005349, 25.21208492627963, 0.0 ], [ 110.122923336229007, 25.21209100045407, 0.0 ], [ 110.122964552411759, 25.212097074602106, 0.0 ], [ 110.123005768619919, 25.212103148621178, 0.0 ], [ 110.123046984825052, 25.212109222670637, 0.0 ], [ 110.123088201022171, 25.21211529677878, 0.0 ], [ 110.123129417223822, 25.212121370875529, 0.0 ], [ 110.123170633429936, 25.212127444960885, 0.0 ], [ 110.123211849640327, 25.212133519034861, 0.0 ], [ 110.123253065868681, 25.212139593022716, 0.0 ], [ 110.123294282104794, 25.212145666979982, 0.0 ], [ 110.12333549832826, 25.212151741022168, 0.0 ], [ 110.123376714556187, 25.212157815052965, 0.0 ], [ 110.123417930788492, 25.212163889072375, 0.0 ], [ 110.123459147025329, 25.212169963080399, 0.0 ], [ 110.123500363266643, 25.212176037077032, 0.0 ], [ 110.123541579512377, 25.212182111062276, 0.0 ], [ 110.123568173381756, 25.212195711234646, 0.0 ], [ 110.123552668798553, 25.212230979642964, 0.0 ], [ 110.123572140926683, 25.212249169505764, 0.0 ], [ 110.12361301898531, 25.212256907205155, 0.0 ], [ 110.123653897049309, 25.212264644893384, 0.0 ], [ 110.123677087127106, 25.212276673191582, 0.0 ], [ 110.123645870727316, 25.212301898997364, 0.0 ] ], [ [ 110.123766146108835, 25.220477885922854, 0.0 ], [ 110.123777946719798, 25.220579569515184, 0.0 ], [ 110.123780173393158, 25.220690055486127, 0.0 ], [ 110.123782380453946, 25.220800541777464, 0.0 ], [ 110.123784573094227, 25.220911028308691, 0.0 ], [ 110.123786757454496, 25.221021514973714, 0.0 ], [ 110.123788937634203, 25.221132001705996, 0.0 ], [ 110.123791117905029, 25.221242488435443, 0.0 ], [ 110.12379329817648, 25.221352975163342, 0.0 ], [ 110.123795478448713, 25.221463461889677, 0.0 ], [ 110.123797658721571, 25.221573948614452, 0.0 ], [ 110.123799838995126, 25.221684435337668, 0.0 ], [ 110.123802019214736, 25.22179492206023, 0.0 ], [ 110.123804199401334, 25.221905408781772, 0.0 ], [ 110.123806379603863, 25.222015895501514, 0.0 ], [ 110.12380855999757, 25.222126382216583, 0.0 ], [ 110.123810740391974, 25.2222368689301, 0.0 ], [ 110.123812920753593, 25.222347355642597, 0.0 ], [ 110.123815100971484, 25.222457842355901, 0.0 ], [ 110.123817281190085, 25.222568329067641, 0.0 ], [ 110.123819461409326, 25.222678815777826, 0.0 ], [ 110.12382164162932, 25.222789302486451, 0.0 ], [ 110.123823821865116, 25.222899789193267, 0.0 ], [ 110.123826002203046, 25.223010275896875, 0.0 ], [ 110.123828182541686, 25.223120762598917, 0.0 ], [ 110.123830362881023, 25.223231249299406, 0.0 ], [ 110.123832543221056, 25.223341735998336, 0.0 ], [ 110.123834723552179, 25.223452222695862, 0.0 ], [ 110.123836903830181, 25.223562709392716, 0.0 ], [ 110.123839084108894, 25.223673196088001, 0.0 ], [ 110.123841264388275, 25.223783682781733, 0.0 ], [ 110.123862976562066, 25.22389019841382, 0.0 ], [ 110.123912715972551, 25.22399101578409, 0.0 ], [ 110.123962455462859, 25.224091833138452, 0.0 ], [ 110.124012195033103, 25.224192650476926, 0.0 ], [ 110.124061934683155, 25.224293467799502, 0.0 ], [ 110.1241116747333, 25.224394284975443, 0.0 ], [ 110.12416141461857, 25.224495102235437, 0.0 ], [ 110.124211154553521, 25.224595919491819, 0.0 ], [ 110.124260894568351, 25.224696736732295, 0.0 ], [ 110.124314052725168, 25.224792778596413, 0.0 ], [ 110.124435533602238, 25.224793367064599, 0.0 ], [ 110.124557014483671, 25.224793955432933, 0.0 ], [ 110.124678495369494, 25.224794543701428, 0.0 ], [ 110.124799976259794, 25.224795131870099, 0.0 ], [ 110.124921457154443, 25.224795719938932, 0.0 ], [ 110.125042938053554, 25.224796307907912, 0.0 ], [ 110.125164418957098, 25.224796895776482, 0.0 ], [ 110.125285899864977, 25.224797483541877, 0.0 ], [ 110.125407380777261, 25.224798071207442, 0.0 ], [ 110.125528861694022, 25.224798658773171, 0.0 ], [ 110.125650342615117, 25.224799246239055, 0.0 ], [ 110.125771823540603, 25.224799833605111, 0.0 ], [ 110.12589330447058, 25.224800420871325, 0.0 ], [ 110.126014785404877, 25.224801008037701, 0.0 ], [ 110.126136266343636, 25.224801595104246, 0.0 ], [ 110.126257747286743, 25.224802182070952, 0.0 ], [ 110.126379228234299, 25.224802768937817, 0.0 ], [ 110.126500709186203, 25.22480335570485, 0.0 ], [ 110.126622190142484, 25.224803942372038, 0.0 ], [ 110.126743671103242, 25.224804528939394, 0.0 ], [ 110.126865152068333, 25.224805115406919, 0.0 ], [ 110.126986633037788, 25.224805701774606, 0.0 ], [ 110.127108114011733, 25.224806288042451, 0.0 ], [ 110.127229594990013, 25.224806874210451, 0.0 ], [ 110.12735107597274, 25.224807460278626, 0.0 ], [ 110.127472556959788, 25.224808046246959, 0.0 ], [ 110.127594037951297, 25.224808632115458, 0.0 ], [ 110.127715518947127, 25.224809217884125, 0.0 ], [ 110.127836999947363, 25.224809803552937, 0.0 ], [ 110.12795848095206, 25.224810389121924, 0.0 ], [ 110.128079961961049, 25.224810974591065, 0.0 ], [ 110.128201442974515, 25.224811559960379, 0.0 ], [ 110.128322923992286, 25.224812145229862, 0.0 ], [ 110.128444405014463, 25.224812730399492, 0.0 ], [ 110.128565886041017, 25.224813315469291, 0.0 ], [ 110.12863881186945, 25.224858682113393, 0.0 ], [ 110.128641132736718, 25.224969166536592, 0.0 ], [ 110.128643453605051, 25.225079650958239, 0.0 ], [ 110.128645774474251, 25.22519013537833, 0.0 ], [ 110.12864809534446, 25.225300619796858, 0.0 ], [ 110.128650416215621, 25.225411104213851, 0.0 ], [ 110.128652737087833, 25.22552158862926, 0.0 ], [ 110.128655057960941, 25.225632073043123, 0.0 ], [ 110.12865737883503, 25.22574255745543, 0.0 ], [ 110.12865969971017, 25.225853041866181, 0.0 ], [ 110.128662020586205, 25.225963526275372, 0.0 ], [ 110.128664341463207, 25.226074010683007, 0.0 ], [ 110.12866666234126, 25.226184495089086, 0.0 ], [ 110.128668983220223, 25.226294979493609, 0.0 ], [ 110.128671304100138, 25.226405463896576, 0.0 ], [ 110.128673624981118, 25.22651594829798, 0.0 ], [ 110.128675945862994, 25.226626432697831, 0.0 ], [ 110.128678266745837, 25.226736917096122, 0.0 ], [ 110.128680587629745, 25.226847401492861, 0.0 ], [ 110.128682908514463, 25.226957885888044, 0.0 ], [ 110.128685229400304, 25.227068370281668, 0.0 ], [ 110.12868755028704, 25.227178854673731, 0.0 ], [ 110.128689871174771, 25.227289339064242, 0.0 ], [ 110.128692192063539, 25.227399823453197, 0.0 ], [ 110.128694512953189, 25.227510307840593, 0.0 ], [ 110.128696833843833, 25.227620792226428, 0.0 ], [ 110.128699154735514, 25.227731276610704, 0.0 ], [ 110.128701475628091, 25.227841760993439, 0.0 ], [ 110.128703796521734, 25.22795224537461, 0.0 ], [ 110.128706117416201, 25.228062729754214, 0.0 ], [ 110.128704689098271, 25.228172926465817, 0.0 ], [ 110.128682054299745, 25.228281496062344, 0.0 ], [ 110.128659419457847, 25.22839006565275, 0.0 ], [ 110.128652903730455, 25.228499875951879, 0.0 ], [ 110.128655159866682, 25.22861036143216, 0.0 ], [ 110.128657416003691, 25.228720846910889, 0.0 ], [ 110.128659672141694, 25.228831332388062, 0.0 ], [ 110.128661928280408, 25.228941817863667, 0.0 ], [ 110.12866418442006, 25.229052303337728, 0.0 ], [ 110.128666440560494, 25.229162788810228, 0.0 ], [ 110.128668696701865, 25.229273274281159, 0.0 ], [ 110.128670952844075, 25.229383759750544, 0.0 ], [ 110.128673208987152, 25.229494245218362, 0.0 ], [ 110.12867546513101, 25.229604730684621, 0.0 ], [ 110.128659286457903, 25.229698786224169, 0.0 ], [ 110.12853779906952, 25.2296989859185, 0.0 ], [ 110.128416311683878, 25.229699185512931, 0.0 ], [ 110.128294824301079, 25.229699385007461, 0.0 ], [ 110.128173336921108, 25.229699584402088, 0.0 ], [ 110.128051849544022, 25.229699783696809, 0.0 ], [ 110.127930362169707, 25.229699982891617, 0.0 ], [ 110.127808874798305, 25.229700181986534, 0.0 ], [ 110.127691128005537, 25.229700374856002, 0.0 ], [ 110.127690940842228, 25.229605815214018, 0.0 ], [ 110.127412876652315, 25.229613204828389, 0.0 ], [ 110.127338887097508, 25.229700951893733, 0.0 ], [ 110.127217399739891, 25.22970115050088, 0.0 ], [ 110.12709591238503, 25.229701349008121, 0.0 ], [ 110.126974425033012, 25.229701547415473, 0.0 ], [ 110.126852937683836, 25.229701745722906, 0.0 ], [ 110.126731450337473, 25.229701943930447, 0.0 ], [ 110.126609962993967, 25.229702142038072, 0.0 ], [ 110.126488475653304, 25.229702340045812, 0.0 ], [ 110.126366988315468, 25.229702537953628, 0.0 ], [ 110.12624550098046, 25.229702735761556, 0.0 ], [ 110.126124013648308, 25.229702933469571, 0.0 ], [ 110.126002526318985, 25.229703131077684, 0.0 ], [ 110.125881038992517, 25.229703328585895, 0.0 ], [ 110.125759551668949, 25.229703525994207, 0.0 ], [ 110.125638064348152, 25.229703723302613, 0.0 ], [ 110.125516577030211, 25.229703920511117, 0.0 ], [ 110.125395089715099, 25.229704117619711, 0.0 ], [ 110.125273602402842, 25.22970431462841, 0.0 ], [ 110.1251521150934, 25.229704511508427, 0.0 ], [ 110.125030627786742, 25.229704708278792, 0.0 ], [ 110.124909140482899, 25.229704904949259, 0.0 ], [ 110.124787653182011, 25.229705101519826, 0.0 ], [ 110.124666165883895, 25.229705298008334, 0.0 ], [ 110.124544678588776, 25.229705494449426, 0.0 ], [ 110.124423191296515, 25.229705690790599, 0.0 ], [ 110.124301704007152, 25.22970588703188, 0.0 ], [ 110.124180216720518, 25.229706083173248, 0.0 ], [ 110.124058729436797, 25.229706279214721, 0.0 ], [ 110.123937242156003, 25.229706475156284, 0.0 ], [ 110.123815754877896, 25.229706670997953, 0.0 ], [ 110.12369426760273, 25.229706866739708, 0.0 ], [ 110.123615304230938, 25.229687847493739, 0.0 ], [ 110.123284617337404, 25.229707525657275, 0.0 ], [ 110.123163130074644, 25.229707720932215, 0.0 ], [ 110.123041642814727, 25.229707916107248, 0.0 ], [ 110.122920155557679, 25.229708111182379, 0.0 ], [ 110.12280959654521, 25.229698168070787, 0.0 ], [ 110.122807417255586, 25.229587681471614, 0.0 ], [ 110.122805237966631, 25.229477194870871, 0.0 ], [ 110.122803058678457, 25.229366708268582, 0.0 ], [ 110.122800879390908, 25.229256221664734, 0.0 ], [ 110.122798700104127, 25.229145735059326, 0.0 ], [ 110.122796520817971, 25.229035248452359, 0.0 ], [ 110.122794341532583, 25.228924761843832, 0.0 ], [ 110.122792162247819, 25.228814275233741, 0.0 ], [ 110.122789982963752, 25.228703788622102, 0.0 ], [ 110.122787803680453, 25.228593302008903, 0.0 ], [ 110.122785624397764, 25.228482815394141, 0.0 ], [ 110.122783445115857, 25.228372328777819, 0.0 ], [ 110.122781265834575, 25.228261842159949, 0.0 ], [ 110.122779086554061, 25.228151355540504, 0.0 ], [ 110.122776907274172, 25.228040868919507, 0.0 ], [ 110.122774727995051, 25.227930382296954, 0.0 ], [ 110.12277254871654, 25.227819895672848, 0.0 ], [ 110.12277036943874, 25.227709409047172, 0.0 ], [ 110.122768190161693, 25.227598922419947, 0.0 ], [ 110.122766010885357, 25.227488435791155, 0.0 ], [ 110.122763831609575, 25.227377949160807, 0.0 ], [ 110.122761652334617, 25.2272674625289, 0.0 ], [ 110.122759473060356, 25.227156975895443, 0.0 ], [ 110.122757293786734, 25.22704648926042, 0.0 ], [ 110.122755114513794, 25.226936002623834, 0.0 ], [ 110.122752935241635, 25.226825515985702, 0.0 ], [ 110.122750755970173, 25.226715029346, 0.0 ], [ 110.122748576699323, 25.226604542704749, 0.0 ], [ 110.122746397429168, 25.226494056061934, 0.0 ], [ 110.122744218159767, 25.22638356941756, 0.0 ], [ 110.122742038891019, 25.226273082771623, 0.0 ], [ 110.12273985962301, 25.226162596124134, 0.0 ], [ 110.122737680355655, 25.226052109475084, 0.0 ], [ 110.122735501088968, 25.225941622824479, 0.0 ], [ 110.122733321823063, 25.22583113617231, 0.0 ], [ 110.122731142557782, 25.225720649518593, 0.0 ], [ 110.12272896329327, 25.225610162863308, 0.0 ], [ 110.122726784029368, 25.225499676206468, 0.0 ], [ 110.122724604766248, 25.225389189548068, 0.0 ], [ 110.122722425503738, 25.225278702888112, 0.0 ], [ 110.122720246241926, 25.225168216226599, 0.0 ], [ 110.122718066980894, 25.22505772956352, 0.0 ], [ 110.122715887720474, 25.224947242898889, 0.0 ], [ 110.122713708460736, 25.224836756232698, 0.0 ], [ 110.122759113774478, 25.224766697288267, 0.0 ], [ 110.122772986478637, 25.224656915718722, 0.0 ], [ 110.122786859154672, 25.224547134145599, 0.0 ], [ 110.122800731802684, 25.224437352568891, 0.0 ], [ 110.122814604424761, 25.22432757098883, 0.0 ], [ 110.12282847705292, 25.224217789408751, 0.0 ], [ 110.122842349652927, 25.224108007825091, 0.0 ], [ 110.122856222224996, 25.223998226237846, 0.0 ], [ 110.122870094768871, 25.223888444647013, 0.0 ], [ 110.122883967284665, 25.22377866305261, 0.0 ], [ 110.12289783977252, 25.223668881454607, 0.0 ], [ 110.122911712232181, 25.223559099853023, 0.0 ], [ 110.122925584663847, 25.223449318247859, 0.0 ], [ 110.122939457067346, 25.223339536639113, 0.0 ], [ 110.122953329442879, 25.223229755026786, 0.0 ], [ 110.122967201790317, 25.223119973410878, 0.0 ], [ 110.122981074109703, 25.223010191791381, 0.0 ], [ 110.122994946400922, 25.222900410168297, 0.0 ], [ 110.123008818664189, 25.222790628541638, 0.0 ], [ 110.123022690899347, 25.222680846911388, 0.0 ], [ 110.123036563106382, 25.222571065277567, 0.0 ], [ 110.123050435285421, 25.222461283640154, 0.0 ], [ 110.123064307436394, 25.222351501999157, 0.0 ], [ 110.123071458581478, 25.22224142513992, 0.0 ], [ 110.123069278974782, 25.222130938431569, 0.0 ], [ 110.123067099368768, 25.222020451721658, 0.0 ], [ 110.123064919763465, 25.221909965010195, 0.0 ], [ 110.123062740158772, 25.221799478297172, 0.0 ], [ 110.123060560554876, 25.221688991582582, 0.0 ], [ 110.123058380951647, 25.221578504866439, 0.0 ], [ 110.123056201349129, 25.221468018148734, 0.0 ], [ 110.123054021747308, 25.221357531429472, 0.0 ], [ 110.123051842146168, 25.221247044708658, 0.0 ], [ 110.123049662545753, 25.221136557986274, 0.0 ], [ 110.123047482379107, 25.221026071271844, 0.0 ], [ 110.12304529934849, 25.2209155846028, 0.0 ], [ 110.123043106639997, 25.220805098090626, 0.0 ], [ 110.123040898225213, 25.220694611836031, 0.0 ], [ 110.123038670291209, 25.220584125904193, 0.0 ], [ 110.123037286351803, 25.220474420959274, 0.0 ], [ 110.12315876296698, 25.220474998702748, 0.0 ], [ 110.123280239586535, 25.220475576346409, 0.0 ], [ 110.123401716210495, 25.22047615389025, 0.0 ], [ 110.123523192838903, 25.220476731334269, 0.0 ], [ 110.123644669471631, 25.220477308678465, 0.0 ], [ 110.123766146108835, 25.220477885922854, 0.0 ] ], [ [ 110.128992303280427, 25.229739512536643, 0.0 ], [ 110.129146397959616, 25.229690056702136, 0.0 ], [ 110.129355577750218, 25.229689705372497, 0.0 ], [ 110.129564757548849, 25.229689353561309, 0.0 ], [ 110.129773937355722, 25.229689001427058, 0.0 ], [ 110.129983117170937, 25.229688648996625, 0.0 ], [ 110.130192296994565, 25.229688296270005, 0.0 ], [ 110.130401476826449, 25.229687943247217, 0.0 ], [ 110.130610656666533, 25.229687589851302, 0.0 ], [ 110.13081983651486, 25.229687236140371, 0.0 ], [ 110.131029016371585, 25.229686882133265, 0.0 ], [ 110.131238196236723, 25.229686527910086, 0.0 ], [ 110.131447376110771, 25.229686173692556, 0.0 ], [ 110.131656555993644, 25.229685819376574, 0.0 ], [ 110.131865735884759, 25.229685464764398, 0.0 ], [ 110.13189074016492, 25.229850028829613, 0.0 ], [ 110.131887070024305, 25.230040268905203, 0.0 ], [ 110.131883399986265, 25.230230508977542, 0.0 ], [ 110.131876599352537, 25.230414539881654, 0.0 ], [ 110.13166747398364, 25.230410132414509, 0.0 ], [ 110.131528648514646, 25.230471080720712, 0.0 ], [ 110.131532834398755, 25.230661281780616, 0.0 ], [ 110.131542714348043, 25.230851332059597, 0.0 ], [ 110.131556979255492, 25.231040984472763, 0.0 ], [ 110.131615321912292, 25.231223580624203, 0.0 ], [ 110.131649464237128, 25.231410893884213, 0.0 ], [ 110.131672677530005, 25.231599988027543, 0.0 ], [ 110.131689966260424, 25.231789471788868, 0.0 ], [ 110.131678218907922, 25.231978329879162, 0.0 ], [ 110.131711573432341, 25.232166156016, 0.0 ], [ 110.131748302769907, 25.232353469399722, 0.0 ], [ 110.131789822721956, 25.232539944485854, 0.0 ], [ 110.131836774042966, 25.232725331332766, 0.0 ], [ 110.131092475172025, 25.233088805067901, 0.0 ], [ 110.130883293503203, 25.23308757476061, 0.0 ], [ 110.130674111847952, 25.23308634415725, 0.0 ], [ 110.130464989577305, 25.233090509256151, 0.0 ], [ 110.130255876913864, 25.233095547786121, 0.0 ], [ 110.130046860605617, 25.233102938475085, 0.0 ], [ 110.12983791551207, 25.233112067850413, 0.0 ], [ 110.129628970396794, 25.233121196929378, 0.0 ], [ 110.129431027864385, 25.233181603236861, 0.0 ], [ 110.129357387695535, 25.233322444733744, 0.0 ], [ 110.129362243687851, 25.233512662631817, 0.0 ], [ 110.129367099685794, 25.233702880525293, 0.0 ], [ 110.129377780202816, 25.233892871655101, 0.0 ], [ 110.129384993664573, 25.234082976646356, 0.0 ], [ 110.12938818504243, 25.234273223655251, 0.0 ], [ 110.129390566378902, 25.234463476828584, 0.0 ], [ 110.129390877866456, 25.234653745760582, 0.0 ], [ 110.129391189345441, 25.234844014687766, 0.0 ], [ 110.129391953469948, 25.235034279597553, 0.0 ], [ 110.129395724116719, 25.235224517814181, 0.0 ], [ 110.12939949476565, 25.235414756026184, 0.0 ], [ 110.129410780081002, 25.235604654815255, 0.0 ], [ 110.129427749574191, 25.235794296871031, 0.0 ], [ 110.12944308857216, 25.235984038525906, 0.0 ], [ 110.129623794010655, 25.236037559562103, 0.0 ], [ 110.129832933143959, 25.236034502485413, 0.0 ], [ 110.130042050027967, 25.236029436948144, 0.0 ], [ 110.130251166904173, 25.236024371114382, 0.0 ], [ 110.130460246003963, 25.236018167961486, 0.0 ], [ 110.130669317713526, 25.236011742391916, 0.0 ], [ 110.130878389908958, 25.236005330462767, 0.0 ], [ 110.131087478801774, 25.235999385481126, 0.0 ], [ 110.131296567683748, 25.235993440203007, 0.0 ], [ 110.131505659804375, 25.235987733053161, 0.0 ], [ 110.131714846470828, 25.235988962610957, 0.0 ], [ 110.131924033150923, 25.235990191872634, 0.0 ], [ 110.131551973272067, 25.236551473435529, 0.0 ], [ 110.131707384645665, 25.236664647960264, 0.0 ], [ 110.131878920164041, 25.236623001076048, 0.0 ], [ 110.132038568208174, 25.236500081396738, 0.0 ], [ 110.132199849145294, 25.236378918451486, 0.0 ], [ 110.132367791431207, 25.236266053594242, 0.0 ], [ 110.132528106829739, 25.236143829457887, 0.0 ], [ 110.132690524445906, 25.236023915805408, 0.0 ], [ 110.132852796191159, 25.235903843682934, 0.0 ], [ 110.133011267561457, 25.235779639043812, 0.0 ], [ 110.133149226952412, 25.235757544764429, 0.0 ], [ 110.13325183912599, 25.235923321840765, 0.0 ], [ 110.133357788423069, 25.236087382821101, 0.0 ], [ 110.133467767477413, 25.236249228783088, 0.0 ], [ 110.133578763924902, 25.236410500783204, 0.0 ], [ 110.133686564189034, 25.236573511733884, 0.0 ], [ 110.133776437648208, 25.236743140815683, 0.0 ], [ 110.133858299665746, 25.236916520428007, 0.0 ], [ 110.133998049872275, 25.237231473777033, 0.0 ], [ 110.133788860955278, 25.237230247015191, 0.0 ], [ 110.133579672051894, 25.237229019957226, 0.0 ], [ 110.133370483162125, 25.237227792627323, 0.0 ], [ 110.133161294285955, 25.237226565014378, 0.0 ], [ 110.132952105423499, 25.237225337105311, 0.0 ], [ 110.132742916574756, 25.237224108900111, 0.0 ], [ 110.132533727739656, 25.237222880398782, 0.0 ], [ 110.132324538918354, 25.237221651601331, 0.0 ], [ 110.13211535011078, 25.23722042250775, 0.0 ], [ 110.13190616131692, 25.237219193118044, 0.0 ], [ 110.13169697253673, 25.237217963432212, 0.0 ], [ 110.131487783770325, 25.237216733450246, 0.0 ], [ 110.131278595017363, 25.237215503215431, 0.0 ], [ 110.131069406276012, 25.237214272984325, 0.0 ], [ 110.130860217548403, 25.237213042457078, 0.0 ], [ 110.13065102883445, 25.237211811633724, 0.0 ], [ 110.130441840134409, 25.237210580514233, 0.0 ], [ 110.130232651447955, 25.237209349098617, 0.0 ], [ 110.130055790933667, 25.237115314369802, 0.0 ], [ 110.129883990882604, 25.237006753420854, 0.0 ], [ 110.129712191140044, 25.236898192278655, 0.0 ], [ 110.129540391706115, 25.236789630943221, 0.0 ], [ 110.129368592580775, 25.23668106941453, 0.0 ], [ 110.129196793761452, 25.236572507695943, 0.0 ], [ 110.129126768715309, 25.236414457599665, 0.0 ], [ 110.129122936410894, 25.236224220443155, 0.0 ], [ 110.129119104108923, 25.23603398328202, 0.0 ], [ 110.129115271809198, 25.235843746116267, 0.0 ], [ 110.129111439512016, 25.235653508945894, 0.0 ], [ 110.129107607121, 25.235463271772502, 0.0 ], [ 110.129103774141512, 25.235273034604333, 0.0 ], [ 110.129099941359215, 25.235082797428294, 0.0 ], [ 110.129096108579276, 25.23489256024763, 0.0 ], [ 110.129092275801739, 25.234702323062344, 0.0 ], [ 110.129088443619949, 25.234512085862551, 0.0 ], [ 110.129084611496751, 25.234321848657196, 0.0 ], [ 110.129080779375869, 25.234131611447214, 0.0 ], [ 110.12907694725736, 25.233941374232622, 0.0 ], [ 110.129073114739029, 25.233751137020104, 0.0 ], [ 110.129069282224492, 25.233560899802946, 0.0 ], [ 110.129065449671444, 25.233370662581844, 0.0 ], [ 110.129061617955202, 25.233180425342212, 0.0 ], [ 110.129057786241276, 25.232990188097968, 0.0 ], [ 110.129053954200444, 25.232799950854581, 0.0 ], [ 110.129050122339464, 25.232609713603619, 0.0 ], [ 110.129046290055243, 25.232419476355123, 0.0 ], [ 110.129042457492744, 25.232229239106687, 0.0 ], [ 110.129038625602249, 25.23203900184247, 0.0 ], [ 110.12903479333707, 25.231848764579912, 0.0 ], [ 110.129030961074264, 25.231658527312725, 0.0 ], [ 110.12902712881386, 25.23146829004093, 0.0 ], [ 110.129023296555886, 25.231278052764512, 0.0 ], [ 110.129019464300242, 25.23108781548347, 0.0 ], [ 110.129015632040321, 25.230897578197915, 0.0 ], [ 110.129011464383396, 25.230690699061334, 0.0 ], [ 110.129007632158022, 25.23050046176564, 0.0 ], [ 110.129003799935106, 25.230310224465324, 0.0 ], [ 110.128999967714506, 25.230119987160382, 0.0 ], [ 110.128996135496266, 25.229929749850818, 0.0 ], [ 110.128992303280427, 25.229739512536643, 0.0 ] ], [ [ 110.12408996923476, 25.236386579919362, 0.0 ], [ 110.124106283384492, 25.237213266742867, 0.0 ], [ 110.124122597573589, 25.238039953479074, 0.0 ], [ 110.124138911802291, 25.238866640127984, 0.0 ], [ 110.12339848326161, 25.238818167178586, 0.0 ], [ 110.123382174070798, 25.237991480576657, 0.0 ], [ 110.123365864919137, 25.237164793887434, 0.0 ], [ 110.123349555806698, 25.236338107110925, 0.0 ], [ 110.123333246733537, 25.235511420247139, 0.0 ], [ 110.123316937699485, 25.234684733296064, 0.0 ], [ 110.123300628704627, 25.233858046257705, 0.0 ], [ 110.123203457331925, 25.233037561855568, 0.0 ], [ 110.123067321943239, 25.232220066224254, 0.0 ], [ 110.122931188202074, 25.231402570427051, 0.0 ], [ 110.122837997389823, 25.230581780594605, 0.0 ], [ 110.123274424783105, 25.230158859988144, 0.0 ], [ 110.124183425355639, 25.230157395699585, 0.0 ], [ 110.124515517036727, 25.230691134800399, 0.0 ], [ 110.124242532852122, 25.231468851460114, 0.0 ], [ 110.124008399326428, 25.232253144488517, 0.0 ], [ 110.12402471303011, 25.233079831752505, 0.0 ], [ 110.124041027022201, 25.233906518925139, 0.0 ], [ 110.124057341053557, 25.2347332060105, 0.0 ], [ 110.124073655124448, 25.235559893008578, 0.0 ], [ 110.12408996923476, 25.236386579919362, 0.0 ] ], [ [ 110.145909614917784, 25.228345041164239, 0.0 ], [ 110.145829291857027, 25.228155515964389, 0.0 ], [ 110.145515422093496, 25.228103316527697, 0.0 ], [ 110.145309057749401, 25.228194987657705, 0.0 ], [ 110.145087252473559, 25.22825092061807, 0.0 ], [ 110.144859030283641, 25.228273215598307, 0.0 ], [ 110.144629315716585, 25.228256054826641, 0.0 ], [ 110.144398814895609, 25.228257245488315, 0.0 ], [ 110.144168685196945, 25.228249711942109, 0.0 ], [ 110.143940635360025, 25.228222339372042, 0.0 ], [ 110.143728609163389, 25.228144033043755, 0.0 ], [ 110.143548456337996, 25.228017110703561, 0.0 ], [ 110.143438545836403, 25.22783298960454, 0.0 ], [ 110.143399803985403, 25.227626909932994, 0.0 ], [ 110.14336059087185, 25.227226608678848, 0.0 ], [ 110.143379323778504, 25.227036880136101, 0.0 ], [ 110.143498968932917, 25.226858423646242, 0.0 ], [ 110.143952879849564, 25.226598961583473, 0.0 ], [ 110.144181486105111, 25.226613062394069, 0.0 ], [ 110.144409076837718, 25.226645478132728, 0.0 ], [ 110.14463425038609, 25.226688700216609, 0.0 ], [ 110.144834826002011, 25.226789217058329, 0.0 ], [ 110.145051586968364, 25.226860526558923, 0.0 ], [ 110.146711239783897, 25.226852794453855, 0.0 ], [ 110.146912007156573, 25.226749788238422, 0.0 ], [ 110.147115596480916, 25.226651755000358, 0.0 ], [ 110.147338163017906, 25.226603129879539, 0.0 ], [ 110.147567943444656, 25.226586557839905, 0.0 ], [ 110.14779277857852, 25.226544838885012, 0.0 ], [ 110.148014625365676, 25.22648792470471, 0.0 ], [ 110.148241410365344, 25.226453954414918, 0.0 ], [ 110.148441399564149, 25.226351808832757, 0.0 ], [ 110.148636426970455, 25.226240190867831, 0.0 ], [ 110.148842481799036, 25.226147329814914, 0.0 ], [ 110.149064195379481, 25.226093572625182, 0.0 ], [ 110.149294349401274, 25.226086264423518, 0.0 ], [ 110.149524256533851, 25.226087651049813, 0.0 ], [ 110.149736678902983, 25.226164663630648, 0.0 ], [ 110.149948334078914, 25.226244955555103, 0.0 ], [ 110.150177043588343, 25.226261033356188, 0.0 ], [ 110.150407495258222, 25.226265373720295, 0.0 ], [ 110.150637769047307, 25.226272656042294, 0.0 ], [ 110.150863423130744, 25.2263111821492, 0.0 ], [ 110.151069964328897, 25.226402721053827, 0.0 ], [ 110.151240186868051, 25.226541876498217, 0.0 ], [ 110.151331667236775, 25.226730779614435, 0.0 ], [ 110.151327298977733, 25.226938384081766, 0.0 ], [ 110.151250187493147, 25.22713524662144, 0.0 ], [ 110.151108538443069, 25.227297729109747, 0.0 ], [ 110.150900363971814, 25.227370312085903, 0.0 ], [ 110.150688865031853, 25.227294618171374, 0.0 ], [ 110.150528414473058, 25.227145652037795, 0.0 ], [ 110.150393206522608, 25.226975843080893, 0.0 ], [ 110.150257998944369, 25.226806034006195, 0.0 ], [ 110.150121478431217, 25.226637251571891, 0.0 ], [ 110.149674291134005, 25.226688946922422, 0.0 ], [ 110.149606068988533, 25.226887749614757, 0.0 ], [ 110.149557678624376, 25.227092326325646, 0.0 ], [ 110.149550360852203, 25.227301889218101, 0.0 ], [ 110.149543043043735, 25.227511452103663, 0.0 ], [ 110.14950238318319, 25.227717585722527, 0.0 ], [ 110.14945807336349, 25.227923343933146, 0.0 ], [ 110.149390454345735, 25.228123622606049, 0.0 ], [ 110.149337804770781, 25.228327467136953, 0.0 ], [ 110.149265234002669, 25.228525805276664, 0.0 ], [ 110.149162783753951, 25.22870898972862, 0.0 ], [ 110.149067483847105, 25.22889879416412, 0.0 ], [ 110.148961805049538, 25.229081949147481, 0.0 ], [ 110.148797003008198, 25.229225349846633, 0.0 ], [ 110.148578969742033, 25.229278360511053, 0.0 ], [ 110.148349578831571, 25.229298335839481, 0.0 ], [ 110.148125600730339, 25.229345522196699, 0.0 ], [ 110.147900764747945, 25.229360782664983, 0.0 ], [ 110.147685267187541, 25.229286361398028, 0.0 ], [ 110.147469769897938, 25.229211939822871, 0.0 ], [ 110.147260834756537, 25.229124424999696, 0.0 ], [ 110.147057733043852, 25.229025271072217, 0.0 ], [ 110.146854631666827, 25.228926116872859, 0.0 ], [ 110.1466586891151, 25.228816339594246, 0.0 ], [ 110.146476154061517, 25.228689986221514, 0.0 ], [ 110.146289359208239, 25.228568083080319, 0.0 ], [ 110.146078941474556, 25.228482478802242, 0.0 ], [ 110.145909614917784, 25.228345041164239, 0.0 ] ], [ [ 110.153597897521578, 25.22022212423979, 0.0 ], [ 110.153489376389146, 25.219959659322665, 0.0 ], [ 110.153572226144234, 25.219874105071057, 0.0 ], [ 110.153863347747773, 25.219966328689726, 0.0 ], [ 110.154151895480055, 25.220064914517177, 0.0 ], [ 110.15451636048877, 25.219797356217132, 0.0 ], [ 110.154372313729439, 25.219552267739182, 0.0 ], [ 110.154153950060334, 25.219354944117541, 0.0 ], [ 110.153943937397486, 25.219150668624572, 0.0 ], [ 110.153816354886615, 25.218896044319145, 0.0 ], [ 110.153772298580762, 25.218619751401093, 0.0 ], [ 110.153721677338666, 25.218343405424083, 0.0 ], [ 110.153568972332664, 25.21815019191104, 0.0 ], [ 110.153347137224557, 25.218284404323899, 0.0 ], [ 110.153149879790647, 25.218469133777816, 0.0 ], [ 110.153150253375458, 25.218749553266143, 0.0 ], [ 110.153104352819639, 25.219023952751751, 0.0 ], [ 110.152877970729989, 25.218942056145753, 0.0 ], [ 110.152770393004388, 25.219118745712812, 0.0 ], [ 110.152640679541776, 25.219373139360307, 0.0 ], [ 110.152414792343436, 25.219293713117086, 0.0 ], [ 110.152520339015581, 25.219478003574167, 0.0 ], [ 110.152593772612065, 25.219694985909651, 0.0 ], [ 110.152540024870092, 25.219930854209391, 0.0 ], [ 110.152357561997803, 25.220036035775081, 0.0 ], [ 110.152054990417966, 25.219982347489005, 0.0 ], [ 110.151805430130239, 25.219874811098784, 0.0 ], [ 110.151758993239341, 25.219623894368581, 0.0 ], [ 110.151755257732916, 25.219344681851766, 0.0 ], [ 110.15179832760009, 25.219160364298709, 0.0 ], [ 110.151840042965489, 25.218944452676585, 0.0 ], [ 110.152016240297684, 25.218771735107154, 0.0 ], [ 110.15219541693412, 25.218693115396455, 0.0 ], [ 110.151887245901619, 25.218690741741483, 0.0 ], [ 110.151582176958399, 25.218663856923861, 0.0 ], [ 110.151355781250487, 25.218845950210824, 0.0 ], [ 110.151135353856617, 25.219041966362322, 0.0 ], [ 110.150917162339212, 25.219240066634008, 0.0 ], [ 110.150753064380467, 25.219461085892512, 0.0 ], [ 110.150941291777187, 25.219508807691039, 0.0 ], [ 110.151233449075207, 25.219419377778109, 0.0 ], [ 110.151337661761858, 25.219454257651222, 0.0 ], [ 110.151259505955679, 25.219647769177275, 0.0 ], [ 110.151383644050767, 25.219863221250382, 0.0 ], [ 110.151081073571575, 25.219809530127609, 0.0 ], [ 110.150778503376827, 25.219755838391929, 0.0 ], [ 110.150475933466481, 25.219702146043339, 0.0 ], [ 110.150173363840622, 25.219648453081856, 0.0 ], [ 110.150076099754529, 25.219467750469786, 0.0 ], [ 110.149896307247914, 25.219242927137792, 0.0 ], [ 110.14982863490863, 25.218973275452914, 0.0 ], [ 110.149846033472784, 25.21871360214314, 0.0 ], [ 110.149661821852476, 25.218699994772347, 0.0 ], [ 110.14960809205175, 25.218438813336107, 0.0 ], [ 110.149792127203725, 25.21821898085814, 0.0 ], [ 110.150072492647809, 25.218167949962254, 0.0 ], [ 110.150277766184601, 25.218217900603001, 0.0 ], [ 110.150243571139413, 25.218085901683651, 0.0 ], [ 110.150492787705559, 25.217980403402183, 0.0 ], [ 110.150715889393695, 25.218173923249722, 0.0 ], [ 110.151009955580463, 25.218174761804239, 0.0 ], [ 110.151305797984179, 25.218098418876721, 0.0 ], [ 110.151588096486833, 25.217990203117118, 0.0 ], [ 110.151794122977094, 25.217796411000254, 0.0 ], [ 110.151668476067655, 25.217570513832282, 0.0 ], [ 110.151542719483302, 25.217314608150563, 0.0 ], [ 110.151270883629607, 25.217408617500958, 0.0 ], [ 110.150994753144644, 25.217533225846896, 0.0 ], [ 110.150712617896119, 25.217645924173798, 0.0 ], [ 110.150582995080924, 25.217465474308607, 0.0 ], [ 110.150421375510788, 25.217280378292635, 0.0 ], [ 110.150127004715571, 25.217249837289291, 0.0 ], [ 110.149839002882828, 25.217175422747857, 0.0 ], [ 110.149533593365632, 25.217171747803064, 0.0 ], [ 110.149291671234309, 25.217243747406169, 0.0 ], [ 110.149146616000195, 25.21739768111447, 0.0 ], [ 110.148910746228765, 25.217578235816543, 0.0 ], [ 110.1486285915434, 25.217668204461951, 0.0 ], [ 110.148324801786416, 25.217715829872535, 0.0 ], [ 110.148140843598824, 25.217802057302769, 0.0 ], [ 110.147863984598501, 25.217679622764418, 0.0 ], [ 110.147601034334102, 25.217535694883384, 0.0 ], [ 110.147396894932484, 25.217326299171361, 0.0 ], [ 110.147281111905826, 25.217070575659378, 0.0 ], [ 110.147131721126186, 25.216843365794265, 0.0 ], [ 110.14731307655066, 25.216623836319418, 0.0 ], [ 110.147403689168897, 25.216428867076573, 0.0 ], [ 110.1471959261455, 25.21637743385239, 0.0 ], [ 110.146972166022493, 25.216560524497137, 0.0 ], [ 110.146818599937689, 25.216752104049167, 0.0 ], [ 110.146616517175488, 25.216874795073156, 0.0 ], [ 110.146319379782142, 25.216935826977387, 0.0 ], [ 110.146017875459648, 25.216906072804736, 0.0 ], [ 110.145773248909578, 25.216742606397762, 0.0 ], [ 110.145785775213668, 25.216480435922811, 0.0 ], [ 110.14585175968854, 25.216206508655187, 0.0 ], [ 110.145917743444954, 25.215932581259707, 0.0 ], [ 110.146079973283818, 25.215705400249149, 0.0 ], [ 110.146281913776946, 25.215493586081806, 0.0 ], [ 110.146469811980566, 25.215271369729884, 0.0 ], [ 110.146643228021873, 25.215039581198884, 0.0 ], [ 110.146808117830275, 25.214802645943283, 0.0 ], [ 110.146972902245437, 25.214565648968343, 0.0 ], [ 110.147156691753068, 25.214301317208239, 0.0 ], [ 110.147321474678478, 25.214064319724017, 0.0 ], [ 110.147486253384926, 25.213827319978176, 0.0 ], [ 110.147732461210381, 25.213703322048527, 0.0 ], [ 110.14800754898414, 25.213576807348918, 0.0 ], [ 110.14829065259606, 25.213466335953608, 0.0 ], [ 110.148584592296757, 25.213382490921113, 0.0 ], [ 110.148889052682208, 25.213339471234708, 0.0 ], [ 110.149161856554471, 25.213354123446717, 0.0 ], [ 110.149268454918342, 25.213554781036809, 0.0 ], [ 110.14956077619884, 25.21364102831016, 0.0 ], [ 110.149845024043643, 25.213749533184345, 0.0 ], [ 110.150101236869261, 25.21389628248707, 0.0 ], [ 110.150198695679563, 25.214147955845853, 0.0 ], [ 110.150104277752973, 25.214407135637003, 0.0 ], [ 110.14983788336464, 25.214546273342759, 0.0 ], [ 110.149606611597733, 25.214679484192789, 0.0 ], [ 110.149402070893743, 25.21488856788941, 0.0 ], [ 110.14949698882225, 25.215098325779017, 0.0 ], [ 110.14923721912804, 25.215247145349966, 0.0 ], [ 110.149104777868203, 25.215483949195729, 0.0 ], [ 110.149205581270621, 25.21567979754953, 0.0 ], [ 110.149203228262408, 25.215938276421973, 0.0 ], [ 110.149509706721588, 25.215968412227269, 0.0 ], [ 110.149716245912202, 25.215837224099676, 0.0 ], [ 110.149719588644984, 25.215813322420214, 0.0 ], [ 110.149996490040323, 25.215863928222738, 0.0 ], [ 110.150151724643337, 25.215725697252317, 0.0 ], [ 110.150442446272493, 25.215699876709873, 0.0 ], [ 110.150669091987254, 25.215518747351961, 0.0 ], [ 110.150564765507923, 25.215281983000072, 0.0 ], [ 110.150609150987194, 25.215094358464349, 0.0 ], [ 110.15084147871147, 25.214912060436806, 0.0 ], [ 110.151149416329517, 25.214913494626813, 0.0 ], [ 110.151456900033395, 25.214927809706737, 0.0 ], [ 110.151764166744925, 25.214905370330047, 0.0 ], [ 110.152038471022692, 25.214980348109677, 0.0 ], [ 110.152175083592866, 25.214805596128009, 0.0 ], [ 110.152370307363626, 25.21461495644208, 0.0 ], [ 110.15263420751306, 25.214470259403331, 0.0 ], [ 110.152896178609097, 25.21437012856747, 0.0 ], [ 110.153089241934907, 25.214506356755003, 0.0 ], [ 110.153307348133978, 25.214627860336552, 0.0 ], [ 110.153609397043553, 25.214683561872008, 0.0 ], [ 110.153888596201085, 25.214798583255469, 0.0 ], [ 110.154162169247556, 25.214927821714454, 0.0 ], [ 110.154414755940138, 25.21508824057446, 0.0 ], [ 110.154657746508974, 25.215260170321294, 0.0 ], [ 110.154891627935257, 25.215439823222756, 0.0 ], [ 110.155193628687883, 25.215496059335251, 0.0 ], [ 110.155478742890878, 25.215595737266646, 0.0 ], [ 110.155717735510308, 25.215772623246114, 0.0 ], [ 110.155884518135124, 25.216005192687359, 0.0 ], [ 110.1556820114034, 25.216211288934389, 0.0 ], [ 110.155586302464059, 25.216473594925773, 0.0 ], [ 110.155608861887316, 25.21674835411882, 0.0 ], [ 110.15558833256371, 25.216965632092975, 0.0 ], [ 110.155301543615465, 25.217058958402305, 0.0 ], [ 110.155121179872836, 25.217269319833886, 0.0 ], [ 110.15516389535297, 25.217537627786811, 0.0 ], [ 110.155335036805042, 25.217765001922437, 0.0 ], [ 110.155633448111004, 25.217808456453362, 0.0 ], [ 110.155934772201405, 25.217854556625959, 0.0 ], [ 110.156214850643067, 25.217968679981212, 0.0 ], [ 110.156441379141981, 25.218153755703302, 0.0 ], [ 110.156552808307779, 25.21841243069694, 0.0 ], [ 110.156408282132205, 25.218659398135138, 0.0 ], [ 110.156498043796333, 25.21883927405645, 0.0 ], [ 110.156322558821074, 25.21901026758724, 0.0 ], [ 110.156152292696348, 25.218844220310171, 0.0 ], [ 110.156178976376779, 25.218583898333836, 0.0 ], [ 110.15592100858035, 25.21843752238707, 0.0 ], [ 110.155791847271246, 25.218613364422929, 0.0 ], [ 110.155781109472414, 25.218893621657568, 0.0 ], [ 110.155770371142864, 25.219173878865011, 0.0 ], [ 110.155793209201434, 25.219446489679772, 0.0 ], [ 110.156032897071512, 25.219579548695354, 0.0 ], [ 110.156084217227132, 25.219755977530681, 0.0 ], [ 110.155925834755607, 25.21991091211774, 0.0 ], [ 110.155659050120832, 25.219948517978732, 0.0 ], [ 110.155468434330444, 25.220167793198073, 0.0 ], [ 110.155261203301592, 25.220375405928046, 0.0 ], [ 110.1550548166082, 25.220528921293734, 0.0 ], [ 110.154776217117103, 25.220485982677395, 0.0 ], [ 110.154476972432434, 25.220418678028452, 0.0 ], [ 110.154175728842631, 25.220359211991088, 0.0 ], [ 110.153873277905149, 25.220304973959436, 0.0 ], [ 110.153597897521578, 25.22022212423979, 0.0 ] ], [ [ 110.131510264575525, 25.244860034742288, 0.0 ], [ 110.131374721096606, 25.24502564322265, 0.0 ], [ 110.131254870595328, 25.245200693921213, 0.0 ], [ 110.131153615376689, 25.245385392243207, 0.0 ], [ 110.131125082992483, 25.245586799669208, 0.0 ], [ 110.131632805117775, 25.245694926219006, 0.0 ], [ 110.131859775522827, 25.245698377485756, 0.0 ], [ 110.132086745951923, 25.24570182840402, 0.0 ], [ 110.132313716405051, 25.245705278973812, 0.0 ], [ 110.132510786477596, 25.24568079096143, 0.0 ], [ 110.13251312402366, 25.245474349309301, 0.0 ], [ 110.132515461550639, 25.245267907651222, 0.0 ], [ 110.132517799058505, 25.245061465987192, 0.0 ], [ 110.132589495725725, 25.244878717144278, 0.0 ], [ 110.132815621845722, 25.244890203927238, 0.0 ], [ 110.133038848439497, 25.244927694092969, 0.0 ], [ 110.133261000105207, 25.244969306851004, 0.0 ], [ 110.13348318823671, 25.245011593637283, 0.0 ], [ 110.133704720626184, 25.245056603342256, 0.0 ], [ 110.133924211640291, 25.245109179796543, 0.0 ], [ 110.134143333578606, 25.245163101354926, 0.0 ], [ 110.134362480853866, 25.245216937966205, 0.0 ], [ 110.134581645554064, 25.245270715945455, 0.0 ], [ 110.134800416107097, 25.245325806093469, 0.0 ], [ 110.135019186708519, 25.245380896443127, 0.0 ], [ 110.135235971370022, 25.245441989222371, 0.0 ], [ 110.1354516999765, 25.245506240463406, 0.0 ], [ 110.135663856884833, 25.245579476338634, 0.0 ], [ 110.135874852466358, 25.24565562741854, 0.0 ], [ 110.1360884588142, 25.245725081218861, 0.0 ], [ 110.1363050794359, 25.245786802401085, 0.0 ], [ 110.136516515264262, 25.2458617261189, 0.0 ], [ 110.136727114292157, 25.24593878102192, 0.0 ], [ 110.136935970417085, 25.246019648597017, 0.0 ], [ 110.137144556847218, 25.246101106428341, 0.0 ], [ 110.137293255923055, 25.246242907391856, 0.0 ], [ 110.13740328907997, 25.246421949132234, 0.0 ], [ 110.1374723512656, 25.246616451041234, 0.0 ], [ 110.137440966915975, 25.246713993942365, 0.0 ], [ 110.13732471902722, 25.24674906644184, 0.0 ], [ 110.137357688744501, 25.246929387838048, 0.0 ], [ 110.137200624074836, 25.247078445340172, 0.0 ], [ 110.137052072089219, 25.247234049558358, 0.0 ], [ 110.136916551179894, 25.247399675355563, 0.0 ], [ 110.136761856594561, 25.247550662226317, 0.0 ], [ 110.136605963014176, 25.247700733782381, 0.0 ], [ 110.136450069050028, 25.247850805160731, 0.0 ], [ 110.1362941747023, 25.248000876361377, 0.0 ], [ 110.136137862400162, 25.24815058597699, 0.0 ], [ 110.135980794456984, 25.248299641894807, 0.0 ], [ 110.135823726129885, 25.248448697632455, 0.0 ], [ 110.135666657419037, 25.24859775318992, 0.0 ], [ 110.135509588324339, 25.248746808567198, 0.0 ], [ 110.135352518845778, 25.248895863764307, 0.0 ], [ 110.135195448979346, 25.249044918777745, 0.0 ], [ 110.135038378694517, 25.24919397358088, 0.0 ], [ 110.134881308025911, 25.24934302820381, 0.0 ], [ 110.134723630661895, 25.249491552208045, 0.0 ], [ 110.134565944199451, 25.24964006840667, 0.0 ], [ 110.134408257353044, 25.249788584423804, 0.0 ], [ 110.134250570382633, 25.249937100487621, 0.0 ], [ 110.134092883297001, 25.250085616604789, 0.0 ], [ 110.133935196076365, 25.250234132760148, 0.0 ], [ 110.133777508657928, 25.250382648897368, 0.0 ], [ 110.133619820912386, 25.250531164902998, 0.0 ], [ 110.133462132816376, 25.250679680756466, 0.0 ], [ 110.133301244033362, 25.250825278556484, 0.0 ], [ 110.13315679467253, 25.250942701801026, 0.0 ], [ 110.132731680104158, 25.25135680648852, 0.0 ], [ 110.132568582574351, 25.251492961000434, 0.0 ], [ 110.132480770743626, 25.251563801982382, 0.0 ], [ 110.132311145468421, 25.251701009067013, 0.0 ], [ 110.132141519813345, 25.251838215944144, 0.0 ], [ 110.131971893778498, 25.251975422613775, 0.0 ], [ 110.131802267363724, 25.252112629075885, 0.0 ], [ 110.131643461902328, 25.252260114136899, 0.0 ], [ 110.131561628285908, 25.252401849389173, 0.0 ], [ 110.131404549789224, 25.252550900505469, 0.0 ], [ 110.131247470908676, 25.252699951441503, 0.0 ], [ 110.131093554030755, 25.252775398455132, 0.0 ], [ 110.130935448320599, 25.252923548999618, 0.0 ], [ 110.130777342226537, 25.253071699361666, 0.0 ], [ 110.130619235748455, 25.253219849541274, 0.0 ], [ 110.130456621885827, 25.25335654020412, 0.0 ], [ 110.130231062539252, 25.253333188046131, 0.0 ], [ 110.130022330966369, 25.253283457775179, 0.0 ], [ 110.129906876784133, 25.253105722219832, 0.0 ], [ 110.1297958192159, 25.252925676852357, 0.0 ], [ 110.129689272782215, 25.252743375428373, 0.0 ], [ 110.129588424024035, 25.252558414064076, 0.0 ], [ 110.129492156420199, 25.252371459997438, 0.0 ], [ 110.129400513909459, 25.252182599956019, 0.0 ], [ 110.129313538442659, 25.251991921455261, 0.0 ], [ 110.129231270385986, 25.251799512635259, 0.0 ], [ 110.129154294592468, 25.251605291151709, 0.0 ], [ 110.129082894560909, 25.251409323308774, 0.0 ], [ 110.129015444278522, 25.251212206197454, 0.0 ], [ 110.128954106244407, 25.25101344028965, 0.0 ], [ 110.128897602457897, 25.250813494520596, 0.0 ], [ 110.128846288052173, 25.250612395049735, 0.0 ], [ 110.12880003719863, 25.250410282115865, 0.0 ], [ 110.128759205013139, 25.250207204668374, 0.0 ], [ 110.128723572281203, 25.25000332111302, 0.0 ], [ 110.12869320449343, 25.249798734944857, 0.0 ], [ 110.128686939863059, 25.24959271771969, 0.0 ], [ 110.128685610320176, 25.249386297903754, 0.0 ], [ 110.128679120947112, 25.24917992995222, 0.0 ], [ 110.128672631584763, 25.248973561995296, 0.0 ], [ 110.128666142233172, 25.248767194032961, 0.0 ], [ 110.128659652892296, 25.248560826065244, 0.0 ], [ 110.128653163562021, 25.248354458092109, 0.0 ], [ 110.128646674242447, 25.248148090113581, 0.0 ], [ 110.128640184933644, 25.247941722129656, 0.0 ], [ 110.128633695635457, 25.247735354140332, 0.0 ], [ 110.128627206348057, 25.247528986145603, 0.0 ], [ 110.128620717071257, 25.247322618145482, 0.0 ], [ 110.12861422780523, 25.24711625013996, 0.0 ], [ 110.128607738549832, 25.246909882129042, 0.0 ], [ 110.128601249305191, 25.246703514112713, 0.0 ], [ 110.128594760071181, 25.246497146090999, 0.0 ], [ 110.128588270847928, 25.246290778063877, 0.0 ], [ 110.12858178163529, 25.246084410031365, 0.0 ], [ 110.128575292433354, 25.245878041993446, 0.0 ], [ 110.128568803242175, 25.245671673950131, 0.0 ], [ 110.128562314061611, 25.245465305901408, 0.0 ], [ 110.128555824891819, 25.2452589378473, 0.0 ], [ 110.128549335732643, 25.245052569787795, 0.0 ], [ 110.128542846584153, 25.244846201722883, 0.0 ], [ 110.128537324245201, 25.244639813006518, 0.0 ], [ 110.128599377959276, 25.244498735734386, 0.0 ], [ 110.128825801568325, 25.244513435692017, 0.0 ], [ 110.129052225266094, 25.24452813500929, 0.0 ], [ 110.129274643374913, 25.244563087450054, 0.0 ], [ 110.129492507081935, 25.24462106926234, 0.0 ], [ 110.129710370951003, 25.244679050926763, 0.0 ], [ 110.129927829691781, 25.244738263928522, 0.0 ], [ 110.130152919483749, 25.244761951318669, 0.0 ], [ 110.130379493444025, 25.244774598970395, 0.0 ], [ 110.130606052751418, 25.244787461989507, 0.0 ], [ 110.130832589825545, 25.244800632584241, 0.0 ], [ 110.131059027866911, 25.244815156139275, 0.0 ], [ 110.131284824701723, 25.244835867644813, 0.0 ], [ 110.131510264575525, 25.244860034742288, 0.0 ] ], [ [ 110.157827889106301, 25.252866961713497, 0.0 ], [ 110.158020791067045, 25.252858229936184, 0.0 ], [ 110.158213812454548, 25.252861706405767, 0.0 ], [ 110.158406914588809, 25.252862940226976, 0.0 ], [ 110.158599651500197, 25.252855743720851, 0.0 ], [ 110.158742067273721, 25.252902870543284, 0.0 ], [ 110.15868150907005, 25.253526606909649, 0.0 ], [ 110.15848872252522, 25.253537256090411, 0.0 ], [ 110.158381838260041, 25.253608179681841, 0.0 ], [ 110.158419418414255, 25.253780468808753, 0.0 ], [ 110.15852436374216, 25.253861785953969, 0.0 ], [ 110.158561186763549, 25.254034210247681, 0.0 ], [ 110.158599811103301, 25.254206306571795, 0.0 ], [ 110.158603579496656, 25.254355964320428, 0.0 ], [ 110.158542321954826, 25.254464714039308, 0.0 ], [ 110.158701077071768, 25.254514600295344, 0.0 ], [ 110.158850609967118, 25.254529325854598, 0.0 ], [ 110.158883661408851, 25.254404254784617, 0.0 ], [ 110.159058278411621, 25.254365272745012, 0.0 ], [ 110.159031296522187, 25.254191349065099, 0.0 ], [ 110.159004314701988, 25.254017425378194, 0.0 ], [ 110.159265956995725, 25.254009415989575, 0.0 ], [ 110.159309763495529, 25.254162166081155, 0.0 ], [ 110.159334865910466, 25.254336322357069, 0.0 ], [ 110.159359987340792, 25.254510476363286, 0.0 ], [ 110.159391623670103, 25.254683713248255, 0.0 ], [ 110.159433600461909, 25.25485514054245, 0.0 ], [ 110.159481773606814, 25.255025221076476, 0.0 ], [ 110.159532778009947, 25.255194573652783, 0.0 ], [ 110.159588326148807, 25.255362733359195, 0.0 ], [ 110.159614228282209, 25.255532138313551, 0.0 ], [ 110.159517951278204, 25.255662814279699, 0.0 ], [ 110.159335383417044, 25.255719874933476, 0.0 ], [ 110.159151433953014, 25.25577342707232, 0.0 ], [ 110.158967326156088, 25.255826524506261, 0.0 ], [ 110.158782994100449, 25.255878977812635, 0.0 ], [ 110.158598661892754, 25.255931430884424, 0.0 ], [ 110.158414329535006, 25.255983883726781, 0.0 ], [ 110.15822999705162, 25.256036336410993, 0.0 ], [ 110.158045664412015, 25.25608878884816, 0.0 ], [ 110.157861331578985, 25.25614124092996, 0.0 ], [ 110.157676855121636, 25.256193260060943, 0.0 ], [ 110.157491362801309, 25.256242215552259, 0.0 ], [ 110.1574221386647, 25.256078366407145, 0.0 ], [ 110.157353001438253, 25.255914358867688, 0.0 ], [ 110.157283864391559, 25.255750351297024, 0.0 ], [ 110.157214727524874, 25.255586343695189, 0.0 ], [ 110.157145590837928, 25.25542233606215, 0.0 ], [ 110.15707645433092, 25.255258328397925, 0.0 ], [ 110.157007318003764, 25.255094320702515, 0.0 ], [ 110.156938181856489, 25.254930312975922, 0.0 ], [ 110.156869045889067, 25.254766305218144, 0.0 ], [ 110.156799910101441, 25.25460229742917, 0.0 ], [ 110.156730774493823, 25.254438289609016, 0.0 ], [ 110.156661639065902, 25.254274281757677, 0.0 ], [ 110.156592503817919, 25.254110273875153, 0.0 ], [ 110.15652336874976, 25.253946265961456, 0.0 ], [ 110.156454233861481, 25.253782258016571, 0.0 ], [ 110.156385099153042, 25.253618250040507, 0.0 ], [ 110.156315964624369, 25.253454242033257, 0.0 ], [ 110.156246830275677, 25.253290233994836, 0.0 ], [ 110.156177696106681, 25.253126225925232, 0.0 ], [ 110.156289923749995, 25.252990410539034, 0.0 ], [ 110.156482547057351, 25.252977827709397, 0.0 ], [ 110.156674061535696, 25.252955270851601, 0.0 ], [ 110.156864784663526, 25.252927566031953, 0.0 ], [ 110.157056906127579, 25.25291142193624, 0.0 ], [ 110.157249545389718, 25.252898773796318, 0.0 ], [ 110.157442247343241, 25.252886940105331, 0.0 ], [ 110.157634987125732, 25.252875693238089, 0.0 ], [ 110.157827889106301, 25.252866961713497, 0.0 ] ], [ [ 110.141198754180309, 25.25611286506491, 0.0 ], [ 110.141196149408088, 25.256216412347033, 0.0 ], [ 110.141195971706296, 25.256302087760044, 0.0 ], [ 110.141090252281785, 25.256349687196312, 0.0 ], [ 110.141094019681361, 25.256456189626622, 0.0 ], [ 110.141133014611469, 25.256553624051133, 0.0 ], [ 110.141883110205384, 25.257760090567075, 0.0 ], [ 110.141938271970247, 25.257772352365187, 0.0 ], [ 110.142055821089343, 25.257779954558792, 0.0 ], [ 110.142173343579145, 25.257771496264436, 0.0 ], [ 110.142290352441165, 25.257759005827438, 0.0 ], [ 110.142407524970139, 25.257746563317966, 0.0 ], [ 110.142524697478152, 25.257734120714847, 0.0 ], [ 110.142641869965175, 25.257721678018093, 0.0 ], [ 110.142801279346671, 25.257718914138181, 0.0 ], [ 110.1428678035616, 25.25776826098074, 0.0 ], [ 110.142846624619693, 25.257846296408626, 0.0 ], [ 110.142752870042656, 25.257911409166745, 0.0 ], [ 110.142659115969906, 25.257976522580854, 0.0 ], [ 110.142565361797949, 25.258041635932223, 0.0 ], [ 110.142471607526858, 25.258106749220868, 0.0 ], [ 110.142377853156461, 25.25817186244678, 0.0 ], [ 110.142284098686915, 25.258236975609972, 0.0 ], [ 110.142190344118092, 25.258302088710415, 0.0 ], [ 110.142092814376895, 25.258359704337121, 0.0 ], [ 110.14201127032247, 25.258424743387707, 0.0 ], [ 110.141918083515463, 25.258490527196535, 0.0 ], [ 110.141838480011543, 25.258567556142477, 0.0 ], [ 110.141748809548176, 25.258636521822496, 0.0 ], [ 110.141692661673957, 25.258706283007378, 0.0 ], [ 110.141599170611656, 25.258771709080502, 0.0 ], [ 110.141505679449835, 25.25883713509123, 0.0 ], [ 110.141412188188724, 25.258902561039545, 0.0 ], [ 110.141318696828094, 25.258967986925441, 0.0 ], [ 110.141225205368031, 25.259033412748931, 0.0 ], [ 110.141133378783834, 25.259100627579453, 0.0 ], [ 110.141041613862356, 25.259167882255042, 0.0 ], [ 110.140947797339621, 25.259232922316603, 0.0 ], [ 110.140853980717708, 25.259297962315355, 0.0 ], [ 110.140760163735166, 25.259363001939494, 0.0 ], [ 110.140666346617891, 25.259428041458392, 0.0 ], [ 110.140572529402917, 25.259493080916172, 0.0 ], [ 110.140478712125201, 25.259558120354683, 0.0 ], [ 110.140384894845937, 25.259623159846669, 0.0 ], [ 110.1402910775588, 25.259688199384918, 0.0 ], [ 110.14019726017257, 25.259753238860352, 0.0 ], [ 110.140103442687177, 25.25981827827297, 0.0 ], [ 110.140009625126226, 25.259883317650946, 0.0 ], [ 110.139915575673783, 25.259948078207291, 0.0 ], [ 110.139821198042071, 25.26001244413548, 0.0 ], [ 110.139726820311751, 25.260076810000168, 0.0 ], [ 110.139632442483304, 25.260141175802161, 0.0 ], [ 110.139538064562146, 25.260205541547851, 0.0 ], [ 110.139450839294312, 25.260220840090451, 0.0 ], [ 110.139378162701817, 25.260136336407232, 0.0 ], [ 110.139305486209167, 25.260051832689928, 0.0 ], [ 110.139232809816477, 25.259967328938536, 0.0 ], [ 110.139160133523603, 25.259882825153046, 0.0 ], [ 110.139167209868219, 25.259795388362331, 0.0 ], [ 110.139239336945451, 25.259710728015779, 0.0 ], [ 110.139520320903216, 25.25931177638574, 0.0 ], [ 110.139581080327616, 25.259236925969333, 0.0 ], [ 110.139570608817195, 25.259130326962637, 0.0 ], [ 110.139550953753059, 25.259024980609286, 0.0 ], [ 110.139508978723484, 25.258926536551254, 0.0 ], [ 110.139466149751598, 25.25833924199399, 0.0 ], [ 110.139425362115162, 25.258238704838728, 0.0 ], [ 110.139370520791687, 25.258143723113839, 0.0 ], [ 110.139320417968804, 25.258046607943818, 0.0 ], [ 110.139267915813235, 25.257950579225835, 0.0 ], [ 110.139212652859953, 25.257855799874847, 0.0 ], [ 110.139157389990871, 25.257761020504223, 0.0 ], [ 110.139102127205831, 25.25766624111397, 0.0 ], [ 110.139024491278136, 25.257585756218464, 0.0 ], [ 110.138900698898723, 25.257416673994918, 0.0 ], [ 110.138874145383895, 25.257313247469867, 0.0 ], [ 110.138802578304222, 25.257228090923231, 0.0 ], [ 110.138726412319514, 25.257146212572383, 0.0 ], [ 110.138684748480983, 25.257029331581421, 0.0 ], [ 110.138641013557091, 25.256780977375637, 0.0 ], [ 110.138585621592469, 25.256686260583219, 0.0 ], [ 110.138576970662442, 25.256599534647719, 0.0 ], [ 110.138707844508545, 25.256347129156691, 0.0 ], [ 110.138685295198528, 25.256241829635027, 0.0 ], [ 110.138690881114584, 25.256135624810813, 0.0 ], [ 110.138749790870577, 25.256043742369773, 0.0 ], [ 110.138844093523659, 25.255984904553983, 0.0 ], [ 110.138954380388313, 25.255951377731837, 0.0 ], [ 110.139069375617041, 25.255936071413341, 0.0 ], [ 110.139182966210143, 25.25590712245544, 0.0 ], [ 110.139296556747254, 25.255878173393192, 0.0 ], [ 110.139410147232979, 25.255849224242017, 0.0 ], [ 110.139523737667488, 25.255820275001927, 0.0 ], [ 110.139628760270114, 25.255776781485128, 0.0 ], [ 110.139718192643571, 25.255706822908078, 0.0 ], [ 110.139807624914852, 25.255636864273505, 0.0 ], [ 110.139897057084241, 25.255566905581404, 0.0 ], [ 110.139986489151525, 25.255496946831769, 0.0 ], [ 110.140075921116846, 25.255426988024631, 0.0 ], [ 110.140165352980063, 25.255357029159956, 0.0 ], [ 110.14025478474133, 25.255287070237763, 0.0 ], [ 110.140344216400479, 25.255217111258045, 0.0 ], [ 110.140433647957678, 25.255147152220811, 0.0 ], [ 110.140523079412759, 25.255077193126048, 0.0 ], [ 110.140612510867186, 25.255007234080896, 0.0 ], [ 110.140701942291471, 25.254937275054239, 0.0 ], [ 110.140791373613695, 25.254867315970049, 0.0 ], [ 110.140873024964222, 25.254873589083253, 0.0 ], [ 110.140944213656198, 25.254959131667537, 0.0 ], [ 110.141014138735471, 25.255045530725436, 0.0 ], [ 110.141083058842725, 25.255132595511782, 0.0 ], [ 110.141150646808882, 25.255220520011648, 0.0 ], [ 110.141217142477927, 25.25530912864772, 0.0 ], [ 110.141282436016795, 25.255398474741156, 0.0 ], [ 110.141346598611094, 25.255488497281764, 0.0 ], [ 110.141386297877389, 25.255586468993283, 0.0 ], [ 110.141347577343183, 25.255671638474766, 0.0 ], [ 110.141379042836107, 25.255766040070093, 0.0 ], [ 110.141373078617306, 25.255853198140429, 0.0 ], [ 110.141320967179553, 25.255941749089985, 0.0 ], [ 110.141238356743727, 25.25601247659332, 0.0 ], [ 110.141198754180309, 25.25611286506491, 0.0 ] ], [ [ 110.177676101198188, 25.260148498982939, 0.0 ], [ 110.177854748786842, 25.259983487251404, 0.0 ], [ 110.178109068299321, 25.260108685157608, 0.0 ], [ 110.178353263195987, 25.260280512181414, 0.0 ], [ 110.178579080997466, 25.260185265238757, 0.0 ], [ 110.178651771967026, 25.259880052570455, 0.0 ], [ 110.178799590717844, 25.259630498786311, 0.0 ], [ 110.178811805412593, 25.259291262705595, 0.0 ], [ 110.179193949443828, 25.259255954838451, 0.0 ], [ 110.179577142750247, 25.259232188249623, 0.0 ], [ 110.179917722405889, 25.259281306787432, 0.0 ], [ 110.180227875427803, 25.259389366037595, 0.0 ], [ 110.180547614455207, 25.259229652931868, 0.0 ], [ 110.180656512458867, 25.258906238967612, 0.0 ], [ 110.180535193513521, 25.258698889890272, 0.0 ], [ 110.180775238100694, 25.258516770967343, 0.0 ], [ 110.181113662200744, 25.258549983269042, 0.0 ], [ 110.181221357733563, 25.258885272623118, 0.0 ], [ 110.181328079731543, 25.259220819316685, 0.0 ], [ 110.181436171413424, 25.259556003686399, 0.0 ], [ 110.181543408807642, 25.259891414641512, 0.0 ], [ 110.181650006242606, 25.260226994565485, 0.0 ], [ 110.181755202789986, 25.26056293714527, 0.0 ], [ 110.181858640899193, 25.260899333883692, 0.0 ], [ 110.181658000620317, 25.261199460051884, 0.0 ], [ 110.181425811189257, 25.261350670672158, 0.0 ], [ 110.18119322510934, 25.261491351183178, 0.0 ], [ 110.180871595780886, 25.261544989434377, 0.0 ], [ 110.180692223853413, 25.261802533231037, 0.0 ], [ 110.180400570045691, 25.262025507503509, 0.0 ], [ 110.180097109847097, 25.262202724390381, 0.0 ], [ 110.179757719016251, 25.262153380638107, 0.0 ], [ 110.179597804978627, 25.261838791801392, 0.0 ], [ 110.179667706550575, 25.261509503366106, 0.0 ], [ 110.179574624522431, 25.261372775740618, 0.0 ], [ 110.179240404178671, 25.261268916154133, 0.0 ], [ 110.179066699385174, 25.261463742507882, 0.0 ], [ 110.178879269494161, 25.261656061782634, 0.0 ], [ 110.178762496887913, 25.261986964531939, 0.0 ], [ 110.178415976332687, 25.262227249617787, 0.0 ], [ 110.178343069873094, 25.261900270371967, 0.0 ], [ 110.178187275296565, 25.261583095615617, 0.0 ], [ 110.177858888492111, 25.261422131440451, 0.0 ], [ 110.17748556063097, 25.261340038857277, 0.0 ], [ 110.177110270377923, 25.261371525025837, 0.0 ], [ 110.176847436572757, 25.261614947700583, 0.0 ], [ 110.176728126138229, 25.261928440587134, 0.0 ], [ 110.176632003261545, 25.261914003673471, 0.0 ], [ 110.176740746109132, 25.261592581670165, 0.0 ], [ 110.176999749472429, 25.26133549798643, 0.0 ], [ 110.177366349087222, 25.261245472697887, 0.0 ], [ 110.177671357403639, 25.26114479284179, 0.0 ], [ 110.177730809566469, 25.260838540984128, 0.0 ], [ 110.17770799329918, 25.260495134068329, 0.0 ], [ 110.177676101198188, 25.260148498982939, 0.0 ] ], [ [ 110.141534699136358, 25.261627321134846, 0.0 ], [ 110.141664693166774, 25.261816596837456, 0.0 ], [ 110.141798075149552, 25.262003915818067, 0.0 ], [ 110.141926733490308, 25.262193118591814, 0.0 ], [ 110.1420291298043, 25.26239310528587, 0.0 ], [ 110.142159630905169, 25.262582095163342, 0.0 ], [ 110.142284362528571, 25.262774271841753, 0.0 ], [ 110.142623746135001, 25.262739717569449, 0.0 ], [ 110.142819478515619, 25.262611983303486, 0.0 ], [ 110.142978258040131, 25.262762162429752, 0.0 ], [ 110.143130100337018, 25.262937475601571, 0.0 ], [ 110.143281943067052, 25.263112788624497, 0.0 ], [ 110.143410118664136, 25.263302330778778, 0.0 ], [ 110.143580172100727, 25.263463226772537, 0.0 ], [ 110.143735157369719, 25.263636052422143, 0.0 ], [ 110.143887001786766, 25.263811364879704, 0.0 ], [ 110.144033839032787, 25.263988202605695, 0.0 ], [ 110.143096752583844, 25.264084021302637, 0.0 ], [ 110.142936768780345, 25.264158367182514, 0.0 ], [ 110.142933011594465, 25.264381499993611, 0.0 ], [ 110.143048394342358, 25.264535604473359, 0.0 ], [ 110.143279113321412, 25.264608070618422, 0.0 ], [ 110.143500436496254, 25.264701023173409, 0.0 ], [ 110.143647037932539, 25.264858594132978, 0.0 ], [ 110.143711974732824, 25.265049285694463, 0.0 ], [ 110.143525523033105, 25.265194386429858, 0.0 ], [ 110.143339070892125, 25.265339486915305, 0.0 ], [ 110.143152618309713, 25.265484587150791, 0.0 ], [ 110.142966165286026, 25.2656296871363, 0.0 ], [ 110.142779711820907, 25.265774786871841, 0.0 ], [ 110.142607190854051, 25.265790893464235, 0.0 ], [ 110.142455345971328, 25.26561557970086, 0.0 ], [ 110.142303501521823, 25.265440265788602, 0.0 ], [ 110.142151657505522, 25.265264951727449, 0.0 ], [ 110.141999813922354, 25.265089637517413, 0.0 ], [ 110.141847970772517, 25.264914323158493, 0.0 ], [ 110.141696128055798, 25.264739008650704, 0.0 ], [ 110.141544285772255, 25.264563693994045, 0.0 ], [ 110.141392443921902, 25.26438837918851, 0.0 ], [ 110.141240602504709, 25.264213064234106, 0.0 ], [ 110.141088761520706, 25.264037749130846, 0.0 ], [ 110.140936920969835, 25.263862433878725, 0.0 ], [ 110.140785080852154, 25.263687118477748, 0.0 ], [ 110.14063324116762, 25.263511802927926, 0.0 ], [ 110.140481401916233, 25.263336487229257, 0.0 ], [ 110.140329563097993, 25.263161171381746, 0.0 ], [ 110.140177724712885, 25.262985855385384, 0.0 ], [ 110.140025886760924, 25.262810539240196, 0.0 ], [ 110.139881666233805, 25.262630176139112, 0.0 ], [ 110.139744673825192, 25.26244502403565, 0.0 ], [ 110.139600481754002, 25.262264642382625, 0.0 ], [ 110.139448645223865, 25.262089325880051, 0.0 ], [ 110.139804311543784, 25.261717233794879, 0.0 ], [ 110.139682074469761, 25.261551903750629, 0.0 ], [ 110.139657497945677, 25.261269482132821, 0.0 ], [ 110.139513447445907, 25.261097263241869, 0.0 ], [ 110.139603579783156, 25.260951489961105, 0.0 ], [ 110.139799297247066, 25.260816864852757, 0.0 ], [ 110.139995014282832, 25.260682239471162, 0.0 ], [ 110.14019073089041, 25.260547613816293, 0.0 ], [ 110.140384645211483, 25.260410860852968, 0.0 ], [ 110.140556217857323, 25.260395623737875, 0.0 ], [ 110.140692532398745, 25.260581187797484, 0.0 ], [ 110.14083559851592, 25.26076248633812, 0.0 ], [ 110.141185138955464, 25.261046157740935, 0.0 ], [ 110.141296203449585, 25.261238211077551, 0.0 ], [ 110.141404942375132, 25.26143790851296, 0.0 ], [ 110.141534699136358, 25.261627321134846, 0.0 ] ], [ [ 110.159989309365955, 25.259107662189777, 0.0 ], [ 110.15965303510113, 25.259231960978163, 0.0 ], [ 110.159321951052092, 25.259078665249536, 0.0 ], [ 110.159038009733848, 25.258830581830694, 0.0 ], [ 110.158754069570961, 25.258582497887179, 0.0 ], [ 110.15847013056333, 25.258334413419, 0.0 ], [ 110.158313446696908, 25.258036114810245, 0.0 ], [ 110.158172498167545, 25.257701767614307, 0.0 ], [ 110.158031550385843, 25.257367420288709, 0.0 ], [ 110.157890603351774, 25.257033072833462, 0.0 ], [ 110.157749657065338, 25.256698725248551, 0.0 ], [ 110.15770745866989, 25.25640633006654, 0.0 ], [ 110.158082180436992, 25.256296453315201, 0.0 ], [ 110.158457945174433, 25.256189468269543, 0.0 ], [ 110.158833709172555, 25.256082481936222, 0.0 ], [ 110.159122462077235, 25.256132901579804, 0.0 ], [ 110.15936040627399, 25.256295924990454, 0.0 ], [ 110.159571184812151, 25.256553371471135, 0.0 ], [ 110.159857089174579, 25.256619156394077, 0.0 ], [ 110.160175801081678, 25.256545899889634, 0.0 ], [ 110.160367311522748, 25.256858664114276, 0.0 ], [ 110.160579416478797, 25.257160244188647, 0.0 ], [ 110.160806591627534, 25.257452647294468, 0.0 ], [ 110.161051540973645, 25.257732840501777, 0.0 ], [ 110.161075206165094, 25.258070193506356, 0.0 ], [ 110.160803733697946, 25.258329561483951, 0.0 ], [ 110.160532260075726, 25.258588928923739, 0.0 ], [ 110.160260785298391, 25.25884829582569, 0.0 ], [ 110.159989309365955, 25.259107662189777, 0.0 ] ], [ [ 110.174144430588711, 25.254193069592443, 0.0 ], [ 110.17407853666829, 25.253973305068325, 0.0 ], [ 110.173810384724248, 25.253365500854709, 0.0 ], [ 110.173774916480909, 25.253169222205575, 0.0 ], [ 110.173769380547583, 25.252941592228296, 0.0 ], [ 110.1737637293284, 25.252713929125225, 0.0 ], [ 110.17380580827276, 25.252578256039161, 0.0 ], [ 110.174035687570154, 25.252498528673367, 0.0 ], [ 110.174158009298836, 25.252353047790802, 0.0 ], [ 110.174314334728493, 25.252531012511295, 0.0 ], [ 110.174488226160648, 25.252690412005325, 0.0 ], [ 110.174710753092285, 25.252794703337123, 0.0 ], [ 110.174954518954351, 25.252829898256127, 0.0 ], [ 110.17515443377296, 25.252855123754681, 0.0 ], [ 110.175251611959141, 25.25281024055688, 0.0 ], [ 110.175451876137743, 25.252721470487135, 0.0 ], [ 110.175601907935629, 25.252543199478904, 0.0 ], [ 110.175789496495966, 25.252516263366211, 0.0 ], [ 110.175878010855442, 25.252709466846518, 0.0 ], [ 110.176109392020237, 25.252651066772852, 0.0 ], [ 110.176308758803415, 25.252678199334596, 0.0 ], [ 110.176264114074058, 25.252901373935746, 0.0 ], [ 110.176211391494618, 25.253124058831414, 0.0 ], [ 110.176189862582447, 25.253350242240607, 0.0 ], [ 110.176181513829036, 25.253577903864592, 0.0 ], [ 110.176173165210727, 25.253805565485802, 0.0 ], [ 110.175926710145305, 25.253832880680338, 0.0 ], [ 110.17567715501157, 25.253830786945453, 0.0 ], [ 110.175443784707753, 25.253775554789932, 0.0 ], [ 110.175207551850832, 25.253733939888445, 0.0 ], [ 110.174998025677212, 25.253700800681532, 0.0 ], [ 110.174828234014129, 25.25355017748258, 0.0 ], [ 110.174613920535265, 25.253463640389445, 0.0 ], [ 110.174418061660958, 25.253550034554134, 0.0 ], [ 110.174244762273219, 25.253689720985243, 0.0 ], [ 110.174287185502777, 25.254113692708099, 0.0 ], [ 110.174144430588711, 25.254193069592443, 0.0 ] ], [ [ 110.149764379349236, 25.252020867323239, 0.0 ], [ 110.149634279603191, 25.251973287093545, 0.0 ], [ 110.149444631659549, 25.251994905604228, 0.0 ], [ 110.149255137183999, 25.252013739630147, 0.0 ], [ 110.149068816235854, 25.251974985519119, 0.0 ], [ 110.148882495413034, 25.251936231175858, 0.0 ], [ 110.148696174720513, 25.251897476580137, 0.0 ], [ 110.148509854146113, 25.251858721780732, 0.0 ], [ 110.148323680557326, 25.251819388375264, 0.0 ], [ 110.148137540217334, 25.251779924296173, 0.0 ], [ 110.147951833822532, 25.251738914203148, 0.0 ], [ 110.147767665013461, 25.251692425642865, 0.0 ], [ 110.147583496354144, 25.25164593684698, 0.0 ], [ 110.147399327903798, 25.251599447621803, 0.0 ], [ 110.147215159822935, 25.251552957440506, 0.0 ], [ 110.147033795119427, 25.251498209004744, 0.0 ], [ 110.146852859741074, 25.251442196123829, 0.0 ], [ 110.146674586632315, 25.251379672097929, 0.0 ], [ 110.146497366915028, 25.25131457195771, 0.0 ], [ 110.146322940923909, 25.251244721881957, 0.0 ], [ 110.146165025117909, 25.251146800424095, 0.0 ], [ 110.146007109567947, 25.251048878802681, 0.0 ], [ 110.145853494625612, 25.250945846627491, 0.0 ], [ 110.145708297995853, 25.250832810587838, 0.0 ], [ 110.14556464330137, 25.250718183660297, 0.0 ], [ 110.1454230974973, 25.250601380842003, 0.0 ], [ 110.145281551918771, 25.250484577939307, 0.0 ], [ 110.14517558676377, 25.250341749653924, 0.0 ], [ 110.145086231015611, 25.250188623234877, 0.0 ], [ 110.145025251234301, 25.250023887125828, 0.0 ], [ 110.1448765372471, 25.249933148771106, 0.0 ], [ 110.144748684451628, 25.249803990199695, 0.0 ], [ 110.144616507736146, 25.249678436493486, 0.0 ], [ 110.144484331292091, 25.249552882673978, 0.0 ], [ 110.144421992794221, 25.249418496569383, 0.0 ], [ 110.144284146864933, 25.249298090951079, 0.0 ], [ 110.144377559461361, 25.249202160071892, 0.0 ], [ 110.144599262804121, 25.248900782802576, 0.0 ], [ 110.144737160500995, 25.248780426750393, 0.0 ], [ 110.144875057926257, 25.248660070560383, 0.0 ], [ 110.14501437708708, 25.248541130991583, 0.0 ], [ 110.145158711220802, 25.248427188011739, 0.0 ], [ 110.145303044485686, 25.248313244252728, 0.0 ], [ 110.145443379076909, 25.248195316721688, 0.0 ], [ 110.145581275283703, 25.248074959955566, 0.0 ], [ 110.145719171275971, 25.24795460310548, 0.0 ], [ 110.145857066993585, 25.24783424611465, 0.0 ], [ 110.14599496241317, 25.247713888960728, 0.0 ], [ 110.146132857561327, 25.247593531669001, 0.0 ], [ 110.146270752438028, 25.247473174239474, 0.0 ], [ 110.14640864704333, 25.247352816672137, 0.0 ], [ 110.146538574131085, 25.247225418668311, 0.0 ], [ 110.146666890190687, 25.247096597188566, 0.0 ], [ 110.146797400157496, 25.246969714481946, 0.0 ], [ 110.146935293656099, 25.246849356368067, 0.0 ], [ 110.147073186883205, 25.246728998116406, 0.0 ], [ 110.147211079838897, 25.246608639726944, 0.0 ], [ 110.147348972523247, 25.246488281199703, 0.0 ], [ 110.147486864885266, 25.246367922486517, 0.0 ], [ 110.147624757004152, 25.246247563662244, 0.0 ], [ 110.147762648917151, 25.246127204762356, 0.0 ], [ 110.147900540558666, 25.24600684572469, 0.0 ], [ 110.14803843192891, 25.245886486549249, 0.0 ], [ 110.148176323027613, 25.245766127236028, 0.0 ], [ 110.148314213855045, 25.245645767785032, 0.0 ], [ 110.148452104410993, 25.245525408196269, 0.0 ], [ 110.148613549676895, 25.245459307111805, 0.0 ], [ 110.148803313822313, 25.245458618376887, 0.0 ], [ 110.148942103327613, 25.245560445889591, 0.0 ], [ 110.149079983782414, 25.245680804957516, 0.0 ], [ 110.149216859050156, 25.245802119528236, 0.0 ], [ 110.149363159304457, 25.245913354301972, 0.0 ], [ 110.149410461466374, 25.246054256623012, 0.0 ], [ 110.149302425544064, 25.246192971622389, 0.0 ], [ 110.149135539504428, 25.246272983467421, 0.0 ], [ 110.149007449204163, 25.246375776783445, 0.0 ], [ 110.148896197820264, 25.246461319259531, 0.0 ], [ 110.148860163497233, 25.246631076166409, 0.0 ], [ 110.148746173787686, 25.246701808133338, 0.0 ], [ 110.148604563887957, 25.246731981494719, 0.0 ], [ 110.148586615530093, 25.246905033909414, 0.0 ], [ 110.148634356751472, 25.247063968711672, 0.0 ], [ 110.148775371362746, 25.247173476117027, 0.0 ], [ 110.148949800198352, 25.247241852143176, 0.0 ], [ 110.149112044113991, 25.247328588716897, 0.0 ], [ 110.149300503575077, 25.247343498773933, 0.0 ], [ 110.149479808140399, 25.247283934231362, 0.0 ], [ 110.149601471086172, 25.247159782610101, 0.0 ], [ 110.149739410504381, 25.247063024285016, 0.0 ], [ 110.149923967742055, 25.24706539746958, 0.0 ], [ 110.150058252556974, 25.247030393870549, 0.0 ], [ 110.150244013043149, 25.247071255141037, 0.0 ], [ 110.150283918808555, 25.247189808054983, 0.0 ], [ 110.150335214501254, 25.247312732479298, 0.0 ], [ 110.150514672389548, 25.247274540423788, 0.0 ], [ 110.150692324075393, 25.247338646381436, 0.0 ], [ 110.150843483346137, 25.247240795686764, 0.0 ], [ 110.150982064268561, 25.247317093436322, 0.0 ], [ 110.151117943859475, 25.24743933207203, 0.0 ], [ 110.151252789930908, 25.247562503097182, 0.0 ], [ 110.151386078406887, 25.247687079246234, 0.0 ], [ 110.151519366745617, 25.247811655641854, 0.0 ], [ 110.151649106916096, 25.247939038361107, 0.0 ], [ 110.151766261865532, 25.248076374756369, 0.0 ], [ 110.151883416970435, 25.248213711137772, 0.0 ], [ 110.152000572117416, 25.248351047585412, 0.0 ], [ 110.152122523373293, 25.248484726615342, 0.0 ], [ 110.152250800228401, 25.24861358184129, 0.0 ], [ 110.152379077067167, 25.248742437196295, 0.0 ], [ 110.152507354918882, 25.248871291832881, 0.0 ], [ 110.152634675998215, 25.249000927722374, 0.0 ], [ 110.152761752500894, 25.249130763408704, 0.0 ], [ 110.152888829539592, 25.249260598774466, 0.0 ], [ 110.153015608336972, 25.249390669335842, 0.0 ], [ 110.153138865281946, 25.24952351597063, 0.0 ], [ 110.153256331151169, 25.249660072586565, 0.0 ], [ 110.153146243583706, 25.249763476140402, 0.0 ], [ 110.152983725478109, 25.249854955663789, 0.0 ], [ 110.15283312201224, 25.249961496320083, 0.0 ], [ 110.152852225437641, 25.250088880928139, 0.0 ], [ 110.152721115518531, 25.250196079654355, 0.0 ], [ 110.152574048699208, 25.250178150225281, 0.0 ], [ 110.152399178623114, 25.250217725129577, 0.0 ], [ 110.152216292085868, 25.25017052678561, 0.0 ], [ 110.152075879482751, 25.250131079730387, 0.0 ], [ 110.151943253093236, 25.250256195781354, 0.0 ], [ 110.151802195513923, 25.250373459872424, 0.0 ], [ 110.15165567887162, 25.250431264211212, 0.0 ], [ 110.151526225339126, 25.250426927632692, 0.0 ], [ 110.151389893942309, 25.250548752651131, 0.0 ], [ 110.15125938426641, 25.250675659914439, 0.0 ], [ 110.151131116864335, 25.250804524730565, 0.0 ], [ 110.150988486131993, 25.250911474924536, 0.0 ], [ 110.150860000791354, 25.251040160234464, 0.0 ], [ 110.150738675723375, 25.251174470225841, 0.0 ], [ 110.150615078035912, 25.251291110960107, 0.0 ], [ 110.150430970908232, 25.25132293752117, 0.0 ], [ 110.150257691835918, 25.251326661317901, 0.0 ], [ 110.150262406582016, 25.251500428954937, 0.0 ], [ 110.150267121333911, 25.251674196588134, 0.0 ], [ 110.150212526811217, 25.251835564007109, 0.0 ], [ 110.150202560041748, 25.252009148034531, 0.0 ], [ 110.149865858653044, 25.252105700835116, 0.0 ], [ 110.149764379349236, 25.252020867323239, 0.0 ] ] ] } }
]
}
